SALE TITLE,SESSION,HIP,COLOR,SEX,SIRE,DAM,SIRE OF DAM,PROPERTY LINE,PURCHASER,PRICE,PRIVATE SALE,YEAR OF BIRTH,FOALED,BARN,COVER DATE,CONSIGNOR NAME,SOLD AS DESCRIPTION,VIRTUAL INSPECTION
Eastern Fall Yearlings (2011),2011-10-04,1,B,C,ARTIE SCHILLER,EAGER FLYER,SILVER BUCK,WARRENDALE SALES AGENT II,KMA,20000,,2010-04-26,NEW JERSEY,A,,WARRENDALE SALES AGENT II,,
Eastern Fall Yearlings (2011),2011-10-04,2,GRR,C,CITY PLACE,EDISON LANES,SKIP AWAY,WARRENDALE SALES AGENT II,CIRCLE D THOROUGHBREDS,10000,,2010-03-18,NEW JERSEY,A,,WARRENDALE SALES AGENT II,,
Eastern Fall Yearlings (2011),2011-10-04,3,DKB,F,WHYWHYWHY,ELODIBELLE (FR),HERO'S HONOR,MARSHALL W. SILVERMAN AGENT,RONALD PUHL,3000,Y,2010-04-22,PENNSYLVANIA,I-J,,MARSHALL W. SILVERMAN AGENT,,
Eastern Fall Yearlings (2011),2011-10-04,4,B,F,A. P. WARRIOR,EMILY HA HA,BRIGHT LAUNCH,VINERY SALES AGENT FOR PEGASUS FARMS INC.,NOT SOLD,4700,,2010-04-19,NEW YORK,E-F,,VINERY SALES AGENT FOR PEGASUS FARMS INC.,,
Eastern Fall Yearlings (2011),2011-10-04,5,B,F,ROCK HARD TEN,EMMA MOMENTA,RAHY,WARRENDALE SALES AGENT IV,OUT,0,,2010-01-29,PENNSYLVANIA,A,,WARRENDALE SALES AGENT IV,,
Eastern Fall Yearlings (2011),2011-10-04,6,CH,C,LION HEART,ENDORSE,TWO PUNCH,MARSHALL W. SILVERMAN AGENT,NOT SOLD,9500,,2010-04-28,MARYLAND,I-J,,MARSHALL W. SILVERMAN AGENT,,
Eastern Fall Yearlings (2011),2011-10-04,7,B,F,ROMAN RULER,ENGAGING LINE,PHONE TRICK,PARAMOUNT SALES AGENT XII,JOHN SALZMAN JR,4000,,2010-02-14,KENTUCKY,J-K,,PARAMOUNT SALES AGENT XII,,
Eastern Fall Yearlings (2011),2011-10-04,8,GRR,C,TWO PUNCH,ENOUGH TOUGH,COX'S RIDGE,ALTHEA RICHARDS (GOSHEN FARM),NOT SOLD,9000,,2010-03-01,VIRGINIA,I,,ALTHEA RICHARDS (GOSHEN FARM),,
Eastern Fall Yearlings (2011),2011-10-04,9,DKB,F,READY'S IMAGE,EVANGEL,DANZIG,BILL REIGHTLER AGENT,EPONA FARM LLC,1000,,2010-04-23,VIRGINIA,C-D,,BILL REIGHTLER AGENT,,
Eastern Fall Yearlings (2011),2011-10-04,10,DKB,F,MAJESTIC WARRIOR,EVA'S MELODY,STORM CREEK,VAN METER SALES AGENT II,OUT,0,,2010-03-25,KENTUCKY,K,,VAN METER SALES AGENT II,,
Eastern Fall Yearlings (2011),2011-10-04,11,B,C,OUTFLANKER,EXCESSIVELYCASUAL,IN EXCESS (IRE),BECKY MERKEL AGENT,OUT,0,,2010-03-27,PENNSYLVANIA,K-L,,BECKY MERKEL AGENT,,
Eastern Fall Yearlings (2011),2011-10-04,12,B,F,SALUTE THE SARGE,EXPECT EXCELLENCE,PENTELICUS,MARSHALL W. SILVERMAN AGENT,ROBERT VAUGHAN,30000,,2010-04-11,NEW YORK,I-J,,MARSHALL W. SILVERMAN AGENT,,
Eastern Fall Yearlings (2011),2011-10-04,13,B,F,MAJESTIC WARRIOR,EXPRESS CHICK,HENNESSY,MARSHALL W. SILVERMAN AGENT,JOHN PATITUCCI,5700,,2010-01-17,KENTUCKY,I-J,,MARSHALL W. SILVERMAN AGENT,,
Eastern Fall Yearlings (2011),2011-10-04,14,B,C,POLITICAL FORCE,E Z BELLA,RED RANSOM,ALLIED BLOODSTOCK AGENT FOR BAYNE AND CHRISTINA WELKER & LOC,MARCUS RYAN,5000,,2010-04-08,PENNSYLVANIA,J-K,,ALLIED BLOODSTOCK AGENT FOR BAYNE AND CHRISTINA WELKER & LOC,,
Eastern Fall Yearlings (2011),2011-10-04,15,B,F,SALUTE THE SARGE,FALCON'S EYE,MUTAKDDIM,BILL REIGHTLER AGENT FOR LITTLE MAN FARM,ALL THE ABOVE RACING,5000,,2010-03-24,MARYLAND,C-D,,BILL REIGHTLER AGENT FOR LITTLE MAN FARM,,
Eastern Fall Yearlings (2011),2011-10-04,16,CH,F,NOT FOR LOVE,FASTRIA,FAST PLAY,CHARLTON (MR. & MRS. RICK ABBOTT) AGENT,NOT SOLD,23000,,2010-03-16,MARYLAND,J-K,,CHARLTON (MR. & MRS. RICK ABBOTT) AGENT,,
Eastern Fall Yearlings (2011),2011-10-04,17,GRR,F,OUTFLANKER,FAST WOMAN,WAQUOIT,CHANCELAND FARM AGENT FOR MARILYN DOETSCH,JOHN SALZMAN SR,4000,,2010-02-28,MARYLAND,B-C,,CHANCELAND FARM AGENT FOR MARILYN DOETSCH,,
Eastern Fall Yearlings (2011),2011-10-04,18,B,C,PROSPECT BAY,FIBS GALORE,COPELAN,BILL REIGHTLER AGENT FOR BLACK HORSE TAVERN LLC,OUT,0,,2010-03-20,WEST VIRGINIA,C-D,,BILL REIGHTLER AGENT FOR BLACK HORSE TAVERN LLC,,
Eastern Fall Yearlings (2011),2011-10-04,19,B,C,ECCLESIASTIC,FIDDLERS TRICK,MAZEL TRICK,CRANE THOROUGHBREDS AGENT,NOT SOLD,1000,,2010-03-19,PENNSYLVANIA,H,,CRANE THOROUGHBREDS AGENT,,
Eastern Fall Yearlings (2011),2011-10-04,20,B,F,LATENT HEAT,FINAL HUMOR,DISTORTED HUMOR,BILL REIGHTLER AGENT FOR SPRING MEADOW FARM,BARBARA J HOUCK,25000,,2010-03-11,MARYLAND,C-D,,BILL REIGHTLER AGENT FOR SPRING MEADOW FARM,,
Eastern Fall Yearlings (2011),2011-10-04,21,GRR,F,ALBERT THE GREAT,FINAL LOOK,HOLY BULL,BILL REIGHTLER AGENT,NOT SOLD,14000,,2010-03-21,PENNSYLVANIA,C-D,,BILL REIGHTLER AGENT,,
Eastern Fall Yearlings (2011),2011-10-04,22,CH,F,LATENT HEAT,FIVE STAR DREAM,TWO PUNCH,CANDYLAND,DANIEL J WUKICH,15000,,2010-04-24,MARYLAND,C,,CANDYLAND,,
Eastern Fall Yearlings (2011),2011-10-04,23,B,F,DOMESTIC DISPUTE,FLIRTATIOUS HEART,ALLEN'S PROSPECT,NORTHVIEW STALLION STATION (DAVID WADE) AGENT,NOT SOLD,1000,,2010-04-11,MARYLAND,A-B,,NORTHVIEW STALLION STATION (DAVID WADE) AGENT,,
Eastern Fall Yearlings (2011),2011-10-04,24,B,C,POMEROY,FLY BYE DANCER,FIRE DANCER,MARSHALL W. SILVERMAN AGENT,CARLOS MARTIN AGENT,43000,,2010-04-25,FLORIDA,I-J,,MARSHALL W. SILVERMAN AGENT,,
Eastern Fall Yearlings (2011),2011-10-04,25,CH,C,LANGFUHR,FOR FUN,NOT FOR LOVE,SUMMER WIND FARM AGENT,EQUUS FARMS II,32000,,2010-03-02,MARYLAND,B,,SUMMER WIND FARM AGENT,,
Eastern Fall Yearlings (2011),2011-10-04,26,DKB,C,SCAT DADDY,FORGET ABOUT IT (IRE),BE MY GUEST,WALNUT GREEN AGENT FOR SMART ANGLE LLC,OUT,0,,2010-03-27,PENNSYLVANIA,F,,WALNUT GREEN AGENT FOR SMART ANGLE LLC,,
Eastern Fall Yearlings (2011),2011-10-04,27,CH,C,FAIRBANKS,FORMALITIES ASIDE,AWESOME AGAIN,BECKY DAVIS INC. AGENT,JOHN PATITUCCI,9500,,2010-03-14,MARYLAND,A-B,,BECKY DAVIS INC. AGENT,,
Eastern Fall Yearlings (2011),2011-10-04,28,CH,F,STREET HERO,FORMIA,LANGFUHR,SCOTT VAN LAER AGENT,OUT,0,,2010-04-02,NEW YORK,E,,SCOTT VAN LAER AGENT,,
Eastern Fall Yearlings (2011),2011-10-04,29,B,C,HOOK AND LADDER,FOR MONEY,NOT FOR LOVE,CHARLTON (MR. & MRS. RICK ABBOTT) AGENT,OUT,0,,2010-01-20,PENNSYLVANIA,J-K,,CHARLTON (MR. & MRS. RICK ABBOTT) AGENT,,
Eastern Fall Yearlings (2011),2011-10-04,30,CH,F,EDDINGTON,FROM TIME TO TIME,RAHY,HARRY L. LANDRY BLOODSTOCK LLC AGENT,JACK KNOWLTON,25000,,2010-04-28,NEW YORK,F-G,,HARRY L. LANDRY BLOODSTOCK LLC AGENT,,
Eastern Fall Yearlings (2011),2011-10-04,31,B,F,BUSTIN STONES,FUTURE STARLET,THEATRICAL (IRE),HIGHCLERE SALES AGENT X,OUT,0,,2010-05-26,NEW YORK,D,,HIGHCLERE SALES AGENT X,,
Eastern Fall Yearlings (2011),2011-10-04,32,B,F,GRAND SLAM,GAL'S VICTORY,VICTORY GALLOP,BILL REIGHTLER AGENT,JOHN SALZMAN JR,3000,,2010-01-13,VIRGINIA,C-D,,BILL REIGHTLER AGENT,,
Eastern Fall Yearlings (2011),2011-10-04,33,CH,F,MAJESTIC WARRIOR,GIANT LEAP,GIANT'S CAUSEWAY,BLUEWATER SALES LLC AGENT LI,OUT,0,,2010-04-16,NEW YORK,E,,BLUEWATER SALES LLC AGENT LI,,
Eastern Fall Yearlings (2011),2011-10-04,34,B,C,FREUD,GIFT FOR THE LADY,PENTELICUS,PAULS MILL BLOODSTOCK AGENT,LINDA RICE,35000,,2010-05-15,NEW YORK,E,,PAULS MILL BLOODSTOCK AGENT,,
Eastern Fall Yearlings (2011),2011-10-04,35,DKB,F,DISCREET CAT,GIPSY LIMITS,LIMIT OUT,PARAMOUNT SALES AGENT IX,TOP BOARD,5000,,2010-02-06,NEW YORK,J-K,,PARAMOUNT SALES AGENT IX,,
Eastern Fall Yearlings (2011),2011-10-04,36,CH,F,SENOR SWINGER,GLOUCESTER STAGE,ALLEN'S PROSPECT,BECKY MERKEL AGENT,OUT,0,,2010-02-06,PENNSYLVANIA,K-L,,BECKY MERKEL AGENT,,
Eastern Fall Yearlings (2011),2011-10-04,37,B,F,LOVE OF MONEY,G. O'KEEFE,SMARTEN,BECKY DAVIS INC. AGENT,CLOVER HILL RACING LLC,10000,,2010-03-22,MARYLAND,A-B,,BECKY DAVIS INC. AGENT,,
Eastern Fall Yearlings (2011),2011-10-04,38,CH,F,CATIENUS,GOLDEN KITTY,CARSON CITY,PARAMOUNT SALES AGENT XII,LA THOROUGHBREDS,3500,Y,2010-03-13,KENTUCKY,J-K,,PARAMOUNT SALES AGENT XII,,
Eastern Fall Yearlings (2011),2011-10-04,39,DKB,F,CITY ZIP,GOSH ALL GET OUT,D'ACCORD,HIGHCLERE SALES AGENT FOR AKINDALE FARM LLC,EDWARD LOTRUGLIO,5000,,2010-03-12,NEW YORK,D,,HIGHCLERE SALES AGENT FOR AKINDALE FARM LLC,,
Eastern Fall Yearlings (2011),2011-10-04,40,DKB,F,RAFFIE'S MAJESTY,GOSPEL,SAINT BALLADO,VINERY SALES AGENT FOR WELLSPRING STABLES LLC,OUT,0,,2010-05-23,NEW YORK,E-F,,VINERY SALES AGENT FOR WELLSPRING STABLES LLC,,
Eastern Fall Yearlings (2011),2011-10-04,41,B,C,LION HEART,GRANDESTOFALL,GRAND SLAM,MARSHALL W. SILVERMAN AGENT,CARY FROMMER,20000,Y,2010-02-25,KENTUCKY,I-J,,MARSHALL W. SILVERMAN AGENT,,
Eastern Fall Yearlings (2011),2011-10-04,42,DKB,F,POMEROY,GROOMING,RUNAWAY GROOM,VINERY SALES AGENT,TIM SALZMAN,1000,,2010-03-05,NEW YORK,E-F,,VINERY SALES AGENT,,
Eastern Fall Yearlings (2011),2011-10-04,43,GRR,C,LION HEARTED,GUESS,TWINING,MARSHALL W. SILVERMAN AGENT FOR FOXHARBOR FARM,DIANNE L STERN,5000,,2010-05-08,MARYLAND,I-J,,MARSHALL W. SILVERMAN AGENT FOR FOXHARBOR FARM,,
Eastern Fall Yearlings (2011),2011-10-04,44,GRR,F,TWO PUNCH,GYPSY EYES,ALPHABET SOUP,MARSHALL W. SILVERMAN AGENT FOR CORBETT FARM,OUT,0,,2010-03-09,MARYLAND,I-J,,MARSHALL W. SILVERMAN AGENT FOR CORBETT FARM,,
Eastern Fall Yearlings (2011),2011-10-04,45,DKB,F,MINGUN,HAIRDO,MILLENNIUM WIND,DARBY DAN FARM AGENT,NOT SOLD,4500,,2010-01-30,KENTUCKY,I,,DARBY DAN FARM AGENT,,
Eastern Fall Yearlings (2011),2011-10-04,46,B,F,READ THE FOOTNOTES,HALEY'S LASS,FAVORITE TRICK,RHAPSODY FARM LLC/HIDDEN LAKE FARM LLC AGENTS,OUT,0,,2010-05-23,NEW YORK,G,,RHAPSODY FARM LLC/HIDDEN LAKE FARM LLC AGENTS,,
Eastern Fall Yearlings (2011),2011-10-04,47,DKB,C,MIDNIGHT LUTE,HALLOW WEAN,CLEVER TRICK,CANDYLAND,MICHAEL W UELTZEN,95000,,2010-02-09,PENNSYLVANIA,C,,CANDYLAND,,
Eastern Fall Yearlings (2011),2011-10-04,48,B,C,ST AVERIL,HAMSEH,DANZIG,DARBY DAN FARM AGENT,NOT SOLD,9000,,2010-03-30,MARYLAND,I,,DARBY DAN FARM AGENT,,
Eastern Fall Yearlings (2011),2011-10-04,49,CH,F,E DUBAI,HAPPY NUMBERS,POLISH NUMBERS,MARATHON FARMS,AURORA SPRINGS STABLE,3000,,2010-04-04,MARYLAND,D,,MARATHON FARMS,,
Eastern Fall Yearlings (2011),2011-10-04,50,B,F,SIGHTSEEING,HAPPY SCENE,DEHERE,MARSHALL W. SILVERMAN AGENT FOR PENNLAND FARM,JAMES SCHENCK AGENT,22000,,2010-04-02,PENNSYLVANIA,I-J,,MARSHALL W. SILVERMAN AGENT FOR PENNLAND FARM,,
Eastern Fall Yearlings (2011),2011-10-04,51,B,F,MIRACLE MAN,HEART THAT'S TRUE,TWINING,MARSHALL W. SILVERMAN AGENT MIRACLE MAN RACING PARTNERS LLC,NOT SOLD,1000,,2010-05-22,NEW YORK,I-J,,MARSHALL W. SILVERMAN AGENT MIRACLE MAN RACING PARTNERS LLC,,
Eastern Fall Yearlings (2011),2011-10-04,52,CH,F,CORINTHIAN,HEDGE RATIO,UNBRIDLED,MARSHALL W. SILVERMAN AGENT,CAL LYNCH,7000,,2010-02-12,MARYLAND,I-J,,MARSHALL W. SILVERMAN AGENT,,
Eastern Fall Yearlings (2011),2011-10-04,53,CH,F,FORESTRY,HEIR TO THE QUEEN,KING OF KINGS (IRE),SALLY THOMAS AGENT FOR RICH MEADOW FARM,JOHN SALZMAN SR,5000,Y,2010-03-09,KENTUCKY,I,,SALLY THOMAS AGENT FOR RICH MEADOW FARM,,
Eastern Fall Yearlings (2011),2011-10-04,54,B,F,DISCO RICO,HERB'S PROSPECT,CLAIM,HARRY L. LANDRY BLOODSTOCK LLC AGENT,NOT SOLD,4500,,2010-02-25,NEW YORK,F-G,,HARRY L. LANDRY BLOODSTOCK LLC AGENT,,
Eastern Fall Yearlings (2011),2011-10-04,55,B,C,GRAND SLAM,HEY DARLA,EVANSVILLE SLEW,VINERY SALES AGENT,AL GOLD,145000,,2010-03-23,NEW YORK,E-F,,VINERY SALES AGENT,,
Eastern Fall Yearlings (2011),2011-10-04,56,DKB,F,PARTNER'S HERO,HILL KEYS,TEN KEYS,BILL REIGHTLER AGENT FOR LICKITYSPLIT SERVICES,SAMUEL CRONK,3000,,2010-05-10,PENNSYLVANIA,C-D,,BILL REIGHTLER AGENT FOR LICKITYSPLIT SERVICES,,
Eastern Fall Yearlings (2011),2011-10-04,57,B,C,PARTNER'S HERO,HOLLY JOLLY,HORATIUS,THORNMAR FARM LLC,KMA,3200,,2010-05-06,MARYLAND,I,,THORNMAR FARM LLC,,
Eastern Fall Yearlings (2011),2011-10-04,58,B,F,ELUSIVE QUALITY,HOLY MISS,HOLY BULL,BACCARI BLOODSTOCK LLC AGENT I,NOT SOLD,85000,,2010-04-15,KENTUCKY,J,,BACCARI BLOODSTOCK LLC AGENT I,,
Eastern Fall Yearlings (2011),2011-10-04,59,B,C,SUCCESSFUL APPEAL,HOPE'S FOLLY,VICTORY GALLOP,DARBY DAN FARM AGENT,DAVID A ROSS,50000,,2010-03-09,PENNSYLVANIA,I,,DARBY DAN FARM AGENT,,
Eastern Fall Yearlings (2011),2011-10-04,60,B,F,CORINTHIAN,HOT GOLDEN JET,A. P JET,VINERY SALES AGENT,OUT,0,,2010-04-25,NEW YORK,E-F,,VINERY SALES AGENT,,
Eastern Fall Yearlings (2011),2011-10-04,61,B,C,PERFORMING MAGIC,HOT GOSSIP,JAVA GOLD,VINERY SALES AGENT,NOT SOLD,9000,,2010-04-30,NEW YORK,E-F,,VINERY SALES AGENT,,
Eastern Fall Yearlings (2011),2011-10-04,62,DKB,C,DANCE WITH RAVENS,HOW 'BOUT CHRIS,UNBRIDLED,CARY FROMMER AGENT FOR TIMBER BAY (PHASE II OF COMPLETE DISP,GUADALUPE PRECIADO,6500,,2010-04-16,MARYLAND,D,,CARY FROMMER AGENT FOR TIMBER BAY (PHASE II OF COMPLETE DISP,,
Eastern Fall Yearlings (2011),2011-10-04,63,B,C,SUAVE,HUSSY,UNACCOUNTED FOR,HIGHCLERE SALES AGENT FOR AKINDALE FARM LLC,EDMOND GAUDET,4700,,2010-05-11,NEW YORK,D,,HIGHCLERE SALES AGENT FOR AKINDALE FARM LLC,,
Eastern Fall Yearlings (2011),2011-10-04,64,DKB,F,UNBRIDLED'S SONG,HIGH HEELED HOPE,SALT LAKE,PARAMOUNT SALES AGENT XVI,NOT SOLD,145000,,2010-02-14,KENTUCKY,J-K,,PARAMOUNT SALES AGENT XVI,,
Eastern Fall Yearlings (2011),2011-10-04,65,DKB,C,SUNRIVER,IBETYOUWISHYOUKNEW,MR. GREELEY,VINERY SALES AGENT,VINERY BLOODSTOCK,20000,,2010-03-14,NEW YORK,E-F,,VINERY SALES AGENT,,
Eastern Fall Yearlings (2011),2011-10-04,66,CH,C,WILD DESERT,IDLE DAY,IDE,MCMAHON OF SARATOGA THOROUGHBREDS LLC AGENT,HORACE M PARKER,1000,,2010-04-02,NEW YORK,F-G,,MCMAHON OF SARATOGA THOROUGHBREDS LLC AGENT,,
Eastern Fall Yearlings (2011),2011-10-04,67,B,F,VAN NISTELROOY,ILLUSIVE NOTE,DIXIELAND BAND,HEART HILL FARMS LLC AGENT,D J ROSE,2300,,2010-05-14,PENNSYLVANIA,K,,HEART HILL FARMS LLC AGENT,,
Eastern Fall Yearlings (2011),2011-10-04,68,B,F,FAIRBANKS,I LOVE TO FLY,NOT FOR LOVE,NORTHVIEW STALLION STATION (DAVID WADE) AGENT,GPH LLC,45000,,2010-02-12,PENNSYLVANIA,A-B,,NORTHVIEW STALLION STATION (DAVID WADE) AGENT,,
Eastern Fall Yearlings (2011),2011-10-04,69,CH,F,SUNRIVER,I'M SO CLASSY,DIXIE BRASS,DARBY DAN FARM AGENT FOR PUCKER RIDGE FARM LLC (LOIS ENGEL),NOT SOLD,2700,,2010-04-20,NEW YORK,I,,DARBY DAN FARM AGENT FOR PUCKER RIDGE FARM LLC (LOIS ENGEL),,
Eastern Fall Yearlings (2011),2011-10-04,70,B,F,DEPUTY STORM,INDIAN HEAD PENNY,WAQUOIT,BECKY DAVIS INC. AGENT,JOHN SALZMAN JR,19500,,2010-03-13,MARYLAND,A-B,,BECKY DAVIS INC. AGENT,,
Eastern Fall Yearlings (2011),2011-10-04,71,CH,F,GHOSTZAPPER,INDY GOLD,A.P. INDY,ALLIED BLOODSTOCK AGENT I,AURORA SPRINGS STABLE,16000,,2010-03-08,PENNSYLVANIA,J-K,,ALLIED BLOODSTOCK AGENT I,,
Eastern Fall Yearlings (2011),2011-10-04,72,DKB,F,HOOK AND LADDER,INNSEATTLE,SEATTLE SLEET,AVANDELLE FARM AGENT,OUT,0,,2010-05-10,NEW YORK,H,,AVANDELLE FARM AGENT,,
Eastern Fall Yearlings (2011),2011-10-04,73,DKB,F,LOVE OF MONEY,INSIDE STORY,MOSCOW BALLET,MARSHALL W. SILVERMAN AGENT FOR WINTICKETT FARM LLC,CLUB RISQUE STABLE,3000,,2010-04-11,PENNSYLVANIA,I-J,,MARSHALL W. SILVERMAN AGENT FOR WINTICKETT FARM LLC,,
Eastern Fall Yearlings (2011),2011-10-04,74,GRR,F,VALUE PLUS,INTERESTING LADY,LORD AT WAR (ARG),PAULS MILL BLOODSTOCK AGENT,ROBERT A BRANDT,9000,,2010-04-01,NEW YORK,E,,PAULS MILL BLOODSTOCK AGENT,,
Eastern Fall Yearlings (2011),2011-10-04,75,B,C,PURGE,IRISH BRIDE,SLIGO BAY (IRE),CANDYLAND AGENT I,NOT SOLD,6000,,2010-02-14,MARYLAND,C,,CANDYLAND AGENT I,,
Eastern Fall Yearlings (2011),2011-10-04,76,CH,C,MASTER COMMAND,JADE ASPEN,JADE HUNTER,SALLY THOMAS AGENT I,NOT SOLD,20000,,2010-02-04,KENTUCKY,I,,SALLY THOMAS AGENT I,,
Eastern Fall Yearlings (2011),2011-10-04,77,B,C,ZANJERO,JAMIE O EIGHT,FAR OUT EAST,MARSHALL W. SILVERMAN AGENT FOR PENNLAND FARM,NOT SOLD,4500,,2010-02-28,PENNSYLVANIA,I-J,,MARSHALL W. SILVERMAN AGENT FOR PENNLAND FARM,,
Eastern Fall Yearlings (2011),2011-10-04,78,DKB,F,SUN KING,JANE LOUISE,BROAD BRUSH,MARY LYNN FARM & DARBY DAN FARM,EPONA FARM LLC,2200,,2010-04-21,VIRGINIA,H,,MARY LYNN FARM & DARBY DAN FARM,,
Eastern Fall Yearlings (2011),2011-10-04,79,B,C,JOHANNESBURG,JANUARY ANGEL,CARSON CITY,DARBY DAN FARM AGENT FOR PUCKER RIDGE FARM ET AL,FRANCIS J PAOLANGELI,40000,,2010-02-25,NEW YORK,I,,DARBY DAN FARM AGENT FOR PUCKER RIDGE FARM ET AL,,
Eastern Fall Yearlings (2011),2011-10-04,80,DKB,C,WAR PASS,JARAMAR MISS,RISEN STAR,WARRENDALE SALES AGENT IV,NEW YORK ONE,72000,,2010-02-25,NEW YORK,A,,WARRENDALE SALES AGENT IV,,
Eastern Fall Yearlings (2011),2011-10-04,81,CH,F,FREUD,JAZZY DISCOVERY,REGAL DISCOVERY,VINERY SALES AGENT,NOT SOLD,25000,,2010-05-20,NEW YORK,E-F,,VINERY SALES AGENT,,
Eastern Fall Yearlings (2011),2011-10-04,82,CH,C,GIANT'S CAUSEWAY,JELANI,SMARTY JONES,NORTHVIEW STALLION STATION (DAVID WADE) AGENT,NOT SOLD,65000,,2010-03-27,KENTUCKY,A-B,,NORTHVIEW STALLION STATION (DAVID WADE) AGENT,,
Eastern Fall Yearlings (2011),2011-10-04,83,CH,C,GRAND SLAM,JENNYMEG,HOUSEBUSTER,FREEDOM FARM THOROUGHBREDS,DAVID MCKATHAN,5000,,2010-03-17,PENNSYLVANIA,E,,FREEDOM FARM THOROUGHBREDS,,
Eastern Fall Yearlings (2011),2011-10-04,84,CH,G,SKY CLASSIC,JEWEL OF THE EAST,KRIS S.,CHARLTON (MR. & MRS. RICK ABBOTT) AGENT,EDMOND GAUDET,5000,,2010-06-07,MARYLAND,J-K,,CHARLTON (MR. & MRS. RICK ABBOTT) AGENT,,
Eastern Fall Yearlings (2011),2011-10-04,85,B,F,POSSE,JOLIE'S JULIA,WEST BY WEST,FREEDOM FARM THOROUGHBREDS,NOT SOLD,20000,,2010-01-30,PENNSYLVANIA,E,,FREEDOM FARM THOROUGHBREDS,,
Eastern Fall Yearlings (2011),2011-10-04,86,CH,C,CORINTHIAN,JOULED RHYTHMS,SILVER DEPUTY,RHAPSODY FARM LLC/HIDDEN LAKE FARM LLC AGENTS,CAL LYNCH,15000,,2010-04-10,NEW YORK,G,,RHAPSODY FARM LLC/HIDDEN LAKE FARM LLC AGENTS,,
Eastern Fall Yearlings (2011),2011-10-04,87,GRR,F,UTOPIA (JPN),JOYFUL PAT,NORTHERN JOVE,MCMAHON OF SARATOGA THOROUGHBREDS LLC AGENT,NOT SOLD,3000,,2010-02-27,NEW YORK,F-G,,MCMAHON OF SARATOGA THOROUGHBREDS LLC AGENT,,
Eastern Fall Yearlings (2011),2011-10-04,88,DKB,F,HEATSEEKER (IRE),JOYJOYJOY,SMART STRIKE,ALLIED BLOODSTOCK AGENT FOR BAYNE AND CHRISTINA WELKER,SOVEREIGN STABLE INC,95000,,2010-03-31,NEW YORK,J-K,,ALLIED BLOODSTOCK AGENT FOR BAYNE AND CHRISTINA WELKER,,
Eastern Fall Yearlings (2011),2011-10-04,89,DKB,C,SCAT DADDY,JU JU BEAN,SIPHON (BRZ),MARSHALL W. SILVERMAN AGENT,BRADLEY THOROUGHBREDS LLC,30000,,2010-05-21,WEST VIRGINIA,I-J,,MARSHALL W. SILVERMAN AGENT,,
Eastern Fall Yearlings (2011),2011-10-04,90,DKB,C,BERNSTEIN,JUNGLE QUEEN,UNBRIDLED,CHARLTON (MR. & MRS. RICK ABBOTT) AGENT FOR AUDLEY FARM EQUI,ROBERT BAILES AGENT,21000,,2010-04-27,VIRGINIA,J-K,,CHARLTON (MR. & MRS. RICK ABBOTT) AGENT FOR AUDLEY FARM EQUI,,
Eastern Fall Yearlings (2011),2011-10-04,91,DKB,F,DEFER,JUPITER HOLLOW,SALT LAKE,ALLIED BLOODSTOCK AGENT FOR SETH GREGORY & PHILLIP TROWBRIDG,TIM SALZMAN,3000,,2010-04-01,NEW YORK,J-K,,ALLIED BLOODSTOCK AGENT FOR SETH GREGORY & PHILLIP TROWBRIDG,,
Eastern Fall Yearlings (2011),2011-10-04,92,CH,F,STEPHEN GOT EVEN,KABILI STAR,HOUSEBUSTER,HEART HILL FARMS LLC,DANIEL J WUKICH,20000,,2010-04-30,PENNSYLVANIA,K,,HEART HILL FARMS LLC,,
Eastern Fall Yearlings (2011),2011-10-04,93,DKB,C,FAIRBANKS,KARAKORUM KAREN,REAL QUIET,MARSHALL W. SILVERMAN AGENT,JOHN BROCKLEBANK AGENT,37000,,2010-04-07,NEW YORK,I-J,,MARSHALL W. SILVERMAN AGENT,,
Eastern Fall Yearlings (2011),2011-10-04,94,CH,C,FREUD,KHE SANH,TACTICAL CAT,CHRISTINA PAPPALARDO AGENT,OUT,0,,2010-05-22,NEW YORK,L,,CHRISTINA PAPPALARDO AGENT,,
Eastern Fall Yearlings (2011),2011-10-04,95,DKB,F,WILD DESERT,KIMMIE SUE JR.,ALLEN'S PROSPECT,MCMAHON OF SARATOGA THOROUGHBREDS LLC AGENT,KENYON G FURLONG,1800,,2010-03-19,NEW YORK,F-G,,MCMAHON OF SARATOGA THOROUGHBREDS LLC AGENT,,
Eastern Fall Yearlings (2011),2011-10-04,96,DKB,F,SCAT DADDY,KISS THE BREEZE,KAFWAIN,ALLIED BLOODSTOCK AGENT I,C DOG LLC,40000,,2010-03-23,PENNSYLVANIA,J-K,,ALLIED BLOODSTOCK AGENT I,,
Eastern Fall Yearlings (2011),2011-10-04,97,B,C,FAIRBANKS,KNOCK OUT QUEEN,TWO PUNCH,NORTHVIEW STALLION STATION (DAVID WADE) AGENT,JOHN SALZMAN JR,6000,,2010-02-04,PENNSYLVANIA,A-B,,NORTHVIEW STALLION STATION (DAVID WADE) AGENT,,
Eastern Fall Yearlings (2011),2011-10-04,98,CH,C,SIPHON (BRZ),KYRENIA,WAQUOIT,MARSHALL W. SILVERMAN AGENT,ROBIN L GRAHAM,1500,,2010-04-22,PENNSYLVANIA,I-J,,MARSHALL W. SILVERMAN AGENT,,
Eastern Fall Yearlings (2011),2011-10-04,99,DKB,C,YES IT'S TRUE,LADY CHIP,DIXIE UNION,CHARLTON (MR. & MRS. RICK ABBOTT) AGENT FOR AUDLEY FARM EQUI,HARRY WEISLEDER,15000,,2010-02-11,VIRGINIA,J-K,,CHARLTON (MR. & MRS. RICK ABBOTT) AGENT FOR AUDLEY FARM EQUI,,
Eastern Fall Yearlings (2011),2011-10-04,100,CH,C,SPEIGHTSTOWN,LADY JULIA,TABASCO CAT,MARSHALL W. SILVERMAN AGENT,DAVID A ROSS,55000,,2010-02-17,MARYLAND,I-J,,MARSHALL W. SILVERMAN AGENT,,
Eastern Fall Yearlings (2011),2011-10-04,101,GRR,C,EXCHANGE RATE,LADY SILVERROD,MARQUETRY,CHARLTON (MR. & MRS. RICK ABBOTT) AGENT,DANIEL J WUKICH,55000,,2010-03-28,PENNSYLVANIA,J-K,,CHARLTON (MR. & MRS. RICK ABBOTT) AGENT,,
Eastern Fall Yearlings (2011),2011-10-04,102,B,F,INDYGO SHINER,LA GATITA,TALE OF THE CAT,CHANCELAND FARM AGENT,NOT SOLD,12000,,2010-04-27,MARYLAND,B-C,,CHANCELAND FARM AGENT,,
Eastern Fall Yearlings (2011),2011-10-04,103,DKB,F,GRIFFINITE,LA JEFA,GRINDSTONE,MONHILL FARM LLC,NOT SOLD,1000,,2010-03-19,NEW YORK,H,,MONHILL FARM LLC,,
Eastern Fall Yearlings (2011),2011-10-04,104,B,C,HARLAN'S HOLIDAY,LANTERN GLOW,MINESHAFT,HIGHCLERE SALES AGENT VI,M & M RACING STABLE,5000,Y,2010-03-02,KENTUCKY,D,,HIGHCLERE SALES AGENT VI,,
Eastern Fall Yearlings (2011),2011-10-04,105,DKB,F,RIMROD,LAST VALENTINE,DEVIL HIS DUE,DERRY MEETING FARM AGENT,OUT,0,,2010-05-03,PENNSYLVANIA,J,,DERRY MEETING FARM AGENT,,
Eastern Fall Yearlings (2011),2011-10-04,106,B,F,FOREST DANGER,LEFT LANE LORRAIN,RHODES,TOP LINE SALES AGENT,WENDI STARRITT GRAHAM,1200,,2010-03-16,PENNSYLVANIA,L,,TOP LINE SALES AGENT,,
Eastern Fall Yearlings (2011),2011-10-04,107,B,F,READ THE FOOTNOTES,LESLIE'S VALENTINE,GATE DANCER,BECKY MERKEL AGENT,EQB INC AGENT,20000,,2010-02-23,NEW YORK,K-L,,BECKY MERKEL AGENT,,
Eastern Fall Yearlings (2011),2011-10-04,108,B,F,JUMP START,LETTER TO AMERICA,QUIET AMERICAN,SALLY THOMAS AGENT FOR ASHLEIGH STUD FARM,BEN MONDELLO SCOTT LAKE AGT,6000,,2010-01-23,KENTUCKY,I,,SALLY THOMAS AGENT FOR ASHLEIGH STUD FARM,,
Eastern Fall Yearlings (2011),2011-10-04,109,B,F,READ THE FOOTNOTES,LIGHTBEAM,RUBIANO,HARRY L. LANDRY BLOODSTOCK LLC AGENT,NOT SOLD,9000,,2010-05-28,NEW YORK,F-G,,HARRY L. LANDRY BLOODSTOCK LLC AGENT,,
Eastern Fall Yearlings (2011),2011-10-04,110,B,C,ANDROMEDA'S HERO,LIGHTMYWAYHOME,HANSEL,HARRY L. LANDRY BLOODSTOCK LLC AGENT FOR PUCKER RIDGE FARM (,NEW YORK ONE,9000,,2010-03-17,NEW YORK,F-G,,HARRY L. LANDRY BLOODSTOCK LLC AGENT FOR PUCKER RIDGE FARM (,,
Eastern Fall Yearlings (2011),2011-10-04,111,CH,F,STRONG CONTENDER,LILLYATTHEHELM,HELMSMAN,VINERY SALES AGENT FOR PEGASUS FARMS INC.,NOT SOLD,4500,,2010-05-17,NEW YORK,E-F,,VINERY SALES AGENT FOR PEGASUS FARMS INC.,,
Eastern Fall Yearlings (2011),2011-10-04,112,CH,C,UTOPIA (JPN),LINDA BRITT,CORMORANT,MCMAHON OF SARATOGA THOROUGHBREDS LLC AGENT,NOT SOLD,7000,,2010-04-27,NEW YORK,F-G,,MCMAHON OF SARATOGA THOROUGHBREDS LLC AGENT,,
Eastern Fall Yearlings (2011),2011-10-04,114,B,F,MUTAKDDIM,LIVING COLOR,SUMMER SQUALL,HEART HILL FARMS LLC AGENT,CHRISTOPHER D HERMAN,25000,,2010-02-28,PENNSYLVANIA,K,,HEART HILL FARMS LLC AGENT,,
Eastern Fall Yearlings (2011),2011-10-04,115,CH,C,BROKEN VOW,LOVING LUCY,LYCIUS,MARSHALL W. SILVERMAN AGENT,EQUUS FARM II,12000,,2010-03-11,KENTUCKY,I-J,,MARSHALL W. SILVERMAN AGENT,,
Eastern Fall Yearlings (2011),2011-10-04,116,B,C,OFFICER,LOYAL FAN,LEAR FAN,CHANCELAND FARM AGENT FOR SMITTEN FARM,JOHN SALZMAN JR,6000,,2010-04-03,VIRGINIA,B-C,,CHANCELAND FARM AGENT FOR SMITTEN FARM,,
Eastern Fall Yearlings (2011),2011-10-04,117,DKB,C,LOVE OF MONEY,LUCKY BRIDLE,UNBRIDLED JET,SUMMER WIND FARM AGENT FOR BLACK FOX FARM,JO ANN SMITH,5000,,2010-04-03,MARYLAND,B,,SUMMER WIND FARM AGENT FOR BLACK FOX FARM,,
Eastern Fall Yearlings (2011),2011-10-04,118,DKB,C,HARD SPUN,LUCKY LAVENDER GAL,CARSON CITY,PARAMOUNT SALES AGENT XV,BRADLEY THOROUGHBREDS LLC,200000,,2010-02-24,KENTUCKY,J-K,,PARAMOUNT SALES AGENT XV,,
Eastern Fall Yearlings (2011),2011-10-04,119,CH,C,AFLEET ALEX,LUCKY LEFTY,BOUNDARY,CHARLTON (MR. & MRS. RICK ABBOTT) AGENT FOR CJZ RACING & TIM,JOSEPH IMBESI,20000,,2010-02-01,PENNSYLVANIA,J-K,,CHARLTON (MR. & MRS. RICK ABBOTT) AGENT FOR CJZ RACING & TIM,,
Eastern Fall Yearlings (2011),2011-10-04,120,B,F,YES IT'S TRUE,LUCKY MONKEY,REAL QUIET,MARSHALL W. SILVERMAN AGENT FOR WINTICKETT FARM LLC,OUT,0,,2010-03-12,PENNSYLVANIA,I-J,,MARSHALL W. SILVERMAN AGENT FOR WINTICKETT FARM LLC,,
Eastern Fall Yearlings (2011),2011-10-04,121,B,F,GRAND SLAM,LUNACHICK,PARTNER'S HERO,NORTHVIEW STALLION STATION (DAVID WADE) AGENT,EQUINE INVESTMENT GROUP LLC,14000,,2010-04-30,MARYLAND,A-B,,NORTHVIEW STALLION STATION (DAVID WADE) AGENT,,
Eastern Fall Yearlings (2011),2011-10-04,122,GRR,F,EXCHANGE RATE,MADAM MOYRA,SEATTLE SLEW,SALLY THOMAS AGENT,BARLAR LLC,75000,,2010-04-17,PENNSYLVANIA,I,,SALLY THOMAS AGENT,,
Eastern Fall Yearlings (2011),2011-10-04,123,DKB,F,READY'S IMAGE,MAGICAL CHASE,NORTHERN BABY,BILL REIGHTLER AGENT,GENE HARTSON,2000,,2010-03-04,WEST VIRGINIA,C-D,,BILL REIGHTLER AGENT,,
Eastern Fall Yearlings (2011),2011-10-04,124,CH,F,EVEN THE SCORE,MAGSTER,HOUSTON,HEART HILL FARMS LLC,KAREN BENSHOFF,11000,,2010-04-18,PENNSYLVANIA,K,,HEART HILL FARMS LLC,,
Eastern Fall Yearlings (2011),2011-10-04,125,GRR,C,XCHANGER,MAIDEN OF HONOR,HIGH BRITE,BECKY MERKEL AGENT,TIM SALZMAN,3500,,2010-01-08,MARYLAND,K-L,,BECKY MERKEL AGENT,,
Eastern Fall Yearlings (2011),2011-10-04,126,B,F,WEIGELIA,MALIBU MYSTIQUE,MALIBU MOON,BILL REIGHTLER AGENT,JOHN SALZMAN JR,7500,,2010-03-07,MARYLAND,C-D,,BILL REIGHTLER AGENT,,
Eastern Fall Yearlings (2011),2011-10-04,127,B,F,ARTIE SCHILLER,MAMA RHODA,DYNAFORMER,CARY FROMMER AGENT FOR TIMBER BAY (PHASE II OF COMPLETE DISP,ALEXANDRA WHITE,10000,,2010-05-05,KENTUCKY,D,,CARY FROMMER AGENT FOR TIMBER BAY (PHASE II OF COMPLETE DISP,,
Eastern Fall Yearlings (2011),2011-10-04,128,CH,F,BUSTIN STONES,MANDY MACK,NATIVE PROSPECTOR,HARRY L. LANDRY BLOODSTOCK LLC AGENT,NOT SOLD,47000,,2010-04-11,NEW YORK,F-G,,HARRY L. LANDRY BLOODSTOCK LLC AGENT,,
Eastern Fall Yearlings (2011),2011-10-04,129,B,C,NOT FOR LOVE,MANY SMILES,POLISH NUMBERS,SUMMER WIND FARM AGENT,JUAN VASQUEZ,10500,,2010-03-04,MARYLAND,B,,SUMMER WIND FARM AGENT,,
Eastern Fall Yearlings (2011),2011-10-04,130,B,F,WILDCAT HEIR,MARBLEOUS ROUTINE,PENTELICUS,TOP LINE SALES LLC AGENT III,OUT,0,,2010-03-20,FLORIDA,L,,TOP LINE SALES LLC AGENT III,,
Eastern Fall Yearlings (2011),2011-10-04,131,B,C,LOVE OF MONEY,MARIA'S REPLY,MARIA'S MON,NORTHVIEW STALLION STATION (DAVID WADE) AGENT,KMA,1400,,2010-04-30,MARYLAND,A-B,,NORTHVIEW STALLION STATION (DAVID WADE) AGENT,,
Eastern Fall Yearlings (2011),2011-10-04,132,B,C,VAN NISTELROOY,MARISA MIA,MINER'S MARK,HEART HILL FARMS LLC AGENT,ANDREA G LEMATTA,1500,,2010-03-26,PENNSYLVANIA,K,,HEART HILL FARMS LLC AGENT,,
Eastern Fall Yearlings (2011),2011-10-04,133,DKB,C,FAIRBANKS,MARY ANNE'S LOVE,NOT FOR LOVE,BILL REIGHTLER AGENT FOR SPRING MEADOW FARM,ELLEN M CHARLES,115000,,2010-04-02,MARYLAND,C-D,,BILL REIGHTLER AGENT FOR SPRING MEADOW FARM,,
Eastern Fall Yearlings (2011),2011-10-04,134,GRR,F,NOT FOR LOVE,MARYLAND MIST,COZZENE,BILL REIGHTLER AGENT,ELLEN M CHARLES,110000,,2010-04-29,MARYLAND,C-D,,BILL REIGHTLER AGENT,,
Eastern Fall Yearlings (2011),2011-10-04,135,GRR,C,WITH DISTINCTION,MARY'S SILVER PEN,DAWN QUIXOTE,TOP LINE SALES AGENT,TODD MOSTOLLER,32000,Y,2010-03-28,PENNSYLVANIA,L,,TOP LINE SALES AGENT,,
Eastern Fall Yearlings (2011),2011-10-04,136,B,C,NORTHERN AFLEET,MASKED BALL,LEAR FAN,CHANCELAND FARM AGENT FOR SMITTEN FARM,NOT SOLD,3500,,2010-04-14,VIRGINIA,B-C,,CHANCELAND FARM AGENT FOR SMITTEN FARM,,
Eastern Fall Yearlings (2011),2011-10-04,137,DKB,F,HARLAN'S HOLIDAY,MAY STAR,UNBRIDLED,CHARLTON (MR. & MRS. RICK ABBOTT) AGENT FOR AUDLEY FARM EQUI,THE ELKSTONE GROUP LLC,13000,,2010-05-02,VIRGINIA,J-K,,CHARLTON (MR. & MRS. RICK ABBOTT) AGENT FOR AUDLEY FARM EQUI,,
Eastern Fall Yearlings (2011),2011-10-04,138,DKB,F,NOT FOR LOVE,MEMORIES OF MYSTIC,DIXIE UNION,DARK HOLLOW AGENT,JOHN DAVISON,21000,,2010-04-24,MARYLAND,K,,DARK HOLLOW AGENT,,
Eastern Fall Yearlings (2011),2011-10-04,139,B,F,FAIRBANKS,MERRIWEATHER,OPENING VERSE,BECKY DAVIS INC. AGENT,NOT SOLD,3500,,2010-02-20,MARYLAND,A-B,,BECKY DAVIS INC. AGENT,,
Eastern Fall Yearlings (2011),2011-10-04,140,B,C,WEIGELIA,MERRY WIDOW,CORONADO'S QUEST,BILL REIGHTLER AGENT,NOT SOLD,1000,,2010-03-31,PENNSYLVANIA,C-D,,BILL REIGHTLER AGENT,,
Eastern Fall Yearlings (2011),2011-10-04,141,B,F,STEPHEN GOT EVEN,MEXICALI ROSE,EL GRAN SENOR,THORNMAR FARM LLC,KMA,13000,,2010-04-29,MARYLAND,I,,THORNMAR FARM LLC,,
Eastern Fall Yearlings (2011),2011-10-04,142,GRR,F,FUSAICHI PEGASUS,MIDNIGHT RUN,HOLY BULL,MARSHALL W. SILVERMAN AGENT,MICHAEL R ANSPACH,5000,,2010-03-14,PENNSYLVANIA,I-J,,MARSHALL W. SILVERMAN AGENT,,
Eastern Fall Yearlings (2011),2011-10-04,143,DKB,F,MACHO UNO,MIDTOWN MISS,YES IT'S TRUE,CHARLTON (MR. & MRS. RICK ABBOTT) AGENT FOR AUDLEY FARM EQUI,CHARLES FROCK,1500,,2010-05-04,VIRGINIA,J-K,,CHARLTON (MR. & MRS. RICK ABBOTT) AGENT FOR AUDLEY FARM EQUI,,
Eastern Fall Yearlings (2011),2011-10-04,144,DKB,C,SCIPION,MILLASHAND,REGAL INTENTION,MARSHALL W. SILVERMAN AGENT FOR FOXHARBOR FARM,DANIEL WHITE,2500,,2010-04-26,MARYLAND,I-J,,MARSHALL W. SILVERMAN AGENT FOR FOXHARBOR FARM,,
Eastern Fall Yearlings (2011),2011-10-04,145,B,C,OUTFLANKER,MISS DIXIE DREAM,DIXIE BRASS,BECKY MERKEL AGENT,OUT,0,,2010-02-16,PENNSYLVANIA,K-L,,BECKY MERKEL AGENT,,
Eastern Fall Yearlings (2011),2011-10-04,146,CH,F,POINT GIVEN,MISS LINA,TWO PUNCH,BECKY DAVIS INC. AGENT,JON EBBERT,1200,,2010-04-03,MARYLAND,A-B,,BECKY DAVIS INC. AGENT,,
Eastern Fall Yearlings (2011),2011-10-04,147,CH,F,STREET HERO,MISS SANTA ANITA,IDE,BILL REIGHTLER AGENT,SUSAN TREESE,8000,,2010-04-30,MARYLAND,C-D,,BILL REIGHTLER AGENT,,
Eastern Fall Yearlings (2011),2011-10-04,148,,F,FREUD,MISTRESS HEMMING,QUIET AMERICAN,MARSHALL W. SILVERMAN AGENT,P A EVERARD AGENT,5000,,2010-04-23,NEW YORK,I-J,,MARSHALL W. SILVERMAN AGENT,,
Eastern Fall Yearlings (2011),2011-10-04,149,GRR,F,SKY MESA,MISTY RAIN,RUBIANO,SALLY THOMAS AGENT,OUT,0,,2010-05-07,VIRGINIA,I,,SALLY THOMAS AGENT,,
Eastern Fall Yearlings (2011),2011-10-04,150,DKB,F,DANCE WITH RAVENS,MITOTE MAYA,POLISH NUMBERS,NORTHVIEW STALLION STATION (DAVID WADE) AGENT,KATHERINE SANCUK,1400,,2010-04-06,MARYLAND,A-B,,NORTHVIEW STALLION STATION (DAVID WADE) AGENT,,
Eastern Fall Yearlings (2011),2011-10-04,151,GRR,C,SILVER WAGON,M'LADY DOC,DOC'S LEADER,DARBY DAN FARM AGENT,GARY SCIACCA AGENT,20000,,2010-05-05,NEW YORK,I,,DARBY DAN FARM AGENT,,
Eastern Fall Yearlings (2011),2011-10-04,152,B,F,STEPHEN GOT EVEN,MOODY BROAD,WILD AGAIN,ST. GEORGE SALES AGENT VII,ADENA SPRINGS,20000,,2010-02-08,KENTUCKY,K,,ST. GEORGE SALES AGENT VII,,
Eastern Fall Yearlings (2011),2011-10-04,153,DKB,C,ELITE SQUADRON,MOONLITE HUNT,DEERHOUND,MARSHALL W. SILVERMAN AGENT,CHARLES DIMINO TIM HILLS AGT,27000,,2010-03-28,PENNSYLVANIA,I-J,,MARSHALL W. SILVERMAN AGENT,,
Eastern Fall Yearlings (2011),2011-10-04,154,B,C,CORINTHIAN,MOONSHINE RUN,GO FOR GIN,CHANCELAND FARM AGENT,ADENA SPRINGS,40000,,2010-03-17,MARYLAND,B-C,,CHANCELAND FARM AGENT,,
Eastern Fall Yearlings (2011),2011-10-04,155,CH,F,AFLEET ALEX,MRS. VANDERBILT,CITIDANCER,CUT N RUN FARM AGENT,TIM RITCHEY,28000,,2010-03-09,PENNSYLVANIA,K,,CUT N RUN FARM AGENT,,
Eastern Fall Yearlings (2011),2011-10-04,156,DKB,C,KING CUGAT,MS. SADIRA,DIXIELAND HEAT,TOP LINE SALES LLC AGENT II,CRUPI'S NEW CASTLE FARM INC,8000,,2010-05-07,NEW YORK,L,,TOP LINE SALES LLC AGENT II,,
Eastern Fall Yearlings (2011),2011-10-04,157,GRR,F,CITY ZIP,MULTIPLICITY,FASTNESS (IRE),VINERY SALES AGENT,FRANCIS J PAOLANGELI,5000,,2010-04-10,NEW YORK,E-F,,VINERY SALES AGENT,,
Eastern Fall Yearlings (2011),2011-10-04,158,GRR,C,ROARING FEVER,MY GIRL NATALIE,PROSPER FAGER,RHAPSODY FARM LLC/HIDDEN LAKE FARM LLC AGENTS,CHRISTOPHER J TRAKAS,3200,,2010-04-23,NEW YORK,G,,RHAPSODY FARM LLC/HIDDEN LAKE FARM LLC AGENTS,,
Eastern Fall Yearlings (2011),2011-10-04,159,CH,F,TAPIT,MY MELODY MAKER (FR),WHYWHYWHY,BLUEWATER SALES LLC AGENT IX,ROLAND REELEY,15000,,2010-01-02,KENTUCKY,E,,BLUEWATER SALES LLC AGENT IX,,
Eastern Fall Yearlings (2011),2011-10-04,160,GRR,F,SMOKE GLACKEN,MYSTIC BAY,HOUSEBUSTER,CORNER FARM AGENT,CHARLES DEMARIO,1700,,2010-02-06,VIRGINIA,I,,CORNER FARM AGENT,,
Eastern Fall Yearlings (2011),2011-10-04,161,GRR,C,ROCKPORT HARBOR,MY STRAY CAT,CHIMES BAND,MARSHALL W. SILVERMAN AGENT,OUT,0,,2010-04-24,PENNSYLVANIA,I-J,,MARSHALL W. SILVERMAN AGENT,,
Eastern Fall Yearlings (2011),2011-10-04,162,B,F,EDDINGTON,MZ. ANN,CITIDANCER,BECKY DAVIS INC. AGENT,ADENA SPRINGS,20000,,2010-03-05,MARYLAND,A-B,,BECKY DAVIS INC. AGENT,,
Eastern Fall Yearlings (2011),2011-10-04,163,DKB,C,SONGANDAPRAYER,NAN'S BAY,DYNAFORMER,RHAPSODY FARM LLC/HIDDEN LAKE FARM LLC AGENTS,NOT SOLD,3000,,2010-05-12,NEW YORK,G,,RHAPSODY FARM LLC/HIDDEN LAKE FARM LLC AGENTS,,
Eastern Fall Yearlings (2011),2011-10-04,164,DKB,C,SOUTHERN IMAGE,NASTY NEMISIS,OLD TRIESTE,HOPE HILL FARM,NOT SOLD,14000,,2010-04-17,PENNSYLVANIA,G,,HOPE HILL FARM,,
Eastern Fall Yearlings (2011),2011-10-04,166,B,F,GATORS N BEARS,NAUTICAL BUT NICE,HELMSMAN,CHANCELAND FARM AGENT FOR MARILYN DOETSCH,JOHN SALZMAN SR,3200,,2010-05-07,PENNSYLVANIA,B-C,,CHANCELAND FARM AGENT FOR MARILYN DOETSCH,,
Eastern Fall Yearlings (2011),2011-10-04,167,GRR,F,MACHO UNO,NICE DILEMMA,SILVER DEPUTY,PAULS MILL BLOODSTOCK AGENT II,ARNOLD HEFT,30000,,2010-04-21,PENNSYLVANIA,E,,PAULS MILL BLOODSTOCK AGENT II,,
Eastern Fall Yearlings (2011),2011-10-04,168,B,F,LION HEART,NO CRYING,GRAND SLAM,SCOTT VAN LAER AGENT,ANTHONY SCOTT DEMARIO,1000,,2010-03-13,NEW YORK,E,,SCOTT VAN LAER AGENT,,
Eastern Fall Yearlings (2011),2011-10-04,169,CH,C,LOVE OF MONEY,NO EXTRA CHARGE,GREINTON (GB),MARSHALL W. SILVERMAN AGENT FOR WINTICKETT FARM LLC,RODNEY JENKINS,14000,,2010-04-11,PENNSYLVANIA,I-J,,MARSHALL W. SILVERMAN AGENT FOR WINTICKETT FARM LLC,,
Eastern Fall Yearlings (2011),2011-10-04,170,B,C,DISCREET CAT,NO HEAR SAY,IMPEACHMENT,PARAMOUNT SALES AGENT IX,TOP BOARD STABLE,6500,,2010-04-03,NEW YORK,J-K,,PARAMOUNT SALES AGENT IX,,
Eastern Fall Yearlings (2011),2011-10-04,171,GRR,F,SMOKE GLACKEN,NORA CHARLES,AWESOME AGAIN,NORTHVIEW STALLION STATION (DAVID WADE) AGENT,BRYAN RICE,13000,,2010-03-10,VIRGINIA,A-B,,NORTHVIEW STALLION STATION (DAVID WADE) AGENT,,
Eastern Fall Yearlings (2011),2011-10-04,172,B,C,GRINDSTONE,NORTHERN CROWN (IRE),SOVIET STAR,ROCK HALL STUD,OUT,0,,2009-12-20,MARYLAND,H,,ROCK HALL STUD,,
Eastern Fall Yearlings (2011),2011-10-04,173,CH,C,CURLIN,NO SMALL WONDER,CAPOTE,BILL REIGHTLER AGENT,BRIAN CHENVERT,15000,,2010-02-25,KENTUCKY,C-D,,BILL REIGHTLER AGENT,,
Eastern Fall Yearlings (2011),2011-10-04,174,B,F,EXCLUSIVE QUALITY,NOT AFFILIATED,TALE OF THE CAT,SUE VACEK AGENT,JOHN SALZMAN SR,15000,,2010-02-07,FLORIDA,H,,SUE VACEK AGENT,,
Eastern Fall Yearlings (2011),2011-10-04,175,B,F,PARTNER'S HERO,NOT WHAT I DO,PARFAITEMENT,BILL REIGHTLER AGENT,ROBERT OLIVA,6000,,2010-02-07,PENNSYLVANIA,C-D,,BILL REIGHTLER AGENT,,
Eastern Fall Yearlings (2011),2011-10-04,176,CH,C,STRONG HOPE,OCEAN CAT,STORM CAT,MARSHALL W. SILVERMAN AGENT,PHILLIP WARD,1000,,2010-05-16,MARYLAND,I-J,,MARSHALL W. SILVERMAN AGENT,,
Eastern Fall Yearlings (2011),2011-10-04,177,B,F,EDDINGTON,OH MISS SOPHIE,FAST PLAY,MCMAHON OF SARATOGA THOROUGHBREDS LLC AGENT,ADENA SPRINGS,45000,,2010-05-01,NEW YORK,F-G,,MCMAHON OF SARATOGA THOROUGHBREDS LLC AGENT,,
Eastern Fall Yearlings (2011),2011-10-04,178,B,C,LION HEART,O K TO LOVE,NOT FOR LOVE,SALLY THOMAS AGENT FOR CORDELIA STABLES,ADENA SPRINGS,30000,,2010-03-06,MARYLAND,I,,SALLY THOMAS AGENT FOR CORDELIA STABLES,,
Eastern Fall Yearlings (2011),2011-10-04,179,B,F,ALEX'S PAL,OLE SWEET SONG,WAVERING MONARCH,CRANE THOROUGHBREDS AGENT,CHARLES FROCK,1300,,2010-05-15,PENNSYLVANIA,H,,CRANE THOROUGHBREDS AGENT,,
Eastern Fall Yearlings (2011),2011-10-04,180,DKB,C,RIMROD,OMEYA (CHI),MILT'S OVERTURE,DERRY MEETING FARM AGENT,OUT,0,,2010-04-04,PENNSYLVANIA,J,,DERRY MEETING FARM AGENT,,
Eastern Fall Yearlings (2011),2011-10-04,181,B,F,EXCHANGE RATE,ONE EMOTION,SKY CLASSIC,WARRENDALE SALES AGENT I,OUT,0,,2010-04-30,PENNSYLVANIA,A,,WARRENDALE SALES AGENT I,,
Eastern Fall Yearlings (2011),2011-10-04,182,B,C,LION HEART,ONE GOOD BOOK,MIZZEN MAST,MARSHALL W. SILVERMAN AGENT FOR WINTICKETT FARM LLC,CARLOS MARTIN AGENT,45000,,2010-02-10,PENNSYLVANIA,I-J,,MARSHALL W. SILVERMAN AGENT FOR WINTICKETT FARM LLC,,
Eastern Fall Yearlings (2011),2011-10-04,183,CH,F,NOTIONAL,ONE KICK AND GONE,MEADOWLAKE,MARSHALL W. SILVERMAN AGENT FOR PENNLAND FARM,OUT,0,,2010-03-15,PENNSYLVANIA,I-J,,MARSHALL W. SILVERMAN AGENT FOR PENNLAND FARM,,
Eastern Fall Yearlings (2011),2011-10-04,184,CH,C,MASTER COMMAND,ONE TOUGH CAT,MOUNTAIN CAT,MARSHALL W. SILVERMAN AGENT,CHARLES SIMON AGENT,1500,,2010-04-17,MARYLAND,I-J,,MARSHALL W. SILVERMAN AGENT,,
Eastern Fall Yearlings (2011),2011-10-04,185,B,F,DIXIE'S PRODIGY,OPEN AND SHUT,OPEN FORUM,CRANE THOROUGHBREDS AGENT,NOT SOLD,1000,,2010-05-06,PENNSYLVANIA,H,,CRANE THOROUGHBREDS AGENT,,
Eastern Fall Yearlings (2011),2011-10-04,186,B,C,FAMILY CALLING,OSKALOOSA,WAQUOIT,BILL REIGHTLER AGENT FOR JEROME & MARIE ROSPERICH (STONEWALL,RON PUHL,1000,,2010-04-07,WEST VIRGINIA,C-D,,BILL REIGHTLER AGENT FOR JEROME & MARIE ROSPERICH (STONEWALL,,
Eastern Fall Yearlings (2011),2011-10-04,187,DKB,C,RAFFIE'S MAJESTY,OTTI,RAHY,VINERY SALES AGENT FOR WELLSPRING STABLES LLC,ERIC ANTONIO DELVALLE,20000,,2010-05-10,NEW YORK,E-F,,VINERY SALES AGENT FOR WELLSPRING STABLES LLC,,
Eastern Fall Yearlings (2011),2011-10-04,188,GRR,C,WHEELAWAY,OUTA ABOU TI,OUTFLANKER,MCMAHON OF SARATOGA THOROUGHBREDS LLC AGENT FOR THE RUN AT S,NOT SOLD,1000,,2010-03-25,NEW YORK,F-G,,MCMAHON OF SARATOGA THOROUGHBREDS LLC AGENT FOR THE RUN AT S,,
Eastern Fall Yearlings (2011),2011-10-04,189,B,C,ECCLESIASTIC,PAGE SIX OBSESSED,SONGANDAPRAYER,CRANE THOROUGHBREDS AGENT,OUT,0,,2010-02-26,PENNSYLVANIA,H,,CRANE THOROUGHBREDS AGENT,,
Eastern Fall Yearlings (2011),2011-10-04,190,B,C,CONGAREE,PALAU,KINGMAMBO,MARSHALL W. SILVERMAN AGENT,EQB INC AGENT,35000,,2010-02-13,KENTUCKY,I-J,,MARSHALL W. SILVERMAN AGENT,,
Eastern Fall Yearlings (2011),2011-10-04,191,B,F,FIVE STAR DAY,PAPA DANCER,TOUR D'OR,THORNMAR FARM LLC,CHARLES L DICKEY,12000,,2010-04-25,MARYLAND,I,,THORNMAR FARM LLC,,
Eastern Fall Yearlings (2011),2011-10-04,192,DKB,C,NOT FOR LOVE,PARLEZ,FRENCH DEPUTY,CHANCELAND FARM AGENT,EQB INC AGENT,60000,,2010-05-21,MARYLAND,B-C,,CHANCELAND FARM AGENT,,
Eastern Fall Yearlings (2011),2011-10-04,193,CH,C,SALUTE THE SARGE,PASSIONATE CUB,WOLF POWER (SAF),CHARLTON (MR. & MRS. RICK ABBOTT) AGENT FOR MAPLE LEAF FARM,MIKE SCHIANO DI COLA,5500,,2010-03-13,PENNSYLVANIA,J-K,,CHARLTON (MR. & MRS. RICK ABBOTT) AGENT FOR MAPLE LEAF FARM,,
Eastern Fall Yearlings (2011),2011-10-04,194,DKB,F,FAIRBANKS,PASSIONATE PUNCH,TWO PUNCH,CHARLTON (MR. & MRS. RICK ABBOTT) AGENT FOR MAPLE LEAF FARM,VINERY BLOODSTOCK,21000,,2010-04-12,PENNSYLVANIA,J-K,,CHARLTON (MR. & MRS. RICK ABBOTT) AGENT FOR MAPLE LEAF FARM,,
Eastern Fall Yearlings (2011),2011-10-04,195,B,F,PURGE,PATAGONIA TANGO,STORM BOOT,BILL REIGHTLER AGENT,GARY CONTESSA AGENT,23000,,2010-02-26,NEW YORK,C-D,,BILL REIGHTLER AGENT,,
Eastern Fall Yearlings (2011),2011-10-04,196,DKB,C,STEVIE WONDERBOY,PAULA SMITH,RED RANSOM,WALNUT GREEN AGENT,NOT SOLD,1000,,2010-05-05,PENNSYLVANIA,F,,WALNUT GREEN AGENT,,
Eastern Fall Yearlings (2011),2011-10-04,197,B,C,FORESTRY,PENILEE,AFFIRMED,ALLIED BLOODSTOCK AGENT III,EQB INC AGENT,35000,,2010-03-25,KENTUCKY,J-K,,ALLIED BLOODSTOCK AGENT III,,
Eastern Fall Yearlings (2011),2011-10-04,198,CH,C,EASTERN DAYDREAM,PEPPERMINT LADY,BEYOND THE MINT,BECKY MERKEL AGENT,NOT SOLD,1000,,2010-05-30,PENNSYLVANIA,K-L,,BECKY MERKEL AGENT,,
Eastern Fall Yearlings (2011),2011-10-04,199,DKB,F,STONESIDER,PERSONAL WEALTH,PERSONAL FLAG,VINERY SALES AGENT,STEVE ALLAIRE,3000,,2010-04-08,NEW YORK,E-F,,VINERY SALES AGENT,,
Eastern Fall Yearlings (2011),2011-10-04,200,B,F,SMARTY JONES,PETUNIA,LIL E. TEE,MARSHALL W. SILVERMAN AGENT FOR BUCKINGHAM FARM,EDMOND GAUDET,6500,,2010-04-17,MARYLAND,I-J,,MARSHALL W. SILVERMAN AGENT FOR BUCKINGHAM FARM,,
Eastern Fall Yearlings (2011),2011-10-04,201,GRR,C,HOLY BULL,PIERSIXER,SEA WALL,THORNMAR FARM LLC,JOHN J ROBB,5000,,2010-04-03,MARYLAND,I,,THORNMAR FARM LLC,,
Eastern Fall Yearlings (2011),2011-10-04,202,B,F,SILVER TRAIN,PIMENTO,GO FOR GIN,VINERY SALES AGENT,ROLAND REELEY,5500,,2010-04-17,PENNSYLVANIA,E-F,,VINERY SALES AGENT,,
Eastern Fall Yearlings (2011),2011-10-04,203,B,F,QUIET AMERICAN,PINING,PINE BLUFF,FREEDOM FARM THOROUGHBREDS,AK BLOODSTOCK,1000,,2010-02-25,PENNSYLVANIA,E,,FREEDOM FARM THOROUGHBREDS,,
Eastern Fall Yearlings (2011),2011-10-04,204,B,C,UTOPIA (JPN),P. J.'S DAY,DEMALOOT DEMASHOOT,HARRY L. LANDRY BLOODSTOCK LLC AGENT,NOT SOLD,6500,,2010-04-06,NEW YORK,F-G,,HARRY L. LANDRY BLOODSTOCK LLC AGENT,,
Eastern Fall Yearlings (2011),2011-10-04,205,B,F,CAT THIEF,PLEASANT PASTURES,VALLEY CROSSING,CHARLTON (MR. & MRS. RICK ABBOTT) AGENT FOR WELCOME HERE FAR,BEN MONDELLO SCOTT LAKE AGT.,6000,,2010-04-23,PENNSYLVANIA,J-K,,CHARLTON (MR. & MRS. RICK ABBOTT) AGENT FOR WELCOME HERE FAR,,
Eastern Fall Yearlings (2011),2011-10-04,206,DKB,C,STREET BOSS,MULA MULA,GONE WEST,PAULS MILL BLOODSTOCK AGENT,R M GANESAN,22000,,2010-02-27,KENTUCKY,E,,PAULS MILL BLOODSTOCK AGENT,,
Eastern Fall Yearlings (2011),2011-10-04,207,CH,C,PEACE RULES,PLEASANT RING,PLEASANT TAP,SUE VACEK AGENT,MICHAEL J TROMBETTA,17000,,2010-05-08,FLORIDA,H,,SUE VACEK AGENT,,
Eastern Fall Yearlings (2011),2011-10-04,208,B,F,WEIGELIA,POLAR MISS,HOUSEBUSTER,BILL REIGHTLER AGENT,CLUB RISQUE STABLE,1000,,2010-03-20,PENNSYLVANIA,C-D,,BILL REIGHTLER AGENT,,
Eastern Fall Yearlings (2011),2011-10-04,209,GRR,F,HOLY BULL,POLO RIDGE,WILD RUSH,THORNMAR FARM LLC,NOT SOLD,14000,,2010-03-04,MARYLAND,I,,THORNMAR FARM LLC,,
Eastern Fall Yearlings (2011),2011-10-04,210,DKB,C,YES IT'S TRUE,PONTIANA,DEPUTY MINISTER,PARAMOUNT SALES AGENT VII,BUZZ CHACE AGENT,75000,,2010-04-15,PENNSYLVANIA,J-K,,PARAMOUNT SALES AGENT VII,,
Eastern Fall Yearlings (2011),2011-10-04,211,DKB,C,BOB AND JOHN,POSITIONING,BOUNDARY,PARAMOUNT SALES AGENT VIII,PEWTER STABLE,25000,,2010-03-26,KENTUCKY,J-K,,PARAMOUNT SALES AGENT VIII,,
Eastern Fall Yearlings (2011),2011-10-04,212,B,F,FOREST DANGER,POT OF TRICKS,MAZEL TRICK,SALLY THOMAS AGENT FOR RICH MEADOW FARM,PABLO ALVAREZ,3500,,2010-04-17,KENTUCKY,I,,SALLY THOMAS AGENT FOR RICH MEADOW FARM,,
Eastern Fall Yearlings (2011),2011-10-04,213,B,F,MAJESTIC WARRIOR,POWER OF THE PAD,SIPHON (BRZ),MARSHALL W. SILVERMAN AGENT,NOT SOLD,4500,,2010-04-09,KENTUCKY,I-J,,MARSHALL W. SILVERMAN AGENT,,
Eastern Fall Yearlings (2011),2011-10-04,214,DKB,C,SONGANDAPRAYER,PRECISELY SUE,PRECISE END,BECKY MERKEL AGENT,JOSEPH IMBESI,15000,,2010-02-18,PENNSYLVANIA,K-L,,BECKY MERKEL AGENT,,
Eastern Fall Yearlings (2011),2011-10-04,215,GRR,F,TWO PUNCH,PREMIERE TIGRESSE,HOLD THAT TIGER,CHANCELAND FARM AGENT,CARY FROMMER,16000,,2010-04-01,MARYLAND,B-C,,CHANCELAND FARM AGENT,,
Eastern Fall Yearlings (2011),2011-10-04,216,CH,C,LEMON DROP KID,PRESENT DANGER,SOUVENIR COPY,PARAMOUNT SALES AGENT XV,OUT,0,,2010-02-08,KENTUCKY,J-K,,PARAMOUNT SALES AGENT XV,,
Eastern Fall Yearlings (2011),2011-10-04,217,CH,C,CORINTHIAN,PRETTY DUTCH,SKY CLASSIC,RHAPSODY FARM LLC/HIDDEN LAKE FARM LLC AGENTS,NOT SOLD,27000,,2010-05-17,NEW YORK,G,,RHAPSODY FARM LLC/HIDDEN LAKE FARM LLC AGENTS,,
Eastern Fall Yearlings (2011),2011-10-04,218,DKB,C,MALIBU MOON,PRINCESS BIRDEYE,INDIAN CHARLIE,ALLIED BLOODSTOCK AGENT FOR BAYNE AND CHRISTINA WELKER & LOC,NOT SOLD,145000,,2010-04-12,KENTUCKY,J-K,,ALLIED BLOODSTOCK AGENT FOR BAYNE AND CHRISTINA WELKER & LOC,,
Eastern Fall Yearlings (2011),2011-10-04,219,CH,C,INDYGO SHINER,PRINCESS GOOBER,LION HEARTED,CHARLTON (MR. & MRS. RICK ABBOTT) AGENT,NOT SOLD,27000,,2010-03-20,PENNSYLVANIA,J-K,,CHARLTON (MR. & MRS. RICK ABBOTT) AGENT,,
Eastern Fall Yearlings (2011),2011-10-04,220,GRR,F,WHEELAWAY,PRINCESS TIFFANY,DIXIE BRASS,MCMAHON OF SARATOGA THOROUGHBREDS LLC AGENT,DIANA L MCCLURE,1200,,2010-03-27,NEW YORK,F-G,,MCMAHON OF SARATOGA THOROUGHBREDS LLC AGENT,,
Eastern Fall Yearlings (2011),2011-10-04,221,B,F,JUMP START,PRIVATEERS BAY,ALLEN'S PROSPECT,CORNER FARM,THOMAS J CAREY,30000,,2010-03-19,VIRGINIA,I,,CORNER FARM,,
Eastern Fall Yearlings (2011),2011-10-04,222,B,C,LION HEART,PROBING,BROCCO,CHARLTON (MR. & MRS. RICK ABBOTT) AGENT,NOT SOLD,1000,,2010-04-25,PENNSYLVANIA,J-K,,CHARLTON (MR. & MRS. RICK ABBOTT) AGENT,,
Eastern Fall Yearlings (2011),2011-10-04,223,B,F,SHARP HUMOR,PROMISCUITY,SILVER CHARM,BILL REIGHTLER AGENT,ADENA SPRINGS,20000,,2010-02-24,VIRGINIA,C-D,,BILL REIGHTLER AGENT,,
Eastern Fall Yearlings (2011),2011-10-04,224,GRR,F,EXCHANGE RATE,PROMOTE BUSINESS,CAPOTE,ST. GEORGE SALES AGENT II,ZACH MADDEN,2500,,2010-05-12,KENTUCKY,K,,ST. GEORGE SALES AGENT II,,
Eastern Fall Yearlings (2011),2011-10-04,225,DKB,C,ROCKPORT HARBOR,PROSPECTOR DUMAANI,DUMAANI,HOPE HILL FARM,NOT SOLD,2300,,2010-05-26,PENNSYLVANIA,G,,HOPE HILL FARM,,
Eastern Fall Yearlings (2011),2011-10-04,226,CH,C,MASTER COMMAND,PULPIT'S PRIDE,PULPIT,RHAPSODY FARM LLC/HIDDEN LAKE FARM LLC AGENTS,CLOVIS CRANE,2000,Y,2010-03-01,NEW YORK,G,,RHAPSODY FARM LLC/HIDDEN LAKE FARM LLC AGENTS,,
Eastern Fall Yearlings (2011),2011-10-04,227,DKB,F,ECCLESIASTIC,PURLOIN,FOREST WILDCAT,SALLY THOMAS AGENT,NOT SOLD,14000,,2010-04-06,MARYLAND,I,,SALLY THOMAS AGENT,,
Eastern Fall Yearlings (2011),2011-10-04,228,B,F,LATENT HEAT,QUEEN OF HUMOR,DISTORTED HUMOR,KELLI MITCHELL,PATRICK J GRAHAM,16000,,2010-03-29,VIRGINIA,I,,KELLI MITCHELL,,
Eastern Fall Yearlings (2011),2011-10-04,229,B,C,FAIRBANKS,QUICK TO POUNCE,PARTNER'S HERO,WALNUT GREEN AGENT FOR SMART ANGLE LLC,OUT,0,,2010-04-07,PENNSYLVANIA,F,,WALNUT GREEN AGENT FOR SMART ANGLE LLC,,
Eastern Fall Yearlings (2011),2011-10-04,230,CH,C,UTOPIA (JPN),QUIET NORTH,QUIET AMERICAN,MCMAHON OF SARATOGA THOROUGHBREDS LLC AGENT,NOT SOLD,1000,,2010-05-04,NEW YORK,F-G,,MCMAHON OF SARATOGA THOROUGHBREDS LLC AGENT,,
Eastern Fall Yearlings (2011),2011-10-04,231,DKB,F,POMEROY,QUIET WAKITA,QUIET AMERICAN,SELECT SALES AGENT,NOT SOLD,19000,,2010-04-08,PENNSYLVANIA,L,,SELECT SALES AGENT,,
Eastern Fall Yearlings (2011),2011-10-04,232,B,C,FOREST DANGER,QUITE A RUSH,WILD RUSH,SUE VACEK AGENT,JOSEPH IMBESI,9000,,2010-03-22,KENTUCKY,H,,SUE VACEK AGENT,,
Eastern Fall Yearlings (2011),2011-10-04,233,CH,F,PERFORMING MAGIC,RAFSODY,RAFFIE'S MAJESTY,VINERY SALES AGENT FOR WELLSPRING STABLES LLC,JUAN VASQUEZ,2200,,2010-02-07,NEW YORK,E-F,,VINERY SALES AGENT FOR WELLSPRING STABLES LLC,,
Eastern Fall Yearlings (2011),2011-10-04,234,CH,F,SMARTY JONES,RAP QUEEN,STORMIN FEVER,PARAMOUNT SALES AGENT IV,JAMES C KIRK,8000,Y,2010-04-07,KENTUCKY,J-K,,PARAMOUNT SALES AGENT IV,,
Eastern Fall Yearlings (2011),2011-10-04,235,B,C,DANCE WITH RAVENS,READY TO LOVE,NOT FOR LOVE,MARSHALL W. SILVERMAN AGENT FOR CORBETT FARM,NOT SOLD,2000,,2010-03-28,MARYLAND,I-J,,MARSHALL W. SILVERMAN AGENT FOR CORBETT FARM,,
Eastern Fall Yearlings (2011),2011-10-04,236,B,F,PATRIOT ACT,REDEEM,DEVIL'S BAG,CHRISTINA PAPPALARDO AGENT,OUT,0,,2010-04-18,NEW YORK,L,,CHRISTINA PAPPALARDO AGENT,,
Eastern Fall Yearlings (2011),2011-10-04,237,B,F,SCIPION,RED VALENTINE,DEHERE,THORNMAR FARM LLC,HITESH PATEL,10000,,2010-04-30,MARYLAND,I,,THORNMAR FARM LLC,,
Eastern Fall Yearlings (2011),2011-10-04,238,B,C,FAIRBANKS,REINA TERRA,BLUSHING GROOM (FR),BECKY DAVIS INC. AGENT,RYEHILL FARM,22000,,2010-04-14,MARYLAND,A-B,,BECKY DAVIS INC. AGENT,,
Eastern Fall Yearlings (2011),2011-10-04,239,GRR,F,LOVE OF MONEY,REKINDLED ROMANCE,RELAUNCH,BILL REIGHTLER AGENT,HORACE M PARKER,1000,,2010-02-24,PENNSYLVANIA,C-D,,BILL REIGHTLER AGENT,,
Eastern Fall Yearlings (2011),2011-10-04,240,B,F,FANTASTICAT,REPAST,FORMAL DINNER,THORNMAR FARM LLC,NOT SOLD,2800,,2010-03-07,MARYLAND,I,,THORNMAR FARM LLC,,
Eastern Fall Yearlings (2011),2011-10-04,241,DKB,C,DONERAILE COURT,RISKY KITTEN,FORMAL GOLD,MCMAHON OF SARATOGA THOROUGHBREDS LLC AGENT,KENYON G FURLONG,14000,,2010-03-02,NEW YORK,F-G,,MCMAHON OF SARATOGA THOROUGHBREDS LLC AGENT,,
Eastern Fall Yearlings (2011),2011-10-04,242,DKB,F,HOOK AND LADDER,RITA BRAVER,SENOR SPEEDY,CHRISTINA PAPPALARDO AGENT,OUT,0,,2010-05-28,NEW YORK,L,,CHRISTINA PAPPALARDO AGENT,,
Eastern Fall Yearlings (2011),2011-10-04,243,B,F,EDDINGTON,ROBYNS TUNE,ROBYN DANCER,WALNUT GREEN AGENT FOR SMART ANGLE LLC,JOHN PATITUCCI,4000,,2010-05-11,PENNSYLVANIA,F,,WALNUT GREEN AGENT FOR SMART ANGLE LLC,,
Eastern Fall Yearlings (2011),2011-10-04,244,GRR,F,TWO PUNCH,ROMANTIC NUMBERS,POLISH NUMBERS,MARSHALL W. SILVERMAN AGENT FOR CORBETT FARM,KATHERINE SANCUK,1200,,2010-02-03,MARYLAND,I-J,,MARSHALL W. SILVERMAN AGENT FOR CORBETT FARM,,
Eastern Fall Yearlings (2011),2011-10-04,245,CH,F,GARNERED,ROSEBOOM,AFFIRMED,BILL REIGHTLER AGENT FOR BLACK HORSE TAVERN LLC,NOT SOLD,17500,,2010-04-21,WEST VIRGINIA,C-D,,BILL REIGHTLER AGENT FOR BLACK HORSE TAVERN LLC,,
Eastern Fall Yearlings (2011),2011-10-04,246,CH,F,LANGFUHR,ROWDY,MALIBU MOON,PARAMOUNT SALES AGENT XIII,OUT,0,,2010-03-01,MARYLAND,J-K,,PARAMOUNT SALES AGENT XIII,,
Eastern Fall Yearlings (2011),2011-10-04,247,B,C,HOOK AND LADDER,ROYAL CONQUEST,CONQUISTADOR CIELO,RHAPSODY FARM LLC/HIDDEN LAKE FARM LLC AGENTS FOR DIANE CARD,NOT SOLD,9000,,2010-06-07,NEW YORK,G,,RHAPSODY FARM LLC/HIDDEN LAKE FARM LLC AGENTS FOR DIANE CARD,,
Eastern Fall Yearlings (2011),2011-10-04,248,DKB,C,SOUTHERN SUCCESS,RUCAVA,PROSPECT BAY,ED SCHUSTER,NOT SOLD,1000,,2010-04-05,PENNSYLVANIA,G,,ED SCHUSTER,,
Eastern Fall Yearlings (2011),2011-10-04,249,B,C,GATORS N BEARS,RUM SWIZZLE,TWO PUNCH,BECKY MERKEL AGENT,OUT,0,,2010-03-26,PENNSYLVANIA,K-L,,BECKY MERKEL AGENT,,
Eastern Fall Yearlings (2011),2011-10-04,250,CH,C,HENNY HUGHES,RUN FOR JOY,GEIGER COUNTER,CANDYLAND,CLOVIS CRANE,30000,,2010-04-25,KENTUCKY,C,,CANDYLAND,,
Eastern Fall Yearlings (2011),2011-10-04,251,B,C,LOUIS QUATORZE,SAARLEY SOLUTION,SAARLAND,SALLY THOMAS AGENT II,NOT SOLD,1000,,2010-03-17,MARYLAND,I,,SALLY THOMAS AGENT II,,
Eastern Fall Yearlings (2011),2011-10-04,252,CH,F,FAIRBANKS,SABBATH DAY POINT,WEST BY WEST,MARSHALL W. SILVERMAN AGENT,NOT SOLD,1300,,2010-04-26,VIRGINIA,I-J,,MARSHALL W. SILVERMAN AGENT,,
Eastern Fall Yearlings (2011),2011-10-04,253,DKB,C,CANDY RIDE (ARG),SADLER'S SARAH,WAYNE COUNTY (IRE),SALLY THOMAS AGENT,SHADY TREE STABLE,25000,,2010-03-14,KENTUCKY,I,,SALLY THOMAS AGENT,,
Eastern Fall Yearlings (2011),2011-10-04,254,CH,F,PURE PRIZE,SAFE JOURNEY,FLATTER,DARK HOLLOW AGENT,NOT SOLD,35000,,2010-02-19,MARYLAND,K,,DARK HOLLOW AGENT,,
Eastern Fall Yearlings (2011),2011-10-04,256,DKB,C,PURGE,SAHMKINDAWONDERFUL,SAHM,WALNUT GREEN AGENT,ADENA SPRINGS,40000,,2010-02-28,PENNSYLVANIA,F,,WALNUT GREEN AGENT,,
Eastern Fall Yearlings (2011),2011-10-04,257,DKB,C,OUTFLANKER,SALLY Q,NORQUESTOR,BILL REIGHTLER AGENT,KATHLEEN WILLIER,15000,,2010-04-18,MARYLAND,C-D,,BILL REIGHTLER AGENT,,
Eastern Fall Yearlings (2011),2011-10-04,258,B,F,QUIET AMERICAN,SAM'S SUNNY HALO,PROSPECTOR'S HALO,HIGHCLERE SALES AGENT III,CHRISTOPHER J TRAKAS,16000,,2010-04-29,PENNSYLVANIA,D,,HIGHCLERE SALES AGENT III,,
Eastern Fall Yearlings (2011),2011-10-04,259,B,F,DIVINE PARK,SANDRA'S SONG,A.P. INDY,MARSHALL W. SILVERMAN AGENT,CLASSIC BLOODSTOCK,6000,,2010-04-04,MARYLAND,I-J,,MARSHALL W. SILVERMAN AGENT,,
Eastern Fall Yearlings (2011),2011-10-04,260,CH,F,PERFORMING MAGIC,SARADEVIN,BRAHMS,VINERY SALES AGENT,JAY GOODWIN,2000,,2010-04-28,NEW YORK,E-F,,VINERY SALES AGENT,,
Eastern Fall Yearlings (2011),2011-10-04,261,B,C,FANTASTICAT,SARATOGA SURGE,SARATOGA SIX,SALLY THOMAS AGENT II,NOT SOLD,2200,,2010-05-20,MARYLAND,I,,SALLY THOMAS AGENT II,,
Eastern Fall Yearlings (2011),2011-10-04,262,CH,C,SUNRIVER,SARCASTIC HUMOR,DEVIL'S BAG,HOPE HILL FARM,HORACE M PARKER,4400,,2010-03-21,PENNSYLVANIA,G,,HOPE HILL FARM,,
Eastern Fall Yearlings (2011),2011-10-04,263,DKB,C,E DUBAI,SASSY LOVE,VALLEY CROSSING,DARK HOLLOW AGENT,NOT SOLD,19000,,2010-02-22,MARYLAND,K,,DARK HOLLOW AGENT,,
Eastern Fall Yearlings (2011),2011-10-04,264,CH,F,EVEN THE SCORE,SAVAGERY,OLYMPIO,HEART HILL FARMS LLC,CLOVIS CRANE,5000,,2010-04-20,PENNSYLVANIA,K,,HEART HILL FARMS LLC,,
Eastern Fall Yearlings (2011),2011-10-05,265,DKB,F,FREUD,SAYSTAR,OH SAY,CHRISTINA PAPPALARDO AGENT,OUT,0,,2010-05-12,NEW YORK,L,,CHRISTINA PAPPALARDO AGENT,,
Eastern Fall Yearlings (2011),2011-10-05,266,B,C,GREATNESS,SCALENE,DEHERE,CRANE THOROUGHBREDS AGENT,NOT SOLD,1000,,2010-04-26,PENNSYLVANIA,H,,CRANE THOROUGHBREDS AGENT,,
Eastern Fall Yearlings (2011),2011-10-05,267,B,C,BERNARDINI,SCHOLARSHIP,DEPUTY COMMANDER,PARAMOUNT SALES AGENT X,TWIN PEAKS,90000,,2010-03-31,NEW YORK,J-K,,PARAMOUNT SALES AGENT X,,
Eastern Fall Yearlings (2011),2011-10-05,268,CH,F,LAWYER RON,SCULPTRESS,SUNNY'S HALO,RHAPSODY FARM LLC/HIDDEN LAKE FARM LLC AGENTS,ANDRO & TRACEY PRICE,29000,,2010-01-27,NEW YORK,G,,RHAPSODY FARM LLC/HIDDEN LAKE FARM LLC AGENTS,,
Eastern Fall Yearlings (2011),2011-10-05,269,DKB,C,CONSOLIDATOR,SEA LOVING,POLISH NAVY,HARRY L. LANDRY BLOODSTOCK LLC AGENT FOR HENRY C. FREEBERN,JOSEPH BROCKLEBANK AGENT,4000,,2010-02-16,NEW YORK,F-G,,HARRY L. LANDRY BLOODSTOCK LLC AGENT FOR HENRY C. FREEBERN,,
Eastern Fall Yearlings (2011),2011-10-05,270,CH,C,SIGHTSEEING,SELASSIE,TWINING,CRANE THOROUGHBREDS AGENT,HARRY WEISLEDER,4000,,2010-05-03,PENNSYLVANIA,H,,CRANE THOROUGHBREDS AGENT,,
Eastern Fall Yearlings (2011),2011-10-05,271,B,C,SONGANDAPRAYER,SENATE CAUCUS,SIPHON (BRZ),CORNER FARM AGENT,FORD O ROGERS,12500,,2010-03-31,VIRGINIA,I,,CORNER FARM AGENT,,
Eastern Fall Yearlings (2011),2011-10-05,272,DKB,F,ROCKPORT HARBOR,SEND FOR AN ANGEL,SOUTHERN HALO,WARRENDALE SALES AGENT II,NOT SOLD,24000,,2010-02-24,NEW JERSEY,A,,WARRENDALE SALES AGENT II,,
Eastern Fall Yearlings (2011),2011-10-05,273,DKB,C,STUDENT COUNCIL,SENORITA SWINGER,EL PRADO (IRE),CARY FROMMER AGENT FOR TIMBER BAY (PHASE II OF COMPLETE DISP,GINA ROSENTHAL,7000,,2010-01-21,PENNSYLVANIA,D,,CARY FROMMER AGENT FOR TIMBER BAY (PHASE II OF COMPLETE DISP,,
Eastern Fall Yearlings (2011),2011-10-05,274,DKB,F,GRIFFINITE,SENSUAL LADY,JEBLAR,MONHILL FARM LLC,GB ASSOCIATES,4000,,2010-04-07,NEW YORK,H,,MONHILL FARM LLC,,
Eastern Fall Yearlings (2011),2011-10-05,275,B,C,DANCE WITH RAVENS,SET TO FLY,RELAUNCH,NORTHVIEW STALLION STATION (DAVID WADE) AGENT,JOHN SALZMAN SR,2500,,2010-03-14,MARYLAND,A-B,,NORTHVIEW STALLION STATION (DAVID WADE) AGENT,,
Eastern Fall Yearlings (2011),2011-10-05,276,CH,C,RAFFIE'S MAJESTY,SHADY LANE,PEAKS AND VALLEYS,VINERY SALES AGENT FOR WELLSPRING STABLES LLC,P A EVERARD AGENT,11000,,2010-05-06,NEW YORK,E-F,,VINERY SALES AGENT FOR WELLSPRING STABLES LLC,,
Eastern Fall Yearlings (2011),2011-10-05,277,B,C,UTOPIA (JPN),SHAKE ON IT,AFFIRMED,RHAPSODY FARM LLC/HIDDEN LAKE FARM LLC AGENTS FOR RHAPSODY F,WEBB CARROLL,15500,,2010-03-16,NEW YORK,G,,RHAPSODY FARM LLC/HIDDEN LAKE FARM LLC AGENTS FOR RHAPSODY F,,
Eastern Fall Yearlings (2011),2011-10-05,278,B,F,EUROSILVER,SHALT,OPENING VERSE,DERRY MEETING FARM AGENT,JOHN PATITUCCI,3500,,2010-02-07,PENNSYLVANIA,J,,DERRY MEETING FARM AGENT,,
Eastern Fall Yearlings (2011),2011-10-05,279,DKB,F,ST AVERIL,SHARP CIEL,SEPTIEME CIEL,SALLY THOMAS AGENT,NOT SOLD,1000,,2010-05-12,MARYLAND,I,,SALLY THOMAS AGENT,,
Eastern Fall Yearlings (2011),2011-10-05,280,GRR,C,VALUE PLUS,SHARP WIT,FUSAICHI PEGASUS,TOP LINE SALES AGENT,EQB INC AGENT,10000,Y,2010-02-26,PENNSYLVANIA,L,,TOP LINE SALES AGENT,,
Eastern Fall Yearlings (2011),2011-10-05,281,B,C,SUNRIVER,SHAWNEE LEGEND,MISWAKI,CANDYLAND AGENT II,EQB INC AGENT,80000,,2010-03-30,NEW YORK,C,,CANDYLAND AGENT II,,
Eastern Fall Yearlings (2011),2011-10-05,282,B,F,NORTHERN AFLEET,SHE BELONGS,BELONG TO ME,CARY FROMMER AGENT FOR TIMBER BAY (PHASE II OF COMPLETE DISP,WENDY HENDRIKS,10000,,2010-05-14,KENTUCKY,D,,CARY FROMMER AGENT FOR TIMBER BAY (PHASE II OF COMPLETE DISP,,
Eastern Fall Yearlings (2011),2011-10-05,283,CH,F,FAIRBANKS,SHE CAME HOME,CAME HOME,CRANE THOROUGHBREDS AGENT,NOT SOLD,8000,,2010-03-19,PENNSYLVANIA,H,,CRANE THOROUGHBREDS AGENT,,
Eastern Fall Yearlings (2011),2011-10-05,284,CH,F,EDDINGTON,SHE HAS APTITUDE,APTITUDE,ALLIED BLOODSTOCK AGENT V,JOHN PATITUCCI,4500,,2010-01-19,KENTUCKY,J-K,,ALLIED BLOODSTOCK AGENT V,,
Eastern Fall Yearlings (2011),2011-10-05,285,DKB,C,FANTASTICAT,SHE LOVES ME NOT,NOT FOR LOVE,CHANCELAND FARM AGENT FOR MARILYN DOETSCH,ROBERT BACHELOR,1000,,2010-03-31,MARYLAND,B-C,,CHANCELAND FARM AGENT FOR MARILYN DOETSCH,,
Eastern Fall Yearlings (2011),2011-10-05,286,B,F,SUNRIVER,SHE MIGHT CALL,FAMILY CALLING,VINERY SALES AGENT,AURORA SPRINGS STABLE,3000,,2010-03-15,NEW YORK,E-F,,VINERY SALES AGENT,,
Eastern Fall Yearlings (2011),2011-10-05,287,B,C,POLITICAL FORCE,SHESADREAMCATCHER,YONAGUSKA,HIGHCLERE SALES AGENT FOR BOYD BROWNING JR.,AURORA SPRINGS STABLE,5000,,2010-05-27,NEW YORK,D,,HIGHCLERE SALES AGENT FOR BOYD BROWNING JR.,,
Eastern Fall Yearlings (2011),2011-10-05,288,B,F,ROMAN RULER,SHE'S EXCLUSIVE,PYRAMID PEAK,MARATHON FARMS,NOT SOLD,18500,,2010-05-14,MARYLAND,D,,MARATHON FARMS,,
Eastern Fall Yearlings (2011),2011-10-05,290,CH,C,BOB AND JOHN,SHE SHINES,POLISH NUMBERS,MARSHALL W. SILVERMAN AGENT FOR FOXHARBOR FARM,FRANK WRIGHT,23000,,2010-04-30,MARYLAND,I-J,,MARSHALL W. SILVERMAN AGENT FOR FOXHARBOR FARM,,
Eastern Fall Yearlings (2011),2011-10-05,291,B,C,DANCE WITH RAVENS,SHIFRA,POLISH NUMBERS,NORTHVIEW STALLION STATION (DAVID WADE) AGENT,OUT,0,,2010-04-14,MARYLAND,A-B,,NORTHVIEW STALLION STATION (DAVID WADE) AGENT,,
Eastern Fall Yearlings (2011),2011-10-05,292,B,F,MALIBU MOON,SHINY SHEET,PRESS CARD,FOUR STAR SALES AGENT FOR GLENCREST FARM,COUNTRY LIFE FARM AGENT,56000,,2010-03-05,KENTUCKY,H,,FOUR STAR SALES AGENT FOR GLENCREST FARM,,
Eastern Fall Yearlings (2011),2011-10-05,293,CH,C,XCHANGER,SHORTY'S PROMISE,RECKLESS BLADE,BECKY MERKEL AGENT,NOT SOLD,2500,,2010-03-12,PENNSYLVANIA,K-L,,BECKY MERKEL AGENT,,
Eastern Fall Yearlings (2011),2011-10-05,294,B,F,INDYGO SHINER,SILKEN PURSE,DEVIL'S BAG,DERRY MEETING FARM AGENT,VINCENT CAMPANELLA,17000,,2010-03-04,PENNSYLVANIA,J,,DERRY MEETING FARM AGENT,,
Eastern Fall Yearlings (2011),2011-10-05,295,DKB,F,READY'S IMAGE,SHORLOVE KAYLEIGH,NOT FOR LOVE,LITZ BLOODSTOCK SERVICES AGENT,PHIL SCHOENTHAL,15000,,2010-03-10,KENTUCKY,J,,LITZ BLOODSTOCK SERVICES AGENT,,
Eastern Fall Yearlings (2011),2011-10-05,296,B,F,NOT FOR LOVE,SILVERCITY LADY,SILVER CHARM,THORNMAR FARM LLC,ARNOLD HEFT,20000,,2010-04-18,MARYLAND,I,,THORNMAR FARM LLC,,
Eastern Fall Yearlings (2011),2011-10-05,297,CH,C,SONGANDAPRAYER,SILVER EMBLEM,DEMIDOFF,SUMMER WIND FARM AGENT,DANIEL J WUKICH,18000,,2010-04-15,MARYLAND,B,,SUMMER WIND FARM AGENT,,
Eastern Fall Yearlings (2011),2011-10-05,298,CH,C,HORSE GREELEY,SILVER N SATIN,SILVER DEPUTY,BILL REIGHTLER AGENT FOR AT LAST FARM LLC,ROBERT L WINTERS,2000,,2010-04-20,MARYLAND,C-D,,BILL REIGHTLER AGENT FOR AT LAST FARM LLC,,
Eastern Fall Yearlings (2011),2011-10-05,299,CH,F,DA STOOPS,SILVER STREAM,SILVER GHOST,BECKY MERKEL AGENT,OUT,0,,2010-02-25,PENNSYLVANIA,K-L,,BECKY MERKEL AGENT,,
Eastern Fall Yearlings (2011),2011-10-05,300,B,F,YES IT'S TRUE,SIMPLY LUSCIOUS,DAVID COPPERFIELD,CRANE THOROUGHBREDS AGENT,HARRY WEISLEDER,26000,Y,2010-04-02,KENTUCKY,H,,CRANE THOROUGHBREDS AGENT,,
Eastern Fall Yearlings (2011),2011-10-05,301,DKB,F,RAFFIE'S MAJESTY,SLAMMIN SUCCESS,GRAND SLAM,VINERY SALES AGENT,NOT SOLD,4700,,2010-04-10,NEW YORK,E-F,,VINERY SALES AGENT,,
Eastern Fall Yearlings (2011),2011-10-05,302,DKB,C,LOVE OF MONEY,SLICK TURN BABY,NORTHERN BABY,HARRY L. LANDRY BLOODSTOCK LLC AGENT,MARK LANG,2700,,2010-04-27,MARYLAND,F-G,,HARRY L. LANDRY BLOODSTOCK LLC AGENT,,
Eastern Fall Yearlings (2011),2011-10-05,303,GRR,F,WILDCAT HEIR,SLIGHTLY WICKED,JULES,PARAMOUNT SALES AGENT VI,DAVID MCKATHAN,8000,,2010-03-17,PENNSYLVANIA,J-K,,PARAMOUNT SALES AGENT VI,,
Eastern Fall Yearlings (2011),2011-10-05,304,DKB,C,SUN KING,SMARTLEE AWAY,SKIP AWAY,DARBY DAN FARM AGENT,JOHN J ROBB,2000,,2010-03-26,NEW YORK,I,,DARBY DAN FARM AGENT,,
Eastern Fall Yearlings (2011),2011-10-05,305,DKB,C,TWO PUNCH,SMART TALLY,SMARTEN,MARSHALL W. SILVERMAN AGENT FOR CORBETT FARM,NOT SOLD,4500,,2010-05-21,MARYLAND,I-J,,MARSHALL W. SILVERMAN AGENT FOR CORBETT FARM,,
Eastern Fall Yearlings (2011),2011-10-05,306,B,F,ANY GIVEN SATURDAY,SMOKING WISE,SMOKE GLACKEN,DARBY DAN FARM AGENT,OUT,0,,2010-02-21,KENTUCKY,I,,DARBY DAN FARM AGENT,,
Eastern Fall Yearlings (2011),2011-10-05,307,GRR,F,ROCKPORT HARBOR,SNAPPY LITTLE CAT,TACTICAL CAT,BLUEWATER SALES LLC AGENT XII,DAVID A ROSS,50000,,2010-05-02,KENTUCKY,E,,BLUEWATER SALES LLC AGENT XII,,
Eastern Fall Yearlings (2011),2011-10-05,308,GRR,C,STEPHEN GOT EVEN,SOLITARY SAGA,WAQUOIT,THORNMAR FARM LLC,ERIC ANTONIO DEVALIER,10000,,2010-04-01,MARYLAND,I,,THORNMAR FARM LLC,,
Eastern Fall Yearlings (2011),2011-10-05,309,B,C,SHARP HUMOR,SOOKIE SOOKIE,INDIAN CHARLIE,VAN METER SALES AGENT III,NOT SOLD,24000,,2010-01-28,KENTUCKY,K,,VAN METER SALES AGENT III,,
Eastern Fall Yearlings (2011),2011-10-05,310,CH,F,FAIRBANKS,SO SMASHING,TWO PUNCH,NORTHVIEW STALLION STATION (DAVID WADE) AGENT,ADENA SPRINGS,25000,,2010-05-10,PENNSYLVANIA,A-B,,NORTHVIEW STALLION STATION (DAVID WADE) AGENT,,
Eastern Fall Yearlings (2011),2011-10-05,311,B,F,LOVE OF MONEY,SOUTHERN SCHEMER,NORTHERN BABY,BILL REIGHTLER AGENT,FRED HART,9000,,2010-02-16,PENNSYLVANIA,C-D,,BILL REIGHTLER AGENT,,
Eastern Fall Yearlings (2011),2011-10-05,312,CH,C,E DUBAI,SPANISH MILL,BOONE'S MILL,DARBY DAN FARM AGENT FOR ENDS WELL FARM,TAEGON BAE,4200,,2010-04-29,NEW YORK,I,,DARBY DAN FARM AGENT FOR ENDS WELL FARM,,
Eastern Fall Yearlings (2011),2011-10-05,313,B,C,MAJESTIC WARRIOR,SPARKLING FOREST,FOREST WILDCAT,WALNUT GREEN AGENT,ALL IN SALES,25000,,2010-04-21,PENNSYLVANIA,F,,WALNUT GREEN AGENT,,
Eastern Fall Yearlings (2011),2011-10-05,314,DKB,F,ECCLESIASTIC,SPECIAL PACKAGE,MOJAVE MOON,CRANE THOROUGHBREDS AGENT,NOT SOLD,6500,,2010-02-24,PENNSYLVANIA,H,,CRANE THOROUGHBREDS AGENT,,
Eastern Fall Yearlings (2011),2011-10-05,315,CH,C,BOB AND JOHN,SPRING AFFAIR,A.P. INDY,CHARLTON (MR. & MRS. RICK ABBOTT) AGENT,TIMOTHY F RITCHEY,22000,,2010-02-07,MARYLAND,J-K,,CHARLTON (MR. & MRS. RICK ABBOTT) AGENT,,
Eastern Fall Yearlings (2011),2011-10-05,316,B,C,DISCO RICO,SQUAW VALLEY,INDIAN CHARLIE,BECKY MERKEL AGENT,TIMOTHY HILLS,12000,Y,2010-06-01,NEW YORK,K-L,,BECKY MERKEL AGENT,,
Eastern Fall Yearlings (2011),2011-10-05,317,B,F,EDDINGTON,STACY'S SQUAW,INDIAN CHARLIE,BLUEWATER SALES LLC AGENT LIII,OUT,0,,2010-04-19,KENTUCKY,E,,BLUEWATER SALES LLC AGENT LIII,,
Eastern Fall Yearlings (2011),2011-10-05,318,DKB,F,READ THE FOOTNOTES,STELLA BE GOOD,FOREST WILDCAT,RHAPSODY FARM LLC/HIDDEN LAKE FARM LLC AGENTS,NOT SOLD,9500,,2010-04-15,NEW YORK,G,,RHAPSODY FARM LLC/HIDDEN LAKE FARM LLC AGENTS,,
Eastern Fall Yearlings (2011),2011-10-05,319,CH,F,FLOWER ALLEY,STIRRUP CUP,SIPHON (BRZ),CHANCELAND FARM AGENT,R LARRY JOHNSON,18000,,2010-02-08,KENTUCKY,B-C,,CHANCELAND FARM AGENT,,
Eastern Fall Yearlings (2011),2011-10-05,320,B,C,HOLY BULL,ST. MARY'S CITI,CITIDANCER,BECKY MERKEL AGENT,OUT,0,,2010-02-01,PENNSYLVANIA,K-L,,BECKY MERKEL AGENT,,
Eastern Fall Yearlings (2011),2011-10-05,321,DKB,C,NORTHERN AFLEET,STORMING ANNIE,SWAIN (IRE),WALNUT GREEN AGENT,TASTO A SINCLAIR,6200,,2010-04-20,KENTUCKY,F,,WALNUT GREEN AGENT,,
Eastern Fall Yearlings (2011),2011-10-05,322,CH,F,MASTER COMMAND,STORMIN GULCH,GULCH,SALLY THOMAS AGENT FOR RICH MEADOW FARM,OUT,0,,2010-04-02,KENTUCKY,I,,SALLY THOMAS AGENT FOR RICH MEADOW FARM,,
Eastern Fall Yearlings (2011),2011-10-05,323,DKB,F,HARLINGTON,STORM ROYALE,STORM CAT,WARRENDALE SALES AGENT I,KENYON G FURLONG,3500,,2010-02-06,PENNSYLVANIA,A,,WARRENDALE SALES AGENT I,,
Eastern Fall Yearlings (2011),2011-10-05,324,CH,F,SNOW RIDGE,STRAIGHT JACKET,STRAIGHT MAN,CRANE THOROUGHBREDS AGENT,ROBERT M COE,1300,,2010-05-02,PENNSYLVANIA,H,,CRANE THOROUGHBREDS AGENT,,
Eastern Fall Yearlings (2011),2011-10-05,325,CH,C,WILD DESERT,STREET WHEELING,BOONE'S MILL,MCMAHON OF SARATOGA THOROUGHBREDS LLC AGENT,NOT SOLD,1000,,2010-02-19,NEW YORK,F-G,,MCMAHON OF SARATOGA THOROUGHBREDS LLC AGENT,,
Eastern Fall Yearlings (2011),2011-10-05,326,DKB,F,KEY CONTENDER,SUGAR BLUES,PERSONAL FLAG,HIGHCLERE SALES AGENT FOR AKINDALE FARM LLC,NOT SOLD,4300,,2010-02-28,NEW YORK,D,,HIGHCLERE SALES AGENT FOR AKINDALE FARM LLC,,
Eastern Fall Yearlings (2011),2011-10-05,327,B,C,CONGAREE,SUKI,SCARLET IBIS,HIGHCLERE SALES AGENT VIII,NOT SOLD,20000,,2010-03-09,NEW YORK,D,,HIGHCLERE SALES AGENT VIII,,
Eastern Fall Yearlings (2011),2011-10-05,328,B,C,CHEROKEE'S BOY,SULTRY DIVA,SULTRY SONG,MONHILL FARM LLC,NOT SOLD,1000,,2010-02-21,NEW YORK,H,,MONHILL FARM LLC,,
Eastern Fall Yearlings (2011),2011-10-05,329,B,F,CITY ZIP,SURE CAN PURR,TALE OF THE CAT,ST. GEORGE SALES AGENT V,PRAKASH PATEL,2000,,2010-03-23,VIRGINIA,K,,ST. GEORGE SALES AGENT V,,
Eastern Fall Yearlings (2011),2011-10-05,330,DKB,F,TWO PUNCH,SUSANET,SMARTEN,BECKY MERKEL AGENT,OUT,0,,2010-04-08,PENNSYLVANIA,K-L,,BECKY MERKEL AGENT,,
Eastern Fall Yearlings (2011),2011-10-05,331,B,C,DANCE WITH RAVENS,SWAN RUBY,RUBIANO,NORTHVIEW STALLION STATION (DAVID WADE) AGENT,NOT SOLD,2500,,2010-04-26,VIRGINIA,A-B,,NORTHVIEW STALLION STATION (DAVID WADE) AGENT,,
Eastern Fall Yearlings (2011),2011-10-05,332,B,C,SPRING AT LAST,SWEEPING RETURN,MONARCHOS,CHARLTON (MR. & MRS. RICK ABBOTT) AGENT FOR MAPLE LEAF FARM,ROBERT OLIVA,1700,,2010-05-01,PENNSYLVANIA,J-K,,CHARLTON (MR. & MRS. RICK ABBOTT) AGENT FOR MAPLE LEAF FARM,,
Eastern Fall Yearlings (2011),2011-10-05,333,B,C,AFLEET ALEX,SWEEP UP,SKIP AWAY,CHARLTON (MR. & MRS. RICK ABBOTT) AGENT FOR WELCOME HERE FAR,PRO SELECTION STABLE,20000,Y,2010-04-18,PENNSYLVANIA,J-K,,CHARLTON (MR. & MRS. RICK ABBOTT) AGENT FOR WELCOME HERE FAR,,
Eastern Fall Yearlings (2011),2011-10-05,334,B,F,SILVER TRAIN,SWEET POLITICS,POLITICAL FOLLY,BLUEWATER SALES LLC AGENT XIX,OUT,0,,2010-02-12,KENTUCKY,E,,BLUEWATER SALES LLC AGENT XIX,,
Eastern Fall Yearlings (2011),2011-10-05,335,DKB,F,LION HEARTED,SWIFT SEFA,SEFAPIANO,CHARLTON (MR. & MRS. RICK ABBOTT) AGENT,JOANN SMITH,4000,,2010-03-06,PENNSYLVANIA,J-K,,CHARLTON (MR. & MRS. RICK ABBOTT) AGENT,,
Eastern Fall Yearlings (2011),2011-10-05,336,CH,F,YANKEE GENTLEMAN,SYMBOL OF LOVE,PLEASANT TAP,MARSHALL W. SILVERMAN AGENT,NOT SOLD,2900,,2010-04-18,PENNSYLVANIA,I-J,,MARSHALL W. SILVERMAN AGENT,,
Eastern Fall Yearlings (2011),2011-10-05,337,GRR,F,TWO PUNCH,TAINT YIELDIN',HIGH YIELD,ALLIED BLOODSTOCK AGENT IV,ELLEN M CHARLES,9000,,2010-03-11,MARYLAND,J-K,,ALLIED BLOODSTOCK AGENT IV,,
Eastern Fall Yearlings (2011),2011-10-05,338,DKB,C,SKY MESA,TAKEALOOKATMENOW,CRYPTOCLEARANCE,CHANCELAND FARM AGENT,OUT,0,,2010-05-19,MARYLAND,B-C,,CHANCELAND FARM AGENT,,
Eastern Fall Yearlings (2011),2011-10-05,339,DKB,C,TWO PUNCH,TAKEITOFFTHETOP,SMART ALEC,CHANCELAND FARM AGENT,OUT,0,,2010-06-05,PENNSYLVANIA,B-C,,CHANCELAND FARM AGENT,,
Eastern Fall Yearlings (2011),2011-10-05,340,B,G,GATORS N BEARS,TAKE SARA,REGAL REMARK,THORNMAR FARM LLC,DONNA G DENNEHY,3000,,2010-04-23,MARYLAND,I,,THORNMAR FARM LLC,,
Eastern Fall Yearlings (2011),2011-10-05,341,B,C,SUNRIVER,TALKING POINT,ROCK POINT,LITZ BLOODSTOCK SERVICES AGENT,A SCOTT DEMARIO,1000,,2010-05-07,MARYLAND,J,,LITZ BLOODSTOCK SERVICES AGENT,,
Eastern Fall Yearlings (2011),2011-10-05,342,B,C,HOOK AND LADDER,TALLULAH DARLING,LOUSTROUS BID,RHAPSODY FARM LLC/HIDDEN LAKE FARM LLC AGENTS,ROLAND REELEY,2200,,2010-05-22,NEW YORK,G,,RHAPSODY FARM LLC/HIDDEN LAKE FARM LLC AGENTS,,
Eastern Fall Yearlings (2011),2011-10-05,343,B,C,HARLINGTON,TANCA,POLISH NUMBERS,CHANCELAND FARM AGENT,WENDI STARRITT GRAHAM,1000,,2010-04-20,KENTUCKY,B-C,,CHANCELAND FARM AGENT,,
Eastern Fall Yearlings (2011),2011-10-05,344,DKB,F,HOOK AND LADDER,TANGERINE SPICE,WOODMAN,AVANDELLE FARM AGENT,OUT,0,,2010-04-26,NEW YORK,H,,AVANDELLE FARM AGENT,,
Eastern Fall Yearlings (2011),2011-10-05,345,B,F,TALE OF THE CAT,TANGLED AFFAIR,BLACK TIE AFFAIR (IRE),SUMMER WIND FARM AGENT,OUT,0,,2010-01-19,MARYLAND,B,,SUMMER WIND FARM AGENT,,
Eastern Fall Yearlings (2011),2011-10-05,346,B,F,LANGFUHR,TARIKA,COZZENE,DERRY MEETING FARM AGENT,CHARLTON BAKER,3200,,2010-04-16,PENNSYLVANIA,J,,DERRY MEETING FARM AGENT,,
Eastern Fall Yearlings (2011),2011-10-05,347,CH,C,TALE OF THE CAT,TEN BOLTS,THUNDER GULCH,NORTHVIEW STALLION STATION (DAVID WADE) AGENT,GINA ROSENTHAL,4500,,2010-04-27,MARYLAND,A-B,,NORTHVIEW STALLION STATION (DAVID WADE) AGENT,,
Eastern Fall Yearlings (2011),2011-10-05,348,CH,F,TAPIT,TEN HALOS,MARQUETRY,CANDYLAND,R LARRY JOHNSON,20000,Y,2010-03-29,KENTUCKY,C,,CANDYLAND,,
Eastern Fall Yearlings (2011),2011-10-05,349,DKB,C,BERNSTEIN,TEN KISSES,KRIS S.,NORTHVIEW STALLION STATION (DAVID WADE) AGENT,BRANDON RICE/ALEXANDRA DEMERIC,5200,,2010-04-11,MARYLAND,A-B,,NORTHVIEW STALLION STATION (DAVID WADE) AGENT,,
Eastern Fall Yearlings (2011),2011-10-05,350,B,F,TALE OF THE CAT,TEN TREASURES,CORONADO'S QUEST,NORTHVIEW STALLION STATION (DAVID WADE) AGENT,NOT SOLD,14000,,2010-05-01,MARYLAND,A-B,,NORTHVIEW STALLION STATION (DAVID WADE) AGENT,,
Eastern Fall Yearlings (2011),2011-10-05,351,DKB,F,LION HEARTED,TERMINKATOR,PRIVATE TERMS,BILL REIGHTLER AGENT,OUT,0,,2010-02-12,PENNSYLVANIA,C-D,,BILL REIGHTLER AGENT,,
Eastern Fall Yearlings (2011),2011-10-05,352,B,F,DIXIE'S PRODIGY,THANKFULLY MINE,COASTAL STORM,CRANE THOROUGHBREDS AGENT,NOT SOLD,1000,,2010-02-09,PENNSYLVANIA,H,,CRANE THOROUGHBREDS AGENT,,
Eastern Fall Yearlings (2011),2011-10-05,353,DKB,C,STUDENT COUNCIL,THE CAT'S REACH,BERNSTEIN,MARSHALL W. SILVERMAN AGENT FOR RR EQUINE STABLES LLC,THOMAS NASH,4000,,2010-04-18,PENNSYLVANIA,I-J,,MARSHALL W. SILVERMAN AGENT FOR RR EQUINE STABLES LLC,,
Eastern Fall Yearlings (2011),2011-10-05,354,B,C,PATRIOT ACT,THE NEWS' WEST,WEST BY WEST,CHRISTINA PAPPALARDO AGENT,OUT,0,,2010-04-02,NEW YORK,L,,CHRISTINA PAPPALARDO AGENT,,
Eastern Fall Yearlings (2011),2011-10-05,355,B,C,HOOK AND LADDER,THE RODEO EXPRESS,RODEO,CANDYLAND,WEBB CARROLL,2000,,2010-03-10,NEW YORK,C,,CANDYLAND,,
Eastern Fall Yearlings (2011),2011-10-05,356,CH,C,NOT FOR LOVE,THIEF IN STYLE,CAT THIEF,CANDYLAND AGENT FOR CLASSIC THOROUGHBRED XII,ROBERT BACHELOR,5000,,2010-04-09,MARYLAND,C,,CANDYLAND AGENT FOR CLASSIC THOROUGHBRED XII,,
Eastern Fall Yearlings (2011),2011-10-05,357,DKB,C,READY'S IMAGE,THIEVE THIS,CAT THIEF,HARRY L. LANDRY BLOODSTOCK LLC AGENT,WEBB CARROLL,1500,,2010-05-06,KENTUCKY,F-G,,HARRY L. LANDRY BLOODSTOCK LLC AGENT,,
Eastern Fall Yearlings (2011),2011-10-05,358,B,F,BROKEN VOW,THREADNEEDLE,DYNAFORMER,WARRENDALE SALES AGENT FOR LAZY LANE FARMS LLC,MICHAEL MORAN,105000,,2010-03-21,VIRGINIA,A,,WARRENDALE SALES AGENT FOR LAZY LANE FARMS LLC,,
Eastern Fall Yearlings (2011),2011-10-05,359,CH,C,BORREGO,THUNDERSNOW,STORM BOOT,HARRY L. LANDRY BLOODSTOCK LLC AGENT,RAMON PRECIADO,2000,,2010-05-12,NEW YORK,F-G,,HARRY L. LANDRY BLOODSTOCK LLC AGENT,,
Eastern Fall Yearlings (2011),2011-10-05,360,GRR,C,COUNTRY ONLY,TICKLEMYFANCY,FASTNESS (IRE),BILL REIGHTLER AGENT FOR BLACK HORSE TAVERN LLC,NOT SOLD,1000,,2010-05-09,WEST VIRGINIA,C-D,,BILL REIGHTLER AGENT FOR BLACK HORSE TAVERN LLC,,
Eastern Fall Yearlings (2011),2011-10-05,361,DKB,F,MEDALLIST,TIMELY BROAD,BROAD BRUSH,BECKY DAVIS INC. AGENT,NOT SOLD,24000,,2010-04-19,MARYLAND,A-B,,BECKY DAVIS INC. AGENT,,
Eastern Fall Yearlings (2011),2011-10-05,362,B,F,DISCREET CAT,TIME TO DREAM,TIME FOR A CHANGE,CANDYLAND AGENT FOR CLASSIC THOROUGHBRED XXV,JUAN VASQUEZ,5300,,2010-04-21,MARYLAND,C,,CANDYLAND AGENT FOR CLASSIC THOROUGHBRED XXV,,
Eastern Fall Yearlings (2011),2011-10-05,363,GRR,F,FLASHY BULL,TITIA,NORTHERN SPUR (IRE),ALLIED BLOODSTOCK AGENT I,MARCHFORE THOROUGHBREDS,30000,,2010-04-09,PENNSYLVANIA,J-K,,ALLIED BLOODSTOCK AGENT I,,
Eastern Fall Yearlings (2011),2011-10-05,364,B,C,DANCE WITH RAVENS,TIZABIRD,TIZNOW,CHANCELAND FARM AGENT,VINTAGE THOROUGHBREDS,10000,,2010-05-10,MARYLAND,B-C,,CHANCELAND FARM AGENT,,
Eastern Fall Yearlings (2011),2011-10-05,365,B,C,LION HEARTED,T. J.'S TURN,MEADOWLAKE,BILL REIGHTLER AGENT,CHARLES FROCK,4200,,2010-05-04,VIRGINIA,C-D,,BILL REIGHTLER AGENT,,
Eastern Fall Yearlings (2011),2011-10-05,366,B,C,WILD DESERT,TNT MILL,MERCER MILL,MCMAHON OF SARATOGA THOROUGHBREDS LLC AGENT,NOT SOLD,3500,,2010-03-13,NEW YORK,F-G,,MCMAHON OF SARATOGA THOROUGHBREDS LLC AGENT,,
Eastern Fall Yearlings (2011),2011-10-05,367,GRR,C,HOLY BULL,TOASTY,POLISH NUMBERS,CANDYLAND AGENT FOR DREAMTIME STABLE,ADENA SPRINGS,110000,,2010-02-08,PENNSYLVANIA,C,,CANDYLAND AGENT FOR DREAMTIME STABLE,,
Eastern Fall Yearlings (2011),2011-10-05,368,DKB,C,PARTNER'S HERO,TOM'S CRAB CAKES,RIZZI,BECKY MERKEL AGENT,OUT,0,,2010-03-12,PENNSYLVANIA,K-L,,BECKY MERKEL AGENT,,
Eastern Fall Yearlings (2011),2011-10-05,369,DKB,F,DONERAILE COURT,TRELLIS,BAEDERWOOD,DIANE M.W. CASEY AGENT,OUT,0,,2010-03-30,WEST VIRGINIA,J,,DIANE M.W. CASEY AGENT,,
Eastern Fall Yearlings (2011),2011-10-05,370,B,F,RUSH BAY,TRESPASSING,BELONG TO ME,BILL REIGHTLER AGENT FOR LICKITYSPLIT SERVICES,NOT SOLD,1000,,2010-04-12,PENNSYLVANIA,C-D,,BILL REIGHTLER AGENT FOR LICKITYSPLIT SERVICES,,
Eastern Fall Yearlings (2011),2011-10-05,371,B,F,GO FOR GIN,TRIBAL MOON,MALIBU MOON,CHANCELAND FARM AGENT FOR MARILYN DOETSCH,NOT SOLD,1000,,2010-03-15,PENNSYLVANIA,B-C,,CHANCELAND FARM AGENT FOR MARILYN DOETSCH,,
Eastern Fall Yearlings (2011),2011-10-05,372,DKB,F,KAFWAIN,TRISTATE LADY,TWO PUNCH,DIANE M.W. CASEY AGENT,OUT,0,,2010-05-16,WEST VIRGINIA,J,,DIANE M.W. CASEY AGENT,,
Eastern Fall Yearlings (2011),2011-10-05,373,DKB,F,MEDAGLIA D'ORO,TROPIC RHYTHM,DYNAFORMER,CARY FROMMER AGENT FOR TIMBER BAY (PHASE II OF COMPLETE DISP,RALPH NICKS,22000,,2010-02-16,KENTUCKY,D,,CARY FROMMER AGENT FOR TIMBER BAY (PHASE II OF COMPLETE DISP,,
Eastern Fall Yearlings (2011),2011-10-05,374,CH,C,SIPHON (BRZ),TRUSTED CONQUEST,CONQUISTADOR CIELO,MARSHALL W. SILVERMAN AGENT,NOT SOLD,1000,,2010-04-19,PENNSYLVANIA,I-J,,MARSHALL W. SILVERMAN AGENT,,
Eastern Fall Yearlings (2011),2011-10-05,375,DKB,F,READ THE FOOTNOTES,TRY N SUE,SIR HARRY LEWIS,AVANDELLE FARM AGENT,OUT,0,,2010-04-26,NEW YORK,H,,AVANDELLE FARM AGENT,,
Eastern Fall Yearlings (2011),2011-10-05,376,DKB,F,GREELEY'S GALAXY,TSUNAMI EMPRESS,SEA OF SECRETS,VINERY SALES AGENT,NOT SOLD,1400,,2010-03-19,NEW YORK,E-F,,VINERY SALES AGENT,,
Eastern Fall Yearlings (2011),2011-10-05,377,CH,F,SENOR SWINGER,TURKISH TAFFY,TURKOMAN,BILL REIGHTLER AGENT,TED HOOVER,1200,,2010-03-11,PENNSYLVANIA,C-D,,BILL REIGHTLER AGENT,,
Eastern Fall Yearlings (2011),2011-10-05,378,CH,F,STUDENT COUNCIL,TURN ON THE CHARM (IRE),#NAME?,FREEDOM FARM THOROUGHBREDS AGENT,NOT SOLD,1000,,2010-03-03,PENNSYLVANIA,E,,FREEDOM FARM THOROUGHBREDS AGENT,,
Eastern Fall Yearlings (2011),2011-10-05,379,B,C,GRAND REWARD,TURN THE TIDE,THEATRICAL (IRE),HARRY L. LANDRY BLOODSTOCK LLC AGENT,LINDA SIMS,1100,,2010-03-06,KENTUCKY,F-G,,HARRY L. LANDRY BLOODSTOCK LLC AGENT,,
Eastern Fall Yearlings (2011),2011-10-05,380,CH,C,WILDCAT HEIR,TWICE LUCKY,TWO PUNCH,PARAMOUNT SALES AGENT III,DALE CAPUANO,26000,,2010-04-16,PENNSYLVANIA,J-K,,PARAMOUNT SALES AGENT III,,
Eastern Fall Yearlings (2011),2011-10-05,381,CH,C,TIZ WONDERFUL,TWILIGHTS PRAYER,ALLEN'S PROSPECT,JAMES M. HERBENER JR. AGENT,DALE CAPUANO,14000,,2010-02-24,KENTUCKY,A,,JAMES M. HERBENER JR. AGENT,,
Eastern Fall Yearlings (2011),2011-10-05,382,DKB,C,ALBERT THE GREAT,TWIN TOWER (PER),IRON,BILL REIGHTLER AGENT,ERNESTO PADILLA,1000,,2010-04-25,PENNSYLVANIA,C-D,,BILL REIGHTLER AGENT,,
Eastern Fall Yearlings (2011),2011-10-05,383,B,C,DOMESTIC DISPUTE,TWO PUNCH CHRISTY,TWO PUNCH,MARSHALL W. SILVERMAN AGENT,CLUB RISQUE STABLE,4500,,2010-05-25,PENNSYLVANIA,I-J,,MARSHALL W. SILVERMAN AGENT,,
Eastern Fall Yearlings (2011),2011-10-05,384,GRR,F,GRAND SLAM,TWO'S COZY,COZZENE,NORTHVIEW STALLION STATION (DAVID WADE) AGENT,FLORENCE PATITUCCI,1200,,2010-04-25,MARYLAND,A-B,,NORTHVIEW STALLION STATION (DAVID WADE) AGENT,,
Eastern Fall Yearlings (2011),2011-10-05,385,CH,C,STRONG CONTENDER,UNBRIDLED LOVER,UNBRIDLED,BILL MURPHY AGENT II,NOT SOLD,14000,,2010-02-10,KENTUCKY,K,,BILL MURPHY AGENT II,,
Eastern Fall Yearlings (2011),2011-10-05,386,CH,C,UTOPIA (JPN),UNIFICADA (BRZ),GROOVE,MCMAHON OF SARATOGA THOROUGHBREDS LLC AGENT,ALL IN SALES,3500,Y,2010-02-09,NEW YORK,F-G,,MCMAHON OF SARATOGA THOROUGHBREDS LLC AGENT,,
Eastern Fall Yearlings (2011),2011-10-05,387,CH,F,RUN AWAY AND HIDE,U R THEWEAKESTLINK,MOUNTAIN CAT,MCMAHON OF SARATOGA THOROUGHBREDS LLC AGENT,C B PAYNE,2500,,2010-04-19,NEW YORK,F-G,,MCMAHON OF SARATOGA THOROUGHBREDS LLC AGENT,,
Eastern Fall Yearlings (2011),2011-10-05,388,CH,F,THUNDER GULCH,VAGUE MEMORY,WARD OFF TROUBLE,BUCK POND FARM (DOUGLAS S. ARNOLD) AGENT,FLORENCE PATITUCCI,15000,,2010-04-24,KENTUCKY,H,,BUCK POND FARM (DOUGLAS S. ARNOLD) AGENT,,
Eastern Fall Yearlings (2011),2011-10-05,389,DKB,F,LATENT HEAT,VEE VEE STAR,NORQUESTOR,BILL REIGHTLER AGENT FOR SPRING MEADOW FARM,NOT SOLD,70000,,2010-04-14,MARYLAND,C-D,,BILL REIGHTLER AGENT FOR SPRING MEADOW FARM,,
Eastern Fall Yearlings (2011),2011-10-05,390,B,F,WHYWHYWHY,VERA CLAUDINE,SWORD DANCE (IRE),BILL REIGHTLER AGENT FOR SCOTT MALLORY,OUT,0,,2010-03-31,WEST VIRGINIA,C-D,,BILL REIGHTLER AGENT FOR SCOTT MALLORY,,
Eastern Fall Yearlings (2011),2011-10-05,391,CH,F,NOT FOR LOVE,VERY CLASSY GAL,GIANT'S CAUSEWAY,CHARLTON (MR. & MRS. RICK ABBOTT) AGENT,ED PRICE,18000,,2010-03-14,PENNSYLVANIA,J-K,,CHARLTON (MR. & MRS. RICK ABBOTT) AGENT,,
Eastern Fall Yearlings (2011),2011-10-05,392,CH,F,YES IT'S TRUE,VIA SACRA,WILL'S WAY,PARAMOUNT SALES AGENT VII,ADENA SPRINGS,77000,,2010-05-13,PENNSYLVANIA,J-K,,PARAMOUNT SALES AGENT VII,,
Eastern Fall Yearlings (2011),2011-10-05,393,B,G,DEPUTY STORM,VIDEO SISTER,HORATIUS,THORNMAR FARM LLC,JOHN SALZMAN SR,1000,,2010-04-23,MARYLAND,I,,THORNMAR FARM LLC,,
Eastern Fall Yearlings (2011),2011-10-05,394,DKB,C,BANDINI,VIRGINIA BEE,VIRGINIA RAPIDS,MARSHALL W. SILVERMAN AGENT FOR WINTICKETT FARM LLC,JOHN J ROBB,17000,,2010-02-22,PENNSYLVANIA,I-J,,MARSHALL W. SILVERMAN AGENT FOR WINTICKETT FARM LLC,,
Eastern Fall Yearlings (2011),2011-10-05,395,B,C,BROTHER DEREK,WACISSA,BOUNDARY,BILL REIGHTLER AGENT,WEBB CARROLL,8000,,2010-05-07,PENNSYLVANIA,C-D,,BILL REIGHTLER AGENT,,
Eastern Fall Yearlings (2011),2011-10-05,396,B,F,DANCE WITH RAVENS,WALTZ,PLEASANT TAP,CHANCELAND FARM AGENT,NOT SOLD,19000,,2010-03-20,MARYLAND,B-C,,CHANCELAND FARM AGENT,,
Eastern Fall Yearlings (2011),2011-10-05,397,DKB,F,SOUTHERN IMAGE,WANTA FLY,FLY SO FREE,SELECT SALES AGENT,NOT SOLD,10000,,2010-04-19,PENNSYLVANIA,L,,SELECT SALES AGENT,,
Eastern Fall Yearlings (2011),2011-10-05,398,DKB,C,STREET HERO,WAY BEYOND,ORDWAY,MARSHALL W. SILVERMAN AGENT,NOT SOLD,7000,,2010-04-08,WEST VIRGINIA,I-J,,MARSHALL W. SILVERMAN AGENT,,
Eastern Fall Yearlings (2011),2011-10-05,399,DKB,F,BERNSTEIN,WELCOME INN,ORIENTATE,NORTHVIEW STALLION STATION (DAVID WADE) AGENT,OUT,0,,2010-04-07,MARYLAND,A-B,,NORTHVIEW STALLION STATION (DAVID WADE) AGENT,,
Eastern Fall Yearlings (2011),2011-10-05,400,CH,C,CORINTHIAN,WELL GAP,CORONADO'S QUEST,MARSHALL W. SILVERMAN AGENT,MICHAEL J TROMBETTA,20000,,2010-04-22,KENTUCKY,I-J,,MARSHALL W. SILVERMAN AGENT,,
Eastern Fall Yearlings (2011),2011-10-05,402,B,F,CITY ZIP,WEST COAST KITTY,BERTRANDO,HIGHCLERE SALES AGENT IV,OUT,0,,2010-02-08,KENTUCKY,D,,HIGHCLERE SALES AGENT IV,,
Eastern Fall Yearlings (2011),2011-10-05,403,CH,F,EUROSILVER,WESTERN MELODY,WEST BY WEST,PARAMOUNT SALES AGENT V,ERNESTO PADILLA,1300,,2010-04-04,NEW YORK,J-K,,PARAMOUNT SALES AGENT V,,
Eastern Fall Yearlings (2011),2011-10-05,404,CH,C,SUNRIVER,WE THERE YET,ECTON PARK,LITZ BLOODSTOCK SERVICES AGENT,NOT SOLD,18000,,2010-04-14,NEW YORK,J,,LITZ BLOODSTOCK SERVICES AGENT,,
Eastern Fall Yearlings (2011),2011-10-05,405,GRR,F,FAIRBANKS,WE WANT IT ALL,TWO PUNCH,CRANE THOROUGHBREDS AGENT,NOT SOLD,5000,,2010-03-12,PENNSYLVANIA,H,,CRANE THOROUGHBREDS AGENT,,
Eastern Fall Yearlings (2011),2011-10-05,406,B,F,KEYED ENTRY,WHIM'S GEM,DIAMOND,BECKY MERKEL AGENT,NOT SOLD,6200,,2010-01-28,PENNSYLVANIA,K-L,,BECKY MERKEL AGENT,,
Eastern Fall Yearlings (2011),2011-10-05,407,B,C,UTOPIA (JPN),WHISPERED CALL,PHONE TRICK,MCMAHON OF SARATOGA THOROUGHBREDS LLC AGENT,OUT,0,,2010-05-13,NEW YORK,F-G,,MCMAHON OF SARATOGA THOROUGHBREDS LLC AGENT,,
Eastern Fall Yearlings (2011),2011-10-05,408,B,F,NOT FOR LOVE,WHO'S COZY,COZZENE,NORTHVIEW STALLION STATION (DAVID WADE) AGENT,GPH LLC,50000,,2010-02-05,PENNSYLVANIA,A-B,,NORTHVIEW STALLION STATION (DAVID WADE) AGENT,,
Eastern Fall Yearlings (2011),2011-10-05,409,DKB,C,EAVESDROPPER,WIANNO,WAQUOIT,TOP LINE SALES AGENT,KUNZ EQUINE,4000,,2010-04-20,PENNSYLVANIA,L,,TOP LINE SALES AGENT,,
Eastern Fall Yearlings (2011),2011-10-05,410,DKB,F,REAL QUIET,WILDBUTABLE,ROAR,CRANE THOROUGHBREDS AGENT,JON EBBERT,1700,,2010-05-10,PENNSYLVANIA,H,,CRANE THOROUGHBREDS AGENT,,
Eastern Fall Yearlings (2011),2011-10-05,411,DKB,F,PLEASANTLY PERFECT,WILD GEAR,GOLDEN GEAR,HIGHCLERE SALES AGENT V,NOT SOLD,19000,,2010-01-19,KENTUCKY,D,,HIGHCLERE SALES AGENT V,,
Eastern Fall Yearlings (2011),2011-10-05,412,DKB,C,MAGNA GRADUATE,WILDNEXCITABLE,VICAR,DARBY DAN FARM AGENT,DAVID MCKATHAN,5200,,2010-02-28,NEW YORK,I,,DARBY DAN FARM AGENT,,
Eastern Fall Yearlings (2011),2011-10-05,413,CH,F,BLUEGRASS CAT,WILL BE A BATES,BATES MOTEL,MARSHALL W. SILVERMAN AGENT,DEBBIE EASTER AGENT,40000,,2010-03-05,KENTUCKY,I-J,,MARSHALL W. SILVERMAN AGENT,,
Eastern Fall Yearlings (2011),2011-10-05,415,CH,C,CLOSING ARGUMENT,WITH AFFIRMATION,WITH APPROVAL,ST. GEORGE SALES AGENT I,HARRY WEISLEDER,16000,,2010-04-26,PENNSYLVANIA,K,,ST. GEORGE SALES AGENT I,,
Eastern Fall Yearlings (2011),2011-10-05,416,DKB,C,BLUEGRASS CAT,WITH CERTAINTY,BROAD BRUSH,PAULS MILL BLOODSTOCK AGENT,OUT,0,,2010-03-12,PENNSYLVANIA,E,,PAULS MILL BLOODSTOCK AGENT,,
Eastern Fall Yearlings (2011),2011-10-05,417,B,F,SALUTE THE SARGE,WONDERFUL,OLYMPIO,LITZ BLOODSTOCK SERVICES AGENT,CHARLTON BAKER,15000,,2010-03-08,MARYLAND,J,,LITZ BLOODSTOCK SERVICES AGENT,,
Eastern Fall Yearlings (2011),2011-10-05,418,DKB,C,SPRING AT LAST,WOODLAND SPRITE,WOODMAN,PAULS MILL BLOODSTOCK AGENT,ADENA SPRINGS,8000,,2010-02-10,KENTUCKY,E,,PAULS MILL BLOODSTOCK AGENT,,
Eastern Fall Yearlings (2011),2011-10-05,419,CH,F,FAIRBANKS,WORLDLY NELL,WORLD APPEAL,MARSHALL W. SILVERMAN AGENT,PATRICK HOPPEL,4000,Y,2010-03-14,VIRGINIA,I-J,,MARSHALL W. SILVERMAN AGENT,,
Eastern Fall Yearlings (2011),2011-10-05,420,DKB,C,ROCKPORT HARBOR,X TRA BRASSY,PANA BRASS,SELECT SALES AGENT,ELLEN M CHARLES,50000,,2010-04-17,WEST VIRGINIA,L,,SELECT SALES AGENT,,
Eastern Fall Yearlings (2011),2011-10-05,421,B,C,FORESTRY,YOURSMINEOURS,BELONG TO ME,MARSHALL W. SILVERMAN AGENT,MORRIS BAILEY,40000,,2010-05-06,KENTUCKY,I-J,,MARSHALL W. SILVERMAN AGENT,,
Eastern Fall Yearlings (2011),2011-10-05,422,B,C,NOTIONAL,YOURS TRULY,BELONG TO ME,PARAMOUNT SALES AGENT VIII,NOT SOLD,43000,,2010-04-09,KENTUCKY,J-K,,PARAMOUNT SALES AGENT VIII,,
Eastern Fall Yearlings (2011),2011-10-05,423,B,C,SUN KING,YOU'VE GOT MITCH,TOSSOFTHECOIN,MARSHALL W. SILVERMAN AGENT FOR PENNLAND FARM,NOT SOLD,9500,,2010-03-20,PENNSYLVANIA,I-J,,MARSHALL W. SILVERMAN AGENT FOR PENNLAND FARM,,
Eastern Fall Yearlings (2011),2011-10-05,424,B,F,JOHANNESBURG,AARON'S TERMS,PRIVATE TERMS,MARSHALL W. SILVERMAN AGENT,FRANCIS J PAOLANGELI,52000,,2010-04-02,NEW YORK,I-J,,MARSHALL W. SILVERMAN AGENT,,
Eastern Fall Yearlings (2011),2011-10-05,425,B,F,VALUE PLUS,ABBICADABRA,CITIDANCER,BECKY MERKEL AGENT,OUT,0,,2010-03-15,PENNSYLVANIA,K-L,,BECKY MERKEL AGENT,,
Eastern Fall Yearlings (2011),2011-10-05,426,B,F,FAIRBANKS,ACCADIA ROCKET,BOLD RUCKUS,BILL REIGHTLER AGENT,OUT,0,,2010-04-07,PENNSYLVANIA,C-D,,BILL REIGHTLER AGENT,,
Eastern Fall Yearlings (2011),2011-10-05,427,B,C,SCIPION,AFFAIR WITH MOLLY,BLACK TIE AFFAIR (IRE),MARSHALL W. SILVERMAN AGENT,DONNA G DENNEHY,5200,,2010-03-07,MARYLAND,I-J,,MARSHALL W. SILVERMAN AGENT,,
Eastern Fall Yearlings (2011),2011-10-05,428,DKB,C,BADGE OF SILVER,AIR ADAIR,STORM CAT,DERRY MEETING FARM AGENT,TIM WOOLLEY,2000,Y,2010-05-04,PENNSYLVANIA,J,,DERRY MEETING FARM AGENT,,
Eastern Fall Yearlings (2011),2011-10-05,429,CH,F,FROST GIANT,AISLING'S GIFT,HENNESSY,HARRY L. LANDRY BLOODSTOCK LLC AGENT FOR HENRY C. & LANCE FR,NOT SOLD,1000,,2010-04-08,NEW YORK,F-G,,HARRY L. LANDRY BLOODSTOCK LLC AGENT FOR HENRY C. & LANCE FR,,
Eastern Fall Yearlings (2011),2011-10-05,430,B,F,LION HEART,ALDAVALI,CITY ZIP,PARAMOUNT SALES AGENT II,NEW YORK ONE,40000,,2010-04-17,NEW YORK,J-K,,PARAMOUNT SALES AGENT II,,
Eastern Fall Yearlings (2011),2011-10-05,431,CH,C,ROARING FEVER,ALEXANDRA'S ANGEL,TWO PUNCH,RHAPSODY FARM LLC/HIDDEN LAKE FARM LLC AGENTS,ANDREA G LEMATTA,2000,,2010-05-06,NEW YORK,G,,RHAPSODY FARM LLC/HIDDEN LAKE FARM LLC AGENTS,,
Eastern Fall Yearlings (2011),2011-10-05,432,B,F,BORREGO,AL MAX DINER,END SWEEP,BUCK POND FARM (DOUGLAS S. ARNOLD) AGENT,RSB FARM,10000,,2010-03-14,KENTUCKY,H,,BUCK POND FARM (DOUGLAS S. ARNOLD) AGENT,,
Eastern Fall Yearlings (2011),2011-10-05,433,B,F,TOUCH GOLD,ALMOST PARADISE,ALLEN'S PROSPECT,THORNMAR FARM LLC,OUT,0,,2010-04-19,MARYLAND,I,,THORNMAR FARM LLC,,
Eastern Fall Yearlings (2011),2011-10-05,434,B,C,GRAEME HALL,ALPHABET STAR,ALPHABET SOUP,PARAMOUNT SALES AGENT VI,WILLOW RACING LLC,2100,,2010-03-28,PENNSYLVANIA,J-K,,PARAMOUNT SALES AGENT VI,,
Eastern Fall Yearlings (2011),2011-10-05,435,DKB,C,FREUD,ALYANDOVER,ALYDAR,RHAPSODY FARM LLC/HIDDEN LAKE FARM LLC AGENTS FOR DIANE CARD,F H M B,60000,,2010-06-09,NEW YORK,G,,RHAPSODY FARM LLC/HIDDEN LAKE FARM LLC AGENTS FOR DIANE CARD,,
Eastern Fall Yearlings (2011),2011-10-05,436,CH,C,LION HEART,AMY'S GOLD,STRIKE THE GOLD,SALLY THOMAS AGENT,NOT SOLD,7000,,2010-02-22,VIRGINIA,I,,SALLY THOMAS AGENT,,
Eastern Fall Yearlings (2011),2011-10-05,437,CH,F,PURE PRIZE,ANOTHER JEWEL,DIAMOND,BILL REIGHTLER AGENT,OUT,0,,2010-03-30,PENNSYLVANIA,C-D,,BILL REIGHTLER AGENT,,
Eastern Fall Yearlings (2011),2011-10-05,438,DKB,C,HORSE GREELEY,ANOTHER PAR THREE,SPINNING WORLD,HIGHCLERE SALES AGENT II,LARRY H & DONNA K BOYD,3700,,2010-02-06,PENNSYLVANIA,D,,HIGHCLERE SALES AGENT II,,
Eastern Fall Yearlings (2011),2011-10-05,439,CH,C,STREET BOSS,APOGEE,STAR DE NASKRA,SALLY THOMAS AGENT,NOT SOLD,19000,,2010-05-21,VIRGINIA,I,,SALLY THOMAS AGENT,,
Eastern Fall Yearlings (2011),2011-10-05,440,B,F,STORMELLO,APRIL GATOR,GREEN ALLIGATOR,THORNMAR FARM LLC,PATRICK F MAZZIOTTA,12000,,2010-04-18,MARYLAND,I,,THORNMAR FARM LLC,,
Eastern Fall Yearlings (2011),2011-10-05,441,CH,C,STREET BOSS,ARABIC DANCER,WOODMAN,RHAPSODY FARM LLC/HIDDEN LAKE FARM LLC AGENTS,NORTHSHORE BLOODSTOCK LTD,87000,,2010-04-26,NEW YORK,G,,RHAPSODY FARM LLC/HIDDEN LAKE FARM LLC AGENTS,,
Eastern Fall Yearlings (2011),2011-10-05,442,DKB,C,SPRING AT LAST,ARCH DE LEE,ARCH,BECKY DAVIS INC. AGENT,CRUPI'S NEW CASTLE FARM INC,10000,,2010-03-24,PENNSYLVANIA,A-B,,BECKY DAVIS INC. AGENT,,
Eastern Fall Yearlings (2011),2011-10-05,443,B,F,ROCK HARD TEN,ART FAIR,AIR FORBES WON,FAIRLAWN FARM,OUT,0,,2010-03-08,KENTUCKY,A,,FAIRLAWN FARM,,
Eastern Fall Yearlings (2011),2011-10-05,445,CH,C,INDYGO SHINER,ARTISTRY,THEATRICAL (IRE),BILL REIGHTLER AGENT FOR SILVER OAKS FARM PARTNERS,NOT SOLD,24000,,2010-03-03,KENTUCKY,C-D,,BILL REIGHTLER AGENT FOR SILVER OAKS FARM PARTNERS,,
Eastern Fall Yearlings (2011),2011-10-05,446,DKB,F,SOUTHERN IMAGE,ASHEVILLE,CLEVER TRICK,MARSHALL W. SILVERMAN AGENT FOR WINTICKETT FARM LLC,CHARLES J CELLA,70000,,2010-03-25,KENTUCKY,I-J,,MARSHALL W. SILVERMAN AGENT FOR WINTICKETT FARM LLC,,
Eastern Fall Yearlings (2011),2011-10-05,447,B,G,DANCE WITH RAVENS,AUNT ELAINE,CHARISMATIC,MARSHALL W. SILVERMAN AGENT FOR BUCKINGHAM FARM,ANDREW J HAWTHORNE,3200,,2010-04-15,MARYLAND,I-J,,MARSHALL W. SILVERMAN AGENT FOR BUCKINGHAM FARM,,
Eastern Fall Yearlings (2011),2011-10-05,448,CH,C,GREELEY'S GALAXY,AVIE'S JILL,LORD AVIE,PARAMOUNT SALES AGENT V,DAVID MCKATHAN,5000,,2010-04-26,NEW YORK,J-K,,PARAMOUNT SALES AGENT V,,
Eastern Fall Yearlings (2011),2011-10-05,449,B,F,MIRACLE MAN,AWESOME GAL,SKY CLASSIC,DARBY DAN FARM AGENT FOR MIRACLE MAN RACING PARTNERS LLC,NOT SOLD,1000,,2010-02-17,NEW YORK,I,,DARBY DAN FARM AGENT FOR MIRACLE MAN RACING PARTNERS LLC,,
Eastern Fall Yearlings (2011),2011-10-05,450,B,F,MORE SMOKE,AWHIM,SLAVIC,MARSHALL W. SILVERMAN AGENT,NOT SOLD,1000,,2010-04-03,PENNSYLVANIA,I-J,,MARSHALL W. SILVERMAN AGENT,,
Eastern Fall Yearlings (2011),2011-10-05,451,B,C,SENOR SWINGER,A WONDER SHE IS,THREE WONDERS,SALLY THOMAS AGENT,JOSEPH ORSENO,9000,Y,2010-03-31,PENNSYLVANIA,I,,SALLY THOMAS AGENT,,
Eastern Fall Yearlings (2011),2011-10-05,452,DKB,C,INDYGO SHINER,BACK IN TIME,EMPIRE MAKER,MARSHALL W. SILVERMAN AGENT,VINERY BLOODSTOCK,45000,,2010-02-21,KENTUCKY,I-J,,MARSHALL W. SILVERMAN AGENT,,
Eastern Fall Yearlings (2011),2011-10-05,453,DKB,F,TWO PUNCH,BAG OF STARS,DEVIL'S BAG,NORTHVIEW STALLION STATION (DAVID WADE) AGENT,PHILLIP WARD,2200,,2010-03-16,PENNSYLVANIA,A-B,,NORTHVIEW STALLION STATION (DAVID WADE) AGENT,,
Eastern Fall Yearlings (2011),2011-10-05,454,DKB,F,ZANJERO,BAHAMA MISS,ALLEN'S PROSPECT,ALLIED BLOODSTOCK AGENT II,MATTHEW T GROFF,10000,,2010-04-07,KENTUCKY,J-K,,ALLIED BLOODSTOCK AGENT II,,
Eastern Fall Yearlings (2011),2011-10-05,455,CH,F,BORREGO,BALESTRA,GRAND SLAM,BUCK POND FARM (DOUGLAS S. ARNOLD) AGENT,NOT SOLD,6000,,2010-04-23,KENTUCKY,H,,BUCK POND FARM (DOUGLAS S. ARNOLD) AGENT,,
Eastern Fall Yearlings (2011),2011-10-05,456,B,C,DANCE WITH RAVENS,BAMBA,NOT FOR LOVE,CHARLTON (MR. & MRS. RICK ABBOTT) AGENT,OLLIE L FIGGINS III,4000,,2010-04-23,MARYLAND,J-K,,CHARLTON (MR. & MRS. RICK ABBOTT) AGENT,,
Eastern Fall Yearlings (2011),2011-10-05,457,B,C,HENRYTHENAVIGATOR,BANDANNA LADY,EL PRADO (IRE),HARRY L. LANDRY BLOODSTOCK LLC AGENT,JAMES MCINGVALE,16000,,2010-04-14,KENTUCKY,F-G,,HARRY L. LANDRY BLOODSTOCK LLC AGENT,,
Eastern Fall Yearlings (2011),2011-10-05,458,B,F,MIDAS EYES,BANKRUPT,STOP THE MUSIC,HARRY L. LANDRY BLOODSTOCK LLC AGENT,NOT SOLD,1000,,2010-04-05,NEW JERSEY,F-G,,HARRY L. LANDRY BLOODSTOCK LLC AGENT,,
Eastern Fall Yearlings (2011),2011-10-05,459,B,C,UTOPIA (JPN),BANNER QUEEN,PERSONAL FLAG,MCMAHON OF SARATOGA THOROUGHBREDS LLC AGENT,OUT,0,,2010-04-18,NEW YORK,F-G,,MCMAHON OF SARATOGA THOROUGHBREDS LLC AGENT,,
Eastern Fall Yearlings (2011),2011-10-05,460,B,C,WAR CHANT,BEAS BLACKEYEDSUE,FORESTRY,MARSHALL W. SILVERMAN AGENT,NOT SOLD,1200,,2010-03-10,MARYLAND,I-J,,MARSHALL W. SILVERMAN AGENT,,
Eastern Fall Yearlings (2011),2011-10-05,461,CH,F,CITY ZIP,BEAUTIFUL MOMENT,CRUSADER SWORD,BACCARI BLOODSTOCK LLC AGENT I,NOT SOLD,60000,,2010-05-19,KENTUCKY,J,,BACCARI BLOODSTOCK LLC AGENT I,,
Eastern Fall Yearlings (2011),2011-10-05,462,B,F,TWO PUNCH,BEAUTY BRUSH,BROAD BRUSH,PARAMOUNT SALES AGENT I,EPONA RACING STABLE,24000,,2010-05-07,PENNSYLVANIA,J-K,,PARAMOUNT SALES AGENT I,,
Eastern Fall Yearlings (2011),2011-10-05,463,B,F,WILDCAT HEIR,BEDROOM BLUES,CURE THE BLUES,PARAMOUNT SALES AGENT VI,STEVE KLESARIS,23000,,2010-03-08,PENNSYLVANIA,J-K,,PARAMOUNT SALES AGENT VI,,
Eastern Fall Yearlings (2011),2011-10-05,464,CH,F,BIRDSTONE,BELLE CHANT,WAR CHANT,BUCK POND FARM (DOUGLAS S. ARNOLD) AGENT,ADENA SPRINGS,32000,,2010-02-12,KENTUCKY,H,,BUCK POND FARM (DOUGLAS S. ARNOLD) AGENT,,
Eastern Fall Yearlings (2011),2011-10-05,465,GRR,C,TWO PUNCH,BERKSHIRE SHOPPER,CARR DE NASKRA,THORNMAR FARM LLC,NOT SOLD,9500,,2010-04-14,MARYLAND,I,,THORNMAR FARM LLC,,
Eastern Fall Yearlings (2011),2011-10-05,466,CH,F,NOBLE CAUSEWAY,BID OF GENIUS,BEAU GENIUS,JAMES M. HERBENER JR. AGENT,DEBBIE EASTER FOR PETER DEUTCH,50000,,2010-04-21,NEW YORK,A,,JAMES M. HERBENER JR. AGENT,,
Eastern Fall Yearlings (2011),2011-10-05,467,B,C,GRAND SLAM,BIG CITY DREAM,HORATIUS,CHARLTON (MR. & MRS. RICK ABBOTT) AGENT,OUT,0,,2010-04-18,MARYLAND,J-K,,CHARLTON (MR. & MRS. RICK ABBOTT) AGENT,,
Eastern Fall Yearlings (2011),2011-10-05,468,B,F,TALE OF THE CAT,BLACK FOOT BEAUTY,DEVIL'S BAG,MCMAHON OF SARATOGA THOROUGHBREDS LLC AGENT,GMEC RACING,10000,,2010-05-01,NEW YORK,F-G,,MCMAHON OF SARATOGA THOROUGHBREDS LLC AGENT,,
Eastern Fall Yearlings (2011),2011-10-05,469,DKB,F,GIMMEAWINK,BLUE FLARE,PHONE TRICK,BECKY MERKEL AGENT,OUT,0,,2010-02-09,PENNSYLVANIA,K-L,,BECKY MERKEL AGENT,,
Eastern Fall Yearlings (2011),2011-10-05,470,DKB,C,STREET HERO,BOJANGLE'S CAT,TABASCO CAT,SELECT SALES AGENT,ALL IN SALES,3500,Y,2010-03-07,KENTUCKY,L,,SELECT SALES AGENT,,
Eastern Fall Yearlings (2011),2011-10-05,471,CH,F,TWO PUNCH,BOLD N DARK,BOLD ANTHONY,BECKY MERKEL AGENT,OUT,0,,2010-03-23,PENNSYLVANIA,K-L,,BECKY MERKEL AGENT,,
Eastern Fall Yearlings (2011),2011-10-05,472,DKB,C,DONERAILE COURT,BOOTSIEBLUEBEAR,NEPAL,DARBY DAN FARM AGENT,STEVE KLESARIS,10000,,2010-01-26,PENNSYLVANIA,I,,DARBY DAN FARM AGENT,,
Eastern Fall Yearlings (2011),2011-10-05,473,B,C,SILVER TRAIN,BREACH OF PROMISE,CARSON CITY,BUCK POND FARM (DOUGLAS S. ARNOLD) AGENT,NOT SOLD,14000,,2010-05-15,KENTUCKY,H,,BUCK POND FARM (DOUGLAS S. ARNOLD) AGENT,,
Eastern Fall Yearlings (2011),2011-10-05,474,DKB,F,ANY GIVEN SATURDAY,BRIDAL PATH,ALPHABET SOUP,PARAMOUNT SALES AGENT IX,CHRISTOPHER & TERRY SHANE,4000,,2010-04-21,NEW YORK,J-K,,PARAMOUNT SALES AGENT IX,,
Eastern Fall Yearlings (2011),2011-10-05,475,DKB,F,PULPIT,BRIDGE GAME,GIANT'S CAUSEWAY,BLUEWATER SALES LLC AGENT VIII,OUT,0,,2010-03-06,KENTUCKY,E,,BLUEWATER SALES LLC AGENT VIII,,
Eastern Fall Yearlings (2011),2011-10-05,476,CH,F,ARAGORN (IRE),BRIGHT 'N EARLY,NORTHERN JOVE,DARK HOLLOW AGENT,OUT,0,,2010-01-28,FLORIDA,K,,DARK HOLLOW AGENT,,
Eastern Fall Yearlings (2011),2011-10-05,477,GRR,F,NOT FOR LOVE,BRUSH THE RAIL,BROAD BRUSH,PAULS MILL BLOODSTOCK AGENT,OUT,0,,2010-04-13,NEW JERSEY,E,,PAULS MILL BLOODSTOCK AGENT,,
Eastern Fall Yearlings (2011),2011-10-05,478,B,F,REAL QUIET,BUFF 'N POLISH,POLISH NUMBERS,CHARLTON (MR. & MRS. RICK ABBOTT) AGENT FOR WELCOME HERE FAR,MICHAEL SALERNO,3500,,2010-03-29,PENNSYLVANIA,J-K,,CHARLTON (MR. & MRS. RICK ABBOTT) AGENT FOR WELCOME HERE FAR,,
Eastern Fall Yearlings (2011),2011-10-05,479,B,C,CONGAREE,BUSHEL AND A PECK,NUMEROUS,THORNMAR FARM LLC,VERNON J ALLINSON,1500,,2010-02-23,MARYLAND,I,,THORNMAR FARM LLC,,
Eastern Fall Yearlings (2011),2011-10-05,480,CH,C,ECCLESIASTIC,BUTTERFIELD EIGHT,CHARLIE BARLEY,EXTRA ACRES FARM,NOT SOLD,1000,,2010-05-17,PENNSYLVANIA,H,,EXTRA ACRES FARM,,
Eastern Fall Yearlings (2011),2011-10-05,481,CH,C,PUT IT BACK,BYE BYE KATIE PIE,ROBYN DANCER,BECKY MERKEL AGENT,ALL IN SALES,15000,,2010-02-26,PENNSYLVANIA,K-L,,BECKY MERKEL AGENT,,
Eastern Fall Yearlings (2011),2011-10-05,482,B,F,SIMON PURE,CADILLAC BLACK,MAJESTIC LIGHT,BACCARI BLOODSTOCK LLC AGENT I,OUT,0,,2010-04-08,FLORIDA,J,,BACCARI BLOODSTOCK LLC AGENT I,,
Eastern Fall Yearlings (2011),2011-10-05,483,DKB,F,FAIRBANKS,CAJUN DOLL,DIXIELAND BAND,LITZ BLOODSTOCK SERVICES AGENT FOR SCHROCK FARMS LLC,OUT,0,,2010-03-26,PENNSYLVANIA,J,,LITZ BLOODSTOCK SERVICES AGENT FOR SCHROCK FARMS LLC,,
Eastern Fall Yearlings (2011),2011-10-05,484,DKB,F,FOREST DANGER,CANADIAN ALLIANCE,PRIVATE TERMS,TAKARO FARM,NOT SOLD,1500,,2010-03-28,WEST VIRGINIA,E,,TAKARO FARM,,
Eastern Fall Yearlings (2011),2011-10-05,485,GRR,C,GREEK SUN,CAPOTE'S NINER,CAPOTE,MARATHON FARMS,ROBIN L GRAHAM,2000,,2010-04-28,MARYLAND,D,,MARATHON FARMS,,
Eastern Fall Yearlings (2011),2011-10-05,486,GRR,F,SMOKE GLACKEN,CAREFREE FLYER,ZILZAL,MARSHALL W. SILVERMAN AGENT,DOVE HOUGHTON,3500,,2010-04-29,KENTUCKY,I-J,,MARSHALL W. SILVERMAN AGENT,,
Eastern Fall Yearlings (2011),2011-10-05,487,DKB,C,DANCE WITH RAVENS,CARNA,DEHERE,MARSHALL W. SILVERMAN AGENT FOR FOXHARBOR FARM,DALE CAPUANO,3200,,2010-04-24,MARYLAND,I-J,,MARSHALL W. SILVERMAN AGENT FOR FOXHARBOR FARM,,
Eastern Fall Yearlings (2011),2011-10-05,488,CH,C,SALUTE THE SARGE,CAROL'S AMORE,TWO PUNCH,BILL MURPHY AGENT I,ALL IN SALES,38000,,2010-05-05,FLORIDA,K,,BILL MURPHY AGENT I,,
Eastern Fall Yearlings (2011),2011-10-05,489,B,C,DANCE WITH RAVENS,CATALITA,MOUNTAIN CAT,THORNMAR FARM LLC,JAMES C KIRK,7500,,2010-02-27,MARYLAND,I,,THORNMAR FARM LLC,,
Eastern Fall Yearlings (2011),2011-10-05,490,B,F,STONESIDER,CAUCUS,GENERAL MEETING,HIGHCLERE SALES AGENT I,AURORA SPRINGS STABLE,1500,,2010-03-21,NEW YORK,D,,HIGHCLERE SALES AGENT I,,
Eastern Fall Yearlings (2011),2011-10-05,491,B,F,AFLEET ALEX,CERVANTE (AUS),KING'S THEATRE (IRE),CHARLTON (MR. & MRS. RICK ABBOTT) AGENT FOR CJZ RACING & TIM,JAMES MCINGVALE,35000,,2010-02-10,PENNSYLVANIA,J-K,,CHARLTON (MR. & MRS. RICK ABBOTT) AGENT FOR CJZ RACING & TIM,,
Eastern Fall Yearlings (2011),2011-10-05,492,DKB,F,WAR PASS,CHARADE QUEEN,A.P. INDY,MCMAHON OF SARATOGA THOROUGHBREDS LLC AGENT,NOT SOLD,47000,,2010-03-07,NEW YORK,F-G,,MCMAHON OF SARATOGA THOROUGHBREDS LLC AGENT,,
Eastern Fall Yearlings (2011),2011-10-05,493,B,C,FAMILY CALLING,CHERRY CORDIAL,NEPAL,BILL REIGHTLER AGENT FOR JEROME & MARIE ROSPERICH (STONEWALL,NOT SOLD,1000,,2010-03-31,WEST VIRGINIA,C-D,,BILL REIGHTLER AGENT FOR JEROME & MARIE ROSPERICH (STONEWALL,,
Eastern Fall Yearlings (2011),2011-10-05,494,B,C,HARLAN'S HOLIDAY,CHRISTMAS STRIKE,SMART STRIKE,CHARLTON (MR. & MRS. RICK ABBOTT) AGENT,BARLAR LLC,180000,,2010-04-18,PENNSYLVANIA,J-K,,CHARLTON (MR. & MRS. RICK ABBOTT) AGENT,,
Eastern Fall Yearlings (2011),2011-10-05,495,B,C,CONGAREE,CIELO GIRL,CONQUISTADOR CIELO,WARRENDALE SALES AGENT FOR LAZY LANE FARMS LLC,NICK ZAVOLAS,10500,,2010-02-23,VIRGINIA,A,,WARRENDALE SALES AGENT FOR LAZY LANE FARMS LLC,,
Eastern Fall Yearlings (2011),2011-10-05,496,DKB,F,SILVER TRAIN,CHATTALE,TALE OF THE CAT,LITZ BLOODSTOCK SERVICES AGENT,VERNON J ALLINSON,9000,,2010-02-07,KENTUCKY,J,,LITZ BLOODSTOCK SERVICES AGENT,,
Eastern Fall Yearlings (2011),2011-10-05,497,B,F,NOT FOR LOVE,CIRCUMSTANCIAL,IN CASE,SUMMER WIND FARM AGENT,DALE CAPUANO,8200,,2010-02-12,MARYLAND,B,,SUMMER WIND FARM AGENT,,
Eastern Fall Yearlings (2011),2011-10-05,498,CH,C,LEMON DROP KID,CLASSIC THREAT,REGAL CLASSIC,MARSHALL W. SILVERMAN AGENT,ADENA SPRINGS,75000,,2010-03-09,MARYLAND,I-J,,MARSHALL W. SILVERMAN AGENT,,
Eastern Fall Yearlings (2011),2011-10-05,499,B,C,SKY MESA,CLASSIQUE,PLEASANT COLONY,MARSHALL W. SILVERMAN AGENT,STEVEN R BROWN,30000,,2010-05-04,MARYLAND,I-J,,MARSHALL W. SILVERMAN AGENT,,
Eastern Fall Yearlings (2011),2011-10-05,500,B,C,SUCCESSFUL APPEAL,CLEVER HOU,HOUSTON,ST. GEORGE SALES AGENT III,DAVID SCANLON AGENT,40000,,2010-03-21,KENTUCKY,K,,ST. GEORGE SALES AGENT III,,
Eastern Fall Yearlings (2011),2011-10-05,501,B,F,SILVER TRAIN,CLEVERITA,CLEVER TRICK,RHAPSODY FARM LLC/HIDDEN LAKE FARM LLC AGENTS,NOT SOLD,5000,,2010-04-13,NEW YORK,G,,RHAPSODY FARM LLC/HIDDEN LAKE FARM LLC AGENTS,,
Eastern Fall Yearlings (2011),2011-10-05,502,DKB,F,SEEKING THE BEST (IRE),CODDLE CREEK,CONCORDE'S TUNE,CRANE THOROUGHBREDS AGENT,NOT SOLD,2500,,2010-04-16,PENNSYLVANIA,H,,CRANE THOROUGHBREDS AGENT,,
Eastern Fall Yearlings (2011),2011-10-05,503,CH,C,SUN KING,COESSE GOLD,SEEKING THE GOLD,BUCK POND FARM (DOUGLAS S. ARNOLD) AGENT,ADENA SPRINGS,15000,,2010-05-07,KENTUCKY,H,,BUCK POND FARM (DOUGLAS S. ARNOLD) AGENT,,
Eastern Fall Yearlings (2011),2011-10-05,504,B,F,HARLAN'S HOLIDAY,COUNTY FAIR,MR. PROSPECTOR,MARSHALL W. SILVERMAN AGENT FOR WINTICKETT FARM LLC,KAZ RACING,11000,,2010-03-21,KENTUCKY,I-J,,MARSHALL W. SILVERMAN AGENT FOR WINTICKETT FARM LLC,,
Eastern Fall Yearlings (2011),2011-10-05,505,DKB,F,SHARP HUMOR,COURT AND SPARK,DONERAILE COURT,DARBY DAN FARM AGENT,NEW YORK ONE,20000,,2010-01-29,NEW YORK,I,,DARBY DAN FARM AGENT,,
Eastern Fall Yearlings (2011),2011-10-05,506,GRR,F,NOT FOR LOVE,COZINNETA,COZZENE,NORTHVIEW STALLION STATION (DAVID WADE) AGENT,JOSEPH IMBESI,30000,,2010-03-25,PENNSYLVANIA,A-B,,NORTHVIEW STALLION STATION (DAVID WADE) AGENT,,
Eastern Fall Yearlings (2011),2011-10-05,507,B,C,MIRACLE MAN,CRAFTY COVE,CRAFTY C. T.,DARBY DAN FARM AGENT FOR MIRACLE MAN RACING PARTNERS LLC,NOT SOLD,1000,,2010-05-29,NEW YORK,I,,DARBY DAN FARM AGENT FOR MIRACLE MAN RACING PARTNERS LLC,,
Eastern Fall Yearlings (2011),2011-10-05,508,CH,F,INDYGO SHINER,CRAFTY QUEEN,CRAFTY PROSPECTOR,PARAMOUNT SALES AGENT XIV,VINERY BLOODSTOCK,50000,,2010-05-06,KENTUCKY,J-K,,PARAMOUNT SALES AGENT XIV,,
Eastern Fall Yearlings (2011),2011-10-05,509,B,C,A. P. WARRIOR,CRAFTY SARAH,CRAFTY FRIEND,BECKY MERKEL AGENT,RAMON PRECIADO,2000,,2010-02-17,PENNSYLVANIA,K-L,,BECKY MERKEL AGENT,,
Eastern Fall Yearlings (2011),2011-10-05,510,CH,F,EDDINGTON,CRAFTY TOAST,CRAFTY PROSPECTOR,BECKY MERKEL AGENT,AURORA SPRINGS STABLE,4500,,2010-05-05,PENNSYLVANIA,K-L,,BECKY MERKEL AGENT,,
Eastern Fall Yearlings (2011),2011-10-05,511,CH,C,FIRST SAMURAI,CROWN OF SHEBA,ALYSHEBA,BLUEWATER SALES LLC AGENT XXXIX,ELLEN M CHARLES,100000,,2010-04-08,KENTUCKY,E,,BLUEWATER SALES LLC AGENT XXXIX,,
Eastern Fall Yearlings (2011),2011-10-05,512,GRR,F,AFTER MARKET,CRYSTAL SWEET,HOLY BULL,PAULS MILL BLOODSTOCK AGENT,FRANCIS J PAOLANGELI,2500,,2010-01-27,NEW YORK,E,,PAULS MILL BLOODSTOCK AGENT,,
Eastern Fall Yearlings (2011),2011-10-05,513,DKB,C,LOVE OF MONEY,CUTLASS MISS,CUTLASS,BECKY MERKEL AGENT,OUT,0,,2010-04-09,PENNSYLVANIA,K-L,,BECKY MERKEL AGENT,,
Eastern Fall Yearlings (2011),2011-10-05,514,B,F,FRIENDLY ISLAND,CYBER RONA,DAVID,MONHILL FARM LLC,CHARLTON BAKER,1500,,2010-04-02,NEW YORK,H,,MONHILL FARM LLC,,
Eastern Fall Yearlings (2011),2011-10-05,515,GRR,C,VALUE PLUS,DAINTREE,REGAL AFFAIR,MARSHALL W. SILVERMAN AGENT,WEBB CARROLL,21000,,2010-04-09,KENTUCKY,I-J,,MARSHALL W. SILVERMAN AGENT,,
Eastern Fall Yearlings (2011),2011-10-05,516,CH,F,REAL QUIET,DANCE FOR JAN,CITIDANCER,CHARLTON (MR. & MRS. RICK ABBOTT) AGENT,TED HOOVER,5000,,2010-04-03,PENNSYLVANIA,J-K,,CHARLTON (MR. & MRS. RICK ABBOTT) AGENT,,
Eastern Fall Yearlings (2011),2011-10-05,517,CH,C,UTOPIA (JPN),DANCING LIEBLING,LORD AVIE,MCMAHON OF SARATOGA THOROUGHBREDS LLC AGENT,SUNSHINE EQUINE,10000,,2010-04-10,NEW YORK,F-G,,MCMAHON OF SARATOGA THOROUGHBREDS LLC AGENT,,
Eastern Fall Yearlings (2011),2011-10-05,518,B,C,FAIRBANKS,DARNESTOWN,WILLIAMSTOWN,SELECT SALES AGENT,OUT,0,,2010-01-27,PENNSYLVANIA,L,,SELECT SALES AGENT,,
Eastern Fall Yearlings (2011),2011-10-05,519,DKB,G,GO FOR GIN,DAYLIGHT LASSIE,SEEKING DAYLIGHT,CHANCELAND FARM AGENT FOR MARILYN DOETSCH,NOT SOLD,1000,,2010-02-23,MARYLAND,B-C,,CHANCELAND FARM AGENT FOR MARILYN DOETSCH,,
Eastern Fall Yearlings (2011),2011-10-05,520,GRR,C,SENOR SWINGER,DAY'S DONE,PRECISE END,BECKY MERKEL AGENT,ROBERT OLIVA,4000,,2010-03-29,PENNSYLVANIA,K-L,,BECKY MERKEL AGENT,,
Eastern Fall Yearlings (2011),2011-10-05,521,B,C,ANY GIVEN SATURDAY,DEEP IN DIXIE,DIXIE UNION,PARAMOUNT SALES AGENT XI,OUT,0,,2010-05-11,KENTUCKY,J-K,,PARAMOUNT SALES AGENT XI,,
Eastern Fall Yearlings (2011),2011-10-05,522,DKB,C,LION HEARTED,DEER CHASE,IRISH TOWER,THORNMAR FARM LLC,CHARLES FROCK,4200,,2010-02-22,MARYLAND,I,,THORNMAR FARM LLC,,
Eastern Fall Yearlings (2011),2011-10-05,523,CH,F,BELONG TO ME,DE ROSE COLONY,DEHERE,CARY FROMMER AGENT FOR TIMBER BAY (PHASE II OF COMPLETE DISP,CLASSIC BLOODSTOCK AGENT,18000,,2010-05-02,KENTUCKY,D,,CARY FROMMER AGENT FOR TIMBER BAY (PHASE II OF COMPLETE DISP,,
Eastern Fall Yearlings (2011),2011-10-05,524,B,C,READ THE FOOTNOTES,DESIRED TRAIT,E DUBAI,RHAPSODY FARM LLC/HIDDEN LAKE FARM LLC AGENTS,OUT,0,,2010-02-27,NEW YORK,G,,RHAPSODY FARM LLC/HIDDEN LAKE FARM LLC AGENTS,,
Eastern Fall Yearlings (2011),2011-10-05,525,DKB,F,GO FOR GIN,DINGLE DANDY,CONQUISTADOR CIELO,CHANCELAND FARM AGENT FOR MARILYN DOETSCH,OUT,0,,2010-03-17,MARYLAND,B-C,,CHANCELAND FARM AGENT FOR MARILYN DOETSCH,,
Eastern Fall Yearlings (2011),2011-10-05,526,CH,F,MALIBU MOON,DISCO DARLIN',CITIDANCER,CANDYLAND AGENT FOR CLASSIC THOROUGHBRED XVIII,NOT SOLD,72000,,2010-05-14,PENNSYLVANIA,C,,CANDYLAND AGENT FOR CLASSIC THOROUGHBRED XVIII,,
Eastern Fall Yearlings (2011),2011-10-05,527,CH,F,UTOPIA (JPN),DISCOVER SILVER,VALID APPEAL,MCMAHON OF SARATOGA THOROUGHBREDS LLC AGENT,OUT,0,,2010-03-03,NEW YORK,F-G,,MCMAHON OF SARATOGA THOROUGHBREDS LLC AGENT,,
Eastern Fall Yearlings (2011),2011-10-05,528,B,C,OUTFLANKER,DISTANT STAR,A.P. INDY,BILL REIGHTLER AGENT,LEO S NECHAMKIN II,1000,,2010-03-29,MARYLAND,C-D,,BILL REIGHTLER AGENT,,
Eastern Fall Yearlings (2011),2011-10-05,529,CH,C,FIVE STAR DAY,DIXIE'S HALO,DIXIE BRASS,MARSHALL W. SILVERMAN AGENT,TIMOTHY COLLINS,1200,,2010-03-19,PENNSYLVANIA,I-J,,MARSHALL W. SILVERMAN AGENT,,
Eastern Fall Yearlings (2011),2011-10-05,530,B,C,STRONG HOPE,DOCTORESSA,DOC'S LEADER,MORGAN'S FORD FARM,NOT SOLD,10000,,2010-04-16,VIRGINIA,I,,MORGAN'S FORD FARM,,
Eastern Fall Yearlings (2011),2011-10-05,531,B,C,EXCHANGE RATE,DOLL BABY,CITIDANCER,PARAMOUNT SALES AGENT VI,STEVEN R BROWN,25000,,2010-05-18,PENNSYLVANIA,J-K,,PARAMOUNT SALES AGENT VI,,
Eastern Fall Yearlings (2011),2011-10-05,532,CH,C,PLEASANT TAP,DONNA MIRA,DIESIS (GB),HARRY L. LANDRY BLOODSTOCK LLC AGENT,NEW YORK ONE,35000,,2010-03-02,NEW YORK,F-G,,HARRY L. LANDRY BLOODSTOCK LLC AGENT,,
Eastern Fall Yearlings (2011),2011-10-05,533,GRR,C,VALUE PLUS,DOUBLE DOUBLEVILLE,MT. LIVERMORE,SCOTT VAN LAER AGENT,ROBIN CARROLL,7500,,2010-02-07,NEW YORK,E,,SCOTT VAN LAER AGENT,,
Eastern Fall Yearlings (2011),2011-10-05,534,DKB,F,BUSTIN STONES,DOYOURTHING,KNOWN FACT,BILL REIGHTLER AGENT FOR BRENDAN MULLERY,BRENDAN MULLERY,20000,,2010-02-09,NEW YORK,C-D,,BILL REIGHTLER AGENT FOR BRENDAN MULLERY,,
Eastern Fall Yearlings (2011),2011-10-05,535,DKB,F,CORINTHIAN,DREAM STREET,TALE OF THE CAT,VAN METER SALES AGENT I,OUT,0,,2010-04-13,KENTUCKY,K,,VAN METER SALES AGENT I,,
