SALE TITLE,SESSION,HIP,COLOR,SEX,SIRE,DAM,SIRE OF DAM,PROPERTY LINE,PURCHASER,PRICE,PRIVATE SALE,YEAR OF BIRTH,FOALED,BARN,COVER DATE,SOLD AS DESCRIPTION,VIRTUAL INSPECTION
Kentucky October Yearlings (2019),2019-10-21,1,DKB,C,PERFECT SOUL (IRE),AARONESS,DISTORTED HUMOR,PARAMOUNT SALES AGENT XXI,GRASSROOTS TRN & SALES LLC,10000,,05/05/2018,ONTARIO,20,,,
Kentucky October Yearlings (2019),2019-10-21,2,CH,C,NYQUIST,ABUNDANTLY CLEAR,PULPIT,CHILLY BLEAK FARM AGENT,BOBFELD BLOODSTOCK INC,110000,,03/25/2018,KENTUCKY,7,,,
Kentucky October Yearlings (2019),2019-10-21,3,CH,F,NOT THIS TIME,ABUNTIA,OLMODAVOR,TAYLOR MADE SALES AGENCY AGENT XXVI,OUT,0,,02/18/2018,KENTUCKY,22 &23,,,
Kentucky October Yearlings (2019),2019-10-21,4,B,C,TWIRLING CANDY,ADA CLARE,FOREST WILDCAT,BROOKDALE SALES AGENT FOR JACK SWAIN,TAPROOM FOR IHR/TDM PINHOOK,40000,,04/08/2018,KENTUCKY,17,,,
Kentucky October Yearlings (2019),2019-10-21,5,CH,F,JACK MILTON,ADAMAS,CORINTHIAN,BETTERSWORTH WESTWIND FARMS,NOT SOLD,9000,,05/21/2018,KENTUCKY,8,,,
Kentucky October Yearlings (2019),2019-10-21,6,B,F,RUN AWAY AND HIDE,ADAPT,AWESOME AGAIN,BILL MURPHY AGENT IX,STEPHENS THOROUGHBREDS,10000,Y,04/08/2018,KENTUCKY,19,,,
Kentucky October Yearlings (2019),2019-10-21,7,GRR,C,RUNHAPPY,ADDISON RUN,UNBRIDLED'S SONG,SELECT SALES AGENT XVII,OUT,0,,02/27/2018,KENTUCKY,6,,,
Kentucky October Yearlings (2019),2019-10-21,8,B,F,AMERICAN PHAROAH,ADORABLE,SMART STRIKE,PARAMOUNT SALES AGENT VI,P MILLER EQB INC. AGENT,90000,,03/27/2018,KENTUCKY,20,,,
Kentucky October Yearlings (2019),2019-10-21,9,DKB,C,INTO MISCHIEF,ADORABLE AND SMART,GULCH,TAYLOR MADE SALES AGENCY AGENT XXVII,NOT SOLD,22000,,07/17/2018,KENTUCKY,22 &23,,,
Kentucky October Yearlings (2019),2019-10-21,10,B,F,DANZA,AFLEET BABE,NORTHERN AFLEET,BRANDYWINE FARM (JIM & PAM ROBINSON),JENNIFER EVANCIC,1000,Y,03/09/2018,KENTUCKY,15,,,
Kentucky October Yearlings (2019),2019-10-21,11,DKB,F,MINESHAFT,AFLEETING LISA,AFLEET ALEX,DENALI STUD AGENT XXI,J C CORPERATION,2000,,04/12/2018,KENTUCKY,1&2,,,
Kentucky October Yearlings (2019),2019-10-21,12,B,C,ANCHOR DOWN,AFLEET LASS,NORTHERN AFLEET,GAINESWAY AGENT V,JUSTIN WOJCZYNSKI,40000,,04/11/2018,KENTUCKY,5&6,,,
Kentucky October Yearlings (2019),2019-10-21,13,B,F,TAMARKUZ,AFRAAH,HARD SPUN,BLUEWATER SALES LLC AGENT I,TOTAL BLOODSTOCK LLC,1000,Y,04/14/2018,KENTUCKY,21,,,
Kentucky October Yearlings (2019),2019-10-21,14,DKB,C,AMERICAIN,AFRICAN CHARM,JOHANNESBURG,FORBUSH FARM,NOT SOLD,9000,,03/20/2018,KENTUCKY,14,,,
Kentucky October Yearlings (2019),2019-10-21,15,B,C,BRODY'S CAUSE,AGADES,TO HONOR AND SERVE,INDIAN CREEK AGENT,NOT SOLD,47000,,04/03/2018,KENTUCKY,11,,,
Kentucky October Yearlings (2019),2019-10-21,16,B,F,EXAGGERATOR,AGIFTFROMSERVICE,SERVICE STRIPE,BUCKLAND SALES (ZACH MADDEN) AGENT I,GRASSROOTS TRN & SALES LLC,12000,,03/14/2018,KENTUCKY,20,,,
Kentucky October Yearlings (2019),2019-10-21,17,B,C,KANTHAROS,AGRESSIVE ELEGANCE,MACHO UNO,SHEPPELL THOROUGHBREDS AGENT,BRICK CITY THOROUGHBREDS,47000,,04/20/2018,OHIO,21,,,
Kentucky October Yearlings (2019),2019-10-21,18,GRR,F,MEDAGLIA D'ORO,AGUILERA,UNBRIDLED'S SONG,BACCARI BLOODSTOCK LLC AGENT II,STEVEN W YOUNG AGENT,350000,,04/23/2018,KENTUCKY,11,,,http://www.thorostride.com/sales/fasig-tipton-ky-october-2019-hip-18
Kentucky October Yearlings (2019),2019-10-21,19,CH,C,MIDSHIPMAN,AIN'T IT SWEEP,END SWEEP,SOUTH POINT SALES AGENCY AGENT XIX,NOT SOLD,24000,,03/26/2018,FLORIDA,18,,,http://www.thorostride.com/sales/fasig-tipton-ky-october-2019-hip-19
Kentucky October Yearlings (2019),2019-10-21,20,CH,F,KITTEN'S JOY,AIREOFDISTINCTION,SONGANDAPRAYER,RAMSEY FARM AGENT,NOT SOLD,39000,,03/01/2018,KENTUCKY,21,,,
Kentucky October Yearlings (2019),2019-10-21,21,B,C,SHAKIN IT UP,AIR WON TIME,GILDED TIME,LITTLE'S BLOODSTOCK LLC AGENT,NOT SOLD,1000,,01/28/2018,KENTUCKY,19,,,
Kentucky October Yearlings (2019),2019-10-21,22,CH,C,PALACE,A J'S GAL,MONASHEE MOUNTAIN,VINERY SALES AGENT II,S.R.O.A. (K.O.I.D.),25000,,03/30/2018,KENTUCKY,22 &23,,,
Kentucky October Yearlings (2019),2019-10-21,23,B,C,NOBLE MISSION (GB),A LADY WITH AN ACE,FIRST SAMURAI,ST GEORGE SALES AGENT XIX,NOT SOLD,47000,,02/19/2018,PENNSYLVANIA,10,,,
Kentucky October Yearlings (2019),2019-10-21,24,B,C,MORNING LINE,ALESSANDRA,NOTIONAL,BILL MURPHY AGENT XIII,NOT SOLD,100000,,03/15/2018,KENTUCKY,19,,,
Kentucky October Yearlings (2019),2019-10-21,25,B,C,OVERANALYZE,ALEXANDRIA WA,BLUEGRASS CAT,ST GEORGE SALES AGENT I,TARI BROCKLEBANK AGENT,20000,,05/15/2018,PENNSYLVANIA,10,,,
Kentucky October Yearlings (2019),2019-10-21,26,CH,F,VERRAZANO,ALHUCEMA,ALDEBARAN,BLUEWATER SALES LLC AGENT II,OUT,0,,03/14/2018,KENTUCKY,21,,,
Kentucky October Yearlings (2019),2019-10-21,27,B,F,KANTHAROS,ALIYAH,MARIA'S MON,PARAMOUNT SALES AGENT XXXV,NOT SOLD,19000,,03/08/2018,KENTUCKY,20,,,
Kentucky October Yearlings (2019),2019-10-21,28,DKB,F,STAY THIRSTY,ALLABOUTTHECHASE,MEDAGLIA D'ORO,RAMSEY FARM AGENT,NOT SOLD,1000,,04/05/2018,KENTUCKY,21,,,
Kentucky October Yearlings (2019),2019-10-21,29,GRR,C,FLASHBACK,ALL A TWITTER,D'WILDCAT,VINERY SALES AGENT FOR STEVENS THOROUGHBREDS INC.,SILVER SPRINGS STUD AGENT FOR ANN MCCURDY,17000,,04/28/2018,KENTUCKY,22 &23,,,
Kentucky October Yearlings (2019),2019-10-21,30,GRR,F,VIOLENCE,ALLEGORY,UNBRIDLED'S SONG,ST GEORGE SALES AGENT XXV,LYNWOOD STABLE AGENT,25000,,05/10/2018,KENTUCKY,10,,,
Kentucky October Yearlings (2019),2019-10-21,31,DKB,F,ALGORITHMS,ALL FOR GEORGIA,GIANT'S CAUSEWAY,PARAMOUNT SALES AGENT XXVII,NOT SOLD,25000,,05/02/2018,KENTUCKY,20,,,
Kentucky October Yearlings (2019),2019-10-21,32,DKB,F,BODEMEISTER,ALL GLORY,HONOUR AND GLORY,GAINESWAY AGENT FOR NORMANDY FARM LLC,DON FAUSTO RACING LLC,6500,,03/26/2018,KENTUCKY,5&6,,,
Kentucky October Yearlings (2019),2019-10-21,33,B,F,SKY MESA,ALLI LEIGH,STUDENT COUNCIL,DENALI STUD AGENT VIII,NOT SOLD,13000,,03/25/2018,KENTUCKY,1&2,,,
Kentucky October Yearlings (2019),2019-10-21,34,GRR,C,FROSTED,ALL METTLE,TOUCH GOLD,BLANDFORD STUD (PADRAIG CAMPION) AGENT,BRICK CITY THOROUGHBREDS,130000,,03/21/2018,KENTUCKY,8,,,
Kentucky October Yearlings (2019),2019-10-21,35,B,F,UNCLE MO,ALL MINE TONIGHT,HOLY BULL,DENALI STUD AGENT FOR EDITION FARM,JAY MCKEE,30000,Y,02/17/2018,NEW YORK,1&2,,,
Kentucky October Yearlings (2019),2019-10-21,36,DKB,C,RUNHAPPY,ALL NIGHT PARTY,TRAPPE SHOT,POPE MCLEAN (CRESTWOOD FARM) AGENT XI,WILLOWBY BLOODSTOCK,40000,,04/22/2018,KENTUCKY,17,,,
Kentucky October Yearlings (2019),2019-10-21,37,B,C,OUTWORK,ALL ON THE TABLE,HOLY BULL,BURLESON FARMS AGENT,DALE DESRUISSEAUX,11000,,02/17/2018,KENTUCKY,17,,,
Kentucky October Yearlings (2019),2019-10-21,38,CH,F,AIR FORCE BLUE,ALMONSOON,GIANT'S CAUSEWAY,BLUEWATER SALES LLC AGENT X,ERIC DATTNER,20000,,03/10/2018,KENTUCKY,21,,,
Kentucky October Yearlings (2019),2019-10-21,39,GRR,C,UNCLE MO,ALPHA MAMA,UNBRIDLED'S SONG,TAYLOR MADE SALES AGENCY AGENT XLIII,CHRIS WILKINS,200000,Y,01/31/2018,KENTUCKY,22 &23,,,http://www.thorostride.com/sales/fasig-tipton-ky-october-2019-hip-39
Kentucky October Yearlings (2019),2019-10-21,40,DKB,F,UPSTART,ALWAYSINDIAMONDS,FUSAICHI PEGASUS,DOUBLE R CONSIGNMENT AGENT II,NOT SOLD,14000,,02/04/2018,KENTUCKY,16,,,
Kentucky October Yearlings (2019),2019-10-21,41,DKB,F,MALIBU MOON,ALYDARLA,HENNY HUGHES,LANE'S END AGENT,NOT SOLD,170000,,04/13/2018,KENTUCKY,1&2,,,
Kentucky October Yearlings (2019),2019-10-21,42,B,C,HIT IT A BOMB,ALYSSA'S DREAM,WISEMAN'S FERRY,BUCKLAND SALES (ZACH MADDEN) AGENT XIV,F SANCHEZ JR MD,2000,,01/18/2018,KENTUCKY,20,,,
Kentucky October Yearlings (2019),2019-10-21,43,B,F,EXAGGERATOR,AMERICAN ANGEL,GHOSTZAPPER,TAYLOR MADE SALES AGENCY AGENT FOR IRVING COWAN,OUT,0,,03/05/2018,KENTUCKY,22 &23,,,
Kentucky October Yearlings (2019),2019-10-21,44,CH,C,SHACKLEFORD,AMERICAN COUNTY,GIBSON COUNTY,LEGACY BLOODSTOCK AGENT II,S.R.O.A. (K.O.I.D.),32000,,05/05/2018,KENTUCKY,23,,,
Kentucky October Yearlings (2019),2019-10-21,45,DKB,C,AMERICAN PHAROAH,AMERICAN DOLL,TIZNOW,WOODS EDGE FARM (PETER O'CALLAGHAN) AGENT,ALL IN SALES,45000,Y,02/04/2018,KENTUCKY,5,,,
Kentucky October Yearlings (2019),2019-10-21,46,B,C,WICKED STRONG,AMERICAN MEGAN,QUIET AMERICAN,DOUBLE R CONSIGNMENT AGENT II,CAMPOS FAMILY VENTURES LLC,2500,,04/10/2018,KENTUCKY,16,,,
Kentucky October Yearlings (2019),2019-10-21,47,CH,C,PALACE MALICE,AMERICA'S FRIEND,UNUSUAL HEAT,VALKYRE STUD AGENT,AMERICAN HORSE,1000,,05/12/2018,KENTUCKY,8,,,
Kentucky October Yearlings (2019),2019-10-21,48,B,C,OXBOW,AMIABLE GRACE,ALPHABET SOUP,EATON SALES AGENT FOR ESTATE OF WILLIAM D. GRAHAM (WINDHAVEN FARMS),NOT SOLD,9000,,05/09/2018,ONTARIO,7,,,
Kentucky October Yearlings (2019),2019-10-21,49,B,F,MSHAWISH,AMUSINGLY,DISTORTED HUMOR,WARRENDALE SALES AGENT II,KENNETH MCPEEK AGENT FOR TASTE OF VICTORY STABLES,70000,,03/27/2018,KENTUCKY,3,,,
Kentucky October Yearlings (2019),2019-10-21,50,DKB,C,WAR FRONT,ANA LUNA (GB),DREAM WELL (FR),SUMMERFIELD (FRANCIS & BARBARA VANLANGENDONCK) AGENT,OUT,0,,04/11/2018,KENTUCKY,3,,,
Kentucky October Yearlings (2019),2019-10-21,51,DKB,F,COMMISSIONER,AND STAY OUT,EXCHANGE RATE,CANDY MEADOWS SALES AGENT III,BSW BLOODSTOCK-LIZ CROW AGENT,65000,,04/21/2018,KENTUCKY,12,,,
Kentucky October Yearlings (2019),2019-10-21,52,B,F,KITTEN'S JOY,ANECDOTE,FIRST SAMURAI,RAMSEY FARM AGENT,C & J STABLE,7500,,03/08/2018,KENTUCKY,21,,,
Kentucky October Yearlings (2019),2019-10-21,53,CH,C,SPEIGHTSTOWN,ANGELICA ZAPATA,SHARP HUMOR,BUCKLAND SALES (ZACH MADDEN) AGENT XII,KEEP THE BALL ROLLIN,46000,,04/18/2018,KENTUCKY,20,,,
Kentucky October Yearlings (2019),2019-10-21,54,GRR,F,CONSTITUTION,ANGELITA,HARLAN'S HOLIDAY,FAIRYTAIL FARMS LLP AGENT FOR KMA RANCH,DE MERIC SALES,45000,,03/13/2018,KENTUCKY,22,,,
Kentucky October Yearlings (2019),2019-10-21,55,B,F,BOURBON COURAGE,ANGEL PARK,BLAME,STUART MORRIS AGENT III,NOT SOLD,24000,,02/01/2018,MARYLAND,21,,,
Kentucky October Yearlings (2019),2019-10-21,56,CH,C,MEDAL COUNT,ANOTHER DREAM,BADGE OF SILVER,CROWNING POINT FARM AGENT,CAMPOS FAMILY VENTURES LLC,5000,,01/22/2018,INDIANA,18,,,
Kentucky October Yearlings (2019),2019-10-21,57,CH,C,STREET BOSS,ANSWER,PULPIT,BROOKDALE SALES AGENT FOR MINEOLA FARM,MIGUEL MORREL,1000,,04/30/2018,KENTUCKY,17,,,
Kentucky October Yearlings (2019),2019-10-21,58,DKB,F,FIRING LINE,ANTINOUS,STREET CRY (IRE),EATON SALES AGENT,CHAPO RACING,10000,,04/20/2018,KENTUCKY,7,,,
Kentucky October Yearlings (2019),2019-10-21,59,CH,F,CARPE DIEM,ANY DAY NOW,SMART STRIKE,BLUEWATER SALES LLC AGENT XII,DR NAVEED M CHOWHAN,30000,Y,05/07/2018,WEST VIRGINIA,21,,,
Kentucky October Yearlings (2019),2019-10-21,60,CH,F,GIANT GIZMO,APACHE SIGNAL,ANNOUNCE,SOUTH POINT SALES AGENCY AGENT XV,NICK GONZALEZ,2000,,04/14/2018,ONTARIO,18,,,
Kentucky October Yearlings (2019),2019-10-21,61,GRR,C,RACE DAY,A. P. ANDREA,NOTIONAL,EQUUS FARM (JERRY CUMMINS/PAUL ADAMS) AGENT I,RISING STAR STABLES,20000,,04/05/2018,KENTUCKY,14,,,
Kentucky October Yearlings (2019),2019-10-21,62,GRR,F,MEDAGLIA D'ORO,APPEALING BRIDE,UNBRIDLED'S SONG,BACCARI BLOODSTOCK LLC AGENT I,DJ STABLE LLC,400000,,05/21/2018,KENTUCKY,11,,,http://www.thorostride.com/sales/fasig-tipton-ky-october-2019-hip-62
Kentucky October Yearlings (2019),2019-10-21,63,B,F,STREET SENSE,APPEAL TO THE WIN,SUCCESSFUL APPEAL,LANE'S END AGENT,RONALDO BOWEN GITTENS,10000,,03/25/2018,KENTUCKY,1&2,,,
Kentucky October Yearlings (2019),2019-10-21,64,B,F,WAR DANCER,A. P. REALITY,PULPIT,FORT CHRISTOPHER'S THOROUGHBREDS LLC AGENT,PETER EDWARDS,20000,,03/03/2018,PENNSYLVANIA,23,,,
Kentucky October Yearlings (2019),2019-10-21,65,DKB,F,COMPETITIVE EDGE,AQUA,GIANT'S CAUSEWAY,ST GEORGE SALES AGENT XV,CRYSTAL PICKETT,3500,,04/03/2018,KENTUCKY,10,,,
Kentucky October Yearlings (2019),2019-10-21,66,DKB,F,MSHAWISH,AQUALANE SHORES,FRIENDS LAKE,VANMETER GENTRY SALES AGENT III,COMMONWEALTH NEW ERA RACING,110000,,01/31/2018,LOUISIANA,10,,,
Kentucky October Yearlings (2019),2019-10-21,67,CH,F,MIDSHIPMAN,AQUITANIA,LEROIDESANIMAUX (BRZ),SHAWHAN PLACE LLC AGENT VI,NOT SOLD,9000,,04/30/2018,KENTUCKY,23,,,
Kentucky October Yearlings (2019),2019-10-21,68,B,C,PAYNTER,ARCHANGELUS,EMPIRE MAKER,BRANDYWINE FARM (JIM & PAM ROBINSON) AGENT I,MICHAEL NEATHERLIN,8000,,03/02/2018,KENTUCKY,15,,,
Kentucky October Yearlings (2019),2019-10-21,69,B,F,STREET SENSE,ARCHERS POST,SMART STRIKE,GAINESWAY AGENT FOR WAYMORE LLC,GULFSTREAM GALLOP LLC/ KIRKWOOD AGENT,30000,,05/02/2018,KENTUCKY,5&6,,,
Kentucky October Yearlings (2019),2019-10-21,70,CH,F,TAPITURE,ARCTIC'S ANGEL,ARTAX,BRANDYWINE FARM (JIM & PAM ROBINSON),WATERSHED BLOODSTOCK,3000,,03/23/2018,KENTUCKY,15,,,
Kentucky October Yearlings (2019),2019-10-21,71,DKB,C,STAY THIRSTY,ARDEN WAY,CARSON CITY,SELECT SALES AGENT VI,CAMPOS FAMILY VENTURES LLC,1000,,02/27/2018,NEW YORK,6,,,
Kentucky October Yearlings (2019),2019-10-21,72,DKB,C,ASTROLOGY,ARI THE ADVENTURER,PIONEEROF THE NILE,SUMMERFIELD (FRANCIS & BARBARA VANLANGENDONCK) AGENT FOR STONESTREET BRED & RAISED,K.O.I.D.,25000,,02/14/2018,KENTUCKY,3,,,
Kentucky October Yearlings (2019),2019-10-21,73,DKB,F,TEMPLE CITY,ARTISTICDIFFERENCE,ESKENDEREYA,TAYLOR MADE SALES AGENCY AGENT XXXVIII,NOT SOLD,9000,,04/22/2018,KENTUCKY,22 &23,,,
Kentucky October Yearlings (2019),2019-10-21,74,B,F,ELUSIVE BLUFF,ART'S SUGAR,LOUIS QUATORZE,PARAMOUNT SALES AGENT FOR JUSTICE FARM,CAMPOS FAMILY VENTURES LLC,10000,,03/29/2018,INDIANA,20,,,
Kentucky October Yearlings (2019),2019-10-21,75,CH,C,KARAKONTIE (JPN),ASHLEE'S MOM,ALPHABET SOUP,BUCKLAND SALES (ZACH MADDEN) AGENT VII,NOT SOLD,11000,,03/07/2018,KENTUCKY,20,,,
Kentucky October Yearlings (2019),2019-10-21,76,DKB,F,STREET BOSS,AS RULERS GO,ROMAN RULER,CROSS KEYS SALES LLC AGENT IV,THE ELKSTONE GROUP LLC,18000,,03/19/2018,KENTUCKY,16,,,
Kentucky October Yearlings (2019),2019-10-21,77,DKB,F,BODEMEISTER,ASTARIA STREET,STREET SENSE,DENALI STUD AGENT XXVIII,CHRIS MELTON,2000,,03/04/2018,KENTUCKY,1&2,,,
Kentucky October Yearlings (2019),2019-10-21,78,DKB,C,MINESHAFT,ATASCOSA,WAR FRONT,ANDERSON FARMS AGENT,MICHAEL P DEPAULO,95000,,03/18/2018,ONTARIO,3,,,
Kentucky October Yearlings (2019),2019-10-21,79,B,F,MACLEAN'S MUSIC,ATHENA GRANDE,GIANT'S CAUSEWAY,HUNTER VALLEY FARM AGENT,OUT,0,,04/10/2018,KENTUCKY,9,,,
Kentucky October Yearlings (2019),2019-10-21,80,DKB,F,TALE OF EKATI,ATHENAMORE,TOUCH GOLD,SOUTH POINT SALES AGENCY AGENT II,SPIN TO WIN STABLE,5000,,04/08/2018,LOUISIANA,18,,,
Kentucky October Yearlings (2019),2019-10-21,81,B,C,SKY MESA,A TIME FOR US,JOHANNESBURG,TAYLOR MADE SALES AGENCY AGENT XVI,NOT SOLD,22000,,02/01/2018,KENTUCKY,22 &23,,,
Kentucky October Yearlings (2019),2019-10-21,82,DKB,F,SHAKIN IT UP,ATLANTIC ZIP,STORMY ATLANTIC,SHEPPELL THOROUGHBREDS AGENT,LARMON COWLES,3500,Y,04/22/2018,OHIO,21,,,
Kentucky October Yearlings (2019),2019-10-21,83,CH,C,PROTONICO,AUDACIOUS CHLOE,MORE THAN READY,TAYLOR MADE SALES AGENCY AGENT XXVIII,OUT,0,,05/14/2018,KENTUCKY,22 &23,,,
Kentucky October Yearlings (2019),2019-10-21,84,DKB,C,ORB,AUNT HENNY,HENNESSY,GAINESWAY AGENT XXXIX,NICKY ROWELL,35000,,01/09/2018,KENTUCKY,5&6,,,
Kentucky October Yearlings (2019),2019-10-21,85,DKB,C,MEDAGLIA D'ORO,AUNTIE JOY,UNCLE MO,BACCARI BLOODSTOCK LLC AGENT II,QUARTER POLE ENTERPRISES LLC,320000,,03/14/2018,KENTUCKY,11,,,
Kentucky October Yearlings (2019),2019-10-21,86,CH,F,MAJESTICPERFECTION,AURORA SOL,CHESTER HOUSE,SHEPPELL THOROUGHBREDS AGENT,JOHN ERDEL,1000,,05/13/2018,OHIO,21,,,
Kentucky October Yearlings (2019),2019-10-21,87,CH,C,CONVEYANCE,AVAST,MIDSHIPMAN,VANMETER GENTRY SALES AGENT IV,MARK GLATT AGENT,21000,,04/11/2018,KENTUCKY,10,,,
Kentucky October Yearlings (2019),2019-10-21,88,B,C,FLAT OUT,AVENGING TOMISUE,BELONG TO ME,TAYLOR MADE SALES AGENCY AGENT XIX,JIM WELLS AGENT FOR C B TRUIT,15000,,03/06/2018,KENTUCKY,22 &23,,,
Kentucky October Yearlings (2019),2019-10-21,89,DKB,F,HARD SPUN,AVIE'S SENSE,STREET SENSE,WARRENDALE SALES AGENT FOR TALL OAKS FARM,KINGS EQUINE,90000,,04/08/2018,ONTARIO,3,,,
Kentucky October Yearlings (2019),2019-10-21,90,B,C,TIZNOW,AWESOME FLEET,AWESOME AGAIN,LANE'S END AGENT,C & C STABLES,6000,,04/04/2018,KENTUCKY,1&2,,,
Kentucky October Yearlings (2019),2019-10-21,91,DKB,C,HONOR CODE,AWESOMEKAYLEE,AWESOME AGAIN,PARAMOUNT SALES AGENT FOR GINNY MCKINLAY ET AL LLC,NOT SOLD,14000,,04/21/2018,KENTUCKY,20,,,
Kentucky October Yearlings (2019),2019-10-21,92,GRR,F,RACE DAY,AWFUL SMART,BLACK TIE AFFAIR (IRE),BILL MURPHY AGENT V,PARRISH FARMS,8500,Y,03/11/2018,KENTUCKY,19,,,
Kentucky October Yearlings (2019),2019-10-21,93,GRR,F,IRONICUS,AYE D'ECLAIRE,JUMP START,LISA & TIM TURNEY AGENT,CARLO VACCAREZZA,15000,,03/03/2018,KENTUCKY,12,,,
Kentucky October Yearlings (2019),2019-10-21,94,CH,F,EXAGGERATOR,AZALEA BELLE,DIXIE UNION,WARRENDALE SALES AGENT X,OUT,0,,03/16/2018,KENTUCKY,3,,,
Kentucky October Yearlings (2019),2019-10-21,95,B,F,HONOR CODE,AZZEDINE,MR. GREELEY,WAR HORSE PLACE LLC AGENT X,BIRD IN HAND STABLES,10000,,04/22/2018,KENTUCKY,7,,,
Kentucky October Yearlings (2019),2019-10-21,96,CH,F,STREET BOSS,BABA'S MANDATE,FULL MANDATE,CROSS KEYS SALES LLC AGENT V,LA ALIANZA,7000,,03/15/2018,KENTUCKY,16,,,
Kentucky October Yearlings (2019),2019-10-21,97,DKB,C,DAREDEVIL,BABY LOU,ALYDEED,BRANDYWINE FARM (JIM & PAM ROBINSON),NOT SOLD,2000,,05/27/2018,KENTUCKY,15,,,
Kentucky October Yearlings (2019),2019-10-21,98,B,C,HARD SPUN,BAGH OF JEWELZ,A.P. INDY,BROOKDALE SALES AGENT FOR CASA FARM I,PATRICK MCBURNEY AGENT,70000,,03/01/2018,KENTUCKY,17,,,
Kentucky October Yearlings (2019),2019-10-21,99,B,F,RUNHAPPY,BAMBOO DREAM,FINALITY,SCOTT MALLORY AGENT II,HARTLEY/DE RENZO THOROUGHBREDS,70000,,05/09/2018,OREGON,21,,,
Kentucky October Yearlings (2019),2019-10-21,100,CH,C,MACLEAN'S MUSIC,BANJO LADY,HOFRE,STALLION VENTURES,OUT,0,,04/17/2018,OHIO,21,,,
Kentucky October Yearlings (2019),2019-10-21,101,CH,F,GIANT SURPRISE,BARBARA MARIA,STEPHEN GOT EVEN,BROOKDALE SALES AGENT,GRASSROOTS TRN & SALES LLC,2000,,03/28/2018,NEW YORK,17,,,
Kentucky October Yearlings (2019),2019-10-21,102,DKB,C,CONGRATS,BAVARIAN BELLE,MORE THAN READY,NARDELLI SALES AGENT II,K.O.I.D.,15000,,04/19/2018,KENTUCKY,5,,,
Kentucky October Yearlings (2019),2019-10-21,103,DKB,C,ORB,BAY FINN,HARLAN'S HOLIDAY,TIMBER TOWN & CLIFTON FARM AGENT II,LUIS A SHIRLEY C,17000,,03/27/2018,KENTUCKY,12,,,
Kentucky October Yearlings (2019),2019-10-21,104,B,C,PALACE MALICE,BAYLOR'S BABE,SOUTHERN IMAGE,TAYLOR MADE SALES AGENCY AGENT LXII,KINGS EQUINE,32000,,04/28/2018,KENTUCKY,22 &23,,,
Kentucky October Yearlings (2019),2019-10-21,105,DKB,C,TAPITURE,BEAR'S TRUE GAL,YES IT'S TRUE,VINERY SALES AGENT IX,NICK GONZALEZ,4000,,03/04/2018,ONTARIO,22 &23,,,
Kentucky October Yearlings (2019),2019-10-21,106,B,F,PROTONICO,BEARURSA,PRECISE END,VINERY SALES AGENT XXXV,OUT,0,,01/25/2018,KENTUCKY,22 &23,,,
Kentucky October Yearlings (2019),2019-10-21,107,B,F,DAREDEVIL,BEAT OF THE DRUM (IRE),DUKE OF MARMALADE (IRE),BILL MURPHY AGENT XII,NOT SOLD,1000,,05/07/2018,KENTUCKY,19,,,
Kentucky October Yearlings (2019),2019-10-21,108,DKB,C,SHANGHAI BOBBY,BEBINN,BERNARDINI,MULHOLLAND FARM,NOT SOLD,14000,,03/16/2018,KENTUCKY,13,,,
Kentucky October Yearlings (2019),2019-10-21,109,CH,F,SPEIGHTSTOWN,BECKLES ROAD,SMART STRIKE,STONEHAVEN STEADINGS,TOP SHELF STABLES,190000,,05/09/2018,KENTUCKY,7,,,
Kentucky October Yearlings (2019),2019-10-21,110,B,C,BLAME,BEDANKEN,GERI,DENALI STUD AGENT I,GOLDEN ROCK,35000,Y,03/07/2018,KENTUCKY,1&2,,,
Kentucky October Yearlings (2019),2019-10-21,111,CH,F,DIALED IN,BEING ANNA,ALDEBARAN,DENALI STUD AGENT XII,MICHAEL NEATHERLIN,13000,,04/17/2018,KENTUCKY,1&2,,,
Kentucky October Yearlings (2019),2019-10-21,112,DKB,C,CANDY RIDE (ARG),BELIEVE IN CHARLIE,INDIAN CHARLIE,FOUR STAR SALES AGENT,DILLIGA STABLES,100000,,03/26/2018,FLORIDA,16,,,
Kentucky October Yearlings (2019),2019-10-21,113,B,C,BIG BLUE KITTEN,BELLA BANDITA,DYNAFORMER,SOUTH POINT SALES AGENCY AGENT XVIII,KATY CHEEKS,5000,,03/16/2018,KENTUCKY,18,,,
Kentucky October Yearlings (2019),2019-10-21,114,B,C,FIRST SAMURAI,BELLA CARDELLA,HARD SPUN,RICKY HIGGS AGENT FOR GALLAGHER FARMS,JOHN D STEPHENS,30000,,04/16/2018,ILLINOIS,15,,,
Kentucky October Yearlings (2019),2019-10-21,115,B,C,INTO MISCHIEF,BELLA DORATO,GOLDMINERS GOLD,SUMMERFIELD (FRANCIS & BARBARA VANLANGENDONCK) AGENT FOR STONESTREET BRED & RAISED,JACKIE ROJAS,15000,,04/14/2018,KENTUCKY,3,,,
Kentucky October Yearlings (2019),2019-10-21,116,DKB,C,CONSTITUTION,BELLA FELICITA,EL PRADO (IRE),HIDDEN BROOK AGENT VII,SEAN S PERL BLOODSTOCK LLC,22000,,04/03/2018,KENTUCKY,22,,,
Kentucky October Yearlings (2019),2019-10-21,117,DKB,C,NORTHERN AFLEET,BELLA GRAY,MONARCHOS,MILL RIDGE SALES AGENT,JASON MCCUTCHEN,4500,,03/09/2018,KENTUCKY,11,,,
Kentucky October Yearlings (2019),2019-10-21,118,B,F,VANCOUVER (AUS),BELLAMEISTER,WAR CHANT,CANDY MEADOWS SALES AGENT VI,C & J STABLE,1000,,03/19/2018,NEW YORK,12,,,
Kentucky October Yearlings (2019),2019-10-21,119,B,C,STRONG MANDATE,BELLE DU SUD,CORINTHIAN,OLD SCHOOL THOROUGHBREDS AGENT,S.R.O.A. (K.O.I.D.),13000,,02/22/2018,KENTUCKY,19,,,
Kentucky October Yearlings (2019),2019-10-21,120,CH,F,CARPE DIEM,BELLE ETE,SUMMER BIRD,ST GEORGE SALES AGENT II,TERRY YOUNG,3000,,02/14/2018,KENTUCKY,10,,,
Kentucky October Yearlings (2019),2019-10-21,121,B,C,VERRAZANO,BELLE LUTINE,MIZZEN MAST,SCOTT MALLORY AGENT XVI,LESLIE HAMMOND,8000,,01/31/2018,KENTUCKY,21,,,
Kentucky October Yearlings (2019),2019-10-21,122,DKB,F,TALE OF EKATI,BELLE SOUL,PERFECT SOUL (IRE),PARAMOUNT SALES AGENT XXI,LESLIE HAMMOND,6500,,02/15/2018,KENTUCKY,20,,,
Kentucky October Yearlings (2019),2019-10-21,123,B,F,FLATTER,BENNETT JEAN,SMART STRIKE,INDIAN CREEK AGENT,NOT SOLD,130000,,03/04/2018,KENTUCKY,11,,,
Kentucky October Yearlings (2019),2019-10-21,124,B,F,SPEIGHTSTER,BERN LEGACY,BERNSTEIN,GAINESWAY AGENT VI,NOT SOLD,70000,,03/13/2018,FLORIDA,5&6,,,
Kentucky October Yearlings (2019),2019-10-21,125,DKB,F,EUROEARS,BERN OBSESSION,BERNSTEIN,BALLYSAX BLOODSTOCK AGENT IV,LONE STAR RACING CLUB,7000,,03/25/2018,TEXAS,18,,,
Kentucky October Yearlings (2019),2019-10-21,126,B,F,GOLDENCENTS,BERTHA JO,BANKER'S GOLD,DROMOLAND FARM INC. (GERRY DILGER) AGENT III,EDWIN MUNDO RIOS,4000,,05/13/2018,KENTUCKY,4,,,
Kentucky October Yearlings (2019),2019-10-21,127,DKB,F,DOMINUS,BERTIE'S IMAGE,READY'S IMAGE,BRANDYWINE FARM (JIM & PAM ROBINSON),SBM TRAINING & SALES,4000,,02/17/2018,KENTUCKY,15,,,
Kentucky October Yearlings (2019),2019-10-21,128,DKB,F,BODEMEISTER,BESO GRANDE,MASS MEDIA,BLUEWATER SALES LLC AGENT V,LESLIE RITCHIE,1000,,04/02/2018,KENTUCKY,21,,,
Kentucky October Yearlings (2019),2019-10-21,129,B,C,DANZA,BEST PRACTICES,TOUGH KNIGHT,PARAMOUNT SALES AGENT FOR JUSTICE FARM,TARI BROCKLEBANK AGENT,15000,,04/01/2018,INDIANA,20,,,
Kentucky October Yearlings (2019),2019-10-21,130,B,F,VIOLENCE,BETAR B SHARP,CHEROKEE RUN,SCOTT MALLORY AGENT IV,TERRY MORGAN DVM,7500,Y,04/03/2018,KENTUCKY,21,,,
Kentucky October Yearlings (2019),2019-10-21,131,DKB,C,HONOR CODE,BETTER BE BETTER,SMART STRIKE,LANE'S END AGENT,NOT SOLD,18000,,04/24/2018,KENTUCKY,1&2,,,
Kentucky October Yearlings (2019),2019-10-21,132,B,C,ALGORITHMS,BETTERLETHERGO,HOLD ME BACK,BROOKDALE SALES AGENT,NOT SOLD,19000,,05/28/2018,KENTUCKY,17,,,
Kentucky October Yearlings (2019),2019-10-21,133,B,F,CAIRO PRINCE,BETTY'S WISH,GOLD CASE,VINERY SALES AGENT XXX,RAMIRO SALAZAR,2500,Y,05/02/2018,KENTUCKY,22 &23,,,
Kentucky October Yearlings (2019),2019-10-21,134,DKB,F,CINCO CHARLIE,BIDE A WEE ISLAND,SLIGO BAY (IRE),HIDDEN BROOK AGENT XV,NOT SOLD,25000,,02/22/2018,KENTUCKY,22,,,
Kentucky October Yearlings (2019),2019-10-21,135,CH,C,CONSTITUTION,BIG HAPPY BLUR,DIXIELAND BAND,TAYLOR MADE SALES AGENCY AGENT XX,KINGS EQUINE,135000,,04/06/2018,KENTUCKY,22 &23,,,
Kentucky October Yearlings (2019),2019-10-21,136,CH,F,SKY MESA,BIRD SECRETS,BIRDSTONE,DENALI STUD AGENT XX,OUT,0,,03/01/2018,KENTUCKY,1&2,,,
Kentucky October Yearlings (2019),2019-10-21,137,DKB,F,FED BIZ,BITTERSWEET RIDE,CANDY RIDE (ARG),CARA BLOODSTOCK AGENT FOR SAINTSBURY FARMS INC.,NOT SOLD,1000,,02/22/2018,ONTARIO,5,,,
Kentucky October Yearlings (2019),2019-10-21,138,CH,C,MUNNINGS,BITTY KITTY,KITTEN'S JOY,HUNTER VALLEY FARM AGENT,SCANLON TRAINING & SALES,35000,,02/16/2018,KENTUCKY,9,,,
Kentucky October Yearlings (2019),2019-10-21,139,DKB,C,AMERICAN PHAROAH,BLABBY B.,TABASCO CAT,HUNTER VALLEY FARM AGENT,OUT,0,,01/18/2018,KENTUCKY,9,,,
Kentucky October Yearlings (2019),2019-10-21,140,DKB,F,TWIRLING CANDY,BLACK CHOCOLATE,HARLAN'S HOLIDAY,ST GEORGE SALES AGENT III,DON FAUSTO RACING LLC,5000,,02/02/2018,KENTUCKY,10,,,
Kentucky October Yearlings (2019),2019-10-21,141,DKB,C,MSHAWISH,BLAGEUSE,DISTORTED HUMOR,TAYLOR MADE SALES AGENCY AGENT LXI,KINGS EQUINE,20000,,04/28/2018,KENTUCKY,22 &23,,,
Kentucky October Yearlings (2019),2019-10-21,142,CH,C,FLAT OUT,BLAZING BELLA,YONAGUSKA,VINERY SALES AGENT XXXII,CHRIS MELTON,2500,Y,04/14/2018,KENTUCKY,22 &23,,,
Kentucky October Yearlings (2019),2019-10-21,143,CH,F,GEMOLOGIST,BLOWING KISSES,VINDICATION,BETZ THOROUGHBREDS INC. AGENT,S.R.O.A. (K.O.I.D.),35000,,04/30/2018,KENTUCKY,5,,,
Kentucky October Yearlings (2019),2019-10-21,144,B,C,EXAGGERATOR,BLUE CATILLAC,BLUEGRASS CAT,PARAMOUNT SALES AGENT XLIV,NOT SOLD,28000,,04/12/2018,NEW YORK,20,,,
Kentucky October Yearlings (2019),2019-10-21,145,B,C,OUTWORK,BLUE FORTY,D'WILDCAT,DENALI STUD AGENT XIX,NOT SOLD,22000,,04/10/2018,KENTUCKY,1&2,,,
Kentucky October Yearlings (2019),2019-10-21,146,B,C,OUTWORK,BLUEGRASS GENIUS,BLUEGRASS CAT,SCOTT MALLORY AGENT XVII,BIG OAK FARM,4000,Y,03/14/2018,KENTUCKY,21,,,
Kentucky October Yearlings (2019),2019-10-21,147,B,F,LAOBAN,BLUEGRASS GIN,BLUEGRASS CAT,PARAMOUNT SALES AGENT II,NOT SOLD,14000,,03/13/2018,NEW YORK,20,,,
Kentucky October Yearlings (2019),2019-10-21,148,B,C,TAPITURE,BLUEGRASS SMILE,BLUEGRASS CAT,WARRENDALE SALES AGENT IV,NOT SOLD,29000,,04/09/2018,PENNSYLVANIA,3,,,
Kentucky October Yearlings (2019),2019-10-21,149,B,F,GOLDENCENTS,BLUE SAMURAI,ORIENTATE,SCOTT MALLORY AGENT VIII,ALEX SILVA,23000,,04/28/2018,KENTUCKY,21,,,
Kentucky October Yearlings (2019),2019-10-21,150,CH,C,CALIFORNIA CHROME,BRUSHWORK,DISCREET CAT,GAINESWAY AGENT XLVI,L & N RACING LLC,80000,,04/12/2018,KENTUCKY,5&6,,,
Kentucky October Yearlings (2019),2019-10-21,151,GRR,C,ANCHOR DOWN,BLUE SEA,KITTEN'S JOY,ELISE W. KENDALL AGENT,ALEJANDRO CONTRERAS,2500,,02/01/2018,KENTUCKY,22,,,
Kentucky October Yearlings (2019),2019-10-21,152,B,C,EXAGGERATOR,BODACIOUSNESS,BODEMEISTER,BEDOUIN BLOODSTOCK AGENT,JOE NOVOGRATZ,22000,Y,03/10/2018,NEW YORK,5,,,
Kentucky October Yearlings (2019),2019-10-21,153,B,C,DIALED IN,BOLD AMERICAN,QUIET AMERICAN,FORT CHRISTOPHER'S THOROUGHBREDS LLC AGENT,GRASSROOTS TRN & SALES LLC,40000,,05/14/2018,NEW YORK,23,,,
Kentucky October Yearlings (2019),2019-10-21,154,B,C,THE FACTOR,BOLD QUALITY,ELUSIVE QUALITY,WARRENDALE SALES AGENT XIV,WILLOWBY BLOODSTOCK,25000,,02/01/2018,KENTUCKY,3,,,
Kentucky October Yearlings (2019),2019-10-21,155,CH,C,TEXAS RED,BONITA BLONDE,STEVIE WONDERBOY,POPE MCLEAN (CRESTWOOD FARM) AGENT X,NOT SOLD,1000,,04/06/2018,KENTUCKY,17,,,
Kentucky October Yearlings (2019),2019-10-21,156,B,C,PROTONICO,BONNIE'S EMPIRE,EMPIRE MAKER,TAYLOR MADE SALES AGENCY AGENT XXVIII,OUT,0,,01/23/2018,KENTUCKY,22 &23,,,
Kentucky October Yearlings (2019),2019-10-21,157,B,C,MACLEAN'S MUSIC,BOOM TOWN SALLY,YES IT'S TRUE,SALLY THOMAS AGENT II,THOMAS FACKLER,77000,,04/08/2018,KENTUCKY,20,,,
Kentucky October Yearlings (2019),2019-10-21,158,B,F,ENGLISH CHANNEL,BOURBON N BURLEY,PERFECT SOUL (IRE),STALLION VENTURES,OUT,0,,03/18/2018,KENTUCKY,21,,,
Kentucky October Yearlings (2019),2019-10-21,159,B,F,VANCOUVER (AUS),BOX OFFICE QUEEN,PULPIT,BLUEWATER SALES LLC AGENT II,NOT SOLD,9000,,03/09/2018,KENTUCKY,21,,,
Kentucky October Yearlings (2019),2019-10-21,160,B,C,DAAHER,BRAN BRAN,TIZWAY,MAINE CHANCE FARM (UNIVERSITY OF KENTUCKY),ERNESTO FANILLA,1000,,05/22/2018,KENTUCKY,19,,,
Kentucky October Yearlings (2019),2019-10-21,161,B,C,TEMPLE CITY,BREAD PUDDIN,MAJESTICPERFECTION,GAINESWAY AGENT II,OUT,0,,03/05/2018,KENTUCKY,5&6,,,
Kentucky October Yearlings (2019),2019-10-21,162,GRR,F,CONVEYANCE,BRIDAL SONG,VICAR,DOUBLE R CONSIGNMENT,NOT SOLD,5000,,04/24/2018,KENTUCKY,16,,,
Kentucky October Yearlings (2019),2019-10-21,163,DKB,F,TIZNOW,BRIDARIA,HARLAN'S HOLIDAY,SELECT SALES AGENT I,OUT,0,,05/12/2018,KENTUCKY,6,,,
Kentucky October Yearlings (2019),2019-10-21,164,DKB,C,TEXAS RED,BRIDGE GAME,GIANT'S CAUSEWAY,PARAMOUNT SALES AGENT XVII,TERRY GABRIEL,15000,,05/18/2018,KENTUCKY,20,,,
Kentucky October Yearlings (2019),2019-10-21,165,B,C,DECLARATION OF WAR,BRIDGETTE BORDEAUX,MEDAGLIA D'ORO,LANE'S END AGENT,JSM EQUINE LLC,100000,,04/27/2018,KENTUCKY,1&2,,,
Kentucky October Yearlings (2019),2019-10-21,166,B,C,FED BIZ,BRIGHT MAGIC,PRIZED,COLUMBIANA FARM AGENT I,ADR RACING LLC,10000,Y,05/19/2018,KENTUCKY,17,,,
Kentucky October Yearlings (2019),2019-10-21,167,B,F,UNION RAGS,BRILLIANT JEWEL,A.P. INDY,LANE'S END AGENT,CARLOS HERNANDEZ,7000,,04/11/2018,KENTUCKY,1&2,,,
Kentucky October Yearlings (2019),2019-10-21,168,CH,C,MAJESTIC CITY,BRILLIANT RESCUE,PURGE,HIDDEN BROOK AGENT III,NOT SOLD,9000,,02/14/2018,NEW YORK,22,,,
Kentucky October Yearlings (2019),2019-10-21,169,DKB,F,CREATIVE CAUSE,BRING ME LOVE,BRING THE HEAT,BROOKDALE SALES AGENT FOR J.R. WARD STABLES,NOT SOLD,14000,,02/04/2018,KENTUCKY,17,,,
Kentucky October Yearlings (2019),2019-10-21,170,GRR,C,MIZZEN MAST,BRITT'S SWEETHEART,GONE WEST,BRANDYWINE FARM (JIM & PAM ROBINSON) AGENT FOR WINQUEST THOROUGHBREDS,NOT SOLD,11000,,04/21/2018,KENTUCKY,15,,,
Kentucky October Yearlings (2019),2019-10-21,171,B,C,HARRY'S HOLIDAY,BROAD,STEPHEN GOT EVEN,PARAMOUNT SALES AGENT FOR JUSTICE FARM,RICHARD CUPP,19000,,03/21/2018,INDIANA,20,,,
Kentucky October Yearlings (2019),2019-10-21,172,DKB,C,VIOLENCE,BROADWAY TICKET,DISTORTED HUMOR,BACCARI BLOODSTOCK LLC AGENT III,NOT SOLD,19000,,04/04/2018,KENTUCKY,11,,,
Kentucky October Yearlings (2019),2019-10-21,173,B,F,GHOSTZAPPER,BRUSHED BY A STAR,EDDINGTON,DENALI STUD AGENT XIX,LONE STAR RACING CLUB,4500,,03/01/2018,KENTUCKY,1&2,,,
Kentucky October Yearlings (2019),2019-10-21,174,DKB,F,STREET BOSS,BURNING FAITH,CAT THIEF,WYNNSTAY SALES AGENT V,WEBB CARROLL TRAINING CENTER TRAVIS DURR AGENT,7500,,05/03/2018,KENTUCKY,13,,,
Kentucky October Yearlings (2019),2019-10-21,175,DKB,C,MACLEAN'S MUSIC,BURNS TURN,HENNY HUGHES,SALLY THOMAS AGENT,MAVERICK PERFORMANCE LTD,6000,,04/05/2018,KENTUCKY,20,,,
Kentucky October Yearlings (2019),2019-10-21,176,CH,F,SPEIGHTSTER,BUT SHE'S OURS,LAWYER RON,HIDDEN BROOK AGENT VIII,OUT,0,,03/27/2018,NEW YORK,22,,,
Kentucky October Yearlings (2019),2019-10-21,177,CH,F,K ONE KING,BUTTON GIRL,MIZZEN MAST,BUCKLAND SALES (ZACH MADDEN) AGENT XIV,SPADE STABLES (PHIL SPADE),2500,,04/06/2018,KENTUCKY,20,,,
Kentucky October Yearlings (2019),2019-10-21,178,B,F,OUTWORK,CABO TIME,GRAND SLAM,LEGACY BLOODSTOCK AGENT,JVC TRAINING & SALES,25000,,01/22/2018,KENTUCKY,23,,,
Kentucky October Yearlings (2019),2019-10-21,179,B,F,ALGORITHMS,CADES BAY,FUSAICHI PEGASUS,TAYLOR MADE SALES AGENCY AGENT XIII,OUT,0,,04/06/2018,KENTUCKY,22 &23,,,
Kentucky October Yearlings (2019),2019-10-21,180,B,C,LIAISON,CAJOLERY,FLATTER,RICKY HIGGS AGENT,GRASSROOTS TRN & SALES LLC,20000,,01/30/2018,INDIANA,15,,,
Kentucky October Yearlings (2019),2019-10-21,181,B,F,RUNHAPPY,CAKE BABY,STORMY ATLANTIC,BURLESON FARMS AGENT,OUT,0,,03/03/2018,KENTUCKY,17,,,
Kentucky October Yearlings (2019),2019-10-21,182,DKB,F,OXBOW,CALL ME KIM,TAPIT,VINERY SALES AGENT XLVIII,ERNIE WITT/ROBERT TUCKER,5000,,01/31/2018,KENTUCKY,22 &23,,,
Kentucky October Yearlings (2019),2019-10-21,183,B,F,RUNHAPPY,CALL PAT,LAWYER RON,BEDOUIN BLOODSTOCK AGENT,NOT SOLD,32000,,02/07/2018,NEW YORK,5,,,
Kentucky October Yearlings (2019),2019-10-21,184,CH,F,MALIBU MOON,CANA (AUS),FASTNET ROCK (AUS),VINERY SALES AGENT FOR SPENDTHRIFT FARM LLC,NOT SOLD,23000,,02/26/2018,KENTUCKY,22 &23,,,
Kentucky October Yearlings (2019),2019-10-21,185,B,C,TOURIST,CANARY DIAMOND,ALPHABET SOUP,VINERY SALES AGENT XXXVIII,NOT SOLD,19000,,03/18/2018,KENTUCKY,22 &23,,,
Kentucky October Yearlings (2019),2019-10-21,186,B,C,SHACKLEFORD,CANDY I AM,CANDY RIDE (ARG),VINERY SALES AGENT XXXI,LA ALIANZA,4000,,01/07/2018,KENTUCKY,22 &23,,,
Kentucky October Yearlings (2019),2019-10-21,187,DKB,F,VANCOUVER (AUS),CAPE CANADA,CAPE TOWN,BETTERSWORTH WESTWIND FARMS,NOT SOLD,34000,,05/09/2018,KENTUCKY,8,,,
Kentucky October Yearlings (2019),2019-10-21,188,GRR,F,EXAGGERATOR,CAPELLA DANCER,ROCKPORT HARBOR,PARAMOUNT SALES AGENT XVII,WEST BLOODSTOCK,100000,,01/31/2018,KENTUCKY,20,,,
Kentucky October Yearlings (2019),2019-10-21,189,DKB,C,MIDSHIPMAN,CAPITAL DEPLOYMENT,HARLAN'S HOLIDAY,TIMBER TOWN & CLIFTON FARM AGENT III,RCD REAL ESTATE LLC,5000,Y,03/06/2018,IOWA,12,,,
Kentucky October Yearlings (2019),2019-10-21,190,B,F,MACLEAN'S MUSIC,CAREER ORIENTED,CAT'S CAREER,BETZ THOROUGHBREDS INC. AGENT,NOT SOLD,7000,,03/31/2018,KENTUCKY,5,,,
Kentucky October Yearlings (2019),2019-10-21,191,DKB,F,STREET BOSS,CARELESS MOMENT,SUCCESSFUL APPEAL,WYNNSTAY SALES AGENT I,DILLIGA,77000,,04/15/2018,IOWA,13,,,
Kentucky October Yearlings (2019),2019-10-21,192,B,F,WICKED STRONG,CAROLINA SOUTH,DIXIE UNION,PARAMOUNT SALES AGENT XIII,OUT,0,,02/26/2018,KENTUCKY,20,,,
Kentucky October Yearlings (2019),2019-10-21,193,DKB,F,TEMPLE CITY,CAROLINA SUNRISE,AWESOME AGAIN,EQUUS FARM (JERRY CUMMINS/PAUL ADAMS) AGENT I,JOE NOVOGRATZ,25000,,03/24/2018,KENTUCKY,14,,,
Kentucky October Yearlings (2019),2019-10-21,194,DKB,F,ANIMAL KINGDOM,CARSONALITY,CARSON CITY,SCOTT MALLORY AGENT III,ELADIO ACEVEDO,1000,,05/09/2018,KENTUCKY,21,,,
Kentucky October Yearlings (2019),2019-10-21,195,DKB,F,DIALED IN,CASANOVA KIDDO,LANGFUHR,WARRENDALE SALES AGENT X,NOT SOLD,20000,,02/03/2018,KENTUCKY,3,,,
Kentucky October Yearlings (2019),2019-10-21,196,B,F,MINESHAFT,CASCABELLA,AFLEET ALEX,DARBY DAN FARM AGENT V,ERNIE WITT/ROBERT TUCKER,20000,,03/26/2018,KENTUCKY,16,,,
Kentucky October Yearlings (2019),2019-10-21,197,CH,F,TEXAS RED,CASH IN MY POCKET,CURLIN,MULHOLLAND FARM AGENT,PHILIP A SIMS,13000,,03/01/2018,KENTUCKY,13,,,
Kentucky October Yearlings (2019),2019-10-21,198,DKB,C,MACHO UNO,CASTING DIRECTOR,BERNARDINI,HIDDEN BROOK AGENT FOR BONNE CHANCE FARM,GRASSROOTS TRN & SALES LLC,55000,,04/10/2018,KENTUCKY,22,,,
Kentucky October Yearlings (2019),2019-10-21,199,B,F,SUPER SAVER,CATARACT CANYON,BROKEN VOW,WOODFORD THOROUGHBREDS AGENT XIII,MICHAEL SCHMIDT,5000,,04/29/2018,KENTUCKY,12,,,
Kentucky October Yearlings (2019),2019-10-21,200,DKB,F,CALIFORNIA CHROME,CATERETTE,COZZENE,CHUCK GIVENS AGENT FOR TOM CURRY,NOT SOLD,35000,,02/24/2018,KENTUCKY,11,,,
Kentucky October Yearlings (2019),2019-10-21,201,B,F,FED BIZ,CATNIPPER,KITTEN'S JOY,BROOKDALE SALES AGENT FOR COPPER PENNY STABLES,IVAN RODRIGO RIOS,3000,,05/23/2018,KENTUCKY,17,,,
Kentucky October Yearlings (2019),2019-10-21,202,B,F,ALTERNATION,CAT'N MOUSE,DISCREET CAT,LEGACY BLOODSTOCK AGENT III,NOT SOLD,4000,,04/18/2018,KENTUCKY,23,,,
Kentucky October Yearlings (2019),2019-10-21,203,B,C,CANDY RIDE (ARG),CAUSARA,GIANT'S CAUSEWAY,WOODS EDGE FARM (PETER O'CALLAGHAN) AGENT,SUPERFINE FARMS,175000,,04/22/2018,KENTUCKY,5,,,
Kentucky October Yearlings (2019),2019-10-21,204,GRR,F,CAIRO PRINCE,CAUSE SHE'S FAST,CREATIVE CAUSE,BRERETON C. JONES/AIRDRIE STUD INC. AGENT,MICHAEL DUBB,95000,,01/23/2018,KENTUCKY,4,,,
Kentucky October Yearlings (2019),2019-10-21,205,GRR,C,RACE DAY,CAUSIN A STORM,GIANT'S CAUSEWAY,EQUUS FARM (JERRY CUMMINS/PAUL ADAMS) AGENT I,ERNEST M HAYNES,20000,,03/17/2018,KENTUCKY,14,,,
Kentucky October Yearlings (2019),2019-10-21,206,DKB,C,ANIMAL KINGDOM,CAUSIN COMMOTION,MINESHAFT,BLUEWATER SALES LLC AGENT VI,NOT SOLD,14000,,02/22/2018,KENTUCKY,21,,,
Kentucky October Yearlings (2019),2019-10-21,207,B,F,NOBLE MISSION (GB),CAVE CREEKER,LANGFUHR,MULHOLLAND FARM AGENT,NOT SOLD,39000,,04/13/2018,KENTUCKY,13,,,
Kentucky October Yearlings (2019),2019-10-21,208,B,C,KANTHAROS,CAVETTO (GB),OASIS DREAM (GB),CANDY MEADOWS SALES AGENT I,NOT SOLD,1000,,03/26/2018,KENTUCKY,12,,,
Kentucky October Yearlings (2019),2019-10-21,209,GRR,F,BODEMEISTER,CAYMANBIRD,UNCLE MO,DENALI STUD AGENT FOR RESPITE FARM,NOT SOLD,5000,,03/11/2018,KENTUCKY,1&2,,,
Kentucky October Yearlings (2019),2019-10-21,210,B,F,EMPIRE MAKER,CAYUGA'S WATERS,LANGFUHR,GAINESWAY AGENT XXXIII,OUT,0,,02/25/2018,KENTUCKY,5&6,,,
Kentucky October Yearlings (2019),2019-10-21,211,GRR,C,FROSTED,C C'S PAL,ALEX'S PAL,DENALI STUD AGENT X,NOT SOLD,18000,,03/29/2018,FLORIDA,1&2,,,
Kentucky October Yearlings (2019),2019-10-21,212,DKB,C,MACHO UNO,CEE'S HOLLIE,CEE'S TIZZY,LANE'S END AGENT,HUTCH HOLSAPPLE,1500,,02/13/2018,KENTUCKY,1&2,,,
Kentucky October Yearlings (2019),2019-10-21,213,GRR,F,FROSTED,CELESTIAL KITTEN,KITTEN'S JOY,SHAWHAN PLACE LLC AGENT FOR AUSTIN & BRENDA PAUL,NOT SOLD,140000,,04/14/2018,KENTUCKY,23,,,
Kentucky October Yearlings (2019),2019-10-21,214,B,F,TEMPLE CITY,CELESTIAL SWEEP,EDDINGTON,HIDDEN BROOK AGENT V,DON CAMPBELL,3500,,02/24/2018,NEW YORK,22,,,
Kentucky October Yearlings (2019),2019-10-21,215,B,F,BODEMEISTER,CERTAIN QUALITY,ELUSIVE QUALITY,WYNNSTAY SALES AGENT III,C & J STABLE,3500,,05/23/2018,KENTUCKY,13,,,
Kentucky October Yearlings (2019),2019-10-21,216,B,F,OXBOW,C'EST MOI,ESKENDEREYA,HIDDEN BROOK AGENT XIX,NOT SOLD,12000,,02/20/2018,KENTUCKY,22,,,
Kentucky October Yearlings (2019),2019-10-21,217,B,F,FREUD,CHAMONIX,LOUIS QUATORZE,SUMMERFIELD (FRANCIS & BARBARA VANLANGENDONCK) AGENT FOR BERKSHIRE STUD,MICHAEL R DI TOMASSO,3000,,04/10/2018,NEW YORK,3,,,
Kentucky October Yearlings (2019),2019-10-21,218,B,F,BELLAMY ROAD,CHAMP'S ROCKET,FABULOUS CHAMP,TRACKSIDE FARM (TOM EVANS) AGENT IV,NOT SOLD,1000,,03/02/2018,NEW YORK,21,,,
Kentucky October Yearlings (2019),2019-10-21,219,B,C,SKY KINGDOM,CHANCE REVIEW,NOT FOR LOVE,DARBY DAN FARM AGENT IV,NOT SOLD,4500,,04/13/2018,KENTUCKY,16,,,
Kentucky October Yearlings (2019),2019-10-21,220,DKB,F,TONALIST,CHANEL NUMBER ONE,ENGLISH CHANNEL,ST GEORGE SALES AGENT XI,CAROLYN FRIEDBERG,75000,,03/24/2018,PENNSYLVANIA,10,,,
Kentucky October Yearlings (2019),2019-10-21,221,B,F,NOBLE MISSION (GB),CHANGE ME UP,ENGLISH CHANNEL,LEGACY BLOODSTOCK AGENT V,NOT SOLD,9000,,03/15/2018,KENTUCKY,23,,,
Kentucky October Yearlings (2019),2019-10-21,222,B,C,TEXAS RED,CHANGING ATTITUDES,POLITICAL FORCE,FAIRYTAIL FARMS LLP AGENT FOR KMA RANCH,RAMIRO SALAZAR,15000,Y,02/06/2018,KENTUCKY,22,,,
Kentucky October Yearlings (2019),2019-10-21,223,B,C,STREET BOSS,CHAPALA,MEADOWLAKE,SCOTT MALLORY AGENT IV,JIM & SUSAN HILL,100000,,04/06/2018,KENTUCKY,21,,,
Kentucky October Yearlings (2019),2019-10-21,224,B,C,DAREDEVIL,CHAPELLERIE (IRE),ACCLAMATION (GB),FRANKFORT PARK FARM AGENT,OWLS BLOODSTOCK,30000,,03/04/2018,KENTUCKY,14,,,
Kentucky October Yearlings (2019),2019-10-21,225,CH,C,CALIFORNIA CHROME,CHARLIE A,CURLIN,BROOKDALE SALES AGENT FOR CASA FARM I,NOT SOLD,9000,,02/05/2018,KENTUCKY,17,,,
Kentucky October Yearlings (2019),2019-10-21,226,B,F,TEXAS RED,CHARLOTTE'S DI,EL CORREDOR,MAINE CHANCE FARM (UNIVERSITY OF KENTUCKY),HMMM,4000,,05/07/2018,KENTUCKY,19,,,
Kentucky October Yearlings (2019),2019-10-21,227,DKB,C,RUNHAPPY,CHARMING N LOVABLE,HORSE CHESTNUT (SAF),JAMES B. KEOGH (GROVENDALE) AGENT XXV,DJ STABLE LLC,230000,,04/25/2018,KENTUCKY,9,,,
Kentucky October Yearlings (2019),2019-10-21,228,DKB,F,OVERANALYZE,CHARMING TALE,KINGMAMBO,DENALI STUD AGENT VI,COMMONWEALTH NEW ERA RACING,37000,,03/24/2018,KENTUCKY,1&2,,,
Kentucky October Yearlings (2019),2019-10-21,229,B,C,TIZNOW,CHARMING THUNDER,THUNDER GULCH,SOUTH POINT SALES AGENCY AGENT XXI,OUT,0,,03/10/2018,ONTARIO,18,,,
Kentucky October Yearlings (2019),2019-10-21,230,B,C,MUCHO MACHO MAN,CHASIDA,NORTH LIGHT (IRE),EQUUS FARM (JERRY CUMMINS/PAUL ADAMS) AGENT I,DANNY PATE,25000,,01/27/2018,KENTUCKY,14,,,
Kentucky October Yearlings (2019),2019-10-21,231,CH,F,CITY WOLF,CHATELIAN,TAKE ME OUT,MAINE CHANCE FARM (UNIVERSITY OF KENTUCKY),NOT SOLD,1000,,04/20/2018,KENTUCKY,19,,,
Kentucky October Yearlings (2019),2019-10-21,232,DKB,F,NYQUIST,CHELSEA BALLAD,STREET CRY (IRE),VANMETER GENTRY SALES AGENT XXX,OUT,0,,04/24/2018,KENTUCKY,10,,,
Kentucky October Yearlings (2019),2019-10-21,233,B,F,MIDSHIPMAN,CHEROKEE CAUCUS,CHEROKEE RUN,HIDDEN BROOK AGENT I,HUGH H ROBERTSON/JOHN MENTZ,10000,,02/16/2018,KENTUCKY,22,,,
Kentucky October Yearlings (2019),2019-10-21,234,B,F,GOLDENCENTS,CHESTNUT SUGAR,HORSE CHESTNUT (SAF),VINERY SALES AGENT VI,CHRIS MELTON,5500,,02/25/2018,KENTUCKY,22 &23,,,
Kentucky October Yearlings (2019),2019-10-21,235,B,F,FED BIZ,CHIC GLORIA,ARCHARCHARCH,BROOKDALE SALES AGENT FOR JACK SWAIN,NOT SOLD,1700,,03/27/2018,KENTUCKY,17,,,
Kentucky October Yearlings (2019),2019-10-21,236,DKB,F,SUPER SAVER,CHIC STREET,STREET SENSE,BUCKLAND SALES (ZACH MADDEN) AGENT I,LUIS A SHIRLEY C,18000,,02/09/2018,KENTUCKY,20,,,
Kentucky October Yearlings (2019),2019-10-21,237,DKB,F,AMERICAN PHAROAH,CHOICE PEARL,ANY GIVEN SATURDAY,PARAMOUNT SALES AGENT LI,GULFSTREAM GALLOP LLC/ KIRKWOOD AGENT,75000,,02/11/2018,NEW YORK,20,,,
Kentucky October Yearlings (2019),2019-10-21,238,CH,C,NOT THIS TIME,CHOIR,PULPIT,BROOKDALE SALES AGENT FOR JACK SWAIN,OAKMONT,30000,,04/13/2018,KENTUCKY,17,,,
Kentucky October Yearlings (2019),2019-10-21,239,CH,C,STREET BOSS,CHOKOLOSKEE,CORINTHIAN,WARRENDALE SALES AGENT XIII,WILLIAM DEES,11000,,03/13/2018,KENTUCKY,3,,,
Kentucky October Yearlings (2019),2019-10-21,240,DKB,F,JERSEY TOWN,CHRISTMAS COVE,MORE THAN READY,FOUR STAR SALES AGENT,OUT,0,,03/12/2018,BRITISH COLUMBI,16,,,
Kentucky October Yearlings (2019),2019-10-21,241,CH,F,DIALED IN,CHURCH CAMP,FOREST CAMP,GAINESWAY AGENT XXX,TAPROOT BLOODSDTOCK,35000,,04/08/2018,KENTUCKY,5&6,,,
Kentucky October Yearlings (2019),2019-10-21,242,B,C,BOURBON COURAGE,CITI SWINGER,CITIDANCER,STUART MORRIS AGENT IV,ROY COFFEY,5000,,01/25/2018,MARYLAND,21,,,
Kentucky October Yearlings (2019),2019-10-21,243,DKB,F,MEDAGLIA D'ORO,CITY AT DAWN,CITY ZIP,BUCK POND FARM (DOUGLAS S. ARNOLD) AGENT,OUT,0,,05/24/2018,KENTUCKY,22,,,
Kentucky October Yearlings (2019),2019-10-21,244,B,C,CONSTITUTION,CITY RUN,CHEROKEE RUN,SELECT SALES AGENT XIII,EASY MONEY,135000,,04/27/2018,NEW YORK,6,,,
Kentucky October Yearlings (2019),2019-10-21,245,DKB,C,HONOR CODE,C J OZ,COLONEL JOHN,LANE'S END AGENT,CALUMET FARM,50000,,01/28/2018,KENTUCKY,1&2,,,
Kentucky October Yearlings (2019),2019-10-21,246,GRR,C,FRAC DADDY,CLADDAGH,PERIGEE MOON,MICHAEL C. BYRNE AGENT FOR LEORA CONWAY,OUT,0,,03/19/2018,ONTARIO,14,,,
Kentucky October Yearlings (2019),2019-10-21,247,DKB,C,TAPITURE,CLAMOROUS CLARISSA,VALID EXPECTATIONS,TAYLOR MADE SALES AGENCY AGENT III,BILL & CORINNE HEILIGBRODT SBM AGENT,50000,,01/01/2018,TEXAS,22 &23,,,
Kentucky October Yearlings (2019),2019-10-21,248,DKB,F,VIOLENCE,CLASS,THUNDER GULCH,SMALL BATCH SALES AGENT,RICHARD CUPP,2000,,04/10/2018,KENTUCKY,10,,,
Kentucky October Yearlings (2019),2019-10-21,249,B,F,HARRY'S HOLIDAY,CLASSIC JUSTICE,BANDINI,PARAMOUNT SALES AGENT FOR JUSTICE FARM,ANTHONY GRANITZ,9500,,02/17/2018,INDIANA,20,,,
Kentucky October Yearlings (2019),2019-10-21,250,B,F,NYQUIST,CLASSIC NEEL,EL CORREDOR,HILL 'N' DALE SALES AGENCY AGENT,OUT,0,,05/08/2018,ONTARIO,4,,,
Kentucky October Yearlings (2019),2019-10-21,251,DKB,F,SUPER SAVER,CLASSIC POINT,FLATTER,LANE'S END AGENT,NOT SOLD,40000,,03/18/2018,KENTUCKY,1&2,,,
Kentucky October Yearlings (2019),2019-10-21,252,CH,F,DIALED IN,CLEARLY CHEATING,BROKEN VOW,BLAKE-ALBINA THOROUGHBRED SERVICES LLC AGENT IV,NOT SOLD,27000,,02/01/2018,NEW YORK,24,,,
Kentucky October Yearlings (2019),2019-10-21,253,CH,F,SHACKLEFORD,CLEAR MARCH,VINDICATION,SOUTH POINT SALES AGENCY AGENT XVI,GENARO GARCIA,8000,,04/08/2018,KENTUCKY,18,,,
Kentucky October Yearlings (2019),2019-10-21,254,DKB,F,VIOLENCE,CLOSETOATEN,UNBRIDLED'S SONG,BALLYSAX BLOODSTOCK AGENT IV,WATERSHED BLOODSTOCK,3000,,04/30/2018,KENTUCKY,18,,,
Kentucky October Yearlings (2019),2019-10-21,255,CH,F,EFFINEX,CNOCANDANCER (IRE),DANEHILL DANCER (IRE),BLAKE-ALBINA THOROUGHBRED SERVICES LLC AGENT IV,NOT SOLD,1000,,01/30/2018,NEW YORK,24,,,
Kentucky October Yearlings (2019),2019-10-21,256,GRR,F,FROSTED,C NOTE,SCAT DADDY,DENALI STUD AGENT XXVI,OUT,0,,03/06/2018,FLORIDA,1&2,,,
Kentucky October Yearlings (2019),2019-10-21,257,GRR,F,LIAM'S MAP,COCOANUT ROW,MINESHAFT,MULHOLLAND FARM,WAVES BLOODSTOCK,260000,,03/31/2018,KENTUCKY,13,,,
Kentucky October Yearlings (2019),2019-10-21,258,DKB,F,TWIRLING CANDY,CODE BOOK,GIANT'S CAUSEWAY,BUCKLAND SALES (ZACH MADDEN) AGENT X,NOT SOLD,12000,,02/18/2018,OKLAHOMA,20,,,
Kentucky October Yearlings (2019),2019-10-21,259,CH,C,IRONICUS,CODY COWGIRL,VAN NISTELROOY,SCOTT MALLORY AGENT XVII,NOT SOLD,2000,,03/25/2018,KENTUCKY,21,,,
Kentucky October Yearlings (2019),2019-10-21,260,CH,C,TONALIST,COFACHIQUI,INDIAN CHARLIE,LANE'S END AGENT,ALEXANDRO CENTOFANTI,6000,Y,05/04/2018,KENTUCKY,1&2,,,
Kentucky October Yearlings (2019),2019-10-21,261,DKB,C,STREET SENSE,COLINA VERDE (BRZ),KNOW HEIGHTS (IRE),EATON SALES AGENT,OUT,0,,02/20/2018,KENTUCKY,7,,,
Kentucky October Yearlings (2019),2019-10-21,262,B,C,AIR FORCE BLUE,COLONEL JEN,COLONEL JOHN,HIDDEN BROOK AGENT VI,NOT SOLD,12000,,02/28/2018,NEW YORK,22,,,
Kentucky October Yearlings (2019),2019-10-21,263,CH,F,KARAKONTIE (JPN),COMMUNION,PULPIT,GAINESWAY AGENT V,DOUG ANDERSON,12000,,04/07/2018,KENTUCKY,5&6,,,
Kentucky October Yearlings (2019),2019-10-21,264,B,C,DECLARATION OF WAR,COMPETE,EL PRADO (IRE),DENALI STUD AGENT III,GULFSTREAM GALLOP LLC/ KIRKWOOD AGENT,50000,,05/05/2018,KENTUCKY,1&2,,,
Kentucky October Yearlings (2019),2019-10-21,265,B,C,INTO MISCHIEF,COMPETITION,DIXIE UNION,DROMOLAND FARM INC. (GERRY DILGER) AGENT IV,FOX HILL FARM,150000,,01/28/2018,KENTUCKY,4,,,
Kentucky October Yearlings (2019),2019-10-21,266,B,F,THE FACTOR,CONCERT,MINESHAFT,BROOKDALE SALES AGENT,ERNIE WITT,7000,,04/15/2018,KENTUCKY,17,,,
Kentucky October Yearlings (2019),2019-10-21,267,B,C,OVERANALYZE,CONQUEST INATWIRL,TWIRLING CANDY,CROWNING POINT FARM AGENT,ADR RACING LLC,4500,Y,04/09/2018,KENTUCKY,18,,,
Kentucky October Yearlings (2019),2019-10-21,268,B,C,OVERANALYZE,CONQUEST MISBEHAVE,INTO MISCHIEF,PAUL TACKETT AGENT,OUT,0,,03/30/2018,KENTUCKY,10,,,
Kentucky October Yearlings (2019),2019-10-21,269,B,F,AIR FORCE BLUE,CONQUEST STRATE UP,NOT BOURBON,SOUTH POINT SALES AGENCY AGENT XVI,HIDDEN BROOK FARM AGENT,75000,,01/25/2018,KENTUCKY,18,,,http://www.thorostride.com/sales/fasig-tipton-ky-october-2019-hip-269
Kentucky October Yearlings (2019),2019-10-21,270,B,C,OUTWORK,CONTRACTUAL,ELUSIVE QUALITY,MILL RIDGE SALES AGENT,NOT SOLD,9000,,04/15/2018,NEW YORK,11,,,
Kentucky October Yearlings (2019),2019-10-21,271,DKB,F,MIDNIGHT LUTE,CONTRITION,PULPIT,MAINE CHANCE FARM (UNIVERSITY OF KENTUCKY),SPIN TO WIN STABLES,6000,,04/12/2018,KENTUCKY,19,,,
Kentucky October Yearlings (2019),2019-10-21,272,DKB,C,VANCOUVER (AUS),COOL TEARS,COOL COAL MAN,SOUTH POINT SALES AGENCY AGENT VII,GRASSROOTS TRN & SALES LLC,12000,,05/20/2018,NEW YORK,18,,,
Kentucky October Yearlings (2019),2019-10-21,273,DKB,F,HONOR CODE,COPPER BEAUTY,DEPUTY COMMANDER,LANE'S END AGENT,MICHAEL J TROMBETTA,5000,,05/04/2018,KENTUCKY,1&2,,,
Kentucky October Yearlings (2019),2019-10-21,274,GRR,C,TIZNOW,COPPERMINE,UNBRIDLED'S SONG,PARAMOUNT SALES AGENT II,JACKSON HOLE PARTNERSHIP,100000,,02/09/2018,PENNSYLVANIA,20,,,
Kentucky October Yearlings (2019),2019-10-21,275,CH,F,INCLUDE,CORI ELLA,WELL NOTED,POPE MCLEAN (CRESTWOOD FARM) AGENT III,NOT SOLD,7000,,03/19/2018,KENTUCKY,17,,,
Kentucky October Yearlings (2019),2019-10-21,276,CH,F,JERSEY TOWN,CORINTHIANNA,CORINTHIAN,HUNTER VALLEY FARM AGENT,KAIZEN SALES AGENT,5000,,03/16/2018,BRITISH COLUMBI,9,,,
Kentucky October Yearlings (2019),2019-10-21,277,B,F,JUSTIN PHILLIP,CORINTHIAN'S LARK,CORINTHIAN,CROSS KEYS SALES LLC AGENT III,MICKEY MARTIN,5000,,04/16/2018,KENTUCKY,16,,,
Kentucky October Yearlings (2019),2019-10-21,278,DKB,C,AMERICAN PHAROAH,COUNTERPARTY,EXCHANGE RATE,CANDY MEADOWS SALES AGENT I,PICK VIEW LLC,315000,,05/16/2018,KENTUCKY,12,,,
Kentucky October Yearlings (2019),2019-10-21,279,B,F,EXAGGERATOR,COURTLY CHOICE,DONERAILE COURT,BEDOUIN BLOODSTOCK AGENT,NOT SOLD,32000,,03/21/2018,NEW YORK,5,,,
Kentucky October Yearlings (2019),2019-10-21,280,GRR,C,NOT THIS TIME,COZAPPA,GHOSTZAPPER,BURLESON FARMS AGENT,KENNETH MCPEEK AGENT,8000,,02/09/2018,KENTUCKY,17,,,
Kentucky October Yearlings (2019),2019-10-21,281,DKB,F,VANCOUVER (AUS),COZINNETA,COZZENE,SELECT SALES AGENT VII,EDDIE KENNEALLY AGENT,12000,,04/07/2018,KENTUCKY,6,,,
Kentucky October Yearlings (2019),2019-10-21,282,CH,F,SPEIGHTSTER,COZY CABIN,FOREST CAMP,BRANDYWINE FARM (JIM & PAM ROBINSON),OMAR RAMIREZ,45000,,04/26/2018,KENTUCKY,15,,,
Kentucky October Yearlings (2019),2019-10-21,283,GRR,F,RACE DAY,CRAFTY WAC,PATTON,PARAMOUNT SALES AGENT XXX,BERENICE GARCIA,2000,,02/26/2018,KENTUCKY,20,,,
Kentucky October Yearlings (2019),2019-10-21,284,B,F,GET STORMY,CREATIVE BLISS,CREATIVE,RICKY HIGGS AGENT,HUGH H ROBERTSON,8000,,03/06/2018,MINNESOTA,15,,,
Kentucky October Yearlings (2019),2019-10-21,285,CH,C,CREATIVE CAUSE,CREATIVE SPIRIT,SMARTY JONES,ELLEN J. CAINES AGENT II,NOT SOLD,17000,,04/09/2018,OKLAHOMA,8,,,
Kentucky October Yearlings (2019),2019-10-21,286,B,F,JUSTIN PHILLIP,CROWD CONTROL,POSSE,ST GEORGE SALES AGENT V,NOT SOLD,1000,,04/28/2018,KENTUCKY,10,,,
Kentucky October Yearlings (2019),2019-10-21,287,B,C,WAR FRONT,CROWLEY'S LAW (GB),DUBAWI (IRE),BACCARI BLOODSTOCK LLC AGENT VIII,OUT,0,,01/19/2018,KENTUCKY,11,,,
Kentucky October Yearlings (2019),2019-10-21,288,DKB,F,CREATIVE CAUSE,CRUISIN'NTHEBRIDLE,UNBRIDLED'S SONG,WALNUT GREEN LLC AGENT FOR SMART ANGLE LLP,NOT SOLD,17000,,02/07/2018,PENNSYLVANIA,22,,,
Kentucky October Yearlings (2019),2019-10-21,289,CH,F,TEXAS RED,CRYSTAL LAKE DRIVE,GIANT'S CAUSEWAY,VINERY SALES AGENT XXII,NOT SOLD,12000,,01/22/2018,IOWA,22 &23,,,
Kentucky October Yearlings (2019),2019-10-21,290,GRR,F,MUNNINGS,CULINARY,EL AMANTE,DENALI STUD AGENT XXIII,GOLDEN ROCK,13000,,02/10/2018,KENTUCKY,1&2,,,
Kentucky October Yearlings (2019),2019-10-21,291,CH,F,AIR FORCE BLUE,CURLIN N TWIRLIN,CURLIN,WARRENDALE SALES AGENT I,OUT,0,,04/22/2018,KENTUCKY,3,,,
Kentucky October Yearlings (2019),2019-10-21,292,CH,F,BRODY'S CAUSE,CURLIN'S APPLE,CURLIN,FOUR STAR SALES AGENT,NOT SOLD,19000,,03/04/2018,KENTUCKY,16,,,
Kentucky October Yearlings (2019),2019-10-21,293,CH,F,STRONG MANDATE,CURTAIN CALL,CONGRATS,MULHOLLAND FARM AGENT,ALEXANDRO CENTOFANTI,7000,,01/30/2018,KENTUCKY,13,,,
Kentucky October Yearlings (2019),2019-10-21,294,DKB,F,ORB,CUT CLASS TRIP,TRIPPI,SELECT SALES AGENT FOR COTEAU GROVE FARMS LLC,OUT,0,,04/20/2018,LOUISIANA,6,,,
Kentucky October Yearlings (2019),2019-10-21,295,B,C,UNION RAGS,CUTTYHUNK,MUNNINGS,PARAMOUNT SALES AGENT XLIX,OAKMONT,125000,Y,02/22/2018,KENTUCKY,20,,,
Kentucky October Yearlings (2019),2019-10-21,296,CH,F,DAREDEVIL,CYNICAL STORM,SKY MESA,TRACKSIDE FARM (TOM EVANS) AGENT V,OUT,0,,01/15/2018,KENTUCKY,21,,,
Kentucky October Yearlings (2019),2019-10-21,297,CH,F,TAPITURE,DAEDAL,ORIENTATE,BALLYSAX BLOODSTOCK AGENT III,ERIN FISHER,1000,,03/26/2018,KENTUCKY,18,,,
Kentucky October Yearlings (2019),2019-10-21,298,B,C,JACK MILTON,DAISY FUZZ,STROLL,CEDAR BROOK FARM AGENT FOR BETTY B. THOMAS DVM,NOT SOLD,1000,,04/16/2018,KENTUCKY,13,,,
Kentucky October Yearlings (2019),2019-10-21,299,CH,C,EFFINEX,DAKOTA DOLL,DEFRERE,PARAMOUNT SALES AGENT II,OUT,0,,02/13/2018,NEW YORK,20,,,
Kentucky October Yearlings (2019),2019-10-21,300,CH,F,FREUD,DAKOTA KID,LEMON DROP KID,TAYLOR MADE SALES AGENCY AGENT XXI,NOT SOLD,40000,,04/13/2018,NEW YORK,22 &23,,,
Kentucky October Yearlings (2019),2019-10-21,301,B,C,ZOFFANY (IRE),DAMSON (IRE),ENTREPRENEUR (GB),HILL 'N' DALE SALES AGENCY AGENT,JSM EQUINE LLC,95000,,03/08/2018,KENTUCKY,4,,,
Kentucky October Yearlings (2019),2019-10-21,302,CH,C,FIRST SAMURAI,DANCE FEVER,FUSAICHI PEGASUS,DENALI STUD AGENT VII,HTC/VORIC STABLES,52000,,03/21/2018,NEW YORK,1&2,,,
Kentucky October Yearlings (2019),2019-10-21,303,DKB,C,LAOBAN,DANCE I CAN,ROARING FEVER,VINERY SALES AGENT XXV,NOT SOLD,1500,,04/13/2018,NEW YORK,22 &23,,,
Kentucky October Yearlings (2019),2019-10-21,304,GRR,F,ANCHOR DOWN,DANCEINTHEMOMENT,TIZNOW,GAINESWAY AGENT V,JVC TRAINING & SALES,22000,,01/26/2018,KENTUCKY,5&6,,,
Kentucky October Yearlings (2019),2019-10-21,305,DKB,F,DOMINUS,DANCE STUDIO,BERTRANDO,VINERY SALES AGENT XL,ALISON RAKIS,12000,,05/22/2018,KENTUCKY,22 &23,,,
Kentucky October Yearlings (2019),2019-10-21,306,DKB,C,MOSLER,DANCINGINTHECITY,CITY ZIP,STUART MORRIS AGENT II,RANDY ALLEN AGENT,19000,,03/08/2018,MARYLAND,21,,,
Kentucky October Yearlings (2019),2019-10-21,307,DKB,F,PALACE,DANCINGONTHEEDGE,THE CLIFF'S EDGE,BALLYSAX BLOODSTOCK AGENT FOR OAKS RIDGE FARM,GENARO GARCIA,7000,,03/08/2018,INDIANA,18,,,
Kentucky October Yearlings (2019),2019-10-21,308,B,F,NYQUIST,DANCING SECRETARY,PERFECT SOUL (IRE),DENALI STUD AGENT XXVI,OUT,0,,01/29/2018,FLORIDA,1&2,,,
Kentucky October Yearlings (2019),2019-10-21,309,B,F,TEMPLE CITY,DARE TO DANCE,THUNDER GULCH,VINERY SALES AGENT FOR ESTATE OF VIRGINIA ELDER,JAMES HUNT,4000,,03/27/2018,TEXAS,22 &23,,,
Kentucky October Yearlings (2019),2019-10-21,310,DKB,C,COMMISSIONER,DARK NEBULA,EXCHANGE RATE,SOUTH POINT SALES AGENCY AGENT XVII,NOT SOLD,7000,,02/23/2018,NEW YORK,18,,,http://www.thorostride.com/sales/fasig-tipton-ky-october-2019-hip-310
Kentucky October Yearlings (2019),2019-10-21,311,DKB,F,ORB,DAWN CHORUS,UNBRIDLED'S SONG,PARAMOUNT SALES AGENT XL,NICE GUYS STABLES,50000,,03/27/2018,KENTUCKY,20,,,
Kentucky October Yearlings (2019),2019-10-21,312,DKB,F,CINCO CHARLIE,DAWN FALCON,ORIENTATE,TRACKSIDE FARM (TOM EVANS) AGENT IX,OUT,0,,04/19/2018,KENTUCKY,21,,,
Kentucky October Yearlings (2019),2019-10-21,313,CH,F,TAPIT,DAYATTHESPA,CITY ZIP,EATON SALES AGENT,ROCK RIDGE THOROUGHBREDS LLC,245000,,03/31/2018,KENTUCKY,7,,,
Kentucky October Yearlings (2019),2019-10-21,314,GRR,F,DIALED IN,DBLSECRETPROBATION,PROUD CITIZEN,OLD SCHOOL THOROUGHBREDS AGENT,ERNESTO FANILLA,13000,,03/13/2018,KENTUCKY,19,,,
Kentucky October Yearlings (2019),2019-10-21,315,DKB,F,DRAMEDY,DEAR TO ALL,TALE OF THE CAT,FOUR STAR SALES AGENT,ROGER RASHALL,1000,,04/21/2018,KENTUCKY,16,,,
Kentucky October Yearlings (2019),2019-10-21,316,B,F,MALIBU MOON,DEBBY D'ORO,GIANT'S CAUSEWAY,STONEHAVEN STEADINGS,ATLAS BLOODSTOCK/XIB AGENT,250000,,01/15/2018,KENTUCKY,7,,,
Kentucky October Yearlings (2019),2019-10-21,317,DKB,F,CROSS TRAFFIC,DE BELLE,DEHERE,BLAKE-ALBINA THOROUGHBRED SERVICES LLC AGENT V,M. HEMINGWAY AGENT,12000,,04/06/2018,NEW YORK,24,,,
Kentucky October Yearlings (2019),2019-10-21,318,CH,F,CALIFORNIA CHROME,DECENNIAL,TRIPPI,TAYLOR MADE SALES AGENCY AGENT XXIV,OUT,0,,03/14/2018,KENTUCKY,22 &23,,,
Kentucky October Yearlings (2019),2019-10-21,319,B,F,CALIFORNIA CHROME,DECEPTIVE GLORY,HONOUR AND GLORY,BUCKLAND SALES (ZACH MADDEN) AGENT XIV,HIGHBURY BLOODSTOCK,25000,,04/12/2018,KENTUCKY,20,,,
Kentucky October Yearlings (2019),2019-10-21,320,DKB,F,SPEIGHTSTOWN,DECODER,WAR FRONT,WARRENDALE SALES AGENT XIV,EDDIE KENNEALLY AGENT,145000,,03/11/2018,KENTUCKY,3,,,
Kentucky October Yearlings (2019),2019-10-21,321,B,F,DOMINUS,DEHEREWEGO,DEHERE,SUE VACEK AGENT I,POUDRE RIVER RANCH,24000,,02/02/2018,FLORIDA,14,,,
Kentucky October Yearlings (2019),2019-10-21,322,DKB,C,WICKED STRONG,D' ELEGANCE,EL CORREDOR,DENALI STUD AGENT XVIII,OUT,0,,03/28/2018,KENTUCKY,1&2,,,
Kentucky October Yearlings (2019),2019-10-21,323,B,C,MEDAGLIA D'ORO,DELIGHTFUL MARY,LIMEHOUSE,GAINESWAY AGENT IX,SOOTHER RACING,10000,,04/30/2018,KENTUCKY,5&6,,,
Kentucky October Yearlings (2019),2019-10-21,324,B,C,JUMP START,DEMOCRAT TAXES,CATIENUS,BROOKDALE SALES AGENT FOR FORTUNE FARM,NOT SOLD,140000,,03/24/2018,NEW YORK,17,,,
Kentucky October Yearlings (2019),2019-10-21,325,CH,C,SPEIGHTSTER,DENALI RED,CRAFTY PROSPECTOR,PARAMOUNT SALES AGENT XLV,OUT,0,,04/14/2018,KENTUCKY,20,,,
Kentucky October Yearlings (2019),2019-10-21,326,DKB,F,SHANGHAI BOBBY,DENIED,UNCLE MO,CASTLE PARK FARM LLC (NOEL MURPHY) AGENT V,MCMAHON & HILL BLDSTK AGENT ALL MY HART RACING,25000,,02/26/2018,KENTUCKY,11,,,
Kentucky October Yearlings (2019),2019-10-21,327,B,C,OUTWORK,DENOTATION,PIONEEROF THE NILE,ENDEAVOR FARM AGENT FOR CAVEMAN STABLES (STEVE ANDERSEN),NOT SOLD,1000,,05/10/2018,KENTUCKY,13,,,
Kentucky October Yearlings (2019),2019-10-21,328,CH,C,CURLIN,DESERT CLASSIC (GB),GREEN DESERT,LANE'S END AGENT,GULFSTREAM GALLOP LLC/ KIRKWOOD AGENT,110000,,01/27/2018,KENTUCKY,1&2,,,
Kentucky October Yearlings (2019),2019-10-21,329,B,F,HARRY'S HOLIDAY,DESERT RECON,OUTFLANKER,PARAMOUNT SALES AGENT FOR JUSTICE FARM,GRASSROOTS TRN & SALES LLC,17000,,04/07/2018,INDIANA,20,,,
Kentucky October Yearlings (2019),2019-10-21,330,B,F,CAIRO PRINCE,DESPERATE CHICK,TRIBAL RULE,BURLESON FARMS AGENT,ALEXANDRO CENTOFANTI,7000,,01/08/2018,KENTUCKY,17,,,
Kentucky October Yearlings (2019),2019-10-21,331,DKB,C,COMPETITIVE EDGE,DESTINY ROSE,LEROIDESANIMAUX (BRZ),SELECT SALES AGENT XIV,CRYSTAL PICKETT,6000,,01/24/2018,NEW YORK,6,,,
Kentucky October Yearlings (2019),2019-10-21,332,GRR,C,DECLARATION OF WAR,DETERMIN THIS,DEHERE,PARAMOUNT SALES AGENT XXIII,ALEJANDRO CONTRERAS,1000,,04/22/2018,KENTUCKY,20,,,
Kentucky October Yearlings (2019),2019-10-21,333,B,F,INTO MISCHIEF,DIAMANTE DE FUEGO,EL CORREDOR,BRANDYWINE FARM (JIM & PAM ROBINSON),TOM MCCROCKLIN AGENT,50000,,02/15/2018,KENTUCKY,15,,,
Kentucky October Yearlings (2019),2019-10-21,334,B,F,WICKED STRONG,DIAMOND QUEEN,APTITUDE,HUNTER VALLEY FARM AGENT,MARIA K PAULY,30000,,05/05/2018,KENTUCKY,9,,,
Kentucky October Yearlings (2019),2019-10-21,335,GRR,C,PERFECT SOUL (IRE),DIAMOND SONG,UNBRIDLED'S SONG,FOUR STAR SALES AGENT,NOT SOLD,1000,,03/19/2018,BRITISH COLUMBI,16,,,
Kentucky October Yearlings (2019),2019-10-21,336,B,C,MACLEAN'S MUSIC,DISARONA,BOWMAN'S BAND,SOUTH POINT SALES AGENCY AGENT I,NOT SOLD,22000,,04/06/2018,LOUISIANA,18,,,http://www.thorostride.com/sales/fasig-tipton-ky-october-2019-hip-336
Kentucky October Yearlings (2019),2019-10-21,337,B,C,OUTWORK,DISCREET WOMAN,DISCREET CAT,PERRONE SALES LTD. AGENT FOR APACHE FARM LLC,F SANCHEZ JR MD,1000,,04/13/2018,NEW YORK,15,,,
Kentucky October Yearlings (2019),2019-10-21,338,CH,F,EXAGGERATOR,DISPOSABLEPLEASURE,GIACOMO,BLUEWATER SALES LLC AGENT IX,NOT SOLD,32000,,04/14/2018,KENTUCKY,21,,,
Kentucky October Yearlings (2019),2019-10-21,339,DKB,C,TALE OF EKATI,DISTINCTIVELY,AWESOME AGAIN,HUNTER VALLEY FARM AGENT,STACY MOAK,7500,,02/19/2018,KENTUCKY,9,,,
Kentucky October Yearlings (2019),2019-10-21,340,DKB,C,FLAT OUT,DISTINCT SPARKLE,WITH DISTINCTION,SHELTOWEE SALES AGENT,NOT SOLD,9500,,04/17/2018,KENTUCKY,14,,,
Kentucky October Yearlings (2019),2019-10-21,341,B,F,MALIBU MOON,DISTORTED BEAUTY,INVASOR (ARG),LEGACY BLOODSTOCK AGENT,OUT,0,,01/19/2018,FLORIDA,23,,,
Kentucky October Yearlings (2019),2019-10-21,342,B,F,HONOR CODE,DISTORTED POINT,DISTORTED HUMOR,BLUEWATER SALES LLC AGENT X,WAYNE W RICE,3000,,02/19/2018,KENTUCKY,21,,,
Kentucky October Yearlings (2019),2019-10-21,343,CH,C,MIDSHIPMAN,DISTORTED TYPE,DISTORTED HUMOR,WAR HORSE PLACE LLC AGENT III,NOT SOLD,8000,,04/27/2018,NEW YORK,7,,,
Kentucky October Yearlings (2019),2019-10-21,344,DKB,R,MUNNINGS,DIVA N DISGUISE,MIZZEN MAST,LANE'S END AGENT,MARTIN ANTHONY,100000,,02/15/2018,KENTUCKY,1&2,,,
Kentucky October Yearlings (2019),2019-10-21,345,B,C,TWIRLING CANDY,DIVA'S SEASTAR,BROKEN VOW,DENALI STUD AGENT XXII,CHAPO RACING,20000,Y,04/10/2018,KENTUCKY,1&2,,,
Kentucky October Yearlings (2019),2019-10-21,346,B,F,CANDY RIDE (ARG),DIVERGENT THINKING,MIZZEN MAST,LANE'S END AGENT,PHILIP A SIMS,5000,,01/23/2018,KENTUCKY,1&2,,,
Kentucky October Yearlings (2019),2019-10-21,347,DKB,C,TWIRLING CANDY,DIXIE IN PINK,DIXIELAND BAND,RAMSEY FARM AGENT,VALENTINE JIMENEZ/IC STABLES,22000,,03/16/2018,KENTUCKY,21,,,
Kentucky October Yearlings (2019),2019-10-21,348,B,C,FAST ANNA,DIXIELAND BULL,HOLY BULL,BLUEWATER SALES LLC AGENT V,OUT,0,,01/24/2018,KENTUCKY,21,,,
Kentucky October Yearlings (2019),2019-10-21,349,DKB,C,MALIBU MOON,DIXIE SONG,FUSAICHI PEGASUS,BRANDYWINE FARM (JIM & PAM ROBINSON),EDDIE KENNEALLY AGENT,100000,,04/12/2018,KENTUCKY,15,,,
Kentucky October Yearlings (2019),2019-10-21,350,B,C,KANTHAROS,DOC'S DESTINY,DOC'S LEADER,HURSTLAND FARM (ALFRED H. NUCKOLS JR.) AGENT I,OUT,0,,02/18/2018,KENTUCKY,12,,,
Kentucky October Yearlings (2019),2019-10-21,351,B,C,NEW YEAR'S DAY,DOC'S GYPSY,YANKEE GENTLEMAN,FAIRYTAIL FARMS LLP AGENT FOR KMA RANCH,ADR RACING STABLE LLC,15000,,02/17/2018,KENTUCKY,22,,,
Kentucky October Yearlings (2019),2019-10-21,352,B,F,GET STORMY,DOC'S LEADING LADY,DOC'S LEADER,HURSTLAND FARM (ALFRED H. NUCKOLS JR.) AGENT I,NOT SOLD,14000,,03/18/2018,KENTUCKY,12,,,
Kentucky October Yearlings (2019),2019-10-21,353,B,F,STRONG MANDATE,DONA BONITA,EL PRADO (IRE),CROWNING POINT FARM AGENT,NOT SOLD,20000,,02/24/2018,KENTUCKY,18,,,
Kentucky October Yearlings (2019),2019-10-21,354,B,F,MACLEAN'S MUSIC,DON'T BOSS ME,STREET BOSS,ST GEORGE SALES AGENT XVII,NOT SOLD,19000,,05/08/2018,ARKANSAS,10,,,
Kentucky October Yearlings (2019),2019-10-21,355,B,F,LIAISON,DOOLITTLE DAISY,VAN NISTELROOY,EQUUS FARM (JERRY CUMMINS/PAUL ADAMS) AGENT I,ALEJANDRO CONTRERAS,2500,,02/06/2018,KENTUCKY,14,,,
Kentucky October Yearlings (2019),2019-10-21,356,B,C,CALIFORNIA CHROME,DOROTHY'S SPIRIT,SCAT DADDY,BROOKDALE SALES AGENT,GRASSROOTS TRN & SALES LLC,18000,Y,05/15/2018,KENTUCKY,17,,,
Kentucky October Yearlings (2019),2019-10-21,357,DKB,C,AIKENITE,DOTTED SWISS,SWISS YODELER,FORBUSH FARM,DERRICK BRIGHT,1000,,03/25/2018,KENTUCKY,14,,,
Kentucky October Yearlings (2019),2019-10-21,358,B,C,SUMMER FRONT,DOUBLE THE LEAD,BERNARDINI,ELLEN J. CAINES AGENT II,NOT SOLD,2500,,02/28/2018,OKLAHOMA,8,,,
Kentucky October Yearlings (2019),2019-10-21,359,B,C,SHANGHAI BOBBY,DOWNTOWN HOTTIE,CITY ZIP,SCOTT MALLORY AGENT XVII,JOHN D STEPHENS,13000,,03/18/2018,KENTUCKY,21,,,
Kentucky October Yearlings (2019),2019-10-21,360,B,C,BODEMEISTER,DRAGON EYES,CANDY RIDE (ARG),SOUTH POINT SALES AGENCY AGENT I,OUT,0,,04/20/2018,LOUISIANA,18,,,
Kentucky October Yearlings (2019),2019-10-21,361,B,C,MORE THAN READY,DREAMING AS ALWAYS,BROKEN VOW,STONEHAVEN STEADINGS,NOT SOLD,150000,,01/29/2018,NEW YORK,7,,,
Kentucky October Yearlings (2019),2019-10-21,362,B,C,DAREDEVIL,DREAMING OF DONATO,INDIAN CHARLIE,SOUTH POINT SALES AGENCY AGENT IV,5B FARM LLC,10000,,03/13/2018,KENTUCKY,18,,,http://www.thorostride.com/sales/fasig-tipton-ky-october-2019-hip-362
Kentucky October Yearlings (2019),2019-10-21,363,B,F,TAMARKUZ,DREAMING OF SUSIE,COWTOWN CAT,SELECT SALES AGENT IX,OUT,0,,05/14/2018,LOUISIANA,6,,,
Kentucky October Yearlings (2019),2019-10-21,364,DKB,F,CAIRO PRINCE,DREAM REGIME,ROMAN RULER,LANE'S END AGENT,KINGS EQUINE,25000,,04/17/2018,KENTUCKY,1&2,,,
Kentucky October Yearlings (2019),2019-10-21,365,CH,F,NOT BOURBON,DROP YOUR JERSEY,LEMON DROP KID,HUNTER VALLEY FARM AGENT,WAYNE W RICE,5000,,04/13/2018,ONTARIO,9,,,
Kentucky October Yearlings (2019),2019-10-21,366,CH,C,SHACKLEFORD,DRUMETTE,HENNY HUGHES,GAINESWAY AGENT XL,HIGHBURY BLOODSTOCK,230000,,04/19/2018,KENTUCKY,5&6,,,
Kentucky October Yearlings (2019),2019-10-21,367,B,C,ANCHOR DOWN,DUST IT,DISTORTED HUMOR,GAINESWAY AGENT V,K.O.I.D.,40000,,03/15/2018,KENTUCKY,5&6,,,
Kentucky October Yearlings (2019),2019-10-21,368,B,F,EXAGGERATOR,DYNAMAZED,DYNAFORMER,DENALI STUD AGENT XIX,NOT SOLD,34000,,04/15/2018,KENTUCKY,1&2,,,
Kentucky October Yearlings (2019),2019-10-21,369,DKB,C,MUCHO MACHO MAN,DYNASHEALS,DONERAILE COURT,FRANKFORT PARK FARM AGENT,REEVES THOROUGHBRED RACING,60000,,03/01/2018,ONTARIO,14,,,
Kentucky October Yearlings (2019),2019-10-21,370,B,C,BODEMEISTER,DYNAZAPER,GHOSTZAPPER,JAMES B. KEOGH (GROVENDALE) AGENT XXX,OUT,0,,05/13/2018,KENTUCKY,9,,,
Kentucky October Yearlings (2019),2019-10-21,371,CH,F,FLAT OUT,DYRCE,SANDPIT (BRZ),RED GABLES STUD AGENT II,NOT SOLD,2700,,03/10/2018,KENTUCKY,13,,,
Kentucky October Yearlings (2019),2019-10-21,372,DKB,C,UPSTART,EBONY ORO,BOB AND JOHN,SCOTT MALLORY AGENT FOR SEA JAY FARM,NOT SOLD,21000,,05/05/2018,KENTUCKY,21,,,
Kentucky October Yearlings (2019),2019-10-21,373,B,C,NOT THIS TIME,ECHO STORM,THUNDER GULCH,INDIAN CREEK AGENT,OUT,0,,05/04/2018,KENTUCKY,11,,,
Kentucky October Yearlings (2019),2019-10-21,374,GRR,C,TAPIT,ECOLOGY,UNBRIDLED'S SONG,GAINESWAY AGENT XLV,M. HEMINGWAY AGENT,57000,,03/28/2018,KENTUCKY,5&6,,,
Kentucky October Yearlings (2019),2019-10-21,375,B,F,FLAT OUT,ELA ENTA (GB),ROYAL APPLAUSE (GB),SHEPPELL THOROUGHBREDS AGENT,EDWIN MUNDO RIOS,8500,,04/04/2018,OHIO,21,,,
Kentucky October Yearlings (2019),2019-10-21,376,CH,C,ANIMAL KINGDOM,EL BANK ROBBER,ELTISH,NARDELLI SALES AGENT I,ASHLAND PARK MNGT AGENT,25000,,03/31/2018,KENTUCKY,5,,,
Kentucky October Yearlings (2019),2019-10-21,377,CH,C,BIRDSTONE,ELEGANT EFFORT,ALYDEED,RED GABLES STUD AGENT I,VG INVESTMENT,10000,,05/14/2018,KENTUCKY,13,,,
Kentucky October Yearlings (2019),2019-10-21,378,DKB,C,MSHAWISH,ELEGANTLY,ARCH,TARLETON FARM AGENT,KIRKWOOD STABLES AGENT,11000,,05/18/2018,KENTUCKY,13,,,
Kentucky October Yearlings (2019),2019-10-21,379,B,C,PALACE MALICE,ELIZA'S CAT,MALIBU MOON,DENALI STUD AGENT XXVI,OUT,0,,03/28/2018,FLORIDA,1&2,,,
Kentucky October Yearlings (2019),2019-10-21,380,B,C,DOWSING (JPN),ELOISE,AWESOME AGAIN,POPE MCLEAN (CRESTWOOD FARM) AGENT V,CHRIS DRAKOS,7000,,04/14/2018,INDIANA,17,,,
Kentucky October Yearlings (2019),2019-10-21,381,DKB,C,NYQUIST,ELUSIVE CHECKERS,QUALITY ROAD,INDIAN CREEK AGENT,OUT,0,,03/21/2018,KENTUCKY,11,,,
Kentucky October Yearlings (2019),2019-10-21,382,GRR,F,FIRST SAMURAI,ELUSIVE ECHO,ELUSIVE QUALITY,BUCKLAND SALES (ZACH MADDEN) AGENT IX,NOT SOLD,14000,,04/17/2018,KENTUCKY,20,,,http://www.thorostride.com/sales/fasig-tipton-ky-october-2019-hip-382
Kentucky October Yearlings (2019),2019-10-21,383,CH,F,IRONICUS,ELUSIVE HOLIDAY,HARLAN'S HOLIDAY,HIDDEN BROOK AGENT IV,OUT,0,,03/17/2018,KENTUCKY,22,,,
Kentucky October Yearlings (2019),2019-10-21,384,CH,F,KANTHAROS,ELYSIAN,SMART STRIKE,ANDERSON FARMS AGENT,NOT SOLD,19000,,04/20/2018,ONTARIO,3,,,
Kentucky October Yearlings (2019),2019-10-21,385,B,F,ALGORITHMS,EMMA MOMENTA,RAHY,ALLIANCE SALES AGENCY AGENT,LELAND HAYES,1700,,04/24/2018,KENTUCKY,7,,,
Kentucky October Yearlings (2019),2019-10-21,386,DKB,F,TOURIST,EMMA SPENCER (IRE),ZAMINDAR,BROOKDALE SALES AGENT FOR CHERVENELL THOROUGHBREDS,ANTWONE RANDALL EL,6000,,05/09/2018,KENTUCKY,17,,,
Kentucky October Yearlings (2019),2019-10-21,387,B,C,LIAISON,E MOON,MALIBU MOON,LEGACY BLOODSTOCK AGENT XI,ALEJANDRO CONTRERAS,2200,,02/19/2018,KENTUCKY,23,,,
Kentucky October Yearlings (2019),2019-10-21,388,DKB,C,STREET SENSE,EMOTIONAL WORDS,CURLIN,INDIAN CREEK AGENT,SHEPHERD EQUINE ADVISORS AGT FOR SANDERS & HIRSCH,170000,,04/21/2018,NEW YORK,11,,,
Kentucky October Yearlings (2019),2019-10-21,389,B,F,SHANGHAI BOBBY,EMPRESS OF MIDWAY,EMPIRE MAKER,MULHOLLAND FARM,OUT,0,,04/11/2018,KENTUCKY,13,,,
Kentucky October Yearlings (2019),2019-10-21,390,DKB,F,PIONEEROF THE NILE,ENCHANTING LISA,WAR CHANT,DENALI STUD AGENT XXI,D HATMAN THOROUGHBREDS LLC,70000,,04/29/2018,KENTUCKY,1&2,,,
Kentucky October Yearlings (2019),2019-10-21,391,DKB,F,PALACE,ENCOUNTER,SOUTHERN IMAGE,SUSAN M. FORRESTER AGENT II,ADR RACING STABLE LLC,15000,,02/22/2018,KENTUCKY,8,,,
Kentucky October Yearlings (2019),2019-10-21,392,DKB,C,VANCOUVER (AUS),ENDEAVOUR CORNER,STRONG HOPE,MULHOLLAND FARM AGENT,NOT SOLD,14000,,04/30/2018,KENTUCKY,13,,,
Kentucky October Yearlings (2019),2019-10-21,393,CH,C,WICKED STRONG,ENDLESS RULES,ROMAN RULER,FOUR STAR SALES AGENT,NOT SOLD,9000,,04/02/2018,LOUISIANA,16,,,
Kentucky October Yearlings (2019),2019-10-21,394,DKB,C,DOMINUS,ENDURING PAM,DURING,BRANDYWINE FARM (JIM & PAM ROBINSON),NOT SOLD,1800,,02/17/2018,KENTUCKY,15,,,
Kentucky October Yearlings (2019),2019-10-21,395,B,F,TAPITURE,ENGLISH CHOCOLATE,MIDNIGHT LUTE,MJK BLOODSTOCK AGENT,KENNETH MCPEEK AGENT,30000,,01/24/2018,KENTUCKY,7,,,
Kentucky October Yearlings (2019),2019-10-21,396,B,C,CANDY RIDE (ARG),EQUATION,IN SUMMATION,EATON SALES AGENT,TEAM CASSE,220000,,03/08/2018,KENTUCKY,7,,,
Kentucky October Yearlings (2019),2019-10-22,397,DKB,F,BROKEN VOW,ERZULIE DANTOR,YONAGUSKA,DENALI STUD AGENT FOR RESPITE FARM,NOT SOLD,50000,,02/08/2018,KENTUCKY,1&2,,,
Kentucky October Yearlings (2019),2019-10-22,398,CH,F,WICKED STRONG,ESCAPE TO MALIBU,MALIBU MOON,BILL MURPHY AGENT XI,NOT SOLD,14000,,02/16/2018,NEW YORK,19,,,
Kentucky October Yearlings (2019),2019-10-22,399,B,C,HIT IT A BOMB,ESKY,ESKENDEREYA,RICKY HIGGS AGENT FOR CARNIE THOROUGHBRED FARM,MICHAEL NEATHERLIN,4000,,03/21/2018,INDIANA,15,,,
Kentucky October Yearlings (2019),2019-10-22,400,B,F,WICKED STRONG,ESPIRITU CHIJULLA,MALIBU MOON,PARAMOUNT SALES AGENT XXVI,4 QUARTER EQUINE LLC,1500,,02/15/2018,OHIO,20,,,
Kentucky October Yearlings (2019),2019-10-22,401,CH,F,COMMISSIONER,ESQUECE,HENRYTHENAVIGATOR,WALNUT GREEN LLC AGENT FOR SMART ANGLE LLP,GRASSROOTS TRN & SALES LLC,10000,Y,02/26/2018,PENNSYLVANIA,22,,,
Kentucky October Yearlings (2019),2019-10-22,402,DKB,F,NOT THIS TIME,ETCHACAT,TALE OF THE CAT,SCOTT MALLORY AGENT VI,OUT,0,,04/27/2018,KENTUCKY,21,,,
Kentucky October Yearlings (2019),2019-10-22,403,CH,C,SPEIGHTSTER,ETOUFEE,TABASCO CAT,TAYLOR MADE SALES AGENCY AGENT II,JIM & SUSAN HILL,82000,,03/16/2018,KENTUCKY,22 &23,,,
Kentucky October Yearlings (2019),2019-10-22,404,B,C,VERRAZANO,EUPHONIC,SMART STRIKE,SCOTT MALLORY AGENT IX,AWG LLC,1000,,03/26/2018,KENTUCKY,21,,,
Kentucky October Yearlings (2019),2019-10-22,405,DKB,C,COMMISSIONER,EUPHORIA,KITTEN'S JOY,BRANDYWINE FARM (JIM & PAM ROBINSON),DAWN HAUGHT-MARTIN,1300,,03/27/2018,KENTUCKY,15,,,
Kentucky October Yearlings (2019),2019-10-22,406,CH,C,CINCO CHARLIE,EVENING COCKTAIL,TALE OF THE CAT,PARAMOUNT SALES AGENT XXVI,CESAR ALCALA,2500,,02/10/2018,OHIO,20,,,
Kentucky October Yearlings (2019),2019-10-22,407,B,F,GOLDENCENTS,EVER APPEALING,APPEALING SKIER,SCOTT MALLORY AGENT FOR SEA JAY FARM,S.R.O.A. (K.O.I.D.),20000,,03/29/2018,KENTUCKY,21,,,
Kentucky October Yearlings (2019),2019-10-22,408,B,C,SUMMER FRONT,EVER AWESOME,AWESOME AGAIN,ST GEORGE SALES AGENT IV,JUSTIN CASSE AGENT,60000,,02/12/2018,KENTUCKY,10,,,
Kentucky October Yearlings (2019),2019-10-22,409,B,C,BROKEN VOW,EVER SO PRETTY,STORMY ATLANTIC,HILL 'N' DALE SALES AGENCY AGENT,NOT SOLD,4500,,03/09/2018,KENTUCKY,4,,,
Kentucky October Yearlings (2019),2019-10-22,410,B,C,FAST ANNA,EXCLUSIVE PRINT,MAZEL TRICK,SELECT SALES AGENT XIV,AWG LLC,3000,Y,03/23/2018,NEW YORK,6,,,
Kentucky October Yearlings (2019),2019-10-22,411,B,F,MORE THAN READY,EXECUTRICKER,EL PRADO (IRE),SHAWHAN PLACE LLC AGENT FOR MR. & MRS. THEODORE R. KUSTER,OUT,0,,05/04/2018,KENTUCKY,23,,,
Kentucky October Yearlings (2019),2019-10-22,412,CH,C,DAREDEVIL,EXOTIC ACTRESS,BELONG TO ME,ALLIANCE SALES AGENCY,NOT SOLD,19000,,04/15/2018,KENTUCKY,7,,,
Kentucky October Yearlings (2019),2019-10-22,413,DKB,C,TAPIZAR,EXOTIC STORM,DISTORTED HUMOR,BRANDYWINE FARM (JIM & PAM ROBINSON),CHRIS MELTON,5000,,04/14/2018,KENTUCKY,15,,,
Kentucky October Yearlings (2019),2019-10-22,414,B,C,SPEIGHTSTER,EXPECT AMAZING (IRE),GALILEO (IRE),BLAKE-ALBINA THOROUGHBRED SERVICES LLC AGENT IV,C & J STABLE,5500,,03/06/2018,KENTUCKY,24,,,
Kentucky October Yearlings (2019),2019-10-22,415,B,F,LIAISON,EYES OF A SAINT,SAINT LIAM,BUCKLAND SALES (ZACH MADDEN) AGENT XIV,ALEXANDRO CENTOFANTI,5000,,04/18/2018,KENTUCKY,20,,,
Kentucky October Yearlings (2019),2019-10-22,416,B,F,NOT THIS TIME,FABULOUS BABE,TOUCH GOLD,LEGACY BLOODSTOCK AGENT I,NOVOGRATZ RACING STABLES INC.,72000,,04/01/2018,MINNESOTA,23,,,http://www.thorostride.com/sales/fasig-tipton-ky-october-2019-hip-416
Kentucky October Yearlings (2019),2019-10-22,417,CH,C,VIOLENCE,FABULOUS DEVOTION,TAPIT,TAYLOR MADE SALES AGENCY AGENT FOR IRVING COWAN,EDWARD ORTIZ,2300,,03/10/2018,KENTUCKY,22 &23,,,
Kentucky October Yearlings (2019),2019-10-22,418,CH,F,STRONG MANDATE,FAHIME,JOHAR,FOUR STAR SALES AGENT,FLYING HIGH STABLE,2000,,03/19/2018,KENTUCKY,16,,,
Kentucky October Yearlings (2019),2019-10-22,419,B,F,SPEIGHTSTER,FAITHFUL PRAYER,WITH DISTINCTION,VINERY SALES AGENT XXVI,ERNESTO FANILLA,18000,,02/01/2018,KENTUCKY,22 &23,,,
Kentucky October Yearlings (2019),2019-10-22,420,CH,C,MAJESTIC CITY,FALLING STAR,TOO MUCH BLING,HIDDEN BROOK AGENT III,NOT SOLD,1000,,02/17/2018,NEW YORK,22,,,
Kentucky October Yearlings (2019),2019-10-22,421,B,C,QUALITY ROAD,FALSE IMPRESSION,A.P. INDY,KATIERICH FARMS,GOLF 19/20,240000,,04/20/2018,KENTUCKY,14,,,
Kentucky October Yearlings (2019),2019-10-22,422,DKB,C,TEMPLE CITY,FAMILY CHANCE,EL CORREDOR,WAR HORSE PLACE LLC AGENT I,NOT SOLD,9000,,05/29/2018,CALIFORNIA,7,,,
Kentucky October Yearlings (2019),2019-10-22,423,DKB,F,MIDNIGHT LUTE,FAMOUS,VINDICATION,FOUR STAR SALES AGENT,TERESA CONNELLY ENDEAVOR BLDK,9500,,04/29/2018,KENTUCKY,16,,,
Kentucky October Yearlings (2019),2019-10-22,424,B,C,RUN AWAY AND HIDE,FANCY WORK,MIZZEN MAST,SCOTT MALLORY AGENT XV,KAISEN SALES AGENT,6500,,04/10/2018,KENTUCKY,21,,,
Kentucky October Yearlings (2019),2019-10-22,425,B,C,POINT OF ENTRY,FANTASTIC PROMISE,FANTASTIC LIGHT,OXMOOR SALES AGENT,NOT SOLD,29000,,03/06/2018,KENTUCKY,13,,,
Kentucky October Yearlings (2019),2019-10-22,426,GRR,F,GRAYDAR,FANTASY DANCER,EL CORREDOR,LITTLE'S BLOODSTOCK LLC AGENT,ERIN FISHER,1000,Y,04/28/2018,KENTUCKY,19,,,
Kentucky October Yearlings (2019),2019-10-22,427,B,F,OVERANALYZE,FANTASY SLAM,SMOKE GLACKEN,CROWNING POINT FARM AGENT,WAYNE W RICE,5000,,04/09/2018,KENTUCKY,18,,,
Kentucky October Yearlings (2019),2019-10-22,428,GRR,C,TEMPLE CITY,FASHIONED LADY,OLD FASHIONED,TERRAZAS THOROUGHBREDS AGENT VI,NOT SOLD,72000,,04/02/2018,KENTUCKY,23,,,
Kentucky October Yearlings (2019),2019-10-22,429,B,F,VERRAZANO,FAST HEART,LION HEART,SELECT SALES AGENT XIV,NOT SOLD,1000,,04/24/2018,NEW YORK,6,,,
Kentucky October Yearlings (2019),2019-10-22,430,CH,C,WILL TAKE CHARGE,FAST LANER,MUTAKDDIM,ENDEAVOR FARM AGENT FOR CYPRESS BEND FARM,NOT SOLD,24000,,04/18/2018,KENTUCKY,13,,,
Kentucky October Yearlings (2019),2019-10-22,431,B,F,LIAM'S MAP,FAST TIP,NAJRAN,DENALI STUD AGENT XI,F SANCHEZ JR MD,3000,,04/07/2018,KENTUCKY,1&2,,,
Kentucky October Yearlings (2019),2019-10-22,432,B,C,BODEMEISTER,FATEER,ESKENDEREYA,TAYLOR MADE SALES AGENCY AGENT XXIX,OUT,0,,04/09/2018,KENTUCKY,22 &23,,,
Kentucky October Yearlings (2019),2019-10-22,433,DKB,F,BODEMEISTER,FEBRUARY ROSE,SKY MESA,SCOTT MALLORY AGENT IV,MARK GLATT AGENT,19000,,01/28/2018,KENTUCKY,21,,,
Kentucky October Yearlings (2019),2019-10-22,434,DKB,C,MAGNA GRADUATE,FEELS GOOD,VINDICATION,HIDDEN BROOK AGENT III,NOT SOLD,1000,,03/27/2018,OKLAHOMA,22,,,
Kentucky October Yearlings (2019),2019-10-22,435,B,C,ORB,FENWICK HALL,FREUD,SOUTH POINT SALES AGENCY AGENT VI,NOT SOLD,24000,,03/05/2018,NEW YORK,18,,,http://www.thorostride.com/sales/fasig-tipton-ky-october-2019-hip-435
Kentucky October Yearlings (2019),2019-10-22,436,B,F,JACK MILTON,FERDIE'S GAL,FAST FERDIE,HURSTLAND FARM (ALFRED H. NUCKOLS JR.) AGENT II,RANCHO LA SOLEDAD DE ALVAREZ,2500,,05/09/2018,KENTUCKY,12,,,
Kentucky October Yearlings (2019),2019-10-22,437,CH,C,MSHAWISH,FERVID,MR. SEKIGUCHI,LITTLE'S BLOODSTOCK LLC AGENT,NOT SOLD,8000,,04/12/2018,INDIANA,19,,,
Kentucky October Yearlings (2019),2019-10-22,438,B,F,FRAC DADDY,FIDDLESTICKS,PLEASANT TAP,MICHAEL C. BYRNE AGENT,FRANK RUSSO,7200,,04/19/2018,ONTARIO,14,,,
Kentucky October Yearlings (2019),2019-10-22,439,B,F,CURLIN,FIFTYSHADESOFHAY,PULPIT,DENALI STUD AGENT FOR STONESTREET BRED & RAISED,OUT,0,,02/12/2018,KENTUCKY,1&2,,,
Kentucky October Yearlings (2019),2019-10-22,440,B,F,HONOR CODE,FILM CRITIC,DYNAFORMER,HILL 'N' DALE SALES AGENCY AGENT,NOT SOLD,55000,,03/11/2018,KENTUCKY,4,,,
Kentucky October Yearlings (2019),2019-10-22,441,B,C,UNION RAGS,FINAL ESCROW,BERNARDINI,WINTER QUARTER FARM AGENT I,OUT,0,,04/17/2018,NEW YORK,11,,,
Kentucky October Yearlings (2019),2019-10-22,442,DKB,C,COUNTRY DAY,FINAL FLAG,NORTHERN FLAGSHIP,BILL MURPHY AGENT II,DON FAUSTO RACING LLC,1000,,05/27/2018,KENTUCKY,19,,,
Kentucky October Yearlings (2019),2019-10-22,443,CH,C,POWER BROKER,FINE CUT,POSSE,PARKWAY FARM INC. AGENT,EMERALD EQUINE,6000,,04/02/2018,KENTUCKY,12,,,
Kentucky October Yearlings (2019),2019-10-22,444,B,C,CAIRO PRINCE,FINE INSTINCTS,TALE OF THE CAT,BRERETON C. JONES/AIRDRIE STUD INC. AGENT,NOT SOLD,47000,,04/04/2018,KENTUCKY,4,,,
Kentucky October Yearlings (2019),2019-10-22,445,CH,F,GEMOLOGIST,FINE LINEN,HENNY HUGHES,ST GEORGE SALES AGENT XVI,HUTCH HOLSAPPLE,5000,,03/02/2018,KENTUCKY,10,,,
Kentucky October Yearlings (2019),2019-10-22,446,B,C,ENGLISH CHANNEL,FINLANDIA,ROYAL ANTHEM,ALLIANCE SALES AGENCY AGENT,NOT SOLD,7000,,04/26/2018,KENTUCKY,7,,,
Kentucky October Yearlings (2019),2019-10-22,447,B,C,WAR FRONT,FIRDAWS,MR. GREELEY,BLUEWATER SALES LLC AGENT I,OUT,0,,04/07/2018,KENTUCKY,21,,,
Kentucky October Yearlings (2019),2019-10-22,448,B,C,GEMOLOGIST,FIRE ASSAY,MEDAGLIA D'ORO,DENALI STUD AGENT XVI,HUGH ROBERTSON & BARRY BUTZOW,37000,,04/12/2018,KENTUCKY,1&2,,,
Kentucky October Yearlings (2019),2019-10-22,449,CH,F,TALE OF EKATI,FIRE INTO ICE,PERFECT SOUL (IRE),FOUR STAR SALES AGENT,S.R.O.A. (K.O.I.D.),8500,,04/20/2018,KENTUCKY,16,,,
Kentucky October Yearlings (2019),2019-10-22,450,B,C,THE FACTOR,FIRST SALUTE,MIDSHIPMAN,TAYLOR MADE SALES AGENCY AGENT VI,NOT SOLD,65000,,02/05/2018,NEW YORK,22 &23,,,
Kentucky October Yearlings (2019),2019-10-22,451,B,F,TIZWAY,FIVE KARAT DAY,FIVE STAR DAY,LITTLE'S BLOODSTOCK LLC AGENT,SHANA LUCARELLI,2200,,03/05/2018,PENNSYLVANIA,19,,,
Kentucky October Yearlings (2019),2019-10-22,452,DKB,C,PAYNTER,FIVE MACH SPEED,E DUBAI,WARRENDALE SALES AGENT XIII,HUGH H ROBERTSON,50000,,02/08/2018,KENTUCKY,3,,,
Kentucky October Yearlings (2019),2019-10-22,453,DKB,F,MACLEAN'S MUSIC,FIVE STAR LEGACY,VINDICATION,FOUNDATIONS FARM,NOT SOLD,8700,,01/19/2018,KENTUCKY,13,,,
Kentucky October Yearlings (2019),2019-10-22,454,B,F,AMERICAN PHAROAH,FLASHY AMERICAN,FLASHY BULL,DENALI STUD AGENT XXVI,OUT,0,,04/26/2018,FLORIDA,1&2,,,
Kentucky October Yearlings (2019),2019-10-22,455,CH,F,NOT BOURBON,FLAWLESS KID,LEMON DROP KID,PARAMOUNT SALES AGENT XXI,RANCHO LA SOLEDAD DE ALVAREZ,1500,,04/15/2018,KENTUCKY,20,,,
Kentucky October Yearlings (2019),2019-10-22,456,CH,F,KITTEN'S JOY,FLEETING HUMOR,DISTORTED HUMOR,TAYLOR MADE SALES AGENCY AGENT LXV,NOT SOLD,39000,,05/07/2018,KENTUCKY,22 &23,,,
Kentucky October Yearlings (2019),2019-10-22,457,B,F,AIR FORCE BLUE,FLOCK OF DOVES,KINGMAMBO,ST GEORGE SALES AGENT XII,RANCHO LA SOLEDAD DE ALVAREZ,5500,,04/27/2018,KENTUCKY,10,,,
Kentucky October Yearlings (2019),2019-10-22,458,B,C,EMPIRE MAKER,FLYING PASSAGE,A.P. INDY,GAINESWAY AGENT XIII,LONE STAR RACING CLUB,15000,,02/07/2018,KENTUCKY,5&6,,,
Kentucky October Yearlings (2019),2019-10-22,459,CH,F,JERSEY TOWN,FOLLOW BOURBON,NOT BOURBON,PARAMOUNT SALES AGENT XXI,KATY CHEEKS,5000,,03/25/2018,ONTARIO,20,,,
Kentucky October Yearlings (2019),2019-10-22,460,B,C,PALACE,FOLLOW THE LITE,LITE THE FUSE,VINERY SALES AGENT XIX,RANCHO LA SOLEDAD DE ALVAREZ,3000,,04/06/2018,KENTUCKY,22 &23,,,
Kentucky October Yearlings (2019),2019-10-22,461,B,F,HONOR CODE,FOLLOW YOUR BLISS,THUNDER GULCH,LITTLE'S BLOODSTOCK LLC AGENT,WATERSHED BLOODSTOCK,1500,,04/02/2018,VIRGINIA,19,,,
Kentucky October Yearlings (2019),2019-10-22,462,DKB,F,TEMPLE CITY,FOOLED BY FOOLS,PETIONVILLE,GAINESWAY AGENT XI,C.G. RACING,1000,,04/13/2018,FLORIDA,5&6,,,
Kentucky October Yearlings (2019),2019-10-22,463,B,F,FLATTER,FOREST VALENTINE,FORESTRY,INDIAN CREEK AGENT,CROMWELL BLOODSTOCK,125000,,02/14/2018,KENTUCKY,11,,,
Kentucky October Yearlings (2019),2019-10-22,464,DKB,C,ITSMYLUCKYDAY,FOREVER A FRIEND,DEHERE,BRANDYWINE FARM (JIM & PAM ROBINSON),LELAND HAYES,1500,,05/07/2018,KENTUCKY,15,,,
Kentucky October Yearlings (2019),2019-10-22,465,B,C,OVERANALYZE,FORMAL GULCH,GULCH,KATIERICH FARMS,K.O.I.D. CO LTD,18000,,05/14/2018,NEW YORK,14,,,
Kentucky October Yearlings (2019),2019-10-22,466,B,C,CROSS TRAFFIC,FORTUNATE CHANCE,AMERICAN CHANCE,LITTLE'S BLOODSTOCK LLC AGENT,NOT SOLD,20000,,05/13/2018,KENTUCKY,19,,,
Kentucky October Yearlings (2019),2019-10-22,467,DKB,C,VIOLENCE,FORTUNE CANDY,MILWAUKEE BREW,VINERY SALES AGENT X,OUT,0,,05/13/2018,FLORIDA,22 &23,,,
Kentucky October Yearlings (2019),2019-10-22,468,B,C,WILL TAKE CHARGE,FORTUNIA,LEROIDESANIMAUX (BRZ),TERRAZAS THOROUGHBREDS AGENT V,NORMA LEE STOCKSETH,12000,,04/04/2018,KENTUCKY,23,,,
Kentucky October Yearlings (2019),2019-10-22,469,CH,F,SHACKLEFORD,FORTY GRAN,EL GRAN SENOR,DENALI STUD AGENT XV,OWLS BLOODSTOCK,100000,,02/14/2018,KENTUCKY,1&2,,,
Kentucky October Yearlings (2019),2019-10-22,470,B,C,WE MISS ARTIE,FOUND MY LADY,TALENT SEARCH,RAMSEY FARM AGENT,OUT,0,,05/03/2018,KENTUCKY,21,,,
Kentucky October Yearlings (2019),2019-10-22,471,CH,C,DAREDEVIL,FOUR DAUGHTERS,CONSOLIDATOR,SELECT SALES AGENT XI,S.R.O.A. (K.O.I.D.),20000,,03/15/2018,KENTUCKY,6,,,
Kentucky October Yearlings (2019),2019-10-22,472,B,F,LAOBAN,FOUR WISHES,MORE THAN READY,BLUEWATER SALES LLC AGENT XI,KENNETH MCPEEK AGENT FOR HAROLD LERNER,50000,,04/08/2018,NEW YORK,21,,,
Kentucky October Yearlings (2019),2019-10-22,473,DKB,F,VIOLENCE,FOXY FRIEND,CRAFTY FRIEND,GAINESWAY AGENT II,OUT,0,,04/05/2018,KENTUCKY,5&6,,,
Kentucky October Yearlings (2019),2019-10-22,474,CH,C,GHOSTZAPPER,FOXYSOX (GB),FOXHOUND,EATON SALES AGENT,ASCENSION RACING,55000,,05/02/2018,KENTUCKY,7,,,
Kentucky October Yearlings (2019),2019-10-22,475,DKB,C,TOURIST,FRANGIBLE,BROKEN VOW,TIMBER TOWN & CLIFTON FARM AGENT III,C P SALE,50000,,04/08/2018,IOWA,12,,,
Kentucky October Yearlings (2019),2019-10-22,476,DKB,F,VIOLENCE,FRANSCAT,STORMIN FEVER,ST GEORGE SALES AGENT XX,D HATMAN THOROUGHBREDS LLC,55000,,03/14/2018,FLORIDA,10,,,
Kentucky October Yearlings (2019),2019-10-22,477,DKB,C,SHANGHAI BOBBY,FREETHINKER,EMPIRE MAKER,FOUR STAR SALES AGENT,AMERICAN HORSE,5500,,01/25/2018,KENTUCKY,16,,,
Kentucky October Yearlings (2019),2019-10-22,478,B,F,JACK MILTON,FREE TO DREAM,FREEFOURINTERNET,VINERY SALES AGENT XXXVII,OUT,0,,02/28/2018,KENTUCKY,22 &23,,,
Kentucky October Yearlings (2019),2019-10-22,479,DKB,F,TIZNOW,FRENCH LAUNDRY,SEEKING THE GOLD,PERRONE SALES LTD. AGENT,NOT SOLD,19000,,03/27/2018,KENTUCKY,15,,,
Kentucky October Yearlings (2019),2019-10-22,480,B,F,FLAT OUT,FRENCH ODYSSEY,LANGFUHR,SHAWHAN PLACE LLC AGENT FOR JACK & PEGGY MILLER,NOT SOLD,1000,,04/03/2018,KENTUCKY,23,,,
Kentucky October Yearlings (2019),2019-10-22,481,B,C,HARD SPUN,FRENCH PRESS,CURLIN,BURLESON FARMS AGENT,OUT,0,,02/16/2018,KENTUCKY,17,,,
Kentucky October Yearlings (2019),2019-10-22,482,B,C,STREET SENSE,FRISK HER,OFFICER,BURLESON FARMS AGENT,OUT,0,,03/20/2018,KENTUCKY,17,,,
Kentucky October Yearlings (2019),2019-10-22,483,B,C,TOURIST,FRISKY JANELLE,HENNY HUGHES,BURLESON FARMS AGENT,CALUMET FARM,15000,,04/15/2018,KENTUCKY,17,,,
Kentucky October Yearlings (2019),2019-10-22,484,DKB,C,WE MISS ARTIE,FRISKY KITTEN,KITTEN'S JOY,RAMSEY FARM AGENT,OUT,0,,04/11/2018,KENTUCKY,21,,,
Kentucky October Yearlings (2019),2019-10-22,485,DKB,F,VIOLENCE,FROM JUMP STREET,JUMP START,SCOTT MALLORY AGENT IV,JIM TICHENOR,15000,Y,02/20/2018,KENTUCKY,21,,,
Kentucky October Yearlings (2019),2019-10-22,486,B,C,AMERICAN PHAROAH,FRONT RANGE,GIANT'S CAUSEWAY,LEGACY BLOODSTOCK AGENT,OUT,0,,04/09/2018,KENTUCKY,23,,,
Kentucky October Yearlings (2019),2019-10-22,487,CH,F,EFFINEX,FUNNY ANNIE,DISTORTED HUMOR,PARAMOUNT SALES AGENT XVI,CHRISTOPHER J MEYER,10500,,03/17/2018,NEW YORK,20,,,
Kentucky October Yearlings (2019),2019-10-22,488,B,F,DECLARATION OF WAR,FUNNY BAY,MEDAGLIA D'ORO,STUART MORRIS AGENT X,ALL IN SALES,30000,,05/02/2018,KENTUCKY,21,,,
Kentucky October Yearlings (2019),2019-10-22,489,CH,F,SHACKLEFORD,FUSAICHI PRETTY,FUSAICHI PEGASUS,DOUBLE R CONSIGNMENT,TARI BROCKLEBANK AGENT,17000,,02/13/2018,KENTUCKY,16,,,
Kentucky October Yearlings (2019),2019-10-22,490,GRR,F,FLASHBACK,FUTURE PROMISE,OFFICER,VINERY SALES AGENT FOR STEVENS THOROUGHBREDS INC.,THREE FEATHERS FARM,3000,,02/16/2018,KENTUCKY,22 &23,,,
Kentucky October Yearlings (2019),2019-10-22,491,DKB,C,UPSTART,GABBY'S ALIBI,INDIAN CHARLIE,SMALL BATCH SALES AGENT,K.O.I.D. CO LTD,40000,,04/25/2018,KENTUCKY,10,,,
Kentucky October Yearlings (2019),2019-10-22,492,CH,C,MSHAWISH,GALANTY SHOW (GB),DANEHILL,C & S THOROUGHBREDS AGENT,C & J STABLE,2000,,03/25/2018,KENTUCKY,12,,,
Kentucky October Yearlings (2019),2019-10-22,493,B,C,TIZNOW,GARAGE KEPT,DEHERE,ST GEORGE SALES AGENT III,CARLO VACCAREZZA,25000,Y,04/01/2018,KENTUCKY,10,,,
Kentucky October Yearlings (2019),2019-10-22,494,CH,C,MINESHAFT,GASIA,SILVER DEPUTY,VALKYRE STUD AGENT,OUT,0,,04/08/2018,KENTUCKY,8,,,
Kentucky October Yearlings (2019),2019-10-22,495,B,F,MIDSHIPMAN,GATED ENTRANCE,MONTBROOK,TAYLOR MADE SALES AGENCY AGENT XXII,NOT SOLD,9000,,05/10/2018,KENTUCKY,22 &23,,,
Kentucky October Yearlings (2019),2019-10-22,496,B,F,SHACKLEFORD,GATEWAY TO GOLD,ARCH,SHAWHAN PLACE LLC AGENT I,NOT SOLD,7000,,03/15/2018,KENTUCKY,23,,,
Kentucky October Yearlings (2019),2019-10-22,497,DKB,C,BRODY'S CAUSE,GAYATRI,WAR CHANT,SELECT SALES AGENT IV,HELGA BLOODSTOCK,62000,,03/04/2018,KENTUCKY,6,,,
Kentucky October Yearlings (2019),2019-10-22,498,DKB,C,SHANGHAI BOBBY,GEMSARESPARKLING,GEMOLOGIST,LEGACY BLOODSTOCK AGENT X,BLAS PEREZ STABLES,12000,,03/16/2018,KENTUCKY,23,,,
Kentucky October Yearlings (2019),2019-10-22,499,DKB,F,SPEIGHTSTOWN,GENERAL JEANNE,HONOUR AND GLORY,TAYLOR MADE SALES AGENCY AGENT LIV,OUT,0,,03/27/2018,KENTUCKY,22 &23,,,
Kentucky October Yearlings (2019),2019-10-22,500,DKB,C,FRAC DADDY,GENTLE WORDS,BERTRANDO,MICHAEL C. BYRNE AGENT,WAKE FOREST STABLE,7500,,03/16/2018,ONTARIO,14,,,
Kentucky October Yearlings (2019),2019-10-22,501,B,F,WARRIOR'S REWARD,GENUINE JONES,SMARTY JONES,MAINE CHANCE FARM (UNIVERSITY OF KENTUCKY),RANCHO LA SOLEDAD DE ALVAREZ,5000,,02/25/2018,KENTUCKY,19,,,
Kentucky October Yearlings (2019),2019-10-22,502,B,C,MSHAWISH,GET ON WITH IT,STREET BOSS,TAYLOR MADE SALES AGENCY AGENT XXX,OUT,0,,04/15/2018,KENTUCKY,22 &23,,,
Kentucky October Yearlings (2019),2019-10-22,503,B,C,MSHAWISH,GIANT EMPIRE,GIANT'S CAUSEWAY,POPE MCLEAN (CRESTWOOD FARM) AGENT VII,KIRKWOOD STABLES AGENT,10000,,03/01/2018,KENTUCKY,17,,,
Kentucky October Yearlings (2019),2019-10-22,504,DKB,F,FLINTSHIRE (GB),GIMME SOME LOVE,MIESQUE'S SON,BETZ THOROUGHBREDS INC. AGENT,INSIGNIA BLOODSTOCK,40000,,04/17/2018,KENTUCKY,5,,,
Kentucky October Yearlings (2019),2019-10-22,505,B,F,CENTRAL BANKER,GIMME SOME SENSE,STREET SENSE,POPE MCLEAN (CRESTWOOD FARM) AGENT IX,NOT SOLD,1000,,05/12/2018,NEW YORK,17,,,
Kentucky October Yearlings (2019),2019-10-22,506,DKB,F,DIALED IN,GINNED UP,INDIAN CHARLIE,TAYLOR MADE SALES AGENCY AGENT XXXI,NOT SOLD,20000,,04/03/2018,KENTUCKY,22 &23,,,
Kentucky October Yearlings (2019),2019-10-22,507,B,C,STRONG MANDATE,GIRL SHOW,WILD RUSH,WAR HORSE PLACE LLC AGENT IV,OUT,0,,04/06/2018,NEW YORK,7,,,
Kentucky October Yearlings (2019),2019-10-22,508,DKB,C,AMERICAN PHAROAH,GITCHEE GOOMIE,CITY ZIP,ROYAL BLOODSTOCK SALES LLC AGENT,BYRON ROGERS/STAR BLOODSTOCK,90000,,04/12/2018,NEW YORK,9,,,
Kentucky October Yearlings (2019),2019-10-22,509,GRR,F,ATREIDES,GLACKETY,SMOKE GLACKEN,STUART MORRIS AGENT II,SUPER C RACING INC,15000,,01/31/2018,MARYLAND,21,,,
Kentucky October Yearlings (2019),2019-10-22,510,DKB,F,FED BIZ,GLENCOE CHURCH,CAPOTE,CROWNING POINT FARM AGENT,DON CAMPBELL,10000,Y,02/02/2018,KENTUCKY,18,,,
Kentucky October Yearlings (2019),2019-10-22,511,B,F,TIZNOW,GLENCOE GIRL,GIANT'S CAUSEWAY,PERRONE SALES LTD. AGENT,FRED ALLOR,50000,,04/12/2018,KENTUCKY,15,,,
Kentucky October Yearlings (2019),2019-10-22,512,B,C,TONALIST,GLENWOOD PINES,MIZZEN MAST,SUMMERFIELD (FRANCIS & BARBARA VANLANGENDONCK) AGENT,TOMMY HUMPHRIES,20000,,03/02/2018,KENTUCKY,3,,,
Kentucky October Yearlings (2019),2019-10-22,513,B,C,SMARTY JONES,GLITTER,HENNESSY,LEGACY BLOODSTOCK AGENT XV,ADAM RICE,2500,,04/21/2018,KENTUCKY,23,,,
Kentucky October Yearlings (2019),2019-10-22,514,CH,C,LEA,GO FORTH NORTH,NORTH LIGHT (IRE),ST GEORGE SALES AGENT VI,OUT,0,,04/21/2018,KENTUCKY,10,,,
Kentucky October Yearlings (2019),2019-10-22,515,B,F,ANIMAL KINGDOM,GOING DAY,DAYLAMI (IRE),MILL RIDGE SALES AGENT,COTY ROSIN,2000,,04/03/2018,KENTUCKY,11,,,
Kentucky October Yearlings (2019),2019-10-22,516,DKB,F,JERSEY TOWN,GOLD CLUB,MAJESTIC WARRIOR,BRANDYWINE FARM (JIM & PAM ROBINSON),DON CAMPBELL,11000,,03/26/2018,KENTUCKY,15,,,
Kentucky October Yearlings (2019),2019-10-22,517,DKB,C,MACLEAN'S MUSIC,GOLDEN DAWN,HENNESSY,BUCKLAND SALES (ZACH MADDEN) AGENT II,OUT,0,,05/06/2018,TEXAS,20,,,
Kentucky October Yearlings (2019),2019-10-22,518,B,F,BODEMEISTER,GOLDEN PEACH,TOUCH GOLD,LANE'S END AGENT,RODRIGO NATHANAEL JAEN,3500,,05/03/2018,KENTUCKY,1&2,,,
Kentucky October Yearlings (2019),2019-10-22,519,B,F,DOMINUS,GOLDEN PIONEER,PIONEEROF THE NILE,PARAMOUNT SALES AGENT FOR JUSTICE FARM,NOT SOLD,5000,,03/27/2018,INDIANA,20,,,
Kentucky October Yearlings (2019),2019-10-22,520,B,F,CAN THE MAN,GOLDEN PO,GOLD FEVER,SUSAN M. FORRESTER AGENT II,NOT SOLD,9000,,02/11/2018,KENTUCKY,8,,,
Kentucky October Yearlings (2019),2019-10-22,521,CH,C,GOLDENCENTS,GOLDEN STRIPE,EL CORREDOR,BRANDYWINE FARM (JIM & PAM ROBINSON) AGENT IV,LA ALIANZA,5000,,05/06/2018,MANITOBA,15,,,
Kentucky October Yearlings (2019),2019-10-22,522,B,F,MACLEAN'S MUSIC,GOLDEN VICTRESS,CARSON CITY,FOUR STAR SALES AGENT,RICEHORSE STABLE,8000,,04/18/2018,KENTUCKY,16,,,
Kentucky October Yearlings (2019),2019-10-22,523,DKB,C,TONALIST,GOLD GLIMMER,SMART STRIKE,BUCK POND FARM (DOUGLAS S. ARNOLD) AGENT,NOT SOLD,82000,,02/28/2018,KENTUCKY,22,,,
Kentucky October Yearlings (2019),2019-10-22,524,B,C,MUNNINGS,GOLD MEDALIST,MEDAGLIA D'ORO,ANDERSON FARMS AGENT,INLANDER STABLE,60000,,02/26/2018,ONTARIO,3,,,
Kentucky October Yearlings (2019),2019-10-22,525,B,F,BODEMEISTER,GOLDSPUN,HARD SPUN,WARRENDALE SALES AGENT I,NICK PALMER AGENT,27000,,04/10/2018,KENTUCKY,3,,,
Kentucky October Yearlings (2019),2019-10-22,526,B,C,LAOBAN,GOLDSTREAK,AWESOME AGAIN,4M RANCH AGENT FOR TRUE TO FORM BLOODSTOCK,NOT SOLD,27000,,01/30/2018,NEW YORK,8,,,
Kentucky October Yearlings (2019),2019-10-22,527,DKB,F,EXAGGERATOR,GONE PURRFECT,GONE WEST,DROMOLAND FARM INC. (GERRY DILGER) AGENT VI,COTTON PLANT INC.,125000,,04/20/2018,KENTUCKY,4,,,
Kentucky October Yearlings (2019),2019-10-22,528,B,F,MACLEAN'S MUSIC,GONE TO PARTY,ALL GONE,HILL 'N' DALE SALES AGENCY AGENT,DON DANARD,25000,,02/19/2018,CALIFORNIA,4,,,
Kentucky October Yearlings (2019),2019-10-22,529,B,C,REVOLUTIONARY,GOOD INTENTIONS,ANET,MILESTONE FARM,NOT SOLD,4000,,04/22/2018,KENTUCKY,19,,,
Kentucky October Yearlings (2019),2019-10-22,530,DKB,C,VIOLENCE,GOODLOOKINLUCKY,LOOKIN AT LUCKY,HILL 'N' DALE SALES AGENCY AGENT,NOT SOLD,37000,,04/03/2018,CALIFORNIA,4,,,
Kentucky October Yearlings (2019),2019-10-22,531,CH,C,VERRAZANO,GOODLOOKINWIFE,INCLUDE,LANE'S END AGENT FOR TWIN HOPES FARM (HELEN T. ANDREWS),PATRICK MCBURNEY AGENT,15000,,04/27/2018,KENTUCKY,1&2,,,
Kentucky October Yearlings (2019),2019-10-22,532,DKB,F,CONSTITUTION,GOODY TWO SHOES,ORIENTATE,BRANDYWINE FARM (JIM & PAM ROBINSON),OUT,0,,02/19/2018,KENTUCKY,15,,,
Kentucky October Yearlings (2019),2019-10-22,533,B,F,VIOLENCE,GOOSE LEMON DROP,ELUSIVE QUALITY,TAYLOR MADE SALES AGENCY AGENT FOR TOWN & COUNTRY HORSE FARMS LLC,F.G. SMITH AGENT,55000,,03/02/2018,KENTUCKY,22 &23,,,
Kentucky October Yearlings (2019),2019-10-22,534,DKB,C,SHANGHAI BOBBY,GOOSE MARTINI,BERNARDINI,WARRENDALE SALES AGENT III,RANCHO LA SOLEDAD DE ALVAREZ,5000,,04/18/2018,KENTUCKY,3,,,
Kentucky October Yearlings (2019),2019-10-22,535,DKB,F,FORT LARNED,GO SAMANTHA GO,HOLY BULL,BALLYSAX BLOODSTOCK AGENT IX,NOT SOLD,7000,,03/10/2018,KENTUCKY,18,,,
Kentucky October Yearlings (2019),2019-10-22,536,DKB,C,TEMPLE CITY,GRACE FOR GRACE,ENGLISH CHANNEL,PARAMOUNT SALES AGENT XIV,NOT SOLD,17000,,02/18/2018,KENTUCKY,20,,,
Kentucky October Yearlings (2019),2019-10-22,537,DKB,F,TEMPLE CITY,GRACEFULLY DONE,DEPUTY COMMANDER,BRANDYWINE FARM (JIM & PAM ROBINSON),ALEJANDRO CONTRERAS,1000,,05/04/2018,KENTUCKY,15,,,
Kentucky October Yearlings (2019),2019-10-22,538,B,F,CONSTITUTION,GRACEFUL RAGE,TIZNOW,HIDDEN BROOK AGENT XIV,DAVID STACK,30000,Y,02/09/2018,NEW YORK,22,,,
Kentucky October Yearlings (2019),2019-10-22,539,GRR,F,CAIRO PRINCE,GRACEONTOUR,HENNY HUGHES,BROOKDALE SALES AGENT FOR ESTATE OF HARVEY CLARKE,ADDICTION THERAPY GROUP,22000,,04/04/2018,KENTUCKY,17,,,
Kentucky October Yearlings (2019),2019-10-22,540,GRR,F,ANCHOR DOWN,GRACE THAT ABOUNDS,OLD FASHIONED,GAINESWAY AGENT II,CARLO VACCAREZZA,15000,,04/22/2018,KENTUCKY,5&6,,,
Kentucky October Yearlings (2019),2019-10-22,541,CH,F,TALE OF EKATI,GRANDDAUGHTER,FLATTER,PHOENIXCREST FARM,NOT SOLD,5000,,06/02/2018,KENTUCKY,14,,,
Kentucky October Yearlings (2019),2019-10-22,542,B,C,MEDAGLIA D'ORO,GRAND MERE,BOB AND JOHN,WOODFORD THOROUGHBREDS AGENT XIII,INSIGNIA BLOODSTOCK,210000,,05/31/2018,KENTUCKY,12,,,
Kentucky October Yearlings (2019),2019-10-22,543,B,C,UPSTART,GREATEST REWARD,GRAND REWARD,EQUUS FARM (JERRY CUMMINS/PAUL ADAMS) AGENT III,GEN-X,15000,,03/30/2018,FLORIDA,14,,,
Kentucky October Yearlings (2019),2019-10-22,544,DKB,F,GET STORMY,GREAT GOIN ROSE,ALBERT THE GREAT,SHAWHAN PLACE LLC AGENT IV,OUT,0,,03/07/2018,OHIO,23,,,
Kentucky October Yearlings (2019),2019-10-22,545,DKB,F,TAPIT,GREAT HOT (BRZ),ORIENTATE,GAINESWAY AGENT V,LONE STAR RACING CLUB,23000,,03/12/2018,KENTUCKY,5&6,,,
Kentucky October Yearlings (2019),2019-10-22,546,DKB,F,JUSTIN PHILLIP,GREGORIANA,ASCOT KNIGHT,WOODS EDGE FARM (PETER O'CALLAGHAN) AGENT,JAY MCKEE,20000,,04/23/2018,KENTUCKY,5,,,
Kentucky October Yearlings (2019),2019-10-22,547,B,C,VERRAZANO,GRENOBLOISE,HENRYTHENAVIGATOR,SUE VACEK AGENT I,ALEXANDRO CENTOFANTI,15000,,02/14/2018,FLORIDA,14,,,
Kentucky October Yearlings (2019),2019-10-22,548,GRR,F,RAISON D'ETAT,GRIT AND GRACE,TAPIT,SUSAN M. FORRESTER AGENT III,HOLLENDORFER OR JANUARY,28000,,03/28/2018,KENTUCKY,8,,,
Kentucky October Yearlings (2019),2019-10-22,549,DKB,F,POINT OF ENTRY,GUANAHANI,PLEASANT TAP,BALLYSAX BLOODSTOCK AGENT IV,MORELL BLOODSTOCK AGENT,1500,,04/08/2018,CALIFORNIA,18,,,
Kentucky October Yearlings (2019),2019-10-22,550,DKB,F,EXAGGERATOR,GUEST HOUSE,GHOSTZAPPER,WARRENDALE SALES AGENT I,NOT SOLD,75000,,04/12/2018,KENTUCKY,3,,,
Kentucky October Yearlings (2019),2019-10-22,551,B,C,MACLEAN'S MUSIC,GULCHIC,GULCH,STUART MORRIS AGENT VIII,UNDER WRAPS RACING LLC,67000,,03/10/2018,KENTUCKY,21,,,
Kentucky October Yearlings (2019),2019-10-22,552,CH,C,MAJESTIC CITY,GWITHIAN,STREET SENSE,HIDDEN BROOK AGENT III,MORELL BLOODSTOCK AGENT,10000,,04/27/2018,KENTUCKY,22,,,
Kentucky October Yearlings (2019),2019-10-22,553,B,F,FLATTER,HABIBTI,TABASCO CAT,BLUEWATER SALES LLC AGENT I,MACHMER HALL,40000,,04/14/2018,KENTUCKY,21,,,
Kentucky October Yearlings (2019),2019-10-22,554,DKB,C,SHANGHAI BOBBY,HALF PAST MIDNIGHT,ANY GIVEN SATURDAY,VINERY SALES AGENT VII,RED INDIAN FARM,10000,,03/05/2018,KENTUCKY,22 &23,,,
Kentucky October Yearlings (2019),2019-10-22,555,B,F,BODEMEISTER,HANNAH'S HOLIDAY,KAFWAIN,TAYLOR MADE SALES AGENCY AGENT VIII,WATERSHED BLOODSTOCK,1000,,03/04/2018,KENTUCKY,22 &23,,,
Kentucky October Yearlings (2019),2019-10-22,556,CH,F,MUCHO MACHO MAN,HANUMA,HAT TRICK (JPN),VINERY SALES AGENT XXI,OUT,0,,02/14/2018,OKLAHOMA,22 &23,,,
Kentucky October Yearlings (2019),2019-10-22,557,DKB,C,FLASHBACK,HAPPYBIRTHDAYBABY,SUCCESSFUL APPEAL,SMALL BATCH SALES AGENT,JOE NOVOGRATZ,8000,,04/22/2018,KENTUCKY,10,,,
Kentucky October Yearlings (2019),2019-10-22,558,B,C,SPEIGHTSTER,HAPPY FLIGHT,MAJESTIC WARRIOR,HIDDEN BROOK AGENT X,GRASSROOTS TRN & SALES LLC,30000,Y,03/18/2018,KENTUCKY,22,,,
Kentucky October Yearlings (2019),2019-10-22,559,B,C,LOOKIN AT LUCKY,HARLAN SHOWGIRL,HARLAN'S HOLIDAY,BETZ THOROUGHBREDS INC. AGENT,NOT SOLD,4000,,04/16/2018,KENTUCKY,5,,,
Kentucky October Yearlings (2019),2019-10-22,560,DKB,C,MINESHAFT,HARLAN SHUFFLE,HARLAN'S HOLIDAY,DENALI STUD AGENT IV,K.O.I.D.,25000,,01/26/2018,KENTUCKY,1&2,,,
Kentucky October Yearlings (2019),2019-10-22,561,B,C,INTO MISCHIEF,HARLINGTON'S ROSE,HARLINGTON,DENALI STUD AGENT XIX,OUT,0,,03/01/2018,KENTUCKY,1&2,,,
Kentucky October Yearlings (2019),2019-10-22,562,CH,F,NOBLE MISSION (GB),HARLOTRY HOLIDAY,HARLAN'S HOLIDAY,KATIERICH FARMS,LEJEUNE TRAINING CENTER,32000,,05/25/2018,NEW YORK,14,,,
Kentucky October Yearlings (2019),2019-10-22,563,CH,F,FAST ANNA,HARPER'S SMILE,CITY ZIP,BRERETON C. JONES/AIRDRIE STUD INC. AGENT,NOT SOLD,75000,,04/13/2018,KENTUCKY,4,,,
Kentucky October Yearlings (2019),2019-10-22,564,B,C,BAYERN,HASHTAGSID,SCAT DADDY,BILL MURPHY AGENT VII,F SANCHEZ JR MD,4500,,05/12/2018,KENTUCKY,19,,,
Kentucky October Yearlings (2019),2019-10-22,565,CH,C,FED BIZ,HATTA FLOWER,DIXIE UNION,CROSS KEYS SALES LLC AGENT I,EDWIN MUNDO RIOS,9500,,02/01/2018,OHIO,16,,,
Kentucky October Yearlings (2019),2019-10-22,566,CH,C,FIRST SAMURAI,HAUTE STYLE,UNUSUAL HEAT,VALKYRE STUD AGENT,TERRY GABRIEL,47000,,03/28/2018,KENTUCKY,8,,,
Kentucky October Yearlings (2019),2019-10-22,567,CH,F,DAREDEVIL,HAVANA MISS,ZANJERO,HIDDEN BROOK AGENT XXII,DALE DESRUISSEAUX,6000,,02/10/2018,PENNSYLVANIA,22,,,
Kentucky October Yearlings (2019),2019-10-22,568,B,C,UNCLE MO,HAYSEE,ORIENTATE,DENALI STUD AGENT XVI,NOVOGRATZ RACING STABLES INC.,200000,Y,03/05/2018,KENTUCKY,1&2,,,
Kentucky October Yearlings (2019),2019-10-22,569,CH,C,MIZZEN MAST,HEAD FOR HOME,WHISKEY WISDOM,COLUMBIANA FARM,GRASSROOTS TRN & SALES LLC,60000,,04/22/2018,KENTUCKY,17,,,
Kentucky October Yearlings (2019),2019-10-22,570,GRR,F,FROSTED,HEART OF DESTINY,LION HEART,CHILLY BLEAK FARM AGENT,ERIC ANTONIO DELVALLE,130000,,03/16/2018,KENTUCKY,7,,,
Kentucky October Yearlings (2019),2019-10-22,571,DKB,F,SKY MESA,HEARTOFTHEMATTER,MEDAGLIA D'ORO,ANDERSON FARMS AGENT,PK LAND & CATTLE CO,125000,,02/26/2018,ONTARIO,3,,,
Kentucky October Yearlings (2019),2019-10-22,572,B,F,CANDY RIDE (ARG),HEARTS ON FIRE,LION HEART,HIDDEN BROOK AGENT I,NOT SOLD,40000,,02/06/2018,KENTUCKY,22,,,
Kentucky October Yearlings (2019),2019-10-22,573,CH,C,TALE OF EKATI,HEAVENLY DEED,SHADEED,RED GABLES STUD AGENT III,CARLO VACCAREZZA,30000,,04/14/2018,KENTUCKY,13,,,
Kentucky October Yearlings (2019),2019-10-22,574,DKB,F,COMPETITIVE EDGE,HEAVENLY HELPER,INCLUDE,BRIDIE HARRISON AGENT,OMAR RAMIREZ AGENT,70000,,03/25/2018,IRE,8,,,
Kentucky October Yearlings (2019),2019-10-22,575,B,C,EXAGGERATOR,HEAVENLY SUMMER,SUMMER BIRD,MJK BLOODSTOCK AGENT,WILLOWBY BLOODSTOCK,20000,,03/21/2018,KENTUCKY,7,,,
Kentucky October Yearlings (2019),2019-10-22,576,B,F,WICKED STRONG,HEAVENS GOLD,TRIBAL RULE,BLACKBURN FARM (MICHAEL T. BARNETT) AGENT,DAVID FAWKES,5000,,03/27/2018,KENTUCKY,8,,,
Kentucky October Yearlings (2019),2019-10-22,577,DKB,C,COMPETITIVE EDGE,HEDY HOPPER,VICTORY GALLOP,SELECT SALES AGENT XIV,GRASSROOTS TRN & SALES LLC,70000,,03/05/2018,NEW YORK,6,,,
Kentucky October Yearlings (2019),2019-10-22,578,CH,C,DANZA,HEIR GONE WILD,WILDCAT HEIR,BUCKLAND SALES (ZACH MADDEN) AGENT XI,HTC/VORIC STABLES,40000,,03/04/2018,KENTUCKY,20,,,
Kentucky October Yearlings (2019),2019-10-22,579,DKB,R,BERNARDINI,HELLO BARBARA SUE,DEHERE,DARBY DAN FARM AGENT VI,RED INDIAN FARM,7500,,05/05/2018,KENTUCKY,16,,,
Kentucky October Yearlings (2019),2019-10-22,580,B,F,CAIRO PRINCE,HELLO IRVING,GIANT'S CAUSEWAY,DARBY DAN FARM AGENT I,OUT,0,,03/26/2018,KENTUCKY,16,,,
Kentucky October Yearlings (2019),2019-10-22,581,B,C,PALACE MALICE,HERE MUSIC,DEHERE,ST GEORGE SALES AGENT VII,ADR RACING STABLE LLC,70000,,02/13/2018,KENTUCKY,10,,,
Kentucky October Yearlings (2019),2019-10-22,582,B,F,SKY MESA,HERES MUD INYR EYE,COURT VISION,SUSAN Y. FOREMAN AGENT,NOT SOLD,39000,,03/23/2018,ONTARIO,11,,,
Kentucky October Yearlings (2019),2019-10-22,583,DKB,C,MINESHAFT,HEWLETT BAY,AFLEET ALEX,BALLYSAX BLOODSTOCK AGENT XX,NOT SOLD,34000,,04/04/2018,KENTUCKY,18,,,
Kentucky October Yearlings (2019),2019-10-22,584,B,C,HIT IT A BOMB,HIDDEN TEMPER,MISWAKI,SHEPPELL THOROUGHBREDS AGENT,MICHAEL A FOSTER,40000,,02/20/2018,OHIO,21,,,
Kentucky October Yearlings (2019),2019-10-22,585,DKB,C,CONGRATS,HIGHBURY,SEATTLE SLEW,BRANDYWINE FARM (JIM & PAM ROBINSON),NOT SOLD,3000,,04/12/2018,KENTUCKY,15,,,
Kentucky October Yearlings (2019),2019-10-22,586,B,C,BODEMEISTER,HIGH DOLLAR WOMAN,SUPER SAVER,TAYLOR MADE SALES AGENCY AGENT LIV,BLACKACRE FARMS INC.,10000,,04/26/2018,KENTUCKY,22 &23,,,
Kentucky October Yearlings (2019),2019-10-22,587,B,C,DECLARATION OF WAR,HIGH MAINTENANCE (GB),DANEHILL,VANMETER GENTRY SALES AGENT VIII,NOT SOLD,110000,,03/15/2018,KENTUCKY,10,,,
Kentucky October Yearlings (2019),2019-10-22,588,DKB,C,AWESOME AGAIN,HIGH QUAIL,TIZNOW,WALNUT GREEN LLC AGENT FOR SMART ANGLE LLP,NOT SOLD,15000,,03/09/2018,PENNSYLVANIA,22,,,
Kentucky October Yearlings (2019),2019-10-22,589,DKB,C,NOT THIS TIME,LEGS LIKE BETTY,AWESOME AGAIN,TAYLOR MADE SALES AGENCY AGENT LXVII,SEMINOLE PARTNERS,130000,,01/13/2018,KENTUCKY,22 &23,,,http://www.thorostride.com/sales/fasig-tipton-ky-october-2019-hip-589
Kentucky October Yearlings (2019),2019-10-22,590,B,F,MUCHO MACHO MAN,HI SUGAR,JUMP START,BALLYSAX BLOODSTOCK AGENT IX,TRADE'M STABLE,14000,,04/03/2018,KENTUCKY,18,,,
Kentucky October Yearlings (2019),2019-10-22,591,CH,F,VERRAZANO,H. L. HUNLEY,ROMAN RULER,BUCKLAND SALES (ZACH MADDEN) AGENT XI,DAWN HAUGHT-MARTIN,1500,,04/03/2018,KENTUCKY,20,,,
Kentucky October Yearlings (2019),2019-10-22,592,CH,F,KITTEN'S JOY,HOLD IT,DISCREET CAT,RAMSEY FARM AGENT,DONATO LANNI AGENT,14000,,04/11/2018,KENTUCKY,21,,,
Kentucky October Yearlings (2019),2019-10-22,593,B,F,BAYERN,HOLIDAY BERTIE,HARLAN'S HOLIDAY,HILL 'N' DALE SALES AGENCY AGENT,RICHARD HOGAN AGENT FOR COLEBROOK FARMS,37000,,04/25/2018,KENTUCKY,4,,,
Kentucky October Yearlings (2019),2019-10-22,594,DKB,F,EXAGGERATOR,HOLIDAY SHOPPING,HARLAN'S HOLIDAY,WARRENDALE SALES AGENT VIII,TOM MCCROCKLIN AGENT,87000,,02/14/2018,KENTUCKY,3,,,
Kentucky October Yearlings (2019),2019-10-22,595,B,F,TAPITURE,HOLIDAY TRUFFLES,HARLAN'S HOLIDAY,SOUTH POINT SALES AGENCY AGENT XII,OUT,0,,02/05/2018,KENTUCKY,18,,,
Kentucky October Yearlings (2019),2019-10-22,596,CH,C,TAMARKUZ,HOLLYWOOD QUEEN,GIANT'S CAUSEWAY,BALLYSAX BLOODSTOCK AGENT II,CALUMET FARM,70000,,02/28/2018,KENTUCKY,18,,,http://www.thorostride.com/sales/fasig-tipton-ky-october-2019-hip-596
Kentucky October Yearlings (2019),2019-10-22,597,CH,C,TAPITURE,HOLY FASHION,HOLY BULL,EQUUS FARM (JERRY CUMMINS/PAUL ADAMS) AGENT I,K.O.I.D.,50000,,04/14/2018,KENTUCKY,14,,,
Kentucky October Yearlings (2019),2019-10-22,598,DKB,C,WAR DANCER,HOLY SMOKIE,HOLY BULL,SOUTH POINT SALES AGENCY AGENT IX,GRASSROOTS TRN & SALES LLC,20000,,04/05/2018,NEW YORK,18,,,http://www.thorostride.com/sales/fasig-tipton-ky-october-2019-hip-598
Kentucky October Yearlings (2019),2019-10-22,599,B,C,SHAKIN IT UP,HOLY TOUCH,TOUCH GOLD,EQUUS FARM (JERRY CUMMINS/PAUL ADAMS) AGENT I,PAUL SHARP AGENT,9000,,04/06/2018,KENTUCKY,14,,,
Kentucky October Yearlings (2019),2019-10-22,600,DKB,C,MEDAGLIA D'ORO,HOME RULE,EMPIRE MAKER,TAYLOR MADE SALES AGENCY AGENT VI,NOT SOLD,200000,,04/29/2018,KENTUCKY,22 &23,,,
Kentucky October Yearlings (2019),2019-10-22,601,B,C,MALIBU MOON,HONEST CAUSE,GIANT'S CAUSEWAY,FOUR STAR SALES AGENT,K.O.I.D.,40000,,01/31/2018,KENTUCKY,16,,,
Kentucky October Yearlings (2019),2019-10-22,602,B,C,PROTONICO,HONEY CHILE RYDER,MEDAGLIA D'ORO,TAYLOR MADE SALES AGENCY AGENT XXVIII,OUT,0,,03/12/2018,KENTUCKY,22 &23,,,
Kentucky October Yearlings (2019),2019-10-22,603,B,C,NOBLE MISSION (GB),HONEY LAKE,DYNAFORMER,LANE'S END AGENT,BRIAN KLATSKY,7500,,03/12/2018,KENTUCKY,1&2,,,
Kentucky October Yearlings (2019),2019-10-22,604,B,C,SHACKLEFORD,HONEY SWEET SOUL,PERFECT SOUL (IRE),FOUR STAR SALES AGENT,NOT SOLD,21000,,01/31/2018,KENTUCKY,16,,,
Kentucky October Yearlings (2019),2019-10-22,605,DKB,F,VIOLENCE,HONORABLE CAT,HONOR GRADES,DARBY DAN FARM AGENT II,NOT SOLD,9000,,04/23/2018,KENTUCKY,16,,,
Kentucky October Yearlings (2019),2019-10-22,606,CH,C,ALTERNATION,HOOKAH LADY,SMOKE GLACKEN,HURSTLAND FARM (ALFRED H. NUCKOLS JR.) AGENT I,FRANK BERTOLINO,15000,Y,04/04/2018,KENTUCKY,12,,,
Kentucky October Yearlings (2019),2019-10-22,607,B,F,AMERICAN PHAROAH,HOPE RULES,SKY MESA,WARRENDALE SALES AGENT XVII,NOT SOLD,150000,,02/03/2018,KENTUCKY,3,,,
Kentucky October Yearlings (2019),2019-10-22,608,DKB,C,MICROMANAGE,HOT SPLASH,SUNRIVER,VINERY SALES AGENT XLV,OUT,0,,04/06/2018,NEW YORK,22 &23,,,
Kentucky October Yearlings (2019),2019-10-22,609,B,C,COMMISSIONER,HOUSE OF TAYLOR,NORTHERN AFLEET,DOUBLE R CONSIGNMENT,DAVID B HUNT AGENT,30000,,04/26/2018,KENTUCKY,16,,,
Kentucky October Yearlings (2019),2019-10-22,610,B,C,EFFINEX,HOUSE VIRGIN,HOUSEBUSTER,BILL MURPHY AGENT VIII,WICKLOW STABLES,20000,Y,05/01/2018,NEW YORK,19,,,
Kentucky October Yearlings (2019),2019-10-22,611,B,C,SPEIGHTSTER,HUG DOC,MEDAGLIA D'ORO,BROOKDALE SALES AGENT,OUT,0,,03/30/2018,KENTUCKY,17,,,
Kentucky October Yearlings (2019),2019-10-22,612,B,F,FED BIZ,HUNTER'S MARK,TITUS LIVIUS (FR),RUNNYMEDE FARM INC. AGENT,ERIN FISHER,1500,,04/03/2018,KENTUCKY,13,,,
Kentucky October Yearlings (2019),2019-10-22,613,B,C,ANIMAL KINGDOM,IADORAKID,LEMON DROP KID,PARAMOUNT SALES AGENT XXXI,OUT,0,,03/21/2018,NEW YORK,20,,,
Kentucky October Yearlings (2019),2019-10-22,614,B,F,FLINTSHIRE (GB),IBIS,EMPIRE MAKER,HILL 'N' DALE SALES AGENCY AGENT,OUT,0,,03/04/2018,NEW YORK,4,,,
Kentucky October Yearlings (2019),2019-10-22,615,B,C,TOURIST,IBOUGHTHERANYWAY,DIXIE UNION,HUNTER VALLEY FARM AGENT,NOT SOLD,19000,,02/14/2018,KENTUCKY,9,,,
Kentucky October Yearlings (2019),2019-10-22,616,B,C,THE BIG BEAST,ICE GIRL,DEVIL ON ICE,PARAMOUNT SALES AGENT XXIX,MICHAEL YATES,7000,,01/31/2018,FLORIDA,20,,,
Kentucky October Yearlings (2019),2019-10-22,617,GRR,C,CAIRO PRINCE,ICE LADY,CAT THIEF,HUNTER VALLEY FARM AGENT,OUT,0,,05/08/2018,KENTUCKY,9,,,
Kentucky October Yearlings (2019),2019-10-22,618,DKB,C,SOCIETY'S CHAIRMAN,ICY TALES,TALE OF EKATI,HUNTER VALLEY FARM AGENT,OUT,0,,05/20/2018,ONTARIO,9,,,
Kentucky October Yearlings (2019),2019-10-22,619,B,F,CONSTITUTION,ICY TEA,STORM CAT,WALNUT GREEN LLC AGENT FOR SMART ANGLE LLP,KIRKWOOD STABLES AGENT,60000,,04/07/2018,PENNSYLVANIA,22,,,
Kentucky October Yearlings (2019),2019-10-22,620,CH,F,SPEIGHTSTER,I LIKE IT,HENNY HUGHES,SHEPPELL THOROUGHBREDS AGENT,NOT SOLD,25000,,03/22/2018,OHIO,21,,,
Kentucky October Yearlings (2019),2019-10-22,621,DKB,F,ARCHARCHARCH,I'LL GET THE BEER,VALUE PLUS,TAYLOR MADE SALES AGENCY AGENT XXXII,CARL L HESS JR,9000,,04/09/2018,OHIO,22 &23,,,
Kentucky October Yearlings (2019),2019-10-22,622,DKB,C,OUTWORK,IMAGINE,GIANT'S CAUSEWAY,FORT CHRISTOPHER'S THOROUGHBREDS LLC AGENT,OUT,0,,04/07/2018,PENNSYLVANIA,23,,,
Kentucky October Yearlings (2019),2019-10-22,623,GRR,C,KITTEN'S JOY,IMFOREAL,IN EXCESS (IRE),BALLYSAX BLOODSTOCK AGENT LVXI,OUT,0,,01/29/2018,KENTUCKY,18,,,
Kentucky October Yearlings (2019),2019-10-22,624,DKB,C,TAPITURE,IMMORTAL FAME,TALE OF THE CAT,SCOTT MALLORY AGENT X,NOT SOLD,9000,,05/05/2018,KENTUCKY,21,,,
Kentucky October Yearlings (2019),2019-10-22,625,DKB,C,TOURIST,IMPENDING STORM,MINESHAFT,C & S THOROUGHBREDS AGENT,NOT SOLD,27000,,05/04/2018,NEW YORK,12,,,
Kentucky October Yearlings (2019),2019-10-22,626,B,C,DIALED IN,IM SO FINE,ELUSIVE QUALITY,FOUR STAR SALES AGENT,K.O.I.D.,30000,,05/03/2018,KENTUCKY,16,,,
Kentucky October Yearlings (2019),2019-10-22,627,DKB,F,WICKED STRONG,INAWORD,SUCCESSFUL APPEAL,SOUTH POINT SALES AGENCY AGENT I,OUT,0,,01/27/2018,LOUISIANA,18,,,
Kentucky October Yearlings (2019),2019-10-22,628,B,C,SUMMER FRONT,INCARNATE MEMORIES,INDIAN CHARLIE,BRERETON C. JONES/AIRDRIE STUD INC. AGENT,TOM & TONY HOLYFIELD,7500,,03/25/2018,KENTUCKY,4,,,
Kentucky October Yearlings (2019),2019-10-22,629,B,C,MSHAWISH,INCLUDING,INCLUDE,LITTLE'S BLOODSTOCK LLC AGENT,FRANKLIN G SMITH,4000,,04/26/2018,KENTUCKY,19,,,
Kentucky October Yearlings (2019),2019-10-22,630,GRR,F,LIAM'S MAP,INDIAN BURN,INDIAN CHARLIE,LITTLE'S BLOODSTOCK LLC AGENT,KENNETH MCPEEK AGENT,250000,,01/28/2018,KENTUCKY,19,,,
Kentucky October Yearlings (2019),2019-10-22,631,DKB,C,OXBOW,INDIAN MISS,INDIAN CHARLIE,SMALL BATCH SALES AGENT V,DENNIS O'NEILL,110000,,04/11/2018,KENTUCKY,10,,,http://www.thorostride.com/sales/fasig-tipton-ky-october-2019-hip-631
Kentucky October Yearlings (2019),2019-10-22,632,DKB,C,HONOR CODE,INDIAN RUSH,INDIAN CHARLIE,PARAMOUNT SALES AGENT LI,OUT,0,,04/25/2018,NEW YORK,20,,,
Kentucky October Yearlings (2019),2019-10-22,633,B,C,STREET BOSS,INDIAN VALLEY,CHEROKEE RUN,PARAMOUNT SALES AGENT XXII,R.W.B.,42000,,03/05/2018,KENTUCKY,20,,,
Kentucky October Yearlings (2019),2019-10-22,634,B,C,WE MISS ARTIE,INDYGO F M A,INDYGO SHINER,RAMSEY FARM AGENT,RANCHO LA SOLEDAD DE ALVAREZ,1200,,04/10/2018,KENTUCKY,21,,,
Kentucky October Yearlings (2019),2019-10-22,635,DKB,F,PALACE MALICE,INDY GOLD,A.P. INDY,PARAMOUNT SALES AGENT IV,C & I STABLES,2500,,04/09/2018,FLORIDA,20,,,
Kentucky October Yearlings (2019),2019-10-22,636,DKB,F,TALE OF THE CAT,INDY'S MILLION,A.P. INDY,PARAMOUNT SALES AGENT XXI,MICHAEL SCHMIDT,9000,,02/12/2018,KENTUCKY,20,,,
Kentucky October Yearlings (2019),2019-10-22,637,B,F,QUALITY ROAD,INFLICTION,STORMY ATLANTIC,EATON SALES AGENT,MOUNT MILLER FARM,70000,,03/30/2018,KENTUCKY,7,,,
Kentucky October Yearlings (2019),2019-10-22,638,DKB,C,AMERICAIN,IN GOOD COMPANY,LONHRO (AUS),RICKY HIGGS AGENT,LARRY DEMERITTE,2500,,03/06/2018,KENTUCKY,15,,,
Kentucky October Yearlings (2019),2019-10-22,639,B,F,GOLDENCENTS,INMYHEARTFOREVER,MEDAGLIA D'ORO,BRANDYWINE FARM (JIM & PAM ROBINSON),CHRIS MELTON,5000,,04/05/2018,KENTUCKY,15,,,
Kentucky October Yearlings (2019),2019-10-22,640,DKB,F,WICKED STRONG,INNER GROOVE,ROCK HARD TEN,GAINESWAY AGENT IV,NOT SOLD,14000,,03/24/2018,KENTUCKY,5&6,,,
Kentucky October Yearlings (2019),2019-10-22,641,CH,C,COMMISSIONER,INSIDE RETREAT,SEATTLE FITZ (ARG),VINERY SALES AGENT XLIII,KAIZEN SALES AGENT,9000,,03/15/2018,KENTUCKY,22 &23,,,
Kentucky October Yearlings (2019),2019-10-22,642,GRR,F,FROSTED,INSPIRED BY GRACE,CURLIN,INDIAN CREEK AGENT,STONEWAY FARM LLC,235000,,02/19/2018,KENTUCKY,11,,,
Kentucky October Yearlings (2019),2019-10-22,643,B,F,CAIRO PRINCE,IN STITCHES,MEDAGLIA D'ORO,LEGACY BLOODSTOCK AGENT FOR ANTHONY BRADDOCK,MARC TACHER,100000,,04/15/2018,KENTUCKY,23,,,
Kentucky October Yearlings (2019),2019-10-22,644,B,F,SILENT NAME (JPN),INTANGAROO,ORIENTATE,PARAMOUNT SALES AGENT XLVI,MIKE AMBLER NICK GONZALEZAGT,12500,,03/20/2018,KENTUCKY,20,,,
Kentucky October Yearlings (2019),2019-10-22,645,CH,F,GHOSTLY MINISTER,IN THE MONEY TOO,WHYWHYWHY,BLAKE-ALBINA THOROUGHBRED SERVICES LLC AGENT II,OUT,0,,04/18/2018,WEST VIRGINIA,24,,,
Kentucky October Yearlings (2019),2019-10-22,646,DKB,F,AIR FORCE BLUE,INTO THE STORM,GIANT'S CAUSEWAY,STUART MORRIS AGENT FOR HIGHCLERE & MCMAKIN,OUT,0,,02/26/2018,NEW YORK,21,,,
Kentucky October Yearlings (2019),2019-10-22,647,B,C,STREET SENSE,IRISH CONNECTION,MR. GREELEY,HUNTER VALLEY FARM AGENT,CARLO VACCAREZZA,290000,,04/08/2018,KENTUCKY,9,,,
Kentucky October Yearlings (2019),2019-10-22,648,DKB,F,FED BIZ,IRISH DROP,WAY WEST (FR),VINERY SALES AGENT XVI,BRYAN HAWK,7000,,04/12/2018,KENTUCKY,22 &23,,,
Kentucky October Yearlings (2019),2019-10-22,649,DKB,C,TEMPLE CITY,IRISH PENNY,DUBLIN,SHELTOWEE SALES AGENT,OUT,0,,02/02/2018,NEW YORK,14,,,
Kentucky October Yearlings (2019),2019-10-22,650,GRR,F,LAOBAN,IRISH RIDGE,CACTUS RIDGE,HUNTER VALLEY FARM AGENT,SCANLON TRAINING & SALES,60000,,02/12/2018,NEW YORK,9,,,
Kentucky October Yearlings (2019),2019-10-22,651,B,C,CALIFORNIA CHROME,ISLA,UNBRIDLED'S SONG,4M RANCH AGENT FOR C.J. HUMMEL HORSES,DILLIGA,102000,,04/05/2018,KENTUCKY,8,,,
Kentucky October Yearlings (2019),2019-10-22,652,DKB,C,ACCLAMATION,ISMENE,TRIBAL RULE,WARRENDALE SALES AGENT FOR STEPHEN FERRARO,DON FAUSTO RACING LLC,8500,,04/08/2018,KENTUCKY,3,,,
Kentucky October Yearlings (2019),2019-10-22,653,B,F,JUSTIN PHILLIP,ITALIAN STYLE,GIO PONTI,FLOWER FIELD FARM,OUT,0,,01/28/2018,KENTUCKY,13,,,
Kentucky October Yearlings (2019),2019-10-22,654,B,F,BODEMEISTER,I THIRTYFIVE,MALIBU MOON,DROMOLAND FARM INC. (GERRY DILGER) AGENT II,ROGER STERLING,1000,,03/20/2018,ONTARIO,4,,,
Kentucky October Yearlings (2019),2019-10-22,655,B,C,JACK MILTON,ITSAGIANTCAUSEWAY,GIANT'S CAUSEWAY,TAYLOR MADE SALES AGENCY AGENT XXIII,OUT,0,,04/15/2018,NEW YORK,22 &23,,,
Kentucky October Yearlings (2019),2019-10-22,656,B,F,AMERICAN PHAROAH,IT'S ALL ME,CONGRATS,SUMMERFIELD (FRANCIS & BARBARA VANLANGENDONCK) AGENT,OUT,0,,04/01/2018,KENTUCKY,3,,,
Kentucky October Yearlings (2019),2019-10-22,657,CH,F,WICKED STRONG,ITSREIGNINGKITTENS,KITTEN'S JOY,RAMSEY FARM AGENT,OUT,0,,01/23/2018,KENTUCKY,21,,,
Kentucky October Yearlings (2019),2019-10-22,658,B,C,BRODY'S CAUSE,I WANT TO DUST HER,MASS MARKET,RICKY HIGGS AGENT FOR CARNIE THOROUGHBRED FARM,ROBERT GORHAM,5000,,03/17/2018,INDIANA,15,,,
Kentucky October Yearlings (2019),2019-10-22,659,B,C,TEXAS RED,IYIELDTONOONE,HIGH YIELD,WARRENDALE SALES AGENT XII,ERNESTO FANILLA,10000,,03/07/2018,KENTUCKY,3,,,
Kentucky October Yearlings (2019),2019-10-22,660,DKB,F,GET STORMY,IZOLO,MIZZEN MAST,TAYLOR MADE SALES AGENCY AGENT IV,NOT SOLD,7000,,03/12/2018,KENTUCKY,22 &23,,,
Kentucky October Yearlings (2019),2019-10-22,661,B,F,INTO MISCHIEF,JACKIE'S CAUSEWAY,GIANT'S CAUSEWAY,VINERY SALES AGENT XLIX,HOLLENDORFER OR JANUARY,85000,,02/04/2018,KENTUCKY,22 &23,,,
Kentucky October Yearlings (2019),2019-10-22,662,B,C,TAPIT,JACKPOT JOANIE,GIANT'S CAUSEWAY,GAINESWAY AGENT XXXVIII,GULFSTREAM GALLOP LLC/ KIRKWOOD AGENT,200000,,04/03/2018,KENTUCKY,5&6,,,
Kentucky October Yearlings (2019),2019-10-22,663,B,C,GEMOLOGIST,JAPANESE GARDEN,MARIA'S MON,VINERY SALES AGENT XXIII,OUT,0,,04/14/2018,KENTUCKY,22 &23,,,
Kentucky October Yearlings (2019),2019-10-22,664,DKB,F,MORE THAN READY,JAVANESE,MEDAGLIA D'ORO,BLUEWATER SALES LLC AGENT IV,THREE DIAMONDS FARM,180000,,03/10/2018,KENTUCKY,21,,,
Kentucky October Yearlings (2019),2019-10-22,665,CH,C,MAJESTICPERFECTION,JAYCEE'S HUMOR,DISTORTED HUMOR,WAR HORSE PLACE LLC AGENT V,OUT,0,,02/13/2018,KENTUCKY,7,,,
Kentucky October Yearlings (2019),2019-10-22,666,GRR,C,LIAM'S MAP,JAZZ JAM (GB),PIVOTAL (GB),CHRIS HANCOCK LLC AGENT,ROBERT GORHAM,15000,,05/29/2018,INDIANA,19,,,
Kentucky October Yearlings (2019),2019-10-22,667,GRR,F,FROSTED,JEANNE'S HONOR,HONOUR AND GLORY,GAINESWAY AGENT X,MARK HENNIG AGENT,120000,,02/12/2018,NEW YORK,5&6,,,
Kentucky October Yearlings (2019),2019-10-22,668,B,F,STORMY ATLANTIC,JERSEY'S SOUL,PERFECT SOUL (IRE),FOUR STAR SALES AGENT,AWG LLC,5000,,04/05/2018,ONTARIO,16,,,
Kentucky October Yearlings (2019),2019-10-22,669,CH,C,DIALED IN,JESSICAISBACKAGAIN,PUT IT BACK,HIDDEN BROOK AGENT,JUAN CENTENO,12000,,04/06/2018,FLORIDA,22,,,
Kentucky October Yearlings (2019),2019-10-22,670,B,F,ARTIE SCHILLER,JEWEL'S FOR KATE,EYE OF THE LEOPARD,TAYLOR MADE SALES AGENCY AGENT XXXIII,OUT,0,,03/05/2018,LOUISIANA,22 &23,,,
Kentucky October Yearlings (2019),2019-10-22,671,B,C,GET STORMY,JIGGLIN,PYRAMID PEAK,STUART MORRIS AGENT,NOT SOLD,2700,,04/15/2018,KENTUCKY,21,,,
Kentucky October Yearlings (2019),2019-10-22,672,B,F,NEW YEAR'S DAY,J J'S CLASSIC,SKY CLASSIC,LEGACY BLOODSTOCK AGENT V,OUT,0,,01/30/2018,KENTUCKY,23,,,
Kentucky October Yearlings (2019),2019-10-22,673,DKB,C,SHANGHAI BOBBY,JOOMA,EMPIRE MAKER,SUE VACEK AGENT,CHRIS DRAKOS,14000,,03/14/2018,KENTUCKY,14,,,
Kentucky October Yearlings (2019),2019-10-22,674,B,C,TEMPLE CITY,JOONBI,POLLARD'S VISION,PAUL TACKETT AGENT,NOT SOLD,27000,,04/22/2018,KENTUCKY,10,,,
Kentucky October Yearlings (2019),2019-10-22,675,CH,C,CALIFORNIA CHROME,JOURNEY ON,GOOD JOURNEY,KATIERICH FARMS,TEN STRIKE RACING-SHIRER/ LIZ CROW AGENT,50000,,04/17/2018,KENTUCKY,14,,,
Kentucky October Yearlings (2019),2019-10-22,676,B,F,FLAT OUT,JOVIAL MONARCH,MONARCHOS,MULHOLLAND FARM AGENT,NOT SOLD,10000,,04/24/2018,KENTUCKY,13,,,
Kentucky October Yearlings (2019),2019-10-22,677,DKB,C,SUMMER FRONT,J'RAY'S SUNSHINE,GIANT'S CAUSEWAY,INDIAN CREEK AGENT,JEFFREY ENGLEHART,4000,,04/08/2018,NEW YORK,11,,,
Kentucky October Yearlings (2019),2019-10-22,678,B,C,FED BIZ,JUANITA SENORITA,CORINTHIAN,OXMOOR SALES AGENT,JOE DEEGAN,10000,,04/25/2018,KENTUCKY,13,,,
Kentucky October Yearlings (2019),2019-10-22,679,GRR,C,PROTONICO,JUMEIMA,UNBRIDLED'S SONG,TAYLOR MADE SALES AGENCY AGENT XXVIII,OUT,0,,03/20/2018,KENTUCKY,22 &23,,,
Kentucky October Yearlings (2019),2019-10-22,680,CH,C,WILL TAKE CHARGE,JUMPED THE HARBOR,JUMP START,TAYLOR MADE SALES AGENCY AGENT XXIV,EDWARD ORTIZ,7000,,03/01/2018,NEW YORK,22 &23,,,
Kentucky October Yearlings (2019),2019-10-22,681,DKB,C,HOME OF THE BRAVE,JUMP JIVIN JADE,GENTLEMEN (ARG),ELLEN J. CAINES AGENT,RODRIGO NATHANAEL JAEN,1500,,01/21/2018,OKLAHOMA,8,,,
Kentucky October Yearlings (2019),2019-10-22,682,CH,C,FAST ANNA,JUSTIFIABLY SALTY,VINDICATION,FORT CHRISTOPHER'S THOROUGHBREDS LLC AGENT,SEAN S PERL BLOODSTOCK LLC,7000,,03/07/2018,KENTUCKY,23,,,
Kentucky October Yearlings (2019),2019-10-22,683,DKB,C,CINCO CHARLIE,JUSTONEATHEGUYS,CORINTHIAN,SHEPPELL THOROUGHBREDS AGENT,NOT SOLD,27000,,04/22/2018,OHIO,21,,,
Kentucky October Yearlings (2019),2019-10-22,684,B,F,ORB,KARAKORUM FUGITIVE,TEN MOST WANTED,CHRIS HANCOCK LLC AGENT,LONE STAR RACING CLUB,8500,,05/11/2018,INDIANA,19,,,
Kentucky October Yearlings (2019),2019-10-22,685,B,C,SUMMER FRONT,KARAOKE QUEEN,FLATTER,DROMOLAND FARM INC. (GERRY DILGER) AGENT I,ERNESTO FANILLA,13000,,04/11/2018,PENNSYLVANIA,4,,,
Kentucky October Yearlings (2019),2019-10-22,686,B,C,BODEMEISTER,KARATE GAL,FIRST SAMURAI,SHAWHAN PLACE LLC AGENT FOR GLENDALOUGH LLC,RALPH EBERT,27000,,01/26/2018,KENTUCKY,23,,,
Kentucky October Yearlings (2019),2019-10-22,687,B,F,GEMOLOGIST,KASSIDY'S KISS,BELONG TO ME,CHUCK GIVENS AGENT FOR TOM CURRY,ANDRY BLANCO,7000,,03/03/2018,KENTUCKY,11,,,
Kentucky October Yearlings (2019),2019-10-22,688,GRR,C,THE FACTOR,KATERBUG,PULPIT,LANE'S END AGENT,DAS RACING STABLES,7000,,05/08/2018,KENTUCKY,1&2,,,
Kentucky October Yearlings (2019),2019-10-22,689,DKB,C,PROTONICO,KATHERINE RENEE,STREET CRY (IRE),OLD SCHOOL THOROUGHBREDS AGENT,RANCHO LA SOLEDAD DE ALVAREZ,8000,,03/06/2018,KENTUCKY,19,,,
Kentucky October Yearlings (2019),2019-10-22,690,DKB,F,HARD SPUN,KATHERINE'SKADENCE,MR. GREELEY,WALNUT GREEN LLC AGENT FOR SMART ANGLE LLP,NOT SOLD,15000,,04/05/2018,PENNSYLVANIA,22,,,
Kentucky October Yearlings (2019),2019-10-22,691,B,C,MACLEAN'S MUSIC,KATHLEEN L,PINE BLUFF,ST GEORGE SALES AGENT XVII,ALL IN SALES,42000,,04/06/2018,ARKANSAS,10,,,
Kentucky October Yearlings (2019),2019-10-22,692,DKB,C,MIDNIGHT LUTE,KATISPSUBLUE,COMIC STRIP,HILL 'N' DALE SALES AGENCY AGENT,ALISTAIR ROEN BLOODSTOCK,11000,,05/06/2018,KENTUCKY,4,,,
Kentucky October Yearlings (2019),2019-10-22,693,B,F,RUNHAPPY,KATNISS THE VICTOR,MIDNIGHT LUTE,DENALI STUD AGENT XI,P MILLER EQB INC. AGENT,120000,,03/22/2018,KENTUCKY,1&2,,,
Kentucky October Yearlings (2019),2019-10-22,694,DKB,C,WAR DANCER,KATY'S REVENGE,STEPHEN GOT EVEN,SOUTH POINT SALES AGENCY AGENT VII,MICHAEL R DI TOMASSO,3000,,03/28/2018,NEW YORK,18,,,
Kentucky October Yearlings (2019),2019-10-22,695,DKB,C,TIZNOW,KAT ZIPPITY,CITY ZIP,TAYLOR MADE SALES AGENCY AGENT XLVII,OUT,0,,05/02/2018,KENTUCKY,22 &23,,,
Kentucky October Yearlings (2019),2019-10-22,696,B,C,CONSTITUTION,KAYCE LU,LONHRO (AUS),TAYLOR MADE SALES AGENCY AGENT XLVI,ERJ RACING GENE RECIO AGENT,60000,,05/18/2018,KENTUCKY,22 &23,,,
Kentucky October Yearlings (2019),2019-10-22,697,CH,C,CALIFORNIA CHROME,KEEN VICTORY,VICTORY GALLOP,WARRENDALE SALES AGENT FOR TALL OAKS FARM,OUT,0,,05/05/2018,KENTUCKY,3,,,
Kentucky October Yearlings (2019),2019-10-22,698,B,C,INTO MISCHIEF,KEESHA,TAPIT,TAYLOR MADE SALES AGENCY AGENT XXXIV,TEAM CASSE,300000,,04/09/2018,KENTUCKY,22 &23,,,
Kentucky October Yearlings (2019),2019-10-22,699,DKB,F,PAYNTER,K'EHLEYR,RAHY,BRANDYWINE FARM (JIM & PAM ROBINSON),PETRICHOR FARM INC.,20000,,02/09/2018,KENTUCKY,15,,,
Kentucky October Yearlings (2019),2019-10-22,700,B,F,WICKED STRONG,KEITH'S KITTEN,KITTEN'S JOY,CROWNING POINT FARM AGENT,CHRIS MELTON,10000,,02/14/2018,KENTUCKY,18,,,
Kentucky October Yearlings (2019),2019-10-22,701,B,F,FLASHBACK,KEMLY,TIZNOW,FOUR STAR SALES AGENT,RON JONES WAYNE HASH AGENT,9000,,03/22/2018,KENTUCKY,16,,,
Kentucky October Yearlings (2019),2019-10-22,702,B,F,JACK MILTON,KENTUCKY CAT,MOUNTAIN CAT,MAINE CHANCE FARM (UNIVERSITY OF KENTUCKY),RODRIGO NATHANAEL JAEN,2000,,04/14/2018,KENTUCKY,19,,,
Kentucky October Yearlings (2019),2019-10-22,703,CH,F,NYQUIST,KETEL TWIST,DIXIE UNION,DROMOLAND FARM INC. (GERRY DILGER) AGENT VII,CALVIN NGUYEN MEAH/LLOYD BLOODSTOCK AGENT,325000,,04/11/2018,KENTUCKY,4,,,
Kentucky October Yearlings (2019),2019-10-22,704,DKB,C,CARPE DIEM,KIDS TUITION,MALIBU MOON,WALNUT GREEN LLC AGENT FOR SMART ANGLE LLP,OUT,0,,04/29/2018,NEW YORK,22,,,
Kentucky October Yearlings (2019),2019-10-22,705,CH,F,NEW YEAR'S DAY,KILCOOLE MISS,PLEASANTLY PERFECT,GAULSTOWN STUD LLC AGENT I,KELLER/FALLAW,5000,,03/11/2018,KENTUCKY,11,,,
Kentucky October Yearlings (2019),2019-10-22,706,CH,C,AWESOME PATRIOT,KINGS LYNN,MT. LIVERMORE,BUCKLAND SALES (ZACH MADDEN) AGENT III,OUT,0,,05/10/2018,KENTUCKY,20,,,
Kentucky October Yearlings (2019),2019-10-22,707,GRR,C,SUMMER FRONT,KISSABLE,BERNARDINI,VINERY SALES AGENT V,ERNESTO FANILLA,22000,,05/15/2018,KENTUCKY,22 &23,,,
Kentucky October Yearlings (2019),2019-10-22,708,DKB,C,TO HONOR AND SERVE,KISS AND A PECK,OTHELLO,BUCKLAND SALES (ZACH MADDEN) AGENT VII,KELSIE CALVO,1000,Y,04/28/2018,KENTUCKY,20,,,
Kentucky October Yearlings (2019),2019-10-22,709,B,C,DOMINUS,KISSIN KENDALL,LEMON DROP KID,PARAMOUNT SALES AGENT FOR JUSTICE FARM,NOT SOLD,10000,,03/03/2018,INDIANA,20,,,
Kentucky October Yearlings (2019),2019-10-22,710,DKB,C,MOSLER,KISS THE DIVA,PULPIT,STUART MORRIS AGENT II,JCE RACING/TRAVIS DURR,50000,,04/22/2018,MARYLAND,21,,,
Kentucky October Yearlings (2019),2019-10-22,711,CH,C,GOLDENCENTS,KISS THE KING,ROMAN RULER,BRANDYWINE FARM (JIM & PAM ROBINSON),OUT,0,,03/09/2018,KENTUCKY,15,,,
Kentucky October Yearlings (2019),2019-10-22,712,CH,C,TAPITURE,KISSY SUZUKI,SUMMER BIRD,CROWNING POINT FARM AGENT,NOT SOLD,23000,,05/18/2018,OHIO,18,,,
Kentucky October Yearlings (2019),2019-10-22,713,CH,F,NOT THIS TIME,KIT DE LUCA,CORINTHIAN,4M RANCH AGENT III,NOT SOLD,6000,,04/16/2018,KENTUCKY,8,,,
Kentucky October Yearlings (2019),2019-10-22,714,B,C,WE MISS ARTIE,KITTEN'S MATRIARCH,KITTEN'S JOY,RAMSEY FARM AGENT,OUT,0,,04/30/2018,KENTUCKY,21,,,
Kentucky October Yearlings (2019),2019-10-22,715,GRR,C,CONVEYANCE,KITTY'S PEARL,BELLAMY ROAD,BUCK POND FARM (DOUGLAS S. ARNOLD) AGENT,GREG FOLEY,8000,,03/26/2018,KENTUCKY,22,,,
Kentucky October Yearlings (2019),2019-10-22,716,DKB,C,NYQUIST,KIVI,KING OF KINGS (IRE),GAINESWAY AGENT I,TARI BROCKLEBANK AGENT,125000,,05/12/2018,KENTUCKY,5&6,,,
Kentucky October Yearlings (2019),2019-10-22,717,B,F,CAN THE MAN,K K'S FRONTIER,CANADIAN FRONTIER,FOUR STAR SALES AGENT,ALEJANDRO CONTRERAS,1000,,04/24/2018,KENTUCKY,16,,,
Kentucky October Yearlings (2019),2019-10-22,718,CH,C,LEMON DROP KID,KNIT ONE PURR TOO,TALE OF THE CAT,MILL RIDGE SALES AGENT,BEN MCELROY AGENT FOR RAMON TALLAJ MD,140000,,04/13/2018,KENTUCKY,11,,,
Kentucky October Yearlings (2019),2019-10-22,719,B,C,CINCO CHARLIE,KONA KAT,MOUNTAIN CAT,BUCKLAND SALES (ZACH MADDEN) AGENT X,BRYAN HAWK,35000,,02/07/2018,OKLAHOMA,20,,,
Kentucky October Yearlings (2019),2019-10-22,720,DKB,C,FLINTSHIRE (GB),KOOL CHARLI,TALE OF THE CAT,WAR HORSE PLACE LLC AGENT IV,3 CHILDREN BLOODSTOCK,10000,,04/15/2018,KENTUCKY,7,,,
Kentucky October Yearlings (2019),2019-10-22,721,DKB,F,NOT BOURBON,KRISMAS PROSPECT,ARCH,HUNTER VALLEY FARM AGENT,NICK GONZALEZ,6000,,03/28/2018,ONTARIO,9,,,
Kentucky October Yearlings (2019),2019-10-22,722,B,C,DIALED IN,KUHLU,GHOSTZAPPER,TAYLOR MADE SALES AGENCY AGENT XXVII,ERJ RACING GENE RECIO AGENT,40000,,05/09/2018,KENTUCKY,22 &23,,,
Kentucky October Yearlings (2019),2019-10-22,723,B,F,OUTWORK,LA BELLE CAT,TALE OF THE CAT,TIMBER TOWN & CLIFTON FARM AGENT III,RANDY ALLEN,40000,,01/29/2018,KENTUCKY,12,,,
Kentucky October Yearlings (2019),2019-10-22,724,GRR,F,KITTEN'S JOY,LACA,CHEROKEE RUN,RAMSEY FARM AGENT,JUAN CENTENO,10000,,04/20/2018,KENTUCKY,21,,,
Kentucky October Yearlings (2019),2019-10-22,725,GRR,F,WARRIOR'S REWARD,LACE AND LATIGO,CENTURY CITY (IRE),HIDDEN BROOK AGENT XXI,DONALD L BROWN JR,10000,,04/10/2018,KENTUCKY,22,,,
Kentucky October Yearlings (2019),2019-10-22,726,B,C,TALE OF EKATI,LACEY'S RACEY,STEPHEN GOT EVEN,SHEPPELL THOROUGHBREDS AGENT,ALUM CLIFF STABLES,7500,,02/24/2018,OHIO,21,,,
Kentucky October Yearlings (2019),2019-10-22,727,B,F,ORB,LADY APHRODITE,GIANT'S CAUSEWAY,BLAKE-ALBINA THOROUGHBRED SERVICES LLC AGENT IV,NICE GUYS STABLES,30000,,03/31/2018,NEW YORK,24,,,
Kentucky October Yearlings (2019),2019-10-22,728,B,C,MACLEAN'S MUSIC,LADY ARIELLE'S KEY,INDYGO SHINER,SOUTH POINT SALES AGENCY AGENT VII,ANTWONE RANDALL HODGE,6000,,02/09/2018,NEW YORK,18,,,
Kentucky October Yearlings (2019),2019-10-22,729,DKB,C,TAPIZAR,LADY ASPEN,GRAND REWARD,GAINESWAY AGENT XXXV,S.R.O.A. (K.O.I.D.),25000,,04/03/2018,KENTUCKY,5&6,,,
Kentucky October Yearlings (2019),2019-10-22,730,B,C,TRAPPE SHOT,LADY BUCKEYE,QUIET AMERICAN,STALLION VENTURES,OUT,0,,03/29/2018,OHIO,21,,,
Kentucky October Yearlings (2019),2019-10-22,731,CH,F,CALIFORNIA CHROME,LADY CHESLEY,SPEIGHTSTOWN,TAYLOR MADE SALES AGENCY AGENT XXIV,NOT SOLD,42000,,01/25/2018,KENTUCKY,22 &23,,,
Kentucky October Yearlings (2019),2019-10-22,732,B,F,VANCOUVER (AUS),LADY DYNASTY,RICHTER SCALE,CASTLE PARK FARM LLC (NOEL MURPHY) AGENT II,JOE MACALUSO,20000,,04/14/2018,KENTUCKY,11,,,
Kentucky October Yearlings (2019),2019-10-22,733,B,F,TALE OF EKATI,LADY EMPRESS,EMPIRE MAKER,PARAMOUNT SALES AGENT XXI,DAWN HAUGHT-MARTIN,1000,,04/23/2018,KENTUCKY,20,,,
Kentucky October Yearlings (2019),2019-10-22,734,GRR,F,CAIRO PRINCE,LADYFLICKERFLACKER,FORESTRY,GAINESWAY AGENT XXXVI,NOT SOLD,20000,,03/16/2018,KENTUCKY,5&6,,,
Kentucky October Yearlings (2019),2019-10-22,735,B,C,BIG BLUE KITTEN,LADY HARTWOOD,DIXIE UNION,SCOTT MALLORY AGENT XIV,RED INDIAN FARM,5000,,03/12/2018,KENTUCKY,21,,,
Kentucky October Yearlings (2019),2019-10-22,736,CH,C,CARPE DIEM,LADY IN SHADES,CONGRATS,WOODFORD THOROUGHBREDS AGENT I,OUT,0,,02/05/2018,NEW YORK,12,,,
Kentucky October Yearlings (2019),2019-10-22,737,GRR,C,RACE DAY,LADY LOLA,EVANSVILLE SLEW,VINERY SALES AGENT XXXII,FXP CORP,13000,,02/08/2018,KENTUCKY,22 &23,,,
Kentucky October Yearlings (2019),2019-10-22,738,B,C,GHOSTZAPPER,LADY MAYFAIR,MEDAGLIA D'ORO,LEGACY BLOODSTOCK AGENT XI,IC STABLES/VALENTINE JIMENEZ,60000,,04/13/2018,NEW YORK,23,,,
Kentucky October Yearlings (2019),2019-10-22,739,B,C,MINESHAFT,LADY MICAELA,EMPIRE MAKER,WAR HORSE PLACE LLC AGENT VI,CALUMET FARM,70000,,03/01/2018,KENTUCKY,7,,,
Kentucky October Yearlings (2019),2019-10-22,740,CH,F,EXAGGERATOR,LADY OF AKITA,FANTASTIC LIGHT,RUNNYMEDE FARM INC. AGENT,JEFF HEBERT AGENT FOR PATRICK LEE,45000,,04/24/2018,KENTUCKY,13,,,
Kentucky October Yearlings (2019),2019-10-22,741,B,F,DATA LINK,LADY OF THE GLEN,PURIM,LISA & TIM TURNEY AGENT,NOT SOLD,2000,,04/04/2018,KENTUCKY,12,,,
Kentucky October Yearlings (2019),2019-10-22,742,DKB,C,UNCLE MO,LADY OF THE NILE,PIONEEROF THE NILE,DROMOLAND FARM INC. (GERRY DILGER) AGENT FOR PINE RIDGE STABLES LLC,OUT,0,,02/21/2018,NEW YORK,4,,,
Kentucky October Yearlings (2019),2019-10-22,743,DKB,C,IRONICUS,LADY SPENCER,SUN KING,SERENDIPITY FARM AGENT III,MIGUEL MORREL,2500,,03/24/2018,KENTUCKY,13,,,
Kentucky October Yearlings (2019),2019-10-22,744,DKB,F,SHANGHAI BOBBY,LAKE CHAMPLAIN,WAR CHANT,POPE MCLEAN (CRESTWOOD FARM) AGENT VIII,MICHAEL NEATHERLIN,15000,,03/20/2018,OKLAHOMA,17,,,
Kentucky October Yearlings (2019),2019-10-22,745,B,F,QUALITY ROAD,LAKE HURON,SALT LAKE,LANE'S END AGENT,COMMONWEALTH NEW ERA RACING,100000,,05/27/2018,TEXAS,1&2,,,
Kentucky October Yearlings (2019),2019-10-22,746,GRR,F,FLASHBACK,LAKOTA GIRL,SMOKE GLACKEN,RICKY HIGGS AGENT,GEN-X,6000,,03/29/2018,INDIANA,15,,,
Kentucky October Yearlings (2019),2019-10-22,747,B,C,FAST ANNA,LANAI CITY,CARSON CITY,BLAKE-ALBINA THOROUGHBRED SERVICES LLC AGENT I,NOT SOLD,37000,,02/09/2018,KENTUCKY,24,,,
Kentucky October Yearlings (2019),2019-10-22,748,B,C,OPTIMIZER,LANDLUBBER,KITTEN'S JOY,PARAMOUNT SALES AGENT XLIII,OUT,0,,04/12/2018,KENTUCKY,20,,,
Kentucky October Yearlings (2019),2019-10-22,749,B,F,EMPIRE MAKER,LANTERN GLOW,MINESHAFT,GAINESWAY AGENT XLI,HARMONY FARMS,20000,,04/29/2018,KENTUCKY,5&6,,,http://www.thorostride.com/sales/fasig-tipton-ky-october-2019-hip-749
Kentucky October Yearlings (2019),2019-10-22,750,DKB,F,HARD SPUN,LAPINSKI,STREET CRY (IRE),LEGACY BLOODSTOCK AGENT XI,PAT MADDEN LLC J STEPHENSAGT,60000,,03/17/2018,NEW YORK,23,,,
Kentucky October Yearlings (2019),2019-10-22,751,CH,C,HARD SPUN,LA POMME D'AMOUR,FLOWER ALLEY,HIDDEN BROOK AGENT X,DENNIS FARKAS,125000,,02/21/2018,KENTUCKY,22,,,
Kentucky October Yearlings (2019),2019-10-22,752,DKB,F,LAOBAN,LAPSANG,SMOKE GLACKEN,LEGACY BLOODSTOCK AGENT XI,BLACKSTONE STREET,5000,,03/16/2018,NEW YORK,23,,,
Kentucky October Yearlings (2019),2019-10-22,753,B,F,HIT IT A BOMB,LA REINE BOURBON,LEROIDESANIMAUX (BRZ),HIDDEN BROOK AGENT XIII,MCMAHON & HILL BLDSTK LLC AGT,13000,,04/08/2018,KENTUCKY,22,,,
Kentucky October Yearlings (2019),2019-10-22,754,B,C,BRODY'S CAUSE,LARGESSE,SIGHTSEEING,SCOTT MALLORY AGENT XVII,NOT SOLD,11000,,04/03/2018,KENTUCKY,21,,,
Kentucky October Yearlings (2019),2019-10-22,755,GRR,C,RACE DAY,LASSO THE MOON,GONE WEST,RICKY HIGGS AGENT,NOT SOLD,9000,,03/21/2018,INDIANA,15,,,
Kentucky October Yearlings (2019),2019-10-22,756,CH,F,TAPITURE,LASTARIA,FIVE STAR DAY,SHEPPELL THOROUGHBREDS AGENT,ROYER FAMILY STABLES,12000,,04/30/2018,OHIO,21,,,
Kentucky October Yearlings (2019),2019-10-22,757,B,F,HONOR CODE,LASTING CODE,LOST CODE,BACCARI BLOODSTOCK LLC AGENT II,THOMAS FACKLER AGENT,100000,,01/08/2018,KENTUCKY,11,,,
Kentucky October Yearlings (2019),2019-10-22,758,B,C,LAOBAN,LAST SONG,UNBRIDLED'S SONG,BLUEWATER SALES LLC AGENT X,IVAN RODRIGO RIOS,2000,,05/05/2018,NEW YORK,21,,,
Kentucky October Yearlings (2019),2019-10-22,759,B,C,UPSTART,LATERS BABE,KEYED ENTRY,PARAMOUNT SALES AGENT XXXIII,MILE STABLE,50000,,01/19/2018,KENTUCKY,20,,,
Kentucky October Yearlings (2019),2019-10-22,760,DKB,C,DOMINUS,LATEST THINKING,TALE OF THE CAT,CAVE BROOK FARM,R B MCCUTCHEN,2500,,04/04/2018,KENTUCKY,12,,,
Kentucky October Yearlings (2019),2019-10-22,761,DKB,F,SHANGHAI BOBBY,LATITUDE FORTY,CHESTER HOUSE,LITTLE'S BLOODSTOCK LLC AGENT,NOT SOLD,45000,,03/02/2018,KENTUCKY,19,,,
Kentucky October Yearlings (2019),2019-10-22,762,GRR,F,WAR FRONT,LAUGHING LASHES,MR. GREELEY,EATON SALES AGENT,COTTON PLANT INC.,275000,,04/29/2018,KENTUCKY,7,,,
Kentucky October Yearlings (2019),2019-10-22,763,B,C,CREATIVE CAUSE,LAUGH N YODEL,SPEIGHTSTOWN,HUNTER VALLEY FARM AGENT,OUT,0,,05/28/2018,CALIFORNIA,9,,,
Kentucky October Yearlings (2019),2019-10-22,764,DKB,C,SOUPER SPEEDY,LAUNCH THE ROCKET,FOREST WILDCAT,TAYLOR MADE SALES AGENCY AGENT V,KRISTIAN VILLANTE AGENT,15000,Y,02/17/2018,ONTARIO,22 &23,,,
Kentucky October Yearlings (2019),2019-10-22,765,B,F,CREATIVE CAUSE,LEAH'S KITTEN,KITTEN'S JOY,RAMSEY FARM AGENT,NOT SOLD,14000,,03/09/2018,KENTUCKY,21,,,
Kentucky October Yearlings (2019),2019-10-22,766,CH,F,NOT THIS TIME,LEIGHA RENEE,MIZZEN MAST,SOUTH POINT SALES AGENCY AGENT XVII,RICEHORSE STABLES,4000,,02/24/2018,NEW YORK,18,,,
Kentucky October Yearlings (2019),2019-10-22,767,CH,F,SHACKLEFORD,LELA,TRIPPI,CROSS KEYS SALES LLC AGENT I,NOT SOLD,19000,,02/03/2018,OHIO,16,,,
Kentucky October Yearlings (2019),2019-10-22,768,CH,C,PERFECT SOUL (IRE),LEMON DROP BELLE,LEMON DROP KID,FOUR STAR SALES AGENT,LANCE HAYES,25000,,04/09/2018,KENTUCKY,16,,,
Kentucky October Yearlings (2019),2019-10-22,769,CH,C,NOBLE MISSION (GB),LEMONSINA,LEMON DROP KID,OAK TREE FARM AGENT FOR GORDON GILLIAM,GOLDEN ROCK,5500,,04/26/2018,KENTUCKY,12,,,
Kentucky October Yearlings (2019),2019-10-22,770,GRR,F,LIAM'S MAP,LEMON SPLENDOR,LEMON DROP KID,MILL RIDGE SALES AGENT,STONEWAY FARM LLC,190000,,05/01/2018,KENTUCKY,11,,,
Kentucky October Yearlings (2019),2019-10-22,771,CH,F,POINT OF ENTRY,LEROIANA,LEROIDESANIMAUX (BRZ),EQUUS FARM (JERRY CUMMINS/PAUL ADAMS) AGENT I,ERIN FISHER,1000,,04/09/2018,KENTUCKY,14,,,
Kentucky October Yearlings (2019),2019-10-22,772,CH,F,VIOLENCE,LE SANG ROYALE,HENRYTHENAVIGATOR,RICKY HIGGS AGENT,MICHAEL SCHMIDT,20000,,03/16/2018,ILLINOIS,15,,,
Kentucky October Yearlings (2019),2019-10-22,773,B,F,BRODY'S CAUSE,LETS GO DONNA,SUAVE,CARA BLOODSTOCK AGENT I,NOT SOLD,14000,,02/27/2018,KENTUCKY,5,,,
Kentucky October Yearlings (2019),2019-10-22,774,DKB,F,CREATIVE CAUSE,LETTRE SPIRITUELLE (GB),INVINCIBLE SPIRIT (IRE),FOUNDATIONS FARM,NOT SOLD,4500,,03/17/2018,KENTUCKY,13,,,
Kentucky October Yearlings (2019),2019-10-22,775,CH,F,ANCHOR DOWN,LEVERAGEDTOTHEHILT,MAJESTIC WARRIOR,BLANDFORD STUD (PADRAIG CAMPION) AGENT,MARC TACHER,11000,,04/24/2018,KENTUCKY,8,,,
Kentucky October Yearlings (2019),2019-10-22,776,CH,F,MSHAWISH,LEXINGTON PEARL,ELUSIVE QUALITY,SELECT SALES AGENT IV,OLIVIA ENTERPRIZE,37000,,02/22/2018,KENTUCKY,6,,,
Kentucky October Yearlings (2019),2019-10-22,777,CH,C,SHACKLEFORD,LIFE AT TEN,MALIBU MOON,BLUEWATER SALES LLC AGENT XIII,Q BAR J THOROUGHBREDS,15000,,03/21/2018,KENTUCKY,21,,,
Kentucky October Yearlings (2019),2019-10-22,778,GRR,F,CREATIVE CAUSE,LIGNITE,RUN AWAY AND HIDE,WARRENDALE SALES AGENT XVI,KAIZEN SALES AGENT,6000,,04/18/2018,KENTUCKY,3,,,
Kentucky October Yearlings (2019),2019-10-22,779,DKB,C,CONSTITUTION,LILAC LILLY,BLUEGRASS CAT,SALLY THOMAS AGENT I,NOT SOLD,28000,,05/15/2018,KENTUCKY,20,,,
Kentucky October Yearlings (2019),2019-10-22,780,CH,C,SUPER SAVER,LIL RED COZETTE,HENNY HUGHES,TERRAZAS THOROUGHBREDS AGENT II,PARRISH FARMS,30000,,04/17/2018,KENTUCKY,23,,,
Kentucky October Yearlings (2019),2019-10-22,781,DKB,C,CAIRO PRINCE,LILY'S SPARK,MINESHAFT,WAR HORSE PLACE LLC AGENT,PARRISH FARMS,15000,,01/19/2018,KENTUCKY,7,,,
Kentucky October Yearlings (2019),2019-10-22,782,GRR,F,TAPIT,LINDSAY'S WAY,GIANT'S CAUSEWAY,TAYLOR MADE SALES AGENCY AGENT LXVI,CARLO VACCAREZZA,50000,,02/04/2018,KENTUCKY,22 &23,,,
Kentucky October Yearlings (2019),2019-10-22,783,B,C,OXBOW,LION BELLE,LION HEART,STALLION VENTURES,OUT,0,,03/14/2018,KENTUCKY,21,,,
Kentucky October Yearlings (2019),2019-10-22,784,GRR,F,CROSS TRAFFIC,LIONESS LAHR,LION HEART,WOODS EDGE FARM (PETER O'CALLAGHAN) AGENT,KENNETH MCPEEK AGENT,165000,,05/04/2018,KENTUCKY,5,,,
Kentucky October Yearlings (2019),2019-10-22,785,B,F,GHOSTZAPPER,LISTENUPNOW,HARD SPUN,HIDDEN BROOK AGENT II,CROMWELL BLOODSTOCK,50000,,01/26/2018,NEW YORK,22,,,
Kentucky October Yearlings (2019),2019-10-22,786,B,F,HARRY'S HOLIDAY,LITE EM UP LILY,HENNY HUGHES,PARAMOUNT SALES AGENT FOR JUSTICE FARM,NOT SOLD,8000,,02/17/2018,INDIANA,20,,,
Kentucky October Yearlings (2019),2019-10-22,787,B,C,GOLDENCENTS,LITTLE MARYRUTH,BADGE OF SILVER,LITTLE'S BLOODSTOCK LLC AGENT,OUT,0,,02/27/2018,KENTUCKY,19,,,
Kentucky October Yearlings (2019),2019-10-22,788,GRR,C,CONVEYANCE,LITTLETOWN BRIDGE,STORMIN FEVER,BUCK POND FARM (DOUGLAS S. ARNOLD) AGENT,ALEXANDRO CENTOFANTI,3500,,02/01/2018,KENTUCKY,22,,,
Kentucky October Yearlings (2019),2019-10-22,789,CH,F,RACE DAY,LIVE AND LOVE,DISTORTED HUMOR,EQUUS FARM (JERRY CUMMINS/PAUL ADAMS) AGENT II,KENNETH MCPEEK AGENT,34000,,04/25/2018,KENTUCKY,14,,,
Kentucky October Yearlings (2019),2019-10-22,790,DKB,C,FED BIZ,LIVE OAKS LEGACY,GULCH,CROSS KEYS SALES LLC AGENT I,TARI BROCKLEBANK AGENT,6500,,01/22/2018,OHIO,16,,,
Kentucky October Yearlings (2019),2019-10-22,791,B,C,MIDNIGHT LUTE,LOCKET,ROSBERG,TRACKSIDE FARM (TOM EVANS) AGENT VIII,OUT,0,,01/29/2018,KENTUCKY,21,,,
Kentucky October Yearlings (2019),2019-10-22,792,CH,C,CINCO CHARLIE,LOLLOBRIGIDA,MALIBU MOON,DOUBLE R CONSIGNMENT AGENT II,NOT SOLD,20000,,04/06/2018,KENTUCKY,16,,,
Kentucky October Yearlings (2019),2019-10-23,793,GRR,C,MIZZEN MAST,LONDON BID,RAINBOW QUEST,PARAMOUNT SALES AGENT XXXVII,ERNESTO FANILLA,7000,,04/20/2018,KENTUCKY,20,,,
Kentucky October Yearlings (2019),2019-10-23,794,B,F,OUTWORK,LONG KISS GOODBYE,INTO MISCHIEF,CANDY MEADOWS SALES AGENT III,ROD MCVEY,67000,,04/27/2018,KENTUCKY,12,,,
Kentucky October Yearlings (2019),2019-10-23,795,DKB,F,DAREDEVIL,LONROSA,LONHRO (AUS),SCOTT MALLORY AGENT XI,OUT,0,,04/02/2018,KENTUCKY,21,,,
Kentucky October Yearlings (2019),2019-10-23,796,DKB,C,STRONG MANDATE,LOOKINATMINDY,BOWMAN'S BAND,SOUTH POINT SALES AGENCY AGENT X,ANTHONY DIDIER,3000,,06/01/2018,MINNESOTA,18,,,http://www.thorostride.com/sales/fasig-tipton-ky-october-2019-hip-796
Kentucky October Yearlings (2019),2019-10-23,797,GRR,C,SUPER SAVER,LOOKING,SEEKING THE GOLD,NARDELLI SALES AGENT III,OUT,0,,05/03/2018,KENTUCKY,5,,,
Kentucky October Yearlings (2019),2019-10-23,798,B,C,LAOBAN,LOOKSGOODFROMHERE,FREUD,BLUEWATER SALES LLC AGENT X,EXPOLINE CO LTD,18000,,01/17/2018,NEW YORK,21,,,
Kentucky October Yearlings (2019),2019-10-23,799,CH,C,FROSTED,LOPHORINA (GB),KING'S BEST,TAYLOR MADE SALES AGENCY AGENT VI,CHAMPION EQUINE LLC,70000,,02/28/2018,KENTUCKY,22 &23,,,
Kentucky October Yearlings (2019),2019-10-23,800,B,F,HARRY'S HOLIDAY,LORELEI LEGEND,KINGMAMBO,PARAMOUNT SALES AGENT FOR JUSTICE FARM,NOT SOLD,10000,,04/09/2018,INDIANA,20,,,
Kentucky October Yearlings (2019),2019-10-23,801,B,C,BERNARDINI,LOVE COVE,NOT FOR LOVE,STUART MORRIS AGENT I,JEREMIAH O'DWYER,100000,Y,04/12/2018,KENTUCKY,21,,,
Kentucky October Yearlings (2019),2019-10-23,802,CH,F,WICKED STRONG,LOVELADY,BOB AND JOHN,VINERY SALES AGENT FOR ESTATE OF VIRGINIA ELDER,JOE CASTILLO,1500,,03/09/2018,TEXAS,22 &23,,,
Kentucky October Yearlings (2019),2019-10-23,803,DKB,F,SUMMER FRONT,LOVELY COOL,INDIAN CHARLIE,PARAMOUNT SALES AGENT XX,OUT,0,,02/11/2018,KENTUCKY,20,,,
Kentucky October Yearlings (2019),2019-10-23,804,B,F,PALACE MALICE,LOVE MATCH,PARTNER'S HERO,DENALI STUD AGENT XII,MATTHEW SCHERA B HEENEY AGT,30000,,02/27/2018,KENTUCKY,1&2,,,
Kentucky October Yearlings (2019),2019-10-23,805,B,F,CARPE DIEM,LOVE MY EMPIRE,EMPIRE MAKER,WALNUT GREEN LLC AGENT FOR SMART ANGLE LLP,NOT SOLD,5000,,04/05/2018,KENTUCKY,22,,,
Kentucky October Yearlings (2019),2019-10-23,806,DKB,F,PIONEEROF THE NILE,LUCKY NUMBER,SMART STRIKE,JAMES B. KEOGH (GROVENDALE) AGENT XXX,NOT SOLD,95000,,04/28/2018,KENTUCKY,9,,,
Kentucky October Yearlings (2019),2019-10-23,807,DKB,C,MINESHAFT,LUCKY ROSE,LOOKIN AT LUCKY,HUNTER VALLEY FARM AGENT,SYDNEY ROTUNNO,5000,,03/08/2018,KENTUCKY,9,,,
Kentucky October Yearlings (2019),2019-10-23,808,B,F,KITTEN'S JOY,LUCY VALENTINE,LANGFUHR,EATON SALES AGENT,MICHAEL NEATHERLIN,35000,,05/14/2018,TEXAS,7,,,
Kentucky October Yearlings (2019),2019-10-23,809,GRR,C,CAIRO PRINCE,LUMINAIRE MYSTIQUE,FORESTRY,SOUTH POINT SALES AGENCY AGENT XX,ALL IN SALES,9000,,05/17/2018,KENTUCKY,18,,,
Kentucky October Yearlings (2019),2019-10-23,810,CH,F,PALACE,LUNA BAILARINA,BELLAMY ROAD,STUART MORRIS AGENT XI,DON DANARD,7000,,01/16/2018,NEW YORK,21,,,
Kentucky October Yearlings (2019),2019-10-23,811,DKB,F,MINESHAFT,LUNA BAY,BOB AND JOHN,WOODFORD THOROUGHBREDS AGENT,TWISTED CHAPS RACING STABLE,34000,,02/20/2018,FLORIDA,12,,,
Kentucky October Yearlings (2019),2019-10-23,812,GRR,F,LIAM'S MAP,LUXURIOUS,AWESOME AGAIN,BACCARI BLOODSTOCK LLC AGENT IV,NORTH FACE RACING,80000,Y,04/12/2018,KENTUCKY,11,,,http://www.thorostride.com/sales/fasig-tipton-ky-october-2019-hip-812
Kentucky October Yearlings (2019),2019-10-23,813,CH,C,ANCHOR DOWN,LYRICALLY,THUNDER GULCH,SOUTH POINT SALES AGENCY AGENT XXI,IVAN RODRIGO RIOS,5500,,03/06/2018,NEW YORK,18,,,
Kentucky October Yearlings (2019),2019-10-23,814,B,C,UPSTART,LYRIQUE,ROCK HARD TEN,WOODFORD THOROUGHBREDS AGENT,J KENT SWEEZEY,3000,,02/14/2018,FLORIDA,12,,,
Kentucky October Yearlings (2019),2019-10-23,815,B,F,FED BIZ,MADRE DITUTTICAPI,STREET BOSS,SERENDIPITY FARM AGENT,HUTCH HOLSAPPLE,3000,,03/11/2018,KENTUCKY,13,,,
Kentucky October Yearlings (2019),2019-10-23,816,GRR,C,TALE OF THE CAT,MAGGI O'PRADO,PADDY O'PRADO,TAYLOR MADE SALES AGENCY AGENT FOR JSM EQUINE LLC,OUT,0,,02/24/2018,KENTUCKY,22 &23,,,
Kentucky October Yearlings (2019),2019-10-23,817,DKB,C,UNCLE MO,MAGIC BROOMSTICK,MORE THAN READY,PARAMOUNT SALES AGENT XXXII,OUT,0,,04/22/2018,ONTARIO,20,,,
Kentucky October Yearlings (2019),2019-10-23,818,DKB,F,MINESHAFT,MAGIC MADISON,GHOSTLY MINISTER,PARAMOUNT SALES AGENT I,NOT SOLD,22000,,04/12/2018,KENTUCKY,20,,,
Kentucky October Yearlings (2019),2019-10-23,819,B,C,FLINTSHIRE (GB),MAGIC SCHOOL,IN EXCESS (IRE),BUCKLAND SALES (ZACH MADDEN) AGENT XIV,ARCADIO ESCAMILLA,2000,,04/21/2018,KENTUCKY,20,,,
Kentucky October Yearlings (2019),2019-10-23,820,CH,C,STRONG MANDATE,MAGIC SHOES,MINESHAFT,TRACKSIDE FARM (TOM EVANS) AGENT V,BLAS PEREZ STABLES,20000,,03/03/2018,KENTUCKY,21,,,
Kentucky October Yearlings (2019),2019-10-23,821,B,C,UNION RAGS,MAGNOLIA LANE,STREET CRY (IRE),HILL 'N' DALE SALES AGENCY AGENT,NEWDAY TC KEVIN MCKATHAN AGT,90000,,05/11/2018,KENTUCKY,4,,,
Kentucky October Yearlings (2019),2019-10-23,822,B,F,ANIMAL KINGDOM,MAHAICA GAP,HARLINGTON,ARNOUD W. DOBBER,NOT SOLD,14000,,05/01/2018,KENTUCKY,19,,,
Kentucky October Yearlings (2019),2019-10-23,823,CH,C,DAREDEVIL,MAJESTIC MISS,MAJESTIC WARRIOR,FORBUSH FARM,NOT SOLD,9000,,02/17/2018,KENTUCKY,14,,,
Kentucky October Yearlings (2019),2019-10-23,824,B,C,FLASHBACK,MAJESTIC MOLLY,MAJESTICPERFECTION,VINERY SALES AGENT XLVI,SILVER WING STABLES,9000,,03/05/2018,KENTUCKY,22 &23,,,
Kentucky October Yearlings (2019),2019-10-23,825,B,C,SUMMER FRONT,MAKE IT HAPPEN,BROTHER DEREK,EQUUS FARM (JERRY CUMMINS/PAUL ADAMS) AGENT I,RAFAEL FERNANDEZ P,9000,,05/13/2018,KENTUCKY,14,,,
Kentucky October Yearlings (2019),2019-10-23,826,CH,C,FLASHBACK,MALIGNED,EL CORREDOR,EQUUS FARM (JERRY CUMMINS/PAUL ADAMS) AGENT I,NOT SOLD,9000,,04/15/2018,KENTUCKY,14,,,
Kentucky October Yearlings (2019),2019-10-23,827,B,C,LIAM'S MAP,MARCH ON,WAR FRONT,WILLIAM B. HARRIGAN (MIACOMET FARM LTD.) AGENT,CORMS RACING ORACLE BLDSKAGT,85000,,03/25/2018,KENTUCKY,2,,,
Kentucky October Yearlings (2019),2019-10-23,828,CH,F,SHACKLEFORD,MARCH TO GLORY,MARCHFIELD,SOUTH POINT SALES AGENCY AGENT III,NOT SOLD,9500,,03/18/2018,KENTUCKY,18,,,http://www.thorostride.com/sales/fasig-tipton-ky-october-2019-hip-828
Kentucky October Yearlings (2019),2019-10-23,829,CH,F,FAST ANNA,MAREANA,NORTHERN AFLEET,BUCKLAND SALES (ZACH MADDEN) AGENT V,RED INDIAN FARM,4500,,04/10/2018,KENTUCKY,20,,,
Kentucky October Yearlings (2019),2019-10-23,830,GRR,F,ORB,MARIA'S DANE,MARIA'S MON,BUCK POND FARM (DOUGLAS S. ARNOLD) AGENT,LUIS A SHIRLEY C,3000,,01/18/2018,KENTUCKY,22,,,
Kentucky October Yearlings (2019),2019-10-23,831,B,C,PIONEEROF THE NILE,MARION RAVENWOOD,A.P. INDY,HIDDEN BROOK AGENT X,OUT,0,,03/13/2018,KENTUCKY,22,,,
Kentucky October Yearlings (2019),2019-10-23,832,B,F,BERNARDINI,MARISTAR,GIANT'S CAUSEWAY,FOUR STAR SALES AGENT,KINGS EQUINE,50000,,04/11/2018,KENTUCKY,16,,,
Kentucky October Yearlings (2019),2019-10-23,833,DKB,C,OUTWORK,MARKET APPEAL,AFTER MARKET,SIERRA FARM AGENT,ARCADIO ESCAMILLA,2000,,02/28/2018,KENTUCKY,10,,,
Kentucky October Yearlings (2019),2019-10-23,834,B,C,GET STORMY,MARQUETESSA,MARQUETRY,POPE MCLEAN (CRESTWOOD FARM) AGENT X,NOT SOLD,45000,,05/10/2018,KENTUCKY,17,,,
Kentucky October Yearlings (2019),2019-10-23,835,DKB,F,CURLIN,MARYFIELD,ELUSIVE QUALITY,BLUEWATER SALES LLC AGENT X,OUT,0,,05/10/2018,KENTUCKY,21,,,
Kentucky October Yearlings (2019),2019-10-23,836,B,C,NOBLE MISSION (GB),MARY GRACE,WILDCAT HEIR,TAYLOR MADE SALES AGENCY AGENT FOR ANLYN FARMS,OUT,0,,02/10/2018,NEW YORK,22 &23,,,
Kentucky October Yearlings (2019),2019-10-23,837,CH,C,DAREDEVIL,MASTERFUL MISS,MIZZEN MAST,CROWNING POINT FARM AGENT,IVAN RODRIGO RIOS,4500,,04/08/2018,KENTUCKY,18,,,
Kentucky October Yearlings (2019),2019-10-23,838,B,C,VERRAZANO,MATH CLASS,EDDINGTON,MJK BLOODSTOCK AGENT,W JOHN BOURKE,10000,,03/31/2018,KENTUCKY,7,,,
Kentucky October Yearlings (2019),2019-10-23,839,B,C,EMPIRE MAKER,MATTIE CAMP,FOREST CAMP,GAINESWAY AGENT XXXIV,KENNETH MCPEEK AGENT,190000,,05/10/2018,KENTUCKY,5&6,,,
Kentucky October Yearlings (2019),2019-10-23,840,CH,C,STRONG CONTENDER,MAUX MONEY,LEROIDESANIMAUX (BRZ),WARRENDALE SALES AGENT VI,ROBERT GORHAM,2000,,03/30/2018,INDIANA,3,,,
Kentucky October Yearlings (2019),2019-10-23,841,CH,C,MIZZEN MAST,MAW,PROUD CITIZEN,SHAWHAN PLACE LLC AGENT FOR MR. & MRS. THEODORE R. KUSTER,OUT,0,,02/24/2018,KENTUCKY,23,,,
Kentucky October Yearlings (2019),2019-10-23,842,DKB,F,QUALITY ROAD,MAXXI ARTE (IRE),DANEHILL DANCER (IRE),TAYLOR MADE SALES AGENCY AGENT LX,OUT,0,,03/17/2018,CALIFORNIA,22 &23,,,
Kentucky October Yearlings (2019),2019-10-23,843,GRR,C,FROSTED,MAYAN MILAGRA,MENIFEE,WOODFORD THOROUGHBREDS AGENT I,MARK GLATT AGENT,80000,,02/25/2018,KENTUCKY,12,,,
Kentucky October Yearlings (2019),2019-10-23,844,B,F,TONALIST,MAYA STRIKE,SMART STRIKE,TIMBER TOWN & CLIFTON FARM AGENT FOR R. S. EVANS,KIRKWOOD STABLES AGENT,40000,,05/15/2018,KENTUCKY,12,,,
Kentucky October Yearlings (2019),2019-10-23,845,B,C,VIOLENCE,MAYFIELD,EXPLOIT,DROMOLAND FARM INC. (GERRY DILGER) AGENT IV,CHRISTINE ELLIS,3000,,02/17/2018,KENTUCKY,4,,,
Kentucky October Yearlings (2019),2019-10-23,846,B,C,FLAT OUT,MAY FINE,IN EXCESS (IRE),COLUMBIANA FARM,ARCADIO ESCAMILLA,3200,,04/15/2018,KENTUCKY,17,,,
Kentucky October Yearlings (2019),2019-10-23,847,B,C,FAST ANNA,MEADOW SAFFRON,MILITARY,BROOKDALE SALES AGENT,NOT SOLD,40000,,03/06/2018,KENTUCKY,17,,,
Kentucky October Yearlings (2019),2019-10-23,848,B,C,OUTWORK,MEAN IMOGENE,SILVER DEPUTY,HUNTER VALLEY FARM AGENT,NOT SOLD,14000,,05/06/2018,KENTUCKY,9,,,
Kentucky October Yearlings (2019),2019-10-23,849,GRR,C,TWIRLING CANDY,MECANIQUE,MARIA'S MON,LITTLE'S BLOODSTOCK LLC AGENT,GARY CHANEN,25000,,04/05/2018,KENTUCKY,19,,,
Kentucky October Yearlings (2019),2019-10-23,850,DKB,F,MUNNINGS,MEDAGLIA D'ARGENTO,MEDAGLIA D'ORO,WARRENDALE SALES AGENT I,ENDSWELL,22000,Y,05/12/2018,KENTUCKY,3,,,
Kentucky October Yearlings (2019),2019-10-23,851,DKB,F,CAIRO PRINCE,MEDICINE BUTTE,OLD FASHIONED,BURLESON FARMS AGENT,K.O.I.D.,60000,,04/24/2018,KENTUCKY,17,,,
Kentucky October Yearlings (2019),2019-10-23,852,CH,C,UNCAPTURED,MEETMEONTIME,GENERAL MEETING,FOUR STAR SALES AGENT,OUT,0,,03/12/2018,INDIANA,16,,,
Kentucky October Yearlings (2019),2019-10-23,853,B,C,KEEP UP,MEHEK,WOODMAN,RICKY HIGGS AGENT,ARCADIO ESCAMILLA,1700,,02/16/2018,KENTUCKY,15,,,
Kentucky October Yearlings (2019),2019-10-23,854,B,C,MIDNIGHT LUTE,MEILI,FORESTRY,HILL 'N' DALE SALES AGENCY AGENT,OUT,0,,01/09/2018,FLORIDA,4,,,
Kentucky October Yearlings (2019),2019-10-23,855,DKB,C,FLAT OUT,MELANCHOLY,RUN SOFTLY,POPE MCLEAN (CRESTWOOD FARM) AGENT X,EMERALD EQUINE,8000,,05/16/2018,KENTUCKY,17,,,
Kentucky October Yearlings (2019),2019-10-23,856,B,F,SUPER SAVER,MELISSA JO,FUSAICHI PEGASUS,DENALI STUD AGENT XIX,PETRICHOR FARM INC.,25000,,05/12/2018,KENTUCKY,1&2,,,
Kentucky October Yearlings (2019),2019-10-23,857,CH,C,BAYERN,MELODY LADY,UNBRIDLED'S SONG,HILL 'N' DALE SALES AGENCY AGENT,HONEY BISCUITS,35000,,05/31/2018,KENTUCKY,4,,,
Kentucky October Yearlings (2019),2019-10-23,858,B,C,COIL,MIDNIGHT HOOK,MIDNIGHT LUTE,HILL 'N' DALE SALES AGENCY AGENT,RED INDIAN FARM,2000,,05/08/2018,KENTUCKY,4,,,
Kentucky October Yearlings (2019),2019-10-23,859,DKB,F,OVERANALYZE,MIDNIGHT ROMANCE,MIDNIGHT LUTE,BRANDYWINE FARM (JIM & PAM ROBINSON),RED INDIAN FARM,2500,,01/19/2018,KENTUCKY,15,,,
Kentucky October Yearlings (2019),2019-10-23,860,DKB,C,HARD SPUN,MIGHTY MOON,MALIBU MOON,BROOKDALE SALES AGENT,NOT SOLD,47000,,02/06/2018,KENTUCKY,17,,,
Kentucky October Yearlings (2019),2019-10-23,861,B,F,NOT THIS TIME,MIKEY LIKES IT,ELUSIVE QUALITY,LISA & TIM TURNEY AGENT,NOT SOLD,20000,,04/05/2018,KENTUCKY,12,,,
Kentucky October Yearlings (2019),2019-10-23,862,B,F,CAN THE MAN,MIKI'S MELODY,APTITUDE,SUSAN M. FORRESTER AGENT I,JOE OFFOLTER,15000,,01/27/2018,KENTUCKY,8,,,
Kentucky October Yearlings (2019),2019-10-23,863,B,C,TAMARKUZ,MILLENIA (GB),UNFUWAIN,BLUEWATER SALES LLC AGENT I,ARCADIO ESCAMILLA,2500,,04/11/2018,KENTUCKY,21,,,
Kentucky October Yearlings (2019),2019-10-23,864,DKB,C,SILVER MAX,MILWAUKEE RED,MILWAUKEE BREW,SOUTH POINT SALES AGENCY AGENT XIV,OUT,0,,03/05/2018,ONTARIO,18,,,
Kentucky October Yearlings (2019),2019-10-23,865,DKB,C,HIT IT A BOMB,MINOLA,STREET CRY (IRE),SHELTOWEE SALES AGENT,NOT SOLD,6000,,02/19/2018,KENTUCKY,14,,,
Kentucky October Yearlings (2019),2019-10-23,866,DKB,C,OVERANALYZE,MINSTREL SHOW,TALE OF THE CAT,HUNTER VALLEY FARM AGENT,ORACLE BLOODSTOCK AGENT,115000,,04/09/2018,KENTUCKY,9,,,
Kentucky October Yearlings (2019),2019-10-23,867,CH,C,MALIBU MOON,MIRIAM,FREUD,DENALI STUD AGENT XVII,NOT SOLD,70000,,03/21/2018,NEW YORK,1&2,,,
Kentucky October Yearlings (2019),2019-10-23,868,CH,F,FLATTER,MISS A. BOMB,LEMON DROP KID,BLACKBURN FARM (MICHAEL T. BARNETT) AGENT,OUT,0,,05/14/2018,KENTUCKY,8,,,
Kentucky October Yearlings (2019),2019-10-23,869,DKB,F,MACLEAN'S MUSIC,MISS BEAN WAH,AFTERNOON DEELITES,PARAMOUNT SALES AGENT VII,ADRIAN ENRIQUEZ,4500,,03/06/2018,NEW YORK,20,,,
Kentucky October Yearlings (2019),2019-10-23,870,DKB,F,MIDNIGHT LUTE,MISS BETTE M,TALE OF THE CAT,HILL 'N' DALE SALES AGENCY AGENT,RICHARD CUPP,8000,,04/03/2018,KENTUCKY,4,,,
Kentucky October Yearlings (2019),2019-10-23,871,GRR,C,FROSTED,MISS CATALYST,MR. GREELEY,PARAMOUNT SALES AGENT XLVII,OUT,0,,02/23/2018,NEW YORK,20,,,
Kentucky October Yearlings (2019),2019-10-23,872,DKB,F,CONVEYANCE,MISS CEDAR KEY,POSSE,BUCK POND FARM (DOUGLAS S. ARNOLD) AGENT,IVAN RODRIGO RIOS,3000,,05/28/2018,KENTUCKY,22,,,
Kentucky October Yearlings (2019),2019-10-23,873,DKB,C,NOT THIS TIME,MISS CHALLENGE,MORE THAN READY,DENALI STUD AGENT XIII,K.O.I.D.,40000,,04/26/2018,KENTUCKY,1&2,,,
Kentucky October Yearlings (2019),2019-10-23,874,B,F,ARCHARCHARCH,MISS DARK STAR,CAPE TOWN,BLAKE-ALBINA THOROUGHBRED SERVICES LLC AGENT,OUT,0,,04/23/2018,KENTUCKY,24,,,
Kentucky October Yearlings (2019),2019-10-23,875,B,F,HIT IT A BOMB,MISS DOLAN'S ROSE,JUDGE T C,SCOTT MALLORY AGENT XVII,NOT SOLD,4500,,03/18/2018,KENTUCKY,21,,,
Kentucky October Yearlings (2019),2019-10-23,876,B,C,CAIRO PRINCE,MISS EMELINA,BIG BROWN,VINERY SALES AGENT XLVII,SHEPERD EQUINE ADVISORS AGENT FOR SANDERS & HIRSCH,120000,,05/04/2018,NEW YORK,22 &23,,,
Kentucky October Yearlings (2019),2019-10-23,877,CH,F,ANIMAL KINGDOM,MISS EMILIA,WAR FRONT,ANDERSON FARMS AGENT,NOT SOLD,18000,,02/09/2018,ONTARIO,3,,,
Kentucky October Yearlings (2019),2019-10-23,878,B,F,TONALIST,MISS FONTANA,CLASSIC ACCOUNT,SCOTT MALLORY AGENT XVII,NOT SOLD,3000,,03/19/2018,KENTUCKY,21,,,
Kentucky October Yearlings (2019),2019-10-23,879,B,F,VANCOUVER (AUS),MISS JUDGED,E DUBAI,RUNNYMEDE FARM INC. AGENT,RESPECT THE VALLIES LLC,4200,,02/25/2018,KENTUCKY,13,,,
Kentucky October Yearlings (2019),2019-10-23,880,DKB,F,STREET SENSE,MISS KILROY,A.P. INDY,PARAMOUNT SALES AGENT L,JACKPOT FARM B POWELL AGENT,115000,Y,03/09/2018,KENTUCKY,20,,,
Kentucky October Yearlings (2019),2019-10-23,881,B,F,TIZNOW,MISS MAJOR,CANDY RIDE (ARG),GAINESWAY AGENT FOR WAYMORE LLC,CHAMPION RACING STABLE,7000,,04/21/2018,KENTUCKY,5&6,,,
Kentucky October Yearlings (2019),2019-10-23,882,DKB,C,NOT THIS TIME,MISS MESA,SKY MESA,PARAMOUNT SALES AGENT VIII,NOT SOLD,7000,,03/28/2018,KENTUCKY,20,,,
Kentucky October Yearlings (2019),2019-10-23,883,B,C,STREET SENSE,MISS MOCKINGBIRD,BIRDSTONE,GAINESWAY AGENT IX,BIRD IN HAND STABLES,50000,,03/14/2018,KENTUCKY,5&6,,,
Kentucky October Yearlings (2019),2019-10-23,884,B,C,QUALITY ROAD,MISS MOON,MALIBU MOON,BACCARI BLOODSTOCK LLC AGENT V,OUT,0,,02/17/2018,KENTUCKY,11,,,
Kentucky October Yearlings (2019),2019-10-23,885,B,F,RUN AWAY AND HIDE,MISS NICOLE,STREET CRY (IRE),MILLFORD FARM (ROBERT S. WEST JR.),ROSALEE DAVISON REV TRUST JOHN DAVISON AGENT,27000,,02/19/2018,KENTUCKY,14,,,
Kentucky October Yearlings (2019),2019-10-23,886,B,C,VERRAZANO,MISS PROSODY,DIXIE UNION,GAULSTOWN STUD LLC AGENT III,ARCADIO ESCAMILLA,1000,,05/06/2018,KENTUCKY,11,,,
Kentucky October Yearlings (2019),2019-10-23,887,B,F,VERRAZANO,MISS SHEGAAS,MEDAGLIA D'ORO,PARAMOUNT SALES AGENT XXXV,ERNESTO FANILLA,4000,,04/28/2018,KENTUCKY,20,,,
Kentucky October Yearlings (2019),2019-10-23,888,B,F,MAJESTIC CITY,MISSTERIA,DANCE WITH RAVENS,HIDDEN BROOK AGENT III,NOT SOLD,4000,,02/14/2018,NEW YORK,22,,,
Kentucky October Yearlings (2019),2019-10-23,889,B,F,CAIRO PRINCE,MISS TURTLEDOVE,HARLINGTON,BROOKDALE SALES AGENT FOR ESTATE OF HARVEY CLARKE,OUT,0,,03/06/2018,KENTUCKY,17,,,
Kentucky October Yearlings (2019),2019-10-23,890,CH,C,MALIBU MOON,MISS VALENTINE,AFLEET ALEX,WINTER QUARTER FARM AGENT I,M. HEMINGWAY AGENT,10000,,04/20/2018,NEW YORK,11,,,
Kentucky October Yearlings (2019),2019-10-23,891,DKB,C,ELUSIVE QUALITY,MISS VINDICTIVE,STEPHEN GOT EVEN,LITTLE'S BLOODSTOCK LLC AGENT,NORMA LEE STOCKSETH,45000,,04/06/2018,KENTUCKY,19,,,
Kentucky October Yearlings (2019),2019-10-23,892,CH,F,NOT BOURBON,MISTY TOWN,JERSEY TOWN,HUNTER VALLEY FARM AGENT,IAN F DE SOUZA,4000,,04/01/2018,KENTUCKY,9,,,
Kentucky October Yearlings (2019),2019-10-23,893,CH,C,FAST ANNA,MIXOLOGY,OLD FASHIONED,TERRAZAS THOROUGHBREDS AGENT IV,OUT,0,,02/19/2018,KENTUCKY,23,,,
Kentucky October Yearlings (2019),2019-10-23,894,DKB,F,FIRING LINE,MODISTE,UNCLE MO,SUSAN M. FORRESTER AGENT FOR JLC HORSES,KAIZEN SALES AGENT,13000,,03/22/2018,KENTUCKY,8,,,
Kentucky October Yearlings (2019),2019-10-23,895,B,C,MICROMANAGE,MOLLYPUTTHEKETELON,RAINBOW QUEST,FORT CHRISTOPHER'S THOROUGHBREDS LLC AGENT,OUT,0,,02/16/2018,NEW YORK,23,,,
Kentucky October Yearlings (2019),2019-10-23,896,DKB,F,JACK MILTON,MOMA LOCA,DONERAILE COURT,SCOTT MALLORY AGENT XII,ARCADIO ESCAMILLA,3000,,04/26/2018,KENTUCKY,21,,,
Kentucky October Yearlings (2019),2019-10-23,897,B,F,KITTEN'S JOY,MOMS MABLEY,NOTIONAL,HILL 'N' DALE SALES AGENCY AGENT,ERIN FISHER,1000,,03/02/2018,KENTUCKY,4,,,
Kentucky October Yearlings (2019),2019-10-23,898,B,C,CINCO CHARLIE,MON ANGE,WOLF POWER (SAF),EQUUS FARM (JERRY CUMMINS/PAUL ADAMS) AGENT I,TARI BROCKLEBANK AGENT,30000,,04/14/2018,KENTUCKY,14,,,
Kentucky October Yearlings (2019),2019-10-23,899,B,F,RUNHAPPY,MONEY FOR MAKEUP,FORESTRY,SHAWHAN PLACE LLC AGENT V,MICHAEL COOKE AGENT FOR DEREK CHIN,90000,Y,03/14/2018,LOUISIANA,23,,,
Kentucky October Yearlings (2019),2019-10-23,900,B,F,GIROLAMO,MONTARAZ,NUMEROUS,BUCKLAND SALES (ZACH MADDEN) AGENT III,OUT,0,,05/07/2018,KENTUCKY,20,,,
Kentucky October Yearlings (2019),2019-10-23,901,CH,F,WILL TAKE CHARGE,MOONLIGHT LOVER,BERNARDINI,ALLIANCE SALES AGENCY AGENT III,NOT SOLD,27000,,03/21/2018,LOUISIANA,7,,,
Kentucky October Yearlings (2019),2019-10-23,902,B,F,OXBOW,MOONLIT MALIBU,MALIBU MOON,WALNUT GREEN LLC AGENT FOR SMART ANGLE LLP,NOT SOLD,22000,,01/22/2018,MARYLAND,22,,,
Kentucky October Yearlings (2019),2019-10-23,903,CH,F,SPEIGHTSTER,MOONSHINE BERTIE,MALIBU MOON,PERRONE SALES LTD. AGENT FOR APACHE FARM LLC,FRANKLIN AVE EQUINE LLC,10000,,01/04/2018,KENTUCKY,15,,,
Kentucky October Yearlings (2019),2019-10-23,904,B,C,FED BIZ,MOON'S PROSPECT,MALIBU MOON,PARAMOUNT SALES AGENT XII,RESPECT THE VALLIES LLC,2000,,03/25/2018,PENNSYLVANIA,20,,,
Kentucky October Yearlings (2019),2019-10-23,905,DKB,F,TEMPLE CITY,MORE FOR JILL,MORE THAN READY,CROWNING POINT FARM AGENT,ANTHONY GRANITZ,9500,,02/15/2018,INDIANA,18,,,
Kentucky October Yearlings (2019),2019-10-23,906,DKB,C,TEMPLE CITY,MORETHANBEAUTIFUL,MORE THAN READY,OLD SCHOOL THOROUGHBREDS AGENT,NOT SOLD,3500,,04/21/2018,KENTUCKY,19,,,
Kentucky October Yearlings (2019),2019-10-23,907,CH,C,GEMOLOGIST,MORE THAN LOVE,MORE THAN READY,BLAKE-ALBINA THOROUGHBRED SERVICES LLC AGENT IV,PINK N BLUE STABLE,18000,,04/26/2018,NEW YORK,24,,,
Kentucky October Yearlings (2019),2019-10-23,908,DKB,F,NOT THIS TIME,MORNINGBIRD,QUIET AMERICAN,PARAMOUNT SALES AGENT XXXVIII,DRY FLY STABLE,8000,,04/11/2018,KENTUCKY,20,,,
Kentucky October Yearlings (2019),2019-10-23,909,B,C,TIZNOW,MORNING GALLOP,VICTORY GALLOP,FOUR STAR SALES AGENT,Q BAR J THOROUGHBREDS,100000,,05/16/2018,NEW YORK,16,,,
Kentucky October Yearlings (2019),2019-10-23,910,B,C,PERFECT SOUL (IRE),MORNING TALE,TALE OF EKATI,FOUR STAR SALES AGENT,NEAL COULARDOT / KEVIN MCKAY,5000,,02/15/2018,KENTUCKY,16,,,
Kentucky October Yearlings (2019),2019-10-23,911,GRR,C,RACE DAY,MORSE CODE MAMA,MACHO UNO,BRANDYWINE FARM (JIM & PAM ROBINSON) AGENT III,TWISTED CHAPS RACING STABLE,27000,,03/20/2018,KENTUCKY,15,,,
Kentucky October Yearlings (2019),2019-10-23,912,DKB,C,LAOBAN,MOSAICO,CITY ZIP,HIDDEN BROOK AGENT VIII,NOT SOLD,55000,,03/23/2018,NEW YORK,22,,,
Kentucky October Yearlings (2019),2019-10-23,913,B,C,TOURIST,MOUJANE,ALPHABET SOUP,BUCKLAND SALES (ZACH MADDEN) AGENT VI,F SANCHEZ JR MD,2000,,04/05/2018,KENTUCKY,20,,,
Kentucky October Yearlings (2019),2019-10-23,914,B,F,GOLDENCENTS,MOUNT NEVIS,EMPIRE MAKER,HIDDEN BROOK AGENT XVII,RED INDIAN FARM,2000,,04/17/2018,KENTUCKY,22,,,
Kentucky October Yearlings (2019),2019-10-23,915,DKB,C,NOT THIS TIME,MOVIE STAR MAGIC,THE CLIFF'S EDGE,TAYLOR MADE SALES AGENCY AGENT LIV,NOT SOLD,22000,,04/15/2018,KENTUCKY,22 &23,,,
Kentucky October Yearlings (2019),2019-10-23,916,B,F,HONOR CODE,MRS. DEBBIE M,WAR CHANT,INDIAN CREEK AGENT,OUT,0,,03/21/2018,KENTUCKY,11,,,
Kentucky October Yearlings (2019),2019-10-23,917,DKB,C,FLINTSHIRE (GB),MRS. PATMORE,ELUSIVE QUALITY,BUCKLAND SALES (ZACH MADDEN) AGENT XXVIII,OUT,0,,02/28/2018,KENTUCKY,20,,,
Kentucky October Yearlings (2019),2019-10-23,918,DKB,F,CONVEYANCE,MS. CABELL COUNTY,FRIENDS LAKE,BUCK POND FARM (DOUGLAS S. ARNOLD) AGENT,OUT,0,,03/18/2018,KENTUCKY,22,,,
Kentucky October Yearlings (2019),2019-10-23,919,GRR,C,HARD SPUN,MUM,TAPIT,SELECT SALES AGENT FOR COTEAU GROVE FARMS LLC,NOT SOLD,35000,,02/14/2018,LOUISIANA,6,,,
Kentucky October Yearlings (2019),2019-10-23,920,CH,C,PERFECT SOUL (IRE),MUNNINGS SISTER,SPEIGHTSTOWN,PARAMOUNT SALES AGENT XXI,JOHN D STEPHENS,15000,,04/13/2018,KENTUCKY,20,,,
Kentucky October Yearlings (2019),2019-10-23,921,DKB,F,NOT THIS TIME,MUSIC THUNDER,DISTORTED HUMOR,SHEPPELL THOROUGHBREDS AGENT,RESPECT THE VALLIES LLC,4500,,04/13/2018,OHIO,21,,,
Kentucky October Yearlings (2019),2019-10-23,922,B,F,MINESHAFT,MY BABY BABY,BERNSTEIN,GAINESWAY AGENT III,NOT SOLD,47000,,04/26/2018,KENTUCKY,5&6,,,
Kentucky October Yearlings (2019),2019-10-23,923,B,F,VERRAZANO,MY BELLAMY,BELLAMY ROAD,INDIAN CREEK AGENT,NOT SOLD,22000,,04/02/2018,KENTUCKY,11,,,
Kentucky October Yearlings (2019),2019-10-23,924,DKB,F,CONSTITUTION,MYBROKENHOME,BROKEN VOW,ALLIANCE SALES AGENCY,NOT SOLD,47000,,03/20/2018,KENTUCKY,7,,,
Kentucky October Yearlings (2019),2019-10-23,925,B,C,TWIRLING CANDY,MY CURLINA,BELONG TO ME,TRACKSIDE FARM (TOM EVANS) AGENT VI,JULIE DAVIES AGENT FOR BRF PARTNERS,95000,,02/03/2018,KENTUCKY,21,,,
Kentucky October Yearlings (2019),2019-10-23,926,B,C,BODEMEISTER,MY LIL SHAMROCK,CITY ZIP,C & S THOROUGHBREDS AGENT,ADR RACING STABLE LLC,25000,,03/19/2018,KENTUCKY,12,,,
Kentucky October Yearlings (2019),2019-10-23,927,CH,F,CONGRATS,MYSELF,GIANT'S CAUSEWAY,ST GEORGE SALES AGENT XXII,OUT,0,,03/03/2018,NEW YORK,10,,,
Kentucky October Yearlings (2019),2019-10-23,928,CH,F,VERRAZANO,MYSTERY ITSELF,PULPIT,SALLY THOMAS AGENT,JEFF HILES AGENT FOR JOHN GAYNOR,25000,,03/18/2018,KENTUCKY,20,,,
Kentucky October Yearlings (2019),2019-10-23,929,B,F,PALACE,MY SWEET CANDY,CANDY RIDE (ARG),VINERY SALES AGENT III,NOT SOLD,37000,,05/18/2018,NEW YORK,22 &23,,,
Kentucky October Yearlings (2019),2019-10-23,930,B,C,MSHAWISH,MY TOWN,SPEIGHTSTOWN,HIDDEN BROOK AGENT XI,POCKET ACES RACING MARC A WAMPLER AGENT,20000,,04/14/2018,KENTUCKY,22,,,
Kentucky October Yearlings (2019),2019-10-23,931,B,C,PIONEEROF THE NILE,NAKANO,FIRST SAMURAI,WOODFORD THOROUGHBREDS AGENT,W.T. LEE,12000,,02/28/2018,KENTUCKY,12,,,
Kentucky October Yearlings (2019),2019-10-23,932,DKB,F,AIR FORCE BLUE,NAKED EMPRESS,FREUD,SHAWHAN PLACE LLC AGENT II,OUT,0,,04/21/2018,KENTUCKY,23,,,
Kentucky October Yearlings (2019),2019-10-23,933,B,F,MSHAWISH,NANYBELLE,BELLAMY ROAD,TAYLOR MADE SALES AGENCY AGENT XII,TEAM GLENN DOT LLC,20000,,03/16/2018,NEW YORK,22 &23,,,
Kentucky October Yearlings (2019),2019-10-23,934,DKB,F,FLATTER,NARRATE,MEDAGLIA D'ORO,SOUTH POINT SALES AGENCY AGENT XXI,SNAKE PLISKKEN,62000,,02/28/2018,ONTARIO,18,,,
Kentucky October Yearlings (2019),2019-10-23,935,B,F,MUNNINGS,NATHAN'S MOM BECKY,WILDCAT HEIR,WAR HORSE PLACE LLC AGENT II,SHEPHERD EQUINE ADVISORS AGT FOR SANDERS & HIRSCH,180000,,04/14/2018,KENTUCKY,7,,,
Kentucky October Yearlings (2019),2019-10-23,936,DKB,F,PALACE MALICE,NAUGHTYNAUGHTYGIRL,BERNARDINI,MULHOLLAND SPRINGS AGENT III,WEST BLOODSTOCK,95000,,04/17/2018,KENTUCKY,9,,,
Kentucky October Yearlings (2019),2019-10-23,937,GRR,F,IRONICUS,NAUTICAL N,SUPER SAVER,SOUTH POINT SALES AGENCY AGENT XXII,NOT SOLD,5000,,03/01/2018,NEW YORK,18,,,
Kentucky October Yearlings (2019),2019-10-23,938,B,C,TWIRLING CANDY,NAVAL ACADEMY,MIZZEN MAST,CASTLE PARK FARM LLC (NOEL MURPHY) AGENT II,OUT,0,,03/29/2018,KENTUCKY,11,,,
Kentucky October Yearlings (2019),2019-10-23,939,B,C,UNCLE MO,NEEDMORE FLATTERY,FLATTER,BUCKLAND SALES (ZACH MADDEN) AGENT XV,NOT SOLD,112000,,03/20/2018,KENTUCKY,20,,,
Kentucky October Yearlings (2019),2019-10-23,940,CH,F,KITTEN'S JOY,NEHANTIC KAT,TOMORROWS CAT,WOODS EDGE FARM (PETER O'CALLAGHAN) AGENT II,HIDDEN BROOK FARM AGENT,95000,,04/23/2018,NEW YORK,5,,,
Kentucky October Yearlings (2019),2019-10-23,941,GRR,C,STRONG MANDATE,NEVER HOME,HARLAN'S HOLIDAY,TAYLOR MADE SALES AGENCY AGENT XVI,JCE RACING/TRAVIS DURR,50000,,02/15/2018,KENTUCKY,22 &23,,,
Kentucky October Yearlings (2019),2019-10-23,942,CH,C,MUNNINGS,NEVER QUICKER,HENNESSY,SALLY THOMAS AGENT,HERNAN GOMEZ SOFFIA,25000,,01/09/2018,KENTUCKY,20,,,
Kentucky October Yearlings (2019),2019-10-23,943,DKB,C,PALACE,NEW KEY,MAJESTICPERFECTION,WILLIAM B. HARRIGAN (MIACOMET FARM LTD.) AGENT,SAYELI CAMACHO,7000,,03/17/2018,KENTUCKY,2,,,
Kentucky October Yearlings (2019),2019-10-23,944,DKB,F,CENTRAL BANKER,NICOLE'S MISS EL,ELTISH,VINERY SALES AGENT XXV,TOTAL BLOODSTOCK LLC,2000,,04/13/2018,NEW YORK,22 &23,,,
Kentucky October Yearlings (2019),2019-10-23,945,DKB,F,JESS'S DREAM,NIFTY SHINDIG,MR. GREELEY,ARNOUD W. DOBBER,OUT,0,,02/18/2018,FLORIDA,19,,,
Kentucky October Yearlings (2019),2019-10-23,946,B,F,NOBLE MISSION (GB),NIMBLE FOOT (IRE),DANEHILL DANCER (IRE),BURLESON FARMS AGENT,OUT,0,,03/30/2018,KENTUCKY,17,,,
Kentucky October Yearlings (2019),2019-10-23,947,B,C,OUTWORK,NISTELTOE,VAN NISTELROOY,OLD SCHOOL THOROUGHBREDS AGENT,S G RACING,20000,,02/27/2018,KENTUCKY,19,,,
Kentucky October Yearlings (2019),2019-10-23,948,B,F,COMPETITIVE EDGE,NITARA,INDIAN CHARLIE,POPE MCLEAN (CRESTWOOD FARM) AGENT I,MARC TACHER,37000,,04/15/2018,KENTUCKY,17,,,
Kentucky October Yearlings (2019),2019-10-23,949,CH,F,DATA LINK,NITE IN ROME,HARLAN'S HOLIDAY,PARAMOUNT SALES AGENT IX,DON NOLAN,6000,,03/28/2018,KENTUCKY,20,,,
Kentucky October Yearlings (2019),2019-10-23,950,CH,F,TAPITURE,NO ACRONYMS,MILWAUKEE BREW,BRANDYWINE FARM (JIM & PAM ROBINSON) AGENT IV,NOT SOLD,27000,,01/30/2018,KENTUCKY,15,,,
Kentucky October Yearlings (2019),2019-10-23,951,DKB,F,NORMANDY INVASION,NOBODY CARES,STONESIDER,SOUTH POINT SALES AGENCY AGENT XVII,CHRISTINE ELLIS,1000,,04/27/2018,NEW YORK,18,,,
Kentucky October Yearlings (2019),2019-10-23,952,GRR,C,CAIRO PRINCE,NOCHE DE VERSOS,CORINTHIAN,WARRENDALE SALES AGENT XI,F.G. SMITH AGENT,25000,,05/02/2018,KENTUCKY,3,,,
Kentucky October Yearlings (2019),2019-10-23,953,CH,F,TAPITURE,NO DELUSION,STREET CRY (IRE),GAINESWAY AGENT XLIII,OUT,0,,03/24/2018,KENTUCKY,5&6,,,
Kentucky October Yearlings (2019),2019-10-23,954,CH,F,DOMINUS,NO MORE BLUES,MASTER COMMAND,SCOTT MALLORY AGENT XIII,NOT SOLD,23000,,02/11/2018,KENTUCKY,21,,,
Kentucky October Yearlings (2019),2019-10-23,955,B,F,PAYNTER,NOON MOON,MALIBU MOON,FOUR STAR SALES AGENT,NOT SOLD,14000,,02/19/2018,KENTUCKY,16,,,
Kentucky October Yearlings (2019),2019-10-23,956,DKB,C,LOOKIN AT LUCKY,NORTHERN MISS,BELLAMY ROAD,TRACKSIDE FARM (TOM EVANS) AGENT III,CHRIS MELTON,3000,,04/27/2018,KENTUCKY,21,,,
Kentucky October Yearlings (2019),2019-10-23,957,DKB,F,PIONEEROF THE NILE,NORTHERN PASSION,FIRST SAMURAI,GAINESWAY AGENT IX,KMA RANCH,6000,,02/13/2018,KENTUCKY,5&6,,,
Kentucky October Yearlings (2019),2019-10-23,958,B,C,NOT BOURBON,NORTHWEST TALE,TALE OF EKATI,PARAMOUNT SALES AGENT XXI,NICK GONZALEZ,1000,,04/11/2018,ONTARIO,20,,,
Kentucky October Yearlings (2019),2019-10-23,959,B,C,WAR DANCER,NOTACHARLIE'SANGEL,FAPPIE'S NOTEBOOK,STUART MORRIS AGENT XI,NICK PALMER AGENT,20000,,04/10/2018,NEW YORK,21,,,
Kentucky October Yearlings (2019),2019-10-23,960,DKB,F,BROKEN VOW,NOT HERE,GONE WEST,SCOTT MALLORY AGENT XXXX,OUT,0,,03/31/2018,KENTUCKY,21,,,
Kentucky October Yearlings (2019),2019-10-23,961,B,C,FLAT OUT,NOTHING BUT HEART,OFFICER,TERRAZAS THOROUGHBREDS AGENT,NOT SOLD,6500,,05/20/2018,KENTUCKY,23,,,
Kentucky October Yearlings (2019),2019-10-23,962,CH,F,JERSEY TOWN,NOT JAVA (FR),NOT BOURBON,HUNTER VALLEY FARM AGENT,RED INDIAN FARM,3000,,03/20/2018,BRITISH COLUMBI,9,,,
Kentucky October Yearlings (2019),2019-10-23,963,B,F,AWESOME PATRIOT,NUMERUS REASONS,NUMEROUS,ALLIANCE SALES AGENCY,CARL L HESS JR,5000,,05/14/2018,KENTUCKY,7,,,
Kentucky October Yearlings (2019),2019-10-23,964,CH,C,SUPER SAVER,SHORE THING,MAJESTICPERFECTION,GAINESWAY AGENT XI,OUT,0,,05/07/2018,FLORIDA,5&6,,,
Kentucky October Yearlings (2019),2019-10-23,965,B,F,OVERANALYZE,NUSHKA,CHEROKEE RUN,COLUMBIANA FARM,TROJAN RACING,1500,,05/20/2018,KENTUCKY,17,,,
Kentucky October Yearlings (2019),2019-10-23,966,DKB,C,SHANGHAI BOBBY,OH CAROLE,UNBRIDLED'S SONG,TRACKSIDE FARM (TOM EVANS) AGENT FOR H & H,K.O.I.D. CO LTD,65000,,02/02/2018,KENTUCKY,21,,,
Kentucky October Yearlings (2019),2019-10-23,967,DKB,C,DANZA,OH SWEET MYSTERY,APTITUDE,PHOENIXCREST FARM,NOT SOLD,10000,,04/30/2018,KENTUCKY,14,,,
Kentucky October Yearlings (2019),2019-10-23,968,CH,F,TAPITURE,OKIE BLONDE,SERVICE STRIPE,SCOTT MALLORY AGENT XVII,OUT,0,,05/16/2018,KENTUCKY,21,,,
Kentucky October Yearlings (2019),2019-10-23,969,B,C,SUPER SAVER,OLD SOUTH BALL,DROSSELMEYER,OLD SCHOOL THOROUGHBREDS AGENT,M. HEMINGWAY AGENT,16000,,01/22/2018,KENTUCKY,19,,,
Kentucky October Yearlings (2019),2019-10-23,970,B,F,UPSTART,OLGA PAYNE,E DUBAI,WAR HORSE PLACE LLC AGENT II,NOT SOLD,8000,,01/21/2018,FLORIDA,7,,,
Kentucky October Yearlings (2019),2019-10-23,971,B,F,KITTEN'S JOY,OLYMPIC AVENUE,HARD SPUN,TAYLOR MADE SALES AGENCY AGENT LXV,OUT,0,,01/23/2018,KENTUCKY,22 &23,,,
Kentucky October Yearlings (2019),2019-10-23,972,GRR,F,DIALED IN,ON A MOUNTAIN TOP,OLD FASHIONED,BRANDYWINE FARM (JIM & PAM ROBINSON),C & P BROOKS,8000,,04/01/2018,KENTUCKY,15,,,
Kentucky October Yearlings (2019),2019-10-23,973,B,C,ISTAN,ONE EYED FIONA,WARRIOR'S REWARD,BUCKLAND SALES (ZACH MADDEN) AGENT XIV,NOT SOLD,1000,,02/12/2018,KENTUCKY,20,,,
Kentucky October Yearlings (2019),2019-10-23,974,DKB,C,REVOLUTIONARY,ONE FELL SWOOP,VICAR,MULHOLLAND FARM,ANTWONE RANDALL EL,6000,,03/15/2018,KENTUCKY,13,,,
Kentucky October Yearlings (2019),2019-10-23,975,B,F,MALIBU MOON,ONE FOR LONDON,ESKENDEREYA,BLAKE-ALBINA THOROUGHBRED SERVICES LLC AGENT I,NOT SOLD,60000,,04/11/2018,KENTUCKY,24,,,
Kentucky October Yearlings (2019),2019-10-23,976,CH,F,MUNNINGS,ONE FOUR THREE,MINESHAFT,BUCKLAND SALES (ZACH MADDEN) AGENT X,TRADE'EM STABLE,15000,,02/02/2018,OKLAHOMA,20,,,
Kentucky October Yearlings (2019),2019-10-23,977,DKB,C,DOMINUS,ONE HOT ROMANCE,ROCK HARD TEN,BRANDYWINE FARM (JIM & PAM ROBINSON),RODRIGO JAEN,1000,,01/31/2018,KENTUCKY,15,,,
Kentucky October Yearlings (2019),2019-10-23,978,DKB,F,FED BIZ,ONE HOT SENORITA,SHARP HUMOR,TAYLOR MADE SALES AGENCY AGENT XXXVII,JAGGER INC,2000,,02/22/2018,KENTUCKY,22 &23,,,
Kentucky October Yearlings (2019),2019-10-23,979,B,C,CONVEYANCE,ONE LITTLE TEAR,CRYPTOCLEARANCE,SCOTT MALLORY AGENT XVII,NOT SOLD,1000,,04/14/2018,KENTUCKY,21,,,
Kentucky October Yearlings (2019),2019-10-23,980,B,C,LAOBAN,ONE LOOK,HENNY HUGHES,HIDDEN BROOK AGENT XII,LUIS FRANCO,3000,Y,05/02/2018,NEW YORK,22,,,
Kentucky October Yearlings (2019),2019-10-23,981,CH,C,SUPER SAVER,ONE SHOW ONLY,DISTORTED HUMOR,TAYLOR MADE SALES AGENCY AGENT VI,NOT SOLD,30000,,01/23/2018,NEW YORK,22 &23,,,
Kentucky October Yearlings (2019),2019-10-23,982,B,F,WAR DANCER,ONE SMART FARRAH,BADGE,VINERY SALES AGENT XXV,EOLEGORIO MUNOZ,1500,,04/15/2018,NEW YORK,22 &23,,,
Kentucky October Yearlings (2019),2019-10-23,983,CH,C,MORE THAN READY,ONNA BUGEISHA,FIRST SAMURAI,SELECT SALES AGENT VII,NOT SOLD,50000,,02/22/2018,KENTUCKY,6,,,
Kentucky October Yearlings (2019),2019-10-23,984,CH,F,DIALED IN,ON PAROLE,PUT IT BACK,FOUR STAR SALES AGENT,NOT SOLD,9500,,02/24/2018,KENTUCKY,16,,,
Kentucky October Yearlings (2019),2019-10-23,985,DKB,C,RUN AWAY AND HIDE,ON THE BEACH,ANY GIVEN SATURDAY,LEGACY BLOODSTOCK AGENT XV,NEVADA LIFTIN,3500,,02/11/2018,KENTUCKY,23,,,
Kentucky October Yearlings (2019),2019-10-23,986,B,F,OXBOW,OOH LA LA COOL,UNCLE MO,VINERY SALES AGENT XXXIV,OUT,0,,04/10/2018,KENTUCKY,22 &23,,,
Kentucky October Yearlings (2019),2019-10-23,987,B,F,TONALIST,OPALITE,QUIET AMERICAN,TIMBER TOWN & CLIFTON FARM AGENT FOR R. S. EVANS,SHOOTING STAR SALES LLC AGENT,5000,,05/01/2018,KENTUCKY,12,,,
Kentucky October Yearlings (2019),2019-10-23,988,GRR,F,FLAT OUT,OPERA SONG,UNBRIDLED'S SONG,MAINE CHANCE FARM (UNIVERSITY OF KENTUCKY),ROY COFFEY,3200,,04/26/2018,KENTUCKY,19,,,
Kentucky October Yearlings (2019),2019-10-23,989,B,F,K ONE KING,ORBISTON PARVA,INCLUDE,BUCKLAND SALES (ZACH MADDEN) AGENT XIV,TOTAL BLOODSTOCK LLC,1000,,04/03/2018,KENTUCKY,20,,,
Kentucky October Yearlings (2019),2019-10-23,990,B,C,LANTANA MOB,OTRA VEZ,RAHY,PARAMOUNT SALES AGENT FOR JUSTICE FARM,SPIESS STABLE LLC,13000,,03/16/2018,INDIANA,20,,,
Kentucky October Yearlings (2019),2019-10-23,991,DKB,C,FIELD COMMISSION,OUR JAKS,NOT FOR LOVE,PARAMOUNT SALES AGENT V,OUT,0,,04/15/2018,FLORIDA,20,,,
Kentucky October Yearlings (2019),2019-10-23,992,CH,C,SHACKLEFORD,OUR JULIA,VALUE PLUS,BLAKE-ALBINA THOROUGHBRED SERVICES LLC AGENT VII,NOT SOLD,17000,,03/15/2018,KENTUCKY,24,,,
Kentucky October Yearlings (2019),2019-10-23,993,B,F,TIZNOW,OUR PURE CREATION,PURE PRIZE,TAYLOR MADE SALES AGENCY AGENT LXVII,OUT,0,,03/14/2018,KENTUCKY,22 &23,,,
Kentucky October Yearlings (2019),2019-10-23,994,CH,C,SPEIGHTSTER,OUT OF REACH (GB),WARNING (GB),HUNTER VALLEY FARM AGENT,THOMAS FACKLER AGENT,55000,,05/11/2018,KENTUCKY,9,,,
Kentucky October Yearlings (2019),2019-10-23,995,DKB,C,LEMON DROP KID,OXBOW LAKE,DYNAFORMER,TAYLOR MADE SALES AGENCY AGENT VI,OUT,0,,05/19/2018,ONTARIO,22 &23,,,
Kentucky October Yearlings (2019),2019-10-23,996,B,C,CAIRO PRINCE,PACIFIC SPELL,LANGFUHR,BRERETON C. JONES/AIRDRIE STUD INC. AGENT,OUT,0,,05/21/2018,KENTUCKY,4,,,
Kentucky October Yearlings (2019),2019-10-23,997,B,C,CENTRAL BANKER,PACIFIC TRAIL,GRAND SLAM,FLOWER FIELD FARM,NOT SOLD,4500,,04/10/2018,KENTUCKY,13,,,
Kentucky October Yearlings (2019),2019-10-23,998,GRR,C,PAYNTER,PADEN AFFAIR,ROCKPORT HARBOR,WARRENDALE SALES AGENT XIII,S.R.O.A.,25000,,04/23/2018,KENTUCKY,3,,,
Kentucky October Yearlings (2019),2019-10-23,999,CH,C,UNBRIDLED EXPRESS,PAGE TURNER,DISTORTED HUMOR,WAR HORSE PLACE LLC AGENT VII,FRANKLIN G SMITH,5000,Y,04/29/2018,OHIO,7,,,
Kentucky October Yearlings (2019),2019-10-23,1000,B,F,FLAT OUT,PAJAMA BOTTOM,INCLUDE,CAVE BROOK FARM,KENNEDY POWNALL,3700,,02/27/2018,KENTUCKY,12,,,
Kentucky October Yearlings (2019),2019-10-23,1001,DKB,F,BERNARDINI,PALACIO DE AMOR,DIXIELAND BAND,BLAKE-ALBINA THOROUGHBRED SERVICES LLC AGENT IV,MICHAEL SCARDINA,142000,,04/29/2018,KENTUCKY,24,,,
Kentucky October Yearlings (2019),2019-10-23,1002,B,F,CONSTITUTION,PALISADESPRINCESS,INDIAN CHARLIE,HILL 'N' DALE SALES AGENCY AGENT,RED INDIAN FARM,3500,,02/22/2018,CALIFORNIA,4,,,
Kentucky October Yearlings (2019),2019-10-23,1003,B,C,SPEIGHTSTER,PANKHURST,ARTIE SCHILLER,JAMES B. KEOGH (GROVENDALE) AGENT XXX,ADAM RICE,5500,,04/20/2018,ONTARIO,9,,,
Kentucky October Yearlings (2019),2019-10-23,1004,B,C,INTO MISCHIEF,PARIS BIKINI,BERNARDINI,TAYLOR MADE SALES AGENCY AGENT LIV,OUT,0,,02/15/2018,KENTUCKY,22 &23,,,
Kentucky October Yearlings (2019),2019-10-23,1005,DKB,C,SHACKLEFORD,PARIS GIRL,PULPIT,TAYLOR MADE SALES AGENCY AGENT XVII,JOHN D MCKEE,3500,,05/13/2018,KENTUCKY,22 &23,,,
Kentucky October Yearlings (2019),2019-10-23,1006,B,F,K ONE KING,PART TIME MODEL,KITTEN'S JOY,BUCKLAND SALES (ZACH MADDEN) AGENT XIV,JONATHAN NANCE,1500,,02/21/2018,KENTUCKY,20,,,
Kentucky October Yearlings (2019),2019-10-23,1007,B,F,EXAGGERATOR,PARTY CHATTER,PLEASANT COLONY,VANMETER GENTRY SALES AGENT VI,NOT SOLD,40000,,03/04/2018,KENTUCKY,10,,,
Kentucky October Yearlings (2019),2019-10-23,1008,DKB,C,SKY KINGDOM,PASTEL PRINCESS,STORMY ATLANTIC,CARA BLOODSTOCK AGENT II,ADR RACING STABLE LLC,4000,,02/04/2018,ONTARIO,5,,,
Kentucky October Yearlings (2019),2019-10-23,1009,B,C,DECLARATION OF WAR,PATHWAY TO HEAVEN,GIANT'S CAUSEWAY,PARAMOUNT SALES AGENT XXV,NOT SOLD,37000,,04/10/2018,KENTUCKY,20,,,
Kentucky October Yearlings (2019),2019-10-23,1010,B,F,GIANT'S CAUSEWAY,PATSY BOYNE (IRE),GALILEO (IRE),TAYLOR MADE SALES AGENCY AGENT LII,OUT,0,,02/24/2018,GB,22 &23,,,
Kentucky October Yearlings (2019),2019-10-23,1011,B,F,OXBOW,PEACEFUL SPLENDOR,HONOUR AND GLORY,FORBUSH FARM,ROBERTO ARANGO,7000,,04/15/2018,KENTUCKY,14,,,
Kentucky October Yearlings (2019),2019-10-23,1012,DKB,F,CONSTITUTION,PEACELOVEANDJOY,HARLAN'S HOLIDAY,EQUUS FARM (JERRY CUMMINS/PAUL ADAMS) AGENT I,WAYNE SPALDING,10000,,02/15/2018,KENTUCKY,14,,,
Kentucky October Yearlings (2019),2019-10-23,1013,GRR,C,FROSTED,PEACH BREW,MILWAUKEE BREW,BUCK POND FARM (DOUGLAS S. ARNOLD) AGENT,NOT SOLD,60000,,05/02/2018,KENTUCKY,22,,,
Kentucky October Yearlings (2019),2019-10-23,1014,B,F,AIR FORCE BLUE,PEARL IN THE SAND (IRE),FOOTSTEPSINTHESAND (GB),HUNTER VALLEY FARM AGENT,CASTLETON LYONS INC,90000,,03/03/2018,KENTUCKY,9,,,
Kentucky October Yearlings (2019),2019-10-23,1015,CH,F,ELUSIVE QUALITY,PEARL IS DISCREET,DISCREET CAT,HILL 'N' DALE SALES AGENCY AGENT,RUSTY ROBERTS AGENT,7000,,04/05/2018,KENTUCKY,4,,,
Kentucky October Yearlings (2019),2019-10-23,1016,GRR,C,CONGRATS,PEARLS,BLACK TIE AFFAIR (IRE),STUART MORRIS AGENT FOR MORGAN'S FORD FARM,OUT,0,,03/24/2018,VIRGINIA,21,,,
Kentucky October Yearlings (2019),2019-10-23,1017,B,C,NYQUIST,PEARL TURN,BERNARDINI,ANDERSON FARMS AGENT,NOT SOLD,295000,,05/12/2018,ONTARIO,3,,,
Kentucky October Yearlings (2019),2019-10-23,1018,B,C,SPEIGHTSTOWN,PEGGY JANE,KAFWAIN,SUMMERFIELD (FRANCIS & BARBARA VANLANGENDONCK) AGENT FOR STONESTREET BRED & RAISED,F BROTHERS AGT STARLIGHT,300000,,02/16/2018,KENTUCKY,3,,,http://www.thorostride.com/sales/fasig-tipton-ky-october-2019-hip-1018
Kentucky October Yearlings (2019),2019-10-23,1019,B,C,CARPE DIEM,PELAGO,MORE THAN READY,ST GEORGE SALES AGENT IX,JESSE HOPPEL,30000,,05/15/2018,KENTUCKY,10,,,
Kentucky October Yearlings (2019),2019-10-23,1020,B,C,LIAISON,PENALTY DUE,RED BULLET,RICKY HIGGS AGENT FOR MAPLE RUN SOUTH,JOE CASTILLO,5000,,04/15/2018,INDIANA,15,,,
Kentucky October Yearlings (2019),2019-10-23,1021,DKB,F,SHANGHAI BOBBY,PEPITA,VICAR,SHAWHAN PLACE LLC AGENT III,CHRIS MELTON,6500,,02/14/2018,KENTUCKY,23,,,
Kentucky October Yearlings (2019),2019-10-23,1022,CH,F,MAJESTIC CITY,PEPPERMINT QUEEN,ZANJERO,FORT CHRISTOPHER'S THOROUGHBREDS LLC AGENT,MORELL BLOODSTOCK LLC AGENT,8500,,06/05/2018,NEW YORK,23,,,
Kentucky October Yearlings (2019),2019-10-23,1023,DKB,C,VERRAZANO,PERFECTLYBEAUTIFUL,PERFECT SOUL (IRE),WILLIAM B. HARRIGAN (MIACOMET FARM LTD.) AGENT,PATRICK MCBURNEY AGENT,19000,,05/10/2018,KENTUCKY,2,,,
Kentucky October Yearlings (2019),2019-10-23,1024,B,C,TALE OF EKATI,PERFECT NODOUBLE,PERFECT SOUL (IRE),HUNTER VALLEY FARM AGENT,TRULYBLUE EQUINE,3000,,04/05/2018,KENTUCKY,9,,,
Kentucky October Yearlings (2019),2019-10-23,1025,B,C,UPSTART,PERFECT PREDICTION,MAJESTICPERFECTION,BRERETON C. JONES/AIRDRIE STUD INC. AGENT,JOE NOVOGRATZ,15000,,04/27/2018,KENTUCKY,4,,,
Kentucky October Yearlings (2019),2019-10-23,1026,CH,G,GIROLAMO,PERLA WISDOM,UNBRIDLED'S SONG,MILESTONE FARM,NOT SOLD,5000,,05/25/2018,KENTUCKY,19,,,
Kentucky October Yearlings (2019),2019-10-23,1027,DKB,F,OXBOW,PERPETUAL NOVENA,MAJESTIC WARRIOR,SELECT SALES AGENT II,OUT,0,,02/28/2018,KENTUCKY,6,,,
Kentucky October Yearlings (2019),2019-10-23,1028,B,C,CONVEYANCE,PETE'S FANCY,PETESKI,JAMES B. KEOGH (GROVENDALE) AGENT III,WAYNE W RICE,5000,,04/17/2018,KENTUCKY,9,,,
Kentucky October Yearlings (2019),2019-10-23,1029,CH,F,TAPITURE,PETIT SYRAH,LEROIDESANIMAUX (BRZ),DARBY DAN FARM AGENT III,J RICHARD PERKINS,10000,,02/22/2018,FLORIDA,16,,,
Kentucky October Yearlings (2019),2019-10-23,1030,CH,C,KANTHAROS,PHANTOM RISING,MR. GREELEY,SALLY THOMAS AGENT,MAYBERRY FARM,70000,,05/08/2018,KENTUCKY,20,,,
Kentucky October Yearlings (2019),2019-10-23,1031,B,C,INTO MISCHIEF,PHOENICIA,MR PURPLE,DROMOLAND FARM INC. (GERRY DILGER) AGENT VI,NOT SOLD,145000,,02/07/2018,KENTUCKY,4,,,
Kentucky October Yearlings (2019),2019-10-23,1032,CH,F,GHOSTZAPPER,PIANIST,MORE THAN READY,DENALI STUD AGENT FOR STONESTREET BRED & RAISED,P MILLER EQB INC. AGENT,245000,,04/26/2018,KENTUCKY,1&2,,,
Kentucky October Yearlings (2019),2019-10-23,1033,B,C,UNCLE MO,PICARDIA,STORMY ATLANTIC,INDIAN CREEK AGENT,MIKE RYAN AGENT,410000,,03/13/2018,KENTUCKY,11,,,
Kentucky October Yearlings (2019),2019-10-23,1034,DKB,F,JACK MILTON,PICK OF THE PACK,LIL'S LAD,TRACKSIDE FARM (TOM EVANS) AGENT,VALENTINE JIMENEZ,5500,,03/01/2018,KENTUCKY,21,,,
Kentucky October Yearlings (2019),2019-10-23,1035,B,C,IRONICUS,PIC THREE BERTIE,FOREST DANGER,STUART MORRIS AGENT VII,NOT SOLD,9500,,02/04/2018,KENTUCKY,21,,,
Kentucky October Yearlings (2019),2019-10-23,1036,B,F,TEMPLE CITY,PINCH,BIG BROWN,VINERY SALES AGENT XLI,NOT SOLD,1000,,04/03/2018,KENTUCKY,22 &23,,,
Kentucky October Yearlings (2019),2019-10-23,1037,B,C,WICKED STRONG,PINCH ME,ARCH,VINERY SALES AGENT VIII,ITAL-CAL HORSE MANAGEMENT INC,15000,,03/29/2018,KENTUCKY,22 &23,,,
Kentucky October Yearlings (2019),2019-10-23,1038,DKB,C,KANTHAROS,PINEY RIVER,IN EXCESS (IRE),SMALL BATCH SALES AGENT,JCE RACING/TRAVIS DURR,37000,,04/27/2018,KENTUCKY,10,,,
Kentucky October Yearlings (2019),2019-10-23,1039,DKB,C,SKY MESA,PIPER'S NEW SONG,UNBRIDLED ENERGY,RICKY HIGGS AGENT,ADDICTION THERAPY STABLES,22000,,04/10/2018,KENTUCKY,15,,,
Kentucky October Yearlings (2019),2019-10-23,1040,GRR,F,VIOLENCE,PIRATE QUEEN,UNBRIDLED'S SONG,VINERY SALES AGENT I,NOT SOLD,11500,,03/12/2018,KENTUCKY,22 &23,,,
Kentucky October Yearlings (2019),2019-10-23,1041,DKB,F,CONGRATS,PLATINUM HEIGHTS,STORM CAT,BRANDYWINE FARM (JIM & PAM ROBINSON),NOT SOLD,7500,,03/11/2018,KENTUCKY,15,,,
Kentucky October Yearlings (2019),2019-10-23,1042,DKB,F,FIRST SAMURAI,PLAYFUL MAJESTY,SEA SALUTE,LEGACY BLOODSTOCK AGENT XVII,OUT,0,,03/10/2018,KENTUCKY,23,,,
Kentucky October Yearlings (2019),2019-10-23,1043,B,F,OVERANALYZE,PLEASANT ANGEL,PLEASANTLY PERFECT,SHAWHAN PLACE LLC AGENT V,NOT SOLD,8000,,03/09/2018,LOUISIANA,23,,,
Kentucky October Yearlings (2019),2019-10-23,1044,DKB,F,TWIRLING CANDY,PLEASANT CAT,TALE OF THE CAT,HIDDEN BROOK AGENT IX,OUT,0,,01/25/2018,KENTUCKY,22,,,
Kentucky October Yearlings (2019),2019-10-23,1045,DKB,C,DIALED IN,PLEASANT LYRICS,PLEASANT TAP,VALKYRE STUD AGENT,JOSE VENCE,2200,,04/17/2018,KENTUCKY,8,,,
Kentucky October Yearlings (2019),2019-10-23,1046,B,C,MEDAGLIA D'ORO,PLEASE EXPLAIN,CURLIN,VANMETER GENTRY SALES AGENT VII,OUT,0,,02/04/2018,KENTUCKY,10,,,
Kentucky October Yearlings (2019),2019-10-23,1047,GRR,F,LEA,PLIANT,MARIA'S MON,DENALI STUD AGENT VIII,BRYAN RICE,5500,,03/21/2018,KENTUCKY,1&2,,,
Kentucky October Yearlings (2019),2019-10-23,1048,B,C,VERRAZANO,POINTLESS,CONCORD POINT,SOUTH POINT SALES AGENCY AGENT XI,MARY RICHARDS,3000,,04/02/2018,NEW YORK,18,,,
Kentucky October Yearlings (2019),2019-10-23,1049,DKB,F,SUPER SAVER,POINT MISSED,POINT GIVEN,TAYLOR MADE SALES AGENCY AGENT XI,ITS ALL ABOUT THE GIRLS,12000,,05/22/2018,NEW YORK,22 &23,,,
Kentucky October Yearlings (2019),2019-10-23,1050,CH,F,FED BIZ,POLISH SILK,POLISH PRO,PARAMOUNT SALES AGENT XV,OUT,0,,02/25/2018,KENTUCKY,20,,,
Kentucky October Yearlings (2019),2019-10-23,1051,B,C,TRAPPE SHOT,POLITE COMPANY,QUIET AMERICAN,STALLION VENTURES,OUT,0,,02/21/2018,OHIO,21,,,
Kentucky October Yearlings (2019),2019-10-23,1052,B,F,MACLEAN'S MUSIC,POPOVER,LOOKIN AT LUCKY,HILL 'N' DALE SALES AGENCY AGENT,SMT STABLES,8000,,05/12/2018,KENTUCKY,4,,,
Kentucky October Yearlings (2019),2019-10-23,1053,DKB,C,FIRST SAMURAI,PORT CHARLOTTE,BLAME,MULHOLLAND FARM AGENT,HOLLENDORFER OR JANUARY,4000,,04/17/2018,KENTUCKY,13,,,
Kentucky October Yearlings (2019),2019-10-23,1054,B,F,TOURIST,POTRA CLASICA (ARG),POTRILLON (ARG),SUE VACEK AGENT,TRADE 'EM STABLE,10000,,03/01/2018,FLORIDA,14,,,
Kentucky October Yearlings (2019),2019-10-23,1055,GRR,C,CROSS TRAFFIC,POWHATAN PRINCESS,INDIAN CHARLIE,BUCKLAND SALES (ZACH MADDEN) AGENT VIII,OUT,0,,02/03/2018,NEW YORK,20,,,
Kentucky October Yearlings (2019),2019-10-23,1056,B,F,BODEMEISTER,PRALL STREET,CHEROKEE RUN,GAINESWAY AGENT FOR GRAVES & LYNCH,OUT,0,,04/18/2018,KENTUCKY,5&6,,,
Kentucky October Yearlings (2019),2019-10-23,1057,B,C,CARPE DIEM,PREACH TOME DADDY,SCAT DADDY,WARRENDALE SALES AGENT XV,OUT,0,,04/17/2018,KENTUCKY,3,,,
Kentucky October Yearlings (2019),2019-10-23,1058,GRR,F,FROSTED,PRECIOUS STONE (IRE),GALILEO (IRE),TAYLOR MADE SALES AGENCY AGENT LII,OUT,0,,04/30/2018,GB,22 &23,,,
Kentucky October Yearlings (2019),2019-10-23,1059,CH,C,GHOSTZAPPER,PRETTY ELUSIVE,ELUSIVE QUALITY,MULHOLLAND SPRINGS AGENT II,M. HEMINGWAY AGENT,16000,,03/30/2018,KENTUCKY,9,,,
Kentucky October Yearlings (2019),2019-10-23,1060,B,C,CANDY RIDE (ARG),PRETTY FANCY,LEMON DROP KID,LANE'S END AGENT,ABG WARRIORS,4500,,02/03/2018,KENTUCKY,1&2,,,
Kentucky October Yearlings (2019),2019-10-23,1061,DKB,C,NOT THIS TIME,PREVENTION,APTITUDE,WARRENDALE SALES AGENT X,NOT SOLD,70000,,03/17/2018,KENTUCKY,3,,,
Kentucky October Yearlings (2019),2019-10-23,1062,B,F,TEXAS RED,PRIME RISK,GRAND REWARD,BILL MURPHY AGENT IV,ANTHONY PECORARO,4500,,03/23/2018,KENTUCKY,19,,,
Kentucky October Yearlings (2019),2019-10-23,1063,DKB,F,GRAYDAR,PRINCESA DE PAPI,BIRDSTONE,LEGACY BLOODSTOCK AGENT XI,NOT SOLD,2500,,03/02/2018,NEW YORK,23,,,
Kentucky October Yearlings (2019),2019-10-23,1064,CH,C,RACE DAY,PRINCESS GANDOLFO,CASTLE GANDOLFO,LITTLE'S BLOODSTOCK LLC AGENT,FRANKLIN G SMITH AGENT,4500,,03/09/2018,PENNSYLVANIA,19,,,
Kentucky October Yearlings (2019),2019-10-23,1065,B,C,OVERANALYZE,PRINCESS LAILA,SOUVENIR COPY,VINERY SALES AGENT XVIII,NOT SOLD,7500,,05/07/2018,KENTUCKY,22 &23,,,
Kentucky October Yearlings (2019),2019-10-23,1066,B,F,VERRAZANO,PRINCESS WHINNY,THEATRICAL (IRE),SERENDIPITY FARM AGENT,NOT SOLD,13000,,04/06/2018,KENTUCKY,13,,,
Kentucky October Yearlings (2019),2019-10-23,1067,DKB,C,UNBRIDLED EXPRESS,PRIVATE CITIZEN,PROUD CITIZEN,JOE DODGEN AGENT,F THOMAS CONWAY,110000,,03/23/2018,INDIANA,12,,,
Kentucky October Yearlings (2019),2019-10-23,1068,DKB,F,SHAKIN IT UP,PRIVATE SPANISH,SPANISH STEPS,PARAMOUNT SALES AGENT XII,NOT SOLD,1000,,03/02/2018,PENNSYLVANIA,20,,,
Kentucky October Yearlings (2019),2019-10-23,1069,B,F,UNCLE MO,PRIZE CATCH,A.P. INDY,LANE'S END AGENT,LONE STAR RACING CLUB,10000,,01/28/2018,KENTUCKY,1&2,,,
Kentucky October Yearlings (2019),2019-10-23,1070,B,C,TWIRLING CANDY,PROBABLY THURSDAY,GIO PONTI,BUCKLAND SALES (ZACH MADDEN) AGENT XVI,COOL HILL FARM,67000,,02/24/2018,KENTUCKY,20,,,
Kentucky October Yearlings (2019),2019-10-23,1071,B,C,SHACKLEFORD,PROMISE ME KITTEN,KITTEN'S JOY,RAMSEY FARM AGENT,MAVERICK PERFORMANCE LTD,10000,,04/06/2018,KENTUCKY,21,,,
Kentucky October Yearlings (2019),2019-10-23,1072,B,C,LAOBAN,PROMISING VOW,BROKEN VOW,BURLESON FARMS AGENT,WAYNE BAKKE,5000,,04/27/2018,NEW YORK,17,,,
Kentucky October Yearlings (2019),2019-10-23,1073,B,C,BODEMEISTER,PRONTO PRONTO,FUSAICHI PEGASUS,TRACKSIDE FARM (TOM EVANS) AGENT X,KAIZEN SALES AGENT,8000,,03/12/2018,KENTUCKY,21,,,
Kentucky October Yearlings (2019),2019-10-23,1074,GRR,F,GET STORMY,PROSPECTOR MATTIE,PROSPECTORS GAMBLE,CEDAR BROOK FARM AGENT FOR BETTY B. THOMAS DVM,FERMIN SOTO,2000,,04/05/2018,KENTUCKY,13,,,
Kentucky October Yearlings (2019),2019-10-23,1075,B,F,OUTWORK,PROUD MOVER,PROUD CITIZEN,SCOTT MALLORY AGENT V,DR NAVEED M CHOWHAN,50000,,03/18/2018,INDIANA,21,,,
Kentucky October Yearlings (2019),2019-10-23,1076,DKB,F,MAGICIAN (IRE),PROXIMITY (GB),NAYEF,BUCKLAND SALES (ZACH MADDEN) AGENT XIV,ARNOUD W DOBBER,3000,,02/07/2018,KENTUCKY,20,,,
Kentucky October Yearlings (2019),2019-10-23,1077,B,F,WICKED STRONG,PSYCHIC ELAINE,SIGHTSEEING,SHAWHAN PLACE LLC AGENT VII,OUT,0,,04/09/2018,KENTUCKY,23,,,
Kentucky October Yearlings (2019),2019-10-23,1078,DKB,C,FLASHBACK,P T'S JEWEL,PRINCE T.,SOUTH POINT SALES AGENCY AGENT II,NOT SOLD,3700,,04/08/2018,LOUISIANA,18,,,
Kentucky October Yearlings (2019),2019-10-23,1079,CH,F,GEMOLOGIST,PUMPKIN SHELL,LION HEART,GAINESWAY AGENT FOR NORMANDY FARM LLC,K.O.I.D.,13000,,04/01/2018,KENTUCKY,5&6,,,
Kentucky October Yearlings (2019),2019-10-23,1080,GRR,C,COMMISSIONER,PURE LEGACY,SIMON PURE,VINERY SALES AGENT XXXIX,NOT SOLD,14000,,05/17/2018,KENTUCKY,22 &23,,,
Kentucky October Yearlings (2019),2019-10-23,1081,DKB,C,TWO STEP SALSA,PURSUING FATE,IN SUMMATION,HUNTER VALLEY FARM AGENT,S.R.O.A. (K.O.I.D.),25000,,02/04/2018,FLORIDA,9,,,
Kentucky October Yearlings (2019),2019-10-23,1082,B,F,CONSTITUTION,PURSUIT OF GLORY (IRE),FUSAICHI PEGASUS,BEDOUIN BLOODSTOCK AGENT,FRED ALLOR,190000,,03/18/2018,KENTUCKY,5,,,
Kentucky October Yearlings (2019),2019-10-23,1083,B,C,PAYNTER,QUALITY KITTEN,KITTEN'S JOY,RAMSEY FARM AGENT,DON FAUSTO RACING LLC,2000,,04/28/2018,KENTUCKY,21,,,
Kentucky October Yearlings (2019),2019-10-23,1084,B,C,BAYERN,QUARTERLY REPORT,GENERAL MEETING,HILL 'N' DALE SALES AGENCY AGENT,MAVERICK PERFORMANCE LTD,6000,,04/29/2018,KENTUCKY,4,,,
Kentucky October Yearlings (2019),2019-10-23,1085,GRR,F,MIZZEN MAST,QUE CHULO,BERNARDINI,CROSS KEYS SALES LLC AGENT II,GAIL BIGELOW,17000,,04/17/2018,KENTUCKY,16,,,
Kentucky October Yearlings (2019),2019-10-23,1086,B,F,TEMPLE CITY,QUEENAMEINA,READ THE FOOTNOTES,VINERY SALES AGENT XXIV,NOT SOLD,14000,,03/15/2018,KENTUCKY,22 &23,,,
Kentucky October Yearlings (2019),2019-10-23,1087,DKB,F,OUTWORK,QUEEN JOANNE,MR. GREELEY,BROOKDALE SALES AGENT,MARIBETH SANDFORD KYLE ZORN AGENT,70000,,04/29/2018,FLORIDA,17,,,
Kentucky October Yearlings (2019),2019-10-23,1088,CH,C,DOMINUS,QUEEN MERCURY,LANGFUHR,SCOTT MALLORY AGENT FOR SEA JAY FARM,TRIPLE CROWN CO LTD,40000,,02/05/2018,KENTUCKY,21,,,
Kentucky October Yearlings (2019),2019-10-23,1089,CH,F,CANDY RIDE (ARG),QUEEN'S PARADE,GIANT'S CAUSEWAY,LANE'S END AGENT,S G RACING,9000,,04/26/2018,KENTUCKY,1&2,,,
Kentucky October Yearlings (2019),2019-10-23,1090,B,F,RUNHAPPY,QUEENS PLAZA,FORESTRY,WOODS EDGE FARM (PETER O'CALLAGHAN) AGENT,SPEEDWAY STABLES LLC,400000,,02/24/2018,VIRGINIA,5,,,
Kentucky October Yearlings (2019),2019-10-23,1091,B,F,THE FACTOR,QUESTMET,VAN NISTELROOY,PARAMOUNT SALES AGENT XXIII,ALEXANDRO CENTOFANTI,5500,,02/26/2018,KENTUCKY,20,,,
Kentucky October Yearlings (2019),2019-10-23,1092,B,F,AWESOME AGAIN,QUICK SPLIT,BROKEN VOW,BALLYSAX BLOODSTOCK AGENT XXX,OUT,0,,05/15/2018,KENTUCKY,18,,,
Kentucky October Yearlings (2019),2019-10-23,1093,DKB,F,GHOSTZAPPER,QUIET HOUR,QUIET AMERICAN,MULHOLLAND SPRINGS AGENT,OUT,0,,04/24/2018,KENTUCKY,9,,,
Kentucky October Yearlings (2019),2019-10-23,1094,B,F,COMPETITIVE EDGE,QUINNSWORTH,APTITUDE,GAULSTOWN STUD LLC AGENT I,NOT SOLD,37000,,03/07/2018,KENTUCKY,11,,,
Kentucky October Yearlings (2019),2019-10-23,1095,CH,F,KANTHAROS,QUITE A RUCKUS,RICHTER SCALE,HUNTER VALLEY FARM AGENT,SCANLON TRAINING & SALES,75000,,03/15/2018,ONTARIO,9,,,
Kentucky October Yearlings (2019),2019-10-23,1096,DKB,C,NOT THIS TIME,RACE HUNTER,DIXIE UNION,LANE'S END AGENT,WEST BLOODSTOCK,50000,,03/16/2018,KENTUCKY,1&2,,,
Kentucky October Yearlings (2019),2019-10-23,1097,B,C,MALIBU MOON,RACE TO URGA,BERNSTEIN,PARAMOUNT SALES AGENT X,OUT,0,,05/19/2018,KENTUCKY,20,,,
Kentucky October Yearlings (2019),2019-10-23,1098,B,F,UPSTART,RADIANT JUSTICE,GLITTERMAN,PARAMOUNT SALES AGENT FOR JUSTICE FARM,SPIESS STABLE LLC,12000,,02/26/2018,INDIANA,20,,,
Kentucky October Yearlings (2019),2019-10-23,1099,B,F,LAOBAN,RAFFIE'S CHANCE,RAFFIE'S MAJESTY,HIDDEN BROOK AGENT VIII,OUT,0,,03/29/2018,NEW YORK,22,,,
Kentucky October Yearlings (2019),2019-10-23,1100,CH,F,MACLEAN'S MUSIC,RAGING ATLANTIC,STORMY ATLANTIC,HILL 'N' DALE SALES AGENCY AGENT,JET BLACK (DEDICATED TO ARCHER SENFT),80000,,05/19/2018,MARYLAND,4,,,
Kentucky October Yearlings (2019),2019-10-23,1101,DKB,F,JERSEY TOWN,RAGING FEVER,STORM CAT,PARAMOUNT SALES AGENT XXI,SPIESS STABLE LLC,5000,,03/12/2018,KENTUCKY,20,,,
Kentucky October Yearlings (2019),2019-10-23,1102,CH,F,COMPETITIVE EDGE,RAHFEES FAIRY,PERFECT SOUL (IRE),SHAWHAN PLACE LLC AGENT V,NOT SOLD,12000,,03/16/2018,LOUISIANA,23,,,
Kentucky October Yearlings (2019),2019-10-23,1103,CH,C,GEMOLOGIST,RAINBOW DREAMS,EMPIRE MAKER,LANE'S END AGENT,RED INDIAN FARM,20000,,01/30/2018,KENTUCKY,1&2,,,
Kentucky October Yearlings (2019),2019-10-23,1104,DKB,F,WE MISS ARTIE,RAMBLING ROSE,MIDNIGHT LUTE,RAMSEY FARM AGENT,OUT,0,,05/13/2018,KENTUCKY,21,,,
Kentucky October Yearlings (2019),2019-10-23,1105,DKB,C,HARD SPUN,RANDOM CHANCE,RED RANSOM,NARDELLI SALES AGENT IV,BIRD IN HAND STABLES,25000,,06/01/2018,KENTUCKY,5,,,
Kentucky October Yearlings (2019),2019-10-23,1106,B,C,CINCO CHARLIE,RARAMURI PRINCESS,NORTHERN AFLEET,TERRAZAS THOROUGHBREDS AGENT,NOT SOLD,7000,,04/14/2018,KENTUCKY,23,,,
Kentucky October Yearlings (2019),2019-10-23,1107,GRR,F,MIZZEN MAST,RATE OF EXCHANGE,EXCHANGE RATE,BROOKDALE SALES AGENT,JUSTIN WOJCZYNSKI,10000,,03/05/2018,KENTUCKY,17,,,
Kentucky October Yearlings (2019),2019-10-23,1108,DKB,C,NOT THIS TIME,RATHER BEAUTIFUL,MALIBU MOON,BACCARI BLOODSTOCK LLC AGENT VII,JERRY CAROOM,32000,,03/24/2018,KENTUCKY,11,,,
Kentucky October Yearlings (2019),2019-10-23,1109,B,C,VANCOUVER (AUS),RAVENIST,SURVIVALIST,MICHAEL C. BYRNE,OUT,0,,03/04/2018,ONTARIO,14,,,
Kentucky October Yearlings (2019),2019-10-23,1110,CH,F,DAREDEVIL,RAVE REVIEWS,PERFECT SOUL (IRE),HURSTLAND FARM (ALFRED H. NUCKOLS JR.) AGENT I,JOSE AVALOS AGENT,7000,,02/26/2018,KENTUCKY,12,,,
Kentucky October Yearlings (2019),2019-10-23,1111,B,F,KARAKONTIE (JPN),RAVISSANTE,MEDAGLIA D'ORO,WALNUT GREEN LLC AGENT FOR SMART ANGLE LLP,OUT,0,,02/22/2018,PENNSYLVANIA,22,,,
Kentucky October Yearlings (2019),2019-10-23,1112,B,F,OUTWORK,RAZZLEDAZZLE ME,WARRIOR'S REWARD,SHAWHAN PLACE LLC AGENT VII,OUT,0,,04/01/2018,KENTUCKY,23,,,
Kentucky October Yearlings (2019),2019-10-23,1113,DKB,F,UNION RAGS,RCUANDRY,A.P. INDY,KEENE RIDGE FARM,NOT SOLD,9000,,01/17/2018,KENTUCKY,9,,,
Kentucky October Yearlings (2019),2019-10-23,1114,GRR,C,THE FACTOR,R D'ORO,MEDAGLIA D'ORO,LANE'S END AGENT,HOLLENDORFER OR JANUARY,250000,,03/25/2018,KENTUCKY,1&2,,,
Kentucky October Yearlings (2019),2019-10-23,1115,CH,C,NOT BOURBON,READYFORTHEQUEEN,MORE THAN READY,FOUR STAR SALES AGENT,CARY BROOKS,3500,,05/13/2018,ONTARIO,16,,,
Kentucky October Yearlings (2019),2019-10-23,1116,CH,F,MINESHAFT,READY REPLY,MORE THAN READY,BURLESON FARMS AGENT,DANIEL KJORSVIK AGENT FOR ON YOUR LEFT RACING LLC,25000,,04/08/2018,VIRGINIA,17,,,
Kentucky October Yearlings (2019),2019-10-23,1117,DKB,F,KANTHAROS,REAL AMERICAN,QUIET AMERICAN,JAMES B. KEOGH (GROVENDALE) AGENT II,CASTLETON LYONS INC,50000,,05/11/2018,KENTUCKY,9,,,
Kentucky October Yearlings (2019),2019-10-23,1118,CH,C,KITTEN'S JOY,REAL DEE,POLLARD'S VISION,RAMSEY FARM AGENT,ALEJANDRO CONTRERAS,1700,,03/01/2018,KENTUCKY,21,,,
Kentucky October Yearlings (2019),2019-10-23,1119,B,C,MINESHAFT,REASON,QUIET AMERICAN,ANDERSON FARMS AGENT,CALUMET FARM,55000,,03/25/2018,ONTARIO,3,,,
Kentucky October Yearlings (2019),2019-10-23,1120,GRR,F,CONVEYANCE,REBECCA'S SURPRISE,MARINO MARINI,BUCK POND FARM (DOUGLAS S. ARNOLD) AGENT,NOT SOLD,37000,,05/13/2018,KENTUCKY,22,,,
Kentucky October Yearlings (2019),2019-10-23,1121,B,C,LIAM'S MAP,RECOUPE,INDIAN CHARLIE,BRERETON C. JONES/AIRDRIE STUD INC. AGENT,WEST BLOODSTOCK,170000,,04/12/2018,KENTUCKY,4,,,
Kentucky October Yearlings (2019),2019-10-23,1122,DKB,C,COMMISSIONER,RED BOTTOMS,CANDY RIDE (ARG),TRACKSIDE FARM (TOM EVANS) AGENT II,GRASSROOTS TRN & SALES LLC,35000,,03/11/2018,KENTUCKY,21,,,
Kentucky October Yearlings (2019),2019-10-23,1123,GRR,C,ANCHOR DOWN,RED BRUNETTE,EXCLUSIVE QUALITY,BURLESON FARMS AGENT,OAKMONT,47000,,04/14/2018,KENTUCKY,17,,,
Kentucky October Yearlings (2019),2019-10-23,1124,B,C,AMERICAN PHAROAH,RED CARPET MISS,MALIBU MOON,PARAMOUNT SALES AGENT XLVIII,TEAM CASSE AGENT,385000,,04/14/2018,KENTUCKY,20,,,
Kentucky October Yearlings (2019),2019-10-23,1125,DKB,C,ORB,RED HOT BERTIE,TABASCO CAT,BLAKE-ALBINA THOROUGHBRED SERVICES LLC AGENT IV,OUT,0,,03/22/2018,KENTUCKY,24,,,
Kentucky October Yearlings (2019),2019-10-23,1126,CH,F,SHACKLEFORD,RED HOT HEELS,TAPIT,BLAKE-ALBINA THOROUGHBRED SERVICES LLC AGENT IV,RED INDIAN FARM,2000,,02/02/2018,KENTUCKY,24,,,
Kentucky October Yearlings (2019),2019-10-23,1127,CH,C,CONSTITUTION,RED MOON GIRL,MALIBU MOON,ST GEORGE SALES AGENT XIV,GRASSROOTS TRN & SALES LLC,25000,,03/31/2018,KENTUCKY,10,,,
Kentucky October Yearlings (2019),2019-10-23,1128,B,C,HONOR CODE,RED NECK SONG,UNBRIDLED'S SONG,LITTLE'S BLOODSTOCK LLC AGENT,WES CARTER,22000,,04/16/2018,KENTUCKY,19,,,
Kentucky October Yearlings (2019),2019-10-23,1129,B,F,FIRING LINE,RED RIVER JANE,STREET CRY (IRE),EATON SALES AGENT,JCE RACING/TRAVIS DURR,150000,,04/13/2018,KENTUCKY,7,,,
Kentucky October Yearlings (2019),2019-10-23,1130,B,C,HONOR CODE,REDSTART,BLAME,LANE'S END AGENT,OUT,0,,02/16/2018,KENTUCKY,1&2,,,
Kentucky October Yearlings (2019),2019-10-23,1131,DKB,F,CONSTITUTION,RED WHITE AND BLU,TIZNOW,FOUR STAR SALES AGENT,J C CORP,12000,,03/19/2018,KENTUCKY,16,,,
Kentucky October Yearlings (2019),2019-10-23,1132,B,F,KITTEN'S JOY,REGAL BIRD,GRAND SLAM,RAMSEY FARM AGENT,ALEJANDRO CONTRERAS,3000,,03/14/2018,KENTUCKY,21,,,
Kentucky October Yearlings (2019),2019-10-23,1133,CH,F,CURLIN TO MISCHIEF,REGAL LION,LION HEART,BALLYSAX BLOODSTOCK AGENT IV,ALEJANDRO CONTRERAS,2500,,05/12/2018,CALIFORNIA,18,,,
Kentucky October Yearlings (2019),2019-10-23,1134,GRR,F,WICKED STRONG,REGGAE SONG,SPEIGHTSTOWN,LITTLE'S BLOODSTOCK LLC AGENT,RED INDIAN FARM,5500,,02/14/2018,KENTUCKY,19,,,
Kentucky October Yearlings (2019),2019-10-23,1135,B,C,GEMOLOGIST,REIN IN AVARICITY,INCLUDE,CANDY MEADOWS SALES AGENT III,NOT SOLD,18000,,02/08/2018,KENTUCKY,12,,,
Kentucky October Yearlings (2019),2019-10-23,1136,DKB,F,ITSMYLUCKYDAY,REMARKABLE BELLE,FORESTRY,VINERY SALES AGENT II,NOT SOLD,1000,,02/19/2018,KENTUCKY,22 &23,,,
Kentucky October Yearlings (2019),2019-10-23,1137,B,F,TIZWAY,RETTALFA,FLATTER,MAINE CHANCE FARM (UNIVERSITY OF KENTUCKY),BARRY LAKE,1700,,02/27/2018,KENTUCKY,19,,,
Kentucky October Yearlings (2019),2019-10-23,1138,DKB,C,KARAKONTIE (JPN),REUNITED,DIXIE UNION,LANE'S END AGENT,OUT,0,,03/22/2018,KENTUCKY,1&2,,,
Kentucky October Yearlings (2019),2019-10-23,1139,DKB,C,OUTWORK,RHINELAND,MR. PROSPECTOR,WALNUT GREEN LLC AGENT FOR WESTERLY FARM LLC,NOT SOLD,24000,,03/06/2018,KENTUCKY,22,,,
Kentucky October Yearlings (2019),2019-10-23,1140,CH,C,NYQUIST,RHINESHARK,FUSAICHI PEGASUS,TAYLOR MADE SALES AGENCY AGENT LXIV,HILL 'N' DALE BLOODSTOCK,70000,,04/04/2018,KENTUCKY,22 &23,,,
Kentucky October Yearlings (2019),2019-10-23,1141,DKB,C,TOURIST,RHYTHM GAL,VINDICATION,CARA BLOODSTOCK AGENT III,OUT,0,,03/16/2018,ONTARIO,5,,,
Kentucky October Yearlings (2019),2019-10-23,1142,B,C,K ONE KING,RIBBET,AZAMOUR (IRE),BUCKLAND SALES (ZACH MADDEN) AGENT XIV,NOT SOLD,1000,,01/14/2018,KENTUCKY,20,,,
Kentucky October Yearlings (2019),2019-10-23,1143,B,F,GOLDENCENTS,RICH PEARL,MONASHEE MOUNTAIN,C & S THOROUGHBREDS AGENT,GRASSROOTS TRN & SALES LLC,11000,,01/26/2018,KENTUCKY,12,,,
Kentucky October Yearlings (2019),2019-10-23,1144,CH,F,STREET BOSS,RIGHT ON RENEE,STORMY ATLANTIC,VALKYRE STUD AGENT,FRANKLIN G SMITH AGENT,35000,,04/19/2018,KENTUCKY,8,,,
Kentucky October Yearlings (2019),2019-10-23,1145,B,F,BRODY'S CAUSE,RINGBANG CITY,CARSON CITY,SHAWHAN PLACE LLC AGENT V,TROJAN RACING,5000,,05/11/2018,LOUISIANA,23,,,
Kentucky October Yearlings (2019),2019-10-23,1146,B,F,RACE DAY,RINKY BROWNIE,ROYAL ACADEMY,TRUE BLUE THOROUGHBREDS AGENT,K.O.I.D.,15000,,04/24/2018,KENTUCKY,8,,,
Kentucky October Yearlings (2019),2019-10-23,1147,GRR,F,GRAYDAR,RITZ AND GLITZ,DESERT PARTY,BRANDYWINE FARM (JIM & PAM ROBINSON),KINGS EQUINE,12000,,03/19/2018,KENTUCKY,15,,,
Kentucky October Yearlings (2019),2019-10-23,1148,B,C,GIO PONTI,ROAD POKER,CAHILL ROAD,SCOTT MALLORY AGENT XVII,FERMIN SOTO,3500,,03/13/2018,KENTUCKY,21,,,
Kentucky October Yearlings (2019),2019-10-23,1149,CH,F,MUCHO MACHO MAN,ROCKSIE LUCIE,ROCK HARD TEN,FOUR STAR SALES AGENT,TARI BROCKLEBANK AGENT,55000,,04/28/2018,OHIO,16,,,
Kentucky October Yearlings (2019),2019-10-23,1150,GRR,C,THE FACTOR,ROMANCE DANCE,VISION AND VERSE,ROYAL BLOODSTOCK SALES LLC AGENT,ALIFYEE RACING,70000,,05/20/2018,NEW YORK,9,,,
Kentucky October Yearlings (2019),2019-10-23,1151,DKB,F,POINT OF ENTRY,ROMANCE IS PASSION,IN EXCESS (IRE),DENALI STUD AGENT XVIII,ORACLE BLOODSTOCK AGENT,70000,,05/07/2018,NEW YORK,1&2,,,
Kentucky October Yearlings (2019),2019-10-23,1152,CH,F,SPEIGHTSTER,RONDA'S BRIDGE,YES IT'S TRUE,BUCKLAND SALES (ZACH MADDEN) AGENT X,NOT SOLD,3000,,04/09/2018,OKLAHOMA,20,,,
Kentucky October Yearlings (2019),2019-10-23,1153,DKB,C,DISTORTED HUMOR,ROSSEZZA,MEDAGLIA D'ORO,DENALI STUD AGENT FOR EDITION FARM,OUT,0,,04/26/2018,NEW YORK,1&2,,,
Kentucky October Yearlings (2019),2019-10-23,1154,B,F,MEDAL COUNT,ROSY DAY,STORM DAY,SCOTT MALLORY AGENT I,GAIL BIGELOW,10000,,03/08/2018,LOUISIANA,21,,,
Kentucky October Yearlings (2019),2019-10-23,1155,B,F,CALIFORNIA CHROME,ROUGHING,ESKENDEREYA,TAYLOR MADE SALES AGENCY AGENT XXIV,NOT SOLD,22000,,04/17/2018,KENTUCKY,22 &23,,,
Kentucky October Yearlings (2019),2019-10-23,1156,DKB,C,VANCOUVER (AUS),ROXIE DANCER,SUCCESSFUL APPEAL,PERRONE SALES LTD. AGENT FOR APACHE FARM LLC,OUT,0,,03/24/2018,NEW YORK,15,,,
Kentucky October Yearlings (2019),2019-10-23,1157,B,F,CURLIN,ROXY GAP,INDIAN CHARLIE,ST GEORGE SALES AGENT XXIV,OUT,0,,04/09/2018,KENTUCKY,10,,,
Kentucky October Yearlings (2019),2019-10-23,1158,GRR,C,CONVEYANCE,ROYALESQUE,CHAPEL ROYAL,FOUR STAR SALES AGENT,NOT SOLD,39000,,05/13/2018,INDIANA,16,,,
Kentucky October Yearlings (2019),2019-10-23,1159,DKB,F,EMPIRE MAKER,ROYAL STORY,LEMON DROP KID,BALLYSAX BLOODSTOCK AGENT X,OUT,0,,01/25/2018,KENTUCKY,18,,,
Kentucky October Yearlings (2019),2019-10-23,1160,B,C,FLASHBACK,ROYAL SWEEP,END SWEEP,JAMES B. KEOGH (GROVENDALE) AGENT IV,BRIAN BOYCE,5000,,03/21/2018,LOUISIANA,9,,,
Kentucky October Yearlings (2019),2019-10-23,1161,B,F,SHACKLEFORD,ROYAL SWEETPEA,FAVORITE TRICK,BALLYSAX BLOODSTOCK AGENT VII,NOT SOLD,9000,,05/29/2018,KENTUCKY,18,,,
Kentucky October Yearlings (2019),2019-10-23,1162,CH,C,ORB,ROYALTY,BIRDSTONE,SELECT SALES AGENT VIII,WAKE FOREST STABLE,15000,,02/12/2018,KENTUCKY,6,,,
Kentucky October Yearlings (2019),2019-10-23,1163,B,F,CANDY RIDE (ARG),RUBAN BLEU,BROKEN VOW,VANMETER GENTRY SALES AGENT LII,FOX HILL FARM,150000,,02/20/2018,KENTUCKY,10,,,
Kentucky October Yearlings (2019),2019-10-23,1164,B,F,UPSTART,RUBY PUMPS,FINALITY,BILL MURPHY AGENT X,NOT SOLD,32000,,03/10/2018,KENTUCKY,19,,,
Kentucky October Yearlings (2019),2019-10-23,1165,B,F,SUMMER FRONT,RULY,A.P. INDY,BLUEWATER SALES LLC AGENT V,PERNEL BAGWANDEEN,1000,,02/28/2018,KENTUCKY,21,,,
Kentucky October Yearlings (2019),2019-10-23,1166,DKB,C,NOT THIS TIME,RUM PUNCH,STREET HERO,PARAMOUNT SALES AGENT XI,NOT SOLD,9000,,03/15/2018,KENTUCKY,20,,,
Kentucky October Yearlings (2019),2019-10-23,1167,DKB,C,REVOLUTIONARY,RUN A ROUND,BROKEN VOW,MULHOLLAND FARM,MIGUEL MORREL,4500,,03/20/2018,KENTUCKY,13,,,
Kentucky October Yearlings (2019),2019-10-23,1168,B,F,TAMARKUZ,RUN CARRIE RUN,ORIENTATE,MAINE CHANCE FARM (UNIVERSITY OF KENTUCKY),JAGGER INC.,7000,,03/29/2018,KENTUCKY,19,,,
Kentucky October Yearlings (2019),2019-10-23,1169,DKB,C,TALE OF EKATI,RUN FOR THE MONEY,MONARCHOS,RICKY HIGGS AGENT,RODRIGO NATHANAEL JAEN,4000,,04/14/2018,KENTUCKY,15,,,
Kentucky October Yearlings (2019),2019-10-23,1170,DKB,C,FLAT OUT,RUN LADY RUN,CHEROKEE RUN,ELISE W. KENDALL AGENT,NOT SOLD,4000,,05/09/2018,KENTUCKY,22,,,
Kentucky October Yearlings (2019),2019-10-23,1171,B,C,JACK MILTON,RUN LIKE THE BOSS,SCAT DADDY,SHAWHAN PLACE LLC AGENT FOR GLENDALOUGH LLC,NOT SOLD,1000,,03/06/2018,KENTUCKY,23,,,
Kentucky October Yearlings (2019),2019-10-23,1172,DKB,C,TALE OF THE CAT,RUN TO MAMA,CHEROKEE RUN,DENALI STUD AGENT FOR EDITION FARM,HUTCH HOLSAPPLE,2000,,03/22/2018,NEW YORK,1&2,,,
Kentucky October Yearlings (2019),2019-10-23,1173,CH,F,CAN THE MAN,RUSH TO WAR,MAJESTIC WARRIOR,SHEPPELL THOROUGHBREDS AGENT,SHELTOWEE FARM,8000,,05/02/2018,OHIO,21,,,
Kentucky October Yearlings (2019),2019-10-23,1174,B,F,FREUD,RUSSIAN ROSIE (IRE),TRADITIONALLY,WAR HORSE PLACE LLC AGENT III,ANTWONE RANDALL EL,18000,,04/10/2018,NEW YORK,7,,,
Kentucky October Yearlings (2019),2019-10-23,1175,B,F,ENGLISH CHANNEL,RUSSIAN SWEETIEPIE,ABSENT RUSSIAN,CARA BLOODSTOCK AGENT IV,RICHARD G HOGAN,11000,,04/28/2018,ONTARIO,5,,,
Kentucky October Yearlings (2019),2019-10-23,1176,DKB,F,EMPIRE MAKER,SACRISTY,PULPIT,TAYLOR MADE SALES AGENCY AGENT LII,OUT,0,,03/03/2018,KENTUCKY,22 &23,,,
Kentucky October Yearlings (2019),2019-10-23,1177,B,C,FAST ANNA,SADIE'S DAY,PINE BLUFF,FORT CHRISTOPHER'S THOROUGHBREDS LLC AGENT,ERNESTO FANILLA,12000,,02/20/2018,KENTUCKY,23,,,
Kentucky October Yearlings (2019),2019-10-23,1178,B,C,MUNNINGS,SADLER'S CHARM,HONOUR AND GLORY,WILLIAM B. HARRIGAN (MIACOMET FARM LTD.) AGENT,TONJA TERRANOVA AGENT,45000,,04/20/2018,KENTUCKY,2,,,
Kentucky October Yearlings (2019),2019-10-23,1179,DKB,C,RACE DAY,SAKRA,BUDDHA,BLAKE-ALBINA THOROUGHBRED SERVICES LLC AGENT III,K.O.I.D.,17000,,02/13/2018,INDIANA,24,,,
Kentucky October Yearlings (2019),2019-10-23,1180,B,F,JACK MILTON,SALANDER,OMEGA CODE,LEGACY BLOODSTOCK AGENT XVIII,NOT SOLD,1000,,02/11/2018,KENTUCKY,23,,,
Kentucky October Yearlings (2019),2019-10-23,1181,DKB,F,GHOSTZAPPER,SALTY STRIKE,SMART STRIKE,SUMMERFIELD (FRANCIS & BARBARA VANLANGENDONCK) AGENT FOR STONESTREET BRED & RAISED,FIRST ROW PARTNERS LIZ CROW AGENT,170000,,04/30/2018,KENTUCKY,3,,,http://www.thorostride.com/sales/fasig-tipton-ky-october-2019-hip-1181
Kentucky October Yearlings (2019),2019-10-23,1182,B,F,NEW YEAR'S DAY,SALVADORIA,MACHO UNO,MAINE CHANCE FARM (UNIVERSITY OF KENTUCKY),BARRY LAKE,3500,,03/21/2018,KENTUCKY,19,,,
Kentucky October Yearlings (2019),2019-10-23,1183,CH,F,MALIBU MOON,SAMSATIONAL,UNBRIDLED'S SONG,BLAKE-ALBINA THOROUGHBRED SERVICES LLC AGENT IV,JSM EQUINE LLC,125000,,02/19/2018,KENTUCKY,24,,,
Kentucky October Yearlings (2019),2019-10-23,1184,CH,F,LEA,SANDCASTLE,MIZZEN MAST,HUNTER VALLEY FARM AGENT,NOT SOLD,10000,,04/20/2018,KENTUCKY,9,,,
Kentucky October Yearlings (2019),2019-10-23,1185,DKB,F,STREET BOSS,SANTA TERESA,AWESOME AGAIN,KEENE RIDGE FARM,NOT SOLD,27000,,02/18/2018,KENTUCKY,9,,,
Kentucky October Yearlings (2019),2019-10-23,1186,GRR,F,CROSS TRAFFIC,SANTA TRINITA,MORE THAN READY,LEGACY BLOODSTOCK AGENT FOR ANTHONY BRADDOCK,NOT SOLD,8000,,05/21/2018,KENTUCKY,23,,,
Kentucky October Yearlings (2019),2019-10-23,1187,B,C,OUTWORK,SARAH ACCOMPLISHED,PERFORMING MAGIC,HUNTER VALLEY FARM AGENT,COTY ROSIN,7000,,03/27/2018,KENTUCKY,9,,,
Kentucky October Yearlings (2019),2019-10-23,1188,B,F,HONOR CODE,SARAH'S SECRET,LEROIDESANIMAUX (BRZ),LANE'S END AGENT,WATERSHED BLOODSTOCK,2500,,04/30/2018,KENTUCKY,1&2,,,
Kentucky October Yearlings (2019),2019-10-24,1189,B,C,UNCLE MO,SARASOTA (ARG),LUHUK,BLUEWATER SALES LLC AGENT X,SBM AGENT,250000,,03/25/2018,KENTUCKY,21,,,
Kentucky October Yearlings (2019),2019-10-24,1190,B,F,CONGRATS,SARBI,AWESOME AGAIN,SCOTT MALLORY AGENT FOR BAYNE & CHRISTINA WELKER & SETH GREGORY,CARL L HESS JR,6000,,03/23/2018,NEW YORK,21,,,
Kentucky October Yearlings (2019),2019-10-24,1191,B,C,TONALIST,SARCASTIC,DISTORTED HUMOR,LANE'S END AGENT,KENNETH MCPEEK AGENT FOR RED TRUST RACING,40000,,04/27/2018,KENTUCKY,1&2,,,
Kentucky October Yearlings (2019),2019-10-24,1192,B,F,STREET BOSS,SASSY ALI JOY,INDIAN CHARLIE,ANDERSON FARMS AGENT,ALL IN SALES,35000,,05/09/2018,ONTARIO,3,,,
Kentucky October Yearlings (2019),2019-10-24,1193,DKB,F,NOT THIS TIME,SASSY MISS SUE,TIZNOW,PARAMOUNT SALES AGENT XXXIV,RESPECT THE VALLEYS LLC,10000,Y,03/03/2018,KENTUCKY,20,,,
Kentucky October Yearlings (2019),2019-10-24,1194,DKB,C,OVERANALYZE,SATILLA SHORES,SPEIGHTSTOWN,WOODFORD THOROUGHBREDS AGENT,OUT,0,,05/10/2018,KENTUCKY,12,,,
Kentucky October Yearlings (2019),2019-10-24,1195,B,C,CINCO CHARLIE,SATURNALIA,CHARISMATIC,STANLEY INMAN AGENT,OUT,0,,03/16/2018,KENTUCKY,8,,,
Kentucky October Yearlings (2019),2019-10-24,1196,DKB,F,TALE OF EKATI,S' AVALL,AWESOME AGAIN,FOUR STAR SALES AGENT,NOT SOLD,9000,,01/30/2018,KENTUCKY,16,,,
Kentucky October Yearlings (2019),2019-10-24,1197,B,F,AIR FORCE BLUE,SAYEDAH (IRE),DARSHAAN (GB),EATON SALES AGENT,NOT SOLD,13000,,05/11/2018,KENTUCKY,7,,,
Kentucky October Yearlings (2019),2019-10-24,1198,DKB,F,MSHAWISH,SCARLETTS FOR REAL,PROUD CITIZEN,INDIAN CREEK AGENT,ROD MCVEY AGENT,38000,,04/24/2018,OHIO,11,,,
Kentucky October Yearlings (2019),2019-10-24,1199,CH,F,FROSTED,SCHIAPARELLI,GHOSTZAPPER,LANE'S END AGENT,COTTON PLANT INC.,100000,,03/14/2018,KENTUCKY,1&2,,,
Kentucky October Yearlings (2019),2019-10-24,1200,DKB,F,HAT TRICK (JPN),SCOLARA,QUIET AMERICAN,LANE'S END AGENT,OUT,0,,05/01/2018,KENTUCKY,1&2,,,
Kentucky October Yearlings (2019),2019-10-24,1201,CH,F,EXAGGERATOR,SCOOP OF GOLD,GIANT'S CAUSEWAY,BLUEWATER SALES LLC AGENT VIII,NOT SOLD,85000,,04/08/2018,PENNSYLVANIA,21,,,
Kentucky October Yearlings (2019),2019-10-24,1202,DKB,F,NYQUIST,SEACRETTINA,SEA OF SECRETS,BACCARI BLOODSTOCK LLC AGENT II,KENNETH MCPEEK AGENT,265000,,04/18/2018,KENTUCKY,11,,,
Kentucky October Yearlings (2019),2019-10-24,1203,GRR,C,GOLDENCENTS,SEALAUNCH,UNBRIDLED'S SONG,ST GEORGE SALES AGENT XIV,ISAAC TAWACHI,30000,,05/02/2018,KENTUCKY,10,,,
Kentucky October Yearlings (2019),2019-10-24,1204,DKB,C,MUNNINGS,SEASIDE TREASURE,MEDAGLIA D'ORO,BALLYSAX BLOODSTOCK AGENT II,JCM,260000,,03/18/2018,CALIFORNIA,18,,,http://www.thorostride.com/sales/fasig-tipton-ky-october-2019-hip-1204
Kentucky October Yearlings (2019),2019-10-24,1205,CH,F,WILL TAKE CHARGE,SEAUXBELLE,DYNAFORMER,WILLIAM B. HARRIGAN (MIACOMET FARM LTD.) AGENT,VALERIE CALLCOTT-STEVENS,40000,,03/20/2018,KENTUCKY,2,,,
Kentucky October Yearlings (2019),2019-10-24,1206,CH,F,GET STORMY,SECONDHAND,MIZZEN MAST,LEGACY BLOODSTOCK AGENT V,NOT SOLD,1000,,03/30/2018,KENTUCKY,23,,,
Kentucky October Yearlings (2019),2019-10-24,1207,B,F,MORE THAN READY,SECRETARIAT'S SOUL (IRE),SADLER'S WELLS,FOUR STAR SALES AGENT,COMMONWEALTH NEW ERA RACING,45000,,05/06/2018,KENTUCKY,16,,,
Kentucky October Yearlings (2019),2019-10-24,1208,DKB,C,VIOLENCE,SECRET CHORDS,SHARP HUMOR,TERRAZAS THOROUGHBREDS AGENT III,ALAN REYES,12000,,02/09/2018,KENTUCKY,23,,,
Kentucky October Yearlings (2019),2019-10-24,1209,DKB,C,FED BIZ,SECRET DIARY,SKY MESA,HIDDEN BROOK AGENT FOR BRUCE G. TACKETT,IVAN RODRIGO RIOS,1500,,02/25/2018,KENTUCKY,22,,,
Kentucky October Yearlings (2019),2019-10-24,1210,CH,C,UNION RAGS,SECRET FILE,SMART STRIKE,VALKYRE STUD AGENT FOR OAKBROOK FARM,BBN RACING LLC,90000,,04/04/2018,KENTUCKY,8,,,
Kentucky October Yearlings (2019),2019-10-24,1211,B,C,TAPITURE,SECRET WITNESS,TIZNOW,SELECT SALES AGENT X,ROD MCVEY,60000,,03/29/2018,PENNSYLVANIA,6,,,
Kentucky October Yearlings (2019),2019-10-24,1212,B,F,TONALIST,SECURE ACCESS,KITTEN'S JOY,LANE'S END AGENT,RESPECT THE VALLEYS LLC,3500,,04/15/2018,KENTUCKY,1&2,,,
Kentucky October Yearlings (2019),2019-10-24,1213,B,F,GHOSTZAPPER,SEEKING AN ANGEL,SEEKING THE GOLD,HILL 'N' DALE SALES AGENCY AGENT,ROBERT BREWER,18000,,02/20/2018,KENTUCKY,4,,,
Kentucky October Yearlings (2019),2019-10-24,1214,DKB,F,PROTONICO,SEE L. A.,FINALITY,TAYLOR MADE SALES AGENCY AGENT XLI,NOT SOLD,9000,,05/04/2018,TENNESSEE,22 &23,,,
Kentucky October Yearlings (2019),2019-10-24,1215,B,C,SUPER SAVER,SEE ROCK CITY,TAPIT,BLAKE-ALBINA THOROUGHBRED SERVICES LLC AGENT I,BIG TIME RACING,63000,,04/14/2018,KENTUCKY,24,,,
Kentucky October Yearlings (2019),2019-10-24,1216,DKB,F,CINCO CHARLIE,SELL OUT,BROKEN VOW,SUSAN M. FORRESTER AGENT,WAYNE W RICE,11000,,03/06/2018,OKLAHOMA,8,,,
Kentucky October Yearlings (2019),2019-10-24,1217,B,C,OUTWORK,SEMILLON,ESKENDEREYA,BLUEWATER SALES LLC AGENT III,MICHAEL NEATHERLIN,52000,,04/04/2018,LOUISIANA,21,,,
Kentucky October Yearlings (2019),2019-10-24,1218,CH,F,DECLARATION OF WAR,SENSE TO COMPETE,STREET SENSE,DENALI STUD AGENT III,NOT SOLD,19000,,04/02/2018,KENTUCKY,1&2,,,
Kentucky October Yearlings (2019),2019-10-24,1219,CH,F,DIALED IN,SENSEU'VBEENGONE,STREET SENSE,BRANDYWINE FARM (JIM & PAM ROBINSON),CRYSTAL PICKETT,7000,,02/10/2018,KENTUCKY,15,,,
Kentucky October Yearlings (2019),2019-10-24,1220,B,C,STRONG MANDATE,SERENADA,BRAHMS,FOUR STAR SALES AGENT,NOT SOLD,1000,,05/09/2018,KENTUCKY,16,,,
Kentucky October Yearlings (2019),2019-10-24,1221,DKB,C,LIAISON,SESSILE,FORESTRY,ALLIANCE SALES AGENCY,OUT,0,,04/21/2018,KENTUCKY,7,,,
Kentucky October Yearlings (2019),2019-10-24,1222,CH,C,FED BIZ,SEVEN GRAND,PEMBROKE,BURLESON FARMS AGENT,JOE SHAW,13000,,04/22/2018,KENTUCKY,17,,,
Kentucky October Yearlings (2019),2019-10-24,1223,B,C,TAPIZAR,SEVEN SKIES,QUALITY ROAD,GAINESWAY AGENT XLII,S.R.O.A.,23000,,03/30/2018,KENTUCKY,5&6,,,
Kentucky October Yearlings (2019),2019-10-24,1224,CH,C,STREET BOSS,SEVERN SHORE,PURE PRIZE,FRANKFORT PARK FARM AGENT,JOHN MARYANSKI,52000,,03/28/2018,KENTUCKY,14,,,
Kentucky October Yearlings (2019),2019-10-24,1225,CH,F,FAST ANNA,SHADOW GIANT,GIANT'S CAUSEWAY,BALLYSAX BLOODSTOCK AGENT II,THREE FEATHERS FARM,25000,,02/03/2018,CALIFORNIA,18,,,http://www.thorostride.com/sales/fasig-tipton-ky-october-2019-hip-1225
Kentucky October Yearlings (2019),2019-10-24,1226,CH,C,DAREDEVIL,SHAMEFULLY SINFUL,BELONG TO ME,SOUTH POINT SALES AGENCY AGENT VIII,JOHN ENNIS,2500,,05/13/2018,KENTUCKY,18,,,
Kentucky October Yearlings (2019),2019-10-24,1227,B,F,INTO MISCHIEF,SHANON NICOLE,MAJESTIC WARRIOR,SIERRA FARM AGENT,OUT,0,,02/17/2018,KENTUCKY,10,,,
Kentucky October Yearlings (2019),2019-10-24,1228,DKB,C,VIOLENCE,SHARKY'S DANCER,PERFECT MANDATE,BROOKDALE SALES AGENT,WAYNE W RICE,3000,,04/30/2018,KENTUCKY,17,,,
Kentucky October Yearlings (2019),2019-10-24,1229,DKB,C,DIALED IN,SHARP TONGUE LADY,EDDINGTON,SOUTH POINT SALES AGENCY AGENT II,ROBERT BREWER,17000,,03/29/2018,LOUISIANA,18,,,
Kentucky October Yearlings (2019),2019-10-24,1230,B,F,ANIMAL KINGDOM,SHAWAHID,A.P. INDY,BLUEWATER SALES LLC AGENT I,EDUARDO PRADO,1500,,04/02/2018,KENTUCKY,21,,,
Kentucky October Yearlings (2019),2019-10-24,1231,CH,F,JERSEY TOWN,SHEBA GOLD (IRE),SADLER'S WELLS,PARAMOUNT SALES AGENT XXI,TOTAL BLOODSTOCK LLC,2000,,02/07/2018,BRITISH COLUMBI,20,,,
Kentucky October Yearlings (2019),2019-10-24,1232,CH,C,UNION RAGS,SHEBEALITTLEWILD,TAPIT,BLUEWATER SALES LLC AGENT VI,NOT SOLD,55000,,03/30/2018,KENTUCKY,21,,,
Kentucky October Yearlings (2019),2019-10-24,1233,DKB,F,CALIFORNIA CHROME,SHE CAT,BLUEGRASS CAT,TAYLOR MADE SALES AGENCY AGENT LXIII,OUT,0,,02/02/2018,KENTUCKY,22 &23,,,
Kentucky October Yearlings (2019),2019-10-24,1234,CH,C,NEW YEAR'S DAY,SHEDRIVESMEUPATREE,FORESTRY,VINERY SALES AGENT XXVII,BLACK CLOUD STABLE,15000,,02/09/2018,KENTUCKY,22 &23,,,
Kentucky October Yearlings (2019),2019-10-24,1235,DKB,C,SHANGHAI BOBBY,SHEISINITTOWINIT,STUDENT COUNCIL,BUCKLAND SALES (ZACH MADDEN) AGENT I,SG RACING,9000,,03/15/2018,KENTUCKY,20,,,
Kentucky October Yearlings (2019),2019-10-24,1236,GRR,C,CAIRO PRINCE,SHE'LL DO IT,BADGE OF SILVER,BRERETON C. JONES/AIRDRIE STUD INC. AGENT,JOSEPH IMBESI,40000,,02/21/2018,KENTUCKY,4,,,
Kentucky October Yearlings (2019),2019-10-24,1237,B,F,VANCOUVER (AUS),SHENANDOAH VALLEY,PROUD CITIZEN,FRANKFORT PARK FARM AGENT,KRISTIAN VILLANTE AGENT,33000,,04/01/2018,KENTUCKY,14,,,
Kentucky October Yearlings (2019),2019-10-24,1238,B,F,INTO MISCHIEF,SHESABITDISTORTED,DISTORTED HUMOR,DROMOLAND FARM INC. (GERRY DILGER) AGENT FOR PINE RIDGE STABLES LLC,CASTLETON LYONS INC,200000,,03/18/2018,NEW YORK,4,,,
Kentucky October Yearlings (2019),2019-10-24,1239,B,F,CONSTITUTION,SHE'S A KETCH,RAHY,WAR HORSE PLACE LLC AGENT I,OUT,0,,04/27/2018,FLORIDA,7,,,
Kentucky October Yearlings (2019),2019-10-24,1240,CH,F,SPEIGHTSTER,SHESBLONDELIKEME,NAEVUS,VINERY SALES AGENT XLIII,ANDREA STABLES,12500,Y,03/09/2018,KENTUCKY,22 &23,,,
Kentucky October Yearlings (2019),2019-10-24,1241,B,F,MALIBU MOON,SHE'S READY MADE,MORE THAN READY,BLAKE-ALBINA THOROUGHBRED SERVICES LLC AGENT IV,OUT,0,,02/24/2018,KENTUCKY,24,,,
Kentucky October Yearlings (2019),2019-10-24,1242,B,C,ARTIE SCHILLER,SHE WANTS BLING,STREET SENSE,HUNTER VALLEY FARM AGENT,JEREMIAH O'DWYER,40000,,03/18/2018,KENTUCKY,9,,,
Kentucky October Yearlings (2019),2019-10-24,1243,B,C,WICKED STRONG,SHEZACRAZYLILSIS,IDE,VINERY SALES AGENT XXXVI,OUT,0,,04/05/2018,KENTUCKY,22 &23,,,
Kentucky October Yearlings (2019),2019-10-24,1244,CH,F,MACHO UNO,SHEZAGHOSTSLAYER,GHOSTZAPPER,FAIRYTAIL FARMS LLP AGENT FOR KMA RANCH,CHAMPION RACING STABLE,3700,,03/06/2018,KENTUCKY,22,,,
Kentucky October Yearlings (2019),2019-10-24,1245,B,C,RUN AWAY AND HIDE,SHEZA ROUNDER,STAR DABBLER,FORBUSH FARM AGENT,KAIZEN SALES AGENT,9000,,03/17/2018,KENTUCKY,14,,,
Kentucky October Yearlings (2019),2019-10-24,1246,B,C,KITTEN'S JOY,SHINING JEWEL,GULCH,SUMMERFIELD (FRANCIS & BARBARA VANLANGENDONCK) AGENT FOR OLD TAVERN FARM,OUT,0,,03/17/2018,NEW YORK,3,,,http://www.thorostride.com/sales/fasig-tipton-ky-october-2019-hip-1246
Kentucky October Yearlings (2019),2019-10-24,1247,B,F,TALE OF EKATI,SHIRL'S SOUL,PERFECT SOUL (IRE),PARAMOUNT SALES AGENT XXI,BALLYLYNCH BLOODSTOCK,11000,,04/01/2018,ONTARIO,20,,,
Kentucky October Yearlings (2019),2019-10-24,1248,DKB,F,OUTWORK,SHORT IRON,TALE OF THE CAT,LANE'S END AGENT,NOT SOLD,14000,,02/23/2018,NEW YORK,1&2,,,
Kentucky October Yearlings (2019),2019-10-24,1249,CH,C,BRODY'S CAUSE,SHORT SQUEEZE,LEMON DROP KID,PARAMOUNT SALES AGENT XXIV,NOT SOLD,19000,,02/06/2018,KENTUCKY,20,,,
Kentucky October Yearlings (2019),2019-10-24,1250,B,C,OVERANALYZE,SHOWCASE WINNER,ELUSIVE QUALITY,LANE'S END AGENT,KIM SMITH AGENT,5500,,02/22/2018,KENTUCKY,1&2,,,
Kentucky October Yearlings (2019),2019-10-24,1251,CH,F,MIDSHIPMAN,SHOWING HOME,SHOWING UP,VINERY SALES AGENT IV,NOT SOLD,4500,,01/25/2018,KENTUCKY,22 &23,,,
Kentucky October Yearlings (2019),2019-10-24,1252,DKB,C,ARCHARCHARCH,SHOWMESOMELOVE,MONTBROOK,LEGACY BLOODSTOCK AGENT VIII,ALEJANDRO CONTRERAS,1000,,03/26/2018,KENTUCKY,23,,,
Kentucky October Yearlings (2019),2019-10-24,1253,DKB,F,WICKED STRONG,SHOWTIME SAMURAI,FIRST SAMURAI,HIDDEN BROOK AGENT XVIII,K.I.A.,11000,,04/06/2018,KENTUCKY,22,,,
Kentucky October Yearlings (2019),2019-10-24,1254,B,C,STREET BOSS,SHUTTERBUG,DEPUTY MINISTER,BROOKDALE SALES AGENT FOR MINEOLA FARM,TARI BROCKLEBANK AGENT,10000,,04/13/2018,KENTUCKY,17,,,
Kentucky October Yearlings (2019),2019-10-24,1255,B,C,TEMPLE CITY,SIDDHARTHA,BUDDHA,ST GEORGE SALES AGENT XV,NOT SOLD,3000,,04/09/2018,KENTUCKY,10,,,
Kentucky October Yearlings (2019),2019-10-24,1256,DKB,C,MSHAWISH,SILENT EMOTION,GHAZI,TAYLOR MADE SALES AGENCY AGENT XXVII,JOE NOVOGRATZ / GLENN WISMER,40000,,04/11/2018,KENTUCKY,22 &23,,,
Kentucky October Yearlings (2019),2019-10-24,1257,DKB,C,JUSTIN PHILLIP,SILENT FRIGHT,YES IT'S TRUE,BACCARI BLOODSTOCK LLC AGENT,WESTBURY STABLES,40000,,03/18/2018,KENTUCKY,11,,,
Kentucky October Yearlings (2019),2019-10-24,1258,CH,F,BRODY'S CAUSE,SILLY LITTLE MAMA,OLD TOPPER,LEGACY BLOODSTOCK AGENT I,NOT SOLD,9000,,05/26/2018,MINNESOTA,23,,,
Kentucky October Yearlings (2019),2019-10-24,1259,CH,C,DAREDEVIL,SILVER BOLT,SILVER TRAIN,SERENDIPITY FARM AGENT,CHRIS MELTON,3500,,04/13/2018,KENTUCKY,13,,,
Kentucky October Yearlings (2019),2019-10-24,1260,DKB,F,TOURIST,SILVER MARKET,AFTER MARKET,WYNNSTAY SALES AGENT VI,NOT SOLD,14000,,05/19/2018,KENTUCKY,13,,,
Kentucky October Yearlings (2019),2019-10-24,1261,CH,C,JACK MILTON,SILVER STEF,STEVIE WONDERBOY,EQUUS FARM (JERRY CUMMINS/PAUL ADAMS) AGENT I,KENNETH MCPEEK AGENT,15000,,02/04/2018,KENTUCKY,14,,,
Kentucky October Yearlings (2019),2019-10-24,1262,DKB,C,TAPIZAR,SING DIXIE SING,DIXIE UNION,TERRAZAS THOROUGHBREDS AGENT III,KINGS EQUINE,20000,,01/30/2018,KENTUCKY,23,,,
Kentucky October Yearlings (2019),2019-10-24,1263,B,C,FED BIZ,SINGING IN THE SUN,SONGANDAPRAYER,FOUR STAR SALES AGENT,EMERALD EQUINE,3000,,05/12/2018,KENTUCKY,16,,,
Kentucky October Yearlings (2019),2019-10-24,1264,B,C,CAN THE MAN,SINGING ON A STAR,SONGANDAPRAYER,TAYLOR MADE SALES AGENCY AGENT II,OUT,0,,05/18/2018,KENTUCKY,22 &23,,,
Kentucky October Yearlings (2019),2019-10-24,1265,B,F,NORMANDY INVASION,SINGMEASONGBELLA,ROCK HARD TEN,VINERY SALES AGENT XXV,KAIZEN SALES AGENT,5000,,04/22/2018,NEW YORK,22 &23,,,
Kentucky October Yearlings (2019),2019-10-24,1266,B,C,TAPITURE,SING OUT BABY,AIR FORBES WON,ARNOUD W. DOBBER,NOT SOLD,9500,,02/27/2018,KENTUCKY,19,,,
Kentucky October Yearlings (2019),2019-10-24,1267,CH,C,WICKED STRONG,SISTER CRIMSON,SKY CLASSIC,PARAMOUNT SALES AGENT FOR JUSTICE FARM,DAVID G MOUNTS,10000,,03/18/2018,INDIANA,20,,,
Kentucky October Yearlings (2019),2019-10-24,1268,DKB,F,MIDSHIPMAN,SISTER DESIREE,VISION AND VERSE,MILESTONE FARM,K.O.I.D.,20000,,04/14/2018,KENTUCKY,19,,,
Kentucky October Yearlings (2019),2019-10-24,1269,B,C,GOLDENCENTS,SISTER PAT,MUNNINGS,WALNUT GREEN LLC AGENT FOR SMART ANGLE LLP,GOLDEN ROCK,11000,,03/18/2018,PENNSYLVANIA,22,,,
Kentucky October Yearlings (2019),2019-10-24,1270,B,C,QUALITY ROAD,SISTER SUPERIOR,PULPIT,TAYLOR MADE SALES AGENCY AGENT VI,FLY BY,50000,Y,01/20/2018,NEW YORK,22 &23,,,
Kentucky October Yearlings (2019),2019-10-24,1271,B,F,MINESHAFT,SIXTH AND WALNUT,DEFRERE,PARAMOUNT SALES AGENT XXIII,OUT,0,,03/04/2018,KENTUCKY,20,,,
Kentucky October Yearlings (2019),2019-10-24,1272,B,F,OVERANALYZE,SIZZLE DRESS,HENRYTHENAVIGATOR,CROWNING POINT FARM AGENT,JOAN SCOTT,5000,Y,03/20/2018,KENTUCKY,18,,,
Kentucky October Yearlings (2019),2019-10-24,1273,CH,C,MACLEAN'S MUSIC,SKIPPERDEE,GIANT'S CAUSEWAY,STUART MORRIS AGENT II,M. HEMINGWAY AGENT,28000,,03/22/2018,MARYLAND,21,,,
Kentucky October Yearlings (2019),2019-10-24,1274,B,C,DANZA,SKI SEATTLE,SEATTLE SLEW,BALLYSAX BLOODSTOCK AGENT VIII,RED INDIAN FARM,3000,,02/16/2018,KENTUCKY,18,,,
Kentucky October Yearlings (2019),2019-10-24,1275,DKB,C,PERFECT SOUL (IRE),SKY BEAM,KINGMAMBO,FOUR STAR SALES AGENT,IAN F DE SOUZA,7000,,02/13/2018,KENTUCKY,16,,,
Kentucky October Yearlings (2019),2019-10-24,1276,DKB,C,CALIFORNIA CHROME,SKY GLOW,GRAND SLAM,TAYLOR MADE SALES AGENCY AGENT XLII,CROW-SHARP VENTURES LLC,90000,,03/23/2018,KENTUCKY,22 &23,,,
Kentucky October Yearlings (2019),2019-10-24,1277,B,F,VANCOUVER (AUS),SLAMIN' DIXIE,GRAND SLAM,CANDY MEADOWS SALES AGENT VI,SEAN S PERL AGENT FOR PINNACLE RACING STABLE,19000,,03/25/2018,NEW YORK,12,,,
Kentucky October Yearlings (2019),2019-10-24,1278,DKB,F,CINCO CHARLIE,SLEWPY'S STAR,STAR PROGRAMMER,4M RANCH AGENT FOR C.J. HUMMEL HORSES,KEN MEYER,18000,,03/27/2018,KENTUCKY,8,,,
Kentucky October Yearlings (2019),2019-10-24,1279,B,C,MEDAGLIA D'ORO,SLY STORM,STORM CAT,HILL 'N' DALE SALES AGENCY AGENT,KINGS EQUINE,35000,,02/10/2018,KENTUCKY,4,,,
Kentucky October Yearlings (2019),2019-10-24,1280,B,C,MACLEAN'S MUSIC,SMART EXPLOITS,EXPLOIT,HILL 'N' DALE SALES AGENCY AGENT,JUSTIN WOJCZYNSKI,15000,,04/06/2018,KENTUCKY,4,,,
Kentucky October Yearlings (2019),2019-10-24,1281,B,C,BERNARDINI,SMART MISSION,SMART STRIKE,PARAMOUNT SALES AGENT XXXII,OUT,0,,02/07/2018,ONTARIO,20,,,
Kentucky October Yearlings (2019),2019-10-24,1282,B,C,OVERANALYZE,SMARTY PRANCE,ADDED EDGE,BALLYSAX BLOODSTOCK AGENT I,RED INDIAN FARM,2000,,02/23/2018,MINNESOTA,18,,,
Kentucky October Yearlings (2019),2019-10-24,1283,CH,C,BLUESKIESNRAINBOWS,SMILING BRIAR,DUNKIRK,MILESTONE FARM,OUT,0,,05/23/2018,KENTUCKY,19,,,
Kentucky October Yearlings (2019),2019-10-24,1284,DKB,F,ANCHOR DOWN,SMILING CRUISE,HARLAN'S HOLIDAY,TRACKSIDE FARM (TOM EVANS) AGENT XI,OUT,0,,04/26/2018,KENTUCKY,21,,,
Kentucky October Yearlings (2019),2019-10-24,1285,B,F,MOONSHINE MULLIN,SMOKIN REWARD,WARRIOR'S REWARD,BUCKLAND SALES (ZACH MADDEN) AGENT XVI,NOT SOLD,9000,,03/31/2018,ARKANSAS,20,,,
Kentucky October Yearlings (2019),2019-10-24,1286,B,C,BLUESKIESNRAINBOWS,SMOOTH STRIDE,CASTLEDALE (IRE),MILESTONE FARM,OUT,0,,04/21/2018,INDIANA,19,,,
Kentucky October Yearlings (2019),2019-10-24,1287,B,C,QUALITY ROAD,SNAKEINTHEGRASS,BERNARDINI,WILLIAM B. HARRIGAN (MIACOMET FARM LTD.) AGENT,BIG OAK FARM,2000,,03/09/2018,KENTUCKY,2,,,
Kentucky October Yearlings (2019),2019-10-24,1288,CH,C,COMMISSIONER,SNAPPY TUNE,TOUR D'OR,CROWNING POINT FARM AGENT,SEAN PERL BLOODSTOCK LLC,18000,,02/22/2018,KENTUCKY,18,,,
Kentucky October Yearlings (2019),2019-10-24,1289,DKB,C,OUTWORK,SNOW KISSED,EVEN THE SCORE,S & G THOROUGHBREDS AGENT FOR JEFF & STACY JEANS,SBM AGENT,36000,,04/25/2018,KENTUCKY,12,,,
Kentucky October Yearlings (2019),2019-10-24,1290,B,C,NOBLE MISSION (GB),SNOW LADY,SNOW RIDGE,CARA BLOODSTOCK AGENT FOR SAINTSBURY FARMS INC.,JAMIE B BLOODSTOCK,35000,,04/20/2018,ONTARIO,5,,,
Kentucky October Yearlings (2019),2019-10-24,1291,CH,C,CURLIN,SOARWITHTHEBIRDS,GIANT'S CAUSEWAY,BACCARI BLOODSTOCK LLC AGENT VIII,P MILLER EQB INC. AGENT,250000,,03/08/2018,KENTUCKY,11,,,
Kentucky October Yearlings (2019),2019-10-24,1292,B,F,WE MISS ARTIE,SOCIAL STATEMENT,SUAVE,RAMSEY FARM AGENT,OUT,0,,02/26/2018,KENTUCKY,21,,,
Kentucky October Yearlings (2019),2019-10-24,1293,B,F,STREET BOSS,SOCIAL VINDICATION,VINDICATION,BROOKDALE SALES AGENT FOR MINEOLA FARM,GOLDEN ROCK,22000,,04/17/2018,KENTUCKY,17,,,
Kentucky October Yearlings (2019),2019-10-24,1294,CH,F,EMCEE,SO FASHION,GOOD REWARD,TAYLOR MADE SALES AGENCY AGENT LV,WAYNE W RICE,5000,,03/27/2018,NEW YORK,22 &23,,,
Kentucky October Yearlings (2019),2019-10-24,1295,B,C,TOURIST,SOMALI BYRD,GOOD REWARD,WAR HORSE PLACE LLC AGENT VI,EDWIN MUNDO RIOS,4000,,03/06/2018,KENTUCKY,7,,,
Kentucky October Yearlings (2019),2019-10-24,1296,B,F,SUMMER FRONT,SOMEOTHERTIME,BERNSTEIN,CROSS KEYS SALES LLC AGENT VI,WAKE FOREST STABLE,5000,,05/09/2018,KENTUCKY,16,,,
Kentucky October Yearlings (2019),2019-10-24,1297,B,C,LOOKIN AT LUCKY,SOOTHER,RAHY,TRACKSIDE FARM (TOM EVANS) AGENT VI,NOT SOLD,35000,,03/17/2018,KENTUCKY,21,,,
Kentucky October Yearlings (2019),2019-10-24,1298,B,C,VIOLENCE,SOOT Z,EMPIRE MAKER,BROOKDALE SALES AGENT,FRANKLIN G SMITH AGENT,135000,,05/12/2018,KENTUCKY,17,,,
Kentucky October Yearlings (2019),2019-10-24,1299,B,F,CONSTITUTION,SOPHIE'S DESTINY,TWO PUNCH,FOUR STAR SALES AGENT,MACHMER HALL,50000,,04/13/2018,PENNSYLVANIA,16,,,
Kentucky October Yearlings (2019),2019-10-24,1300,CH,F,TALE OF EKATI,SOUL OF COMETE,PERFECT SOUL (IRE),FOUR STAR SALES AGENT,JESSE HOPPEL,15000,,02/18/2018,KENTUCKY,16,,,
Kentucky October Yearlings (2019),2019-10-24,1301,DKB,F,SHANGHAI BOBBY,SOUTHERN ACCENTS,BIRDSTONE,BUCK POND FARM (DOUGLAS S. ARNOLD) AGENT,COLTS NECK STABLES LLC CHARLES H BODEN AGENT,100000,,04/13/2018,KENTUCKY,22,,,
Kentucky October Yearlings (2019),2019-10-24,1302,CH,C,STRONG MANDATE,SOUTHERN ATTITUDE,HENNESSY,DOUBLE R CONSIGNMENT AGENT II,KAIZEN SALES AGENT,4000,,03/01/2018,COLORADO,16,,,
Kentucky October Yearlings (2019),2019-10-24,1303,B,F,SKY KINGDOM,SOUTHERN EMPRESS,DIXIE BRASS,FORT CHRISTOPHER'S THOROUGHBREDS LLC AGENT,OUT,0,,03/31/2018,KENTUCKY,23,,,
Kentucky October Yearlings (2019),2019-10-24,1304,B,C,GHOSTZAPPER,SOUTHERN HONEY,COLONEL JOHN,LANE'S END AGENT,OUT,0,,02/13/2018,KENTUCKY,1&2,,,
Kentucky October Yearlings (2019),2019-10-24,1305,DKB,C,TEMPLE CITY,SPANDREL,ARCH,OLD SCHOOL THOROUGHBREDS AGENT,RODRIGO NATHANAEL JAEN,2500,,02/08/2018,KENTUCKY,19,,,
Kentucky October Yearlings (2019),2019-10-24,1306,CH,C,INTO MISCHIEF,SPANISH EMPIRESS,EMPIRE MAKER,TAYLOR MADE SALES AGENCY AGENT FOR ALASTAR THOROUGHBRED COMPANY LLC,WEST BLOODSTOCK,400000,,04/16/2018,KENTUCKY,22 &23,,,
Kentucky October Yearlings (2019),2019-10-24,1307,B,F,AIR FORCE BLUE,SPECIAL ALLURE,MONTJEU (IRE),SIERRA FARM AGENT,NOT SOLD,1000,,02/15/2018,KENTUCKY,10,,,
Kentucky October Yearlings (2019),2019-10-24,1308,GRR,C,HAT TRICK (JPN),SPECTACULAR MORGAN,SPECTACULAR BID,MAINE CHANCE FARM (UNIVERSITY OF KENTUCKY),KEITH DICKEY AGENT,10000,,04/12/2018,KENTUCKY,19,,,
Kentucky October Yearlings (2019),2019-10-24,1309,DKB,C,FIRST DUDE,SPECTACULAR SIGHT,MR. GREELEY,PARAMOUNT SALES AGENT XXIX,PHILIP DICOSMO,10000,,03/15/2018,FLORIDA,20,,,
Kentucky October Yearlings (2019),2019-10-24,1310,B,F,OUTWORK,SPELLING,ALPHABET SOUP,HIDDEN BROOK AGENT XVIII,TONJA TERRANOVA AGENT,50000,,04/05/2018,KENTUCKY,22,,,
Kentucky October Yearlings (2019),2019-10-24,1311,CH,C,MALIBU MOON,SPICE ISLAND,TABASCO CAT,GAINESWAY AGENT XII,OUT,0,,03/14/2018,FLORIDA,5&6,,,
Kentucky October Yearlings (2019),2019-10-24,1312,B,C,SUCCESSFUL APPEAL,SPIRITS BRIGHT,DAYJUR,SPARROW'S NEST,NOT SOLD,7500,,05/19/2018,KENTUCKY,8,,,
Kentucky October Yearlings (2019),2019-10-24,1313,CH,F,TAPITURE,SPLENDID HONOR,DOUBLE HONOR,DOUBLE R CONSIGNMENT AGENT II,Q BAR J THOROUGHBREDS,35000,,04/30/2018,KENTUCKY,16,,,
Kentucky October Yearlings (2019),2019-10-24,1314,B,C,SUMMER FRONT,SPRING DANCE,DANCE WITH RAVENS,SUMMERFIELD (FRANCIS & BARBARA VANLANGENDONCK) AGENT,RED INDIAN FARM,7000,,02/26/2018,MARYLAND,3,,,http://www.thorostride.com/sales/fasig-tipton-ky-october-2019-hip-1314
Kentucky October Yearlings (2019),2019-10-24,1315,B,F,LEMON DROP KID,SPRING LEAF (FR),FOOTSTEPSINTHESAND (GB),DENALI STUD AGENT FOR GALLAGHER'S STUD,OUT,0,,02/09/2018,NEW YORK,1&2,,,
Kentucky October Yearlings (2019),2019-10-24,1316,B,C,SPEIGHTSTOWN,SPUN CAP,HARD SPUN,BUCK POND FARM (DOUGLAS S. ARNOLD) AGENT,ANDRY BLANCO,7000,,04/14/2018,KENTUCKY,22,,,
Kentucky October Yearlings (2019),2019-10-24,1317,CH,F,GIROLAMO,SPUNTASTIC,HARD SPUN,TAYLOR MADE SALES AGENCY AGENT LV,ORACLE BLOODSTOCK AGENT,12000,,04/11/2018,NEW YORK,22 &23,,,
Kentucky October Yearlings (2019),2019-10-24,1318,B,F,DECLARATION OF WAR,SPYIN FEELIN,SPEIGHTSTOWN,LEGACY BLOODSTOCK AGENT XVI,WILLIAM H FIRES,7000,,04/23/2018,KENTUCKY,23,,,
Kentucky October Yearlings (2019),2019-10-24,1319,DKB,C,CROSS TRAFFIC,STAKE,BOUNDARY,TAYLOR MADE SALES AGENCY AGENT XVIII,NOVOGRATZ RACING STABLES INC.,50000,,03/26/2018,KENTUCKY,22 &23,,,
Kentucky October Yearlings (2019),2019-10-24,1320,CH,F,OVERANALYZE,STARE,DIAMOND,OLD SCHOOL THOROUGHBREDS AGENT,COURTNEY A BAGWANDEEN,4000,,05/01/2018,NEW YORK,19,,,
Kentucky October Yearlings (2019),2019-10-24,1321,B,C,CONSTITUTION,STARLICIOUS,CAPE TOWN,FOUR STAR SALES AGENT,Q BAR J THOROUGHBREDS,50000,,05/09/2018,KENTUCKY,16,,,
Kentucky October Yearlings (2019),2019-10-24,1322,B,F,INTO MISCHIEF,STARLIGHT LADY,ELUSIVE QUALITY,HUNTER VALLEY FARM AGENT,OUT,0,,04/21/2018,KENTUCKY,9,,,
Kentucky October Yearlings (2019),2019-10-24,1323,CH,F,DIALED IN,STAR OF GLORY,UNBRIDLED,WYNNSTAY SALES AGENT II,L & N RACING LLC,35000,,03/19/2018,INDIANA,13,,,
Kentucky October Yearlings (2019),2019-10-24,1324,DKB,C,REVOLUTIONARY,STARRY EXPECTATION,VALID EXPECTATIONS,BALLYSAX BLOODSTOCK AGENT IV,TED LUCAS,1000,,04/18/2018,KENTUCKY,18,,,
Kentucky October Yearlings (2019),2019-10-24,1325,CH,C,DANZA,STARSHIP COURAGE,LION HEART,BUCKLAND SALES (ZACH MADDEN) AGENT XI,KAIZEN SALES AGENT,7000,,02/10/2018,FLORIDA,20,,,
Kentucky October Yearlings (2019),2019-10-24,1326,B,C,WICKED STRONG,STARSHIP PADME,GIANT'S CAUSEWAY,ENDEAVOR FARM AGENT FOR CYPRESS BEND FARM,NOT SOLD,14000,,04/26/2018,KENTUCKY,13,,,
Kentucky October Yearlings (2019),2019-10-24,1327,B,C,THE GURKHA (IRE),STARSHIP SCARLETT,DIXIE UNION,LANE'S END AGENT,GRASSROOTS TRN & SALES LLC,3000,,04/07/2018,KENTUCKY,1&2,,,
Kentucky October Yearlings (2019),2019-10-24,1328,B,F,CREATIVE CAUSE,STARSHIP UNIVERSE,MINESHAFT,ALLIANCE SALES AGENCY,JCE RACING/TRAVIS DURR,20000,,05/15/2018,KENTUCKY,7,,,
Kentucky October Yearlings (2019),2019-10-24,1329,CH,C,TRAPPE SHOT,STAR WISPER,QUIET AMERICAN,MILL RIDGE SALES AGENT,NOT SOLD,28000,,03/15/2018,KENTUCKY,11,,,
Kentucky October Yearlings (2019),2019-10-24,1330,CH,F,CURLIN,STEELIN',ORIENTATE,STONEHAVEN STEADINGS,OUT,0,,05/22/2018,KENTUCKY,7,,,
Kentucky October Yearlings (2019),2019-10-24,1331,CH,C,DIALED IN,STEEL MILLIE,CHEROKEE RUN,BRANDYWINE FARM (JIM & PAM ROBINSON),ROBERT BREWER,4000,,04/11/2018,KENTUCKY,15,,,
Kentucky October Yearlings (2019),2019-10-24,1332,DKB,F,BERNARDINI,STEELY MAGNOLIA,MORE THAN READY,DENALI STUD AGENT FOR STONESTREET BRED & RAISED,DEMI DOG RACING,62000,,03/28/2018,KENTUCKY,1&2,,,
Kentucky October Yearlings (2019),2019-10-24,1333,B,C,BODEMEISTER,STELLABYMOONLIGHT,MALIBU MOON,LITTLE'S BLOODSTOCK LLC AGENT,RAUL GONZALEZ RAMIREZ,1000,,03/27/2018,KENTUCKY,19,,,
Kentucky October Yearlings (2019),2019-10-24,1334,DKB,C,NOT THIS TIME,STELLA PRIMA,EL PRADO (IRE),SERENDIPITY FARM AGENT II,K.O.I.D.,65000,,03/15/2018,KENTUCKY,13,,,
Kentucky October Yearlings (2019),2019-10-24,1335,CH,F,PALACE MALICE,STELLAR ATMOSPHERE,MORE THAN READY,HILL 'N' DALE SALES AGENCY AGENT,OUT,0,,03/08/2018,KENTUCKY,4,,,
Kentucky October Yearlings (2019),2019-10-24,1336,B,C,LOOKIN AT LUCKY,STELLAR BABY,BRAHMS,GAINESWAY AGENT XXX,GOLDEN ROCK,14000,,04/14/2018,KENTUCKY,5&6,,,
Kentucky October Yearlings (2019),2019-10-24,1337,CH,F,MEDAL COUNT,STELLAR CLOUD,CLOUD HOPPING,VINERY SALES AGENT XIII,OUT,0,,03/01/2018,KENTUCKY,22 &23,,,
Kentucky October Yearlings (2019),2019-10-24,1338,B,F,LOOKIN AT LUCKY,STEP SISTER,SIR CAT,BLANDFORD STUD (PADRAIG CAMPION) AGENT,NOT SOLD,9000,,02/12/2018,KENTUCKY,8,,,
Kentucky October Yearlings (2019),2019-10-24,1339,DKB,C,MAGNA GRADUATE,STICK AND MOVE,CHEROKEE RUN,HIDDEN BROOK AGENT III,KIM SMITH AGENT,1000,Y,04/07/2018,OKLAHOMA,22,,,
Kentucky October Yearlings (2019),2019-10-24,1340,CH,F,PALACE MALICE,STICK TO YOUR GUNS,AWESOME AGAIN,TAYLOR MADE SALES AGENCY AGENT XV,PETER EDWARDS,90000,,03/17/2018,KENTUCKY,22 &23,,,
Kentucky October Yearlings (2019),2019-10-24,1341,CH,F,ENGLISH CHANNEL,STORMICA,STORM CAT,BRANDYWINE FARM (JIM & PAM ROBINSON) AGENT II,OUT,0,,03/04/2018,KENTUCKY,15,,,
Kentucky October Yearlings (2019),2019-10-24,1342,B,C,DANZA,STORMIN SARATOGA,KITTEN'S JOY,CAVE BROOK FARM,CAMPOS FAMILY VENTURES LLC,4500,,02/27/2018,KENTUCKY,12,,,
Kentucky October Yearlings (2019),2019-10-24,1343,DKB,F,PIONEEROF THE NILE,STORMY B,CHEROKEE RUN,INDIAN CREEK AGENT,OUT,0,,02/27/2018,KENTUCKY,11,,,
Kentucky October Yearlings (2019),2019-10-24,1344,B,F,CONSTITUTION,STORMY KRISTINE,STORM CREEK,SUMMERFIELD (FRANCIS & BARBARA VANLANGENDONCK) AGENT,NOT SOLD,49000,,03/24/2018,KENTUCKY,3,,,
Kentucky October Yearlings (2019),2019-10-24,1345,B,F,DECLARATION OF WAR,THAT VOODOO YOUDO,SPEIGHTSTOWN,PARAMOUNT SALES AGENT LII,OUT,0,,04/17/2018,KENTUCKY,20,,,
Kentucky October Yearlings (2019),2019-10-24,1346,CH,C,GOLDENCENTS,STORMY LANAE',JOHAR,LEGACY BLOODSTOCK AGENT FOR ANTHONY BRADDOCK,NOT SOLD,23000,,05/05/2018,KENTUCKY,23,,,
Kentucky October Yearlings (2019),2019-10-24,1347,B,C,DAREDEVIL,STORMY SITUATION,STORMY ATLANTIC,SERENDIPITY FARM AGENT,JAGGER INC,5000,,03/21/2018,KENTUCKY,13,,,
Kentucky October Yearlings (2019),2019-10-24,1348,B,F,MAGICIAN (IRE),STORMY WYN,STORMY ATLANTIC,JAMES B. KEOGH (GROVENDALE) AGENT,KIM SMITH AGENT,1000,Y,03/26/2018,KENTUCKY,9,,,
Kentucky October Yearlings (2019),2019-10-24,1349,DKB,C,RUNHAPPY,STRANGE ROMANCE,MR. GREELEY,SALLY THOMAS AGENT,PICK VIEW LLC,200000,,04/22/2018,KENTUCKY,20,,,
Kentucky October Yearlings (2019),2019-10-24,1350,B,C,TAPITURE,STRANGER THINGS,DOMASCA DAN,DARBY DAN FARM AGENT IV,HUGH H ROBERTSON & GREG ERWIN,7500,Y,05/09/2018,KENTUCKY,16,,,
Kentucky October Yearlings (2019),2019-10-24,1351,B,F,DATA LINK,STREAKER,FOREST WILDCAT,BROOKDALE SALES AGENT,ROGER STERLING,3000,,04/29/2018,KENTUCKY,17,,,
Kentucky October Yearlings (2019),2019-10-24,1352,DKB,F,SUMMER FRONT,STREET MATE,STREET CRY (IRE),BRERETON C. JONES/AIRDRIE STUD INC. AGENT,LOTHENBACH STABLES INC,105000,,05/22/2018,KENTUCKY,4,,,
Kentucky October Yearlings (2019),2019-10-24,1353,B,F,DIALED IN,STREET TRICK,STREET SENSE,BALLYSAX BLOODSTOCK AGENT XI,NOT SOLD,5500,,04/13/2018,KENTUCKY,18,,,
Kentucky October Yearlings (2019),2019-10-24,1354,CH,F,GOLDENCENTS,STRONG AMERICAN,QUIET AMERICAN,HUNTER VALLEY FARM AGENT,J MITCHELL MCMAHON,4000,,04/15/2018,KENTUCKY,9,,,
Kentucky October Yearlings (2019),2019-10-24,1355,B,F,HONOR CODE,STYLE SHOW,RED RANSOM,LANE'S END AGENT,CAMPOS FAMILY VENTURES LLC,2500,,05/02/2018,KENTUCKY,1&2,,,
Kentucky October Yearlings (2019),2019-10-24,1356,DKB,F,FLAT OUT,SUCCESSFUL SLEW,SUCCESSFUL APPEAL,VINERY SALES AGENT XXI,OUT,0,,04/26/2018,KENTUCKY,22 &23,,,
Kentucky October Yearlings (2019),2019-10-24,1357,DKB,C,BIRDSTONE,SUDESTADA,STREET CRY (IRE),POPE MCLEAN (CRESTWOOD FARM) AGENT VII,TED BATES JR,100000,,04/15/2018,KENTUCKY,17,,,
Kentucky October Yearlings (2019),2019-10-24,1358,DKB,C,DIALED IN,SUENO D'ORO,MEDAGLIA D'ORO,POPE MCLEAN (CRESTWOOD FARM) AGENT VI,SHERBOURNE LODGE,5000,,03/03/2018,INDIANA,17,,,
Kentucky October Yearlings (2019),2019-10-24,1359,DKB,F,NORTHERN AFLEET,SUES WAY,SHUAILAAN,CEDAR BROOK FARM AGENT FOR BETTY B. THOMAS DVM,NOT SOLD,1000,,04/28/2018,KENTUCKY,13,,,
Kentucky October Yearlings (2019),2019-10-24,1360,CH,C,MACLEAN'S MUSIC,SUGAR MARIE,BOLD TRUTH,STALLION VENTURES,ALUM CLIFF STABLES,6000,,01/14/2018,OHIO,21,,,
Kentucky October Yearlings (2019),2019-10-24,1361,B,F,CAN THE MAN,SUGAR SPUN,HARD SPUN,FOUR STAR SALES AGENT,RAUL GONZALEZ RAMIREZ,3500,,02/27/2018,KENTUCKY,16,,,
Kentucky October Yearlings (2019),2019-10-24,1362,B,F,ASTROLOGY,SULTRY WISPER,SULTRY SONG,MILL RIDGE SALES AGENT,NOT SOLD,2000,,03/22/2018,KENTUCKY,11,,,
Kentucky October Yearlings (2019),2019-10-24,1363,B,F,VANCOUVER (AUS),SUMIZOME,GIANT'S CAUSEWAY,DOUBLE R CONSIGNMENT AGENT II,KAIZEN SALES AGENT,5000,,02/19/2018,KENTUCKY,16,,,
Kentucky October Yearlings (2019),2019-10-24,1364,DKB,C,OUTWORK,SUMMEROFSIXTYTHREE,MALIBU MOON,BACCARI BLOODSTOCK LLC AGENT I,CLARK BREWSTER,45000,,03/23/2018,KENTUCKY,11,,,
Kentucky October Yearlings (2019),2019-10-24,1365,DKB,C,SPEIGHTSTOWN,SUMMER STAR,SIBERIAN SUMMER,BEDOUIN BLOODSTOCK AGENT,THOMAS FACKLER AGENT,155000,,05/08/2018,KENTUCKY,5,,,
Kentucky October Yearlings (2019),2019-10-24,1366,B,C,DOMINUS,SUMMERTIME,SIBERIAN SUMMER,WYNNSTAY SALES AGENT IV,TARI BROCKLEBANK AGENT,55000,,05/18/2018,KENTUCKY,13,,,
Kentucky October Yearlings (2019),2019-10-24,1367,DKB,C,VANCOUVER (AUS),SUMTING WONG,PIKEPASS,MILL RIDGE SALES AGENT,NOT SOLD,1000,,03/16/2018,NEW YORK,11,,,
Kentucky October Yearlings (2019),2019-10-24,1368,DKB,F,HONOR CODE,SUN AND MOON,EL CORREDOR,LANE'S END AGENT,NOT SOLD,4500,,02/11/2018,NEW YORK,1&2,,,
Kentucky October Yearlings (2019),2019-10-24,1369,DKB,C,ARCHARCHARCH,SUNRISE BAY,JAZIL,BALLYSAX BLOODSTOCK AGENT XX,DAN KOBISKIE,1000,Y,04/09/2018,KENTUCKY,18,,,
Kentucky October Yearlings (2019),2019-10-24,1370,B,F,FED BIZ,SUNSHINEANDSILENCE,SPEIGHTSTOWN,BUCKLAND SALES (ZACH MADDEN) AGENT I,NOT SOLD,14000,,03/31/2018,KENTUCKY,20,,,
Kentucky October Yearlings (2019),2019-10-24,1371,B,C,SUPER SAVER,SUPER PHOEBE,MALABAR GOLD,POPE MCLEAN (CRESTWOOD FARM) AGENT,MIDE GRIEVE,30000,,05/08/2018,KENTUCKY,17,,,
Kentucky October Yearlings (2019),2019-10-24,1372,B,F,MAGICIAN (IRE),SUPERQUINN,STREET HERO,GAULSTOWN STUD LLC AGENT II,OUT,0,,02/13/2018,KENTUCKY,11,,,
Kentucky October Yearlings (2019),2019-10-24,1373,DKB,C,UNCLE MO,SURFSIDE TIARA,SCAT DADDY,OXMOOR SALES AGENT,CARLO VACCAREZZA,60000,,03/12/2018,KENTUCKY,13,,,
Kentucky October Yearlings (2019),2019-10-24,1374,B,C,EMPIRE MAKER,SURPRISES WELCOMED,STORM CAT,BLUEWATER SALES LLC AGENT X,BELLADONNA RACING LLC,270000,,05/17/2018,KENTUCKY,21,,,
Kentucky October Yearlings (2019),2019-10-24,1375,DKB,F,TAPIZAR,SUZEE SUNRISE,CHESTER HOUSE,BROOKDALE SALES AGENT,OUT,0,,03/24/2018,KENTUCKY,17,,,
Kentucky October Yearlings (2019),2019-10-24,1376,B,C,FLATTER,SWANKY BUBBLES,ASCOT KNIGHT,HILL 'N' DALE SALES AGENCY AGENT,OUT,0,,04/29/2018,ONTARIO,4,,,
Kentucky October Yearlings (2019),2019-10-24,1377,B,F,VANCOUVER (AUS),SWANKY DIAMONDS,OLD FORESTER,SHAWHAN PLACE LLC AGENT VIII,NOT SOLD,2000,,01/23/2018,LOUISIANA,23,,,
Kentucky October Yearlings (2019),2019-10-24,1378,CH,C,LEA,SWEAR FOR ROSES,FLOWER ALLEY,SOUTH POINT SALES AGENCY AGENT XVI,JOHN DAVISON,25000,,03/30/2018,KENTUCKY,18,,,
Kentucky October Yearlings (2019),2019-10-24,1379,DKB,C,FAST ANNA,SWEEPING,END SWEEP,LEGACY BLOODSTOCK AGENT I,JAGGER INC,10000,,02/23/2018,OKLAHOMA,23,,,
Kentucky October Yearlings (2019),2019-10-24,1380,CH,F,EXAGGERATOR,SWEETEST SMILE,DEHERE,SELECT SALES AGENT XVI,MARC TACHER,30000,,03/30/2018,KENTUCKY,6,,,
Kentucky October Yearlings (2019),2019-10-24,1381,DKB,F,FLAT OUT,SWEET GIFTS,CANDY RIDE (ARG),PAUL TACKETT AGENT,RAUL GONZALEZ RAMIREZ,3500,,04/02/2018,KENTUCKY,10,,,
Kentucky October Yearlings (2019),2019-10-24,1382,B,C,TEMPLE CITY,SWEET JENNY,LEMON DROP KID,STANLEY INMAN AGENT,NOT SOLD,3200,,03/17/2018,KENTUCKY,8,,,
Kentucky October Yearlings (2019),2019-10-24,1383,DKB,F,AMERICAN PHAROAH,SWEET MARIAGE,FORESTRY,EATON SALES AGENT,ROBERT BREWER,140000,,02/13/2018,KENTUCKY,7,,,
Kentucky October Yearlings (2019),2019-10-24,1384,B,C,SKIPSHOT,SWEET MOON,MAYBRY'S BOY,FLOWER FIELD FARM,OUT,0,,05/22/2018,KENTUCKY,13,,,
Kentucky October Yearlings (2019),2019-10-24,1385,DKB,F,MAGICIAN (IRE),SWEETNESS 'N SUGAR,HARD SPUN,BALLYSAX BLOODSTOCK AGENT V,RAUL GONZALEZ RAMIREZ,4500,,02/25/2018,KENTUCKY,18,,,
Kentucky October Yearlings (2019),2019-10-24,1386,B,F,MALIBU MOON,SWEET TALKIN,CANDY RIDE (ARG),FOUR STAR SALES AGENT,OUT,0,,01/31/2018,KENTUCKY,16,,,
Kentucky October Yearlings (2019),2019-10-24,1387,B,F,GOLDENCENTS,SWINKEY,DIALED IN,SHEPPELL THOROUGHBREDS AGENT,NOT SOLD,9000,,03/23/2018,OHIO,21,,,
Kentucky October Yearlings (2019),2019-10-24,1388,CH,F,BIG BLUE KITTEN,SYNKROS,TAPIT,SELECT SALES AGENT XV,MARETTE FARRELL AGENT,130000,,05/01/2018,KENTUCKY,6,,,
Kentucky October Yearlings (2019),2019-10-24,1389,B,C,OUTWORK,TABITHA,TALE OF THE CAT,MILL RIDGE SALES AGENT,TRIOLOGY STABLE,60000,,05/05/2018,NEW YORK,11,,,
Kentucky October Yearlings (2019),2019-10-24,1390,CH,C,MOONSHINE MULLIN,TACTICAL OFFICER,OFFICER,BUCKLAND SALES (ZACH MADDEN) AGENT XVI,NOT SOLD,11000,,04/12/2018,ARKANSAS,20,,,
Kentucky October Yearlings (2019),2019-10-24,1391,B,C,DAAHER,TAHFEEZ,ALJABR,FORBUSH FARM,NOT SOLD,19000,,03/02/2018,KENTUCKY,14,,,
Kentucky October Yearlings (2019),2019-10-24,1392,B,F,MALIBU MOON,TAKE CHARGE,HARD SPUN,LANE'S END AGENT,OUT,0,,04/29/2018,KENTUCKY,1&2,,,
Kentucky October Yearlings (2019),2019-10-24,1393,CH,F,FLAT OUT,TAKE ME HOME TOO,CAME HOME,DOUBLE R CONSIGNMENT,SILVERWOOD AGENT,4200,,05/04/2018,NEW YORK,16,,,
Kentucky October Yearlings (2019),2019-10-24,1394,B,C,FLASHBACK,TALES OF PARADISE,TALE OF THE CAT,FOUNDATIONS FARM,S.R.O.A.,45000,,01/25/2018,KENTUCKY,13,,,
Kentucky October Yearlings (2019),2019-10-24,1395,B,C,CANDY RIDE (ARG),TAMBOZ,TAPIT,ST GEORGE SALES AGENT XXIII,OUT,0,,04/18/2018,KENTUCKY,10,,,
Kentucky October Yearlings (2019),2019-10-24,1396,CH,C,SUPER SAVER,TAP IT OUT,TAPIT,SELECT SALES AGENT VIII,GOLDEN ROCK,20000,,02/05/2018,KENTUCKY,6,,,
Kentucky October Yearlings (2019),2019-10-24,1397,B,F,GEMOLOGIST,TAP SHOES,TAPIT,JAMES B. KEOGH (GROVENDALE) AGENT II,GOLDEN ROCK,5000,,04/12/2018,KENTUCKY,9,,,
Kentucky October Yearlings (2019),2019-10-24,1398,B,C,RUNHAPPY,TARA BARA,GIANT'S CAUSEWAY,DROMOLAND FARM INC. (GERRY DILGER) AGENT XIV,OUT,0,,05/05/2018,KENTUCKY,4,,,
Kentucky October Yearlings (2019),2019-10-24,1399,GRR,F,IMAGINING,TARIKA,COZZENE,PARAMOUNT SALES AGENT III,KAIZEN SALES AGENT,10000,,04/18/2018,MARYLAND,20,,,
Kentucky October Yearlings (2019),2019-10-24,1400,B,F,JIMMY CREED,TAXY LADY,BELLAMY ROAD,SOUTH POINT SALES AGENCY AGENT XVI,RAMON MORALES,3500,,03/15/2018,KENTUCKY,18,,,
Kentucky October Yearlings (2019),2019-10-24,1401,B,F,BOURBON COURAGE,TAYLOR JAGGER,STUDENT COUNCIL,STUART MORRIS AGENT III,ROSALEE DAVISON REV TRUST JOHN DAVISON AGENT,17000,,04/18/2018,MARYLAND,21,,,
Kentucky October Yearlings (2019),2019-10-24,1402,B,F,PALACE MALICE,TAYRONA,A. P. WARRIOR,WARRENDALE SALES AGENT XVIII,BRADLEY CARL MCNULTY,10000,Y,03/12/2018,KENTUCKY,3,,,
Kentucky October Yearlings (2019),2019-10-24,1403,B,F,SPEIGHTSTER,TEEWEE'S HOPE,DEFRERE,VANMETER GENTRY SALES AGENT LVII,NOT SOLD,52000,,03/22/2018,KENTUCKY,10,,,
Kentucky October Yearlings (2019),2019-10-24,1404,CH,F,FLATTER,TELL A GREAT STORY,BLUEGRASS CAT,LEGACY BLOODSTOCK AGENT XVI,RODRIGO NATHANAEL JAEN,9000,,05/06/2018,KENTUCKY,23,,,
Kentucky October Yearlings (2019),2019-10-24,1405,B,C,HAMPTON COURT (AUS),TELL A SECRET,BRITISH BLUE,BUCKLAND SALES (ZACH MADDEN) AGENT IV,SAM SEMKIN,5000,,05/07/2018,KENTUCKY,20,,,
Kentucky October Yearlings (2019),2019-10-24,1406,B,C,UPSTART,TELL ME AGAIN,MAJESTICPERFECTION,BRERETON C. JONES/AIRDRIE STUD INC. AGENT,NOT SOLD,35000,,04/06/2018,KENTUCKY,4,,,
Kentucky October Yearlings (2019),2019-10-24,1407,GRR,C,MIZZEN MAST,TEMPESTRA,TALE OF THE CAT,BUCKLAND SALES (ZACH MADDEN) AGENT I,ADR RACING STABLE LLC,14000,,04/27/2018,KENTUCKY,20,,,
Kentucky October Yearlings (2019),2019-10-24,1408,DKB,F,FLAT OUT,TEMPLE OF SAINTS,TEMPLE CITY,ARNOUD W. DOBBER,OUT,0,,01/10/2018,KENTUCKY,19,,,
Kentucky October Yearlings (2019),2019-10-24,1409,GRR,F,TAPIT,TEMPLE STREET,STREET CRY (IRE),GAINESWAY AGENT XLIV,MCMAHON & HILL BLDSTK AGENT FOR CLEBER MASSEY,240000,,03/06/2018,KENTUCKY,5&6,,,
Kentucky October Yearlings (2019),2019-10-24,1410,GRR,C,RACE DAY,TEN CROWNS,TENPINS,BROOKDALE SALES AGENT FOR MINEOLA FARM,NOT SOLD,4000,,04/01/2018,KENTUCKY,17,,,
Kentucky October Yearlings (2019),2019-10-24,1411,DKB,C,EFFINEX,TEN HARD WAYS,ROCK HARD TEN,SUSAN M. FORRESTER AGENT,KIM SMITH AGENT,10000,,04/30/2018,OKLAHOMA,8,,,
Kentucky October Yearlings (2019),2019-10-24,1412,CH,F,SPEIGHTSTER,TEN PIN TIDE,TENPINS,VINERY SALES AGENT XXXIII,NOT SOLD,15000,,04/23/2018,KENTUCKY,22 &23,,,
Kentucky October Yearlings (2019),2019-10-24,1413,CH,F,WILL TAKE CHARGE,TENSAS HARBOR,PRIVATE VOW,MULHOLLAND FARM AGENT,CARLO VACCAREZZA,15000,,03/26/2018,KENTUCKY,13,,,
Kentucky October Yearlings (2019),2019-10-24,1414,B,F,MSHAWISH,THATBOSSANOVASOUND,BLAME,TAYLOR MADE SALES AGENCY AGENT XIV,DON MILLS,1500,,01/10/2018,KENTUCKY,22 &23,,,
Kentucky October Yearlings (2019),2019-10-24,1415,B,C,KETTLE CORN,THEANA,UNCLE MO,SHEPPELL THOROUGHBREDS AGENT,CHARLIE WILLIAMS LLC,10000,,01/15/2018,OHIO,21,,,
Kentucky October Yearlings (2019),2019-10-24,1416,CH,F,FAST ANNA,THE CALYPSO MYTH,LEROIDESANIMAUX (BRZ),SOUTH POINT SALES AGENCY AGENT XXIII,WOODBERRY PAYNE AGENT,25000,,05/13/2018,PENNSYLVANIA,18,,,http://www.thorostride.com/sales/fasig-tipton-ky-october-2019-hip-1416
Kentucky October Yearlings (2019),2019-10-24,1417,B,F,BODEMEISTER,THE CAT'S REACH,BERNSTEIN,LITTLE'S BLOODSTOCK LLC AGENT,AMES DICKERSON ROBERTSON,45000,,04/02/2018,KENTUCKY,19,,,
Kentucky October Yearlings (2019),2019-10-24,1418,B,C,CINCO CHARLIE,THE NIAGARA QUEEN,LANGFUHR,SHAWHAN PLACE LLC AGENT FOR HEDBERG HALL INC.,JOE SHAW,10000,,03/12/2018,KENTUCKY,23,,,
Kentucky October Yearlings (2019),2019-10-24,1419,B,F,WAR DANCER,THEN SHE LAUGHS,DISTORTED HUMOR,SUMMERFIELD (FRANCIS & BARBARA VANLANGENDONCK) AGENT,TONJA TERRANOVA AGENT,40000,,03/10/2018,NEW YORK,3,,,http://www.thorostride.com/sales/fasig-tipton-ky-october-2019-hip-1419
Kentucky October Yearlings (2019),2019-10-24,1420,B,C,K ONE KING,THIRD TIME LUCKY,GILDED TIME,BUCKLAND SALES (ZACH MADDEN) AGENT XIV,BARRY LAKE,4000,,01/22/2018,KENTUCKY,20,,,
Kentucky October Yearlings (2019),2019-10-24,1421,DKB,F,BODEMEISTER,THIRSTY LADY,STAY THIRSTY,DENALI STUD AGENT XIV,OUT,0,,02/22/2018,KENTUCKY,1&2,,,
Kentucky October Yearlings (2019),2019-10-24,1422,B,F,EMPIRE MAKER,THIS CAT CAN DANCE,VINDICATION,GAINESWAY AGENT XXXI,SEVERN WAY STABLE,160000,,05/02/2018,KENTUCKY,5&6,,,
Kentucky October Yearlings (2019),2019-10-24,1423,B,C,ANIMAL KINGDOM,THISGIRLISSMILING,PETIONVILLE,FORT CHRISTOPHER'S THOROUGHBREDS LLC AGENT,SHERBOURNE LODGE,13000,,04/30/2018,NEW YORK,23,,,
Kentucky October Yearlings (2019),2019-10-24,1424,DKB,F,BAYERN,THRIVING,DEHERE,SUSAN M. FORRESTER AGENT,MICHAEL DUBB,65000,,04/18/2018,OKLAHOMA,8,,,
Kentucky October Yearlings (2019),2019-10-24,1425,B,F,MACHO UNO,THUNDER DAIMON,THUNDER GULCH,TAYLOR MADE SALES AGENCY AGENT XXXVI,NOT SOLD,19000,,04/06/2018,NEW YORK,22 &23,,,
Kentucky October Yearlings (2019),2019-10-24,1426,B,C,IRONICUS,THUNDERING EMILIA,THUNDER GULCH,TAYLOR MADE SALES AGENCY AGENT XXIII,COOL HILL FARM,55000,,04/01/2018,KENTUCKY,22 &23,,,
Kentucky October Yearlings (2019),2019-10-24,1427,B,F,KANTHAROS,THUS,TIZNOW,SHEPPELL THOROUGHBREDS AGENT FOR K.C. GARRETT FARM,SHELTOWEE FARM,10000,Y,05/04/2018,OHIO,21,,,
Kentucky October Yearlings (2019),2019-10-24,1428,B,C,DISTORTED HUMOR,TIA TAMINA,UNCLE MO,STONEHAVEN STEADINGS,FLYING COLORS STABLE,120000,Y,02/27/2018,NEW YORK,7,,,
Kentucky October Yearlings (2019),2019-10-24,1429,DKB,C,QUALITY ROAD,TIGER CAT LILLY,TALE OF THE CAT,TIMBER TOWN & CLIFTON FARM AGENT I,OUT,0,,05/25/2018,KENTUCKY,12,,,
Kentucky October Yearlings (2019),2019-10-24,1430,GRR,C,CREATIVE CAUSE,TILDE,SWISS YODELER,LANE'S END AGENT,WILLIAM A NICKS,2500,,04/22/2018,KENTUCKY,1&2,,,
Kentucky October Yearlings (2019),2019-10-24,1431,CH,F,PALACE,TILLIE THE HUNN,MATCHLITE,POPE MCLEAN (CRESTWOOD FARM) AGENT IX,CENTER STAGE FARM,2500,,05/17/2018,KENTUCKY,17,,,
Kentucky October Yearlings (2019),2019-10-24,1432,B,C,TAPIZAR,TIMELESS SPIRIT,DEVIL HIS DUE,GAINESWAY AGENT FOR NORMANDY FARM LLC,KEN MEYER,10000,,04/05/2018,KENTUCKY,5&6,,,
Kentucky October Yearlings (2019),2019-10-24,1433,B,C,LIAISON,TINA'S COMING,HARLAN'S HOLIDAY,JANET QUILLEN (STONE WOOD STABLE),RAUL GONZALEZ RAMIREZ,3000,,05/21/2018,KENTUCKY,8,,,
Kentucky October Yearlings (2019),2019-10-24,1434,CH,C,GIO PONTI,TIPPERARY MOON,MALIBU MOON,VINERY SALES AGENT VII,OUT,0,,03/05/2018,KENTUCKY,22 &23,,,
Kentucky October Yearlings (2019),2019-10-24,1435,DKB,F,CONGRATS,TIPSY AT MIDNIGHT,MIDNIGHT LUTE,SALLY THOMAS AGENT I,HIDDEN BROOK FARM AGENT,17000,,03/27/2018,KENTUCKY,20,,,
Kentucky October Yearlings (2019),2019-10-24,1436,DKB,C,DISTORTED HUMOR,TIZACITY,TIZWAY,CANDY MEADOWS SALES AGENT IV,NEWDAY TC KEVIN MCKATHAN AGT,165000,,04/30/2018,KENTUCKY,12,,,
Kentucky October Yearlings (2019),2019-10-24,1437,B,C,OVERANALYZE,TIZ ADDICTEDTOLOVE,TIZNOW,COLUMBIANA FARM AGENT III,CHRIS MELTON,2500,,01/28/2018,KENTUCKY,17,,,
Kentucky October Yearlings (2019),2019-10-24,1438,GRR,C,FLASHBACK,TIZA SMARTY,TIZNOW,VINERY SALES AGENT XXI,OUT,0,,03/21/2018,OKLAHOMA,22 &23,,,
Kentucky October Yearlings (2019),2019-10-24,1439,DKB,F,CANDY RIDE (ARG),TIZ BLU,TIZNOW,TAYLOR MADE SALES AGENCY AGENT XLVI,KINGS EQUINE,12000,,01/26/2018,KENTUCKY,22 &23,,,
Kentucky October Yearlings (2019),2019-10-24,1440,DKB,F,MACHO UNO,TIZ DE MAYO,TIZNOW,EQUUS FARM (JERRY CUMMINS/PAUL ADAMS) AGENT I,GRASSROOTS TRN & SALES LLC,40000,,02/19/2018,KENTUCKY,14,,,
Kentucky October Yearlings (2019),2019-10-24,1441,GRR,C,LIAM'S MAP,TIZJET,TIZNOW,BLUEWATER SALES LLC AGENT,OUT,0,,02/26/2018,KENTUCKY,21,,,
Kentucky October Yearlings (2019),2019-10-24,1442,B,F,SUMMER FRONT,TIZ POSSIBLE,TIZNOW,BRERETON C. JONES/AIRDRIE STUD INC. AGENT,NOT SOLD,45000,,02/15/2018,KENTUCKY,4,,,
Kentucky October Yearlings (2019),2019-10-24,1443,DKB,C,VIOLENCE,TIZ SHOPPING,TIZNOW,VINERY SALES AGENT IX,RODRIGO NATHANAEL JAEN,2500,,05/10/2018,ONTARIO,22 &23,,,
Kentucky October Yearlings (2019),2019-10-24,1444,GRR,F,DOMINUS,TIZ SWEET BLISS,EXCHANGE RATE,COLUMBIANA FARM AGENT III,SEAN S PERL BLOODSTOCK LLC,13000,,01/24/2018,KENTUCKY,17,,,
Kentucky October Yearlings (2019),2019-10-24,1445,B,F,BERNARDINI,TIZTALENTED,TIZNOW,BROOKDALE SALES AGENT FOR AUDLEY FARM EQUINE,PATRICK MCBURNEY AGENT,80000,,03/04/2018,VIRGINIA,17,,,
Kentucky October Yearlings (2019),2019-10-24,1446,B,F,STAY THIRSTY,TIZ THE DAY,TIZNOW,ALLIANCE SALES AGENCY,NOT SOLD,10000,,04/01/2018,KENTUCKY,7,,,
Kentucky October Yearlings (2019),2019-10-24,1447,CH,C,DAAHER,TIZ THE MAMBO,TIZNOW,VINERY SALES AGENT FOR SYCAMORE BARK THOROUGHBREDS LLC,NOT SOLD,12000,,05/02/2018,KENTUCKY,22 &23,,,
Kentucky October Yearlings (2019),2019-10-24,1448,DKB,F,TAPIT,TOCCET OVER,TOCCET,STUART MORRIS AGENT V,OUT,0,,03/10/2018,FLORIDA,21,,,
Kentucky October Yearlings (2019),2019-10-24,1449,DKB,C,WICKED STRONG,TO MY DELIGHT,CAPE TOWN,HILL 'N' DALE SALES AGENCY AGENT,A J FOYT JR,9000,,04/24/2018,KENTUCKY,4,,,
Kentucky October Yearlings (2019),2019-10-24,1450,DKB,C,JACK MILTON,TOO MUCH XCITEMENT,UNUSUAL HEAT,EQUUS FARM (JERRY CUMMINS/PAUL ADAMS) AGENT I,WE'RE RUNNING,1700,,05/06/2018,KENTUCKY,14,,,
Kentucky October Yearlings (2019),2019-10-24,1451,CH,F,DAREDEVIL,TOP SEEDED,OLD TOPPER,FORBUSH FARM,VG INVESTMENTS,7000,,03/30/2018,KENTUCKY,14,,,
Kentucky October Yearlings (2019),2019-10-24,1452,B,C,HIT IT A BOMB,TOP TIER,KING OF KINGS (IRE),WOODFORD THOROUGHBREDS AGENT,FREDRICKTOWN FARMS,5000,,05/11/2018,FLORIDA,12,,,
Kentucky October Yearlings (2019),2019-10-24,1453,CH,F,FLASHBACK,TOP TIME,MARQUETRY,LITTLE'S BLOODSTOCK LLC AGENT,NOT SOLD,14000,,03/13/2018,KENTUCKY,19,,,
Kentucky October Yearlings (2019),2019-10-24,1454,B,F,QUALITY ROAD,TORTUGA LADY,THUNDER GULCH,BRIDIE HARRISON AGENT FOR PETER E. BLUM THOROUGHBREDS,NOT SOLD,290000,,03/09/2018,KENTUCKY,8,,,
Kentucky October Yearlings (2019),2019-10-24,1455,GRR,F,THE FACTOR,TORTUGA TOWN,LEESTOWN,ARNOUD W. DOBBER,BUDDY COLLINS,3200,,03/20/2018,KENTUCKY,19,,,
Kentucky October Yearlings (2019),2019-10-24,1456,B,F,MSHAWISH,TOSHA,ANY GIVEN SATURDAY,TERRAZAS THOROUGHBREDS AGENT I,EDUARDO PRADO,2000,,03/24/2018,KENTUCKY,23,,,
Kentucky October Yearlings (2019),2019-10-24,1457,CH,C,MACLEAN'S MUSIC,TO THE MOON ALICE,MALIBU MOON,SUMMERFIELD (FRANCIS & BARBARA VANLANGENDONCK) AGENT FOR OLD TAVERN FARM,NOT SOLD,24000,,01/23/2018,KENTUCKY,3,,,http://www.thorostride.com/sales/fasig-tipton-ky-october-2019-hip-1457
Kentucky October Yearlings (2019),2019-10-24,1458,B,C,RUN AWAY AND HIDE,TOUCH THE SKY,CANDY RIDE (ARG),VINERY SALES AGENT XLII,CIAVARDONE BREEDING INC.,15000,,05/17/2018,KENTUCKY,22 &23,,,
Kentucky October Yearlings (2019),2019-10-24,1459,CH,F,BIG BLUE KITTEN,TOUTE ALLURE,DYNAFORMER,BUCKLAND SALES (ZACH MADDEN) AGENT,LARRY LAY,1500,,01/25/2018,KENTUCKY,20,,,
Kentucky October Yearlings (2019),2019-10-24,1460,DKB,C,ATREIDES,TRADITIONALIST,APTITUDE,PARAMOUNT SALES AGENT FOR JUSTICE FARM,GENARO GARCIA & STEVE H LEWIS,15000,,03/06/2018,INDIANA,20,,,
Kentucky October Yearlings (2019),2019-10-24,1461,CH,F,TONALIST,TRAFFIC BLIMP,MEDAGLIA D'ORO,TIMBER TOWN & CLIFTON FARM AGENT FOR R. S. EVANS,LARRYKEYNERMEJIASLLC,3000,,04/15/2018,KENTUCKY,12,,,
Kentucky October Yearlings (2019),2019-10-24,1462,B,F,EMPIRE MAKER,TRAPPINGS,SEEKING THE GOLD,BLUEWATER SALES LLC AGENT XIV,OUT,0,,03/25/2018,KENTUCKY,21,,,
Kentucky October Yearlings (2019),2019-10-24,1463,B,F,FLAT OUT,TRAVEL PLANS,NOTEBOOK,EQUUS FARM (JERRY CUMMINS/PAUL ADAMS) AGENT I,FRANKLIN AVE EQUINE LLC,10000,,01/18/2018,KENTUCKY,14,,,
Kentucky October Yearlings (2019),2019-10-24,1464,DKB,C,SUMMER FRONT,TREASURE FOREVER,SKY MESA,DARBY DAN FARM AGENT I,EMERALD EQUINE,6000,,04/04/2018,KENTUCKY,16,,,
Kentucky October Yearlings (2019),2019-10-24,1465,B,F,TEXAS RED,TRENDY WENDY,SMARTY JONES,FAIRYTAIL FARMS LLP AGENT FOR KMA RANCH,NOT SOLD,1000,,02/11/2018,KENTUCKY,22,,,
Kentucky October Yearlings (2019),2019-10-24,1466,B,C,KITTEN'S JOY,TREQQER,CAPE CROSS (IRE),RAMSEY FARM AGENT,KEVIN RICE,8000,,05/21/2018,KENTUCKY,21,,,
Kentucky October Yearlings (2019),2019-10-24,1467,DKB,C,SHANGHAI BOBBY,TRES OSOS,MALIBU MOON,HUNTER VALLEY FARM AGENT,NOT SOLD,19000,,03/04/2018,KENTUCKY,9,,,
Kentucky October Yearlings (2019),2019-10-24,1468,CH,F,MAJESTICPERFECTION,TRIBAL COUNCIL,INDIAN CHARLIE,BRERETON C. JONES/AIRDRIE STUD INC. AGENT,NOT SOLD,14000,,05/18/2018,KENTUCKY,4,,,
Kentucky October Yearlings (2019),2019-10-24,1469,GRR,C,TAPITURE,TRIFOLIUM,CANDY RIDE (ARG),TAYLOR MADE SALES AGENCY AGENT III,TRULYBLUE EQUINE,27000,,01/21/2018,TEXAS,22 &23,,,
Kentucky October Yearlings (2019),2019-10-24,1470,DKB,C,SHAKIN IT UP,TRIPPLE GIFT,TRIPPI,ROBINHURST FARM,TARI BROCKLEBANK AGENT,12000,,04/17/2018,KENTUCKY,8,,,
Kentucky October Yearlings (2019),2019-10-24,1471,B,C,TAPITURE,TRISHA,FOREST CAMP,BALLYSAX BLOODSTOCK AGENT VI,MICHAEL NEATHERLIN,130000,,02/20/2018,KENTUCKY,18,,,
Kentucky October Yearlings (2019),2019-10-24,1472,DKB,F,TIZNOW,TRIUNE,E DUBAI,BLUEWATER SALES LLC AGENT VII,NOT SOLD,105000,,04/18/2018,KENTUCKY,21,,,
Kentucky October Yearlings (2019),2019-10-24,1473,CH,C,MUCHO MACHO MAN,TROJENNA,LAWYER RON,HIDDEN BROOK AGENT XVI,C G RACING STABLES LLC,2500,,01/20/2018,KENTUCKY,22,,,
Kentucky October Yearlings (2019),2019-10-24,1474,DKB,F,TOURIST,TROPHY,GRAND SLAM,DARBY DAN FARM AGENT VII,M. HEMINGWAY AGENT,10000,,03/19/2018,KENTUCKY,16,,,
Kentucky October Yearlings (2019),2019-10-24,1475,GRR,C,EXAGGERATOR,TROPHY GAL,AWESOME AGAIN,EATON SALES AGENT,FRANKLIN G SMITH AGENT,100000,,04/12/2018,ONTARIO,7,,,
Kentucky October Yearlings (2019),2019-10-24,1476,B,C,CENTRAL BANKER,TROUT RIVER RED,INDIAN CHARLIE,CROSS KEYS SALES LLC AGENT I,BIG EASY RACING & SALES,2000,,04/25/2018,NEW YORK,16,,,
Kentucky October Yearlings (2019),2019-10-24,1477,DKB,C,COMMISSIONER,TRUE ENDEAVOR,AFTER MARKET,DROMOLAND FARM INC. (GERRY DILGER) AGENT V,ROD MCVEY,60000,,03/16/2018,KENTUCKY,4,,,
Kentucky October Yearlings (2019),2019-10-24,1478,B,C,FAST ANNA,TRUE WILL,YES IT'S TRUE,BUCKLAND SALES (ZACH MADDEN) AGENT V,STANLEY DUNN,50000,,04/18/2018,KENTUCKY,20,,,
Kentucky October Yearlings (2019),2019-10-24,1479,B,F,DIALED IN,TRULY BOUND,HARLAN'S HOLIDAY,ST GEORGE SALES AGENT X,MAYBERRY FARM,130000,,02/26/2018,KENTUCKY,10,,,
Kentucky October Yearlings (2019),2019-10-24,1480,B,F,NORMANDY INVASION,TURA ISABEL,FOREST DANGER,GAINESWAY AGENT II,PAUL SHARP AGENT II,9500,,02/23/2018,NEW YORK,5&6,,,
Kentucky October Yearlings (2019),2019-10-24,1481,DKB,F,FROSTED,TWILIGHT ROSE,SMART STRIKE,LEGACY BLOODSTOCK AGENT,FLY BY,5500,,05/08/2018,KENTUCKY,23,,,
Kentucky October Yearlings (2019),2019-10-24,1482,DKB,C,KANTHAROS,TWITTER PIE,HARLAN'S HOLIDAY,ST GEORGE SALES AGENT XVIII,OUT,0,,05/12/2018,KENTUCKY,10,,,
Kentucky October Yearlings (2019),2019-10-24,1483,B,F,NOBLE MISSION (GB),TWIZZLER,TWIRLING CANDY,STALLION VENTURES,OUT,0,,05/11/2018,KENTUCKY,21,,,
Kentucky October Yearlings (2019),2019-10-24,1484,CH,F,CARPE DIEM,TWO QUARTERS,MR. JOHN,VANMETER GENTRY SALES AGENT I,OUT,0,,03/16/2018,KENTUCKY,10,,,
Kentucky October Yearlings (2019),2019-10-24,1485,B,F,PALACE MALICE,TWO TO ONE,YESBYJIMMINY,BETZ THOROUGHBREDS INC. AGENT,NOT SOLD,16000,,03/18/2018,KENTUCKY,5,,,
Kentucky October Yearlings (2019),2019-10-24,1486,B,C,POINT OF ENTRY,ULTIMATE SPEED,ENGLISH CHANNEL,ZEKE KOBAK AGENT,ORACLE BLOODSTOCK AGENT,23000,,04/24/2018,KENTUCKY,8,,,
Kentucky October Yearlings (2019),2019-10-24,1487,B,F,PALACE MALICE,ULTRA VOW,BROKEN VOW,TAYLOR MADE SALES AGENCY AGENT II,NOT SOLD,14000,,03/27/2018,KENTUCKY,22 &23,,,
Kentucky October Yearlings (2019),2019-10-24,1488,DKB,F,FLAT OUT,UNBRIDLED MAGIC,GIANT'S CAUSEWAY,SUSAN M. FORRESTER AGENT II,JCE RACING/TRAVIS DURR,20000,,04/07/2018,KENTUCKY,8,,,
Kentucky October Yearlings (2019),2019-10-24,1489,B,F,TAPIT,UNBRIDLED'S BELLA,UNBRIDLED'S SONG,DENALI STUD AGENT XXVII,OUT,0,,04/27/2018,KENTUCKY,1&2,,,
Kentucky October Yearlings (2019),2019-10-24,1490,B,F,SPEIGHTSTER,UNBRIDLED SONYA,UNBRIDLED'S SONG,WOODFORD THOROUGHBREDS AGENT XIII,EDUARDO PRADO,1000,,03/03/2018,NEW YORK,12,,,
Kentucky October Yearlings (2019),2019-10-24,1491,DKB,F,TIZNOW,UNCONTROLLED,UNBRIDLED'S SONG,KATIERICH FARMS,NOT SOLD,9500,,04/10/2018,KENTUCKY,14,,,
Kentucky October Yearlings (2019),2019-10-24,1492,B,C,QUALITY ROAD,UNFORGETTABLE,EMPIRE MAKER,BRIDIE HARRISON AGENT FOR PETER E. BLUM THOROUGHBREDS,MARC TACHER,250000,,03/14/2018,KENTUCKY,8,,,
Kentucky October Yearlings (2019),2019-10-24,1493,DKB,F,OUTWORK,UNFORGOTTEN,NORTHERN AFLEET,BILL MURPHY AGENT XII,OUT,0,,03/28/2018,KENTUCKY,19,,,
Kentucky October Yearlings (2019),2019-10-24,1494,DKB,F,TOURIST,UNION BOSS,DIXIE UNION,BUCKLAND SALES (ZACH MADDEN) AGENT XVI,NOT SOLD,7500,,04/22/2018,KENTUCKY,20,,,
Kentucky October Yearlings (2019),2019-10-24,1495,B,C,QUALITY ROAD,UNION CITY,DIXIE UNION,EATON SALES AGENT,OUT,0,,05/08/2018,KENTUCKY,7,,,
Kentucky October Yearlings (2019),2019-10-24,1496,DKB,F,DIALED IN,UNIQUE RIDE,TALE OF THE CAT,KATIERICH FARMS,JAMIE B BLOODSTOCK,50000,,05/13/2018,KENTUCKY,14,,,
Kentucky October Yearlings (2019),2019-10-24,1497,DKB,C,FLAT OUT,UPJUMPEDTHEDEVIL,TIZDEJAVU,STUART MORRIS AGENT,RICEHORSE STABLE,10000,,03/19/2018,KENTUCKY,21,,,
Kentucky October Yearlings (2019),2019-10-24,1498,B,F,JESS'S DREAM,UPPER GULCH,GULCH,ARNOUD W. DOBBER,NOT SOLD,11000,,02/18/2018,FLORIDA,19,,,
Kentucky October Yearlings (2019),2019-10-24,1499,B,C,RACE DAY,U S GOLD,U S RANGER,PARAMOUNT SALES AGENT FOR JUSTICE FARM,PAUL SHARP AGENT III,25000,,02/25/2018,INDIANA,20,,,
Kentucky October Yearlings (2019),2019-10-24,1500,B,F,HARRY'S HOLIDAY,VAIN VIXEN,GOOD AND TOUGH,PARAMOUNT SALES AGENT FOR JUSTICE FARM,TONY DURAN,20000,,02/02/2018,INDIANA,20,,,
Kentucky October Yearlings (2019),2019-10-24,1501,DKB,C,OVERANALYZE,VAL'S DIABLO,DIABLO,BILL MURPHY AGENT XII,ROBERT WEBB,3500,,01/21/2018,KENTUCKY,19,,,
Kentucky October Yearlings (2019),2019-10-24,1502,CH,F,ENGLISH CHANNEL,VALSEUSE,KITTEN'S JOY,PARAMOUNT SALES AGENT VIII,CALUMET FARM,35000,,02/04/2018,KENTUCKY,20,,,
Kentucky October Yearlings (2019),2019-10-24,1503,B,C,CANDY RIDE (ARG),VANQUISHED,EMPIRE MAKER,EATON SALES AGENT,CARLO VACCAREZZA,560000,,02/18/2018,KENTUCKY,7,,,
Kentucky October Yearlings (2019),2019-10-24,1504,GRR,F,SHANGHAI BOBBY,VAPOUR MUSING (GB),MANDURO (GER),PARAMOUNT SALES AGENT XXXVI,OUT,0,,03/18/2018,KENTUCKY,20,,,
Kentucky October Yearlings (2019),2019-10-24,1505,CH,F,TONALIST,VARUS,VICAR,TRACKSIDE FARM (TOM EVANS) AGENT VII,DENNIS CLARAMUNT,6000,,01/28/2018,KENTUCKY,21,,,
Kentucky October Yearlings (2019),2019-10-24,1506,DKB,C,DISTORTED HUMOR,VASSAR,ROYAL ACADEMY,LANE'S END AGENT,NOT SOLD,240000,,05/06/2018,KENTUCKY,1&2,,,
Kentucky October Yearlings (2019),2019-10-24,1507,B,C,FLATTER,VEGAS TRIP,ALDEBARAN,SUMMERFIELD (FRANCIS & BARBARA VANLANGENDONCK) AGENT,OUT,0,,04/22/2018,KENTUCKY,3,,,
Kentucky October Yearlings (2019),2019-10-24,1508,DKB,C,TOURIST,VENTOUX,ROCK HARD TEN,HIDDEN BROOK AGENT X,DIVERSIFIED PEDIGREE ANALYSIS,65000,,03/13/2018,KENTUCKY,22,,,
Kentucky October Yearlings (2019),2019-10-24,1509,DKB,F,TOURIST,VERUSCHKA,TAPIT,STUART MORRIS AGENT VI,CHAPO RACING,10000,Y,01/15/2018,KENTUCKY,21,,,
Kentucky October Yearlings (2019),2019-10-24,1510,CH,F,VERRAZANO,VERY VERY,ROYAL ACADEMY,DARBY DAN FARM AGENT II,ANDREA STABLES,2000,,03/11/2018,KENTUCKY,16,,,
Kentucky October Yearlings (2019),2019-10-24,1511,GRR,F,TAMARKUZ,VESPER LYND,HENNY HUGHES,KEENE RIDGE FARM,PEA EYE PARKER,7500,,04/15/2018,KENTUCKY,9,,,
Kentucky October Yearlings (2019),2019-10-24,1512,DKB,C,FLATTER,VEXED,ARCH,OXMOOR SALES AGENT,OUT,0,,01/27/2018,KENTUCKY,13,,,
Kentucky October Yearlings (2019),2019-10-24,1513,B,C,ORB,VIBRATO,UNBRIDLED'S SONG,BURLESON FARMS AGENT,LARRY DEMERITTE,5000,,02/04/2018,KENTUCKY,17,,,
Kentucky October Yearlings (2019),2019-10-24,1514,CH,C,SKY MESA,VICKY TICKY TAVIE,EDDINGTON,LISA & TIM TURNEY AGENT,GOLDEN ROCK,31000,,02/13/2018,KENTUCKY,12,,,
Kentucky October Yearlings (2019),2019-10-24,1515,CH,C,CONGRATS,VICTORIA'S HOPE,RUN AWAY AND HIDE,TRACKSIDE FARM (TOM EVANS) AGENT FOR ASBURY PARK,RAUL GONZALEZ RAMIREZ,5000,,04/14/2018,KENTUCKY,21,,,
Kentucky October Yearlings (2019),2019-10-24,1516,CH,F,SPEIGHTSTER,VICTORIOUS HEART,LION HEARTED,LITTLE'S BLOODSTOCK LLC AGENT,STUD IGUAL RACING LLC,20000,,03/12/2018,VIRGINIA,19,,,
Kentucky October Yearlings (2019),2019-10-24,1517,B,C,AIR FORCE BLUE,VIEW FROM THE TOP,SKY MESA,HUNTER VALLEY FARM AGENT,NOT SOLD,39000,,02/14/2018,KENTUCKY,9,,,
Kentucky October Yearlings (2019),2019-10-24,1518,DKB,C,TEMPLE CITY,VIKKI'S HONOR,BARTOK (IRE),TERRAZAS THOROUGHBREDS AGENT,DANCING WIND STABLES LLC,2500,,03/07/2018,KENTUCKY,23,,,
Kentucky October Yearlings (2019),2019-10-24,1519,CH,F,SPEIGHTSTER,VINTAGE RED,EXPLOSIVE RED,SUSAN Y. FOREMAN AGENT,OUT,0,,03/27/2018,ONTARIO,11,,,
Kentucky October Yearlings (2019),2019-10-24,1520,DKB,F,TEMPLE CITY,VINYATA,VINDICATION,FOUR STAR SALES AGENT,DEBORAH MCCUTCHEN,11000,,04/28/2018,KENTUCKY,16,,,
Kentucky October Yearlings (2019),2019-10-24,1521,B,F,HONOR CODE,VIOLINIST,UNBRIDLED'S SONG,SELECT SALES AGENT III,OUT,0,,05/08/2018,KENTUCKY,6,,,
Kentucky October Yearlings (2019),2019-10-24,1522,CH,F,COMMISSIONER,VISION OF LIZ,POLLARD'S VISION,CROWNING POINT FARM AGENT,NOT SOLD,12000,,04/24/2018,KENTUCKY,18,,,
Kentucky October Yearlings (2019),2019-10-24,1523,DKB,F,SKY KINGDOM,VOODOO'S VISION,PETIONVILLE,ALLIANCE SALES AGENCY AGENT II,NOT SOLD,5000,,03/12/2018,OKLAHOMA,7,,,
Kentucky October Yearlings (2019),2019-10-24,1524,B,C,UNCAPTURED,WAC,LOST SOLDIER,PARAMOUNT SALES AGENT XXXIX,NOT SOLD,39000,,03/14/2018,FLORIDA,20,,,
Kentucky October Yearlings (2019),2019-10-24,1525,B,F,MALIBU MOON,WAKE UP SMILING,DISTORTED HUMOR,DENALI STUD AGENT FOR EDITION FARM,M & L RACING STABLE,15000,,02/06/2018,NEW YORK,1&2,,,
Kentucky October Yearlings (2019),2019-10-24,1526,B,C,GOLDENCENTS,WALKIN IN A SHADOW,SHARP HUMOR,S & G THOROUGHBREDS AGENT,THE ELKSTONE GROUP LLC,20000,,03/05/2018,INDIANA,12,,,
Kentucky October Yearlings (2019),2019-10-24,1527,DKB,F,DISTORTED HUMOR,WALTZING AMORE,PETIONVILLE,WAR HORSE PLACE LLC AGENT II,NOT SOLD,72000,,04/09/2018,LOUISIANA,7,,,
Kentucky October Yearlings (2019),2019-10-24,1528,DKB,C,GOLDENCENTS,WALTZ WITH CHESTER,CHESTER HOUSE,LEGACY BLOODSTOCK AGENT XX,KUEBER RACING LIZ CROW AGENT,170000,,05/24/2018,KENTUCKY,23,,,
Kentucky October Yearlings (2019),2019-10-24,1529,B,C,CALEB'S POSSE,WAR KILL,WAR CHANT,VINERY SALES AGENT XIX,CJ THOROUGHBREDS,22000,,03/28/2018,KENTUCKY,22 &23,,,
Kentucky October Yearlings (2019),2019-10-24,1530,GRR,C,LIAM'S MAP,WAR TIGRESS,WAR CHANT,GAINESWAY AGENT FOR WAYMORE LLC,INGORDO BLOODSTOCK,285000,,03/28/2018,KENTUCKY,5&6,,,
Kentucky October Yearlings (2019),2019-10-24,1531,DKB,F,LAOBAN,WATER OF LIFE,HENNESSY,LANE'S END AGENT,VALENTINE JIMENEZ,23000,,03/14/2018,NEW YORK,1&2,,,
Kentucky October Yearlings (2019),2019-10-24,1532,CH,F,STREET BOSS,WELCOME ADDITION,THEATRICAL (IRE),JAMES B. KEOGH (GROVENDALE) AGENT II,ANDREA STABLES,7000,,03/13/2018,KENTUCKY,9,,,
Kentucky October Yearlings (2019),2019-10-24,1533,CH,F,ORB,WELCOME GUEST,UNBRIDLED'S SONG,DARBY DAN FARM AGENT IX,DAN PREISS AGT/JEROME RUSSELL,15000,,03/27/2018,CALIFORNIA,16,,,
Kentucky October Yearlings (2019),2019-10-24,1534,B,F,ANIMAL KINGDOM,WELL AT THE TOP (IRE),SADLER'S WELLS,LITTLE'S BLOODSTOCK LLC AGENT,NOT SOLD,19000,,04/23/2018,NEW YORK,19,,,
Kentucky October Yearlings (2019),2019-10-24,1535,B,F,SHANGHAI BOBBY,WELLESLEY GIRL,READ THE FOOTNOTES,DENALI STUD AGENT FOR EDITION FARM,JAY MCKEE,5000,,02/26/2018,NEW YORK,1&2,,,
Kentucky October Yearlings (2019),2019-10-24,1536,B,C,FIRST SAMURAI,WELL HEELED LADY,BROAD BRUSH,SUMMERFIELD (FRANCIS & BARBARA VANLANGENDONCK) AGENT,OUT,0,,03/03/2018,KENTUCKY,3,,,
Kentucky October Yearlings (2019),2019-10-24,1537,GRR,C,SHANGHAI BOBBY,WELL MONIED,MARIA'S MON,EATON SALES AGENT,OUT,0,,04/23/2018,KENTUCKY,7,,,
Kentucky October Yearlings (2019),2019-10-24,1538,DKB,C,COMPETITIVE EDGE,WESTERN RANSOM,RED RANSOM,FORT CHRISTOPHER'S THOROUGHBREDS LLC AGENT,LEJEUNE TRAINING,65000,,04/05/2018,NEW YORK,23,,,
Kentucky October Yearlings (2019),2019-10-24,1539,B,C,KEEP UP,WESTERN WIND,GONE WEST,BUCKLAND SALES (ZACH MADDEN) AGENT IV,ROBERTO ARANGO,4000,,02/10/2018,KENTUCKY,20,,,
Kentucky October Yearlings (2019),2019-10-24,1540,B,C,SHANGHAI BOBBY,WEST FLAMINGO,BROKEN VOW,POPE MCLEAN (CRESTWOOD FARM) AGENT II,NOT SOLD,1000,,02/28/2018,KENTUCKY,17,,,
Kentucky October Yearlings (2019),2019-10-24,1541,DKB,F,UPSTART,WEST KENTUCKY,YANKEE VICTOR,ST GEORGE SALES AGENT XXI,J MITCHELL MCMAHON,12000,,04/27/2018,KENTUCKY,10,,,
Kentucky October Yearlings (2019),2019-10-24,1542,B,C,HONOR CODE,WHENTHEDOVEFLIES,DOVE HUNT,HILL 'N' DALE SALES AGENCY AGENT,OUT,0,,03/15/2018,KENTUCKY,4,,,
Kentucky October Yearlings (2019),2019-10-24,1543,B,F,MIDSHIPMAN,WHERE THERE'S LOVE,ALDEBARAN,CEDAR BROOK FARM AGENT FOR BETTY B. THOMAS DVM,RICEHORSE STABLE,1000,,03/24/2018,KENTUCKY,13,,,
Kentucky October Yearlings (2019),2019-10-24,1544,B,F,FLINTSHIRE (GB),WHIM,MORE THAN READY,BROOKDALE SALES AGENT,JACK H SMITH III,33000,,04/11/2018,KENTUCKY,17,,,
Kentucky October Yearlings (2019),2019-10-24,1545,B,F,WICKED STRONG,WHISKEY TAIL,MAJESTIC WARRIOR,BRANDYWINE FARM (JIM & PAM ROBINSON),CENTER STAGE FARM,2000,,02/20/2018,KENTUCKY,15,,,
Kentucky October Yearlings (2019),2019-10-24,1546,DKB,C,MACLEAN'S MUSIC,WHITE HART LANE,BERNARDINI,TAYLOR MADE SALES AGENCY AGENT XXV,OUT,0,,01/29/2018,KENTUCKY,22 &23,,,
Kentucky October Yearlings (2019),2019-10-24,1547,B,F,SPEIGHTSTER,WHITE SLIPPERS,SILVER DEPUTY,BILL MURPHY AGENT VI,NUTTING HILL,35000,,04/01/2018,KENTUCKY,19,,,
Kentucky October Yearlings (2019),2019-10-24,1548,B,C,MAJESTICPERFECTION,WHOM SHALL I FEAR,SOTO,DROMOLAND FARM INC. (GERRY DILGER) AGENT III,ALEXANDRO CENTOFANTI,8000,,05/21/2018,KENTUCKY,4,,,
Kentucky October Yearlings (2019),2019-10-24,1549,CH,F,POWER BROKER,WHY THE MYSTERY,WHYWHYWHY,PARKWAY FARM INC. AGENT,NOT SOLD,1000,,04/23/2018,KENTUCKY,12,,,
Kentucky October Yearlings (2019),2019-10-24,1550,B,F,OUTWORK,WICKEDLY,MR. GREELEY,GAINESWAY AGENT II,JCE RACING/TRAVIS DURR,95000,,03/26/2018,KENTUCKY,5&6,,,
Kentucky October Yearlings (2019),2019-10-24,1551,GRR,C,HARRY'S HOLIDAY,WIGGLE,SILVER BUCK,PARAMOUNT SALES AGENT FOR JUSTICE FARM,TONY DURAN,15000,,03/03/2018,INDIANA,20,,,
Kentucky October Yearlings (2019),2019-10-24,1552,DKB,F,TAPITURE,WILD HOPE,QUAKER RIDGE,CROWNING POINT FARM AGENT,DENNIS CLARAMUNT,9000,,04/07/2018,KENTUCKY,18,,,
Kentucky October Yearlings (2019),2019-10-24,1553,B,F,AIR FORCE BLUE,WILD POPPY,EL PRADO (IRE),ST GEORGE SALES AGENT XII,OUT,0,,04/28/2018,KENTUCKY,10,,,
Kentucky October Yearlings (2019),2019-10-24,1554,B,F,BROKEN VOW,WILLOFTHEWISP,CONGRATS,DENALI STUD AGENT IX,PRO SELECTION,25000,,03/29/2018,KENTUCKY,1&2,,,
Kentucky October Yearlings (2019),2019-10-24,1555,CH,C,SKY MESA,WILLOW CREEK,VICAR,MILESTONE FARM,OUT,0,,02/16/2018,KENTUCKY,19,,,
Kentucky October Yearlings (2019),2019-10-24,1556,B,F,DOMINUS,WIMBLEDON STAR,WIMBLEDON,VINERY SALES AGENT XLIII,CODY DURR TRAVIS DURR AGENT,2200,,03/25/2018,KENTUCKY,22 &23,,,
Kentucky October Yearlings (2019),2019-10-24,1557,GRR,C,STRONG MANDATE,WIND ENERGY,UNBRIDLED ENERGY,JAMES B. KEOGH (GROVENDALE) AGENT III,K.O.I.D.,20000,,03/06/2018,KENTUCKY,9,,,
Kentucky October Yearlings (2019),2019-10-24,1558,B,C,GHOSTZAPPER,WINDING WAY,MALIBU MOON,WARRENDALE SALES AGENT FOR STONESTREET BRED & RAISED,KENNETH MCPEEK AGENT,400000,,05/14/2018,KENTUCKY,3,,,
Kentucky October Yearlings (2019),2019-10-24,1559,GRR,C,RACE DAY,WINDY PRAIRIE,TALE OF THE CAT,LEGACY BLOODSTOCK AGENT III,FISHER STABLE,6500,,04/14/2018,KENTUCKY,23,,,
Kentucky October Yearlings (2019),2019-10-24,1560,B,C,OVERANALYZE,WINE DEVINE,WILBURN,VINERY SALES AGENT XVIII,OUT,0,,04/19/2018,KENTUCKY,22 &23,,,
Kentucky October Yearlings (2019),2019-10-24,1561,B,C,ORB,WINNING CALL,DEPUTY MINISTER,GAINESWAY AGENT XXXVII,ALL IN SALES,80000,,05/05/2018,KENTUCKY,5&6,,,
Kentucky October Yearlings (2019),2019-10-24,1562,CH,F,DAREDEVIL,WINONA,LEMON DROP KID,VINERY SALES AGENT FOR SYCAMORE BARK THOROUGHBREDS LLC,OUT,0,,03/02/2018,KENTUCKY,22 &23,,,
Kentucky October Yearlings (2019),2019-10-24,1563,B,F,MSHAWISH,WINTER PALACE,SMART STRIKE,LITTLE'S BLOODSTOCK LLC AGENT,HECTOR H BARAJAS,9000,,02/13/2018,KENTUCKY,19,,,
Kentucky October Yearlings (2019),2019-10-24,1564,DKB,C,MIDNIGHT LUTE,WISH AWAY,GIANT'S CAUSEWAY,WARRENDALE SALES AGENT V,CHAMPION EQUINE LLC,100000,,04/12/2018,KENTUCKY,3,,,
Kentucky October Yearlings (2019),2019-10-24,1565,B,C,CAIRO PRINCE,WISH KEEPER,HARD SPUN,ST GEORGE SALES AGENT II,MARC TACHER,20000,,03/26/2018,KENTUCKY,10,,,
Kentucky October Yearlings (2019),2019-10-24,1566,B,F,MORE THAN READY,WITCHY ONE,SMART STRIKE,BUCKLAND SALES (ZACH MADDEN) AGENT XII,JAY MCKEE,40000,,04/17/2018,KENTUCKY,20,,,
Kentucky October Yearlings (2019),2019-10-24,1567,DKB,F,ALTERNATION,WYN JYM,PROUD CITIZEN,GAINESWAY AGENT VII,GREG FOLEY,28000,,04/08/2018,KENTUCKY,5&6,,,
Kentucky October Yearlings (2019),2019-10-24,1568,B,F,FAST ANNA,XTRAPLEASURE,MR. GREELEY,LEGACY BLOODSTOCK AGENT FOR SYCAMORE BARK THOROUGHBREDS LLC,MARCOS ARENAS / NEW HOPE,4000,,04/22/2018,KENTUCKY,23,,,
Kentucky October Yearlings (2019),2019-10-24,1569,B,C,TAPITURE,YABUQUIVA,BLUEGRASS CAT,COLUMBIANA FARM AGENT II,OUT,0,,03/07/2018,KENTUCKY,17,,,
Kentucky October Yearlings (2019),2019-10-24,1570,DKB,C,JUSTIN PHILLIP,YADDO CANARY,MINESHAFT,MAINE CHANCE FARM (UNIVERSITY OF KENTUCKY),EDUARDO PRADO,3500,,03/21/2018,KENTUCKY,19,,,
Kentucky October Yearlings (2019),2019-10-24,1571,B,F,SUMMER FRONT,YANKEE MILLION,YANKEE VICTOR,BURLESON FARMS AGENT,JONATHAN NANCE,3500,,04/05/2018,KENTUCKY,17,,,
Kentucky October Yearlings (2019),2019-10-24,1572,B,F,CAN THE MAN,YAPTOWN,CAPE TOWN,BILL MURPHY AGENT III,OUT,0,,05/20/2018,KENTUCKY,19,,,
Kentucky October Yearlings (2019),2019-10-24,1573,CH,F,SHACKLEFORD,YARD ART,LASTING APPROVAL,SCOTT MALLORY AGENT VII,MIKE RUTHERFORD B POWELL AGT,100000,,03/26/2018,KENTUCKY,21,,,
Kentucky October Yearlings (2019),2019-10-24,1574,B,C,FLATTER,YIPPEE,HARLAN'S HOLIDAY,STUART MORRIS AGENT II,CRYSTAL PICKETT,2000,,02/28/2018,MARYLAND,21,,,
Kentucky October Yearlings (2019),2019-10-24,1575,B,F,TRAPPE SHOT,YONNIE CREEK,YONAGUSKA,DENALI STUD AGENT VIII,KAIZEN SALES AGENT,3000,,04/16/2018,KENTUCKY,1&2,,,
Kentucky October Yearlings (2019),2019-10-24,1576,CH,F,CALIFORNIA CHROME,YOU BOUGHT HER,GRAEME HALL,INDIAN CREEK AGENT,M. HEMINGWAY AGENT,42000,,05/02/2018,KENTUCKY,11,,,
Kentucky October Yearlings (2019),2019-10-24,1577,B,C,DIALED IN,YOU LOOK NEIGH,JUSTENUFFHUMOR,LEGACY BLOODSTOCK AGENT XXI,JOHN DONOHUE,55000,,03/07/2018,KENTUCKY,23,,,
Kentucky October Yearlings (2019),2019-10-24,1578,CH,C,JACK MILTON,YOUMAKEMENERVOUS,TEN MOST WANTED,BILL MURPHY AGENT II,DAS RACING STABLES,3000,,03/08/2018,KENTUCKY,19,,,
Kentucky October Yearlings (2019),2019-10-24,1579,DKB,F,BODEMEISTER,YOU'RE KIDDING,LEMON DROP KID,SUSAN M. FORRESTER AGENT,CARL L HESS JR,14500,,02/02/2018,KENTUCKY,8,,,
Kentucky October Yearlings (2019),2019-10-24,1580,B,F,WILBURN,YUCCA,CACTUS RIDGE,POPE MCLEAN (CRESTWOOD FARM) AGENT IV,LESLIE RITCHIE,1200,,04/13/2018,OKLAHOMA,17,,,
Kentucky October Yearlings (2019),2019-10-24,1581,B,C,GOLDENCENTS,ZABEEL SARAY,GIROLAMO,COLUMBIANA FARM,ZOR CHE,7000,,02/26/2018,KENTUCKY,17,,,
Kentucky October Yearlings (2019),2019-10-24,1582,GRR,C,TAPIT,ZARDANA (BRZ),CRIMSON TIDE (IRE),WINTER QUARTER FARM AGENT,Q BAR J THOROUGHBREDS,105000,,04/28/2018,KENTUCKY,11,,,
Kentucky October Yearlings (2019),2019-10-24,1583,GRR,C,GOLDENCENTS,ZEALOUS VISION,THE VISUALISER,BUCKLAND SALES (ZACH MADDEN) AGENT X,SG RACING,17000,,01/22/2018,OKLAHOMA,20,,,
Kentucky October Yearlings (2019),2019-10-24,1584,B,F,STREET SENSE,ZEALOUS WILDCAT,BLUEGRASS CAT,TAYLOR MADE SALES AGENCY AGENT LVII,M. HEMINGWAY AGENT,60000,,04/25/2018,KENTUCKY,22 &23,,,
Kentucky October Yearlings (2019),2019-10-24,1585,B,F,EXAGGERATOR,ZETTA Z,BERNARDINI,BROOKDALE SALES AGENT FOR CASA FARM I,OUT,0,,04/14/2018,KENTUCKY,17,,,
Kentucky October Yearlings (2019),2019-10-24,1586,B,F,UNCLE MO,ZOFTIG,COZZENE,FOUR STAR SALES AGENT,OUT,0,,03/14/2018,KENTUCKY,16,,,
Kentucky October Yearlings (2019),2019-10-24,1587,DKB,C,REVOLUTIONARY,ZORI'S EYE,ROCK HARD TEN,BETTERSWORTH WESTWIND FARMS,OUT,0,,03/20/2018,KENTUCKY,8,,,
Kentucky October Yearlings (2019),2019-10-24,1588,DKB,C,ALGORITHMS,ZUIDER ZEE,WAR FRONT,LEGACY BLOODSTOCK AGENT VII,MIGUEL MORREL,5000,,02/21/2018,KENTUCKY,23,,,
Kentucky October Yearlings (2019),2019-10-24,1589,B,C,OUTWORK,ZULIA,HENNY HUGHES,PARAMOUNT SALES AGENT I,CJ THOROUGHBREDS,65000,,03/19/2018,KENTUCKY,20,,,
Kentucky October Yearlings (2019),2019-10-24,1590,DKB,F,VERRAZANO,TRANSPLENDID,ELUSIVE QUALITY,HILL 'N' DALE SALES AGENCY AGENT,OUT,0,,03/15/2018,KENTUCKY,4,,,
