SALE TITLE,SESSION,HIP,COLOR,SEX,SIRE,DAM,SIRE OF DAM,PROPERTY LINE,PURCHASER,PRICE,PRIVATE SALE,YEAR OF BIRTH,FOALED,BARN,COVER DATE,SOLD AS DESCRIPTION,VIRTUAL INSPECTION
Kentucky October Yearlings (2022),2022-10-24,1,B,F,OSCAR PERFORMANCE,SABI SANDS,LEMON DROP KID,BLUEWATER SALES LLC AGENT V,KLARAVICH STABLES,155000,,03/18/2021,KENTUCKY,8,,,
Kentucky October Yearlings (2022),2022-10-24,2,B,C,NOT THIS TIME,SABOULI,LEMON DROP KID,BROOKDALE SALES AGENT FOR NEW CAL STABLE,OUT,0,,05/30/2021,NEW YORK,18,,,
Kentucky October Yearlings (2022),2022-10-24,3,B,F,LOOKIN AT LUCKY,SACRED FOREST,FORESTRY,TAYLOR MADE SALES AGENCY AGENT XLVII,OUT,0,,04/29/2021,KENTUCKY,12 &16,,,
Kentucky October Yearlings (2022),2022-10-24,4,CH,F,CONNECT,SACRED LUNA,MALIBU MOON,LANE'S END AGENT,NOT SOLD,24000,,03/11/2021,KENTUCKY,1,,,
Kentucky October Yearlings (2022),2022-10-24,5,CH,C,SPEIGHTSTER,SAFARI KITTEN,KITTEN'S JOY,HIDDEN BROOK AGENT XIV,S.R.O.A. (K.O.I.D.),25000,,02/20/2021,INDIANA,22,,,https://youtu.be/z0mkWbusLcs
Kentucky October Yearlings (2022),2022-10-24,6,DKB,F,AUDIBLE,SAFWAH,MEDAGLIA D'ORO,EATON SALES AGENT,MAIN LINE RACING JOHN SERVIS AGT.,220000,,04/21/2021,KENTUCKY,7,,,
Kentucky October Yearlings (2022),2022-10-24,7,GRR,F,ARROGATE,SAHARAN,DESERT PARTY,PAUL TACKETT & PHIL TACKETT ESTATE ET AL,DONATO LANNI AGENT FOR JOHN ROGITZ,350000,,02/21/2021,KENTUCKY,13,,,
Kentucky October Yearlings (2022),2022-10-24,8,B,F,QUALITY ROAD,SAILOR'S VALENTINE,MIZZEN MAST,ST GEORGE SALES AGENT V,ILIUM STABLES LLC,40000,,04/15/2021,KENTUCKY,10,,,
Kentucky October Yearlings (2022),2022-10-24,9,B,C,LAOBAN,SAINTLY ROSE,GRAEME HALL,HIGHGATE SALES AGENT XIV,SPAN INVESTMENT,13000,,05/26/2021,NEW YORK,11,,,
Kentucky October Yearlings (2022),2022-10-24,10,B,C,OUTWORK,SALEM HEART,TOUCH GOLD,MORRIS B. FLOYD & CHUCK GIVENS AGENT,NOT SOLD,14000,,05/18/2021,KENTUCKY,4,,,
Kentucky October Yearlings (2022),2022-10-24,11,DKB,C,VIOLENCE,SALLY DANGLES,MORE THAN READY,VINERY SALES AGENT LXXV,DAVID DONK,120000,,03/23/2021,KENTUCKY,22 &23,,,
Kentucky October Yearlings (2022),2022-10-24,12,CH,F,MASTERY,SALLYPORT,FLOWER ALLEY,BROOKDALE SALES AGENT FOR SOMEWHERE STABLES KY LLC,JOSE M GARCIA BLANCO,3500,,02/08/2021,KENTUCKY,18,,,
Kentucky October Yearlings (2022),2022-10-24,13,B,F,GOOD SAMARITAN,SAM'S ROMAN AFFAIR,ROMAN RULER,VINERY SALES AGENT XXXII,DANTE ZANELLI AGENT,3000,,04/27/2021,KENTUCKY,22 &23,,,
Kentucky October Yearlings (2022),2022-10-24,14,DKB,F,ENTICED,SARAH ACCOMPLISHED,PERFORMING MAGIC,FOUR STAR SALES AGENT,GRASSROOTS TRN & SALES LLC,12000,,04/13/2021,ILLINOIS,17,,,
Kentucky October Yearlings (2022),2022-10-24,15,CH,C,BREAKING LUCKY,SARAHCAIN,AMERICAIN,4M RANCH AGENT II,NOT SOLD,19000,,05/19/2021,ARKANSAS,19,,,
Kentucky October Yearlings (2022),2022-10-24,16,DKB,C,FRAC DADDY,SARASOTA SUNRISE,THUNDER GULCH,HUNTER VALLEY FARM AGENT,NOT SOLD,23000,,04/11/2021,ONTARIO,9,,,
Kentucky October Yearlings (2022),2022-10-24,17,B,C,CONNECT,SASSY MISS SUE,TIZNOW,PARAMOUNT SALES AGENT XXV,CYNDI LOOMIS AGENT FOR JOE NOVOGRATZ,25000,,03/26/2021,KENTUCKY,20,,,
Kentucky October Yearlings (2022),2022-10-24,18,CH,F,MORE THAN READY,SASSY SADIE,MALIBU MOON,MACHMER HALL SALES AGENT FOR MACHMER HALL I,JOHN FOX,80000,,03/07/2021,KENTUCKY,5&6,,,
Kentucky October Yearlings (2022),2022-10-24,19,DKB,F,VINO ROSSO,SASTRUGI,BODEMEISTER,MICHAEL & JULIA O'QUINN AGENT,NOT SOLD,122000,,05/08/2021,KENTUCKY,1,,,
Kentucky October Yearlings (2022),2022-10-24,20,DKB,F,FAST ANNA,SATAVES,UNCLE MO,GROVENDALE SALES AGENT II,KENNETH MCPEEK AGENT,40000,,01/28/2021,KENTUCKY,2,,,
Kentucky October Yearlings (2022),2022-10-24,21,CH,F,TALE OF EKATI,S' AVALL,AWESOME AGAIN,PARAMOUNT SALES AGENT XX,OUT,0,,04/25/2021,KENTUCKY,20,,,
Kentucky October Yearlings (2022),2022-10-24,22,CH,F,VINO ROSSO,SCA DOODLE,SCAT DADDY,BLUEWATER SALES LLC AGENT VI,SCANLON TRAINING & SALES,110000,,04/24/2021,KENTUCKY,8,,,
Kentucky October Yearlings (2022),2022-10-24,23,B,C,MACLEAN'S MUSIC,SCHEFFLERA,MUTAKDDIM,LEGACY BLOODSTOCK AGENT X,TOM MCCROCKLIN AGENT,145000,,02/13/2021,KENTUCKY,22,,,
Kentucky October Yearlings (2022),2022-10-24,24,B,C,AMERICAN PHAROAH,SCILLY ISLES,UNCLE MO,FUNNY FARM LLC,JOSE MUNOZ,19000,,02/12/2021,KENTUCKY,10,,,
Kentucky October Yearlings (2022),2022-10-24,25,B,F,WORLD OF TROUBLE,SCORE FOUR,GRAND SLAM,MAINE CHANCE FARM (UNIVERSITY OF KENTUCKY),SPAN INVESTMENT & RICE HORSE,11500,,04/30/2021,KENTUCKY,19,,,
Kentucky October Yearlings (2022),2022-10-24,26,GRR,C,TAPWRIT,SEA HOLIDAY,HARLAN'S HOLIDAY,VINERY SALES AGENT II,KINGS EQUINE,30000,,01/18/2021,KENTUCKY,22 &23,,,
Kentucky October Yearlings (2022),2022-10-24,27,B,F,ARMY MULE,SEAMS DISCREET,DISCREET CAT,TERRAZAS THOROUGHBREDS AGENT FOR CORSER THOROUGHBREDS LLC,KINGS EQUINE,50000,,02/04/2021,KENTUCKY,15,,,
Kentucky October Yearlings (2022),2022-10-24,28,DKB,F,CROSS TRAFFIC,SEA PEGASUS,FUSAICHI PEGASUS,MAINE CHANCE FARM (UNIVERSITY OF KENTUCKY),ANTONIO SANO,20000,,04/27/2021,KENTUCKY,19,,,
Kentucky October Yearlings (2022),2022-10-24,29,DKB,C,OUTWORK,SEATTLE ARTIST,STORMY ATLANTIC,LEGACY BLOODSTOCK AGENT XI,KINGS EQUINE,55000,,04/30/2021,KENTUCKY,22,,,
Kentucky October Yearlings (2022),2022-10-24,30,DKB,F,COAL FRONT,SEATTLE SASS,CHIEF SEATTLE,VINERY SALES AGENT LXVII,DILLIGA,38000,,02/01/2021,KENTUCKY,22 &23,,,
Kentucky October Yearlings (2022),2022-10-24,31,B,F,SOLOMINI,SECRET CANDY,CANDY RIDE (ARG),FORT CHRISTOPHER'S THOROUGHBREDS LLC AGENT,OUT,0,,02/25/2021,NEW YORK,17,,,
Kentucky October Yearlings (2022),2022-10-24,32,B,F,MENDELSSOHN,SECRET CHARM (IRE),GREEN DESERT,LEGACY BLOODSTOCK AGENT XXXIII,ALEXANDRIA STABLE JOHN SERVIS AGENT,50000,,02/04/2021,KENTUCKY,22,,,
Kentucky October Yearlings (2022),2022-10-24,33,CH,C,CONSTITUTION,SECRET FILE,SMART STRIKE,VALKYRE STUD AGENT,TRAVIS MURPHY,17000,,05/12/2021,KENTUCKY,13,,,
Kentucky October Yearlings (2022),2022-10-24,34,CH,C,VINO ROSSO,SECRET INGREDIENT,CONGRATS,TAYLOR MADE SALES AGENCY AGENT XXIV,NOT SOLD,37000,,02/01/2021,KENTUCKY,12 &16,,,
Kentucky October Yearlings (2022),2022-10-24,35,DKB,F,MASTERY,SECRET KITTEN,DISCREET CAT,BIRD IN HAND STABLES,NOT SOLD,10000,,03/09/2021,KENTUCKY,18,,,
Kentucky October Yearlings (2022),2022-10-24,36,B,C,CLOUD COMPUTING,SEDLEY,EL PRADO (IRE),GARRENCASEY SALES LLC AGENT,FRANCISCO LOZA CANO,1500,,05/20/2021,KENTUCKY,15,,,
Kentucky October Yearlings (2022),2022-10-24,37,CH,F,STREET BOSS,SEEKING THE LIGHT,HEATSEEKER (IRE),WINCHESTER EQUINE (WILLIAM SNOWDEN) AGENT,TITO GUEVARA,28000,,01/01/2021,ONTARIO,11,,,https://youtu.be/FUJG4JcJmyw
Kentucky October Yearlings (2022),2022-10-24,38,DKB,F,MALIBU MOON,SEE ME DANCE,UNBRIDLED'S SONG,KATIERICH FARMS,BET,180000,,05/17/2021,KENTUCKY,13,,,
Kentucky October Yearlings (2022),2022-10-24,39,CH,F,GUN RUNNER,SEE YA SIGNE,SEA THE STARS (IRE),BLUEWATER SALES LLC AGENT VI,NOT SOLD,120000,,04/09/2021,NEW YORK,8,,,
Kentucky October Yearlings (2022),2022-10-24,40,B,C,NYQUIST,SEIZE THE RING,TIZNOW,INDIAN CREEK AGENT,NOT SOLD,145000,,02/10/2021,KENTUCKY,2,,,
Kentucky October Yearlings (2022),2022-10-24,41,B,F,PALACE MALICE,SELVA,FOREST WILDCAT,GAINESWAY AGENT I,TRADE WINDS FARM,25000,,05/11/2021,KENTUCKY,5&6,,,
Kentucky October Yearlings (2022),2022-10-24,42,B,F,MIDSHIPMAN,SEMINOLE LADY,INDIAN CHARLIE,HIDDEN BROOK AGENT VII,MILK RIVER RANCH,87000,,04/21/2021,INDIANA,22,,,
Kentucky October Yearlings (2022),2022-10-24,43,B,F,LORD NELSON,SEND ME ON MY WAY,TIZNOW,BROOKDALE SALES AGENT,NOT SOLD,14000,,01/22/2021,KENTUCKY,18,,,
Kentucky October Yearlings (2022),2022-10-24,44,DKB,F,FIRING LINE,SENSATIONAL GOLD,MEDAGLIA D'ORO,RICKY HIGGS AGENT,GRASSROOTS TRN & SALES LLC,10000,,03/14/2021,INDIANA,15,,,
Kentucky October Yearlings (2022),2022-10-24,45,CH,F,MORE THAN READY,SENSE TO COMPETE,STREET SENSE,DENALI STUD AGENT VII,NOT SOLD,72000,,04/16/2021,KENTUCKY,1&2,,,
Kentucky October Yearlings (2022),2022-10-24,46,CH,C,GOOD SAMARITAN,SENSEU'VBEENGONE,STREET SENSE,BRANDYWINE FARM (JIM & PAM ROBINSON),WAYNE SANDERS & KAT KIRK,50000,,03/10/2021,KENTUCKY,15,,,
Kentucky October Yearlings (2022),2022-10-24,47,CH,F,COLLECTED,SET YOU FREE,ARCH,VINERY SALES AGENT LXXII,KENNETH MCPEEK AGENT,40000,,04/16/2021,KENTUCKY,22 &23,,,
Kentucky October Yearlings (2022),2022-10-24,48,DKB,F,DIALED IN,SEVEN DAYS,QUIET AMERICAN,LISA & TIM TURNEY AGENT I,BLACK CLOUD RACING STABLE,20000,,04/19/2021,KENTUCKY,17,,,
Kentucky October Yearlings (2022),2022-10-24,49,B,C,PEACE AND JUSTICE,SEVEN DREAMS,MAJESTIC WARRIOR,NICKY DRION THOROUGHBREDS AGENT VII,OUT,0,,04/24/2021,PENNSYLVANIA,20,,,
Kentucky October Yearlings (2022),2022-10-24,50,B,F,PRESERVATIONIST,SEVERN SHORE,PURE PRIZE,FRANKFORT PARK FARM AGENT,HORSE & JULEP CLUB,8000,,04/22/2021,KENTUCKY,13,,,
Kentucky October Yearlings (2022),2022-10-24,51,DKB,C,SPEIGHTSTER,SHADY VIOLENCE,VIOLENCE,FOUR STAR SALES AGENT,SHEPHERD EQUINE ADVISORS AGENT FOR LARRY HIRSCH,37000,,03/31/2021,KENTUCKY,17,,,
Kentucky October Yearlings (2022),2022-10-24,52,DKB,C,FLAMEAWAY,SHAKEDOWN SISTER,PUT IT BACK,BALLYSAX BLOODSTOCK AGENT I,ABC THOROUGHBREDS,22000,,03/19/2021,KENTUCKY,22,,,
Kentucky October Yearlings (2022),2022-10-24,53,B,C,MUCHO MACHO MAN,SHANGHAI LADY,SHANGHAI BOBBY,BILL MURPHY AGENT IV,GRASSROOTS TRN & SALES LLC,17000,,03/30/2021,KENTUCKY,23,,,
Kentucky October Yearlings (2022),2022-10-24,54,CH,C,GORMLEY,SHANGHAI SNOOKIE,SHANGHAI BOBBY,BUCKLAND SALES (ZACH MADDEN) AGENT V,JAMES DIVITO AGENT,5500,,04/27/2021,KENTUCKY,20,,,
Kentucky October Yearlings (2022),2022-10-24,55,CH,C,WEST COAST,SHARP ACT,OUR NEW RECRUIT,TAYLOR MADE SALES AGENCY AGENT XXV,NOT SOLD,20000,,04/16/2021,ONTARIO,12 &16,,,
Kentucky October Yearlings (2022),2022-10-24,56,CH,C,GOOD MAGIC,SHE BE CLASSY,TOCCET,BLUEWATER SALES LLC AGENT X,BARRY BERKELHAMMER AGENT,100000,,03/12/2021,KENTUCKY,8,,,
Kentucky October Yearlings (2022),2022-10-24,57,B,C,LAOBAN,SHE CAN COPE,STEVIE WONDERBOY,CLAIBORNE FARM AGENT,STUD DOZAL,2000,,03/22/2021,KENTUCKY,8,,,
Kentucky October Yearlings (2022),2022-10-24,58,CH,C,RACE DAY,SHEER SPEED,KAFWAIN,LEGACY BLOODSTOCK AGENT XXXII,LOTHENBACH STABLES INC,30000,,03/24/2021,LOUISIANA,22,,,
Kentucky October Yearlings (2022),2022-10-24,59,DKB,C,YOSHIDA (JPN),SHE HUNG THE MOON,MALIBU MOON,BURLESON FARMS AGENT,SPAN INVESTMENT,8200,,04/04/2021,KENTUCKY,23,,,
Kentucky October Yearlings (2022),2022-10-24,60,CH,F,WORLD OF TROUBLE,SHELTOWEE'S POINT,CALEB'S POSSE,MORRIS B. FLOYD & CHUCK GIVENS AGENT,GRASSROOTS TRN & SALES LLC,58000,,02/12/2021,KENTUCKY,4,,,
Kentucky October Yearlings (2022),2022-10-24,61,B,C,KARAKONTIE (JPN),SHE'SADOWNTOWNGIRL,MORE THAN READY,VINERY SALES AGENT IV,NOT SOLD,24000,,03/06/2021,KENTUCKY,22 &23,,,
Kentucky October Yearlings (2022),2022-10-24,62,CH,C,MALIBU MOON,SHE'S A RAINBOW,GIANT'S CAUSEWAY,MACHMER HALL SALES AGENT FOR ST. SIMON PLACE & SCOTT STEPHENS,WOLFE RACING LLC & HUGH H. ROBERTSON,55000,,03/20/2021,KENTUCKY,5&6,,,
Kentucky October Yearlings (2022),2022-10-24,63,GRR,F,CUPID,SHES ICEE TOO,DEVIL ON ICE,VINERY SALES AGENT XXIX,NOT SOLD,11000,,04/30/2021,KENTUCKY,22 &23,,,
Kentucky October Yearlings (2022),2022-10-24,64,CH,C,GET STORMY,SHE'S LIVE,ARTIE SCHILLER,BUCKLAND SALES (ZACH MADDEN) AGENT IX,LARRY MEJIAS & FEDDY CARBALLO,30000,,01/21/2021,KENTUCKY,20,,,
Kentucky October Yearlings (2022),2022-10-24,65,B,C,CONSTITUTION,SHE'S OFFLEE GOOD,OFFLEE WILD,SMALL BATCH SALES AGENT,NOT SOLD,37000,,05/14/2021,KENTUCKY,20,,,
Kentucky October Yearlings (2022),2022-10-24,66,CH,C,BEE JERSEY,SHE'S REDDY,MUTAKDDIM,STONE FARM AGENT,OUT,0,,04/08/2021,KENTUCKY,10,,,
Kentucky October Yearlings (2022),2022-10-24,67,CH,C,TALE OF THE CAT,SHE'S SO COSMO,LEMON DROP KID,VINERY SALES AGENT LIV,JUSTIN WOJCZYNSKI,35000,,04/11/2021,KENTUCKY,22 &23,,,
Kentucky October Yearlings (2022),2022-10-24,68,DKB,F,COAL FRONT,SHE'S WITH IT,JUSTIN PHILLIP,EQUUS FARM (JERRY CUMMINS/PAUL ADAMS) AGENT I,LORETTA BLOODSTOCK,42000,,03/11/2021,KENTUCKY,14,,,
Kentucky October Yearlings (2022),2022-10-24,69,DKB,F,ENTICED,SHEZASTONECOLDINGO,LONHRO (AUS),BLANDFORD STUD (PADRAIG CAMPION) AGENT,NOT SOLD,10000,,04/15/2021,NEW YORK,14,,,
Kentucky October Yearlings (2022),2022-10-24,70,CH,C,PASSION FOR ACTION,SHIELDMAIDEN,SMART STRIKE,TRACKSIDE FARM (TOM EVANS) AGENT I,OUT,0,,05/21/2021,KENTUCKY,21,,,
Kentucky October Yearlings (2022),2022-10-24,71,DKB,F,STREET SENSE,SHIMMER,PULPIT,EATON SALES AGENT,SERI REDDY,47000,,04/21/2021,KENTUCKY,7,,,
Kentucky October Yearlings (2022),2022-10-24,72,B,C,HARD SPUN,SHIMMERING MOON,MALIBU MOON,MACHMER HALL SALES AGENT XVIII,OUT,0,,03/05/2021,KENTUCKY,5&6,,,
Kentucky October Yearlings (2022),2022-10-24,73,CH,F,COPPER BULLET,SHIMMY SHACK,SHACKLEFORD,HILL 'N' DALE AT XALAPA AGENT,KENT FRIEND,8500,,02/27/2021,KENTUCKY,4,,,
Kentucky October Yearlings (2022),2022-10-24,74,CH,C,GUN RUNNER,SHOCKING FAST,DISTORTED HUMOR,TAYLOR MADE SALES AGENCY AGENT XXXII,DJ STABLE LLC,200000,,04/29/2021,KENTUCKY,12 &16,,,
Kentucky October Yearlings (2022),2022-10-24,75,CH,C,KLIMT,SHOCK THE WORLD,HANSEN,POPE MCLEAN (CRESTWOOD FARM) AGENT FOR KENDALL E. HANDSEN & M.D. RACING LLC,ERIC REED AGENT,6000,,03/09/2021,KENTUCKY,23,,,
Kentucky October Yearlings (2022),2022-10-24,76,CH,C,MASTERY,SHOOT FOR THE MOON,MALIBU MOON,DRAPER FARM AGENT,GAYLE VAN LEER AGENT,8000,,01/29/2021,KENTUCKY,5,,,
Kentucky October Yearlings (2022),2022-10-24,77,CH,C,UNION RAGS,SHOP AGAIN,WILD AGAIN,MILL RIDGE SALES AGENT,MC BLOODSTOCK,23000,,03/04/2021,KENTUCKY,11,,,
Kentucky October Yearlings (2022),2022-10-24,78,DKB,F,AUDIBLE,SHOWTIME SIS,EUROEARS,SCOTT MALLORY AGENT,JEFFREY E. MACKOR II,70000,Y,04/18/2021,KENTUCKY,21,,,
Kentucky October Yearlings (2022),2022-10-24,79,GRR,F,ENTICED,SHOYOYA,MACHO UNO,VINERY SALES AGENT LII,OUT,0,,04/20/2021,FLORIDA,22 &23,,,
Kentucky October Yearlings (2022),2022-10-24,80,B,C,INTO MISCHIEF,SHYSHEISNOT,TRIBAL RULE,LANE'S END AGENT,DJ STABLE LLC,400000,,05/13/2021,KENTUCKY,1,,,
Kentucky October Yearlings (2022),2022-10-24,81,CH,F,MOR SPIRIT,SIDDHARTHA,BUDDHA,ST GEORGE SALES AGENT XXIII,TIM ROSIN,5000,,04/03/2021,KENTUCKY,10,,,
Kentucky October Yearlings (2022),2022-10-24,82,B,C,BERNARDINI,SIGNIFICANT BLING,TOO MUCH BLING,PETER SHEPPELL THOROUGHBREDS AGENT,J H FARMS,37000,,03/08/2021,OHIO,23,,,
Kentucky October Yearlings (2022),2022-10-24,83,GRR,C,FROSTED,SILENCER,QUALITY ROAD,BILL MURPHY AGENT VI,LUIS A SHIRLEY,27000,,04/14/2021,KENTUCKY,23,,,
Kentucky October Yearlings (2022),2022-10-24,84,B,F,AIR FORCE BLUE,SILENT RONIN,FIRST SAMURAI,DENALI STUD AGENT XI,SPAN INVESTMENT,12000,,02/19/2021,KENTUCKY,1&2,,,
Kentucky October Yearlings (2022),2022-10-24,85,DKB,F,MO TOWN,SILKEN,OUT OF PLACE,VINERY SALES AGENT XL,OUT,0,,05/07/2021,ARKANSAS,22 &23,,,
Kentucky October Yearlings (2022),2022-10-24,86,B,F,VINO ROSSO,SILLY SISTER,BROKEN VOW,PARAMOUNT SALES AGENT XV,OUT,0,,04/07/2021,NEW YORK,20,,,
Kentucky October Yearlings (2022),2022-10-24,87,CH,C,COLLECTED,SILVER DIVA,CIRCULAR QUAY,WARRENDALE SALES AGENT XX,JORGE VILLAGOMEZ,28000,,03/16/2021,PENNSYLVANIA,21,,,
Kentucky October Yearlings (2022),2022-10-24,88,B,F,MO TOWN,SILVER THREADS,UNION RAGS,TAYLOR MADE SALES AGENCY AGENT LII,OUT,0,,02/14/2021,KENTUCKY,12 &16,,,
Kentucky October Yearlings (2022),2022-10-24,89,GRR,F,GIRVIN,SILVER TO GOLD,ZENSATIONAL,ST GEORGE SALES AGENT X,OUT,0,,02/07/2021,FLORIDA,10,,,
Kentucky October Yearlings (2022),2022-10-24,90,DKB,F,ARMY MULE,SILVER WAY,MIDNIGHT LUTE,HILL 'N' DALE AT XALAPA AGENT,OUT,0,,05/10/2021,KENTUCKY,4,,,
Kentucky October Yearlings (2022),2022-10-24,91,B,C,GORMLEY,SIMPLE SYMPHONY,CONSOLIDATOR,MAPLE RUN SOUTH AGENT,MARK JENSEN,4000,,04/30/2021,KENTUCKY,19,,,
Kentucky October Yearlings (2022),2022-10-24,92,B,F,UPSTART,SING LADY SING,SCAT DADDY,BRERETON C. JONES/AIRDRIE STUD INC. AGENT,KLARAVICH STABLES,180000,,05/05/2021,KENTUCKY,3,,,
Kentucky October Yearlings (2022),2022-10-24,93,CH,C,YOSHIDA (JPN),SINGSONG,UNBRIDLED'S SONG,MACHMER HALL SALES AGENT FOR MACHMER HALL,NOT SOLD,60000,,01/30/2021,KENTUCKY,5&6,,,
Kentucky October Yearlings (2022),2022-10-24,94,DKB,F,UNCLE MO,SIP SIP,BERNARDINI,GAINESWAY AGENT XII,DAVID GEOFROY,240000,,02/21/2021,KENTUCKY,5&6,,,
Kentucky October Yearlings (2022),2022-10-24,95,B,C,BERNARDINI,SIREN'S SONG,UNBRIDLED'S SONG,WARRENDALE SALES AGENT XXI,ROLLING THUNDER STABLES,7000,,04/13/2021,KENTUCKY,21,,,
Kentucky October Yearlings (2022),2022-10-24,96,B,F,STREET SENSE,SISTER IN ARMS,COLONEL JOHN,HIDDEN BROOK AGENT X,CJ THOROUGHBREDS,135000,Y,03/27/2021,KENTUCKY,22,,,
Kentucky October Yearlings (2022),2022-10-24,97,DKB,C,CONNECT,SKATING,AWESOME AGAIN,ST GEORGE SALES AGENT XXI,OUT,0,,02/11/2021,KENTUCKY,10,,,
Kentucky October Yearlings (2022),2022-10-24,98,B,C,COLLECTED,SKEP,BODEMEISTER,STONE FARM AGENT,LA ALIANZA,7000,,04/26/2021,KENTUCKY,10,,,
Kentucky October Yearlings (2022),2022-10-24,99,B,C,FUNTASTIC,SKY AY AY AY,SKY MESA,ST GEORGE SALES AGENT XIX,BOBBY RANKIN,20000,,03/08/2021,KENTUCKY,10,,,
Kentucky October Yearlings (2022),2022-10-24,100,CH,F,NOT THIS TIME,SKYE SILVER,BADGE OF SILVER,BROOKDALE SALES AGENT FOR JACK SWAIN,JUMEL PLACE PARTNERS,50000,,04/16/2021,KENTUCKY,18,,,
Kentucky October Yearlings (2022),2022-10-24,101,B,C,GOLDENCENTS,SKY HIGH BERTIE,SKY MESA,PARAMOUNT SALES AGENT XIII,TRAVIS MURPHY,10000,,02/25/2021,KENTUCKY,20,,,
Kentucky October Yearlings (2022),2022-10-24,102,CH,F,FLAMEAWAY,SKY HIGH LADY,SKY MESA,GAINESWAY AGENT XVII,FRANCISCO LOZA,2000,,03/24/2021,KENTUCKY,5&6,,,
Kentucky October Yearlings (2022),2022-10-24,103,CH,C,VIOLENCE,SKYLUCK,LOOKIN AT LUCKY,VINERY SALES AGENT XLVIII,NOT SOLD,50000,,04/29/2021,KENTUCKY,22 &23,,,
Kentucky October Yearlings (2022),2022-10-24,104,DKB,G,COAL FRONT,SLEWPY'S STAR,STAR PROGRAMMER,EQUUS FARM (JERRY CUMMINS/PAUL ADAMS) AGENT II,RELENTLESS RACING INC,2500,Y,03/04/2021,KENTUCKY,14,,,
Kentucky October Yearlings (2022),2022-10-24,105,DKB,C,SKY MESA,SLY BEAUTY,INTO MISCHIEF,DARBY DAN FARM AGENT I,S.R.O.A. (K.O.I.D.),42000,,02/20/2021,KENTUCKY,18,,,https://vimeo.com/763098824
Kentucky October Yearlings (2022),2022-10-24,106,DKB,F,OMAHA BEACH,SLY WARRIOR,FIRST SAMURAI,TAYLOR MADE SALES AGENCY AGENT VII,CHESTNUT HILL STABLE LLC,15000,,05/10/2021,KENTUCKY,12 &16,,,
Kentucky October Yearlings (2022),2022-10-24,107,CH,C,CENTRAL BANKER,SMART AND SASSY,FREUD,HIDDEN BROOK AGENT I,SPAN INVESTMENT,2000,,01/17/2021,NEW YORK,22,,,
Kentucky October Yearlings (2022),2022-10-24,108,B,F,OMAHA BEACH,SMART MISSION,SMART STRIKE,LANE'S END AGENT,NOT SOLD,29000,,05/09/2021,KENTUCKY,1,,,
Kentucky October Yearlings (2022),2022-10-24,109,B,C,PALACE MALICE,SNACK SHACK,INTO MISCHIEF,STONERIGGS FARM AGENT,S.R.O.A. (K.O.I.D.),27000,,01/26/2021,KENTUCKY,14,,,https://vimeo.com/762229862
Kentucky October Yearlings (2022),2022-10-24,110,CH,F,BEE JERSEY,SNAKEY SUE,GOLD ALERT,PARAMOUNT SALES AGENT IV,RAUL GONZALEZ,3500,,04/26/2021,KENTUCKY,20,,,
Kentucky October Yearlings (2022),2022-10-24,111,B,F,VINO ROSSO,SNOW MESA,SKY MESA,WOODFORD THOROUGHBREDS AGENT II,HARPER INVESTMENTS,60000,,04/02/2021,KENTUCKY,3,,,
Kentucky October Yearlings (2022),2022-10-24,112,B,C,HARD SPUN,SOARING EMOTIONS,KINGMAMBO,VINERY SALES AGENT X,OUT,0,,03/28/2021,KENTUCKY,22 &23,,,
Kentucky October Yearlings (2022),2022-10-24,113,CH,F,VINO ROSSO,SO FANCY,TAPIT,TAYLOR MADE SALES AGENCY AGENT XLII,NOT SOLD,47000,,03/15/2021,KENTUCKY,12 &16,,,
Kentucky October Yearlings (2022),2022-10-24,114,B,F,CITY OF LIGHT,SO HONEST,TO HONOR AND SERVE,BURLESON FARMS AGENT,ACE KING STABLE,50000,,04/14/2021,KENTUCKY,23,,,
Kentucky October Yearlings (2022),2022-10-24,115,B,C,BERNARDINI,SOMETHINABOUTBETTY,FORESTRY,TAYLOR MADE SALES AGENCY AGENT XXIV,NICK J HINES AGENT,50000,,02/17/2021,KENTUCKY,12 &16,,,
Kentucky October Yearlings (2022),2022-10-24,116,B,F,PRACTICAL JOKE,SONIC CYSTER,TIZNOW,CARA BLOODSTOCK AGENT FOR SAINTSBURY FARM (CHRISTINE & JAY HAYDEN),NOT SOLD,8000,,02/23/2021,ONTARIO,8,,,
Kentucky October Yearlings (2022),2022-10-24,117,B,F,ENTICED,SOOTHER,RAHY,TRACKSIDE FARM (TOM EVANS) AGENT,BLUE DEVIL RACING STABLE,20000,,05/23/2021,KENTUCKY,21,,,
Kentucky October Yearlings (2022),2022-10-24,118,GRR,F,STORMY ATLANTIC,SOPHIE GERMAIN,ALGORITHMS,PATRICIA CLARK AGENT IV,NOT SOLD,17000,,05/04/2021,ILLINOIS,19,,,
Kentucky October Yearlings (2022),2022-10-24,119,B,F,GUN RUNNER,SORORITYSWEETHEART,DISCREETLY MINE,HUNTER VALLEY FARM AGENT,NOT SOLD,390000,,04/02/2021,PENNSYLVANIA,9,,,
Kentucky October Yearlings (2022),2022-10-24,120,CH,C,TALE OF VERVE,SOUL OF JERSEY,JERSEY TOWN,FOUR STAR SALES AGENT,ARCADIO ESCAMILLA,4000,,03/25/2021,KENTUCKY,17,,,https://vimeo.com/759692397
Kentucky October Yearlings (2022),2022-10-24,121,B,F,CLOUD COMPUTING,SOUND OF THUNDER,STEPHEN GOT EVEN,VINERY SALES AGENT XXXVII,MIKE G RUTHERFORD,15000,,03/03/2021,KENTUCKY,22 &23,,,
Kentucky October Yearlings (2022),2022-10-24,122,CH,C,TAPIT,SOUTHERN ACCENTS,BIRDSTONE,GAINESWAY AGENT XVIII,BOOTS BLOODSTOCK,80000,,03/06/2021,KENTUCKY,5&6,,,
Kentucky October Yearlings (2022),2022-10-24,123,GRR,F,PALACE MALICE,SOUTHERN GIRL,TAPIT,BUCKLAND SALES (ZACH MADDEN) AGENT XXI,OUT,0,,03/21/2021,FLORIDA,20,,,
Kentucky October Yearlings (2022),2022-10-24,124,B,F,VIOLENCE,SOUTHERN TRUTH,YES IT'S TRUE,SMALL BATCH SALES AGENT VIII,AMARONE BLOODSTOCK,35000,,03/13/2021,KENTUCKY,20,,,
Kentucky October Yearlings (2022),2022-10-24,125,B,F,CATHOLIC BOY,SPACE TALK (GB),HIGH CHAPARRAL (IRE),VINERY SALES AGENT LXXXVI,TITO GUEVARA,2000,,03/01/2021,KENTUCKY,22 &23,,,
Kentucky October Yearlings (2022),2022-10-24,126,DKB,C,SHARP AZTECA,SPANDREL,ARCH,SCOTT MALLORY AGENT VI,CASAMIGOS PARTNERS,40000,,05/26/2021,KENTUCKY,21,,,
Kentucky October Yearlings (2022),2022-10-24,127,CH,F,PALACE MALICE,SPECIAL TREAT,CANDY RIDE (ARG),PARAMOUNT SALES AGENT XII,OUT,0,,03/15/2021,KENTUCKY,20,,,
Kentucky October Yearlings (2022),2022-10-24,128,CH,F,KLIMT,SPEED WAGON,TOMORROWS CAT,VINERY SALES AGENT XXXII,STUD DOZAL,3500,,04/12/2021,KENTUCKY,22 &23,,,
Kentucky October Yearlings (2022),2022-10-24,129,B,C,KARAKONTIE (JPN),SPIRIT OF NIKE,INVASOR (ARG),TRACKSIDE FARM (TOM EVANS) AGENT IV,RICE HORSE AGENT,11000,,03/17/2021,KENTUCKY,21,,,
Kentucky October Yearlings (2022),2022-10-24,130,DKB,C,CITY OF LIGHT,SPOKEN NOT BROKEN,BROKEN VOW,HUNTER VALLEY FARM AGENT,NOT SOLD,140000,,04/10/2021,NEW YORK,9,,,
Kentucky October Yearlings (2022),2022-10-24,131,CH,C,KLIMT,SPRING ISLAND,SPRING AT LAST,LEDGELANDS LLC AGENT,OUT,0,,02/05/2021,KENTUCKY,9,,,
Kentucky October Yearlings (2022),2022-10-24,132,DKB,C,MACLEAN'S MUSIC,SPRINGSIDE,AWESOME AGAIN,FOUR STAR SALES AGENT,NOT SOLD,92000,,05/04/2021,KENTUCKY,17,,,
Kentucky October Yearlings (2022),2022-10-24,133,B,C,SPEIGHTSTOWN,SPUNDERFUL,MEDAGLIA D'ORO,MILL RIDGE SALES AGENT,OUT,0,,02/21/2021,KENTUCKY,11,,,
Kentucky October Yearlings (2022),2022-10-24,134,B,C,INTO MISCHIEF,STAGEPLAY,CURLIN,EATON SALES AGENT,NOT SOLD,190000,,03/23/2021,KENTUCKY,7,,,
Kentucky October Yearlings (2022),2022-10-24,135,GRR,F,CROSS TRAFFIC,STAKE,BOUNDARY,GAINESWAY AGENT VI,NOT SOLD,24000,,05/06/2021,KENTUCKY,5&6,,,
Kentucky October Yearlings (2022),2022-10-24,136,CH,C,CONNECT,STARSHIP COURAGE,LION HEART,PARAMOUNT SALES AGENT XI,NOT SOLD,14000,,05/13/2021,KENTUCKY,20,,,
Kentucky October Yearlings (2022),2022-10-24,137,B,C,PRESERVATIONIST,STARSHIP ESPRESSO,TALE OF EKATI,STUART MORRIS AGENT FOR HIGHCLERE & WICKES,DON SAYBAN,10000,,02/26/2021,NEW YORK,21,,,
Kentucky October Yearlings (2022),2022-10-24,138,B,C,OSCAR PERFORMANCE,STAR WISPER,QUIET AMERICAN,MILL RIDGE SALES AGENT,FERGUS GALVIN AGENT,40000,,05/02/2021,KENTUCKY,11,,,
Kentucky October Yearlings (2022),2022-10-24,139,B,C,OUTWORK,STASHA MINASHA,CITY ZIP,STUART MORRIS AGENT VI,OUT,0,,02/08/2021,KENTUCKY,21,,,
Kentucky October Yearlings (2022),2022-10-24,140,B,C,KANTHAROS,STEELY MAGNOLIA,MORE THAN READY,BUCKLAND SALES (ZACH MADDEN) AGENT FOR BTE STABLES,NOT SOLD,30000,,04/18/2021,KENTUCKY,20,,,
Kentucky October Yearlings (2022),2022-10-24,141,B,C,UPSTART,STEHEKIN,ARCH,HILL 'N' DALE AT XALAPA AGENT,NOT SOLD,24000,,04/09/2021,KENTUCKY,4,,,
Kentucky October Yearlings (2022),2022-10-24,142,DKB,F,KLIMT,STELLA MOON,MALIBU MOON,SOUTHERN COMFORT FARM LLC,FRANCISCO LOZA CANO,1500,,04/07/2021,KENTUCKY,20,,,
Kentucky October Yearlings (2022),2022-10-24,143,B,C,LAOBAN,STELLA PERFORMANCE,TRAPPE SHOT,BLUEWATER SALES LLC AGENT VI,JESSIE LONGORIA AGENT FOR GREG JAMES,35000,,05/01/2021,NEW YORK,8,,,
Kentucky October Yearlings (2022),2022-10-24,144,B,C,SUMMER FRONT,STELLA PRIMA,EL PRADO (IRE),SERENDIPITY FARM AGENT I,SHAMINGTON FARMS,12000,,04/11/2021,KENTUCKY,23,,,
Kentucky October Yearlings (2022),2022-10-24,145,CH,C,CATALINA CRUISER,STEPHANIE JAYNE,HENNY HUGHES,BUCKLAND SALES (ZACH MADDEN) AGENT XX,NEW DAY TRAINING CENTER,87000,,05/06/2021,FLORIDA,20,,,
Kentucky October Yearlings (2022),2022-10-24,146,GRR,F,TAPWRIT,STIRRED,SHAKIN IT UP,HIGHGATE SALES AGENT XII,NOT SOLD,14000,,04/17/2021,KENTUCKY,11,,,
Kentucky October Yearlings (2022),2022-10-24,147,GRR,C,BROKEN VOW,ST. JEAN,MACHO UNO,HUNTER VALLEY FARM AGENT,AL PIKE AGENT,50000,,03/18/2021,LOUISIANA,9,,,
Kentucky October Yearlings (2022),2022-10-24,148,B,C,FRAC DADDY,STONEY MISS,BIRDSTONE,C&S THOROUGHBREDS,NOT SOLD,27000,,03/29/2021,ONTARIO,13,,,
Kentucky October Yearlings (2022),2022-10-24,149,CH,C,BIRD SONG,STORIED TALE,TALE OF THE CAT,GAINESWAY AGENT XII,OUT,0,,05/25/2021,KENTUCKY,5&6,,,
Kentucky October Yearlings (2022),2022-10-24,150,DKB,F,MUNNINGS,STORM CROSSING,TIZNOW,ST GEORGE SALES AGENT VI,NOT SOLD,270000,,03/16/2021,NEW YORK,10,,,
Kentucky October Yearlings (2022),2022-10-24,151,GRR,F,FROSTED,STORMIN ELLE,STORMELLO,GAINESWAY AGENT XVI,GELFENSTEIN FARM,14000,,05/17/2021,KENTUCKY,5&6,,,
Kentucky October Yearlings (2022),2022-10-24,152,CH,F,AMERICAN PHAROAH,STORM RISING,MEDAGLIA D'ORO,FUNNY FARM LLC,TWO AMIGAS,24000,,02/15/2021,KENTUCKY,10,,,
Kentucky October Yearlings (2022),2022-10-24,153,DKB,C,FLATTER,STORMY B,CHEROKEE RUN,HUNTER VALLEY FARM AGENT,TRADE WINDS FARM,47000,,03/27/2021,KENTUCKY,9,,,
Kentucky October Yearlings (2022),2022-10-24,154,DKB,F,TONALIST,STORMY BELOW,STORMY ATLANTIC,TRACKSIDE FARM (TOM EVANS) AGENT II,NOT SOLD,15000,,02/01/2021,KENTUCKY,21,,,
Kentucky October Yearlings (2022),2022-10-24,155,B,C,LOOKIN AT LUCKY,STORMY DIXIE,STORMY ATLANTIC,DARBY DAN FARM AGENT XI,OUT,0,,05/06/2021,KENTUCKY,18,,,
Kentucky October Yearlings (2022),2022-10-24,156,DKB,C,PERFECT TIMBER,STORMY VENUS,STORMY ATLANTIC,PARAMOUNT SALES AGENT XX,EXLINE-BORDER RACING LLC,55000,,02/26/2021,ONTARIO,20,,,
Kentucky October Yearlings (2022),2022-10-24,157,DKB,F,TWIRLING CANDY,STORMY WELCOME,STORM CAT,MILL RIDGE SALES AGENT,OUT,0,,04/11/2021,KENTUCKY,11,,,
Kentucky October Yearlings (2022),2022-10-24,158,DKB,C,CITY OF LIGHT,STRATEGIC DREAMS,ARCHARCHARCH,TAYLOR MADE SALES AGENCY AGENT FOR WINSTAR FARM BRED & RAISED,NOT SOLD,90000,,03/16/2021,KENTUCKY,12 &16,,,
Kentucky October Yearlings (2022),2022-10-24,159,B,C,YOSHIDA (JPN),STREET CRUIZER,QUALITY ROAD,BROOKDALE SALES AGENT,BEN MCELROY AGENT FOR WESLEY WARD,120000,,05/16/2021,KENTUCKY,18,,,
Kentucky October Yearlings (2022),2022-10-24,160,DKB,F,TAKE CHARGE INDY,STREET DOLL,STREET CRY (IRE),LEGACY BLOODSTOCK AGENT I,FISHER/KINTZ,18000,,04/15/2021,KENTUCKY,22,,,
Kentucky October Yearlings (2022),2022-10-24,161,DKB,C,MEDAGLIA D'ORO,STREET GIRL,STREET HERO,TAYLOR MADE SALES AGENCY AGENT FOR WINSTAR FARM BRED & RAISED,MEADOWVIEW STABLES,120000,,05/27/2021,KENTUCKY,12 &16,,,
Kentucky October Yearlings (2022),2022-10-24,162,B,C,NOBLE MISSION (GB),STREET LINE,STREET CRY (IRE),BUCKLAND SALES (ZACH MADDEN) AGENT XI,ALPINE RACING LLC,13000,,02/18/2021,KENTUCKY,20,,,
Kentucky October Yearlings (2022),2022-10-24,163,DKB,F,MOR SPIRIT,STREET TALK,STREET CRY (IRE),BROOKDALE SALES AGENT FOR EQUINE ANALYTICS VENTURE FUND 1 LLC,JEFFREY BLOOM TOM MCCROCKLIN DAN PREISS,67000,,03/08/2021,KENTUCKY,18,,,
Kentucky October Yearlings (2022),2022-10-24,164,B,C,HARD SPUN,STREETWITHNONAME,STREET SENSE,EATON SALES AGENT,GREG GILES & JOANN HILLEBRAND,37000,,04/17/2021,KENTUCKY,7,,,
Kentucky October Yearlings (2022),2022-10-24,165,B,C,CITY OF LIGHT,STYLE AND GRACE,CURLIN,SCOTT MALLORY AGENT FOR DETERMINED STUD,NOT SOLD,270000,,02/25/2021,MARYLAND,21,,,
Kentucky October Yearlings (2022),2022-10-24,166,CH,C,BEE JERSEY,STYLISH RIDE,CANDY RIDE (ARG),NICKY DRION THOROUGHBREDS AGENT IV,LA ALIANZA,3000,,04/13/2021,KENTUCKY,20,,,
Kentucky October Yearlings (2022),2022-10-24,167,GRR,C,THE FACTOR,SUBTLE QUALITY,QUALITY ROAD,GREENFIELD FARMS AGENT III,DAVID PEREZ,2000,,02/18/2021,KENTUCKY,13,,,
Kentucky October Yearlings (2022),2022-10-24,168,GRR,F,TAPIT,SUBTLETY (ARG),EASING ALONG,GAINESWAY AGENT XVIII,ACTION STABLES,30000,,04/01/2021,KENTUCKY,5&6,,,
Kentucky October Yearlings (2022),2022-10-24,169,DKB,C,DEMARCHELIER (GB),SUCAT,MEDAGLIA D'ORO,TIMBER TOWN (MR. & MRS. T WAYNE SWEEZEY) AGENT,BRYAN RICE,30000,,04/11/2021,KENTUCKY,11,,,
Kentucky October Yearlings (2022),2022-10-24,170,B,C,CITY OF LIGHT,SUDDEN FAME,CONGRATS,TAYLOR MADE SALES AGENCY AGENT XXVI,NOT SOLD,75000,,02/12/2021,KENTUCKY,12 &16,,,
Kentucky October Yearlings (2022),2022-10-24,171,B,C,BAL A BALI (BRZ),SUDESTADA,STREET CRY (IRE),POPE MCLEAN (CRESTWOOD FARM) AGENT I,TED HOLDER,5000,,02/13/2021,KENTUCKY,23,,,
Kentucky October Yearlings (2022),2022-10-24,172,DKB,F,DIALED IN,SUGAR BABE,CANDY RIDE (ARG),LEGACY BLOODSTOCK AGENT,PARRISH FARMS,40000,,03/20/2021,KENTUCKY,22,,,
Kentucky October Yearlings (2022),2022-10-24,173,B,F,PROTONICO,SUGAR QUEEN,GEMOLOGIST,TAYLOR MADE SALES AGENCY AGENT XIII,JOSE M GALLEGOS,7000,,03/01/2021,KENTUCKY,12 &16,,,
Kentucky October Yearlings (2022),2022-10-24,174,DKB,C,MIDNIGHT STORM,SUMMER FLIRT,BERNARDINI,PARAMOUNT SALES AGENT XXX,NOT SOLD,9000,,03/29/2021,KENTUCKY,20,,,
Kentucky October Yearlings (2022),2022-10-24,175,B,C,GIRVIN,SUMMER IN MIDWAY,SUMMER FRONT,BRERETON C. JONES/AIRDRIE STUD INC. AGENT,OUT,0,,04/09/2021,FLORIDA,3,,,
Kentucky October Yearlings (2022),2022-10-24,176,B,C,GOOD SAMARITAN,SUMMER LILLY,SUMMER BIRD,VINERY SALES AGENT LXXVI,ARCADIO ESCAMILLA,6000,,03/23/2021,INDIANA,22 &23,,,
Kentucky October Yearlings (2022),2022-10-24,177,B,F,DIALED IN,SUMMERLIN,LOST SOLDIER,SCOTT MALLORY AGENT III,NOT SOLD,57000,,03/19/2021,ILLINOIS,21,,,
Kentucky October Yearlings (2022),2022-10-24,178,B,C,LORD NELSON,SUMMER OF FUN,INCLUDE,FOUR STAR SALES AGENT FOR SPENDTHRIFT FARM LLC,TRAVIS MURPHY,15000,,02/26/2021,KENTUCKY,17,,,
Kentucky October Yearlings (2022),2022-10-24,179,B,F,OUTWORK,SUMMER PASSAGE,MINESHAFT,BURLESON FARMS AGENT,TRAVIS MURPHY,4500,,02/05/2021,KENTUCKY,23,,,
Kentucky October Yearlings (2022),2022-10-24,180,B,C,TAPIZAR,SUMMER PLACE,SUPER SAVER,LEGACY BLOODSTOCK AGENT XV,HEATHER RICHARD,7000,,03/06/2021,KENTUCKY,22,,,
Kentucky October Yearlings (2022),2022-10-24,181,B,F,CLOUD COMPUTING,SUNCADIA,TIZNOW,MULHOLLAND FARM,LUIS A SHIRLEY,18000,,03/07/2021,KENTUCKY,23,,,
Kentucky October Yearlings (2022),2022-10-24,182,GRR,C,AUDIBLE,SUNDOWN,TAPIT,BRIDIE HARRISON AGENT FOR PETER E. BLUM THOROUGHBREDS LLC,CARDINAL HOUSE,170000,,03/12/2021,KENTUCKY,13,,,
Kentucky October Yearlings (2022),2022-10-24,183,B,F,CATHOLIC BOY,SUN SALUTATION,INCLUDE,STUART MORRIS AGENT FOR MORGAN'S FORD FARM,NOT SOLD,49000,,03/05/2021,VIRGINIA,21,,,
Kentucky October Yearlings (2022),2022-10-24,184,DKB,F,GHOSTZAPPER,SUNSET GLOW,EXCHANGE RATE,INDIAN CREEK AGENT,KENDEL STANDLEE,25000,,03/30/2021,KENTUCKY,2,,,
Kentucky October Yearlings (2022),2022-10-24,185,B,C,CATALINA CRUISER,SUPER ALLISON,SUPER SAVER,MACHMER HALL SALES AGENT XV,OUT,0,,04/04/2021,KENTUCKY,5&6,,,
Kentucky October Yearlings (2022),2022-10-24,186,DKB,C,OUTWORK,SUPER CUB,OLD TRIESTE,TWIN OAKS AGENCY & SALES,NOT SOLD,14000,,03/07/2021,KENTUCKY,20,,,
Kentucky October Yearlings (2022),2022-10-24,187,DKB,F,PERFECT TIMBER,SUPER HONEY,SUPER SAVER,HUNTER VALLEY FARM AGENT,OUT,0,,02/28/2021,KENTUCKY,9,,,
Kentucky October Yearlings (2022),2022-10-24,188,DKB,C,DIALED IN,SUPER SAVVY,SUPER SAVER,BLAKE-ALBINA THOROUGHBRED SERVICES LLC AGENT I,BEN MCELROY AGENT FOR WESLEY WARD,82000,,04/20/2021,NEW YORK,11,,,
Kentucky October Yearlings (2022),2022-10-24,189,DKB,C,CATHOLIC BOY,SUPPORT,ARCH,HUNTER VALLEY FARM AGENT,MICHAEL JENSEN,3500,,04/18/2021,KENTUCKY,9,,,
Kentucky October Yearlings (2022),2022-10-24,190,B,C,MAXIMUS MISCHIEF,SUPREMA,STRONG MANDATE,MULHOLLAND FARM,CHRIS MELTON,15000,,02/28/2021,KENTUCKY,23,,,
Kentucky October Yearlings (2022),2022-10-24,191,DKB,C,PRESERVATIONIST,SUPREME MAKER,EMPIRE MAKER,LEGACY BLOODSTOCK AGENT VII,NOT SOLD,34000,,04/07/2021,MINNESOTA,22,,,
Kentucky October Yearlings (2022),2022-10-24,192,B,F,OUTWORK,SURFS EDGE,MALIBU MOON,MACHMER HALL SALES AGENT XIV,TARI BROCKLEBANK,21000,,01/24/2021,KENTUCKY,5&6,,,
Kentucky October Yearlings (2022),2022-10-24,193,B,C,STREET SENSE,SURFSIDE TIARA,SCAT DADDY,DENALI STUD AGENT FOR BRIDLEWOOD FARM,NOT SOLD,195000,,04/29/2021,FLORIDA,1&2,,,
Kentucky October Yearlings (2022),2022-10-24,194,B,F,CATALINA CRUISER,SURRENDER DOROTHY,QUALITY ROAD,SCOTT MALLORY AGENT IV,ABC THOROUGHBREDS,25000,,02/09/2021,KENTUCKY,21,,,
Kentucky October Yearlings (2022),2022-10-24,195,DKB,C,YOSHIDA (JPN),SURREPTITIOUS,SPEIGHTSTOWN,BUCKLAND SALES (ZACH MADDEN) AGENT XV,SAUL MARQUEZ,7500,,03/23/2021,KENTUCKY,20,,,
Kentucky October Yearlings (2022),2022-10-24,196,B,F,PAYNTER,SUSAN'S WILDCAT,FOREST WILDCAT,BUCKLAND SALES (ZACH MADDEN) AGENT XVI,SPAN INVESTMENT,5000,,05/20/2021,KENTUCKY,20,,,
Kentucky October Yearlings (2022),2022-10-24,197,DKB,F,UNCLE MO,SUSIE'S BABY,GIANT'S CAUSEWAY,GAINESWAY AGENT IX,NOT SOLD,590000,,04/23/2021,KENTUCKY,5&6,,,
Kentucky October Yearlings (2022),2022-10-24,198,CH,C,TEXAS RED,SWANKY JAS,FLAT OUT,MULHOLLAND FARM AGENT,NOT SOLD,4000,,04/01/2021,KENTUCKY,23,,,
Kentucky October Yearlings (2022),2022-10-24,199,CH,C,WEST COAST,SWAP MEET,STREET SENSE,LANE'S END AGENT,THE LUCKY FARM,17000,,01/24/2021,KENTUCKY,1,,,
Kentucky October Yearlings (2022),2022-10-24,200,DKB,F,NYQUIST,SWEEPING IN,SCAT DADDY,STONERIGGS FARM AGENT,NOT SOLD,24000,,02/07/2021,KENTUCKY,14,,,
Kentucky October Yearlings (2022),2022-10-24,201,CH,F,LORD NELSON,SWEET ALTERNATIVE,ALTERNATION,BRANDYWINE FARM (JIM & PAM ROBINSON),CSV,37000,,05/08/2021,KENTUCKY,15,,,
Kentucky October Yearlings (2022),2022-10-24,202,GRR,C,CURLIN,SWEET ASSASSIN,TAPIT,DENALI STUD AGENT VI,FIRST FINDS,150000,,05/17/2021,KENTUCKY,1&2,,,
Kentucky October Yearlings (2022),2022-10-24,203,B,F,NOT THIS TIME,SWEET CHARITY,A.P. INDY,TAYLOR MADE SALES AGENCY AGENT FOR TOWN & COUNTRY HORSE FARMS LLC,MAIN LINE RACING JOHN SERVIS AGT.,125000,,05/11/2021,KENTUCKY,12 &16,,,
Kentucky October Yearlings (2022),2022-10-24,204,CH,F,FLAMEAWAY,SWEET DISPOSITION,FORESTRY,BRANDYWINE FARM (JIM & PAM ROBINSON),SPAN INVESTMENT,20000,,03/10/2021,KENTUCKY,15,,,
Kentucky October Yearlings (2022),2022-10-24,205,CH,F,FLAMEAWAY,SWEET DIVA,PURIM,HILL 'N' DALE AT XALAPA AGENT,RAUL GONZALEZ RAMIREZ,5000,,02/16/2021,KENTUCKY,4,,,
Kentucky October Yearlings (2022),2022-10-24,206,DKB,C,UPSTART,SWEET ELLA,SCAT DADDY,EATON SALES AGENT,OUT,0,,05/04/2021,KENTUCKY,7,,,
Kentucky October Yearlings (2022),2022-10-24,207,DKB,C,KLIMT,SWEETIE TIY,LANGFUHR,FOUR STAR SALES AGENT,BIG EASY,7500,,03/27/2021,KENTUCKY,17,,,
Kentucky October Yearlings (2022),2022-10-24,208,B,C,COLLECTED,SWEET MAGIC,QUALITY ROAD,TERRAZAS THOROUGHBREDS AGENT V,NOT SOLD,14000,,03/18/2021,KENTUCKY,15,,,
Kentucky October Yearlings (2022),2022-10-24,209,CH,F,VINO ROSSO,SWEETNESS 'N SUGAR,HARD SPUN,DARBY DAN FARM AGENT XI,STUD DOZAL,2000,,05/03/2021,KENTUCKY,18,,,
Kentucky October Yearlings (2022),2022-10-24,210,B,C,OMAHA BEACH,SWEET SHIRLEY MAE,BROKEN VOW,TAYLOR MADE SALES AGENCY AGENT VII,JAMES ATKINS,20000,Y,04/18/2021,KENTUCKY,12 &16,,,
Kentucky October Yearlings (2022),2022-10-24,211,DKB,F,TEMPLE CITY,SWEETSOUTHERN DOLL,SWEETSOUTHERNSAINT,BUCKLAND SALES (ZACH MADDEN) AGENT XIII,NOT SOLD,19000,,04/17/2021,KENTUCKY,20,,,
Kentucky October Yearlings (2022),2022-10-24,212,B,F,SPEIGHTSTOWN,ETCHING,PAYNTER,BALLYSAX BLOODSTOCK AGENT I,NOT SOLD,95000,,03/15/2021,KENTUCKY,22,,,
Kentucky October Yearlings (2022),2022-10-24,213,B,F,MITOLE,SWEET SOUTHERN GAL,BODEMEISTER,LITTLE'S BLOODSTOCK AGENT,SARAH SHARP,30000,,02/18/2021,KENTUCKY,19,,,
Kentucky October Yearlings (2022),2022-10-24,214,CH,C,SKY MESA,SWEET STARLET,FIVE STAR DAY,GAINESWAY AGENT VIII,OUT,0,,03/04/2021,KENTUCKY,5&6,,,
Kentucky October Yearlings (2022),2022-10-24,215,B,F,THE FACTOR,SWIMSUIT ISSUE,SCAT DADDY,BLUEWATER SALES LLC AGENT VI,ANDRY BLANCO,20000,,01/15/2021,KENTUCKY,8,,,
Kentucky October Yearlings (2022),2022-10-24,216,CH,F,VINO ROSSO,SWITCHEROO,EXCHANGE RATE,BALLYSAX BLOODSTOCK AGENT XX,CSV,72000,,03/19/2021,KENTUCKY,22,,,
Kentucky October Yearlings (2022),2022-10-24,217,B,C,MARK VALESKI,SYLVIA'S BUTTERCUP,THUNDER GULCH,POPE MCLEAN (CRESTWOOD FARM) AGENT VIII,JOHN CASTILLO,1000,,04/11/2021,ARKANSAS,23,,,
Kentucky October Yearlings (2022),2022-10-24,218,GRR,F,LIAM'S MAP,SYMPATHETIC,SMART STRIKE,DENALI STUD AGENT VIII,OUT,0,,03/25/2021,KENTUCKY,1&2,,,
Kentucky October Yearlings (2022),2022-10-24,219,CH,F,KEEN ICE,SYNKROS,TAPIT,CALUMET FARM,OUT,0,,05/12/2021,KENTUCKY,21,,,
Kentucky October Yearlings (2022),2022-10-24,220,B,C,UPSTART,TAAFFEITE,GEMOLOGIST,ST GEORGE SALES AGENT XXV,NINA GUEORGUIEVA AGENT,40000,,03/21/2021,KENTUCKY,10,,,
Kentucky October Yearlings (2022),2022-10-24,221,B,F,DIALED IN,TAHFEEZ,ALJABR,FORBUSH FARM,JUSTIN WOJCZYNSKI,17000,,02/23/2021,KENTUCKY,19,,,
Kentucky October Yearlings (2022),2022-10-24,222,DKB,F,TAKE CHARGE INDY,TAHOE TIGRESS,STEPHEN GOT EVEN,CALUMET FARM,RAUL GONZALEZ RAMIREZ,5000,,02/22/2021,KENTUCKY,21,,,
Kentucky October Yearlings (2022),2022-10-24,223,CH,F,CROSS TRAFFIC,TAITTINGER ROSE,MENIFEE,EATON SALES AGENT,OUT,0,,03/14/2021,KENTUCKY,7,,,
Kentucky October Yearlings (2022),2022-10-24,224,CH,C,GOLDENCENTS,TAKE CHARGE GIRL,WILL TAKE CHARGE,PETER SHEPPELL THOROUGHBREDS AGENT,NOT SOLD,4700,,03/22/2021,OHIO,23,,,
Kentucky October Yearlings (2022),2022-10-24,225,DKB,C,WAR DANCER,TAKE ON THE DAY,ELUSIVE QUALITY,SUMMERFIELD (FRANCIS & BARBARA VANLANGENDONCK) AGENT,ARCADIO ESCAMILLA,2500,,04/29/2021,NEW YORK,3,,,
Kentucky October Yearlings (2022),2022-10-24,226,B,F,INTO MISCHIEF,TAKING AIM,TRAPPE SHOT,KATIERICH FARMS,LEGACY RANCH INC,190000,,04/30/2021,KENTUCKY,13,,,
Kentucky October Yearlings (2022),2022-10-24,227,B,F,DANISH DYNAFORMER,TALE OF HOUDINI,TALE OF EKATI,FOUR STAR SALES AGENT,SPAN INVESTMENT,2000,,05/05/2021,FLORIDA,17,,,
Kentucky October Yearlings (2022),2022-10-24,228,CH,C,BEE JERSEY,TALE OF ICE,TALE OF EKATI,HUNTER VALLEY FARM AGENT,NOT SOLD,2800,,04/09/2021,KENTUCKY,9,,,
Kentucky October Yearlings (2022),2022-10-24,229,B,C,COLLECTED,TALES OF PARADISE,TALE OF THE CAT,FOUNDATIONS FARM,S.R.O.A. (K.O.I.D.),17000,,04/14/2021,KENTUCKY,19,,,
Kentucky October Yearlings (2022),2022-10-24,230,B,F,ENGLISH CHANNEL,TANGAROO,LONHRO (AUS),LANE'S END AGENT,KLARAVICH STABLES,210000,,04/09/2021,KENTUCKY,1,,,
Kentucky October Yearlings (2022),2022-10-24,231,B,F,OUTWORK,TANQUERRAY,GOOD JOURNEY,TAYLOR MADE SALES AGENCY AGENT LXI,NOT SOLD,60000,,03/02/2021,INDIANA,12 &16,,,
Kentucky October Yearlings (2022),2022-10-24,232,CH,C,COPPER BULLET,TAPALITE,TAPIT,GAINESWAY AGENT XXV,NOT SOLD,47000,,05/06/2021,KENTUCKY,5&6,,,
Kentucky October Yearlings (2022),2022-10-24,233,CH,C,COLLECTED,TAPITAI,TAPIT,MACHMER HALL SALES AGENT III,ARCADIO ESCAMILLA,2000,,05/12/2021,KENTUCKY,5&6,,,
Kentucky October Yearlings (2022),2022-10-24,234,B,C,STREET SENSE,TAPITAL GAINS,TAPIT,BLUEWATER SALES LLC AGENT XI,OUT,0,,04/14/2021,PENNSYLVANIA,8,,,
Kentucky October Yearlings (2022),2022-10-24,235,B,F,KEEN ICE,TAPIT TEN,TAPIT,CALUMET FARM,MARK JENSEN,1500,,05/02/2021,KENTUCKY,21,,,
Kentucky October Yearlings (2022),2022-10-24,236,B,F,INTO MISCHIEF,TAPPING COLORS,TAPIT,GAINESWAY AGENT XXXIII,OUT,0,,02/23/2021,KENTUCKY,5&6,,,
Kentucky October Yearlings (2022),2022-10-24,237,GRR,F,AIR FORCE BLUE,TAPTANA,TAPIT,ST GEORGE SALES AGENT V,DANIEL PREISS AGT,8000,Y,04/19/2021,KENTUCKY,10,,,
Kentucky October Yearlings (2022),2022-10-24,238,B,C,WICKED STRONG,TARA ROAD,QUALITY ROAD,MULHOLLAND FARM,WAKE FOREST STABLE,4700,,03/19/2021,KENTUCKY,23,,,
Kentucky October Yearlings (2022),2022-10-24,239,B,F,QUALITY ROAD,THICKER THAN WATER,SPEIGHTSTOWN,BLAKE-ALBINA THOROUGHBRED SERVICES LLC AGENT I,NOT SOLD,205000,,04/08/2021,KENTUCKY,11,,,
Kentucky October Yearlings (2022),2022-10-24,240,B,C,BLAME,TATTERSAIL,TWIRLING CANDY,BROOKDALE SALES AGENT FOR JACK SWAIN,NICE GUYS STABLES,75000,,04/26/2021,KENTUCKY,18,,,https://vimeo.com/762226851
Kentucky October Yearlings (2022),2022-10-24,241,B,C,TALE OF VERVE,TAY TOWN,JERSEY TOWN,FOUR STAR SALES AGENT,FRANCISCO LOZA CANO,2000,,04/17/2021,KENTUCKY,17,,,
Kentucky October Yearlings (2022),2022-10-24,242,DKB,C,DIALED IN,T C B KIWI'S,AFLEET ALEX,MOONESTONE SALES AGENT III,NOT SOLD,14000,,02/16/2021,INDIANA,21,,,
Kentucky October Yearlings (2022),2022-10-24,243,DKB,C,ENTICED,TEA LIGHT,RIGHT RIGGER,LEGACY BLOODSTOCK AGENT VII,NOT SOLD,42000,,02/24/2021,KENTUCKY,22,,,
Kentucky October Yearlings (2022),2022-10-24,244,B,C,MITOLE,TELL ME WHY,CORINTHIAN,WARRENDALE SALES AGENT III,ENIO RUSSE,135000,,05/13/2021,KENTUCKY,21,,,
Kentucky October Yearlings (2022),2022-10-24,245,CH,F,CONSTITUTION,TEMPERS FLAIR,SMART STRIKE,TIMBER TOWN (MR. & MRS. T WAYNE SWEEZEY) AGENT,HAPPY HORSE STABLES,35000,,04/24/2021,KENTUCKY,11,,,
Kentucky October Yearlings (2022),2022-10-24,246,B,F,NYQUIST,TEMPERS WAY,GIANT'S CAUSEWAY,TAYLOR MADE SALES AGENCY AGENT XLVIII,TRAVIS MURPHY,15000,,02/26/2021,KENTUCKY,12 &16,,,
Kentucky October Yearlings (2022),2022-10-24,247,DKB,F,EXAGGERATOR,TEMPTATION BOUND,FLATTER,CANDY MEADOWS SALES AGENT III,MICHAEL WILSON AGENT FOR ROBSON AGUIAR,57000,,04/22/2021,KENTUCKY,10,,,
Kentucky October Yearlings (2022),2022-10-24,248,B,C,ENTICED,TENATION,DISTORTED HUMOR,LITTLE'S BLOODSTOCK AGENT,JIM & SUSAN HILL,55000,,03/23/2021,KENTUCKY,19,,,
Kentucky October Yearlings (2022),2022-10-24,249,B,C,CITY OF LIGHT,TERRIFIC TIFFANY,STRONG HOPE,GAINESWAY AGENT XIII,BSW/CROW COLTS GROUP/ SPENDTHRIFT/GANDHARVI,260000,,03/22/2021,KENTUCKY,5&6,,,
Kentucky October Yearlings (2022),2022-10-24,250,CH,F,HEART TO HEART,THAT'S ALL,MARIA'S MON,FORBUSH FARM,ARCADIO ESCAMILLA,1700,,04/29/2021,KENTUCKY,19,,,
Kentucky October Yearlings (2022),2022-10-24,251,DKB,F,UPSTART,THAT'S OK,NOT FOR LOVE,BLAKE-ALBINA THOROUGHBRED SERVICES LLC AGENT I,WILLIAM A NICKS,2500,,03/31/2021,KENTUCKY,11,,,
Kentucky October Yearlings (2022),2022-10-24,252,B,C,VIOLENCE,THEALKA,CRAFTY PROSPECTOR,HILL 'N' DALE AT XALAPA AGENT,SHOOTING STAR SALES LLC,37000,,05/17/2021,KENTUCKY,4,,,
Kentucky October Yearlings (2022),2022-10-24,253,B,F,THE BIG BEAST,THEALKASCRAFTYGIRL,MAJESTICPERFECTION,SOUTHERN COMFORT FARM LLC,SPAN INVESTMENT,2000,,04/08/2021,FLORIDA,20,,,
Kentucky October Yearlings (2022),2022-10-24,254,B,F,COPPER BULLET,THE BLONDE PEQUE,GIANT'S CAUSEWAY,GAINESWAY AGENT XXV,ERIC REED AGT FOR LARRY RODGERS,12000,,02/27/2021,KENTUCKY,5&6,,,
Kentucky October Yearlings (2022),2022-10-24,255,GRR,F,AUDIBLE,THE GIRL FACTOR,THE FACTOR,EATON SALES AGENT,LANE RICHARDSON,100000,,02/05/2021,KENTUCKY,7,,,
Kentucky October Yearlings (2022),2022-10-24,256,DKB,C,UNCLE MO,THE NIGHTINGALE,TAPIT,HIGHGATE SALES AGENT I,TAPROOT BLOODSTOCK AGENT,300000,,01/31/2021,KENTUCKY,11,,,
Kentucky October Yearlings (2022),2022-10-24,257,CH,C,GOLDENCENTS,THE NOW CROWD,TIZNOW,BURLESON FARMS AGENT,TAPROOT BLOODSTOCK AGENT,75000,,01/18/2021,KENTUCKY,23,,,
Kentucky October Yearlings (2022),2022-10-24,258,GRR,F,MENDELSSOHN,THEONEWEWAITEDFOR,CREATIVE CAUSE,PARAMOUNT SALES AGENT XL,BEN MCELROY AGT,185000,,04/18/2021,KENTUCKY,20,,,
Kentucky October Yearlings (2022),2022-10-24,259,DKB,C,JUSTIFY,THE SCHVAGEN,MATTY G,BUCK POND FARM (DOUGLAS S. ARNOLD) AGENT,NOT SOLD,70000,,04/14/2021,KENTUCKY,11,,,
Kentucky October Yearlings (2022),2022-10-24,260,DKB,F,GHOSTZAPPER,THE TEA CUPS,HARD SPUN,INDIAN CREEK AGENT,NOT SOLD,25000,,03/15/2021,KENTUCKY,2,,,
Kentucky October Yearlings (2022),2022-10-24,261,B,C,ENTICED,THIRD CHANCE,KAFWAIN,PETER SHEPPELL THOROUGHBREDS AGENT,NOT SOLD,17000,,04/06/2021,OHIO,23,,,
Kentucky October Yearlings (2022),2022-10-24,262,DKB,C,CONNECT,THIS IS WAR,WAR FRONT,NARDELLI SALES AGENT V,RAUL GONZALEZ RAMIREZ,5000,,04/14/2021,KENTUCKY,5,,,
Kentucky October Yearlings (2022),2022-10-24,263,DKB,C,UPSTART,THISIZSPARTA,CORINTHIAN,PAUL TACKETT,NOT SOLD,45000,,06/03/2021,KENTUCKY,13,,,
Kentucky October Yearlings (2022),2022-10-24,264,CH,C,MITOLE,THREE D FLAG,SUPER SAVER,EATON SALES AGENT,NOT SOLD,37000,,04/27/2021,KENTUCKY,7,,,
Kentucky October Yearlings (2022),2022-10-24,265,B,F,MENDELSSOHN,THUNDER AND HONEY,THUNDER GULCH,TAYLOR MADE SALES AGENCY AGENT XXXVIII,NOT SOLD,55000,,04/02/2021,KENTUCKY,12 &16,,,
Kentucky October Yearlings (2022),2022-10-24,266,B,C,AMERICAN PHAROAH,THUNDERING EMILIA,THUNDER GULCH,TAYLOR MADE SALES AGENCY AGENT IX,TENERI FARMS INC,95000,,05/18/2021,KENTUCKY,12 &16,,,
Kentucky October Yearlings (2022),2022-10-24,267,B,C,CLOUD COMPUTING,THUNDERING GALE,THUNDERELLO,KEITH LANCASTER AGENT FOR PEAKVIEW THOROUGHBRED GROUP,S.R.O.A. (K.O.I.D.),30000,,02/08/2021,KENTUCKY,13,,,
Kentucky October Yearlings (2022),2022-10-24,268,DKB,C,MEDAGLIA D'ORO,THUNDERING SKY,SKY MESA,TAYLOR MADE SALES AGENCY AGENT FOR SPENDTHRIFT FARM LLC,OUT,0,,02/14/2021,KENTUCKY,12 &16,,,
Kentucky October Yearlings (2022),2022-10-24,269,B,C,CATHOLIC BOY,THUNDER ROSE,GIANT'S CAUSEWAY,PARAMOUNT SALES AGENT X,WAKE FOREST STABLE,12000,,04/22/2021,KENTUCKY,20,,,
Kentucky October Yearlings (2022),2022-10-24,270,B,F,PALACE MALICE,TIA RAFAELA,BERNARDINI,BETZ THOROUGHBREDS INC. AGENT,OUT,0,,04/12/2021,KENTUCKY,8,,,
Kentucky October Yearlings (2022),2022-10-24,271,B,F,COLLECTED,TIDAL SURGE,BERNARDINI,ANDERSON FARMS,AL & BILL ULWELLING,67000,,05/16/2021,ONTARIO,3,,,
Kentucky October Yearlings (2022),2022-10-24,272,B,C,OSCAR PERFORMANCE,TIDE IS HIGH,BROKEN VOW,HUNTER VALLEY FARM AGENT,DONATO LANNI AGENT,100000,,05/05/2021,KENTUCKY,9,,,
Kentucky October Yearlings (2022),2022-10-24,273,B,C,NYQUIST,TIGRESS TALE,TALE OF THE CAT,PARAMOUNT SALES AGENT XLIII,SHELLY RITTER AGENT FOR MWG LLC,130000,,04/22/2021,KENTUCKY,20,,,
Kentucky October Yearlings (2022),2022-10-24,274,B,C,SPEIGHTSTER,TIME WARP,CAIRO PRINCE,BALLYSAX BLOODSTOCK AGENT III,NOT SOLD,9000,,03/20/2021,NEW YORK,22,,,
Kentucky October Yearlings (2022),2022-10-24,275,B,C,CONNECT,TIPPANY,TAPIT,VINERY SALES AGENT FOR HREH RAISED AT SPRINGHILL EQUINE,NICE GUYS STABLES,47000,,04/03/2021,KENTUCKY,22 &23,,,
Kentucky October Yearlings (2022),2022-10-24,276,CH,F,MUNNINGS,TIP TOP TAP,TAPIT,BLANDFORD STUD (PADRAIG CAMPION) AGENT,NOT SOLD,70000,,02/21/2021,KENTUCKY,14,,,
Kentucky October Yearlings (2022),2022-10-24,277,B,C,SUMMER FRONT,TIS ME,NOTEBOOK,RUNNYMEDE FARM LLC AGENT,RIDE THE COATTAILS,25000,,04/24/2021,KENTUCKY,2,,,
Kentucky October Yearlings (2022),2022-10-24,278,GRR,F,CAIRO PRINCE,TITANIUM JO,BERNSTEIN,RUNNYMEDE FARM LLC AGENT,MICHAEL WILSON AGENT FOR ROBSON AGUIAR,57000,,04/14/2021,KENTUCKY,2,,,
Kentucky October Yearlings (2022),2022-10-24,279,CH,C,CATALINA CRUISER,TIZ A BELLE,TIZNOW,MACHMER HALL SALES AGENT XVII,RUSTY ROBERTS AGENT,10000,,02/23/2021,KENTUCKY,5&6,,,
Kentucky October Yearlings (2022),2022-10-24,280,B,F,COLLECTED,TIZ A BRITE MISS,HIGH BRITE,LITTLE'S BLOODSTOCK AGENT III,NOT SOLD,10000,,05/18/2021,KENTUCKY,19,,,
Kentucky October Yearlings (2022),2022-10-24,281,CH,C,MUNNINGS,TIZ DIXIE,TIZNOW,MACHMER HALL SALES AGENT FOR MACHMER HALL I,OUT,0,,04/07/2021,KENTUCKY,5&6,,,
Kentucky October Yearlings (2022),2022-10-24,282,B,F,TWIRLING CANDY,TIZ FASHIONABLE,DISTORTED HUMOR,TAYLOR MADE SALES AGENCY AGENT XXVI,MILK RIVER RANCH,32000,,05/24/2021,KENTUCKY,12 &16,,,
Kentucky October Yearlings (2022),2022-10-24,283,CH,F,GOOD MAGIC,TIZ HEAVENLY,TIZNOW,TAYLOR MADE SALES AGENCY AGENT XXXI,TOM MCCROCKLIN AGENT,190000,,03/26/2021,KENTUCKY,12 &16,,,
Kentucky October Yearlings (2022),2022-10-24,284,B,C,KLIMT,TIZJET,TIZNOW,DOUBLE R CONSIGNMENT AGENT II,WAYNE SANDERS & KAT KIRK,30000,,02/24/2021,KENTUCKY,19,,,
Kentucky October Yearlings (2022),2022-10-24,285,B,C,VINO ROSSO,TIZ JOSSELYN,TIZNOW,HIGHGATE SALES AGENT XV,GOOD GAMES,35000,,03/10/2021,KENTUCKY,11,,,
Kentucky October Yearlings (2022),2022-10-24,286,CH,C,COLLECTED,TIZ MIDNIGHT,MIDNIGHT LUTE,HILL 'N' DALE AT XALAPA AGENT,KENT FRIEND,7000,,05/26/2021,KENTUCKY,4,,,
Kentucky October Yearlings (2022),2022-10-24,287,DKB,F,MIDNIGHT STORM,TIZOVER,TIZNOW,VINERY SALES AGENT XXVII,ARCADIO ESCAMILLA,3000,,02/14/2021,KENTUCKY,22 &23,,,
Kentucky October Yearlings (2022),2022-10-24,288,B,C,PRACTICAL JOKE,TIZSOMETHINGROYAL,TIZWAY,DENALI STUD AGENT XVIII,KINGS EQUINE,50000,,03/31/2021,NEW YORK,1&2,,,
Kentucky October Yearlings (2022),2022-10-24,289,B,F,AUDIBLE,TIZTALENTED,TIZNOW,BROOKDALE SALES AGENT FOR AUDLEY FARM EQUINE LLC,NOT SOLD,45000,,01/26/2021,VIRGINIA,18,,,
Kentucky October Yearlings (2022),2022-10-24,290,DKB,C,SKY KINGDOM,TIZ THE TIDE,TIZNOW,TAYLOR MADE SALES AGENCY AGENT LXVII,S.R.O.A. (K.O.I.D.),30000,,03/23/2021,KENTUCKY,12 &16,,,https://youtu.be/MyvP66oa_pY
Kentucky October Yearlings (2022),2022-10-24,291,CH,F,WILL TAKE CHARGE,TIZZY BE HOT,TIZ WONDERFUL,LEGACY BLOODSTOCK AGENT XI,CHRIS MELTON,10000,,04/06/2021,KENTUCKY,22,,,
Kentucky October Yearlings (2022),2022-10-24,292,B,C,EXAGGERATOR,TOOTS,BODEMEISTER,RAMSEY FARM AGENT,SPAN INVESTMENT,9000,,04/14/2021,KENTUCKY,21,,,
Kentucky October Yearlings (2022),2022-10-24,293,B,C,INTO MISCHIEF,TOPIC,DISCREET CAT,FOUR STAR SALES AGENT FOR SPENDTHRIFT FARM LLC,NOT SOLD,120000,,04/28/2021,KENTUCKY,17,,,
Kentucky October Yearlings (2022),2022-10-24,294,DKB,C,FREE DROP BILLY,TOP TIARA,ARCHARCHARCH,DARBY DAN FARM AGENT VIII,NOT SOLD,19000,,04/09/2021,WEST VIRGINIA,18,,,
Kentucky October Yearlings (2022),2022-10-24,295,DKB,F,MIDNIGHT STORM,TOP VALUE,MINESHAFT,DARBY DAN FARM AGENT XI,NOT SOLD,14000,,03/18/2021,KENTUCKY,18,,,
Kentucky October Yearlings (2022),2022-10-24,296,DKB,F,FREE DROP BILLY,TORAZO SAN,KAFWAIN,TERRAZAS THOROUGHBREDS AGENT FOR CORSER THOROUGHBREDS LLC,ARCADIO ESCAMILLA,5000,,02/21/2021,KENTUCKY,15,,,
Kentucky October Yearlings (2022),2022-10-24,297,B,C,KANTHAROS,TOSCANA,SPEIGHTSTOWN,ENDEAVOR FARM AGENT,ITAL-CAL HORSE MANAGEMENT INC,9000,,02/19/2021,KENTUCKY,15,,,
Kentucky October Yearlings (2022),2022-10-24,298,B,C,JUSTIFY,TOUCHING BEAUTY,TAPIT,BROOKDALE SALES AGENT,SCANLON TRAINING & SALES AGENT,125000,,05/05/2021,KENTUCKY,18,,,
Kentucky October Yearlings (2022),2022-10-24,299,B,C,PALACE MALICE,TOUCH THE MOON,MALIBU MOON,GAINESWAY AGENT XXVII,OUT,0,,02/27/2021,KENTUCKY,5&6,,,
Kentucky October Yearlings (2022),2022-10-24,300,DKB,C,NYQUIST,TOUGH IRMA,STORMY ATLANTIC,EATON SALES AGENT,RIDE THE COATTAILS,120000,,01/17/2021,MARYLAND,7,,,
Kentucky October Yearlings (2022),2022-10-24,301,B,F,WILL TAKE CHARGE,TOUGH N TRASHY,BLAME,BETZ THOROUGHBREDS INC. AGENT,S.R.O.A. (K.O.I.D.),33000,,01/28/2021,KENTUCKY,8,,,
Kentucky October Yearlings (2022),2022-10-24,302,DKB,C,LORD NELSON,TOUGH TIZ'S SIS,TIZNOW,HILL 'N' DALE AT XALAPA AGENT,OUT,0,,04/03/2021,KENTUCKY,4,,,
Kentucky October Yearlings (2022),2022-10-24,303,DKB,C,NYQUIST,TRADING VOLUME,ARCH,VINERY SALES AGENT FOR HREH RAISED AT SPRINGHILL EQUINE,VIC CORPORATION,22000,,03/03/2021,KENTUCKY,22 &23,,,
Kentucky October Yearlings (2022),2022-10-24,304,DKB,F,ALWAYS DREAMING,TREETOP SHOCK,FORESTRY,BALLYSAX BLOODSTOCK AGENT LVXIV,DOUG O'NEILL AGENT,45000,,02/07/2021,KENTUCKY,22,,,
Kentucky October Yearlings (2022),2022-10-24,305,DKB,C,LAOBAN,TRES CHARMANT,FREUD,STUART MORRIS AGENT V,NOT SOLD,29000,,04/19/2021,NEW YORK,21,,,
Kentucky October Yearlings (2022),2022-10-24,306,B,C,COPPER BULLET,TRICIA'S TRAMA,ARTICLE OF FAITH,GOLDEN CREEK FARM,TARI BROCKLEBANK,28000,,04/28/2021,KENTUCKY,19,,,
Kentucky October Yearlings (2022),2022-10-24,307,DKB,F,FLATTER,TRICKY ONE,UNBRIDLED'S SONG,TAYLOR MADE SALES AGENCY AGENT XIII,TOM MCCROCKLIN,60000,,03/15/2021,KENTUCKY,12 &16,,,
Kentucky October Yearlings (2022),2022-10-24,308,B,F,COMPETITIVE EDGE,TRI DELT GIRL,SEFAPIANO,PATRICIA CLARK AGENT II,NOT SOLD,19000,,05/11/2021,KENTUCKY,19,,,
Kentucky October Yearlings (2022),2022-10-24,309,B,F,HEART TO HEART,TROPIC HOLIDAY,SUMMER FRONT,MAINE CHANCE FARM (UNIVERSITY OF KENTUCKY),RICE HORSE AGENT,10000,,04/24/2021,KENTUCKY,19,,,
Kentucky October Yearlings (2022),2022-10-24,310,DKB,F,VINO ROSSO,TRUE BOOTS,YES IT'S TRUE,MARCUZZI THOROUGHBREDS INC.,SAM SCOLAMIERI AGT. FOR HUGH YAMSHON,35000,Y,01/28/2021,KENTUCKY,20,,,
Kentucky October Yearlings (2022),2022-10-24,311,B,C,DOMINUS,TRUELY TARA,YES IT'S TRUE,VINERY SALES AGENT LXX,LEGION BLOODSTOCK AGENT FOR FIVE DIMES,25000,,05/27/2021,KENTUCKY,22 &23,,,
Kentucky October Yearlings (2022),2022-10-24,312,B,C,ARROGATE,TRUSTINI,BERNARDINI,ST GEORGE SALES AGENT XV,ERIC ANTONIO DELVALLE AGENT JOSE GARCIA BLANCO,120000,,02/23/2021,KENTUCKY,10,,,
Kentucky October Yearlings (2022),2022-10-24,313,B,F,TWIRLING CANDY,TULIPMANIA,EMPIRE MAKER,BALLYSAX BLOODSTOCK AGENT III,OUT,0,,03/18/2021,NEW YORK,22,,,
Kentucky October Yearlings (2022),2022-10-24,314,DKB,C,MITOLE,TURKO TREAT,BIONDETTI,CANDY MEADOWS SALES AGENT III,BBA IRELAND,28000,,03/03/2021,KENTUCKY,10,,,
Kentucky October Yearlings (2022),2022-10-24,315,B,C,VINO ROSSO,TURTLE RIVER,EMPIRE MAKER,C&S THOROUGHBREDS,JAMES LAYDEN AGENT,45000,,05/12/2021,KENTUCKY,13,,,
Kentucky October Yearlings (2022),2022-10-24,316,B,F,TEXAS RED,TUSTIN,CONQUISTADOR CIELO,FORBUSH FARM,NOT SOLD,9500,,03/03/2021,KENTUCKY,19,,,
Kentucky October Yearlings (2022),2022-10-24,317,CH,C,GOOD MAGIC,TWENTY SIX ACTS,STRONG CONTENDER,BURLESON FARMS AGENT,AVENSTOKE INVESTMENTS,87000,,05/02/2021,KENTUCKY,23,,,
Kentucky October Yearlings (2022),2022-10-24,318,CH,F,GOOD MAGIC,TWIGA,UNION RAGS,INDIAN CREEK AGENT,EAST AVE BLOODSTOCK,175000,,04/08/2021,KENTUCKY,2,,,
Kentucky October Yearlings (2022),2022-10-24,319,B,F,WILL TAKE CHARGE,TWINKLES,MINESHAFT,LANE'S END AGENT,NOT SOLD,24000,,01/21/2021,KENTUCKY,1,,,
Kentucky October Yearlings (2022),2022-10-24,320,CH,F,FREE DROP BILLY,TWISTED PURPOSE,HARD SPUN,INDIAN CREEK AGENT,NOT SOLD,9000,,04/10/2021,PENNSYLVANIA,2,,,
Kentucky October Yearlings (2022),2022-10-24,321,DKB,C,FOREVER D'ORO,TWO ITEM MAKER,EMPIRE MAKER,PARAMOUNT SALES AGENT XX,KADEN CLARY,25000,,05/05/2021,ONTARIO,20,,,
Kentucky October Yearlings (2022),2022-10-24,322,B,C,GOOD SAMARITAN,UMAN CANDY,CANDY RIDE (ARG),WOODFORD THOROUGHBREDS AGENT XIV,GREGORY MARTIN AGENT,45000,,04/07/2021,NEW YORK,3,,,
Kentucky October Yearlings (2022),2022-10-24,323,B,C,LEA,UNABASHED,ELUSIVE QUALITY,VINERY SALES AGENT II,NOT SOLD,19000,,02/24/2021,KENTUCKY,22 &23,,,
Kentucky October Yearlings (2022),2022-10-24,324,GRR,F,PALACE MALICE,UNBRIDLED BETTY,UNBRIDLED'S SONG,PARKWAY FARM INC AGENT,KENNETH MCPEEK AGENT,30000,,05/24/2021,KENTUCKY,21,,,
Kentucky October Yearlings (2022),2022-10-24,325,CH,C,BLOFELD,UNION WAY,UNION RAGS,TAYLOR MADE SALES AGENCY AGENT FOR JSM EQUINE LLC,OUT,0,,04/17/2021,KENTUCKY,12 &16,,,
Kentucky October Yearlings (2022),2022-10-24,326,CH,C,GOOD MAGIC,UNREACHABLE,GIANT'S CAUSEWAY,CARA BLOODSTOCK AGENT FOR SAINTSBURY FARM (CHRISTINE & JAY HAYDEN),SPAN INVESTMENT,35000,,05/05/2021,ONTARIO,8,,,
Kentucky October Yearlings (2022),2022-10-24,327,B,C,CUPID,UPJUMPEDTHEDEVIL,TIZDEJAVU,MACHMER HALL SALES AGENT I,RAUL GONZALEZ RAMIREZ,4000,,04/13/2021,KENTUCKY,5&6,,,
Kentucky October Yearlings (2022),2022-10-24,328,CH,F,COLLECTED,UPPER BRASS,HARD SPUN,ANDERSON FARMS,NICE GUYS STABLES,62000,,04/04/2021,ONTARIO,3,,,
Kentucky October Yearlings (2022),2022-10-24,329,B,F,FLATTER,UR DVLN DISGUISE,CALEB'S POSSE,TAYLOR MADE SALES AGENCY AGENT LXIV,OUT,0,,02/25/2021,KENTUCKY,12 &16,,,
Kentucky October Yearlings (2022),2022-10-24,330,DKB,C,BOLT D'ORO,URLOVEISASYMPHONY,FOREST WILDCAT,WYNNSTAY SALES AGENT V,LEGION BLOODSTOCK,75000,,05/24/2021,KENTUCKY,3,,,
Kentucky October Yearlings (2022),2022-10-24,331,DKB,F,ENTICED,USUALLY SUPER,UNUSUAL HEAT,MACHMER HALL SALES AGENT XII,MARK JENSEN,2000,,03/09/2021,KENTUCKY,5&6,,,
Kentucky October Yearlings (2022),2022-10-24,332,GRR,C,CONVEYANCE,UZUME,UNBRIDLED'S SONG,FORBUSH FARM,NOT SOLD,29000,,04/14/2021,KENTUCKY,19,,,
Kentucky October Yearlings (2022),2022-10-24,333,CH,C,SKIPSHOT,VALID VALENCIA,NORTHERN AFLEET,PARAMOUNT SALES AGENT XXIX,NINA GUEORGUIEVA AGENT,60000,,05/12/2021,KENTUCKY,20,,,
Kentucky October Yearlings (2022),2022-10-24,334,B,F,MEDAGLIA D'ORO,VAMO A GALUPIAR (CHI),PROUD CITIZEN,LANE'S END AGENT,DANTE ZANELLI AGENT FOR DONA LICHA STABLES,10000,,02/27/2021,KENTUCKY,1,,,
Kentucky October Yearlings (2022),2022-10-24,335,DKB,F,CONNECT,VELVET GLOVE,TALE OF THE CAT,EATON SALES AGENT,SERVICIOS Y CONSTRUCCIONES LA ESMERALD,28000,,05/04/2021,KENTUCKY,7,,,
Kentucky October Yearlings (2022),2022-10-24,336,B,F,INTO MISCHIEF,VELVET MOOD,LONHRO (AUS),MILL RIDGE SALES AGENT,BEN MCELROY AGENT FOR WESLEY WARD,425000,,03/23/2021,KENTUCKY,11,,,
Kentucky October Yearlings (2022),2022-10-24,337,DKB,C,MITOLE,VERNA LEA,SUPER SAVER,FOUR STAR SALES AGENT FOR D.C. GOFF,KINGS EQUINE,30000,,04/28/2021,KENTUCKY,17,,,
Kentucky October Yearlings (2022),2022-10-24,338,DKB,C,SKY MESA,VERY CHERRY CANDY,CANDY RIDE (ARG),FOUR STAR SALES AGENT,RAUL GONZALEZ RAMIREZ,1500,,05/13/2021,KENTUCKY,17,,,
Kentucky October Yearlings (2022),2022-10-24,339,CH,F,MUCHO MACHO MAN,VERY FUNNY,DISTORTED HUMOR,HIDDEN BROOK AGENT I,KADILLAC RANCH,5000,,04/16/2021,NEW YORK,22,,,
Kentucky October Yearlings (2022),2022-10-24,340,B,C,RUNHAPPY,VEXED,ARCH,CLAIBORNE FARM AGENT,JEFFREY BLOOM/CJ THOROUGHBREDS DANIEL PRICE,50000,,02/05/2021,KENTUCKY,8,,,
Kentucky October Yearlings (2022),2022-10-24,341,DKB,C,NOT THIS TIME,VIBRATO,UNBRIDLED'S SONG,BURLESON FARMS AGENT,OUT,0,,02/28/2021,NEW YORK,23,,,
Kentucky October Yearlings (2022),2022-10-24,342,DKB,F,RUNHAPPY,VICARIOUS WON,ELUSIVE QUALITY,VINERY SALES AGENT XXIV,TRAVIS MURPHY,40000,,04/18/2021,IOWA,22 &23,,,
Kentucky October Yearlings (2022),2022-10-24,343,DKB,F,FLAT OUT,VICTORIA'S STRIKE,SMART STRIKE,BUCKLAND SALES (ZACH MADDEN) AGENT XI,NIGEL NICELY,10000,,03/26/2021,OKLAHOMA,20,,,
Kentucky October Yearlings (2022),2022-10-24,344,B,C,ACCELERATE,VIEW FROM THE TOP,SKY MESA,WARRENDALE SALES AGENT VII,RANCHO LA SOLEDAD DE ALVAREZ,5000,,03/17/2021,FLORIDA,21,,,
Kentucky October Yearlings (2022),2022-10-24,345,DKB,C,MOR SPIRIT,VINYATA,VINDICATION,FOUR STAR SALES AGENT,DOUBLE O,17000,,04/19/2021,KENTUCKY,17,,,
Kentucky October Yearlings (2022),2022-10-24,346,DKB,F,MASTERY,VIRGINIA HILL,SKY MESA,WARRENDALE SALES AGENT VI,TARI BROCKLEBANK,13000,,03/22/2021,KENTUCKY,21,,,
Kentucky October Yearlings (2022),2022-10-24,347,DKB,C,CLASSIC EMPIRE,VISION OF BEAUTY,DANZIG,DARBY DAN FARM AGENT I,LUIS VON CHONG,8000,,03/20/2021,KENTUCKY,18,,,https://vimeo.com/763099935
Kentucky October Yearlings (2022),2022-10-24,348,B,F,VINO ROSSO,VISION OF JUSTICE,INTO MISCHIEF,VINERY SALES AGENT XIV,NOT SOLD,19000,,03/02/2021,KENTUCKY,22 &23,,,
Kentucky October Yearlings (2022),2022-10-24,349,DKB,C,CANDY RIDE (ARG),VIVA MALALA,MALIBU MOON,TAYLOR MADE SALES AGENCY AGENT FOR JSM EQUINE LLC,NOT SOLD,24000,,04/21/2021,KENTUCKY,12 &16,,,
Kentucky October Yearlings (2022),2022-10-24,350,DKB,F,SOLOMINI,VOICED,WAR FRONT,GARRENCASEY SALES LLC AGENT,OUT,0,,04/22/2021,NEW YORK,15,,,
Kentucky October Yearlings (2022),2022-10-24,351,CH,F,GORMLEY,VOODOO'S VISION,PETIONVILLE,EQUUS FARM (JERRY CUMMINS/PAUL ADAMS) AGENT II,WAKE FOREST STABLE,9000,,02/22/2021,KENTUCKY,14,,,
Kentucky October Yearlings (2022),2022-10-24,352,CH,C,MACLEAN'S MUSIC,WAMPUM GIRL,EXCHANGE RATE,4M RANCH AGENT II,NOT SOLD,57000,,02/17/2021,LOUISIANA,19,,,
Kentucky October Yearlings (2022),2022-10-24,353,B,C,MSHAWISH,WANDAFUL WANDAFUL,HERO'S TRIBUTE,MAPLE RUN SOUTH AGENT FOR COPPER CAP FARM INC,STUD DOZAL,2000,,05/24/2021,KENTUCKY,19,,,
Kentucky October Yearlings (2022),2022-10-24,354,GRR,C,CUPID,WAR ANGEL,DECLARATION OF WAR,RICKY HIGGS AGENT,SAVESNINE CORP,9000,,03/24/2021,KENTUCKY,15,,,
Kentucky October Yearlings (2022),2022-10-24,355,B,C,MR SPEAKER,WAR BEAUTY,WAR CHANT,HILL 'N' DALE AT XALAPA AGENT,FXP CORP.,2900,Y,03/20/2021,KENTUCKY,4,,,
Kentucky October Yearlings (2022),2022-10-24,356,DKB,C,MENDELSSOHN,WAR CLAN,WAR FRONT,STUART MORRIS AGENT II,BLACKOUT RACING,100000,,03/22/2021,KENTUCKY,21,,,
Kentucky October Yearlings (2022),2022-10-24,357,CH,F,ENGLISH CHANNEL,WARM FRONT,WAR FRONT,BROOKDALE SALES AGENT,NOT SOLD,57000,,02/20/2021,NEW YORK,18,,,
Kentucky October Yearlings (2022),2022-10-24,358,B,C,CITY OF LIGHT,WARM WATER,ENGLISH CHANNEL,VINERY SALES AGENT FOR HREH RAISED AT SPRINGHILL EQUINE,OUT,0,,05/14/2021,KENTUCKY,22 &23,,,
Kentucky October Yearlings (2022),2022-10-24,359,B,C,RANSOM THE MOON,WARRIORESS,WARRIOR'S REWARD,LISA & TIM TURNEY AGENT,JOHN ENNIS AGENT,3000,,04/07/2021,KENTUCKY,17,,,
Kentucky October Yearlings (2022),2022-10-24,360,B,C,WORLD OF TROUBLE,WARRIOR KAT,MAJESTIC WARRIOR,FOUR STAR SALES AGENT,CHESTNUT HILL STABLE LLC,3000,,03/01/2021,KENTUCKY,17,,,
Kentucky October Yearlings (2022),2022-10-24,361,B,C,TWIRLING CANDY,WAR VALUE,WAR FRONT,LANE'S END AGENT,LUCAN BLOODSTOCK,85000,,02/18/2021,KENTUCKY,1,,,
Kentucky October Yearlings (2022),2022-10-24,362,B,C,DIALED IN,WATCH SMARTLY,SMART STRIKE,PARAMOUNT SALES AGENT XXVI,NINA GUEORGUIEVA AGENT,70000,,03/24/2021,KENTUCKY,20,,,
Kentucky October Yearlings (2022),2022-10-24,363,DKB,C,MISSION IMPAZIBLE,WATLING,STREET BOSS,LEGACY BLOODSTOCK AGENT XXV,NOT SOLD,21000,,01/27/2021,NEW YORK,22,,,
Kentucky October Yearlings (2022),2022-10-24,364,B,C,BOLT D'ORO,WAY BACK HOME,TAKE CHARGE INDY,HILL 'N' DALE AT XALAPA AGENT,ERIC ANTONIO DELVALLE AGENT JOSE GARCIA BLANCO,40000,,05/12/2021,KENTUCKY,4,,,
Kentucky October Yearlings (2022),2022-10-24,365,B,C,BOLT D'ORO,WEALTH EFFECT,CURLIN,TAYLOR MADE SALES AGENCY AGENT FOR SPENDTHRIFT FARM LLC,OUT,0,,03/06/2021,KENTUCKY,12 &16,,,
Kentucky October Yearlings (2022),2022-10-24,366,B,F,UNION RAGS,WEEKEND PARTY,A.P. INDY,CALUMET FARM,DON DANARD,5000,,05/09/2021,KENTUCKY,21,,,
Kentucky October Yearlings (2022),2022-10-24,367,B,C,MOR SPIRIT,WELL TRAVELED,PERFECT SOUL (IRE),WOODFORD THOROUGHBREDS AGENT II,OUT,0,,03/28/2021,KENTUCKY,3,,,
Kentucky October Yearlings (2022),2022-10-24,368,B,C,FLAMEAWAY,WENDY PEFFERCORN,WILBURN,VINERY SALES AGENT XXXV,NOT SOLD,34000,,01/27/2021,NEW YORK,22 &23,,,
Kentucky October Yearlings (2022),2022-10-24,369,B,F,WORLD OF TROUBLE,WESTMINISTER ROAD,QUALITY ROAD,VINERY SALES AGENT LXXVII,NOT SOLD,9000,,04/08/2021,KENTUCKY,22 &23,,,
Kentucky October Yearlings (2022),2022-10-24,370,DKB,F,CONGRATS,WHISTLEBERRY,AFLEET ALEX,RICKY HIGGS AGENT FOR GALLAGHER FARMS,NOT SOLD,18000,,01/22/2021,ILLINOIS,15,,,
Kentucky October Yearlings (2022),2022-10-24,371,GRR,C,ARROGATE,WHOLELOTTASHAKIN,SCAT DADDY,TAYLOR MADE SALES AGENCY AGENT LXIX,PINE RACING STABLES ORACLE BLOODSTOCK AGENT,275000,,02/03/2021,KENTUCKY,12 &16,,,
Kentucky October Yearlings (2022),2022-10-24,372,B,C,JACK MILTON,WICHITA,CURLIN,SMALL BATCH SALES AGENT VII,TARI BROCKLEBANK,40000,,02/12/2021,KENTUCKY,20,,,
Kentucky October Yearlings (2022),2022-10-24,373,DKB,F,BREAKING LUCKY,WICKED DRAW,WILD AND WICKED,4M RANCH AGENT II,OUT,0,,04/02/2021,LOUISIANA,19,,,
Kentucky October Yearlings (2022),2022-10-24,374,CH,C,KANTHAROS,WICKED OBSESSION,TAPIT,TAYLOR MADE SALES AGENCY AGENT XXIV,TOM SCHUH,15000,,03/17/2021,KENTUCKY,12 &16,,,
Kentucky October Yearlings (2022),2022-10-24,375,B,C,CLOUD COMPUTING,WICKED TAP,PLEASANT TAP,VINERY SALES AGENT LXXIII,SPAN INVESTMENT,2500,,04/11/2021,KENTUCKY,22 &23,,,
Kentucky October Yearlings (2022),2022-10-24,376,DKB,C,VIOLENCE,WIDE RANGE,MINESHAFT,DENALI STUD AGENT XVII,BRAYHAN CRUZ,22000,,04/07/2021,KENTUCKY,1&2,,,
Kentucky October Yearlings (2022),2022-10-24,377,CH,F,PRESERVATIONIST,WILDABOUTSHOPPING,WILDCAT HEIR,VINERY SALES AGENT IX,C.C. VENTURES,8000,,03/16/2021,FLORIDA,22 &23,,,
Kentucky October Yearlings (2022),2022-10-24,378,CH,C,FLATTER,WILDCAT KATE,KANTHAROS,SUMMERFIELD (FRANCIS & BARBARA VANLANGENDONCK) AGENT,SAUL MARQUEZ,9000,,01/23/2021,FLORIDA,3,,,
Kentucky October Yearlings (2022),2022-10-24,379,CH,C,GOOD SAMARITAN,WILDNEXCITABLE,VICAR,DARBY DAN FARM AGENT VII,MCENTEE RACING INC,2000,,03/30/2021,NEW YORK,18,,,
Kentucky October Yearlings (2022),2022-10-24,380,CH,F,MUNNINGS,WILD SUMMER,UNBRIDLED'S SONG,MACHMER HALL SALES AGENT FOR MACHMER HALL I,ENIO RUSSE,135000,,05/04/2021,KENTUCKY,5&6,,,
Kentucky October Yearlings (2022),2022-10-24,381,B,C,COPPER BULLET,WILHELMINA,MAJESTIC WARRIOR,VINERY SALES AGENT LXIII,GARY CAPUANO AGENT,45000,,05/17/2021,KENTUCKY,22 &23,,,
Kentucky October Yearlings (2022),2022-10-24,382,B,C,UNCLE MO,WILSHEWED,CARSON CITY,VALKYRE STUD AGENT,SCANLON TRAINING & SALES,190000,,04/21/2021,KENTUCKY,13,,,https://vimeo.com/762114313
Kentucky October Yearlings (2022),2022-10-24,383,DKB,F,GORMLEY,WINBRANDLEX,YANKEE VICTOR,4M RANCH AGENT III,BLACKSTONE FARM LLC,15000,,05/13/2021,ARKANSAS,19,,,
Kentucky October Yearlings (2022),2022-10-24,384,CH,F,DIALED IN,WIND CAPER,TOUCH GOLD,EATON SALES AGENT,ORACLE BLOODSTOCK AGENT,200000,,05/06/2021,KENTUCKY,7,,,
Kentucky October Yearlings (2022),2022-10-24,385,GRR,C,MOR SPIRIT,WIND ENERGY,UNBRIDLED ENERGY,LEGACY BLOODSTOCK AGENT XI,GRASSROOTS TRN & SALES LLC,30000,,03/19/2021,KENTUCKY,22,,,
Kentucky October Yearlings (2022),2022-10-24,386,DKB,C,AUDIBLE,WINDHOEK,MINESHAFT,BURLESON FARMS AGENT,WESTBROOK STABLES,4000,,04/30/2021,VIRGINIA,23,,,
Kentucky October Yearlings (2022),2022-10-24,387,B,C,VINO ROSSO,WIND SPUN,HARD SPUN,TAYLOR MADE SALES AGENCY AGENT V,DJ STABLE LLC,60000,,03/26/2021,KENTUCKY,12 &16,,,
Kentucky October Yearlings (2022),2022-10-24,388,CH,C,GORMLEY,WIND STRIKE,SMART STRIKE,VINERY SALES AGENT LXVIII,JOE HOFFMAN,4000,,03/31/2021,KENTUCKY,22 &23,,,
Kentucky October Yearlings (2022),2022-10-24,389,CH,F,MUCHO MACHO MAN,WINNING ENTRY,POINT OF ENTRY,MACHMER HALL SALES AGENT XIV,NOT SOLD,19000,,01/25/2021,ONTARIO,5&6,,,
Kentucky October Yearlings (2022),2022-10-24,390,CH,C,GOLDENCENTS,WINNING POINT,POINT GIVEN,HIGHGATE SALES AGENT VII,MICHAEL SCHMIDT,52000,,02/13/2021,KENTUCKY,11,,,
Kentucky October Yearlings (2022),2022-10-24,391,DKB,C,UNIFIED,WINSLET,FIVE STAR DAY,BRANDYWINE FARM (JIM & PAM ROBINSON),ANGELINOS RACING,52000,,04/05/2021,KENTUCKY,15,,,
Kentucky October Yearlings (2022),2022-10-24,392,B,F,INTO MISCHIEF,WINTER BOOK,ANY GIVEN SATURDAY,BURLESON FARMS AGENT,NOT SOLD,97000,,03/11/2021,NEW YORK,23,,,
Kentucky October Yearlings (2022),2022-10-24,393,CH,C,ALGORITHMS,WISH WISH WISH,ARCH,CLAIBORNE FARM AGENT,EMERALD EQUINE,4000,,02/12/2021,KENTUCKY,8,,,
Kentucky October Yearlings (2022),2022-10-24,394,CH,F,PRACTICAL JOKE,WITCH'S COVEN,CUVEE,VINERY SALES AGENT XXIII,OUT,0,,04/10/2021,KENTUCKY,22 &23,,,
Kentucky October Yearlings (2022),2022-10-24,395,B,F,PRACTICAL JOKE,WITH INTENTION,MR. GREELEY,FOUR STAR SALES AGENT,NOT SOLD,78000,,04/06/2021,KENTUCKY,17,,,
Kentucky October Yearlings (2022),2022-10-24,396,B,F,DIALED IN,WONDER UPON A STAR,STREET CRY (IRE),DARBY DAN FARM AGENT II,NOT SOLD,49000,,04/24/2021,KENTUCKY,18,,,
Kentucky October Yearlings (2022),2022-10-24,397,B,F,COPPER BULLET,WORTH THE RISK,BODEMEISTER,STUART MORRIS AGENT III,LOTHENBACH STABLES INC,56000,,01/30/2021,MINNESOTA,21,,,
Kentucky October Yearlings (2022),2022-10-24,398,CH,F,VINO ROSSO,WORTHY CAT,TALE OF THE CAT,BROOKDALE SALES AGENT FOR JACK SWAIN,NOT SOLD,19000,,04/30/2021,KENTUCKY,18,,,
Kentucky October Yearlings (2022),2022-10-25,399,B,C,TAPWRIT,WRITTEN REQUEST,ARCH,GAINESWAY AGENT XII,COLUMBINE STABLE,210000,,05/19/2021,KENTUCKY,5&6,,,
Kentucky October Yearlings (2022),2022-10-25,400,DKB,F,MITOLE,XS BELLE,DYNAFORMER,TAYLOR MADE SALES AGENCY AGENT FOR TOWN & COUNTRY HORSE FARMS LLC,RUSTY ROBERTS AGENT,45000,,05/03/2021,KENTUCKY,12 &16,,,
Kentucky October Yearlings (2022),2022-10-25,401,DKB,C,CREATIVE CAUSE,YADDO CANARY,MINESHAFT,MAINE CHANCE FARM (UNIVERSITY OF KENTUCKY),ALLIED RACING STABLE,25000,,04/29/2021,KENTUCKY,19,,,
Kentucky October Yearlings (2022),2022-10-25,402,B,F,AUDIBLE,YANKEE VICTORIA,YANKEE VICTOR,C&S THOROUGHBREDS AGENT,JAMES LAYDEN AGENT,82000,,01/22/2021,KENTUCKY,13,,,
Kentucky October Yearlings (2022),2022-10-25,403,DKB,F,FIRING LINE,YAPTOWN,CAPE TOWN,BILL MURPHY AGENT I,MARK JENSEN,1000,,06/19/2021,KENTUCKY,23,,,
Kentucky October Yearlings (2022),2022-10-25,404,B,F,GOLDENCENTS,YEHENARA,GREATNESS,DOUBLE R CONSIGNMENT,OUT,0,,03/31/2021,KENTUCKY,19,,,
Kentucky October Yearlings (2022),2022-10-25,405,DKB,C,TALE OF VERVE,YES SHE'S A LADY,YES IT'S TRUE,PARAMOUNT SALES AGENT XX,WAYNE WILLIAMS,4000,,04/23/2021,KENTUCKY,20,,,
Kentucky October Yearlings (2022),2022-10-25,406,B,C,HEART TO HEART,YOUMAKEMENERVOUS,TEN MOST WANTED,BILL MURPHY AGENT I,NOT SOLD,4000,,04/15/2021,KENTUCKY,23,,,
Kentucky October Yearlings (2022),2022-10-25,407,B,F,FIRING LINE,YOUNGNFLASHY,FLASHY BULL,FOUR STAR SALES AGENT,TARI BROCKLEBANK,12000,,05/07/2021,KENTUCKY,17,,,
Kentucky October Yearlings (2022),2022-10-25,408,DKB,F,GOOD MAGIC,YULE PARTY,HARLAN'S HOLIDAY,PARAMOUNT SALES AGENT XXXVIII,OUT,0,,03/10/2021,CALIFORNIA,20,,,
Kentucky October Yearlings (2022),2022-10-25,409,B,C,LAOBAN,ZAMQUICK,POMEROY,SCOTT MALLORY AGENT X,NOT SOLD,37000,,05/15/2021,NEW YORK,21,,,
Kentucky October Yearlings (2022),2022-10-25,410,DKB,G,KLIMT,ZAPHIA,BERNSTEIN,MACHMER HALL SALES AGENT V,WAYNE BEKKE,30000,,04/29/2021,INDIANA,5&6,,,
Kentucky October Yearlings (2022),2022-10-25,411,B,C,NYQUIST,ZETTA Z,BERNARDINI,BLUEWATER SALES LLC AGENT VI,BEST A LUCK FARM,150000,,05/08/2021,KENTUCKY,8,,,
Kentucky October Yearlings (2022),2022-10-25,412,CH,C,NOT THIS TIME,ZIFENA (GB),ZAMINDAR,BROOKDALE SALES AGENT,PATRICK VAUGHAN,30000,,03/09/2021,KENTUCKY,18,,,
Kentucky October Yearlings (2022),2022-10-25,413,CH,C,MOR SPIRIT,ZIPPY SPEED,CITY ZIP,WARRENDALE SALES AGENT FOR SILESIA FARM,TAPROOT BLOODSTOCK AGENT,40000,,04/24/2021,KENTUCKY,21,,,
Kentucky October Yearlings (2022),2022-10-25,414,DKB,C,KLIMT,ZO BOW,OXBOW,WESTBROOK STABLES LLC,NOT SOLD,5000,,02/23/2021,KENTUCKY,21,,,
Kentucky October Yearlings (2022),2022-10-25,415,B,C,COMPETITIVE EDGE,ZOOEY,EXCHANGE RATE,MULHOLLAND FARM,RIGNEY RACING LLC,65000,,05/19/2021,KENTUCKY,23,,,
Kentucky October Yearlings (2022),2022-10-25,416,DKB,F,BEE JERSEY,AARONESS,DISTORTED HUMOR,FOUR STAR SALES AGENT,PATRICK HOPPEL,45000,,03/04/2021,KENTUCKY,17,,,
Kentucky October Yearlings (2022),2022-10-25,417,CH,C,COMPETITIVE EDGE,A BIT OF PRESSURE,HIGH YIELD,DENALI STUD AGENT XIV,BET,7000,,05/08/2021,KENTUCKY,1&2,,,
Kentucky October Yearlings (2022),2022-10-25,418,DKB,F,BOLT D'ORO,ABOVE FASHION,PADDY O'PRADO,SUMMERFIELD (FRANCIS & BARBARA VANLANGENDONCK) AGENT,RICE HORSE AGENT,160000,,03/09/2021,NEW YORK,3,,,
Kentucky October Yearlings (2022),2022-10-25,419,GRR,F,LIAM'S MAP,ACCAPELLA BELLA,SCAT DADDY,FOUR STAR SALES AGENT,NOT SOLD,45000,,03/05/2021,KENTUCKY,17,,,
Kentucky October Yearlings (2022),2022-10-25,420,DKB,C,CREATIVE CAUSE,ACENDA,LATENT HEAT,GAINESWAY AGENT VI,RED WINGS,90000,,04/15/2021,KENTUCKY,5&6,,,
Kentucky October Yearlings (2022),2022-10-25,421,B,F,AMERICAN PHAROAH,ACHIEVED (AUS),STREET CRY (IRE),TAYLOR MADE SALES AGENCY AGENT LXII,OUT,0,,01/30/2021,KENTUCKY,12 &16,,,
Kentucky October Yearlings (2022),2022-10-25,422,B,F,HONOR CODE,ACHIRA,ENGLISH CHANNEL,LANE'S END AGENT,OUT,0,,04/11/2021,KENTUCKY,1,,,
Kentucky October Yearlings (2022),2022-10-25,423,B,F,BOLT D'ORO,ACTING CLASS,DISTORTED HUMOR,BLUEWATER SALES LLC AGENT VI,MARTIN S SCHWARTZ,150000,,05/18/2021,KENTUCKY,8,,,
Kentucky October Yearlings (2022),2022-10-25,424,GRR,F,THE FACTOR,ADALEE,STREET BOSS,SOUTHERN COMFORT FARM LLC,ALBERTO A MATA,10000,,03/22/2021,KENTUCKY,20,,,
Kentucky October Yearlings (2022),2022-10-25,425,GRR,C,UNCLE MO,ADORE YOU,TACTICAL CAT,WYNNSTAY SALES AGENT V,BSW/CROW COLTS GROUP/ SPENDTHRIFT/GANDHARVI,350000,,04/03/2021,KENTUCKY,3,,,
Kentucky October Yearlings (2022),2022-10-25,426,DKB,F,LIAM'S MAP,ADREAM,BERNARDINI,FOUR STAR SALES AGENT,EL SCOTT,25000,,04/01/2021,KENTUCKY,17,,,
Kentucky October Yearlings (2022),2022-10-25,427,DKB,F,YOSHIDA (JPN),AFSANEH,SCAT DADDY,BEAU LANE BLOODSTOCK AGENT I,ANDRY BLANCO,25000,,02/23/2021,KENTUCKY,15,,,
Kentucky October Yearlings (2022),2022-10-25,428,DKB,F,UNCLE MO,AGATHA,DISTORTED HUMOR,CARA BLOODSTOCK AGENT FOR SAINTSBURY FARM (CHRISTINE & JAY HAYDEN),BROCKLEBANK & MCKEE,25000,,05/06/2021,ONTARIO,8,,,
Kentucky October Yearlings (2022),2022-10-25,429,B,C,BOLT D'ORO,AGRESSIVE ELEGANCE,MACHO UNO,PETER SHEPPELL THOROUGHBREDS AGENT,JESSIE LONGORIA AGENT FOR GREG JAMES,50000,,05/08/2021,OHIO,23,,,
Kentucky October Yearlings (2022),2022-10-25,430,CH,F,DISTORTED HUMOR,AIREOFDISTINCTION,SONGANDAPRAYER,DENALI STUD AGENT VIII,OUT,0,,04/25/2021,KENTUCKY,1&2,,,
Kentucky October Yearlings (2022),2022-10-25,431,B,C,THE FACTOR,AIRIZON,BOSTON HARBOR,MULHOLLAND FARM AGENT,OUT,0,,05/03/2021,KENTUCKY,23,,,
Kentucky October Yearlings (2022),2022-10-25,432,DKB,C,CONSTITUTION,AKRIS QUEEN,ARCH,BLAKE-ALBINA THOROUGHBRED SERVICES LLC AGENT I,GOOD GAMES,47000,,05/07/2021,NEW YORK,11,,,
Kentucky October Yearlings (2022),2022-10-25,433,B,F,MOHAYMEN,ALASHIR'S WORLD,SPINNING WORLD,FOUNDATIONS FARM,NOT SOLD,10000,,02/15/2021,KENTUCKY,19,,,
Kentucky October Yearlings (2022),2022-10-25,434,BLK,C,FLINTSHIRE (GB),AL BEEDAA,SWAIN (IRE),HILL 'N' DALE AT XALAPA AGENT,OUT,0,,04/15/2021,KENTUCKY,4,,,
Kentucky October Yearlings (2022),2022-10-25,435,B,C,ALWAYS DREAMING,ALEC'S MOON,MALIBU MOON,MACHMER HALL SALES AGENT XI,MARK JENSEN,3000,,03/14/2021,KENTUCKY,5&6,,,
Kentucky October Yearlings (2022),2022-10-25,436,B,F,ENGLISH CHANNEL,ALEXIS ROAD,NOBLE CAUSEWAY,LEGACY BLOODSTOCK AGENT XX,OUT,0,,04/05/2021,KENTUCKY,22,,,
Kentucky October Yearlings (2022),2022-10-25,437,B,F,CINCO CHARLIE,ALGOWILD,ALGORITHMS,BUCKLAND SALES (ZACH MADDEN) AGENT XV,NOT SOLD,9500,,02/24/2021,KENTUCKY,20,,,
Kentucky October Yearlings (2022),2022-10-25,438,CH,C,MORE THAN READY,ALHUCEMA,ALDEBARAN,MILL RIDGE SALES AGENT,OUT,0,,02/15/2021,KENTUCKY,11,,,
Kentucky October Yearlings (2022),2022-10-25,439,B,C,TAPITURE,ALICE B WINKLE,GONE ASTRAY,TAYLOR MADE SALES AGENCY AGENT LV,NOT SOLD,30000,,04/17/2021,FLORIDA,12 &16,,,
Kentucky October Yearlings (2022),2022-10-25,440,GRR,C,THE FACTOR,ALIQUIPPA,YES IT'S TRUE,BEAU LANE BLOODSTOCK AGENT,DEWSWEEPERS II,80000,,04/24/2021,KENTUCKY,15,,,
Kentucky October Yearlings (2022),2022-10-25,441,GRR,C,OUTWORK,ALL DAY DONNA,VALUE PLUS,BRANDYWINE FARM (JIM & PAM ROBINSON),BRYAN FORD,38000,,02/23/2021,KENTUCKY,15,,,
Kentucky October Yearlings (2022),2022-10-25,442,B,C,DEMARCHELIER (GB),ALL DAY LAWN,BLUEGRASS CAT,HERMITAGE FARM AGENT,GREGORY MARTIN AGENT,14000,,02/05/2021,KENTUCKY,21,,,
Kentucky October Yearlings (2022),2022-10-25,443,B,F,NYQUIST,ALL DUE RESPECT,VALUE PLUS,LISA & TIM TURNEY AGENT I,TARI BROCKLEBANK,50000,,03/03/2021,KENTUCKY,17,,,
Kentucky October Yearlings (2022),2022-10-25,444,B,C,JUSTIFY,ALLEGHENY ANGEL,MEDAGLIA D'ORO,PARAMOUNT SALES AGENT XIV,TRADE WINDS FARM,320000,,04/24/2021,KENTUCKY,20,,,
Kentucky October Yearlings (2022),2022-10-25,445,DKB,F,MO TOWN,ALL FOR GEORGIA,GIANT'S CAUSEWAY,WAR HORSE PLACE LLC AGENT III,OUT,0,,04/13/2021,KENTUCKY,21,,,
Kentucky October Yearlings (2022),2022-10-25,446,CH,C,MENDELSSOHN,ALLIANNA,FLAT OUT,PARAMOUNT SALES AGENT XVII,BIG EASY,4000,,04/20/2021,KENTUCKY,20,,,
Kentucky October Yearlings (2022),2022-10-25,447,B,C,HEART TO HEART,ALLONS DANSER,ESKENDEREYA,POPE MCLEAN (CRESTWOOD FARM) AGENT IV,DEWSWEEPERS II,4000,,04/03/2021,KENTUCKY,23,,,
Kentucky October Yearlings (2022),2022-10-25,448,GRR,C,GOLDENCENTS,ALLYALLYINCOMEFREE,UNBRIDLED'S SONG,TAYLOR MADE SALES AGENCY AGENT XLVI,OUT,0,,05/02/2021,KENTUCKY,12 &16,,,
Kentucky October Yearlings (2022),2022-10-25,449,B,F,MACLEAN'S MUSIC,ALPHA TAMMY,GOLDEN MISSILE,BROOKDALE SALES AGENT,CHRIS MELTON,10000,,03/30/2021,KENTUCKY,18,,,
Kentucky October Yearlings (2022),2022-10-25,450,DKB,F,LOOKIN AT LUCKY,ALREADY PACKED,MORE THAN READY,ST GEORGE SALES AGENT I,JIM THOMPSON AGENT,65000,,05/09/2021,KENTUCKY,10,,,
Kentucky October Yearlings (2022),2022-10-25,451,B,C,COMPETITIVE EDGE,ALWAYSINSTILETTOS,BANDINI,BLANDFORD STUD (PADRAIG CAMPION) AGENT,GREGORY MARTIN AGENT,20000,,05/20/2021,NEW YORK,14,,,
Kentucky October Yearlings (2022),2022-10-25,452,B,C,DISTORTED HUMOR,ALWAYS KITTEN,KITTEN'S JOY,WYNNSTAY SALES AGENT III,DARRS INC/JAMES BREDIN AGT.,130000,,03/06/2021,KENTUCKY,3,,,
Kentucky October Yearlings (2022),2022-10-25,453,B,F,BLAME,ALWAYS PLEASANT,AWESOME AGAIN,HERMITAGE FARM AGENT,RAIL HEAD INVESTMENTS,37000,,04/07/2021,KENTUCKY,21,,,
Kentucky October Yearlings (2022),2022-10-25,454,B,F,SKY MESA,AMADEUS MELODY (GB),AMADEUS WOLF (GB),TAYLOR MADE SALES AGENCY AGENT XIII,KINGS EQUINE,22000,,04/18/2021,KENTUCKY,12 &16,,,
Kentucky October Yearlings (2022),2022-10-25,455,CH,C,AUDIBLE,AMAZING LITTLELADY,UNBRIDLED'S SONG,MACHMER HALL SALES AGENT FOR MACHMER HALL I,M H LLC,75000,,05/01/2021,KENTUCKY,5&6,,,
Kentucky October Yearlings (2022),2022-10-25,456,B,F,GUN RUNNER,AMBER ISLE,FIRST DEFENCE,ST GEORGE SALES AGENT V,OUT,0,,05/03/2021,KENTUCKY,10,,,
Kentucky October Yearlings (2022),2022-10-25,457,GRR,F,MOHAYMEN,AMERICAN ANGEL,GHOSTZAPPER,STUART MORRIS AGENT XIII,ADAM BILLINGS,6000,,02/21/2021,KENTUCKY,21,,,
Kentucky October Yearlings (2022),2022-10-25,458,CH,C,OLD FORESTER,AMERICAN ARMADA,QUIET AMERICAN,HUNTER VALLEY FARM AGENT,CANUCK RACING CLUB 1 LP,42000,,05/06/2021,ONTARIO,9,,,
Kentucky October Yearlings (2022),2022-10-25,459,DKB,F,TALE OF EKATI,AMERICAN FALLS,CURLIN,MILESTONE FARM,JOHN O'MEARA,15000,,04/08/2021,KENTUCKY,20,,,
Kentucky October Yearlings (2022),2022-10-25,460,DKB,C,VIOLENCE,AMIENS,OXBOW,EATON SALES AGENT,TARI BROCKLEBANK,43000,,03/23/2021,KENTUCKY,7,,,
Kentucky October Yearlings (2022),2022-10-25,461,B,F,CONSTITUTION,AMMANNATI (IRE),GALILEO (IRE),GAINESWAY AGENT I,MAVERICK RACING & SIENA FARM,95000,,03/25/2021,KENTUCKY,5&6,,,
Kentucky October Yearlings (2022),2022-10-25,462,DKB,F,MO TOWN,AMONG THE WILLOWS,BRAHMS,VINERY SALES AGENT VII,COLLEEN DAVIDSON,2200,,03/16/2021,NEW YORK,22 &23,,,
Kentucky October Yearlings (2022),2022-10-25,463,DKB,F,KANTHAROS,AMUSED,MIDNIGHT LUTE,HILL 'N' DALE AT XALAPA AGENT,CALEDONIA FARM,15000,,02/14/2021,KENTUCKY,4,,,
Kentucky October Yearlings (2022),2022-10-25,464,DKB,C,TAKE CHARGE INDY,ANDES,FORESTRY,BLAKE-ALBINA THOROUGHBRED SERVICES LLC AGENT I,LONE STAR RACING CLUB,8000,,05/01/2021,NEW YORK,11,,,
Kentucky October Yearlings (2022),2022-10-25,465,B,C,SPEIGHTSTER,ANDI'S KITTEN,KITTEN'S JOY,GROVENDALE SALES AGENT VII,CHESTNUT HILL STABLE LLC,13000,,04/08/2021,KENTUCKY,2,,,
Kentucky October Yearlings (2022),2022-10-25,466,DKB,C,BERNARDINI,ANDREYA'S REWARD,WARRIOR'S REWARD,VINERY SALES AGENT XX,BRUNO MATHIAS,8000,,05/03/2021,KENTUCKY,22 &23,,,
Kentucky October Yearlings (2022),2022-10-25,467,CH,F,MIDSHIPMAN,ANGEL CHOIR,STAR CAT,TAYLOR MADE SALES AGENCY AGENT LVI,NOT SOLD,47000,,02/17/2021,INDIANA,12 &16,,,
Kentucky October Yearlings (2022),2022-10-25,468,CH,C,NYQUIST,ANGEL CRAFT,A.P. INDY,MULHOLLAND SPRINGS AGENT I,SHOOTING STAR SALES LLC,20000,Y,03/09/2021,NEW YORK,14,,,
Kentucky October Yearlings (2022),2022-10-25,469,B,C,MUCHO MACHO MAN,ANGEL GOODMORNING,MORNING LINE,POPE MCLEAN (CRESTWOOD FARM) AGENT FOR ALANDALE STABLE,MARK JENSEN,2000,,03/18/2021,KENTUCKY,23,,,
Kentucky October Yearlings (2022),2022-10-25,470,B,F,GET STORMY,ANGEL SPIRIT,PERFECT SOUL (IRE),WARRENDALE SALES AGENT XIII,OUT,0,,02/15/2021,KENTUCKY,21,,,
Kentucky October Yearlings (2022),2022-10-25,471,CH,F,CATALINA CRUISER,ANGIE GRAND,PIONEEROF THE NILE,LANE'S END AGENT,NOT SOLD,27000,,03/08/2021,KENTUCKY,1,,,
Kentucky October Yearlings (2022),2022-10-25,472,DKB,C,CLOUD COMPUTING,ANNACLONE,FLATTER,GROVENDALE SALES AGENT IV,GELFENSTEIN FARM,22000,,02/21/2021,KENTUCKY,2,,,
Kentucky October Yearlings (2022),2022-10-25,473,CH,C,GOOD MAGIC,ANNATHELA,ELUSIVE QUALITY,VINERY SALES AGENT LXIX,NEW DAY TRAINING CENTER,110000,,03/05/2021,KENTUCKY,22 &23,,,
Kentucky October Yearlings (2022),2022-10-25,474,B,C,ALWAYS DREAMING,ANNE DUPREE,CURLIN,HILL 'N' DALE AT XALAPA AGENT,WAKE FOREST STABLE,7000,,02/01/2021,KENTUCKY,4,,,
Kentucky October Yearlings (2022),2022-10-25,475,DKB,F,OMAHA BEACH,ANNIE GO LIGHTLY,TAKE CHARGE INDY,HUNTER VALLEY FARM AGENT,OUT,0,,02/04/2021,NEW YORK,9,,,
Kentucky October Yearlings (2022),2022-10-25,476,CH,F,CLASSIC EMPIRE,ANNIES LAW,HARLAN'S HOLIDAY,BALLYSAX BLOODSTOCK AGENT I,BILL STIRITZ,12000,Y,05/17/2021,KENTUCKY,22,,,
Kentucky October Yearlings (2022),2022-10-25,477,DKB,C,MOR SPIRIT,ANNIE TRUST,SUPER NINETY NINE,STUART MORRIS AGENT FOR BARAK FARM,JESSIE LONGORIA AGENT FOR GREG JAMES,35000,,02/06/2021,MARYLAND,21,,,
Kentucky October Yearlings (2022),2022-10-25,478,DKB,F,PAYNTER,ANNIHILATION,NORTHERN AFLEET,BRIDIE HARRISON AGENT,GOOD GAMES,24000,,04/30/2021,KENTUCKY,13,,,
Kentucky October Yearlings (2022),2022-10-25,479,DKB,C,TWIRLING CANDY,ANNULMENT,BROKEN VOW,LANE'S END AGENT,SAUL MARQUEZ,36000,,01/29/2021,KENTUCKY,1,,,
Kentucky October Yearlings (2022),2022-10-25,480,B,F,HARD SPUN,ANYDAYISMYDAY,AFLEET ALEX,ST GEORGE SALES AGENT XX,TARI BROCKLEBANK,50000,,04/01/2021,MARYLAND,10,,,
Kentucky October Yearlings (2022),2022-10-25,481,B,F,MITOLE,ANY GIVEN TRACE,ANY GIVEN SATURDAY,HUNTER VALLEY FARM AGENT,AMARONE BLOODSTOCK,92000,,05/19/2021,LOUISIANA,9,,,
Kentucky October Yearlings (2022),2022-10-25,482,CH,C,TAPIT,APACHE PRINCESS,UNUSUAL HEAT,GAINESWAY AGENT XVIII,KMN RACING LLC,120000,,05/03/2021,KENTUCKY,5&6,,,
Kentucky October Yearlings (2022),2022-10-25,483,DKB,C,FREE DROP BILLY,A. P. ANDREA,NOTIONAL,EQUUS FARM (JERRY CUMMINS/PAUL ADAMS) AGENT I,NOT SOLD,4000,,04/04/2021,KENTUCKY,14,,,
Kentucky October Yearlings (2022),2022-10-25,484,DKB,C,COAL FRONT,APLEASANTNIGHT,PLEASANT TAP,JOE DODGEN AGENT FOR BARAK FARM & SHARON DODGEN,LA ALIANZA,5000,,04/24/2021,INDIANA,2,,,
Kentucky October Yearlings (2022),2022-10-25,485,B,C,PALACE MALICE,APPEALING MUSIC,SUCCESSFUL APPEAL,PARAMOUNT SALES AGENT XXXIII,RAUL GONZALEZ RAMIREZ,2500,,03/26/2021,KENTUCKY,20,,,
Kentucky October Yearlings (2022),2022-10-25,486,B,F,NOBLE MISSION (GB),APPLE DOWN UNDER,LONHRO (AUS),KATIERICH FARMS,BBA IRELAND,62000,,04/22/2021,KENTUCKY,13,,,
Kentucky October Yearlings (2022),2022-10-25,487,B,F,WILL TAKE CHARGE,A P'S HIDDEN HONEY,A.P. INDY,CALUMET FARM,ERIC REED AGT FOR LARRY RODGERS,16000,,02/02/2021,KENTUCKY,21,,,
Kentucky October Yearlings (2022),2022-10-25,488,DKB,F,GIRVIN,ARCHANGELUS,EMPIRE MAKER,ST GEORGE SALES AGENT X,OUT,0,,02/21/2021,FLORIDA,10,,,
Kentucky October Yearlings (2022),2022-10-25,489,GRR,C,FROSTED,ARCHSTONE,ARCH,EATON SALES AGENT,OUT,0,,05/13/2021,KENTUCKY,7,,,
Kentucky October Yearlings (2022),2022-10-25,490,B,F,NOT THIS TIME,ARONIA,MUTAKDDIM,EATON SALES AGENT,J K BLOODSTOCK,150000,,04/02/2021,VIRGINIA,7,,,
Kentucky October Yearlings (2022),2022-10-25,491,B,F,SPEIGHTSTER,ARROSTOS,BODEMEISTER,FOUR STAR SALES AGENT,NOT SOLD,29000,,02/03/2021,KENTUCKY,17,,,
Kentucky October Yearlings (2022),2022-10-25,492,CH,C,DISTORTED HUMOR,ARTEMUS KITTEN,KITTEN'S JOY,PARAMOUNT SALES AGENT X,DARRS INC/JAMES BREDIN AGT.,110000,,02/11/2021,KENTUCKY,20,,,
Kentucky October Yearlings (2022),2022-10-25,493,DKB,C,MUCHO MACHO MAN,ARTISTICDIFFERENCE,ESKENDEREYA,BALLYSAX BLOODSTOCK AGENT L,KADEN CLARY,2500,,03/01/2021,KENTUCKY,22,,,
Kentucky October Yearlings (2022),2022-10-25,494,B,C,RUNHAPPY,ARTISTIC LIFE,DISTORTED HUMOR,DENALI STUD AGENT II,A P STABLE,6000,,03/06/2021,KENTUCKY,1&2,,,
Kentucky October Yearlings (2022),2022-10-25,495,GRR,C,MIZZEN MAST,ASPERGIA,LANGFUHR,TAYLOR MADE SALES AGENCY AGENT LXVII,NOT SOLD,34000,,05/30/2021,KENTUCKY,12 &16,,,
Kentucky October Yearlings (2022),2022-10-25,496,DKB,C,UNIFIED,AS RULERS GO,ROMAN RULER,SERENDIPITY FARM AGENT II,ARCADIO ESCAMILLA,2000,,04/21/2021,KENTUCKY,23,,,
Kentucky October Yearlings (2022),2022-10-25,497,CH,F,MALIBU MOON,ATLANTIC HURRICANE,HALO'S IMAGE,RICKY HIGGS AGENT FOR GALLAGHER FARMS,RICKY HIGGS,12000,,01/24/2021,KENTUCKY,15,,,
Kentucky October Yearlings (2022),2022-10-25,498,B,C,MENDELSSOHN,AUCTION (IRE),MR. GREELEY,BALLYSAX BLOODSTOCK AGENT LVXI,NOT SOLD,47000,,04/08/2021,KENTUCKY,22,,,
Kentucky October Yearlings (2022),2022-10-25,499,DKB,C,FRAC DADDY,AUDACIOUS BEAR,PHILANTHROPIST,HUNTER VALLEY FARM AGENT,SPAN INVESTMENT,13000,,05/16/2021,ONTARIO,9,,,
Kentucky October Yearlings (2022),2022-10-25,500,CH,C,PROTONICO,AUDACIOUS CHLOE,MORE THAN READY,TAYLOR MADE SALES AGENCY AGENT XIII,SPAN INVESTMENT,9000,,05/09/2021,KENTUCKY,12 &16,,,
Kentucky October Yearlings (2022),2022-10-25,501,DKB,C,UNBRIDLED EXPRESS,AUNT SHERRI,STEPHEN GOT EVEN,JOE DODGEN AGENT FOR BARAK FARM & SHARON DODGEN,NOT SOLD,20000,,04/08/2021,INDIANA,2,,,
Kentucky October Yearlings (2022),2022-10-25,502,CH,F,VINO ROSSO,AURORA POINT,MALIBU MOON,ST GEORGE SALES AGENT II,OUT,0,,03/08/2021,KENTUCKY,10,,,
Kentucky October Yearlings (2022),2022-10-25,503,CH,C,KANTHAROS,AURORA'S RIDE,MEDAGLIA D'ORO,KATIERICH FARMS AGENT,NOT SOLD,72000,,01/30/2021,KENTUCKY,13,,,
Kentucky October Yearlings (2022),2022-10-25,504,B,C,GUN RUNNER,AUSPICIOUS,INDIAN CHARLIE,WARRENDALE SALES AGENT V,OUT,0,,04/22/2021,NEW YORK,21,,,
Kentucky October Yearlings (2022),2022-10-25,505,B,F,MALIBU MOON,AVA PIE,DISTORTED HUMOR,TAYLOR MADE SALES AGENCY AGENT LXIII,DIXIANA FARMS LLC,200000,,02/20/2021,FLORIDA,12 &16,,,
Kentucky October Yearlings (2022),2022-10-25,506,B,C,KLIMT,AVIE'S TALE,TALE OF THE CAT,TAYLOR MADE SALES AGENCY AGENT II,MICHAEL JENSEN,5000,,04/23/2021,KENTUCKY,12 &16,,,
Kentucky October Yearlings (2022),2022-10-25,507,CH,F,MIDSHIPMAN,AVOREE NOEL,LION TAMER,PARKWAY FARM INC AGENT,JVC TRAINING AND SALES,20000,,03/16/2021,KENTUCKY,21,,,
Kentucky October Yearlings (2022),2022-10-25,508,DKB,C,CITY OF LIGHT,AWESOME ASHLEY,UNBRIDLED'S SONG,LISA & TIM TURNEY AGENT I,OUT,0,,05/11/2021,KENTUCKY,17,,,
Kentucky October Yearlings (2022),2022-10-25,509,B,F,WAR FRONT,AWESOME DIAMOND (IRE),GALILEO (IRE),HILL 'N' DALE AT XALAPA AGENT,NOT SOLD,72000,,03/31/2021,KENTUCKY,4,,,
Kentucky October Yearlings (2022),2022-10-25,510,B,F,HARD SPUN,AWESOME D'ORO (IRE),MEDAGLIA D'ORO,STONEHAVEN STEADINGS,ALL IN INVESTOR LLC,55000,,02/25/2021,KENTUCKY,14,,,
Kentucky October Yearlings (2022),2022-10-25,511,B,C,PERFECT TIMBER,AWESOME HOUDINI,AWESOME AGAIN,HUNTER VALLEY FARM AGENT,SHAUNA FORD,2000,,02/16/2021,ONTARIO,9,,,
Kentucky October Yearlings (2022),2022-10-25,512,B,C,ENTICED,AWESOME LILY,GHOSTZAPPER,FOUR STAR SALES AGENT,TIM ROSIN,15000,,05/06/2021,NEBRASKA,17,,,
Kentucky October Yearlings (2022),2022-10-25,513,B,F,GOLDENCENTS,AWESOME MANEUVER,AWESOME AGAIN,BLANDFORD STUD (PADRAIG CAMPION) AGENT,ROY COFFEY,8000,,04/30/2021,KENTUCKY,14,,,
Kentucky October Yearlings (2022),2022-10-25,514,DKB,C,MIDNIGHT LUTE,AWESOME MARY,AWESOME AGAIN,BEAU LANE BLOODSTOCK AGENT,GARY SIMMS AGENT,92000,,04/22/2021,KENTUCKY,15,,,
Kentucky October Yearlings (2022),2022-10-25,515,GRR,F,QUALITY ROAD,AYAADY,TAPIT,HUNTER VALLEY FARM AGENT,NOT SOLD,120000,,04/28/2021,KENTUCKY,9,,,
Kentucky October Yearlings (2022),2022-10-25,516,CH,F,CONSTITUTION,BACK FLIP,SUPER SAVER,SMALL BATCH SALES AGENT VI,RODOLPHE BRISSET AGENT FOR SEPTEMBER FARM LLC,130000,,05/25/2021,KENTUCKY,20,,,
Kentucky October Yearlings (2022),2022-10-25,517,CH,F,KLIMT,BACK IN FASHION,CONSOLIDATOR,VINERY SALES AGENT VI,LARRY DEMERITTE,10000,,03/16/2021,KENTUCKY,22 &23,,,
Kentucky October Yearlings (2022),2022-10-25,518,CH,C,WEST COAST,BACK ROAD BELLAMY,BELLAMY ROAD,POPE MCLEAN (CRESTWOOD FARM) AGENT,NICK ZAVOLAS,10000,,04/24/2021,KENTUCKY,23,,,
Kentucky October Yearlings (2022),2022-10-25,519,CH,C,TEXAS RED,BAG OF STARS,DEVIL'S BAG,FORBUSH FARM,KEVIN EIKLEBERRY,15000,,02/14/2021,KENTUCKY,19,,,
Kentucky October Yearlings (2022),2022-10-25,520,CH,C,OMAHA BEACH,BAHAMA BABE,POINT OF ENTRY,TAYLOR MADE SALES AGENCY AGENT LXVIII,OUT,0,,03/03/2021,KENTUCKY,12 &16,,,
Kentucky October Yearlings (2022),2022-10-25,521,DKB,F,KITTEN'S JOY,BAMBOLINA,WAR CHANT,BLAKE-ALBINA THOROUGHBRED SERVICES LLC AGENT I,NOT SOLD,39000,,04/22/2021,KENTUCKY,11,,,
Kentucky October Yearlings (2022),2022-10-25,522,DKB,C,COPPER BULLET,BATTLE ANGEL,TAKE CHARGE INDY,GAINESWAY AGENT XXXI,TED HOLDER,7000,,01/18/2021,KENTUCKY,5&6,,,
Kentucky October Yearlings (2022),2022-10-25,523,B,F,MITOLE,BAY HARBOR,SPEIGHTSTOWN,HIGHGATE SALES AGENT III,MARQUEE BLOODSTOCK,140000,,05/01/2021,KENTUCKY,11,,,
Kentucky October Yearlings (2022),2022-10-25,524,B,C,WEST COAST,BAY RIVER,PIONEEROF THE NILE,STONERIGGS FARM AGENT,S.R.O.A. (K.O.I.D.),40000,,04/28/2021,KENTUCKY,14,,,
Kentucky October Yearlings (2022),2022-10-25,525,B,F,ENTICED,BEACH TIME,BERNARDINI,TAYLOR MADE SALES AGENCY AGENT XXXVII,NOT SOLD,4500,,03/20/2021,KENTUCKY,12 &16,,,
Kentucky October Yearlings (2022),2022-10-25,526,DKB,C,MIDNIGHT LUTE,BEAR CANYON,CHAMPALI,TAYLOR MADE SALES AGENCY AGENT II,OUT,0,,04/15/2021,KENTUCKY,12 &16,,,
Kentucky October Yearlings (2022),2022-10-25,527,GRR,C,GOOD SAMARITAN,BEAR'S LIGHTNING,MARIA'S MON,LEDGELANDS LLC AGENT,ORGANIC FARM,13000,,03/23/2021,KENTUCKY,9,,,
Kentucky October Yearlings (2022),2022-10-25,528,B,F,CLOUD COMPUTING,BEAR'S TRUE GAL,YES IT'S TRUE,VINERY SALES AGENT LXXVIII,FULL THROTTLE RACING,13000,,05/10/2021,INDIANA,22 &23,,,
Kentucky October Yearlings (2022),2022-10-25,529,B,F,MOR SPIRIT,BEAUTIFUL DANIELE,A.P. INDY,WAR HORSE PLACE LLC AGENT IV,DJ STABLE LLC,75000,,04/30/2021,KENTUCKY,21,,,
Kentucky October Yearlings (2022),2022-10-25,530,CH,F,MENDELSSOHN,BEAUTIFUL LIAR,CANDY RIDE (ARG),VINERY SALES AGENT LXXXI,KLARAVICH STABLES,205000,,03/20/2021,KENTUCKY,22 &23,,,
Kentucky October Yearlings (2022),2022-10-25,531,GRR,C,LEOFRIC,BEAUTIFUL PEAR,STRATEGIC MISSION,STUART MORRIS AGENT XII,NOT SOLD,44000,,02/24/2021,NEW YORK,21,,,
Kentucky October Yearlings (2022),2022-10-25,532,DKB,F,SKY MESA,BEAUTIFUL TALE,TALE OF THE CAT,PARAMOUNT SALES AGENT XX,ARCADIO ESCAMILLA,2500,,03/30/2021,KENTUCKY,20,,,
Kentucky October Yearlings (2022),2022-10-25,533,DKB,C,BERNARDINI,BEAUTY'S CAUSE,NIAGARA CAUSEWAY,TAYLOR MADE SALES AGENCY AGENT XXXIX,OUT,0,,02/21/2021,KENTUCKY,12 &16,,,
Kentucky October Yearlings (2022),2022-10-25,534,CH,F,JUSTIFY,BEAU WATCH,BEAU GENIUS,BILL MURPHY AGENT XI,QUARTER POLE ENTERPRISES LLC,145000,,03/08/2021,KENTUCKY,23,,,
Kentucky October Yearlings (2022),2022-10-25,535,B,F,MENDELSSOHN,BEEHIVE HAIRDO,FLAT OUT,WARRENDALE SALES AGENT VIII,OUT,0,,03/24/2021,KENTUCKY,21,,,
Kentucky October Yearlings (2022),2022-10-25,536,B,C,GUN RUNNER,BE FAIR,EXCHANGE RATE,HIDDEN BROOK AGENT XV,OUT,0,,04/21/2021,FLORIDA,22,,,
Kentucky October Yearlings (2022),2022-10-25,537,B,C,BLAME,BE JOYFUL,STREET SENSE,ST GEORGE SALES AGENT I,S.R.O.A. (K.O.I.D.),45000,,05/18/2021,KENTUCKY,10,,,
Kentucky October Yearlings (2022),2022-10-25,538,CH,F,LEMON DROP KID,BELLA COLLINA,PLEASANTLY PERFECT,GROVENDALE SALES AGENT I,OUT,0,,05/16/2021,FLORIDA,2,,,
Kentucky October Yearlings (2022),2022-10-25,539,DKB,F,SPEIGHTSTER,BELLADONNIA,BAYERN,GAINESWAY AGENT FOR RAMIRO RESTREPO & PARTNERS,JOHN A HANCOCK,10500,,04/18/2021,KENTUCKY,5&6,,,
Kentucky October Yearlings (2022),2022-10-25,540,CH,F,JUSTIFY,BELLA GATTINO,TAPIT,BLUEWATER SALES LLC AGENT XIV,OUT,0,,04/01/2021,KENTUCKY,8,,,
Kentucky October Yearlings (2022),2022-10-25,541,CH,C,FIRST SAMURAI,BELLA MONETA,MAX'S PAL,SMALL BATCH SALES AGENT VIII,GRASSROOTS TRN & SALES LLC,40000,,04/17/2021,KENTUCKY,20,,,
Kentucky October Yearlings (2022),2022-10-25,542,B,C,MITOLE,BELLISSIMA INDY,TAKE CHARGE INDY,TAYLOR MADE SALES AGENCY AGENT XLIV,KINGS EQUINE,59000,,04/29/2021,KENTUCKY,12 &16,,,
Kentucky October Yearlings (2022),2022-10-25,543,CH,F,MOR SPIRIT,BELL'S TEMPLE,TEMPLE CITY,BALLYSAX BLOODSTOCK AGENT II,NOT SOLD,7500,,01/24/2021,KENTUCKY,22,,,
Kentucky October Yearlings (2022),2022-10-25,544,DKB,C,MASTERY,BEND,ARCH,CLAIBORNE FARM AGENT,CHASEY DEVILLE AGENT FOR JERRY CAROOM,24000,,01/19/2021,KENTUCKY,8,,,
Kentucky October Yearlings (2022),2022-10-25,545,CH,F,MASTERY,BERNARDA,BERNARDINI,STUART MORRIS AGENT VII,BILL STIRITZ PATRICK COSTELLO AGENT,8000,,03/27/2021,KENTUCKY,21,,,
Kentucky October Yearlings (2022),2022-10-25,546,B,F,MORE THAN READY,BERNARDINIS ARROW,BERNARDINI,EATON SALES AGENT,NOT SOLD,95000,,04/06/2021,KENTUCKY,7,,,
Kentucky October Yearlings (2022),2022-10-25,547,DKB,C,MENDELSSOHN,BERNARDINI'S JOY,KITTEN'S JOY,EATON SALES AGENT,OUT,0,,03/01/2021,KENTUCKY,7,,,
Kentucky October Yearlings (2022),2022-10-25,548,DKB,C,ALWAYS DREAMING,BERTIE'S IMAGE,READY'S IMAGE,BRANDYWINE FARM (JIM & PAM ROBINSON),CHASEY DEVILLE AGENT FOR OUR BLUE STREAK STABLE,9000,,03/25/2021,KENTUCKY,15,,,
Kentucky October Yearlings (2022),2022-10-25,549,B,F,MACHO UNO,BEST DIAMOND,COZZENE,VINERY SALES AGENT XXIX,GRASSROOTS TRN & SALES LLC,6000,,04/20/2021,KENTUCKY,22 &23,,,
Kentucky October Yearlings (2022),2022-10-25,550,B,F,CANDY RIDE (ARG),BEST PERFORMANCE,BROKEN VOW,DENALI STUD AGENT XXV,OUT,0,,03/15/2021,KENTUCKY,1&2,,,
Kentucky October Yearlings (2022),2022-10-25,551,B,F,OUTWORK,BET ON KITTEN,KITTEN'S JOY,DARBY DAN FARM AGENT FOR OAKS RIDGE FARM,ARCADIO ESCAMILLA,2500,,02/03/2021,KENTUCKY,18,,,
Kentucky October Yearlings (2022),2022-10-25,552,CH,C,KEEN ICE,BET ON THE BLUE,E DUBAI,STUART MORRIS AGENT XIII,NINA GUEORGUIEVA AGENT,5000,,03/11/2021,KENTUCKY,21,,,
Kentucky October Yearlings (2022),2022-10-25,553,DKB,C,LEOFRIC,BETROFF TOUGH,TALE OF THE CAT,STUART MORRIS AGENT VII,OUT,0,,05/15/2021,NEW YORK,21,,,
Kentucky October Yearlings (2022),2022-10-25,554,GRR,C,NOT THIS TIME,BETTYFROMTHEBLOCK,STREET BOSS,PARAMOUNT SALES AGENT V,OUT,0,,03/16/2021,KENTUCKY,20,,,
Kentucky October Yearlings (2022),2022-10-25,555,B,C,CONSTITUTION,BICOLOUR,TIZNOW,EATON SALES AGENT,SHORTLEAF STABLE,210000,,03/28/2021,KENTUCKY,7,,,
Kentucky October Yearlings (2022),2022-10-25,556,B,F,AUDIBLE,BIDE A WEE ISLAND,SLIGO BAY (IRE),WARRENDALE SALES AGENT XXXI,GARY SIMMS AGENT,65000,,04/09/2021,KENTUCKY,21,,,
Kentucky October Yearlings (2022),2022-10-25,557,CH,C,WEST COAST,BIG AWAKENING,BIG BROWN,WOODFORD THOROUGHBREDS AGENT LIV,S.R.O.A. (K.O.I.D.),25000,,05/10/2021,KENTUCKY,3,,,
Kentucky October Yearlings (2022),2022-10-25,558,CH,C,MORE THAN READY,BIG MEESH (IRE),HIGH CHAPARRAL (IRE),BALLYSAX BLOODSTOCK AGENT I,NOT SOLD,85000,,04/23/2021,KENTUCKY,22,,,
Kentucky October Yearlings (2022),2022-10-25,559,B,F,BOLT D'ORO,BIG MOVE,MR. BIG,HILL 'N' DALE AT XALAPA AGENT,VIC CORPORATION,3500,,03/22/2021,KENTUCKY,4,,,
Kentucky October Yearlings (2022),2022-10-25,560,CH,C,MACLEAN'S MUSIC,BIG SINK STAR,A.P. INDY,WARRENDALE SALES AGENT II,DJ STABLE LLC,19000,,02/05/2021,KENTUCKY,21,,,
Kentucky October Yearlings (2022),2022-10-25,561,DKB,F,GIO PONTI,BIG TIME GIRL,REFORMER RALLY,HUNTER VALLEY FARM AGENT,SPAN INVESTMENT,5000,,04/03/2021,KENTUCKY,9,,,
Kentucky October Yearlings (2022),2022-10-25,562,DKB,F,THE FACTOR,BILLBOARD HIT,GIANT'S CAUSEWAY,NICKY DRION THOROUGHBREDS AGENT VI,BOBBY RANKIN,5000,,03/24/2021,OHIO,20,,,
Kentucky October Yearlings (2022),2022-10-25,563,B,C,GIRVIN,BILLEX DOUX,ELUSIVE QUALITY,PARAMOUNT SALES AGENT XXXV,DAVID GEOFROY,100000,,02/11/2021,FLORIDA,20,,,
Kentucky October Yearlings (2022),2022-10-25,564,B,C,PRACTICAL JOKE,BIORRA,SMOKE GLACKEN,HIDDEN BROOK AGENT XIV,NOT SOLD,49000,,02/19/2021,KENTUCKY,22,,,
Kentucky October Yearlings (2022),2022-10-25,565,DKB,F,MITOLE,BIRD HOUSE,LIMEHOUSE,LEGACY BLOODSTOCK AGENT VII,HUGH H ROBERTSON,52000,,05/21/2021,KENTUCKY,22,,,
Kentucky October Yearlings (2022),2022-10-25,566,GRR,C,UNION RAGS,BIRDY NUM,TAPIT,GAINESWAY AGENT X,THOMAS HAUGHEY FOR PTK LLC,95000,,03/15/2021,KENTUCKY,5&6,,,
Kentucky October Yearlings (2022),2022-10-25,567,DKB,C,SHARP AZTECA,BIRIBA,PIONEEROF THE NILE,TAYLOR MADE SALES AGENCY AGENT XXXII,NOT SOLD,110000,,03/08/2021,KENTUCKY,12 &16,,,
Kentucky October Yearlings (2022),2022-10-25,568,DKB,C,COAL FRONT,BIT OF JOY,KITTEN'S JOY,JOHNSON CROSS AGENT III,MCCUTCHEN TRAINING CENTER,3000,,03/12/2021,KENTUCKY,23,,,
Kentucky October Yearlings (2022),2022-10-25,569,DKB,F,PAYNTER,BLAME IT ON DIXIE,BLAME,BEAU LANE BLOODSTOCK AGENT,CHRIS MELTON,10000,,04/20/2021,KENTUCKY,15,,,
Kentucky October Yearlings (2022),2022-10-25,570,CH,C,MENDELSSOHN,BLAZEN BETSY,SPEIGHTSTOWN,STONERIGGS FARM AGENT,TOBY STABLES,120000,,05/23/2021,KENTUCKY,14,,,
Kentucky October Yearlings (2022),2022-10-25,571,GRR,C,TAPIT,BLINGISMYTHING,ARCH,WOODFORD THOROUGHBREDS AGENT I,MWG-LLC,150000,,05/01/2021,KENTUCKY,3,,,
Kentucky October Yearlings (2022),2022-10-25,572,B,F,OSCAR PERFORMANCE,BLOSSOM D'ORANGE (BRZ),PUBLIC PURSE,BROOKDALE SALES AGENT,FRANCISCO LOZA CANO,1000,,04/26/2021,CALIFORNIA,18,,,
Kentucky October Yearlings (2022),2022-10-25,573,B,C,GOOD SAMARITAN,BLUE GALLINA,STREET SENSE,WYNNSTAY SALES AGENT IV,DJ STABLE LLC,100000,,04/26/2021,KENTUCKY,3,,,
Kentucky October Yearlings (2022),2022-10-25,574,B,F,MO TOWN,BODELLA,BODEMEISTER,BIRD IN HAND STABLES,GAYLE VAN LEER AGENT,30000,,02/27/2021,KENTUCKY,18,,,
Kentucky October Yearlings (2022),2022-10-25,575,DKB,F,FLAMEAWAY,BOLD STRIKE,TAPIT,LISA & TIM TURNEY AGENT I,BILL STIRITZ PATRICK COSTELLO AGENT,9000,,03/19/2021,KENTUCKY,17,,,
Kentucky October Yearlings (2022),2022-10-25,576,GRR,F,CREATIVE CAUSE,BONITA BLONDE,STEVIE WONDERBOY,FLYING I RANCH AGENT,GAYLE VAN LEER AGENT,12000,,04/29/2021,KENTUCKY,19,,,
Kentucky October Yearlings (2022),2022-10-25,577,DKB,C,TWIRLING CANDY,BONITA CAT,TALE OF THE CAT,SUMMERFIELD (FRANCIS & BARBARA VANLANGENDONCK) AGENT,BARRY BERKELHAMMER AGENT,90000,,02/23/2021,KENTUCKY,3,,,
Kentucky October Yearlings (2022),2022-10-25,578,B,F,CITY OF LIGHT,BOODLES,MR. GREELEY,EATON SALES AGENT,MAIN LINE RACING JOHN SERVIS AGT.,300000,,03/05/2021,KENTUCKY,7,,,
Kentucky October Yearlings (2022),2022-10-25,579,B,F,CONGRATS,BOOTSY'S HADENOUGH,PAYNTER,MULHOLLAND FARM AGENT,CRUMBAUGH LANE,3000,,02/17/2021,KENTUCKY,23,,,
Kentucky October Yearlings (2022),2022-10-25,580,B,C,DEMARCHELIER (GB),BORN SPECIAL,PULPIT,GAINESWAY AGENT XXIII,OUT,0,,03/03/2021,KENTUCKY,5&6,,,
Kentucky October Yearlings (2022),2022-10-25,581,B,F,MUNNINGS,BOUDICEA'S REVENGE,WARRIOR'S REWARD,WAR HORSE PLACE LLC,NOT SOLD,80000,,03/30/2021,KENTUCKY,21,,,
Kentucky October Yearlings (2022),2022-10-25,582,GRR,F,QUALITY ROAD,BOUJIE GIRL,FLASHBACK,LANE'S END AGENT,ROBERT B HESS JR,65000,,04/10/2021,KENTUCKY,1,,,
Kentucky October Yearlings (2022),2022-10-25,583,DKB,C,BRODY'S CAUSE,BOURBON AND A KISS,SKY MESA,VINERY SALES AGENT XXXVII,ARCADIO ESCAMILLA,4000,,02/24/2021,KENTUCKY,22 &23,,,
Kentucky October Yearlings (2022),2022-10-25,584,DKB,F,BOLT D'ORO,BOURBON ENDOWMENT,SKY MESA,ST GEORGE SALES AGENT XXII,J K BLOODSTOCK,125000,,02/05/2021,NEW YORK,10,,,
Kentucky October Yearlings (2022),2022-10-25,585,CH,F,SKY MESA,BOURBON QUEEN,SUCCESSFUL APPEAL,SOUTHERN COMFORT FARM LLC,BIG EASY,3000,,04/10/2021,KENTUCKY,20,,,
Kentucky October Yearlings (2022),2022-10-25,586,B,F,MENDELSSOHN,BOURBONSTATEOFMIND,STREET SENSE,HIDDEN BROOK AGENT IX,DARK STAR THOROUGHBREDS,27000,,04/12/2021,NEW YORK,22,,,
Kentucky October Yearlings (2022),2022-10-25,587,B,F,MAXIMUS MISCHIEF,BOX OFFICE SMASH,DIXIE UNION,EATON SALES AGENT,NOT SOLD,36000,,02/08/2021,KENTUCKY,7,,,
Kentucky October Yearlings (2022),2022-10-25,588,B,C,MOHAYMEN,BREAKSHOT,LEMON DROP KID,FORBUSH FARM,NOT SOLD,9000,,03/01/2021,KENTUCKY,19,,,
Kentucky October Yearlings (2022),2022-10-25,589,DKB,F,CLOUD COMPUTING,BREATHTAKING,MINESHAFT,HIGHGATE SALES AGENT X,OUT,0,,04/05/2021,KENTUCKY,11,,,
Kentucky October Yearlings (2022),2022-10-25,590,DKB,F,UNION RAGS,BRIANNA ROSE,DISTORTED HUMOR,TAYLOR MADE SALES AGENCY AGENT XXIV,OUT,0,,04/30/2021,KENTUCKY,12 &16,,,
Kentucky October Yearlings (2022),2022-10-25,591,B,F,MO TOWN,BRIEF HOLIDAY,HARLAN'S HOLIDAY,MACHMER HALL SALES AGENT I,SIX K'S TRAINING & SALES LLC,8000,,05/05/2021,PENNSYLVANIA,5&6,,,
Kentucky October Yearlings (2022),2022-10-25,592,B,F,PALACE MALICE,BROAD STRIPES,BERNARDINI,PARAMOUNT SALES AGENT XV,NICK J HINES AGENT,20000,,03/30/2021,NEW YORK,20,,,
Kentucky October Yearlings (2022),2022-10-25,593,CH,C,FLAMEAWAY,BROADWAY DINER,TAPIZAR,PARAMOUNT SALES AGENT II,GREGORY MARTIN AGENT,25000,,03/12/2021,KENTUCKY,20,,,
Kentucky October Yearlings (2022),2022-10-25,594,B,C,STREET SENSE,BROADWAY PLAY,QUALITY ROAD,BURLESON FARMS AGENT,BET,52000,,05/08/2021,KENTUCKY,23,,,
Kentucky October Yearlings (2022),2022-10-25,595,B,F,STREET SENSE,PRINCESS PEGGY,SCAT DADDY,SUMMERFIELD (FRANCIS & BARBARA VANLANGENDONCK) AGENT FOR STONESTREET BRED & RAISED,GREGORY MARTIN AGENT,30000,,01/19/2021,KENTUCKY,3,,,
Kentucky October Yearlings (2022),2022-10-25,596,DKB,C,CURLIN,BROADWAY'S ALIBI,VINDICATION,LANE'S END AGENT,OUT,0,,01/21/2021,KENTUCKY,1,,,
Kentucky October Yearlings (2022),2022-10-25,597,CH,C,PRESERVATIONIST,BRONZE BEAUTY,LATENT HEAT,VINERY SALES AGENT VIII,JUDY KARLIN & WHITMAN SALES,10000,,02/09/2021,OKLAHOMA,22 &23,,,
Kentucky October Yearlings (2022),2022-10-25,598,DKB,F,ENTICED,BROWN EYES,HALO'S IMAGE,WAR HORSE PLACE LLC AGENT I,NOT SOLD,19000,,04/10/2021,KENTUCKY,21,,,
Kentucky October Yearlings (2022),2022-10-25,599,B,F,ALWAYS DREAMING,BUDGET CUT,SUPER SAVER,VINERY SALES AGENT XV,SPAN INVESTMENT,2000,,02/14/2021,KENTUCKY,22 &23,,,
Kentucky October Yearlings (2022),2022-10-25,600,B,F,PRESERVATIONIST,BURN PERMIT,GRAND SLAM,SCOTT MALLORY AGENT II,KIM KOZAK AGENT (DON DONARD),18000,,02/14/2021,KENTUCKY,21,,,
Kentucky October Yearlings (2022),2022-10-25,601,B,C,AFLEET ALEX,BUTCHER KNIFE,WILD AND WICKED,HUNTER VALLEY FARM AGENT,ANTHONY PECORARO,5500,,03/07/2021,KENTUCKY,9,,,
Kentucky October Yearlings (2022),2022-10-25,602,CH,F,BRODY'S CAUSE,BUTTRESS,ARCH,GROVENDALE SALES AGENT IV,OUT,0,,04/07/2021,KENTUCKY,2,,,
Kentucky October Yearlings (2022),2022-10-25,603,DKB,F,ENTICED,BUY FOR LESS,BODEMEISTER,MACHMER HALL SALES AGENT FOR NEW GENERATION BLOODSTOCK,GOOD GAMES,40000,,02/05/2021,KENTUCKY,5&6,,,
Kentucky October Yearlings (2022),2022-10-25,604,DKB,F,MORE THAN READY,CABANA,FLATTER,EATON SALES AGENT,KINGS EQUINE,70000,,02/21/2021,KENTUCKY,7,,,
Kentucky October Yearlings (2022),2022-10-25,605,B,F,GOLDENCENTS,CABBAGE KEY,A.P. INDY,ST GEORGE SALES AGENT XI,ZAP/MURPHY FOR THOROUGHBRED ACQUISITION GROUP,115000,,04/07/2021,KENTUCKY,10,,,
Kentucky October Yearlings (2022),2022-10-25,606,B,F,HONOR CODE,CABLEKNIT,UNBRIDLED'S SONG,CALUMET FARM,BLACKSTONE FARM LLC,15000,,04/19/2021,KENTUCKY,21,,,
Kentucky October Yearlings (2022),2022-10-25,607,CH,F,DOLPHUS,CACAHUATITA,OLD FASHIONED,HILL 'N' DALE AT XALAPA AGENT,OUT,0,,04/14/2021,LOUISIANA,4,,,
Kentucky October Yearlings (2022),2022-10-25,608,CH,F,MIDSHIPMAN,CAFE BELLE,MEDAGLIA D'ORO,NICKY DRION THOROUGHBREDS AGENT I,"III STOOGES",67000,,02/16/2021,KENTUCKY,20,,,
Kentucky October Yearlings (2022),2022-10-25,609,DKB,F,HARD SPUN,CAFETIERE,ELUSIVE QUALITY,BURLESON FARMS AGENT,OUT,0,,04/07/2021,KENTUCKY,23,,,
Kentucky October Yearlings (2022),2022-10-25,610,CH,F,KARAKONTIE (JPN),CALABRISELLA,CURLIN,JULIAN SMALLBATCH SELECT AGENT,NOT SOLD,19000,,04/01/2021,OHIO,19,,,
Kentucky October Yearlings (2022),2022-10-25,611,DKB,C,RUNHAPPY,CALAIS,A.P. INDY,DENALI STUD AGENT VI,NOT SOLD,9000,,04/30/2021,KENTUCKY,1&2,,,
Kentucky October Yearlings (2022),2022-10-25,612,CH,F,HEART TO HEART,CALAMARI,STORM BOOT,BILL MURPHY AGENT I,BOWLING BLOODSTOCK AGENT FOR WAYNE ANDERSON,7000,,05/22/2021,KENTUCKY,23,,,
Kentucky October Yearlings (2022),2022-10-25,613,B,F,KARAKONTIE (JPN),CALIFORNIA BREEZE,INTO MISCHIEF,STUART MORRIS AGENT FOR HIGHCLERE,NOT SOLD,29000,,02/22/2021,KENTUCKY,21,,,
Kentucky October Yearlings (2022),2022-10-25,614,CH,C,MALIBU MOON,CALLE VISTA,PLEASANTLY PERFECT,TAYLOR MADE SALES AGENCY AGENT LXXI,CHASEY DEVILLE,20000,,02/27/2021,KENTUCKY,12 &16,,,
Kentucky October Yearlings (2022),2022-10-25,615,B,C,KANTHAROS,CALLING RHY RHY,CITY ZIP,HILL 'N' DALE AT XALAPA AGENT,HIDDEN BROOK AGT.,95000,,05/06/2021,ONTARIO,4,,,
Kentucky October Yearlings (2022),2022-10-25,616,GRR,C,RUNHAPPY,CALLISTA,TAPIT,DENALI STUD AGENT XIX,WEST POINT THOROUGHBREDS MIKE LYDEN LEB AGENT,230000,,04/27/2021,KENTUCKY,1&2,,,
Kentucky October Yearlings (2022),2022-10-25,617,B,C,INTO MISCHIEF,CALL PAT,LAWYER RON,WARRENDALE SALES AGENT,OUT,0,,05/16/2021,KENTUCKY,21,,,
Kentucky October Yearlings (2022),2022-10-25,618,DKB,F,YOSHIDA (JPN),CAMILA PRINCESS,ANIMAL KINGDOM,GAINESWAY AGENT VII,OUT,0,,03/08/2021,KENTUCKY,5&6,,,
Kentucky October Yearlings (2022),2022-10-25,619,GRR,F,RAISON D'ETAT,CAMRYN'S GEM,UNBRIDLED'S SONG,CALUMET FARM,WAKE FOREST STABLE,15000,,05/16/2021,KENTUCKY,21,,,
Kentucky October Yearlings (2022),2022-10-25,620,DKB,C,BLAME,CANDIDA,CONGRATS,GAINESWAY AGENT XIV,MIGUEL MORRELL,3000,,04/25/2021,KENTUCKY,5&6,,,
Kentucky October Yearlings (2022),2022-10-25,621,B,F,ENTICED,CANDY CAT CAN,LANGFUHR,MACHMER HALL SALES AGENT IX,NICE GUYS STABLES,55000,,02/19/2021,KENTUCKY,5&6,,,
Kentucky October Yearlings (2022),2022-10-25,622,B,F,TEMPLE CITY,CANEY CREEK,SERVICE STRIPE,WAR HORSE PLACE LLC AGENT II,LESTER ELLENZ,40000,,02/15/2021,KENTUCKY,21,,,
Kentucky October Yearlings (2022),2022-10-25,623,DKB,F,PRESERVATIONIST,CAPITAL DEPLOYMENT,HARLAN'S HOLIDAY,CLIFTON FARM LLC,NOT SOLD,29000,,04/09/2021,KENTUCKY,10,,,
Kentucky October Yearlings (2022),2022-10-25,624,B,C,MAXIMUS MISCHIEF,CAPTION,DISTORTED HUMOR,VINERY SALES AGENT XX,DJ STABLE LLC,80000,,05/04/2021,KENTUCKY,22 &23,,,
Kentucky October Yearlings (2022),2022-10-25,625,DKB,C,TAKE CHARGE INDY,CARELESS MOMENT,SUCCESSFUL APPEAL,WYNNSTAY SALES AGENT I,CARY FROMMER,100000,,04/11/2021,IOWA,3,,,
Kentucky October Yearlings (2022),2022-10-25,626,DKB,C,OMAHA BEACH,CAREN,SOCIETY'S CHAIRMAN,HILL 'N' DALE AT XALAPA AGENT,OUT,0,,05/18/2021,ONTARIO,4,,,
Kentucky October Yearlings (2022),2022-10-25,627,B,F,MOR SPIRIT,CARLOW DAISY,GRAND SLAM,POPE MCLEAN (CRESTWOOD FARM) AGENT IV,ANTHONY PECORARO AGENT FOR SECOND CHANCE FARM,8000,,01/22/2021,KENTUCKY,23,,,
Kentucky October Yearlings (2022),2022-10-25,628,GRR,C,CROSS TRAFFIC,CAROLINA HONOR,FORESTRY,WYNNSTAY SALES AGENT VII,GARY CAPUANO AGENT,16000,,05/13/2021,KENTUCKY,3,,,
Kentucky October Yearlings (2022),2022-10-25,629,GRR,F,TAPIT,CAROLYN'S CAT,FORESTRY,BLAKE-ALBINA THOROUGHBRED SERVICES LLC AGENT I,DJ STABLE LLC,600000,,04/07/2021,KENTUCKY,11,,,
Kentucky October Yearlings (2022),2022-10-25,630,GRR,C,TAPWRIT,CASHCONSIDERATIONS,SUPER SAVER,MACHMER HALL SALES AGENT XIII,BOBBY D,30000,,03/31/2021,KENTUCKY,5&6,,,
Kentucky October Yearlings (2022),2022-10-25,631,B,F,CITY OF LIGHT,CASUAL SMILE (GB),SEA THE STARS (IRE),LANE'S END AGENT,NOT SOLD,95000,,03/11/2021,KENTUCKY,1,,,
Kentucky October Yearlings (2022),2022-10-25,632,DKB,C,MORE THAN READY,CATCH MY EYE,UNBRIDLED'S SONG,TAYLOR MADE SALES AGENCY AGENT XXVI,ABC THOROUGHBREDS,42000,,06/06/2021,KENTUCKY,12 &16,,,
Kentucky October Yearlings (2022),2022-10-25,633,CH,C,OMAHA BEACH,CATCH MY FANCY,YES IT'S TRUE,PARAMOUNT SALES AGENT XXI,OUT,0,,04/17/2021,KENTUCKY,20,,,
Kentucky October Yearlings (2022),2022-10-25,634,CH,C,CANDY RIDE (ARG),CATCH THE MAGIC,ANIMAL KINGDOM,GAINESWAY AGENT XII,SAUL MARQUEZ AGENT FOR RUBEN GRACIDA,65000,,03/17/2021,KENTUCKY,5&6,,,
Kentucky October Yearlings (2022),2022-10-25,635,GRR,F,FROSTED,CATCH THE MOMENT,UNBRIDLED,TAYLOR MADE SALES AGENCY AGENT LXV,CORMAC FARRELL BLOODSTOCK,35000,,03/02/2021,KENTUCKY,12 &16,,,
Kentucky October Yearlings (2022),2022-10-25,636,B,F,UNIFIED,CATEGORY SEVEN,GULF STORM,EATON SALES AGENT,OUT,0,,04/29/2021,ONTARIO,7,,,
Kentucky October Yearlings (2022),2022-10-25,637,CH,F,NYQUIST,CATHERINEOFARAGON,BODEMEISTER,DENALI STUD AGENT XXI,BLAKE JAMES,165000,,03/16/2021,KENTUCKY,1&2,,,
Kentucky October Yearlings (2022),2022-10-25,638,B,C,CATALINA CRUISER,CAT'S FAIR,SIR CAT,TAYLOR MADE SALES AGENCY AGENT LXX,NOT SOLD,58000,,03/31/2021,KENTUCKY,12 &16,,,
Kentucky October Yearlings (2022),2022-10-25,639,B,F,RUNHAPPY,CAT'S HOLIDAY,HARLAN'S HOLIDAY,BROOKDALE SALES AGENT FOR MINEOLA FARM,PHILIP A SIMS,4500,,03/13/2021,KENTUCKY,18,,,
Kentucky October Yearlings (2022),2022-10-25,640,DKB,F,OUTWORK,CAT WALK,UNION RAGS,MULHOLLAND FARM,NOT SOLD,24000,,05/15/2021,KENTUCKY,23,,,
Kentucky October Yearlings (2022),2022-10-25,641,B,F,LOOKIN AT LUCKY,CAUSEWAY ROYCE,GIANT'S CAUSEWAY,DARBY DAN FARM AGENT V,ALEJANDRO CONTRERAS,1700,,03/30/2021,KENTUCKY,18,,,
Kentucky October Yearlings (2022),2022-10-25,642,DKB,C,MENDELSSOHN,CAUSEWAYSFLY,GIANT'S CAUSEWAY,DARBY DAN FARM AGENT XII,OUT,0,,03/03/2021,KENTUCKY,18,,,
Kentucky October Yearlings (2022),2022-10-25,643,B,F,ACCELERATE,CAVAL,BLAME,BUCK POND FARM (DOUGLAS S. ARNOLD) AGENT,NOT SOLD,29000,,02/04/2021,KENTUCKY,11,,,
Kentucky October Yearlings (2022),2022-10-25,644,B,C,AUDIBLE,CELEBRATE NOW,STREET CRY (IRE),BURLESON FARMS AGENT,GOP RACING STABLE,40000,,03/25/2021,KENTUCKY,23,,,
Kentucky October Yearlings (2022),2022-10-25,645,CH,C,TAPITURE,CELEBRATING,CITY ZIP,STONERIGGS FARM AGENT,ANTHONY GRANITZ,27000,,04/24/2021,INDIANA,14,,,
Kentucky October Yearlings (2022),2022-10-25,646,B,F,AUDIBLE,CELTIC SUMMER,NORTHERN AFLEET,FOUR STAR SALES AGENT,OUT,0,,03/06/2021,KENTUCKY,17,,,
Kentucky October Yearlings (2022),2022-10-25,647,CH,C,MENDELSSOHN,CHAMPAGNE FOREVER (FR),MASTERCRAFTSMAN (IRE),BLUEWATER SALES LLC AGENT XV,THOMAS HAUGHEY FOR PTK LLC,95000,,04/09/2021,KENTUCKY,8,,,
Kentucky October Yearlings (2022),2022-10-25,648,DKB,F,EXAGGERATOR,CHAMPAGNE GAL,YES IT'S TRUE,BALLYSAX BLOODSTOCK AGENT FOR THE ESTATE OF GLEN TODD,RELENTLESS RACING INC,3000,,03/08/2021,KENTUCKY,22,,,
Kentucky October Yearlings (2022),2022-10-25,649,CH,C,LORD NELSON,CHAMPAGNE GIRL,INTO MISCHIEF,SCOTT MALLORY AGENT FOR SPENDTHRIFT FARM LLC,KENNETH MCPEEK AGENT,65000,,03/07/2021,KENTUCKY,21,,,
Kentucky October Yearlings (2022),2022-10-25,650,B,C,PERFECT TIMBER,CHAMPAGNE TALE,TALE OF EKATI,FOUR STAR SALES AGENT,HIDDEN BROOK AGT.,15000,,03/12/2021,ONTARIO,17,,,
Kentucky October Yearlings (2022),2022-10-25,651,GRR,C,GHOSTZAPPER,CHANEL NUMBER ONE,ENGLISH CHANNEL,NICKY DRION THOROUGHBREDS AGENT VIII,JAMES DIVITO AGENT,30000,,05/23/2021,KENTUCKY,20,,,
Kentucky October Yearlings (2022),2022-10-25,652,CH,C,AUDIBLE,CHANEL'S LEGACY,DOMINUS,WYNNSTAY SALES AGENT I,OUT,0,,04/20/2021,KENTUCKY,3,,,
Kentucky October Yearlings (2022),2022-10-25,653,CH,C,GORMLEY,CHANNEL NINE,ENGLISH CHANNEL,POPE MCLEAN (CRESTWOOD FARM) AGENT III,OUT,0,,03/25/2021,KENTUCKY,23,,,
Kentucky October Yearlings (2022),2022-10-25,654,B,F,THE FACTOR,CHANNEL REGATTA,ENGLISH CHANNEL,PARAMOUNT SALES AGENT VII,BILL STIRITZ PATRICK COSTELLO AGENT,9000,,02/12/2021,KENTUCKY,20,,,
Kentucky October Yearlings (2022),2022-10-25,655,B,F,MOR SPIRIT,CHAPELLERIE (IRE),ACCLAMATION (GB),FRANKFORT PARK FARM AGENT,RAUL GONZALEZ RAMIREZ,2000,,01/30/2021,KENTUCKY,13,,,
Kentucky October Yearlings (2022),2022-10-25,656,CH,C,MIDSHIPMAN,CHARDONNAY SHERRY,ARTIE SCHILLER,PARAMOUNT SALES AGENT IX,NOT SOLD,34000,,04/16/2021,KENTUCKY,20,,,
Kentucky October Yearlings (2022),2022-10-25,657,B,F,CITY OF LIGHT,CHARGE BACK,TAKE CHARGE INDY,TERRAZAS THOROUGHBREDS AGENT FOR CORSER THOROUGHBREDS LLC,NOT SOLD,110000,,01/02/2021,KENTUCKY,15,,,
Kentucky October Yearlings (2022),2022-10-25,658,DKB,C,PALACE MALICE,CHARLADORA,SCAT DADDY,MILL RIDGE SALES AGENT,RANCHO LA SOLEDAD DE ALVAREZ,5500,,01/24/2021,KENTUCKY,11,,,
Kentucky October Yearlings (2022),2022-10-25,659,CH,F,NYQUIST,CHARLIE A,CURLIN,TERRAZAS THOROUGHBREDS AGENT FOR CORSER THOROUGHBREDS LLC,QUINN HOWEY AGENT FOR BOARDSHORTS STABLES,80000,,05/01/2021,KENTUCKY,15,,,
Kentucky October Yearlings (2022),2022-10-25,660,B,C,SKY MESA,CHARMING TALULLAH,BIRDSTONE,SOUTHERN COMFORT FARM LLC,CHESTNUT HILL STABLE LLC,15000,,04/23/2021,KENTUCKY,20,,,
Kentucky October Yearlings (2022),2022-10-25,661,DKB,F,TONALIST,CHASE ME NOW,TIZNOW,WESTBROOK STABLES LLC AGENT,CLAUDE PAYNE,3500,,04/19/2021,KENTUCKY,21,,,
Kentucky October Yearlings (2022),2022-10-25,662,B,C,MACLEAN'S MUSIC,CHASETHEGOLD,TOUCH GOLD,TRACKSIDE FARM (TOM EVANS) AGENT FOR TENLANE FARM,TEN STRIKE RACING,95000,,03/12/2021,KENTUCKY,21,,,
Kentucky October Yearlings (2022),2022-10-25,663,B,C,FLATTER,CHASTISE,BLAME,CLAIBORNE FARM AGENT,TOM DRURY AGENT FOR CHERRY VALLEY,47000,,02/18/2021,KENTUCKY,8,,,
Kentucky October Yearlings (2022),2022-10-25,664,CH,C,STREET BOSS,CHATI'S ON TOP,OLD TOPPER,GAINESWAY AGENT XX,KENNETH MCPEEK AGENT,100000,,04/14/2021,KENTUCKY,5&6,,,
Kentucky October Yearlings (2022),2022-10-25,665,DKB,F,FREE DROP BILLY,CHAT NOIR,UNCLE MO,VINERY SALES AGENT XXIX,CHRIS MELTON,5000,,04/28/2021,KENTUCKY,22 &23,,,
Kentucky October Yearlings (2022),2022-10-25,666,DKB,F,MORE THAN READY,PEACE PROCESS,WAR FRONT,BALLYSAX BLOODSTOCK AGENT X,IKHANA FARM,30000,,02/08/2021,KENTUCKY,22,,,
Kentucky October Yearlings (2022),2022-10-25,667,B,C,FLAMEAWAY,CHECK,UNBRIDLED,HILL 'N' DALE AT XALAPA AGENT,NOT SOLD,39000,,04/10/2021,KENTUCKY,4,,,
Kentucky October Yearlings (2022),2022-10-25,668,CH,F,KITTEN'S JOY,CHERRY POINT,POINT GIVEN,LEGACY BLOODSTOCK AGENT XX,OUT,0,,04/30/2021,KENTUCKY,22,,,
Kentucky October Yearlings (2022),2022-10-25,669,DKB,C,SOLOMINI,CHEYENNE AUTUMN,INDIAN CHARLIE,HUNTER VALLEY FARM AGENT,THOROUGHBRED ACADIANA LLC,25000,,04/04/2021,NEW YORK,9,,,
Kentucky October Yearlings (2022),2022-10-25,670,B,F,PRESERVATIONIST,CHICKASAW GAL,INDIAN CHARLIE,VINERY SALES AGENT LXIX,WEST COAST TURF,70000,,04/09/2021,KENTUCKY,22 &23,,,
Kentucky October Yearlings (2022),2022-10-25,671,CH,F,GOOD MAGIC,CHICKATINI,BERNARDINI,NARDELLI SALES AGENT I,NOT SOLD,77000,,04/07/2021,KENTUCKY,5,,,
Kentucky October Yearlings (2022),2022-10-25,672,CH,C,SPEIGHTSTOWN,CHIFFON,MALIBU MOON,BLUEWATER SALES LLC AGENT XIII,NOT SOLD,137000,,02/06/2021,KENTUCKY,8,,,
Kentucky October Yearlings (2022),2022-10-25,673,CH,C,STREET BOSS,CHINCHILLA,RUBIANO,LISA & TIM TURNEY AGENT II,NOT SOLD,29000,,04/08/2021,KENTUCKY,17,,,
Kentucky October Yearlings (2022),2022-10-25,674,B,F,THE FACTOR,CHI OMEGA,DISTORTED HUMOR,STUART MORRIS AGENT VII,THOROSTOCK AGT FOR MICHAEL IMPERIO,50000,,04/20/2021,KENTUCKY,21,,,
Kentucky October Yearlings (2022),2022-10-25,675,B,F,VINO ROSSO,CHOICE PLAY,VINDICATION,PARAMOUNT SALES AGENT I,GRASSROOTS TRN & SALES LLC,62000,,04/13/2021,KENTUCKY,20,,,
Kentucky October Yearlings (2022),2022-10-25,676,CH,F,CATALINA CRUISER,CHOIR,PULPIT,BROOKDALE SALES AGENT FOR JACK SWAIN,RANCHO LA SOLEDAD DE ALVAREZ,10000,,02/20/2021,KENTUCKY,18,,,
Kentucky October Yearlings (2022),2022-10-25,677,B,C,BLAME,CHOOSY,SUPER SAVER,BLAKE-ALBINA THOROUGHBRED SERVICES LLC AGENT I,NOT SOLD,150000,,02/14/2021,NEW YORK,11,,,
Kentucky October Yearlings (2022),2022-10-25,678,B,F,GOLDENCENTS,CIRCLE THE EMPIRE,EMPIRE MAKER,EATON SALES AGENT FOR COTEAU GROVE FARMS LLC,LONE STAR RACING CLUB,9000,,05/04/2021,LOUISIANA,7,,,
Kentucky October Yearlings (2022),2022-10-25,679,B,F,ALWAYS DREAMING,CIRCUSTOWN ROSE,WIMBLEDON,MAPLE RUN SOUTH AGENT,MARK JENSEN,2000,,05/10/2021,KENTUCKY,19,,,
Kentucky October Yearlings (2022),2022-10-25,680,GRR,C,FROSTED,CITY BY THE BAY,CITY ZIP,EATON SALES AGENT,OUT,0,,05/11/2021,KENTUCKY,7,,,
Kentucky October Yearlings (2022),2022-10-25,681,CH,C,GOOD MAGIC,CITY SIREN,CITY ZIP,TAYLOR MADE SALES AGENCY AGENT III,CIRCLE WOODS RANCH,100000,,04/03/2021,KENTUCKY,12 &16,,,
Kentucky October Yearlings (2022),2022-10-25,682,DKB,C,PRACTICAL JOKE,CLAIR DE LUNE,MALIBU MOON,LEGACY BLOODSTOCK AGENT XX,OUT,0,,03/19/2021,KENTUCKY,22,,,
Kentucky October Yearlings (2022),2022-10-25,683,B,R,MALIBU MOON,CLARA BARTON,UNION RAGS,ENDEAVOR FARM AGENT,RANCHO LA SOLEDAD DE ALVAREZ,11000,,03/05/2021,KENTUCKY,15,,,
Kentucky October Yearlings (2022),2022-10-25,684,DKB,F,AUDIBLE,CLASS ABOVE,QUIET AMERICAN,EATON SALES AGENT,NOT SOLD,82000,,05/10/2021,KENTUCKY,7,,,
Kentucky October Yearlings (2022),2022-10-25,685,DKB,C,GUN RUNNER,CLASSY DANCER,SPEIGHTSTOWN,LANE'S END AGENT,WINCHELL THOROUGHBREDS LLC,550000,,03/31/2021,KENTUCKY,1,,,
Kentucky October Yearlings (2022),2022-10-25,686,B,F,UPSTART,CLEARWATER,PAYNTER,BLUEWATER SALES LLC AGENT VII,NOT SOLD,55000,,03/29/2021,KENTUCKY,8,,,
Kentucky October Yearlings (2022),2022-10-25,687,DKB,C,CLOUD COMPUTING,CLOSING MOVE,BERNARDINI,WARRENDALE SALES AGENT XIV,DAWN MARTIN,2500,,04/19/2021,KENTUCKY,21,,,
Kentucky October Yearlings (2022),2022-10-25,688,CH,F,STREET BOSS,CLOUD STRIKER,SMART STRIKE,BROOKDALE SALES AGENT FOR AUDLEY FARM EQUINE LLC,THT BLOODSTOCK AGENT,85000,,03/05/2021,VIRGINIA,18,,,
Kentucky October Yearlings (2022),2022-10-25,689,CH,C,TALE OF VERVE,CO,CANDY RIDE (ARG),PARAMOUNT SALES AGENT XX,MARY ELLEN MOFFIT,15000,,04/08/2021,KENTUCKY,20,,,
Kentucky October Yearlings (2022),2022-10-25,690,DKB,F,SHARP AZTECA,COLD AWAKENING,DEHERE,BLAKE-ALBINA THOROUGHBRED SERVICES LLC AGENT I,NOT SOLD,49000,,06/09/2021,KENTUCKY,11,,,
Kentucky October Yearlings (2022),2022-10-25,691,CH,C,CONNECT,COME FOLLOW ME,ESKENDEREYA,BROOKDALE SALES AGENT,NICE GUYS STABLES,95000,,03/09/2021,KENTUCKY,18,,,
Kentucky October Yearlings (2022),2022-10-25,692,B,C,DIVISIDERO,COMMUNITY,PROUD CITIZEN,BRERETON C. JONES/AIRDRIE STUD INC. AGENT,MARK JENSEN,2000,,06/05/2021,KENTUCKY,3,,,
Kentucky October Yearlings (2022),2022-10-25,693,B,F,GHOSTZAPPER,CONCHITA,COZZENE,VALKYRE STUD,FERGUS GALVIN AGT,11000,,05/03/2021,KENTUCKY,13,,,
Kentucky October Yearlings (2022),2022-10-25,694,B,C,GIRVIN,CONQUEST SARAHSTAR,LEMON DROP KID,HUNTER VALLEY FARM AGENT,NOT SOLD,16000,,02/27/2021,NEW YORK,9,,,
Kentucky October Yearlings (2022),2022-10-25,695,B,C,SUMMER FRONT,CONSTANTINOPLE,ISTAN,JOHNSON CROSS AGENT IV,NINA GUEORGUIEVA AGENT,3500,,02/06/2021,KENTUCKY,23,,,
Kentucky October Yearlings (2022),2022-10-25,696,B,F,TWIRLING CANDY,CONTENTMENT,SUPER SAVER,TAYLOR MADE SALES AGENCY AGENT XL,JUAN CENTENO,6000,,04/13/2021,KENTUCKY,12 &16,,,
Kentucky October Yearlings (2022),2022-10-25,697,B,C,SPEIGHTSTOWN,CONTRIBUTING,MEDAGLIA D'ORO,EATON SALES AGENT FOR COTEAU GROVE FARMS LLC,CHUCK HOVITZ/HOVFAM RACING,150000,,03/13/2021,LOUISIANA,7,,,
Kentucky October Yearlings (2022),2022-10-25,698,B,F,ASTERN (AUS),CONVERTIBLE,FORESTRY,STUART MORRIS AGENT IX,PRO SELECTION,20000,,04/03/2021,PENNSYLVANIA,21,,,
Kentucky October Yearlings (2022),2022-10-25,699,B,F,CONNECT,CORAL WAY,SMOKE GLACKEN,TAYLOR MADE SALES AGENCY AGENT XXXII,JEREMIAH O'DWYER,12000,,02/19/2021,KENTUCKY,12 &16,,,
Kentucky October Yearlings (2022),2022-10-25,700,CH,C,MENDELSSOHN,CORDELHIA (IRE),AUSTRALIA (GB),FOUR STAR SALES AGENT,LEGION LADIES,80000,,05/20/2021,KENTUCKY,17,,,
Kentucky October Yearlings (2022),2022-10-25,701,CH,C,GOOD MAGIC,COREOPSIS,KITTEN'S JOY,FOUR STAR SALES AGENT,A.L.D.,30000,,02/07/2021,KENTUCKY,17,,,
Kentucky October Yearlings (2022),2022-10-25,702,GRR,C,CUPID,COURAGEOUS HEART,BODEMEISTER,MORRIS B. FLOYD & CHUCK GIVENS AGENT,LARRY MEJIAS/FREDDY CORTALLO,19000,,03/27/2021,KENTUCKY,4,,,
Kentucky October Yearlings (2022),2022-10-25,703,CH,F,TAPITURE,COURTING DELILAH,FLOWER ALLEY,BLUEWATER SALES LLC AGENT V,NOT SOLD,39000,,04/23/2021,KENTUCKY,8,,,
Kentucky October Yearlings (2022),2022-10-25,704,B,F,PRACTICAL JOKE,COURT OF LOVE,LEMON DROP KID,RICKY HIGGS AGENT,NOT SOLD,70000,,03/21/2021,KENTUCKY,15,,,
Kentucky October Yearlings (2022),2022-10-25,705,DKB,C,BEE JERSEY,COURT SURPRISE,COURT VISION,HUNTER VALLEY FARM AGENT,KADEN CLARY,9000,,03/02/2021,KENTUCKY,9,,,
Kentucky October Yearlings (2022),2022-10-25,706,DKB,C,MORE THAN READY,COWGIRL MALLY,GONE WEST,STONE FARM AGENT,OUT,0,,04/12/2021,KENTUCKY,10,,,
Kentucky October Yearlings (2022),2022-10-25,707,B,F,LORD NELSON,COY,ELUSIVE QUALITY,VINERY SALES AGENT LVIII,OUT,0,,04/15/2021,KENTUCKY,22 &23,,,
Kentucky October Yearlings (2022),2022-10-25,708,B,F,TWIRLING CANDY,COY CAT,HOLD THAT TIGER,BLUEWATER SALES LLC AGENT XII,H H AGT.,92000,,04/23/2021,KENTUCKY,8,,,
Kentucky October Yearlings (2022),2022-10-25,709,DKB,F,GOOD SAMARITAN,CRAB KEY,CANDY RIDE (ARG),STUART MORRIS AGENT VI,HEMLOCK STABLES,30000,,05/11/2021,KENTUCKY,21,,,
Kentucky October Yearlings (2022),2022-10-25,710,DKB,C,MITOLE,CRAZY 'BOUT ELVIS,DIXIE UNION,BLUEWATER SALES LLC AGENT II,OUT,0,,05/16/2021,KENTUCKY,8,,,
Kentucky October Yearlings (2022),2022-10-25,711,CH,F,KLIMT,CREATIVE DESIGN,STRAVINSKY,CANDY MEADOWS SALES AGENT III,MCENTEE RACING AGENT ALYSSA TRAWITSKI,6000,,04/06/2021,KENTUCKY,10,,,
Kentucky October Yearlings (2022),2022-10-25,712,B,F,MENDELSSOHN,CREATIVE TALENT,CREATIVE CAUSE,VINERY SALES AGENT LXIX,M H LLC,60000,,02/14/2021,KENTUCKY,22 &23,,,
Kentucky October Yearlings (2022),2022-10-25,713,CH,F,NYQUIST,CRESPANO,MINESHAFT,PARAMOUNT SALES AGENT XIX,JEFFREY E. MACKOR II,45000,Y,05/09/2021,KENTUCKY,20,,,
Kentucky October Yearlings (2022),2022-10-25,714,DKB,C,SPEIGHTSTOWN,CRIMINAL MISCHIEF,INTO MISCHIEF,GAINESWAY AGENT XXXIV,ECLIPSE THOROUGHBRED PARTNERS,120000,,03/21/2021,KENTUCKY,5&6,,,
Kentucky October Yearlings (2022),2022-10-25,715,DKB,C,HEART TO HEART,CROCODILE TUFF,PETIONVILLE,POPE MCLEAN (CRESTWOOD FARM) AGENT,DAWN MARTIN,2500,,05/12/2021,KENTUCKY,23,,,
Kentucky October Yearlings (2022),2022-10-25,716,B,F,YOSHIDA (JPN),CROCUS HILL,MEDAGLIA D'ORO,GOLDEN CREEK FARM,NOT SOLD,11500,,03/28/2021,KENTUCKY,19,,,
Kentucky October Yearlings (2022),2022-10-25,717,CH,C,COLLECTED,CROWN CONGRATS,CONGRATS,WOODFORD THOROUGHBREDS AGENT II,SKULL STABLE,19000,,03/20/2021,KENTUCKY,3,,,
Kentucky October Yearlings (2022),2022-10-25,718,DKB,F,OMAHA BEACH,CROWN IT,TAPIT,POPE MCLEAN (CRESTWOOD FARM) AGENT,OUT,0,,04/24/2021,KENTUCKY,23,,,
Kentucky October Yearlings (2022),2022-10-25,719,DKB,F,EXAGGERATOR,CRUSIN ALONE,HONOR CODE,PAUL TACKETT,NOT SOLD,7500,,03/28/2021,KENTUCKY,13,,,
Kentucky October Yearlings (2022),2022-10-25,720,DKB,C,ENTICED,CRUZETTE,WAR PASS,EQUUS FARM (JERRY CUMMINS/PAUL ADAMS) AGENT I,CORTEZ RACING LLC,20000,,04/26/2021,KENTUCKY,14,,,
Kentucky October Yearlings (2022),2022-10-25,721,B,F,BRODY'S CAUSE,CRYPTO RISING STAR,CRYPTOCLEARANCE,VINERY SALES AGENT LXX,OUT,0,,03/11/2021,KENTUCKY,22 &23,,,
Kentucky October Yearlings (2022),2022-10-25,722,B,C,INTO MISCHIEF,C. S. ROYCE,UNBRIDLED'S SONG,EATON SALES AGENT,OUT,0,,04/26/2021,KENTUCKY,7,,,
Kentucky October Yearlings (2022),2022-10-25,723,GRR,F,CLOUD COMPUTING,CUPCAKE TATE,THE FACTOR,PETER SHEPPELL THOROUGHBREDS AGENT,TIM ROSIN,9000,,03/25/2021,OHIO,23,,,
Kentucky October Yearlings (2022),2022-10-25,724,DKB,F,MAXIMUS MISCHIEF,CYNISCA,MUNNINGS,BURLESON FARMS AGENT,J J S,17000,,04/26/2021,VIRGINIA,23,,,
Kentucky October Yearlings (2022),2022-10-25,725,B,C,ENTICED,DADDYSNEVERREADY,SCAT DADDY,HUNTER VALLEY FARM AGENT,TIMOTHY WICKES AGENT,60000,,02/03/2021,NEW YORK,9,,,
Kentucky October Yearlings (2022),2022-10-25,726,GRR,F,UPSTART,DAD'SSILVERPITCHER,GIANT'S CAUSEWAY,VINERY SALES AGENT XXXVIII,WAYNE SANDERS & KAT KIRK,55000,,02/18/2021,KENTUCKY,22 &23,,,
Kentucky October Yearlings (2022),2022-10-25,727,B,C,UNCLE MO,DAISY MASON,ORIENTATE,BRERETON C. JONES/AIRDRIE STUD INC. AGENT,BET,260000,,03/08/2021,KENTUCKY,3,,,
Kentucky October Yearlings (2022),2022-10-25,728,CH,C,MOHAYMEN,DALEELATY,DAAHER,STUART MORRIS AGENT VII,SHEIK KAMAL,5500,,04/20/2021,KENTUCKY,21,,,
Kentucky October Yearlings (2022),2022-10-25,729,GRR,C,CUPID,DAME WICKED,STORMELLO,VALKYRE STUD AGENT FOR ECHO VALLEY HORSE FARM,KOID CO LTD,30000,,03/08/2021,KENTUCKY,13,,,
Kentucky October Yearlings (2022),2022-10-25,730,DKB,C,SKY MESA,DAMSEL,SUPER SAVER,VINERY SALES AGENT XVII,NOT SOLD,14000,,04/06/2021,ONTARIO,22 &23,,,
Kentucky October Yearlings (2022),2022-10-25,731,B,C,CITY OF LIGHT,DANCE CLUB,CANDY RIDE (ARG),CLAIBORNE FARM AGENT,MWG-LLC,20000,,03/26/2021,KENTUCKY,8,,,
Kentucky October Yearlings (2022),2022-10-25,732,B,F,CLASSIC EMPIRE,DANCE QUEEN,TO HONOR AND SERVE,PAUL TACKETT,THOROSTOCK AGT FOR MICHAEL IMPERIO,60000,,02/21/2021,KENTUCKY,13,,,
Kentucky October Yearlings (2022),2022-10-25,733,GRR,C,FLAMEAWAY,DANCINGINHERDREAMS,TAPIT,DARBY DAN FARM AGENT I,SJB STABLE,150000,,05/06/2021,KENTUCKY,18,,,
Kentucky October Yearlings (2022),2022-10-25,734,DKB,F,CONGRATS,DANCINGONTHEEDGE,THE CLIFF'S EDGE,DARBY DAN FARM AGENT FOR OAKS RIDGE FARM,ROBERT RAY,10000,,03/15/2021,INDIANA,18,,,
Kentucky October Yearlings (2022),2022-10-25,735,CH,C,PRESERVATIONIST,DANDEE'S WARRIOR,MAJESTIC WARRIOR,LEGACY BLOODSTOCK AGENT VII,NOT SOLD,19000,,04/28/2021,KENTUCKY,22,,,
Kentucky October Yearlings (2022),2022-10-25,736,CH,F,BUCCHERO,DANDY DASHA,DUTY OFFICER,HILL 'N' DALE AT XALAPA AGENT,JEREMIAH O'DWYER,3000,,01/29/2021,FLORIDA,4,,,
Kentucky October Yearlings (2022),2022-10-25,737,GRR,C,CUPID,DARING GREATLY,EVEN THE SCORE,BROOKDALE SALES AGENT,TAPROOT BLOODSTOCK AGENT,50000,,03/21/2021,KENTUCKY,18,,,
Kentucky October Yearlings (2022),2022-10-25,738,B,C,DISTORTED HUMOR,DARK MISSION,MEDAGLIA D'ORO,HILL 'N' DALE AT XALAPA AGENT,KADEN CLARY/BRAD WALKER,75000,,04/09/2021,ONTARIO,4,,,
Kentucky October Yearlings (2022),2022-10-25,739,CH,C,MITOLE,DASHING ANGEL,SUPER SAVER,FOUR STAR SALES AGENT,GREG FOLEY,260000,,03/30/2021,KENTUCKY,17,,,
Kentucky October Yearlings (2022),2022-10-25,740,B,C,CITY OF LIGHT,DATING GAME,GHOSTZAPPER,HIGHGATE SALES AGENT XVI,OUT,0,,04/06/2021,KENTUCKY,11,,,
Kentucky October Yearlings (2022),2022-10-25,741,B,F,STREET SENSE,DATTT ECHO,STORMY ATLANTIC,ANDERSON FARMS,OUT,0,,03/06/2021,ONTARIO,3,,,
Kentucky October Yearlings (2022),2022-10-25,742,B,C,UNCLE MO,DAVERON (GER),BLACK SAM BELLAMY (IRE),HIGHGATE SALES AGENT XVI,METROPOLITON THOROUGHBREDS,150000,,03/15/2021,KENTUCKY,11,,,
Kentucky October Yearlings (2022),2022-10-25,743,B,C,BRODY'S CAUSE,DAYDREAM,ROCKPORT HARBOR,KAIZEN SALES (RICHARD KENT) AGENT I,NOT SOLD,7000,,02/14/2021,KENTUCKY,18,,,
Kentucky October Yearlings (2022),2022-10-25,744,GRR,C,LIAM'S MAP,DAYLIGHT'S COMING,STORMY ATLANTIC,MACHMER HALL SALES AGENT X,RUN GRAY RUN RACING,37000,,03/12/2021,WEST VIRGINIA,5&6,,,
Kentucky October Yearlings (2022),2022-10-25,745,B,C,ST PATRICK'S DAY,DAZZLING BRIDE,HE'S HAD ENOUGH,WOODFORD THOROUGHBREDS AGENT I,GREG JAMES,15000,,02/27/2021,FLORIDA,3,,,
Kentucky October Yearlings (2022),2022-10-25,746,CH,C,CONNECT,DAZZLING CONTRAST,GENERAL MEETING,FOUR STAR SALES AGENT,T R STABLE,7000,,03/19/2021,KENTUCKY,17,,,
Kentucky October Yearlings (2022),2022-10-25,747,B,C,LORD NELSON,DBLSECRETPROBATION,PROUD CITIZEN,SCOTT MALLORY AGENT VI,MCENTEE RACING INC,2000,,04/08/2021,KENTUCKY,21,,,
Kentucky October Yearlings (2022),2022-10-25,748,CH,C,VINO ROSSO,DEANAALLEN'SKITTEN,KITTEN'S JOY,EATON SALES AGENT,OUT,0,,04/17/2021,KENTUCKY,7,,,
Kentucky October Yearlings (2022),2022-10-25,749,CH,C,NUMAANY,DEAR LILLY,GRAEME HALL,BALLYSAX BLOODSTOCK AGENT FOR THE ESTATE OF GLEN TODD,NOT SOLD,3000,,04/27/2021,KENTUCKY,22,,,
Kentucky October Yearlings (2022),2022-10-25,750,DKB,C,CAIRO PRINCE,DEEP TROUBLE,INTO MISCHIEF,HIDDEN BROOK AGENT V,JOSE MUNOZ,15000,,04/06/2021,NEW YORK,22,,,
Kentucky October Yearlings (2022),2022-10-25,751,DKB,C,JUSTIFY,DEFY GRAVITY,BANDINI,TAYLOR MADE SALES AGENCY AGENT LXX,ANDREA STABLES,28000,Y,04/09/2021,KENTUCKY,12 &16,,,
Kentucky October Yearlings (2022),2022-10-25,752,B,C,INTO MISCHIEF,DELIGHTFUL MARY,LIMEHOUSE,GAINESWAY AGENT XVII,TOM MCCROCKLIN AGENT,560000,,04/03/2021,KENTUCKY,5&6,,,
Kentucky October Yearlings (2022),2022-10-25,753,CH,F,TONALIST,DELLAROSA,CANDY RIDE (ARG),BLACKBURN FARM (MICHAEL T. BARNETT) AGENT,RAIL HEAD INVESTMENTS,25000,,02/04/2021,KENTUCKY,13,,,
Kentucky October Yearlings (2022),2022-10-25,754,DKB,F,NOT THIS TIME,DELTA HOLIDAY,HARLAN'S HOLIDAY,MACHMER HALL SALES AGENT VII,OUT,0,,05/26/2021,KENTUCKY,5&6,,,
Kentucky October Yearlings (2022),2022-10-25,755,DKB,F,YOSHIDA (JPN),DE MARQUEE,TIZ WONDERFUL,MACHMER HALL SALES AGENT I,CARLOS FLORES,3000,,03/06/2021,NEW YORK,5&6,,,
Kentucky October Yearlings (2022),2022-10-25,756,DKB,F,ARROGATE,DENIED,UNCLE MO,CASTLE PARK FARM LLC (NOEL MURPHY) AGENT IV,WEST BLDSTK AGT. FOR REPOLE STABLE,150000,,03/03/2021,KENTUCKY,7,,,
Kentucky October Yearlings (2022),2022-10-25,757,CH,C,CONSTITUTION,DESERT DUCHESS,HARD SPUN,SCOTT MALLORY AGENT XXI,EXLINE-BORDER RACING LLC,150000,,02/22/2021,KENTUCKY,21,,,
Kentucky October Yearlings (2022),2022-10-25,758,B,C,AMERICAN PHAROAH,DESERT ISLE,BERNARDINI,HILL 'N' DALE AT XALAPA AGENT,BARRY BERKELHAMMER AGENT,120000,,01/29/2021,KENTUCKY,4,,,
Kentucky October Yearlings (2022),2022-10-25,759,CH,F,JUSTIFY,DESIGNER LEGS,GRAEME HALL,CARA BLOODSTOCK AGENT FOR SAINTSBURY FARM (CHRISTINE & JAY HAYDEN),NOT SOLD,55000,,05/06/2021,ONTARIO,8,,,
Kentucky October Yearlings (2022),2022-10-25,760,B,C,TAPITURE,DESK JOB,TO HONOR AND SERVE,VINERY SALES AGENT LXI,SAUL MARQUEZ AGENT FOR ARCADIO ESCAMILLA,7000,,03/04/2021,KENTUCKY,22 &23,,,
Kentucky October Yearlings (2022),2022-10-25,761,CH,F,STREET BOSS,DESPERATE CHICK,TRIBAL RULE,WARRENDALE SALES AGENT XII,GOOD GAMES,75000,,04/30/2021,KENTUCKY,21,,,
Kentucky October Yearlings (2022),2022-10-25,762,CH,C,RACE DAY,DESTINY'S REWARD,HORSE CHESTNUT (SAF),HURSTLAND FARM (ALFRED H. NUCKOLS JR.) AGENT I,JUMP ROPE FARM,7500,,04/22/2021,KENTUCKY,7,,,
Kentucky October Yearlings (2022),2022-10-25,763,B,F,MENDELSSOHN,DESTINY UNBOUND (IRE),GALILEO (IRE),INDIAN CREEK AGENT,OUT,0,,04/10/2021,KENTUCKY,2,,,
Kentucky October Yearlings (2022),2022-10-25,764,DKB,F,UNIFIED,DETAIL,CITY ZIP,POPE MCLEAN (CRESTWOOD FARM) AGENT VI,TRAVIS MURPHY,17000,,02/25/2021,NEW YORK,23,,,
Kentucky October Yearlings (2022),2022-10-25,765,DKB,C,CLOUD COMPUTING,DETERMINED YANKEE,YANKEE GENTLEMAN,LEDGELANDS LLC AGENT,OUT,0,,04/07/2021,KENTUCKY,9,,,
Kentucky October Yearlings (2022),2022-10-25,766,CH,C,CROSS TRAFFIC,DEVILENA,OXBOW,EQUUS FARM (JERRY CUMMINS/PAUL ADAMS) AGENT I,SUM TING WONG,25000,,03/30/2021,KENTUCKY,14,,,
Kentucky October Yearlings (2022),2022-10-25,767,GRR,C,LIAM'S MAP,DIADURA,HARD SPUN,EATON SALES AGENT,OUT,0,,03/07/2021,ONTARIO,7,,,
Kentucky October Yearlings (2022),2022-10-25,768,DKB,C,OUTWORK,DIALED TO GO,DIALED IN,HIGHGATE SALES AGENT XIII,STUD DOZAL,15000,,02/25/2021,KENTUCKY,11,,,
Kentucky October Yearlings (2022),2022-10-25,769,B,C,ASTERN (AUS),DIAMANTINE,GHOSTZAPPER,VINERY SALES AGENT LXXXI,CARL L HESS JR,8000,Y,03/02/2021,KENTUCKY,22 &23,,,
Kentucky October Yearlings (2022),2022-10-25,770,CH,C,CANDY RIDE (ARG),DIAMONDSANDPEARLS,CONGRATS,DENALI STUD AGENT XVI,J H FARMS,50000,,03/21/2021,KENTUCKY,1&2,,,
Kentucky October Yearlings (2022),2022-10-25,771,DKB,F,AUDIBLE,DIAMONDS AND RUST,CURLIN,BROOKDALE SALES AGENT FOR JACK SWAIN,JIM THOMPSON AGENT,70000,,03/16/2021,KENTUCKY,18,,,
Kentucky October Yearlings (2022),2022-10-25,772,DKB,F,CITY OF LIGHT,DIDO,BERNSTEIN,STONEHAVEN STEADINGS,QUARTER POLE ENTERPRISES LLC,245000,,03/18/2021,KENTUCKY,14,,,
Kentucky October Yearlings (2022),2022-10-25,773,GRR,C,THE FACTOR,DILLINGHAM,PLEASANT TAP,DARBY DAN FARM AGENT VI,OUT,0,,04/09/2021,PENNSYLVANIA,18,,,
Kentucky October Yearlings (2022),2022-10-25,774,CH,C,SPEIGHTSTER,DIRTY SHAME,AENEAS,VINERY SALES AGENT LXXXIV,C.C. VENTURES,10000,,05/03/2021,KENTUCKY,22 &23,,,
Kentucky October Yearlings (2022),2022-10-25,775,B,F,MUNNINGS,DISCREET LORE,DISCREET CAT,BUCKLAND SALES (ZACH MADDEN) AGENT VIII,NOT SOLD,60000,,03/16/2021,KENTUCKY,20,,,
Kentucky October Yearlings (2022),2022-10-25,776,B,C,LOST TREASURE (IRE),DISTANT VISION,DISTANT VIEW,MAINE CHANCE FARM (UNIVERSITY OF KENTUCKY),LEGION BLOODSTOCK,3000,,04/30/2021,KENTUCKY,19,,,
Kentucky October Yearlings (2022),2022-10-25,777,B,F,MORE THAN READY,DIVA STYLE,UNBRIDLED'S SONG,TAYLOR MADE SALES AGENCY AGENT FOR JSM EQUINE LLC,OUT,0,,04/06/2021,KENTUCKY,12 &16,,,
Kentucky October Yearlings (2022),2022-10-25,778,CH,C,GOOD MAGIC,DIVINE ESCAPADE,A.P. INDY,HUNTER VALLEY FARM AGENT,SPEEDWAY STABLE,400000,,02/01/2021,KENTUCKY,9,,,
Kentucky October Yearlings (2022),2022-10-25,779,B,F,TAPITURE,DIVINE FRIENDS,DIVINE PARK,BUCKLAND SALES (ZACH MADDEN) AGENT II,TOM MCCROCKLIN FOR JS STABLES,40000,,04/02/2021,KENTUCKY,20,,,
Kentucky October Yearlings (2022),2022-10-25,780,B,F,GOOD MAGIC,DIVINE MERCY,BERNARDINI,SMALL BATCH SALES AGENT XXI,SPAN INVESTMENT,50000,Y,02/02/2021,KENTUCKY,20,,,
Kentucky October Yearlings (2022),2022-10-25,781,B,F,STREET SENSE,DIVINE PRAISES,MEDAGLIA D'ORO,FOUR STAR SALES AGENT,OUT,0,,03/03/2021,KENTUCKY,17,,,
Kentucky October Yearlings (2022),2022-10-25,782,CH,F,TAPWRIT,DIVINE TRICK,DIVINE PARK,TAYLOR MADE SALES AGENCY AGENT XLVII,NOT SOLD,34000,,03/22/2021,KENTUCKY,12 &16,,,
Kentucky October Yearlings (2022),2022-10-25,783,DKB,C,OMAHA BEACH,DIXIE CITY,DIXIE UNION,EATON SALES AGENT FOR COTEAU GROVE FARMS LLC,RONALD STEWART,77000,,04/10/2021,LOUISIANA,7,,,
Kentucky October Yearlings (2022),2022-10-25,784,B,C,LORD NELSON,DONNA GAIL,INTO MISCHIEF,LEGACY BLOODSTOCK AGENT XXIII,SUGARCANE,2000,,04/15/2021,KENTUCKY,22,,,
Kentucky October Yearlings (2022),2022-10-25,785,DKB,C,GUN RUNNER,DON'T BLAME ME,BLAME,ST GEORGE SALES AGENT III,WEST BLDSTK AGT. FOR REPOLE STABLE,350000,,04/08/2021,KENTUCKY,10,,,
Kentucky October Yearlings (2022),2022-10-25,786,B,F,MEDAGLIA D'ORO,DON'T LEAVE ME,LEMON DROP KID,DENALI STUD AGENT XXVI,TOM DRURY AGENT,250000,,03/11/2021,KENTUCKY,1&2,,,
Kentucky October Yearlings (2022),2022-10-25,787,CH,F,HEART TO HEART,DON'TPASSJUDGEMENT,PIONEEROF THE NILE,POPE MCLEAN (CRESTWOOD FARM) AGENT I,HARDIN TOWELL,3000,,04/14/2021,KENTUCKY,23,,,
Kentucky October Yearlings (2022),2022-10-25,788,DKB,C,NOT THIS TIME,DON'T TACHA ME,A.P. INDY,BRANDYWINE FARM (JIM & PAM ROBINSON),MCENTEE RACING/RESOLUTE RACING ALLIANCE,20000,,05/05/2021,KENTUCKY,15,,,
Kentucky October Yearlings (2022),2022-10-25,789,B,F,MENDELSSOHN,DORITZA,MINESHAFT,STONERIGGS FARM AGENT,HILARY PRIDHAM,15000,,03/23/2021,KENTUCKY,14,,,
Kentucky October Yearlings (2022),2022-10-25,790,DKB,F,AUDIBLE,DO THE DANSE,KAFWAIN,HUNTER VALLEY FARM AGENT,SEDONA BLOODSTOCK,185000,,02/11/2021,KENTUCKY,9,,,
Kentucky October Yearlings (2022),2022-10-25,791,CH,C,MUNNINGS,DOWNSTREAM,CITY ZIP,HIGHGATE SALES AGENT IX,NOT SOLD,130000,,03/04/2021,KENTUCKY,11,,,
Kentucky October Yearlings (2022),2022-10-25,792,DKB,C,GOLDENCENTS,DOWNTOWN DRIFTER,DEVIL HIS DUE,TWIN OAKS AGENCY & SALES AGENT,KIM SMITH AGENT,5000,Y,03/27/2021,KENTUCKY,20,,,
Kentucky October Yearlings (2022),2022-10-25,793,CH,C,GET STORMY,DO YOU LIKE ME NOW,KITTEN'S JOY,VINERY SALES AGENT LXXI,OUT,0,,04/04/2021,KENTUCKY,22 &23,,,
Kentucky October Yearlings (2022),2022-10-25,794,DKB,F,GUN RUNNER,DRAFT,DIALED IN,TAYLOR MADE SALES AGENCY AGENT FOR WALDORF FARM,DE MERIC SALES,180000,,04/11/2021,NEW YORK,12 &16,,,
Kentucky October Yearlings (2022),2022-10-25,795,CH,C,PRACTICAL JOKE,DRAGONBERRY,UNBRIDLED'S SONG,TAYLOR MADE SALES AGENCY AGENT XIII,PAUL NEATHERLIN,19000,,02/10/2021,KENTUCKY,12 &16,,,
Kentucky October Yearlings (2022),2022-10-25,796,CH,F,FLAMEAWAY,DREAMING OF SUSIE,COWTOWN CAT,DENALI STUD AGENT XIX,BEN MCELROY AGT,125000,,03/02/2021,LOUISIANA,1&2,,,
Kentucky October Yearlings (2022),2022-10-26,797,DKB,F,ROUSING SERMON,DREAM ON KAYLA,DECARCHY,SOUTHERN COMFORT FARM LLC,NOT SOLD,1000,,02/22/2021,CALIFORNIA,20,,,
Kentucky October Yearlings (2022),2022-10-26,798,B,F,HIT IT A BOMB,DREAMS ON TAP,TAPIT,STUART MORRIS AGENT VII,JKC RACING,3000,,04/20/2021,KENTUCKY,21,,,
Kentucky October Yearlings (2022),2022-10-26,799,B,C,AUDIBLE,DRESSED TO KILL,FORMAL GOLD,PARAMOUNT SALES AGENT V,NOT SOLD,175000,,05/22/2021,KENTUCKY,20,,,
Kentucky October Yearlings (2022),2022-10-26,800,B,F,MAXIMUS MISCHIEF,DRESS FOR BALLET,DROSSELMEYER,GROVENDALE SALES AGENT VI,JOHN CASTILLO,19000,,05/02/2021,KENTUCKY,2,,,
Kentucky October Yearlings (2022),2022-10-26,801,CH,F,MUNNINGS,DRUIDESS,MALIBU MOON,CARA BLOODSTOCK (BERNARD MCCORMACK) AGENT,QUARTER POLE ENTERPRISES LLC,120000,,04/27/2021,ONTARIO,8,,,
Kentucky October Yearlings (2022),2022-10-26,802,CH,F,TAPWRIT,DULCE ARABE (CHI),SPEIGHTSTOWN,TAYLOR MADE SALES AGENCY AGENT XIII,FRANCISCO LOZA CANO,1500,,03/15/2021,KENTUCKY,12 &16,,,
Kentucky October Yearlings (2022),2022-10-26,803,DKB,F,NOT THIS TIME,DUNDALK BAY,MAJESTIC WARRIOR,SUMMERFIELD (FRANCIS & BARBARA VANLANGENDONCK) AGENT,OUT,0,,02/12/2021,INDIANA,3,,,
Kentucky October Yearlings (2022),2022-10-26,804,B,C,SPEIGHTSTER,DYNAMIC JUSTICE,LANTANA MOB,DOUBLE R CONSIGNMENT,TAPROOT BLOODSTOCK AGENT,30000,,01/23/2021,KENTUCKY,19,,,
Kentucky October Yearlings (2022),2022-10-26,805,DKB,F,FOREVER D'ORO,DYNA'S RECOLETA,DYNAFORMER,HUNTER VALLEY FARM AGENT,RELENTLESS RACING INC,2000,,04/05/2021,KENTUCKY,9,,,
Kentucky October Yearlings (2022),2022-10-26,806,B,C,DEMARCHELIER (GB),EARNINGS RELEASE,EL PRADO (IRE),STONE FARM AGENT,KIM SMITH AGENT,3000,,04/08/2021,KENTUCKY,10,,,
Kentucky October Yearlings (2022),2022-10-26,807,CH,F,AUDIBLE,EARTH SHAKING,WAR FRONT,EATON SALES AGENT FOR WINSTAR FARM BRED & RAISED,PALM ROSE THOROUGHBREDS,85000,,04/27/2021,KENTUCKY,7,,,
Kentucky October Yearlings (2022),2022-10-26,808,DKB,F,AMERICAN PHAROAH,EASY LIVING,BIG BROWN,STONEHAVEN STEADINGS,OUT,0,,03/29/2021,KENTUCKY,14,,,
Kentucky October Yearlings (2022),2022-10-26,809,DKB,F,WORLD OF TROUBLE,EBONY ORO,BOB AND JOHN,SCOTT MALLORY AGENT FOR SEA JAY FARM,MACARAKACHIVA,10000,,02/11/2021,KENTUCKY,21,,,
Kentucky October Yearlings (2022),2022-10-26,810,DKB,C,FLAMEAWAY,ECHLUATH,TALE OF THE CAT,LEDGELANDS LLC AGENT,NOT SOLD,19000,,02/27/2021,KENTUCKY,9,,,
Kentucky October Yearlings (2022),2022-10-26,811,CH,F,LIAM'S MAP,ECHO WARRIOR,TIZNOW,TAYLOR MADE SALES AGENCY AGENT XXVI,AVENSTOKE INVESTMENTS,57000,,05/26/2021,KENTUCKY,12 &16,,,
Kentucky October Yearlings (2022),2022-10-26,812,GRR,C,NOT THIS TIME,EDIT,UNBRIDLED'S SONG,TAYLOR MADE SALES AGENCY AGENT XXX,TAPROOT BLOODSTOCK AGENT,350000,,05/03/2021,KENTUCKY,12 &16,,,
Kentucky October Yearlings (2022),2022-10-26,813,CH,F,CATALINA CRUISER,EGYPTIAN MAGIC,ESKENDEREYA,BLACKBURN FARM (MICHAEL T. BARNETT) AGENT,ERVIN RODRIGUEZ,40000,,03/20/2021,KENTUCKY,13,,,
Kentucky October Yearlings (2022),2022-10-26,814,B,C,INTO MISCHIEF,EIGHTH WONDER,PIONEEROF THE NILE,WARRENDALE SALES AGENT,NOT SOLD,495000,,02/10/2021,KENTUCKY,21,,,
Kentucky October Yearlings (2022),2022-10-26,815,B,F,DANISH DYNAFORMER,EKATI MORNING,TALE OF EKATI,PARAMOUNT SALES AGENT XX,KLC RACING,14000,,05/15/2021,ONTARIO,20,,,
Kentucky October Yearlings (2022),2022-10-26,816,DKB,C,PERFECT TIMBER,EKATI S'AVALL,TALE OF EKATI,FOUR STAR SALES AGENT,OUT,0,,03/10/2021,ONTARIO,17,,,
Kentucky October Yearlings (2022),2022-10-26,817,DKB,C,WAR FRONT,ELANDESS,SCAT DADDY,FOUR STAR SALES AGENT,NICK ZITO AGENT FOR ROBERT V. LAPENTA,150000,,03/21/2021,KENTUCKY,17,,,
Kentucky October Yearlings (2022),2022-10-26,818,DKB,F,CLOUD COMPUTING,ELECTRIC VENUS,FLATTER,STUART MORRIS AGENT FOR BARAK FARM,OBDULIA VEGA,3500,,05/05/2021,MARYLAND,21,,,
Kentucky October Yearlings (2022),2022-10-26,819,CH,F,TAPITURE,ELEGANT CURL,CURLIN,EATON SALES AGENT,OUT,0,,01/19/2021,NEW YORK,7,,,
Kentucky October Yearlings (2022),2022-10-26,820,CH,F,FLAMEAWAY,ELEGANT JEM,SPRING AT LAST,BUCKLAND SALES (ZACH MADDEN) AGENT IX,JARROD TUMA LLC,35000,,03/06/2021,KENTUCKY,20,,,
Kentucky October Yearlings (2022),2022-10-26,821,DKB,F,MOHAYMEN,ELGHAYOOR,GHOSTZAPPER,BIRD IN HAND STABLES,NOT SOLD,19000,,04/13/2021,KENTUCKY,18,,,
Kentucky October Yearlings (2022),2022-10-26,822,B,C,MEDAGLIA D'ORO,ELSAABIQAAT (GB),INVINCIBLE SPIRIT (IRE),DENALI STUD AGENT VIII,OUT,0,,02/27/2021,KENTUCKY,1&2,,,
Kentucky October Yearlings (2022),2022-10-26,823,B,F,KARAKONTIE (JPN),ELUSIVE BIRD,ELUSIVE QUALITY,DENALI STUD AGENT XIX,SOLIS/LITT,98000,,03/16/2021,KENTUCKY,1&2,,,
Kentucky October Yearlings (2022),2022-10-26,824,B,C,OMAHA BEACH,ELUSIVE PEARL,MEDAGLIA D'ORO,HUNTER VALLEY FARM AGENT,KARL KEEGAN AGENT FOR SIRI REDDY,80000,,03/30/2021,KENTUCKY,9,,,
Kentucky October Yearlings (2022),2022-10-26,825,DKB,C,COURT VISION,ELUSIVE SURPRISE,ELUSIVE QUALITY,HUNTER VALLEY FARM AGENT,JAHFA JU RACING FELD FAMILY AGT,16000,,04/18/2021,KENTUCKY,9,,,
Kentucky October Yearlings (2022),2022-10-26,826,B,F,INTO MISCHIEF,EMBELLISH THE LACE,SUPER SAVER,HIGHGATE SALES AGENT VIII,NOT SOLD,295000,,04/27/2021,KENTUCKY,11,,,
Kentucky October Yearlings (2022),2022-10-26,827,B,F,MIDSHIPMAN,EMERLAUDE,EL CORREDOR,MAINE CHANCE FARM (UNIVERSITY OF KENTUCKY),GRASSROOTS TRN & SALES LLC,72000,,04/11/2021,KENTUCKY,19,,,
Kentucky October Yearlings (2022),2022-10-26,828,DKB,C,MASTERY,EMILY,SKY MESA,VINERY SALES AGENT XLI,NOT SOLD,1900,,03/21/2021,KENTUCKY,22 &23,,,
Kentucky October Yearlings (2022),2022-10-26,829,CH,F,ACCELERATE,EMONA,HAT TRICK (JPN),TAYLOR MADE SALES AGENCY AGENT XXXIII,RICE HORSE AGENT,7000,,05/18/2021,KENTUCKY,12 &16,,,
Kentucky October Yearlings (2022),2022-10-26,830,CH,C,ENTICED,E MOON,MALIBU MOON,LEGACY BLOODSTOCK AGENT II,NOT SOLD,12000,,04/04/2021,KENTUCKY,22,,,
Kentucky October Yearlings (2022),2022-10-26,831,B,F,PRACTICAL JOKE,EMOTIONAL WORDS,CURLIN,INDIAN CREEK AGENT,WHITE OWL STABLE,50000,,01/31/2021,NEW YORK,2,,,
Kentucky October Yearlings (2022),2022-10-26,832,CH,C,PRACTICAL JOKE,EMPRESS OF MIDWAY,EMPIRE MAKER,MULHOLLAND FARM,CASAMIGOS PARTNERS,33000,,05/23/2021,KENTUCKY,23,,,
Kentucky October Yearlings (2022),2022-10-26,833,CH,F,BRODY'S CAUSE,ENDURING PAM,DURING,BRANDYWINE FARM (JIM & PAM ROBINSON),RAUL GONZALEZ RAMIREZ,3000,,02/04/2021,KENTUCKY,15,,,
Kentucky October Yearlings (2022),2022-10-26,834,B,C,CLOUD COMPUTING,EPIC LADY,TIZNOW,LEGACY BLOODSTOCK AGENT XI,JIM THOMPSON AGENT,40000,,02/06/2021,KENTUCKY,22,,,
Kentucky October Yearlings (2022),2022-10-26,835,GRR,F,LEOFRIC,ESCAPE TO MALIBU,MALIBU MOON,VINERY SALES AGENT LXXX,NOT SOLD,14000,,01/14/2021,NEW YORK,22 &23,,,
Kentucky October Yearlings (2022),2022-10-26,836,B,F,PALACE MALICE,ESSENTIAL ROSE,BERNARDINI,TAYLOR MADE SALES AGENCY AGENT VI,TAPROOT FOR DESALES 95 LLC,50000,,03/05/2021,PENNSYLVANIA,12 &16,,,
Kentucky October Yearlings (2022),2022-10-26,837,DKB,C,MO TOWN,ETOILE D'ALLIE,JOHANNESBURG,STUART MORRIS AGENT IV,OUT,0,,04/18/2021,KENTUCKY,21,,,
Kentucky October Yearlings (2022),2022-10-26,838,CH,C,SPEIGHTSTER,ETOUFEE,TABASCO CAT,TAYLOR MADE SALES AGENCY AGENT XXII,NOT SOLD,44000,,02/02/2021,KENTUCKY,12 &16,,,
Kentucky October Yearlings (2022),2022-10-26,839,B,F,PALACE MALICE,EVA'S GIFT,SHACKLEFORD,ST GEORGE SALES AGENT FOR HODGE & FERRARO ET AL,GERALD JAMES,4000,,01/20/2021,KENTUCKY,10,,,
Kentucky October Yearlings (2022),2022-10-26,840,B,F,LOST TREASURE (IRE),EVER SO PRETTY,STORMY ATLANTIC,HILL 'N' DALE AT XALAPA AGENT,LAST CALL FARMS,4200,,04/20/2021,KENTUCKY,4,,,
Kentucky October Yearlings (2022),2022-10-26,841,DKB,F,FLAMEAWAY,EVER SO TRUE,ANIMAL KINGDOM,SCOTT MALLORY AGENT XI,TOP CREEK STABLES LLC,20000,,03/05/2021,KENTUCKY,21,,,
Kentucky October Yearlings (2022),2022-10-26,842,B,C,COLLECTED,EXCLUSIVE WOMAN,CAT THIEF,POPE MCLEAN (CRESTWOOD FARM) AGENT VI,NOT SOLD,38000,,02/28/2021,NEW YORK,23,,,
Kentucky October Yearlings (2022),2022-10-26,843,DKB,C,ALWAYS DREAMING,EXPANSE,DISTANT VIEW,TAYLOR MADE SALES AGENCY AGENT FOR WINSTAR FARM BRED & RAISED,SPAN INVESTMENT INC,15000,,05/17/2021,KENTUCKY,12 &16,,,
Kentucky October Yearlings (2022),2022-10-26,844,B,C,MENDELSSOHN,EXPERIENCE (IRE),EXCELLENT ART (GB),GAINESWAY AGENT X,TABLE 38 RACINGORACLE BLSK AGT,30000,,05/12/2021,KENTUCKY,5&6,,,
Kentucky October Yearlings (2022),2022-10-26,845,B,C,MASTERY,EXTENT,PULPIT,CLAIBORNE FARM AGENT,SHERBOURNE LODGE,5500,,02/01/2021,KENTUCKY,8,,,
Kentucky October Yearlings (2022),2022-10-26,846,B,F,AUDIBLE,EXTRA SHARP,CHEROKEE RUN,FOUR STAR SALES AGENT,BRADLEY THOROUGHBREDS LLC AGT,160000,,04/22/2021,KENTUCKY,17,,,
Kentucky October Yearlings (2022),2022-10-26,847,CH,F,ACCELERATE,EYE OF TAURUS,ALDEBARAN,BROOKDALE SALES AGENT,2023 BREEZE,26000,,03/02/2021,KENTUCKY,18,,,
Kentucky October Yearlings (2022),2022-10-26,848,B,C,KLIMT,FABLE,ENGLISH CHANNEL,SCOTT MALLORY AGENT VIII,NOT SOLD,1900,,01/24/2021,KENTUCKY,21,,,
Kentucky October Yearlings (2022),2022-10-26,849,DKB,C,LEMON DROP KID,FABULEUX BELLE,ACTION THIS DAY,ELISE W. KENDALL AGENT,MADAKET STABLES,82000,,04/08/2021,KENTUCKY,14,,,
Kentucky October Yearlings (2022),2022-10-26,850,DKB,C,FLATTER,FAITH IN CATHY,HOLD ME BACK,BROOKDALE SALES AGENT,OUT,0,,05/22/2021,KENTUCKY,18,,,
Kentucky October Yearlings (2022),2022-10-26,851,DKB,F,CLASSIC EMPIRE,FALL FANTASY,MENIFEE,FOUR STAR SALES AGENT,OUT,0,,04/24/2021,KENTUCKY,17,,,
Kentucky October Yearlings (2022),2022-10-26,852,GRR,F,CUPID,FAMOUS LADY,TACTICAL CAT,TERRAZAS THOROUGHBREDS AGENT VII,NOT SOLD,5000,,02/27/2021,KENTUCKY,15,,,
Kentucky October Yearlings (2022),2022-10-26,853,DKB,C,GOOD SAMARITAN,FANCY CHANCE,REVOLVING,VINERY SALES AGENT LXXXVII,ERNESTO FANILLA LUIS VONCHONG AGT,18000,,03/09/2021,NEW YORK,22 &23,,,
Kentucky October Yearlings (2022),2022-10-26,854,DKB,F,CAIRO PRINCE,FANCY DATTT,MEDAGLIA D'ORO,BILL MURPHY AGENT III,X-MEN RACING,60000,,05/21/2021,KENTUCKY,23,,,
Kentucky October Yearlings (2022),2022-10-26,855,CH,F,VINO ROSSO,FANCY RIBBONS,PERFECT SOUL (IRE),HILL 'N' DALE AT XALAPA AGENT,JESUS AVILA,1700,,05/28/2021,ONTARIO,4,,,
Kentucky October Yearlings (2022),2022-10-26,856,CH,F,EXAGGERATOR,FANTASTIC SCORE,EVEN THE SCORE,FORBUSH FARM,NOT SOLD,13000,,02/19/2021,KENTUCKY,19,,,
Kentucky October Yearlings (2022),2022-10-26,857,B,F,OSCAR PERFORMANCE,FANTASY OF FLIGHT,TIZNOW,KATIERICH FARMS,CROWNWOOD STABLE,75000,,05/17/2021,KENTUCKY,13,,,
Kentucky October Yearlings (2022),2022-10-26,858,B,F,SHARP AZTECA,FARAYYA,HARD SPUN,EATON SALES AGENT,NOT SOLD,60000,,05/07/2021,KENTUCKY,7,,,
Kentucky October Yearlings (2022),2022-10-26,859,DKB,F,COMPETITIVE EDGE,FAR OUT FREEBIE,MEDAGLIA D'ORO,SUMMERFIELD (FRANCIS & BARBARA VANLANGENDONCK) AGENT,TAPROOT BLOODSTOCK AGENT,45000,,04/21/2021,KENTUCKY,3,,,
Kentucky October Yearlings (2022),2022-10-26,860,GRR,C,ENTICED,FASHIONED LADY,OLD FASHIONED,TERRAZAS THOROUGHBREDS AGENT I,BAM FAM,3500,,05/08/2021,KENTUCKY,15,,,
Kentucky October Yearlings (2022),2022-10-26,861,B,F,CATHOLIC BOY,FASHION FACTOR,THE FACTOR,TAYLOR MADE SALES AGENCY AGENT XXXVI,TIM ROSIN,25000,,02/11/2021,KENTUCKY,12 &16,,,
Kentucky October Yearlings (2022),2022-10-26,862,CH,F,CONNECT,FASHION FORWARD,ELUSIVE QUALITY,BALLYSAX BLOODSTOCK AGENT III,NOT SOLD,27000,,04/10/2021,NEW YORK,22,,,
Kentucky October Yearlings (2022),2022-10-26,863,DKB,C,CLASSIC EMPIRE,FAST HEART,LION HEART,VINERY SALES AGENT,JUAN CENTENO,4000,,04/16/2021,NEW YORK,22 &23,,,
Kentucky October Yearlings (2022),2022-10-26,864,B,C,GORMLEY,FAYREEN,ELITE SQUADRON,FLYING I RANCH AGENT,MCCUTCHEN TRAINING CENTER,4500,,05/09/2021,KENTUCKY,19,,,
Kentucky October Yearlings (2022),2022-10-26,865,DKB,F,OMAHA BEACH,FEATHERSPUN,HARD SPUN,ST GEORGE SALES AGENT XII,NOT SOLD,72000,,04/23/2021,KENTUCKY,10,,,
Kentucky October Yearlings (2022),2022-10-26,866,B,C,MITOLE,FEELING GOOD,DISTORTED HUMOR,WOODFORD THOROUGHBREDS AGENT CLX,SJB STABLE,25000,,03/04/2021,KENTUCKY,3,,,
Kentucky October Yearlings (2022),2022-10-26,867,DKB,F,NOT THIS TIME,FELICITA,MORE THAN READY,RUNNYMEDE FARM LLC AGENT,OUT,0,,05/12/2021,KENTUCKY,2,,,
Kentucky October Yearlings (2022),2022-10-26,868,CH,F,PRESERVATIONIST,FENNICA,EMPIRE MAKER,GREENFIELD FARMS AGENT II,BRYAN RICE,17000,,01/25/2021,KENTUCKY,13,,,
Kentucky October Yearlings (2022),2022-10-26,869,CH,C,FLAMEAWAY,FIERY DANCER,ATTICUS,LEGACY BLOODSTOCK AGENT XXI,PNG POWER HORSE,15000,,02/05/2021,NEW YORK,22,,,
Kentucky October Yearlings (2022),2022-10-26,870,DKB,C,GENERAL A ROD,FIFTH AVENUE STYLE,HONOUR AND GLORY,RICHARD WOLF,OUT,0,,03/05/2021,INDIANA,15,,,
Kentucky October Yearlings (2022),2022-10-26,871,GRR,C,TAPIT,FIFTY FOOT WOMAN,GIANT'S CAUSEWAY,TAYLOR MADE SALES AGENCY AGENT XXVI,MIKE G RUTHERFORD,285000,,05/05/2021,KENTUCKY,12 &16,,,
Kentucky October Yearlings (2022),2022-10-26,872,DKB,G,MO TOWN,FIGHTING MARKET,AFTER MARKET,GROVENDALE SALES AGENT,DEAN KELLER/BILLY FALLOW,3700,,03/25/2021,ILLINOIS,2,,,
Kentucky October Yearlings (2022),2022-10-26,873,DKB,F,RUNHAPPY,FINAL ADVENTURE,ORB,HIDDEN BROOK AGENT III,OUT,0,,01/24/2021,KENTUCKY,22,,,
Kentucky October Yearlings (2022),2022-10-26,874,B,C,HARD SPUN,FINANCIAL RECOVERY,STREET CRY (IRE),BROOKDALE SALES AGENT FOR MESINGW FARM LLC,JEFFREY BLOOM AGENT FOR CJ THOROUGHBREDS & LEE LEWIS,235000,,03/16/2021,KENTUCKY,18,,,
Kentucky October Yearlings (2022),2022-10-26,875,B,F,TAPITURE,FINGERPRINT,COMPETITIVE EDGE,VINERY SALES AGENT XXIX,LEGION BLOODSTOCK AGENT FOR LEGION LADIES,50000,,03/24/2021,KENTUCKY,22 &23,,,
Kentucky October Yearlings (2022),2022-10-26,876,B,F,FIRING LINE,FIRST FED BIZ,FED BIZ,FORBUSH FARM,TARI BROCKLEBANK,35000,,03/01/2021,KENTUCKY,19,,,
Kentucky October Yearlings (2022),2022-10-26,877,CH,F,FLAMEAWAY,FISC,LEMON DROP KID,PARAMOUNT SALES AGENT XXXVI,MASON SPRINGS PARTNERSHIP,45000,,02/26/2021,KENTUCKY,20,,,
Kentucky October Yearlings (2022),2022-10-26,878,GRR,C,FROSTED,FITZ JUST RIGHT,SEATTLE FITZ (ARG),MULHOLLAND SPRINGS AGENT I,MWG-LLC,10000,,03/24/2021,NEW YORK,14,,,
Kentucky October Yearlings (2022),2022-10-26,879,GRR,C,YOSHIDA (JPN),FITZROVIA,UNCLE MO,BROOKDALE SALES AGENT,BLACK CLOUD RACING STABLE,70000,,03/16/2021,KENTUCKY,18,,,
Kentucky October Yearlings (2022),2022-10-26,880,B,F,LEOFRIC,FIVE SONGS,FORESTRY,STUART MORRIS AGENT VI,ALEXANDRIA STABLES,42000,,04/28/2021,NEW YORK,21,,,
Kentucky October Yearlings (2022),2022-10-26,881,DKB,F,CONSTITUTION,FIVE STAR RAMPAGE,QUALITY ROAD,TAYLOR MADE SALES AGENCY AGENT VIII,AVENSTOKE INVESTMENTS,70000,,05/07/2021,KENTUCKY,12 &16,,,
Kentucky October Yearlings (2022),2022-10-26,882,B,F,WICKED STRONG,FIVE YARD PENALTY,CONSOLIDATOR,ELISE W. KENDALL AGENT,SAUL MARQUEZ AGENT FOR ARCADIO ESCAMILLA,15000,,02/06/2021,KENTUCKY,14,,,
Kentucky October Yearlings (2022),2022-10-26,883,CH,F,MIDSHIPMAN,FLAGRANT,RAHY,TIMBER TOWN (MR. & MRS. T WAYNE SWEEZY) AGENT FOR THE EXECUTORS OF DR. CATHERINE WILLS,CHARLES GILES,30000,,04/15/2021,KENTUCKY,11,,,
Kentucky October Yearlings (2022),2022-10-26,884,DKB,C,STREET SENSE,FLASHLY,DENMAN (AUS),BLAKE-ALBINA THOROUGHBRED SERVICES LLC AGENT I,OUT,0,,04/24/2021,KENTUCKY,11,,,
Kentucky October Yearlings (2022),2022-10-26,885,CH,F,CATALINA CRUISER,FLASH OF WONDER,TIZ WONDERFUL,TERRAZAS THOROUGHBREDS AGENT FOR CORSER THOROUGHBREDS LLC,CECIL SEAMAN AGT BAD BOY RACING,75000,,04/29/2021,KENTUCKY,15,,,
Kentucky October Yearlings (2022),2022-10-26,886,CH,F,MIDSHIPMAN,FLAT OUT GITTIN IT,FLAT OUT,VINERY SALES AGENT XXXVII,2023 BREEZE,40000,,03/03/2021,KENTUCKY,22 &23,,,
Kentucky October Yearlings (2022),2022-10-26,887,B,F,DANISH DYNAFORMER,FLAWLESS EKATI,TALE OF EKATI,HUNTER VALLEY FARM AGENT,SPAN INVESTMENT,8000,,02/27/2021,ONTARIO,9,,,
Kentucky October Yearlings (2022),2022-10-26,888,B,F,TALE OF EKATI,FLAWLESS KID,LEMON DROP KID,PARAMOUNT SALES AGENT XX,LUIS VON CHONG,7000,,05/08/2021,KENTUCKY,20,,,
Kentucky October Yearlings (2022),2022-10-26,889,B,C,BRODY'S CAUSE,FLOWERFUL,OVERANALYZE,SCOTT MALLORY AGENT XIII,W H RACING,8000,,03/31/2021,KENTUCKY,21,,,
Kentucky October Yearlings (2022),2022-10-26,890,CH,C,CATHOLIC BOY,FLY SWIFT,CITY ZIP,TIMBER TOWN (MR. & MRS. T WAYNE SWEEZY) AGENT FOR THE EXECUTORS OF DR. CATHERINE WILLS,ORACLE BLOODSTOCK AGENT,70000,,04/26/2021,KENTUCKY,11,,,
Kentucky October Yearlings (2022),2022-10-26,891,DKB,C,GIRVIN,FOLKSY,MIDWAY ROAD,ST GEORGE SALES AGENT X,OUT,0,,02/03/2021,FLORIDA,10,,,
Kentucky October Yearlings (2022),2022-10-26,892,B,C,TALE OF VERVE,FOLLOW BOURBON,NOT BOURBON,FOUR STAR SALES AGENT,TOMMY SHORT,3000,,04/27/2021,KENTUCKY,17,,,
Kentucky October Yearlings (2022),2022-10-26,893,DKB,F,DESTIN,FOREST TRAIL,FOREST WILDCAT,FORT CHRISTOPHER'S THOROUGHBREDS LLC AGENT,OUT,0,,04/23/2021,NEW YORK,17,,,
Kentucky October Yearlings (2022),2022-10-26,894,B,F,RACE DAY,FOREVER SHINING,GOLDENCENTS,BALLYSAX BLOODSTOCK AGENT I,MEGHAN SHADER,4000,,04/08/2021,KENTUCKY,22,,,
Kentucky October Yearlings (2022),2022-10-26,895,B,C,MAXIMUS MISCHIEF,FORGET IT,DISTORTED HUMOR,GARRENCASEY SALES LLC AGENT,NOT SOLD,45000,,04/20/2021,NEW YORK,15,,,
Kentucky October Yearlings (2022),2022-10-26,896,B,F,ALWAYS DREAMING,FOURNINETEEN,FLATTER,TWIN OAKS AGENCY & SALES AGENT,JENNIFER SALVADOR,10000,,03/28/2021,NEW YORK,20,,,
Kentucky October Yearlings (2022),2022-10-26,897,DKB,F,GOOD SAMARITAN,FOUR STAR NINJA,DROSSELMEYER,LEGACY BLOODSTOCK AGENT III,ITAL-CAL HORSE MANAGEMENT INC,12000,,04/28/2021,KENTUCKY,22,,,
Kentucky October Yearlings (2022),2022-10-26,898,CH,F,FLAMEAWAY,FOXY POSSE,POSSE,POPE MCLEAN (CRESTWOOD FARM) AGENT II,LA ALIANZA,5000,,05/25/2021,INDIANA,23,,,
Kentucky October Yearlings (2022),2022-10-26,899,CH,C,GET STORMY,FRANNYS LAST DANCE,SPRING AT LAST,VINERY SALES AGENT XXXVIII,PERFECT STORM PARTNERS,25000,,04/07/2021,KENTUCKY,22 &23,,,
Kentucky October Yearlings (2022),2022-10-26,900,B,F,RUNHAPPY,FRAULEIN (JPN),DEEP IMPACT (JPN),TAYLOR MADE SALES AGENCY AGENT LVII,DEAN SEXTON,10000,,05/08/2021,KENTUCKY,12 &16,,,
Kentucky October Yearlings (2022),2022-10-26,901,CH,C,PRESERVATIONIST,FRAZIER'S FINEST,FORMAL DINNER,VINERY SALES AGENT XIV,OUT,0,,04/16/2021,KENTUCKY,22 &23,,,
Kentucky October Yearlings (2022),2022-10-26,902,B,F,MITOLE,FREE AND PROUD,ALGORITHMS,VINERY SALES AGENT XXIX,NOT SOLD,29000,,04/16/2021,KENTUCKY,22 &23,,,
Kentucky October Yearlings (2022),2022-10-26,903,GRR,F,ENTICED,FREEDOM COME,LIT DE JUSTICE,BURLESON FARMS AGENT,OUT,0,,05/05/2021,KENTUCKY,23,,,
Kentucky October Yearlings (2022),2022-10-26,904,B,C,SUMMER FRONT,FREEDOM RIDGE,QUAKER RIDGE,TAYLOR MADE SALES AGENCY AGENT XXXIV,P. LUTCHMAN,7500,,04/05/2021,KENTUCKY,12 &16,,,
Kentucky October Yearlings (2022),2022-10-26,905,CH,F,MITOLE,FREE REIN,STREET CRY (IRE),DENALI STUD AGENT I,MCMAHON & HILL BLDSTK AGENT,70000,,02/20/2021,KENTUCKY,1&2,,,
Kentucky October Yearlings (2022),2022-10-26,906,CH,F,CATALINA CRUISER,FRERE PILGRIM,INDIAN CHARLIE,GROVENDALE SALES AGENT III,TARI BROCKLEBANK,50000,,04/24/2021,KENTUCKY,2,,,
Kentucky October Yearlings (2022),2022-10-26,907,CH,F,KARAKONTIE (JPN),FRIPPERY,CITY ZIP,TIMBER TOWN (MR. & MRS. T WAYNE SWEEZY) AGENT FOR THE EXECUTORS OF DR. CATHERINE WILLS,2023 BREEZE,20000,,03/09/2021,KENTUCKY,11,,,
Kentucky October Yearlings (2022),2022-10-26,908,DKB,F,NOT THIS TIME,FROM JUMP STREET,JUMP START,BROOKDALE SALES AGENT FOR MESINGW FARM LLC,JIMMY KAHIG LLC,45000,,02/15/2021,KENTUCKY,18,,,
Kentucky October Yearlings (2022),2022-10-26,909,CH,C,MALIBU MOON,FROSTIE ANNE,FROST GIANT,WARRENDALE SALES AGENT XV,OUT,0,,02/02/2021,NEW YORK,21,,,
Kentucky October Yearlings (2022),2022-10-26,910,GRR,F,MORE THAN READY,FROYO STAR,ROCKPORT HARBOR,BLUEWATER SALES LLC AGENT VI,LEGION BLOODSTOCK AGENT FOR IT'S ALL ABOUT THE GIRLS,175000,,04/18/2021,KENTUCKY,8,,,
Kentucky October Yearlings (2022),2022-10-26,911,CH,C,DIALED IN,FULL OF ZIP,CITY ZIP,STONERIGGS FARM AGENT,FRANKLIN AVE EQUINE LLC AGENT FOR CLIFF RACING LLC,100000,,04/05/2021,KENTUCKY,14,,,
Kentucky October Yearlings (2022),2022-10-26,912,B,F,GOOD MAGIC,FUNNY HOLIDAY,HARLAN'S HOLIDAY,STUART MORRIS AGENT III,MAPLE LANE FARM LLC,65000,,03/07/2021,KENTUCKY,21,,,
Kentucky October Yearlings (2022),2022-10-26,913,B,F,INTO MISCHIEF,FUNNY SONG,DISTORTED HUMOR,TAYLOR MADE SALES AGENCY AGENT XXVI,NOT SOLD,150000,,02/13/2021,KENTUCKY,12 &16,,,
Kentucky October Yearlings (2022),2022-10-26,914,B,F,TALE OF EKATI,FUNSHINEINMYPOCKET,INVASOR (ARG),FOUR STAR SALES AGENT,FRANCISCO LOZA CANO,1000,,05/05/2021,KENTUCKY,17,,,
Kentucky October Yearlings (2022),2022-10-26,915,B,F,UNCLE MO,GABRIELLESTOBLAME,BLAME,GAINESWAY AGENT V,OUT,0,,03/27/2021,FLORIDA,5&6,,,
Kentucky October Yearlings (2022),2022-10-26,916,B,C,ALGORITHMS,GALLERY GIRL,GIO PONTI,BEAU LANE BLOODSTOCK AGENT,HR BLOODSTOCK,7000,,03/28/2021,KENTUCKY,15,,,
Kentucky October Yearlings (2022),2022-10-26,917,B,F,FLINTSHIRE (GB),GAME (FR),MONTJEU (IRE),KEITH LANCASTER AGENT,RICHARD G HOGAN AGENT FOR COLEBROOK,30000,,05/10/2021,ONTARIO,13,,,
Kentucky October Yearlings (2022),2022-10-26,918,B,C,CARPE DIEM,GANESHA,SHARP HUMOR,CANDY MEADOWS SALES AGENT III,ERIC AQUINO,17000,,04/17/2021,KENTUCKY,10,,,
Kentucky October Yearlings (2022),2022-10-26,919,CH,F,MASTERY,GENERAL CONSENSUS,GIANT'S CAUSEWAY,GREENFIELD FARMS AGENT FOR SIERRA FARM,MICHAEL A FOSTER,85000,,04/09/2021,KENTUCKY,13,,,
Kentucky October Yearlings (2022),2022-10-26,920,GRR,F,CLASSIC EMPIRE,GENERATA,MIZZEN MAST,MOONESTONE SALES AGENT I,OMAR RAMIREZ,28000,,05/04/2021,KENTUCKY,21,,,
Kentucky October Yearlings (2022),2022-10-26,921,CH,C,AMERICAN FREEDOM,GENUINE JONES,SMARTY JONES,HIDDEN BROOK AGENT VI,SAUL MARQUEZ AGENT FOR ARCADIO ESCAMILLA,10000,,05/02/2021,KENTUCKY,22,,,
Kentucky October Yearlings (2022),2022-10-26,922,B,F,SKY KINGDOM,GHOSTLY,GHOSTZAPPER,HILL 'N' DALE AT XALAPA AGENT,OUT,0,,04/22/2021,KENTUCKY,4,,,
Kentucky October Yearlings (2022),2022-10-26,923,DKB,F,ENTICED,GHOST ON THE RUN,GHOSTZAPPER,TAYLOR MADE SALES AGENCY AGENT XLVII,ANTHONY GRANITZ,30000,,03/02/2021,INDIANA,12 &16,,,
Kentucky October Yearlings (2022),2022-10-26,924,GRR,C,LIAM'S MAP,GIANT WIN,GIANT'S CAUSEWAY,TAYLOR MADE SALES AGENCY AGENT XXVI,WEST BLDSTK AGENT FOR ROBERT & LAWANA LOW,240000,,05/30/2021,KENTUCKY,12 &16,,,
Kentucky October Yearlings (2022),2022-10-26,925,DKB,F,WORLD OF TROUBLE,GIGI JEAN,TEMPLE CITY,LEGACY BLOODSTOCK AGENT XX,OUT,0,,03/28/2021,KENTUCKY,22,,,
Kentucky October Yearlings (2022),2022-10-26,926,B,F,MR SPEAKER,GILDED SPLINTERS,HENRYTHENAVIGATOR,KEITH LANCASTER AGENT,TED HOLDER,10000,,03/12/2021,ONTARIO,13,,,
Kentucky October Yearlings (2022),2022-10-26,927,DKB,F,CLOUD COMPUTING,GIMME SOME SENSE,STREET SENSE,POPE MCLEAN (CRESTWOOD FARM) AGENT II,JOSE M GARCIA BLANCO,10000,,05/06/2021,INDIANA,23,,,
Kentucky October Yearlings (2022),2022-10-26,928,CH,C,MALIBU MOON,GINZA,KITTEN'S JOY,WOODFORD THOROUGHBREDS AGENT II,DARK STAR THOROUGHBREDS,53000,,05/12/2021,FLORIDA,3,,,
Kentucky October Yearlings (2022),2022-10-26,929,DKB,C,OUTWORK,GIRLWITHAGUN,ROSBERG,BALLYSAX BLOODSTOCK AGENT FOR THE ESTATE OF GLEN TODD,TARI BROCKLEBANK,30000,,03/17/2021,KENTUCKY,22,,,
Kentucky October Yearlings (2022),2022-10-26,930,DKB,F,COLLECTED,GIVEHERDALUTE,MIDNIGHT LUTE,BALLYSAX BLOODSTOCK AGENT IV,NOT SOLD,19000,,05/17/2021,KENTUCKY,22,,,
Kentucky October Yearlings (2022),2022-10-26,931,DKB,F,MO TOWN,GIVINE (FR),BLACKDOUN (FR),GAINESWAY AGENT XX,BELLA STABLE,2000,,03/12/2021,KENTUCKY,5&6,,,
Kentucky October Yearlings (2022),2022-10-26,932,CH,F,STREET BOSS,GLADIOLA,SHACKLEFORD,STONE FARM AGENT,CLOVIS CRANE,11000,,04/24/2021,KENTUCKY,10,,,
Kentucky October Yearlings (2022),2022-10-26,933,GRR,C,TAPWRIT,GLAD YOUR BACK,SPEIGHTSTOWN,GAINESWAY AGENT XII,NOT SOLD,49000,,03/26/2021,KENTUCKY,5&6,,,
Kentucky October Yearlings (2022),2022-10-26,934,B,F,SPEIGHTSTER,GLAMOUR LADY,MORE THAN READY,KEITH LANCASTER,VEB RACING STABLE CORP,32000,,03/18/2021,KENTUCKY,13,,,
Kentucky October Yearlings (2022),2022-10-26,935,B,F,CATHOLIC BOY,GLITTERING TAX,ARTAX,BUCKLAND SALES (ZACH MADDEN) AGENT XXVIII,2023 BREEZE,30000,,05/05/2021,KENTUCKY,20,,,
Kentucky October Yearlings (2022),2022-10-26,936,CH,F,GHOSTZAPPER,GLORIOUS VIEW,PLEASANT TAP,HURSTLAND FARM (ALFRED H. NUCKOLS JR.) AGENT II,NOT SOLD,28000,,04/16/2021,KENTUCKY,7,,,
Kentucky October Yearlings (2022),2022-10-26,937,B,C,MUNNINGS,GO CUBS GO,PADDY O'PRADO,BALLYSAX BLOODSTOCK AGENT XXX,OUT,0,,03/25/2021,KENTUCKY,22,,,
Kentucky October Yearlings (2022),2022-10-26,938,DKB,C,TAKE CHARGE INDY,GOIAS (IRE),HARD SPUN,MULHOLLAND SPRINGS AGENT I,ANTIGO RANCH,9000,,02/01/2021,NEW YORK,14,,,
Kentucky October Yearlings (2022),2022-10-26,939,DKB,C,CONSTITUTION,GOLD ANKLET,LEMON DROP KID,LEGACY BLOODSTOCK AGENT XXV,OUT,0,,08/07/2021,NEW YORK,22,,,
Kentucky October Yearlings (2022),2022-10-26,940,B,F,AMERICAN PHAROAH,GOLD DUST WOMAN,DISTORTED HUMOR,EATON SALES AGENT,NOT SOLD,57000,,01/27/2021,KENTUCKY,7,,,
Kentucky October Yearlings (2022),2022-10-26,941,DKB,F,LORD NELSON,GOLDEN DELICIOUS,HARLAN'S HOLIDAY,TAYLOR MADE SALES AGENCY AGENT LII,PHILIP DICOSMO,15000,,05/02/2021,KENTUCKY,12 &16,,,
Kentucky October Yearlings (2022),2022-10-26,942,DKB,C,MUNNINGS,GOLDEN HISTORY,MEDAGLIA D'ORO,SMALL BATCH SALES AGENT VIII,TARI BROCKLEBANK,80000,,04/21/2021,KENTUCKY,20,,,
Kentucky October Yearlings (2022),2022-10-26,943,B,F,KLIMT,GOLDEN MEMORIES,SUAVE,DARBY DAN FARM AGENT IV,BILL STIRITZ PATRICK COSTELLO AGENT,10000,,03/27/2021,KENTUCKY,18,,,
Kentucky October Yearlings (2022),2022-10-26,944,B,C,TALE OF VERVE,GOLDEN PERFECTION,PERFECT SOUL (IRE),PARAMOUNT SALES AGENT XX,BAM FAM,1500,Y,04/30/2021,KENTUCKY,20,,,
Kentucky October Yearlings (2022),2022-10-26,945,B,C,CANDY RIDE (ARG),GOLD MEDAL DANCER,MEDAGLIA D'ORO,EATON SALES AGENT,OUT,0,,02/11/2021,KENTUCKY,7,,,
Kentucky October Yearlings (2022),2022-10-26,946,B,C,SPEIGHTSTOWN,GOLD SOUK,MEDAGLIA D'ORO,EATON SALES AGENT FOR COTEAU GROVE FARMS LLC,NOT SOLD,97000,,05/05/2021,LOUISIANA,7,,,
Kentucky October Yearlings (2022),2022-10-26,947,B,C,WAR FRONT,GOLDWOOD,MEDAGLIA D'ORO,CLAIBORNE FARM AGENT,OUT,0,,01/26/2021,KENTUCKY,8,,,
Kentucky October Yearlings (2022),2022-10-26,948,DKB,C,CONNECT,GOOD GRAMMAR,EXCHANGE RATE,WARRENDALE SALES AGENT IV,WYCOMBE HOUSE,35000,,04/10/2021,KENTUCKY,21,,,
Kentucky October Yearlings (2022),2022-10-26,949,CH,F,FLAMEAWAY,GOOD MARKS (IRE),ARCANO (IRE),PATRICIA CLARK AGENT I,PODARATH LUTCHMAN,3500,,02/14/2021,KENTUCKY,19,,,
Kentucky October Yearlings (2022),2022-10-26,950,CH,C,AUDIBLE,GOOD OMEN,SMART STRIKE,GAINESWAY AGENT XIII,OUT,0,,04/25/2021,KENTUCKY,5&6,,,
Kentucky October Yearlings (2022),2022-10-26,951,GRR,C,GOLDENCENTS,GOOSE MARTINI,BERNARDINI,WOODS EDGE FARM AGENT,KENNETH MCPEEK AGENT FOR LANCE GASAWAY,100000,,02/20/2021,KENTUCKY,3,,,
Kentucky October Yearlings (2022),2022-10-26,952,DKB,F,NOT THIS TIME,GORGELICIOUS,MORE THAN READY,TAYLOR MADE SALES AGENCY AGENT XLIX,OUT,0,,02/17/2021,KENTUCKY,12 &16,,,
Kentucky October Yearlings (2022),2022-10-26,953,GRR,F,GHOSTZAPPER,GOSPEL GIRL,HOLY BULL,SUMMERFIELD (FRANCIS & BARBARA VANLANGENDONCK) AGENT,DONATO LANNI AGENTBAOMA CORP,200000,,04/29/2021,FLORIDA,3,,,
Kentucky October Yearlings (2022),2022-10-26,954,CH,C,CREATIVE CAUSE,GOTTAH PENNY,STRAVINSKY,VINERY SALES AGENT LXVI,DANTE ZANELLI JR AGENT,7000,,03/07/2021,KENTUCKY,22 &23,,,
Kentucky October Yearlings (2022),2022-10-26,955,DKB,F,ANCHOR DOWN,GRACE ALMIGHTY,MENIFEE,HIGHGATE SALES AGENT IV,J.T.,20000,,04/26/2021,KENTUCKY,11,,,
Kentucky October Yearlings (2022),2022-10-26,956,GRR,F,RACE DAY,GRACIOUS,ELUSIVE QUALITY,CRAIG BOONE & JESUS ARMINDARIZ,NOT SOLD,14000,,01/28/2021,KENTUCKY,19,,,
Kentucky October Yearlings (2022),2022-10-26,957,GRR,C,FUNTASTIC,GRACIOUS SAKES,LANGFUHR,HILL 'N' DALE AT XALAPA AGENT,JOHN CASTILLO AND MICHAEL INCIARLE,12000,,05/17/2021,KENTUCKY,4,,,
Kentucky October Yearlings (2022),2022-10-26,958,DKB,C,BOLT D'ORO,GRAMMAJO,STREET SENSE,MACHMER HALL SALES AGENT FOR WINSTAR FARM BRED & RAISED,PAUL NEATHERLIN & KADEN CLARY,100000,,03/06/2021,KENTUCKY,5&6,,,
Kentucky October Yearlings (2022),2022-10-26,959,B,C,NOT THIS TIME,GRANDMA'S PRINCESS,SING BABY SING,TAYLOR MADE SALES AGENCY AGENT XVII,NOT SOLD,185000,,05/11/2021,KENTUCKY,12 &16,,,
Kentucky October Yearlings (2022),2022-10-26,960,,C,MIDSHIPMAN,GRAND SLAM KITTEN,KITTEN'S JOY,MAPLE RUN SOUTH AGENT,NOT SOLD,37000,,04/21/2021,TEXAS,19,,,
Kentucky October Yearlings (2022),2022-10-26,961,CH,F,OMAHA BEACH,GRAND SOFIA,GIANT'S CAUSEWAY,BLUEWATER SALES LLC AGENT IV,NOT SOLD,120000,,03/15/2021,KENTUCKY,8,,,
Kentucky October Yearlings (2022),2022-10-26,962,CH,C,AUDIBLE,GREAT CRAIC,BULLSBAY,STONEHAVEN STEADINGS AGENT FOR THOMAS ROONEY,LARRY MEJIAS,68000,,01/11/2021,MARYLAND,14,,,
Kentucky October Yearlings (2022),2022-10-26,963,CH,F,MIDSHIPMAN,GREAT DAY,ACTION THIS DAY,PETER SHEPPELL THOROUGHBREDS AGENT,CHARLIE J WILLIAMS LLC,46000,,03/31/2021,OHIO,23,,,
Kentucky October Yearlings (2022),2022-10-26,964,DKB,F,ALWAYS DREAMING,GREAT LOOK,GIANT'S CAUSEWAY,WARRENDALE SALES AGENT IX,NOT SOLD,19000,,03/21/2021,KENTUCKY,21,,,
Kentucky October Yearlings (2022),2022-10-26,965,DKB,C,MASTERY,GREEK MYTHOLOGY,MEDAGLIA D'ORO,CASTLE PARK FARM LLC (NOEL MURPHY) AGENT III,STUD DOZAL,6000,,05/24/2021,KENTUCKY,7,,,
Kentucky October Yearlings (2022),2022-10-26,966,B,F,MORE THAN READY,GREENFIELD D'ORO,MEDAGLIA D'ORO,BLUEWATER SALES LLC AGENT VI,OUT,0,,04/09/2021,KENTUCKY,8,,,
Kentucky October Yearlings (2022),2022-10-26,967,B,C,FLATTER,GROSSE POINTE ANNE,SILVER DEPUTY,BROOKDALE SALES AGENT,NINA GUEORGUIEVA AGENT,50000,,02/04/2021,KENTUCKY,18,,,
Kentucky October Yearlings (2022),2022-10-26,968,CH,C,COLLECTED,GUIDONIA,SCAT DADDY,TAYLOR MADE SALES AGENCY AGENT XLVI,NOT SOLD,18000,,04/02/2021,KENTUCKY,12 &16,,,
Kentucky October Yearlings (2022),2022-10-26,969,B,F,WAR FRONT,GUILIA (GB),GALILEO (IRE),HILL 'N' DALE AT XALAPA AGENT,TOGA RACING,55000,,01/12/2021,KENTUCKY,4,,,
Kentucky October Yearlings (2022),2022-10-26,970,DKB,C,ASTERN (AUS),GYPSY LASS,CANDY RIDE (ARG),MULHOLLAND FARM,NOT SOLD,9000,,04/03/2021,KENTUCKY,23,,,
Kentucky October Yearlings (2022),2022-10-26,971,B,F,KLIMT,HAKA'S SISTER,DECLARATION OF WAR,FRANKFORT PARK FARM AGENT,OUT,0,,02/22/2021,KENTUCKY,13,,,
Kentucky October Yearlings (2022),2022-10-26,972,DKB,F,CLOUD COMPUTING,HALLIE RUTH,PLEASANT TAP,VINERY SALES AGENT LXXIV,RANCHO LA SOLEDAD DE ALVAREZ,2500,,05/01/2021,ILLINOIS,22 &23,,,
Kentucky October Yearlings (2022),2022-10-26,973,B,C,CLASSIC EMPIRE,HALO HOLLIE,HALO'S IMAGE,BLUEWATER SALES LLC AGENT I,OUT,0,,05/11/2021,PENNSYLVANIA,8,,,
Kentucky October Yearlings (2022),2022-10-26,974,CH,F,ENGLISH CHANNEL,HANTALOOP,GIANT'S CAUSEWAY,LANE'S END AGENT,OUT,0,,03/02/2021,KENTUCKY,1,,,
Kentucky October Yearlings (2022),2022-10-26,975,B,C,ARMY MULE,HAPPY GABY,DROSSELMEYER,STUART MORRIS AGENT I,METROPOLITON THOROUGHBREDS,50000,,04/14/2021,KENTUCKY,21,,,
Kentucky October Yearlings (2022),2022-10-26,976,B,C,CATHOLIC BOY,HAPPY MOTORING,HARLAN'S HOLIDAY,EATON SALES AGENT FOR DR. HIRAM C. POLK & DR. SUSAN GALANDIUK,OUT,0,,05/17/2021,KENTUCKY,7,,,
Kentucky October Yearlings (2022),2022-10-26,977,DKB,C,MASTERY,HAPPY NOW,MR. GREELEY,TAYLOR MADE SALES AGENCY AGENT LI,NOT SOLD,34000,,02/02/2021,KENTUCKY,12 &16,,,
Kentucky October Yearlings (2022),2022-10-26,978,CH,C,JACK MILTON,HAPPY PARTY GIRL,CAPE BLANCO (IRE),STUART MORRIS AGENT X,MAGNOLIA II,65000,,04/11/2021,KENTUCKY,21,,,
Kentucky October Yearlings (2022),2022-10-26,979,CH,F,PRACTICAL JOKE,HAPPY VALE,DISTORTED HUMOR,MULHOLLAND SPRINGS AGENT I,JOHN CASTILLO,20000,,05/21/2021,NEW YORK,14,,,
Kentucky October Yearlings (2022),2022-10-26,980,DKB,C,TAKE CHARGE INDY,HARBOUR VIXEN,ROCKPORT HARBOR,GREENFIELD FARMS AGENT IV,JOSE A LOPEZ,27000,,02/02/2021,ONTARIO,13,,,
Kentucky October Yearlings (2022),2022-10-26,981,B,F,SPEIGHTSTER,HARD GRACE,HARD SPUN,MULHOLLAND SPRINGS AGENT I,BIG EASY,5000,,05/01/2021,NEW YORK,14,,,
Kentucky October Yearlings (2022),2022-10-26,982,DKB,F,MITOLE,HARD HEADED TEMPER,HARD SPUN,EATON SALES AGENT,GREG FOLEY,50000,,05/18/2021,KENTUCKY,7,,,
Kentucky October Yearlings (2022),2022-10-26,983,B,F,SPEIGHTSTER,HARD LOVIN WOMAN,ROCK HARD TEN,TAYLOR MADE SALES AGENCY AGENT XLV,CHASING THE WIND RACING LLC,42000,,04/05/2021,KENTUCKY,12 &16,,,
Kentucky October Yearlings (2022),2022-10-26,984,DKB,F,FLATTER,HARD TO STAY NOTGO,MORE THAN READY,BURLESON FARMS AGENT,MIKE RYAN AGENT,260000,,02/12/2021,NEW YORK,23,,,
Kentucky October Yearlings (2022),2022-10-26,985,DKB,F,OUTWORK,HARLAN SHOWGIRL,HARLAN'S HOLIDAY,LEGACY BLOODSTOCK AGENT XVIII,S.R.O.A. (K.O.I.D.),37000,,01/27/2021,KENTUCKY,22,,,
Kentucky October Yearlings (2022),2022-10-26,986,B,F,CANDY RIDE (ARG),HARLAN'S ROMANCE,HARLAN'S HOLIDAY,WARRENDALE SALES AGENT I,GRASSROOTS TRN & SALES LLC,65000,,04/20/2021,KENTUCKY,21,,,
Kentucky October Yearlings (2022),2022-10-26,987,B,C,AIR FORCE BLUE,HARLAN'S ROSE,HARLAN'S HOLIDAY,FOUR STAR SALES AGENT,SHANNON KILGORE,1000,,03/11/2021,KENTUCKY,17,,,
Kentucky October Yearlings (2022),2022-10-26,988,B,C,INTO MISCHIEF,HARVESTFORTHEWORLD (IRE),SO YOU THINK (NZ),BALLYSAX BLOODSTOCK AGENT XXX,OUT,0,,04/28/2021,KENTUCKY,22,,,
Kentucky October Yearlings (2022),2022-10-26,989,CH,F,SPEIGHTSTER,HAUTE COUTURE,MEDAGLIA D'ORO,SHANAWAY FARM,MCCUTCHEN TRAINING CENTER,6500,,05/11/2021,KENTUCKY,19,,,
Kentucky October Yearlings (2022),2022-10-26,990,GRR,F,FROSTED,HAWANA,WAR FRONT,HIDDEN BROOK AGENT II,OUT,0,,04/22/2021,KENTUCKY,22,,,
Kentucky October Yearlings (2022),2022-10-26,991,DKB,F,INTO MISCHIEF,HAYWORTH,ARCH,SUMMERFIELD (FRANCIS & BARBARA VANLANGENDONCK) AGENT,WHITE BIRCH FARM INC,400000,,05/17/2021,KENTUCKY,3,,,
Kentucky October Yearlings (2022),2022-10-26,992,CH,C,GET STORMY,HEAD FOR HOME,WHISKEY WISDOM,COLUMBIANA FARM LLC AGENT,LARRY MEJIAS,15000,,05/02/2021,KENTUCKY,20,,,
Kentucky October Yearlings (2022),2022-10-26,993,DKB,C,TAPWRIT,HEARTBREAK HILL,GHOSTZAPPER,LEGACY BLOODSTOCK AGENT VII,NOT SOLD,24000,,05/26/2021,KENTUCKY,22,,,
Kentucky October Yearlings (2022),2022-10-26,994,B,F,MOR SPIRIT,HEART'S SONG,DESERT PARTY,VINERY SALES AGENT XXXIX,RONALD J BROCKMEYER,10000,,03/28/2021,KENTUCKY,22 &23,,,
Kentucky October Yearlings (2022),2022-10-26,995,CH,C,FREE DROP BILLY,HEAVENLY BLISS,HOLY BULL,BUCKLAND SALES (ZACH MADDEN) AGENT IX,FREE FOR ALL,25000,,03/07/2021,KENTUCKY,20,,,
Kentucky October Yearlings (2022),2022-10-26,996,B,F,UNCLE MO,HEAVENLY SCAT,SCAT DADDY,TAYLOR MADE SALES AGENCY AGENT V,OUT,0,,02/27/2021,KENTUCKY,12 &16,,,
Kentucky October Yearlings (2022),2022-10-26,997,B,C,UNCLE MO,HEAVENLY VIEW,CONGRATS,HIDDEN BROOK AGENT IV,LANE RICHARDSON,105000,,04/11/2021,KENTUCKY,22,,,
Kentucky October Yearlings (2022),2022-10-26,998,CH,C,JUSTIFY,HEAVENS PULPIT,HANSEN,RICKY HIGGS AGENT FOR HEATH AARON CAMPBELL,BSW/CROW COLTS GROUP/ SPENDTHRIFT/GANDHARVI,200000,,03/05/2021,KENTUCKY,15,,,
Kentucky October Yearlings (2022),2022-10-26,999,CH,F,KANTHAROS,HEIDI MARIA,ROCKPORT HARBOR,MACHMER HALL SALES AGENT FOR MACHMER HALL,NOT SOLD,185000,,03/08/2021,KENTUCKY,5&6,,,
Kentucky October Yearlings (2022),2022-10-26,1000,CH,C,FROSTED,HELEN KATHLEEN,CANDY RIDE (ARG),BLUEWATER SALES LLC AGENT VIII,JORGE GONZALES,35000,,01/22/2021,KENTUCKY,8,,,
Kentucky October Yearlings (2022),2022-10-26,1001,GRR,F,MOHAYMEN,HERE'S TO LIFE,INTO MISCHIEF,TAYLOR MADE SALES AGENCY AGENT XXXIII,SHAMINGTON FARMS,15000,,04/19/2021,KENTUCKY,12 &16,,,
Kentucky October Yearlings (2022),2022-10-26,1002,DKB,F,MORE THAN READY,HER SMILE,INCLUDE,KATIERICH FARMS,WEST BLOODSTOCK,210000,,03/26/2021,KENTUCKY,13,,,
Kentucky October Yearlings (2022),2022-10-26,1003,CH,C,JUSTIFY,TASTE LIKE CANDY,CANDY RIDE (ARG),NICKY DRION THOROUGHBREDS AGENT V,JACKPOT FARM,250000,,02/14/2021,KENTUCKY,20,,,
Kentucky October Yearlings (2022),2022-10-26,1004,B,F,PRACTICAL JOKE,HIDDEN JADE,RUN AWAY AND HIDE,TERRAZAS THOROUGHBREDS AGENT FOR CORSER THOROUGHBREDS LLC,RANCHO LA SOLEDAD DE ALVAREZ,10000,,02/24/2021,KENTUCKY,15,,,
Kentucky October Yearlings (2022),2022-10-26,1005,B,F,TAPIZAR,HIDDEN QUEENS,NORTHERN SPUR (IRE),TAYLOR MADE SALES AGENCY AGENT XXVIII,GERALD JAMES,2000,,03/13/2021,NEW YORK,12 &16,,,
Kentucky October Yearlings (2022),2022-10-26,1006,DKB,C,MITOLE,HIDDEN REWARD,GRAYDAR,FOUR STAR SALES AGENT,PAUL SHARP,20000,,01/26/2021,KENTUCKY,17,,,
Kentucky October Yearlings (2022),2022-10-26,1007,B,F,TAPITURE,HIDDEN ROSIE,SIGNATURE RED,MORRIS B. FLOYD & CHUCK GIVENS AGENT,FINN BLOODSTOCK,75000,,04/19/2021,KENTUCKY,4,,,
Kentucky October Yearlings (2022),2022-10-26,1008,CH,C,COLLECTED,HIGHLAND LADY,FIRST SAMURAI,GREENFIELD FARMS AGENT VI,JD THOROUGHBRED LLC,19000,,02/05/2021,KENTUCKY,13,,,
Kentucky October Yearlings (2022),2022-10-26,1009,CH,F,MIDSHIPMAN,HIGHLAND PRIDE,LION HEART,PARAMOUNT SALES AGENT XXIX,MARC A WAMPLER AGT FOR P.A.R.,42000,,05/01/2021,KENTUCKY,20,,,
Kentucky October Yearlings (2022),2022-10-26,1010,B,F,HOPPERTUNITY,HIGH QUAIL,TIZNOW,POPE MCLEAN (CRESTWOOD FARM) AGENT VI,JACKPOT FARM,22000,,03/06/2021,NEW YORK,23,,,
Kentucky October Yearlings (2022),2022-10-26,1011,CH,F,ACCELERATE,HISTORY SUPREME,SPEIGHTSTOWN,BURLESON FARMS AGENT,OUT,0,,02/27/2021,KENTUCKY,23,,,
Kentucky October Yearlings (2022),2022-10-26,1012,DKB,F,TWIRLING CANDY,HOLY FLAME,PULPIT,HILL 'N' DALE AT XALAPA AGENT,JEFFREY BLOOM AGENT FOR TRUE NORTH STABLE,70000,,03/13/2021,ONTARIO,4,,,
Kentucky October Yearlings (2022),2022-10-26,1013,DKB,C,MAXIMUS MISCHIEF,HOLY FLAPPER,HOLY BULL,VALKYRE STUD AGENT FOR ECHO VALLEY HORSE FARM,WAKE FOREST STABLE,7500,,03/06/2021,KENTUCKY,13,,,
Kentucky October Yearlings (2022),2022-10-26,1014,GRR,F,MIDNIGHT LUTE,HOLY ROAN,MACHO UNO,HUNTER VALLEY FARM AGENT,DOMINIC BRENNAN AGENT,20000,,04/26/2021,KENTUCKY,9,,,
Kentucky October Yearlings (2022),2022-10-26,1015,DKB,C,MOR SPIRIT,HOLY WOW,PUT IT BACK,FOUR STAR SALES AGENT,GRASSROOTS TRN & SALES LLC,2000,,05/12/2021,ILLINOIS,17,,,
Kentucky October Yearlings (2022),2022-10-26,1016,B,F,GUN RUNNER,HOMEMADE MO NAE,UNCLE MO,TAYLOR MADE SALES AGENCY AGENT VII,OUT,0,,04/26/2021,FLORIDA,12 &16,,,
Kentucky October Yearlings (2022),2022-10-26,1017,B,C,TWIRLING CANDY,HONEST ANSWER,TALE OF THE CAT,HILL 'N' DALE AT XALAPA AGENT,GELFENSTEIN FARM,52000,,04/01/2021,KENTUCKY,4,,,
Kentucky October Yearlings (2022),2022-10-26,1018,B,F,MENDELSSOHN,HONEY CHILE,INVISIBLE INK,MACHMER HALL SALES AGENT XVI,OUT,0,,04/30/2021,WEST VIRGINIA,5&6,,,
Kentucky October Yearlings (2022),2022-10-26,1019,DKB,F,CITY OF LIGHT,HONOR AND BLESSING,TO HONOR AND SERVE,DENALI STUD AGENT XXIV,OUT,0,,04/13/2021,KENTUCKY,1&2,,,
Kentucky October Yearlings (2022),2022-10-26,1020,DKB,C,TWIRLING CANDY,HONOR AND TRUST,TO HONOR AND SERVE,PARAMOUNT SALES AGENT XXIII,KATHY GAYDOS,6000,,03/18/2021,KENTUCKY,20,,,
Kentucky October Yearlings (2022),2022-10-26,1021,CH,C,KLIMT,HONORED PROMISE,SPEIGHTSTOWN,DARBY DAN FARM AGENT III,NICK J HINES AGENT,5500,,05/14/2021,KENTUCKY,18,,,
Kentucky October Yearlings (2022),2022-10-26,1022,CH,F,CATALINA CRUISER,HOOH WHY,CLOUD HOPPING,HIGHGATE SALES AGENT II,NOT SOLD,40000,,04/23/2021,KENTUCKY,11,,,
Kentucky October Yearlings (2022),2022-10-26,1023,B,C,HONOR CODE,HOPEFAITHJOY,LOOKIN AT LUCKY,BROOKDALE SALES AGENT,CAROLYN CONLEY AGENT FOR MONGOLIAN STABLE,47500,,04/16/2021,OHIO,18,,,
Kentucky October Yearlings (2022),2022-10-26,1024,DKB,F,WEST COAST,HOPEFUL UNION,DIXIE UNION,TRACKSIDE FARM (TOM EVANS) AGENT FOR TENLANE FARM,RANCHO LA SOLEDAD DE ALVAREZ,3000,,04/12/2021,KENTUCKY,21,,,
Kentucky October Yearlings (2022),2022-10-26,1025,B,F,FAST ANNA,HOPE'S DIAMOND,LOUIS QUATORZE,TAYLOR MADE SALES AGENCY AGENT XXXIII,KINGS EQUINE,11000,,03/02/2021,KENTUCKY,12 &16,,,
Kentucky October Yearlings (2022),2022-10-26,1026,DKB,F,CATHOLIC BOY,HOPE SO,BODEMEISTER,SUMMERFIELD (FRANCIS & BARBARA VANLANGENDONCK) AGENT FOR BOYD T. BROWNING JR.,JUAN GARCIA,18000,,01/08/2021,NEW YORK,3,,,
Kentucky October Yearlings (2022),2022-10-26,1027,DKB,F,MOR SPIRIT,HOT CHOCOLATE HIT,FLATTER,STUART MORRIS AGENT III,RANCHO LA SOLEDAD DE ALVAREZ,4000,,01/22/2021,KENTUCKY,21,,,
Kentucky October Yearlings (2022),2022-10-26,1028,CH,F,AUDIBLE,HOW FAR TO HEAVEN,DISTORTED HUMOR,LEGACY BLOODSTOCK AGENT XXX,SHELTOWEE,24000,,04/22/2021,KENTUCKY,22,,,
Kentucky October Yearlings (2022),2022-10-26,1029,B,F,ENTICED,I AM MISS BROWN,BIG BROWN,TERRAZAS THOROUGHBREDS AGENT IV,RANCHO LA SOLEDAD DE ALVAREZ,6000,,04/11/2021,KENTUCKY,15,,,
Kentucky October Yearlings (2022),2022-10-26,1030,B,C,CURLIN,ICON PROJECT,EMPIRE MAKER,LANE'S END AGENT,NOT SOLD,385000,,02/11/2021,KENTUCKY,1,,,
Kentucky October Yearlings (2022),2022-10-26,1031,B,F,BEE JERSEY,ICY TALES,TALE OF EKATI,HUNTER VALLEY FARM AGENT,JEH,5000,,04/19/2021,KENTUCKY,9,,,
Kentucky October Yearlings (2022),2022-10-26,1032,B,F,MITOLE,ILLEGAL SEARCH,OFFICER,INDIAN CREEK AGENT,PARRISH FARMS,32000,,04/17/2021,KENTUCKY,2,,,
Kentucky October Yearlings (2022),2022-10-26,1033,DKB,F,PERFECT TIMBER,IM A DIXIE GIRL,DIXIE UNION,PARAMOUNT SALES AGENT XX,OUT,0,,04/05/2021,KENTUCKY,20,,,
Kentucky October Yearlings (2022),2022-10-26,1034,B,C,KITTEN'S JOY,I'MNOTSHYI'LLBUY,DISTORTED HUMOR,VINERY SALES AGENT XLVIII,RANCHO LA SOLEDAD DE ALVAREZ,5500,,04/30/2021,KENTUCKY,22 &23,,,
Kentucky October Yearlings (2022),2022-10-26,1035,DKB,C,GOOD SAMARITAN,IMPAZIBLE WOMAN,MISSION IMPAZIBLE,SUMMERFIELD (FRANCIS & BARBARA VANLANGENDONCK) AGENT,LEGION BLOODSTOCK AGENT,100000,,03/26/2021,IOWA,3,,,
Kentucky October Yearlings (2022),2022-10-26,1036,CH,C,HARD SPUN,IMPLY,E DUBAI,BALLYSAX BLOODSTOCK AGENT XLV,JOE HARDOON AGENT,250000,,02/22/2021,PENNSYLVANIA,22,,,
Kentucky October Yearlings (2022),2022-10-26,1037,GRR,F,LIAM'S MAP,IMPRINT,QUALITY ROAD,BROOKDALE SALES AGENT,OUT,0,,03/06/2021,KENTUCKY,18,,,
Kentucky October Yearlings (2022),2022-10-26,1038,B,F,MUCHO MACHO MAN,IMPULSIVE,ANIMAL KINGDOM,GAINESWAY AGENT XV,RANCHO LA SOLEDAD DE ALVAREZ,3500,,03/21/2021,KENTUCKY,5&6,,,
Kentucky October Yearlings (2022),2022-10-26,1039,CH,C,MENDELSSOHN,IN A SNIT,LOOKIN AT LUCKY,BALLYSAX BLOODSTOCK AGENT XXX,BARDONIA BLOODSTOCK,50000,,02/03/2021,KENTUCKY,22,,,
Kentucky October Yearlings (2022),2022-10-26,1040,B,C,WEST COAST,INDESCRIBABLE,PLEASANT TAP,PATRICIA CLARK AGENT III,OUT,0,,06/07/2021,ILLINOIS,19,,,
Kentucky October Yearlings (2022),2022-10-26,1041,DKB,C,FRIESAN FIRE,INDIAN BEAUTY,FAST BULLET,SERENDIPITY FARM AGENT V,JAGGER INC,9000,,04/19/2021,MARYLAND,23,,,
Kentucky October Yearlings (2022),2022-10-26,1042,B,C,FLATTER,INDIAN CARLIE,INDIAN CHARLIE,DENALI STUD AGENT V,KINGS EQUINE,25000,,03/07/2021,KENTUCKY,1&2,,,
Kentucky October Yearlings (2022),2022-10-26,1043,B,C,PALACE MALICE,INDIAN GODDESS,INDIAN CHARLIE,BUCKLAND SALES (ZACH MADDEN) AGENT XXI,RANCHO LA SOLEDAD DE ALVAREZ,4500,,02/23/2021,FLORIDA,20,,,
Kentucky October Yearlings (2022),2022-10-26,1044,DKB,C,WORLD OF TROUBLE,INDIAN SPLENDOR,INDIAN OCEAN,FOUR STAR SALES AGENT,CLASSIC FOR CRESTANI,42000,,04/06/2021,NEW YORK,17,,,
Kentucky October Yearlings (2022),2022-10-26,1045,CH,F,CATALINA CRUISER,INDUSTRIAL POLICY,HARLAN'S HOLIDAY,VINERY SALES AGENT LXXVII,KINGS EQUINE,43000,,02/19/2021,OHIO,22 &23,,,
Kentucky October Yearlings (2022),2022-10-26,1046,B,F,GOLDENCENTS,INDY BUSINESS,A.P. INDY,CALUMET FARM,JAGGER INC,32000,,05/02/2021,KENTUCKY,21,,,
Kentucky October Yearlings (2022),2022-10-26,1047,B,F,MENDELSSOHN,INDYGITA,INDYGO SHINER,GAINESWAY AGENT XXVI,PATRICK GALLAGHER,70000,,04/30/2021,KENTUCKY,5&6,,,
Kentucky October Yearlings (2022),2022-10-26,1048,B,C,BOLT D'ORO,INFLICTION,STORMY ATLANTIC,HUNTER VALLEY FARM AGENT,PARRISH FARMS,55000,,04/29/2021,KENTUCKY,9,,,
Kentucky October Yearlings (2022),2022-10-26,1049,B,F,NYQUIST,INNOCENT LOVE,GRAND SLAM,ST GEORGE SALES AGENT XII,MWG-LLC,7000,,02/17/2021,KENTUCKY,10,,,
Kentucky October Yearlings (2022),2022-10-26,1050,DKB,C,LIAM'S MAP,INTERMITTENT,BERNARDINI,HIDDEN BROOK AGENT XIII,NOT SOLD,1500,,01/09/2021,KENTUCKY,22,,,
Kentucky October Yearlings (2022),2022-10-26,1051,DKB,C,DEMARCHELIER (GB),INTO REALITY,UNTUTTABLE,WARRENDALE SALES AGENT XXII,HYDE PARK STUD,45000,,05/10/2021,KENTUCKY,21,,,
Kentucky October Yearlings (2022),2022-10-26,1052,B,F,SKY MESA,INTROSPECTIVE,ELUSIVE QUALITY,VINERY SALES AGENT XXXVII,NOT SOLD,14000,,01/08/2021,KENTUCKY,22 &23,,,
Kentucky October Yearlings (2022),2022-10-26,1053,CH,C,JUSTIFY,INVITATION (IRE),GALILEO (IRE),SCOTT MALLORY AGENT FOR DETERMINED STUD,NOT SOLD,65000,,01/31/2021,MARYLAND,21,,,
Kentucky October Yearlings (2022),2022-10-26,1054,CH,C,UNION RAGS,I O IRELAND,GIANT'S CAUSEWAY,SCOTT MALLORY AGENT III,NOT SOLD,90000,,05/06/2021,KENTUCKY,21,,,
Kentucky October Yearlings (2022),2022-10-26,1055,B,C,TAPWRIT,IPANEMA BEACH,CANDY RIDE (ARG),DOUBLE R CONSIGNMENT,H.H. AGENT,40000,,03/11/2021,KENTUCKY,19,,,
Kentucky October Yearlings (2022),2022-10-26,1056,B,F,DEMARCHELIER (GB),IRISH CONNECTION,MR. GREELEY,BUCKLAND SALES (ZACH MADDEN) AGENT V,2023 BREEZING,30000,,02/18/2021,KENTUCKY,20,,,
Kentucky October Yearlings (2022),2022-10-26,1057,B,C,PALACE MALICE,IRISH PRINCESS,BERNARDINI,BUCKLAND SALES (ZACH MADDEN) AGENT X,ITAL-CAL HORSE MANAGEMENT INC,7000,,03/31/2021,KENTUCKY,20,,,
Kentucky October Yearlings (2022),2022-10-26,1058,B,C,NOBLE MISSION (GB),IRISH TEARDROP (GB),FASTNET ROCK (AUS),HILL 'N' DALE AT XALAPA AGENT,BEN MCELROY/LOUIS DUBOIS AGT FOR WESLEY WARD,140000,,03/19/2021,KENTUCKY,4,,,
Kentucky October Yearlings (2022),2022-10-26,1059,DKB,C,ENTICED,IRISHTOCAT,TOMORROWS CAT,ST GEORGE SALES AGENT VIII,GOP RACING STABLE,5000,,03/30/2021,NEW YORK,10,,,
Kentucky October Yearlings (2022),2022-10-26,1060,B,F,CATHOLIC BOY,ISABELL'S SHOES,KING OF KINGS (IRE),CLAIBORNE FARM AGENT,BILL STIRITZ,10000,,05/12/2021,KENTUCKY,8,,,
Kentucky October Yearlings (2022),2022-10-26,1061,B,C,YOSHIDA (JPN),ISLAND ESCAPE,PETIONVILLE,MACHMER HALL SALES AGENT FOR MACHMER HALL,NOT SOLD,50000,,03/26/2021,KENTUCKY,5&6,,,
Kentucky October Yearlings (2022),2022-10-26,1062,CH,C,FLAMEAWAY,ISLE GET READY,MORE THAN READY,HILL 'N' DALE AT XALAPA AGENT,GOP RACING STABLE,30000,,03/01/2021,KENTUCKY,4,,,
Kentucky October Yearlings (2022),2022-10-26,1063,B,F,GOOD MAGIC,ITERATION,WILD AGAIN,WARRENDALE SALES AGENT X,ABC THOROUGHBREDS,80000,,04/07/2021,KENTUCKY,21,,,
Kentucky October Yearlings (2022),2022-10-26,1064,DKB,F,MEDAGLIA D'ORO,ITSAGIANTCAUSEWAY,GIANT'S CAUSEWAY,TAYLOR MADE SALES AGENCY AGENT XIX,D G EQUINE,160000,,01/29/2021,KENTUCKY,12 &16,,,
Kentucky October Yearlings (2022),2022-10-26,1065,DKB,C,TAPWRIT,IT'S MO TIME,UNCLE MO,TAYLOR MADE SALES AGENCY AGENT XLIII,NOT SOLD,17000,,03/15/2021,FLORIDA,12 &16,,,
Kentucky October Yearlings (2022),2022-10-26,1066,B,C,UNION RAGS,JACKPOT JOANIE,GIANT'S CAUSEWAY,PARAMOUNT SALES AGENT X,OUT,0,,02/10/2021,NEW YORK,20,,,
Kentucky October Yearlings (2022),2022-10-26,1067,DKB,F,ENTICED,J AND J O'SHEA,SKY MESA,INDIAN CREEK AGENT,PAUL BRAVERMAN & TIMOTHY PINCH,42000,,03/15/2021,ONTARIO,2,,,
Kentucky October Yearlings (2022),2022-10-26,1068,DKB,F,LAKERVILLE,JANERIELLE,WILD RUSH,SOUTHERN COMFORT FARM LLC,GERALD JAMES,1000,,04/01/2021,CALIFORNIA,20,,,
Kentucky October Yearlings (2022),2022-10-26,1069,B,C,HARD SPUN,JAX EL,UNUSUAL HEAT,VALKYRE STUD AGENT FOR GODOLPHIN & M. AUERBACH LLC,OUT,0,,04/14/2021,KENTUCKY,13,,,
Kentucky October Yearlings (2022),2022-10-26,1070,DKB,F,DIALED IN,JAY AT NINE,STORM CAT,CALUMET FARM,OUR BLUE STREAK STABLE,5000,,03/17/2021,KENTUCKY,21,,,
Kentucky October Yearlings (2022),2022-10-26,1071,GRR,C,LIAM'S MAP,JAYLAN,SCAT DADDY,WYNNSTAY SALES AGENT II,NOT SOLD,210000,,03/01/2021,KENTUCKY,3,,,
Kentucky October Yearlings (2022),2022-10-26,1072,DKB,C,FROSTED,JAZAALAH,HARD SPUN,BURLESON FARMS AGENT,GREG JAMES,25000,,04/08/2021,KENTUCKY,23,,,
Kentucky October Yearlings (2022),2022-10-26,1073,B,C,GUN RUNNER,JEMMABELLE,STREET SENSE,PARAMOUNT SALES AGENT VIII,DAVID GEOFROY,80000,,05/02/2021,KENTUCKY,20,,,
Kentucky October Yearlings (2022),2022-10-26,1074,DKB,F,KARAKONTIE (JPN),JERMIDY,DEVIL HIS DUE,GAINESWAY AGENT XXIV,VEB RACING STABLE CORP,10000,,02/21/2021,KENTUCKY,5&6,,,
Kentucky October Yearlings (2022),2022-10-26,1075,CH,C,SPEIGHTSTER,JERUSALEM STONE,DESERT WARRIOR,FOUNDATIONS FARM,NOT SOLD,9000,,03/15/2021,KENTUCKY,19,,,
Kentucky October Yearlings (2022),2022-10-26,1076,B,C,EXAGGERATOR,JE SUIS TIZZY,TIZNOW,BILL MURPHY AGENT X,WAYNE SANDERS & KAT KIRK,8000,,02/25/2021,KENTUCKY,23,,,
Kentucky October Yearlings (2022),2022-10-26,1077,GRR,C,FROSTED,JETBIRD,WILDCAT HEIR,DENALI STUD AGENT XIV,CHAD SCHUMER AGENT,30000,,05/23/2021,KENTUCKY,1&2,,,
Kentucky October Yearlings (2022),2022-10-26,1078,B,C,CITY OF LIGHT,JING,SKY MESA,TAYLOR MADE SALES AGENCY AGENT XXIII,MEADOWVIEW STABLES,50000,,04/19/2021,KENTUCKY,12 &16,,,
Kentucky October Yearlings (2022),2022-10-26,1079,GRR,F,GIRVIN,JOE'S GIFT,SKY MESA,STUART MORRIS AGENT FOR BARAK FARM,GRASSROOTS TRN & SALES LLC,82000,,03/04/2021,FLORIDA,21,,,
Kentucky October Yearlings (2022),2022-10-26,1080,DKB,F,STREET SENSE,JOE'SGOLDENHOLIDAY,HARLAN'S HOLIDAY,DENALI STUD AGENT XVI,THOROSTOCK AGT FOR MICHAEL IMPERIO,47000,,02/27/2021,KENTUCKY,1&2,,,
Kentucky October Yearlings (2022),2022-10-26,1081,B,C,LOOKIN AT LUCKY,JOFFE'S RUN,GIANT'S CAUSEWAY,TAYLOR MADE SALES AGENCY AGENT LX,ALL IN INVESTOR LLC,50000,,03/30/2021,KENTUCKY,12 &16,,,
Kentucky October Yearlings (2022),2022-10-26,1082,DKB,C,FROSTED,JOHARMONY,JOHAR,BROOKDALE SALES AGENT FOR CHERVENELL THOROUGHBREDS LLC,CAROLYN CONLEY AGENT FOR MONGOLIAN STABLE,7000,,03/30/2021,KENTUCKY,18,,,
Kentucky October Yearlings (2022),2022-10-26,1083,B,F,INTO MISCHIEF,JOINT RETURN,INCLUDE,MILL RIDGE SALES AGENT FOR SPENDTHRIFT FARM LLC,OUT,0,,03/05/2021,KENTUCKY,11,,,
Kentucky October Yearlings (2022),2022-10-26,1084,CH,C,BEE JERSEY,JONESBORO POLLY,JONESBORO,POPE MCLEAN (CRESTWOOD FARM) AGENT VIII,LEWIS MATHEWS JR,20000,,04/28/2021,ARKANSAS,23,,,
Kentucky October Yearlings (2022),2022-10-26,1085,CH,F,COMPETITIVE EDGE,JUANITA SENORITA,CORINTHIAN,EATON SALES AGENT,OUT,0,,03/27/2021,KENTUCKY,7,,,
Kentucky October Yearlings (2022),2022-10-26,1086,B,C,DEMARCHELIER (GB),JULIETTE AVA,MEDAGLIA D'ORO,GARRENCASEY SALES LLC AGENT I,JEFF MAKOR AGENT,2000,,04/11/2021,KENTUCKY,15,,,
Kentucky October Yearlings (2022),2022-10-26,1087,DKB,C,UNCLE MO,JUMBY BAY,CITY ZIP,DENALI STUD AGENT VI,JUSTIN WOJCZYNSKI,50000,,04/29/2021,KENTUCKY,1&2,,,
Kentucky October Yearlings (2022),2022-10-26,1088,DKB,F,MITOLE,JUNOON,STREET SENSE,MULHOLLAND SPRINGS AGENT I,RARAMURI EQUINE,15000,,05/21/2021,NEW YORK,14,,,
Kentucky October Yearlings (2022),2022-10-26,1089,B,F,KLIMT,JUST A FLASH,HENNY HUGHES,FOUNDATIONS FARM,NOT SOLD,17000,,02/03/2021,KENTUCKY,19,,,
Kentucky October Yearlings (2022),2022-10-26,1090,B,C,BLAME,JUST A LOOK,LOOKIN AT LUCKY,HUNTER VALLEY FARM AGENT,BLACK CLOUD RACING STABLE,25000,,03/14/2021,KENTUCKY,9,,,
Kentucky October Yearlings (2022),2022-10-26,1091,CH,C,TAPITURE,JUST CAT,CITY ZIP,SERENDIPITY FARM AGENT VII,LARRY MEJIAS,20000,,03/03/2021,NEW YORK,23,,,
Kentucky October Yearlings (2022),2022-10-26,1092,CH,F,NOT THIS TIME,JUST LOUISE,FIVE STAR DAY,PARAMOUNT SALES AGENT XXXVII,OUT,0,,04/20/2021,KENTUCKY,20,,,
Kentucky October Yearlings (2022),2022-10-26,1093,B,C,HOPPERTUNITY,KAHANA,HENRYTHENAVIGATOR,SERENDIPITY FARM AGENT VI,HUGH H ROBERTSON,2000,,03/04/2021,PENNSYLVANIA,23,,,
Kentucky October Yearlings (2022),2022-10-26,1094,DKB,F,MOHAYMEN,KALAMBAKA QUEEN,PICO CENTRAL (BRZ),PARAMOUNT SALES AGENT XXIX,JOHN ENNIS AGENT,30000,,05/04/2021,KENTUCKY,20,,,
Kentucky October Yearlings (2022),2022-10-26,1095,CH,F,LORD NELSON,KATHERN'S KITTEN,KITTEN'S JOY,HUNTER VALLEY FARM AGENT,JAGGER INC.,42000,,03/29/2021,KENTUCKY,9,,,
Kentucky October Yearlings (2022),2022-10-26,1096,CH,C,AUDIBLE,KEEWATIN ICE,INTIDAB,DENALI STUD AGENT IV,NEW DAY TRAINING CENTER,115000,,04/06/2021,KENTUCKY,1&2,,,
Kentucky October Yearlings (2022),2022-10-26,1097,B,C,SHARP AZTECA,KEMLY,TIZNOW,ENDEAVOR FARM AGENT,SMART PLAY LLC,25000,,03/12/2021,KENTUCKY,15,,,
Kentucky October Yearlings (2022),2022-10-26,1098,DKB,F,RANSOM THE MOON,KEPT,EXCHANGE RATE,CALUMET FARM,JD THOROUGHBRED LLC,3500,,01/10/2021,KENTUCKY,21,,,
Kentucky October Yearlings (2022),2022-10-26,1099,DKB,F,TAPITURE,KEY IS TO WIN,DIXIE UNION,BLANDFORD STUD (PADRAIG CAMPION) AGENT,BARZINI SYNDICATE,20000,,02/08/2021,KENTUCKY,14,,,
Kentucky October Yearlings (2022),2022-10-26,1100,B,F,MITOLE,KICKAPOO PRINCESS,UNREAL ZEAL,WARRENDALE SALES AGENT,NOT SOLD,39000,,04/12/2021,FLORIDA,21,,,
Kentucky October Yearlings (2022),2022-10-26,1101,B,C,CONSTITUTION,KICKIN' THE CLOUDS,DIXIELAND BAND,INDIAN CREEK AGENT,OUT,0,,05/11/2021,KENTUCKY,2,,,
Kentucky October Yearlings (2022),2022-10-26,1102,DKB,C,OMAHA BEACH,KIDORO,MEDAGLIA D'ORO,ST GEORGE SALES AGENT XXVII,WEST POINT THOROUGHBREDS LEB AGENT/GREG FOLEY,200000,,03/24/2021,KENTUCKY,10,,,
Kentucky October Yearlings (2022),2022-10-26,1103,CH,F,SPEIGHTSTER,KIDS KOOLER,FIRST SAMURAI,GREENFIELD FARMS AGENT I,BILL STIRITZ,10000,,03/04/2021,KENTUCKY,13,,,
Kentucky October Yearlings (2022),2022-10-26,1104,CH,C,NOT THIS TIME,KINDA WONDERFUL,SILVER TRAIN,TAYLOR MADE SALES AGENCY AGENT LXV,NOT SOLD,37000,,04/19/2021,KENTUCKY,12 &16,,,
Kentucky October Yearlings (2022),2022-10-26,1105,DKB,F,AIR FORCE BLUE,KISS THE DEVIL,KRIS S.,HERMITAGE FARM AGENT,OUT,0,,04/30/2021,KENTUCKY,21,,,
Kentucky October Yearlings (2022),2022-10-26,1106,DKB,C,CLOUD COMPUTING,KISS THE KING,ROMAN RULER,BRANDYWINE FARM (JIM & PAM ROBINSON),LEGION BLOODSTOCK AGENT FOR RAZORBACK,27000,,03/08/2021,KENTUCKY,15,,,
Kentucky October Yearlings (2022),2022-10-26,1107,B,F,GOLDENCENTS,KISS THE LADY,QUIET AMERICAN,MULHOLLAND SPRINGS AGENT I,TONYA JOHNSON AGT,35000,,02/19/2021,NEW YORK,14,,,
Kentucky October Yearlings (2022),2022-10-26,1108,CH,F,JIMMY CREED,KITTY FOILLE,BLACK MINNALOUSHE,VINERY SALES AGENT LXVIII,JUAN GARCIA,7500,,02/08/2021,KENTUCKY,22 &23,,,
Kentucky October Yearlings (2022),2022-10-26,1109,B,C,TONALIST,KITTY KAT,KITTEN'S JOY,WOODFORD THOROUGHBREDS AGENT II,SEAN FLANAGAN,40000,,04/04/2021,KENTUCKY,3,,,
Kentucky October Yearlings (2022),2022-10-26,1110,GRR,C,FROSTED,KIVI,KING OF KINGS (IRE),GAINESWAY AGENT XXIX,SHAMINGTON FARMS,18000,,03/04/2021,KENTUCKY,5&6,,,
Kentucky October Yearlings (2022),2022-10-26,1111,B,F,KARAKONTIE (JPN),KODIAK WEST (IRE),KODIAC (GB),GAINESWAY AGENT XIII,JUSTIN CASSE,75000,,02/02/2021,KENTUCKY,5&6,,,
Kentucky October Yearlings (2022),2022-10-26,1112,B,C,WAR FRONT,KRAM,COLONEL JOHN,EATON SALES AGENT FOR WINSTAR FARM BRED & RAISED,ROBERT MEIER IV,85000,,03/18/2021,KENTUCKY,7,,,
Kentucky October Yearlings (2022),2022-10-26,1113,CH,F,DISTORTED HUMOR,KRISTY BEETHOVEN,KRIS S.,BURLESON FARMS AGENT,2023 BREEZING,75000,,05/04/2021,KENTUCKY,23,,,
Kentucky October Yearlings (2022),2022-10-26,1114,B,C,PALACE MALICE,KYLEIGH'S SMILE,WILBURN,LITTLE'S BLOODSTOCK AGENT IV,OUT,0,,04/23/2021,KENTUCKY,19,,,
Kentucky October Yearlings (2022),2022-10-26,1115,B,F,AMERICAN PHAROAH,KYLLACHY QUEEN (IRE),KYLLACHY (GB),PARAMOUNT SALES AGENT XXI,OUT,0,,02/07/2021,KENTUCKY,20,,,
Kentucky October Yearlings (2022),2022-10-26,1116,DKB,F,MALIBU MOON,LA AFICIONADA,MEDAGLIA D'ORO,MULHOLLAND SPRINGS AGENT I,OUT,0,,03/27/2021,NEW YORK,14,,,
Kentucky October Yearlings (2022),2022-10-26,1117,GRR,C,CREATIVE CAUSE,LA BOMBA,MIDNIGHT LUTE,GROVENDALE SALES AGENT V,OUT,0,,05/11/2021,KENTUCKY,2,,,
Kentucky October Yearlings (2022),2022-10-26,1118,B,F,ASTERN (AUS),LA CHEPIS,SUPER SAVER,MULHOLLAND FARM,GRASSROOTS TRN & SALES LLC,28000,,04/20/2021,KENTUCKY,23,,,
Kentucky October Yearlings (2022),2022-10-26,1119,DKB,F,MO TOWN,LA CONTESSA,CONGRATS,SMALL BATCH SALES AGENT X,BRYAN RICE,21000,,02/21/2021,KENTUCKY,20,,,
Kentucky October Yearlings (2022),2022-10-26,1120,B,F,COLLECTED,LA DEFENDER,TIZ WONDERFUL,HILL 'N' DALE AT XALAPA AGENT,BILL STIRITZ,9000,,03/22/2021,FLORIDA,4,,,
Kentucky October Yearlings (2022),2022-10-26,1121,GRR,F,VIOLENCE,L. A. DEVINE,PULPIT,VINERY SALES AGENT XLVIII,GOOD GAMES,45000,,05/15/2021,KENTUCKY,22 &23,,,
Kentucky October Yearlings (2022),2022-10-26,1122,CH,F,CATHOLIC BOY,LADY ALIDA,STREET BOSS,HIDDEN BROOK AGENT XII,LONE STAR RACING CLUB,10000,,04/06/2021,KENTUCKY,22,,,
Kentucky October Yearlings (2022),2022-10-26,1123,DKB,F,LORD NELSON,LADY AMBASSADOR,CROWN AMBASSADOR,BRANDYWINE FARM (JIM & PAM ROBINSON),MEDALLION FARMS,5000,,03/26/2021,KENTUCKY,15,,,
Kentucky October Yearlings (2022),2022-10-26,1124,DKB,C,CLASSIC EMPIRE,LADY ASPEN,GRAND REWARD,TAYLOR MADE SALES AGENCY AGENT LIX,NOT SOLD,49000,,02/12/2021,KENTUCKY,12 &16,,,
Kentucky October Yearlings (2022),2022-10-26,1125,B,C,KLIMT,LADY BUCKEYE,QUIET AMERICAN,BROOKDALE SALES AGENT,HYDE PARK STUD,15000,,05/16/2021,KENTUCKY,18,,,
Kentucky October Yearlings (2022),2022-10-26,1126,B,F,TEMPLE CITY,LADY CALI,BRIGHT LAUNCH,GROVENDALE SALES AGENT,SHERBOURNE LODGE,12000,,02/13/2021,ILLINOIS,2,,,
Kentucky October Yearlings (2022),2022-10-26,1127,CH,C,BEE JERSEY,LADY CHAIRMAN,SOCIETY'S CHAIRMAN,PARAMOUNT SALES AGENT XX,GRASSROOTS TRN & SALES LLC,15000,,04/26/2021,KENTUCKY,20,,,
Kentucky October Yearlings (2022),2022-10-26,1128,B,C,TAPWRIT,LADYFLICKERFLACKER,FORESTRY,GAINESWAY AGENT XIII,ITAL-CAL HORSE MANAGEMENT INC,17000,,01/30/2021,KENTUCKY,5&6,,,
Kentucky October Yearlings (2022),2022-10-26,1129,B,F,LOOKIN AT LUCKY,LADY JULIET,GIANT'S CAUSEWAY,SOUTHERN COMFORT FARM LLC,LUIS VON CHONG,7000,,02/05/2021,KENTUCKY,20,,,
Kentucky October Yearlings (2022),2022-10-26,1130,CH,F,CURLIN,LADY KITTEN,KITTEN'S JOY,HILL 'N' DALE AT XALAPA AGENT,JAMES LAYDEN AGENT,130000,,03/11/2021,KENTUCKY,4,,,
Kentucky October Yearlings (2022),2022-10-26,1131,CH,C,STREET BOSS,LADY RACER,BIONDETTI,CANDY MEADOWS SALES AGENT XVI,SHAMINGTON FARMS,32000,,05/05/2021,KENTUCKY,10,,,
Kentucky October Yearlings (2022),2022-10-26,1132,B,F,RACE DAY,LADY RELAUNCH,BRIGHT LAUNCH,DOUBLE R CONSIGNMENT AGENT,CHRISTOPHER JACKSON,9000,,03/26/2021,KENTUCKY,19,,,
Kentucky October Yearlings (2022),2022-10-26,1133,B,C,UNCLE MO,LAKE NAIVASHA,EMPIRE MAKER,EATON SALES AGENT,ATHENS WOODS LLC,70000,,04/19/2021,KENTUCKY,7,,,
Kentucky October Yearlings (2022),2022-10-26,1134,B,F,UNCLE MO,LAKE SEBAGO,MUNNINGS,BUCK POND FARM (DOUGLAS S. ARNOLD) AGENT,OUT,0,,04/17/2021,KENTUCKY,11,,,
Kentucky October Yearlings (2022),2022-10-26,1135,CH,C,MENDELSSOHN,LAKE TOCCET,TOCCET,HUNTER VALLEY FARM AGENT,OUT,0,,04/14/2021,NEW YORK,9,,,
Kentucky October Yearlings (2022),2022-10-26,1136,DKB,F,STREET BOSS,LA NINA BRONCA,CACTUS RIDGE,LANE'S END AGENT,MEADOW SPRINGS,9500,,04/01/2021,OHIO,1,,,
Kentucky October Yearlings (2022),2022-10-26,1137,DKB,F,PRESERVATIONIST,LAPINSKI,STREET CRY (IRE),LEGACY BLOODSTOCK AGENT II,CHRIS MELTON,1500,,04/29/2021,NEW YORK,22,,,
Kentucky October Yearlings (2022),2022-10-26,1138,CH,C,AIR FORCE BLUE,LARGESSE,SIGHTSEEING,HUNTER VALLEY FARM AGENT,WAYNE SANDERS & KAT KIRK,40000,,05/12/2021,KENTUCKY,9,,,
Kentucky October Yearlings (2022),2022-10-26,1139,GRR,C,CATHOLIC BOY,LA SONG,UNBRIDLED'S SONG,GREENFIELD FARMS AGENT V,OUT,0,,02/20/2021,KENTUCKY,13,,,
Kentucky October Yearlings (2022),2022-10-26,1140,B,F,REDESDALE,LASTING APPEAL,A.P. INDY,MACHMER HALL SALES AGENT II,NOT SOLD,36000,,03/01/2021,NEW YORK,5&6,,,
Kentucky October Yearlings (2022),2022-10-26,1141,DKB,C,CATALINA CRUISER,LAST PLAY,STORMY ATLANTIC,BROOKDALE SALES AGENT,CORTEZ RACING,6000,,03/03/2021,KENTUCKY,18,,,
Kentucky October Yearlings (2022),2022-10-26,1142,DKB,F,TAPITURE,L. A. STYLE,SCAT DADDY,BUCKLAND SALES (ZACH MADDEN) AGENT VII,MAPLE LANE FARM LLC,9000,,01/17/2021,KENTUCKY,20,,,
Kentucky October Yearlings (2022),2022-10-26,1143,B,C,KARAKONTIE (JPN),LATEEN,HENRYTHENAVIGATOR,SUMMERFIELD (FRANCIS & BARBARA VANLANGENDONCK) AGENT,OUT,0,,04/02/2021,FLORIDA,3,,,
Kentucky October Yearlings (2022),2022-10-26,1144,CH,F,MASTERY,LATIQUE,ELUSIVE QUALITY,BROOKDALE SALES AGENT FOR MINEOLA FARM,GERALD JAMES,3000,,04/05/2021,KENTUCKY,18,,,
Kentucky October Yearlings (2022),2022-10-26,1145,DKB,F,BELLAMY ROAD,LAUGHING FALCON,ALJABR,VINERY SALES AGENT XXXI,PODARATH LUTCHMAN,1000,,04/06/2021,NEW YORK,22 &23,,,
Kentucky October Yearlings (2022),2022-10-26,1146,CH,C,SPEIGHTSTOWN,LAWN PARTY,MEDAGLIA D'ORO,WARRENDALE SALES AGENT XXI,LADY BUG BLOODSTOCK,80000,,05/26/2021,KENTUCKY,21,,,
Kentucky October Yearlings (2022),2022-10-26,1147,CH,F,LORD NELSON,LAZARIA LASS,EDDINGTON,WAR HORSE PLACE LLC AGENT I,ANDRY BLANCO,10000,,04/06/2021,KENTUCKY,21,,,
Kentucky October Yearlings (2022),2022-10-26,1148,B,C,GET STORMY,LEARNING CURVE,SUPER SAVER,TAYLOR MADE SALES AGENCY AGENT LXVII,NOT SOLD,10500,,05/12/2021,KENTUCKY,12 &16,,,
Kentucky October Yearlings (2022),2022-10-26,1149,CH,C,NOT THIS TIME,LEE GAGE,FIT TO FIGHT,TAYLOR MADE SALES AGENCY AGENT LIV,SPENDTHRIFT FARM LLC,320000,,02/05/2021,KENTUCKY,12 &16,,,
Kentucky October Yearlings (2022),2022-10-26,1150,B,C,ASTERN (AUS),LELA'S GIFT,FIRST SAMURAI,TIMBER TOWN (MR. & MRS. T WAYNE SWEEZEY) AGENT,JAY KENT SWEEZEY RACING,17000,,03/05/2021,KENTUCKY,11,,,
Kentucky October Yearlings (2022),2022-10-26,1151,B,F,CENTRAL BANKER,LE MI GEAUX,FIRST SAMURAI,HILL 'N' DALE AT XALAPA AGENT,RICE HORSE AGENT,5000,,03/25/2021,NEW YORK,4,,,
Kentucky October Yearlings (2022),2022-10-26,1152,GRR,F,ARROGATE,LEMON SPLENDOR,LEMON DROP KID,MILL RIDGE SALES AGENT,LEGACY RANCH INC,450000,,03/12/2021,KENTUCKY,11,,,
Kentucky October Yearlings (2022),2022-10-26,1153,CH,C,BREAKING LUCKY,LEROIANA,LEROIDESANIMAUX (BRZ),4M RANCH AGENT I,JONATHAN NAVAS,5000,,05/29/2021,ARKANSAS,19,,,
Kentucky October Yearlings (2022),2022-10-26,1154,CH,F,FLAMEAWAY,LEROY'S PRINCESS,LEROIDESANIMAUX (BRZ),STUART MORRIS AGENT VIII,LARRY MEJIAS,6000,,03/08/2021,KENTUCKY,21,,,
Kentucky October Yearlings (2022),2022-10-26,1155,B,F,OUTWORK,LE SANG ROYALE,HENRYTHENAVIGATOR,RICKY HIGGS AGENT,TARI BROCKLEBANK,30000,,04/21/2021,ILLINOIS,15,,,
Kentucky October Yearlings (2022),2022-10-26,1156,DKB,C,AIR FORCE BLUE,LES FAZZANI (IRE),INTIKHAB,FOUR STAR SALES AGENT,FRANCISCO MOREYRA,6000,,04/06/2021,KENTUCKY,17,,,
Kentucky October Yearlings (2022),2022-10-26,1157,B,F,OSCAR PERFORMANCE,LETHAL LEGACY,UNUSUAL HEAT,VALKYRE STUD AGENT,WAYNE SANDERS & KAT KIRK,40000,,04/10/2021,KENTUCKY,13,,,
Kentucky October Yearlings (2022),2022-10-26,1158,GRR,F,THE FACTOR,LET'S GO CHEYENNE,TIZNOW,SOUTHERN COMFORT FARM LLC,RONNIE CRAVENS,12000,,04/26/2021,KENTUCKY,20,,,
Kentucky October Yearlings (2022),2022-10-26,1159,B,F,KLIMT,LETTING GO,JOHANNESBURG,EATON SALES AGENT,KELLY VON HEMEL,70000,,04/11/2021,KENTUCKY,7,,,
Kentucky October Yearlings (2022),2022-10-26,1160,B,C,JUSTIFY,LET YOURSELF GO,WAR FRONT,CLAIBORNE FARM AGENT,BIG D STABLE & RUBY RACING,165000,,02/20/2021,KENTUCKY,8,,,
Kentucky October Yearlings (2022),2022-10-26,1161,B,F,PAYNTER,LEVITATE,MEADOWLAKE,VINERY SALES AGENT XXIX,NOT SOLD,10000,,03/30/2021,KENTUCKY,22 &23,,,
Kentucky October Yearlings (2022),2022-10-26,1162,CH,C,SPEIGHTSTER,LEXINGTON PEARL,ELUSIVE QUALITY,WESTBROOK STABLES LLC,KLC RACING,20000,,03/01/2021,KENTUCKY,21,,,
Kentucky October Yearlings (2022),2022-10-26,1163,GRR,C,TAPWRIT,LEXINGTON STREET,STREET SENSE,BUCKLAND SALES (ZACH MADDEN) AGENT XXI,OUT,0,,01/15/2021,FLORIDA,20,,,
Kentucky October Yearlings (2022),2022-10-26,1164,GRR,C,ORB,LIBATION,TRAPPE SHOT,STONE FARM,PODARATH LUTCHMAN,7500,,03/21/2021,KENTUCKY,10,,,
Kentucky October Yearlings (2022),2022-10-26,1165,DKB,F,NYQUIST,LIBERTY GIRL,A. P. WARRIOR,NARDELLI SALES AGENT II,BARRY BERKELHAMMER AGENT,65000,,05/18/2021,KENTUCKY,5,,,
Kentucky October Yearlings (2022),2022-10-26,1166,CH,C,PRACTICAL JOKE,LIGHT BRINGER,NORTHERN AFLEET,EATON SALES AGENT,NOT SOLD,85000,,05/15/2021,KENTUCKY,7,,,
Kentucky October Yearlings (2022),2022-10-26,1167,GRR,F,FUNTASTIC,LIGHT CAT,INDYGO SHINER,HUNTER VALLEY FARM AGENT,ZAP/MURPHY FOR DOMENIC SAVIDES & JOE CIAGLIA,70000,,04/09/2021,KENTUCKY,9,,,
Kentucky October Yearlings (2022),2022-10-26,1168,DKB,C,CONSTITUTION,LIGHT OF A STAR,MUQTARIB,BLAKE-ALBINA THOROUGHBRED SERVICES LLC AGENT I,SCOTTY ROBIN,30000,,04/01/2021,KENTUCKY,11,,,https://vimeo.com/user19497400
Kentucky October Yearlings (2022),2022-10-26,1169,B,C,TWIRLING CANDY,LIGHTSCAMERAACTION,WILL TAKE CHARGE,SCOTT MALLORY AGENT III,OUT,0,,02/17/2021,KENTUCKY,21,,,
Kentucky October Yearlings (2022),2022-10-26,1170,DKB,C,PAYNTER,LIGHTS OUT (AUS),WAY OF LIGHT,MOONESTONE SALES AGENT II,NOT SOLD,10000,,04/26/2021,KENTUCKY,21,,,
Kentucky October Yearlings (2022),2022-10-26,1171,GRR,C,LEOFRIC,LIGHT THE CAUSEWAY,GIANT'S CAUSEWAY,VINERY SALES AGENT LXXXV,KENNETH MCPEEK AGENT FOR CURRAGH STABLES,30000,,02/03/2021,NEW YORK,22 &23,,,
Kentucky October Yearlings (2022),2022-10-26,1172,DKB,F,MITOLE,LILACS AND LILIES,BODEMEISTER,FOUR STAR SALES AGENT,ANDREA STABLES,22000,,02/03/2021,KENTUCKY,17,,,
Kentucky October Yearlings (2022),2022-10-26,1173,DKB,C,UNCLE MO,LILIES SO FAIR,GIANT'S CAUSEWAY,HILL 'N' DALE AT XALAPA AGENT,DAVID GEOFROY,135000,,02/06/2021,KENTUCKY,4,,,
Kentucky October Yearlings (2022),2022-10-26,1174,DKB,C,NOT THIS TIME,LILLY BELLE BLUE,LINE OF DAVID,BUCKLAND SALES (ZACH MADDEN) AGENT XIV,DARK STAR THOROUGHBREDS,25000,,04/25/2021,KENTUCKY,20,,,
Kentucky October Yearlings (2022),2022-10-26,1175,B,C,MAXIMUS MISCHIEF,LILLY MARIE,BERNARDINI,BALLYSAX BLOODSTOCK AGENT LV,NOT SOLD,43000,,01/25/2021,NEW YORK,22,,,
Kentucky October Yearlings (2022),2022-10-26,1176,B,F,OUTWORK,LILLY'S DREAM,WAR CHANT,FRANKFORT PARK FARM AGENT,THOMAS HAUGHEY FOR PTK LLC,150000,,02/25/2021,KENTUCKY,13,,,
Kentucky October Yearlings (2022),2022-10-26,1177,DKB,C,WORLD OF TROUBLE,LIL' SASHA,WHYWHYWHY,EQUUS FARM (JERRY CUMMINS/PAUL ADAMS) AGENT I,GREG JAMES,30000,,02/26/2021,KENTUCKY,14,,,
Kentucky October Yearlings (2022),2022-10-26,1178,DKB,F,GET STORMY,LIL VIE,THE FACTOR,DENALI STUD AGENT XV,FELD FAMILY FINDS,25000,Y,04/15/2021,KENTUCKY,1&2,,,
Kentucky October Yearlings (2022),2022-10-26,1179,DKB,F,ARROGATE,LILY THE PINK,RAHY,LANE'S END AGENT,OUT,0,,04/30/2021,KENTUCKY,1,,,
Kentucky October Yearlings (2022),2022-10-26,1180,CH,F,OSCAR PERFORMANCE,LIME BEACH,GIANT'S CAUSEWAY,BROOKDALE SALES AGENT,GAYLE VAN LEER AGENT,120000,,02/17/2021,CALIFORNIA,18,,,
Kentucky October Yearlings (2022),2022-10-26,1181,DKB,C,MITOLE,LIMIT,LONHRO (AUS),BROOKDALE SALES AGENT FOR MINEOLA FARM,DAS RACING,12000,,05/06/2021,KENTUCKY,18,,,
Kentucky October Yearlings (2022),2022-10-26,1182,B,C,WEST COAST,LINDY,WAR FRONT,LANE'S END AGENT,NOT SOLD,14000,,03/12/2021,KENTUCKY,1,,,
Kentucky October Yearlings (2022),2022-10-26,1183,CH,C,CATHOLIC BOY,LIONESSA,ANIMAL KINGDOM,BUCKLAND SALES (ZACH MADDEN) AGENT IV,LARRY MEJIAS,20000,,03/04/2021,OKLAHOMA,20,,,
Kentucky October Yearlings (2022),2022-10-26,1184,B,C,OMAHA BEACH,LISTEN A. P.,A.P. INDY,PARAMOUNT SALES AGENT VI,DIVERSIFIED PEDIGREE ACQUISITIONS,32000,,04/17/2021,KENTUCKY,20,,,
Kentucky October Yearlings (2022),2022-10-26,1185,B,C,LIAM'S MAP,LISTEN TO LIBBY,INDIAN CHARLIE,BRERETON C. JONES/AIRDRIE STUD INC. AGENT,INGORDO BLOODSTOCK AGENT,350000,,04/03/2021,KENTUCKY,3,,,
Kentucky October Yearlings (2022),2022-10-26,1186,CH,C,CATALINA CRUISER,LISTEN TO MY SONG,UNBRIDLED'S SONG,VINERY SALES AGENT LII,NOT SOLD,35000,,02/18/2021,KENTUCKY,22 &23,,,
Kentucky October Yearlings (2022),2022-10-26,1187,GRR,C,FROSTED,LISVERNANE,ARCH,HIDDEN BROOK AGENT VIII,RELENTLESS RACING INC,6000,,04/28/2021,NEW YORK,22,,,
Kentucky October Yearlings (2022),2022-10-26,1188,CH,C,SOLOMINI,LITERARY LADY,BIRDSTONE,STUART MORRIS AGENT XII,NOT SOLD,39000,,02/24/2021,NEW YORK,21,,,
Kentucky October Yearlings (2022),2022-10-26,1189,B,F,CONSTITUTION,LITTLE ALEXIS,MR. GREELEY,WOODFORD THOROUGHBREDS AGENT FOR WINSTAR FARM BRED & RAISED,NOT SOLD,175000,,02/07/2021,KENTUCKY,3,,,
Kentucky October Yearlings (2022),2022-10-26,1190,B,F,VIOLENCE,LITTLE MS PROTOCOL,EL CORREDOR,EATON SALES AGENT FOR COTEAU GROVE FARMS LLC,OUT,0,,03/26/2021,LOUISIANA,7,,,
Kentucky October Yearlings (2022),2022-10-26,1191,DKB,C,TWIRLING CANDY,LITTLE NELLIE,MIZZEN MAST,FOUR STAR SALES AGENT,GLENCREST FARM JOHN GREATHOUSE AGENT,100000,Y,01/30/2021,KENTUCKY,17,,,
Kentucky October Yearlings (2022),2022-10-26,1192,B,C,INTO MISCHIEF,LIVE FOR NOW,TIZNOW,TAYLOR MADE SALES AGENCY AGENT VIII,OUT,0,,02/24/2021,KENTUCKY,12 &16,,,
Kentucky October Yearlings (2022),2022-10-26,1193,DKB,F,ALWAYS DREAMING,LIVI MAKENZIE,MACHO UNO,MACHMER HALL SALES AGENT FOR ST. SIMON PLACE & SCOTT STEPHENS,NOT SOLD,70000,,04/17/2021,KENTUCKY,5&6,,,
Kentucky October Yearlings (2022),2022-10-26,1194,B,C,PAYNTER,LONGSHOT RUN,DISCREET CAT,WYNNSTAY SALES AGENT I,OUT,0,,04/23/2021,INDIANA,3,,,
Kentucky October Yearlings (2022),2022-10-27,1195,B,C,SPEIGHTSTOWN,LOOKING GREAT,INCLUDE,HILL 'N' DALE AT XALAPA AGENT,J K BLOODSTOCK,205000,,04/18/2021,VIRGINIA,4,,,
Kentucky October Yearlings (2022),2022-10-27,1196,B,F,SHARP AZTECA,LOOK INTO MY EYES,CITY ZIP,DENALI STUD AGENT II,CHUCK HOVITZ,75000,,01/18/2021,KENTUCKY,1&2,,,
Kentucky October Yearlings (2022),2022-10-27,1197,CH,F,LOOKIN AT LUCKY,LOOKOUT SISTER,GIANT'S CAUSEWAY,DENALI STUD AGENT VI,AMADOR SANCHEZ,20000,,04/14/2021,KENTUCKY,1&2,,,
Kentucky October Yearlings (2022),2022-10-27,1198,B,C,ENGLISH CHANNEL,LOST STARS (IRE),SEA THE STARS (IRE),GAINESWAY AGENT XIX,LEGION BLOODSTOCK AGENT FOR LEGION LADIES,140000,,03/28/2021,KENTUCKY,5&6,,,
Kentucky October Yearlings (2022),2022-10-27,1199,B,C,LOOKIN AT LUCKY,LOTTA OTT,TAPITURE,VINERY SALES AGENT II,ALBERTO GUBBINS,4000,,03/29/2021,KENTUCKY,22 &23,,,
Kentucky October Yearlings (2022),2022-10-27,1200,CH,C,TAMARKUZ,LOUVE ROYALE (IRE),PEINTRE CELEBRE,FOUNDATIONS FARM,LARRY DEMERITTE AGENT,11000,,04/28/2021,KENTUCKY,19,,,
Kentucky October Yearlings (2022),2022-10-27,1201,DKB,C,QUALITY ROAD,LOVE CHILD,FED BIZ,CLAIBORNE FARM AGENT,WILLIAM PIERCY,250000,,04/10/2021,KENTUCKY,8,,,
Kentucky October Yearlings (2022),2022-10-27,1202,DKB,C,FREE DROP BILLY,LOVELY MOON,BERNSTEIN,GAINESWAY AGENT II,JESUS AVILA,4000,,04/24/2021,KENTUCKY,5&6,,,
Kentucky October Yearlings (2022),2022-10-27,1203,DKB,C,NEOLITHIC,LOVELY VALENTINA,STREET BOSS,SOUTHERN COMFORT FARM LLC,NOT SOLD,2000,,04/04/2021,FLORIDA,20,,,
Kentucky October Yearlings (2022),2022-10-27,1204,B,F,GIRVIN,LOVEMELIKEYOUDO,HARLAN'S HOLIDAY,BRERETON C. JONES/AIRDRIE STUD INC. AGENT,ASHLAND PARK MNGT.,60000,,02/19/2021,FLORIDA,3,,,
Kentucky October Yearlings (2022),2022-10-27,1205,GRR,F,ENTICED,LOVE'S ILLUSION,TAPIT,VINERY SALES AGENT XXX,NOT SOLD,30000,,04/27/2021,CALIFORNIA,22 &23,,,
Kentucky October Yearlings (2022),2022-10-27,1206,CH,F,MITOLE,LOVE THAT,FORESTRY,LANE'S END AGENT,GREG FOLEY,60000,,04/01/2021,KENTUCKY,1,,,
Kentucky October Yearlings (2022),2022-10-27,1207,DKB,C,OMAHA BEACH,LOVE THEWAY YOUARE,ARCH,DENALI STUD AGENT III,RAUL GONZALEZ RAMIREZ,3000,,03/14/2021,KENTUCKY,1&2,,,
Kentucky October Yearlings (2022),2022-10-27,1208,DKB,C,PALACE MALICE,LOVE TO GAMBLE,BRAHMS,VINERY SALES AGENT XLV,J. ENGLEHART DARYL ABRAMOWITZ & GARY GREENBURG,17000,,01/30/2021,NEW YORK,22 &23,,,
Kentucky October Yearlings (2022),2022-10-27,1209,B,F,PALACE MALICE,LUCKY SWITCH,LOOKIN AT LUCKY,LISA & TIM TURNEY AGENT III,TOMMY SHORT,1000,,03/03/2021,KENTUCKY,17,,,
Kentucky October Yearlings (2022),2022-10-27,1210,B,F,ENGLISH CHANNEL,LURE OF THE SEA (IRE),SEA THE STARS (IRE),MULHOLLAND SPRINGS AGENT I,ORDONEZ/LARSON,17000,,01/25/2021,NEW YORK,14,,,
Kentucky October Yearlings (2022),2022-10-27,1211,B,C,KLIMT,LYNDA'S RAGE,SKY MESA,BRIDIE HARRISON AGENT,TRAVIS MURPHY,2000,,01/21/2021,KENTUCKY,13,,,
Kentucky October Yearlings (2022),2022-10-27,1212,DKB,F,UNIFIED,MADAGASCAT,TALE OF THE CAT,MACHMER HALL SALES AGENT FOR MACHMER HALL,IDA SPAGNOLA,1000,,03/28/2021,KENTUCKY,5&6,,,
Kentucky October Yearlings (2022),2022-10-27,1213,CH,F,MIDSHIPMAN,MADAKET MILLIE,GIANT'S CAUSEWAY,SCOTT MALLORY AGENT V,LUIS F BOUZA AGENT FOR GU STABLES,30000,,04/04/2021,KENTUCKY,21,,,
Kentucky October Yearlings (2022),2022-10-27,1214,CH,F,VINO ROSSO,MADAM AAMOURA,ZENSATIONAL,DENALI STUD AGENT I,OUT,0,,02/01/2021,FLORIDA,1&2,,,
Kentucky October Yearlings (2022),2022-10-27,1215,CH,F,TAPIT,MADAME STRIPES (ARG),EQUAL STRIPES (ARG),GAINESWAY AGENT XII,OUT,0,,02/24/2021,KENTUCKY,5&6,,,
Kentucky October Yearlings (2022),2022-10-27,1216,CH,F,KARAKONTIE (JPN),MADAME UNO,FIRST DUDE,GAINESWAY AGENT XII,OUT,0,,04/06/2021,KENTUCKY,5&6,,,
Kentucky October Yearlings (2022),2022-10-27,1217,CH,C,GET STORMY,MADEMOISELLE BELLE,COLONEL JOHN,TAYLOR MADE SALES AGENCY AGENT LXVII,OUT,0,,05/14/2021,KENTUCKY,12 &16,,,
Kentucky October Yearlings (2022),2022-10-27,1218,B,F,TAPITURE,MAGGIE R,OFFICER,VINERY SALES AGENT XLIII,OUT,0,,03/17/2021,KENTUCKY,22 &23,,,
Kentucky October Yearlings (2022),2022-10-27,1219,B,C,ALWAYS DREAMING,MAGIC APPOINTMENT,GRAND APPOINTMENT,VINERY SALES AGENT XXXVII,OBDULIA VEGA,3000,,03/18/2021,KENTUCKY,22 &23,,,
Kentucky October Yearlings (2022),2022-10-27,1220,DKB,C,OMAHA BEACH,MAGIC MISCHIEF,INTO MISCHIEF,STUART MORRIS AGENT XIV,NOT SOLD,95000,,01/28/2021,NEW YORK,21,,,
Kentucky October Yearlings (2022),2022-10-27,1221,DKB,C,COAL FRONT,MAGIC SHOW,NOTEBOOK,JOHNSON CROSS AGENT II,CHERYL L DOYLE,15000,,04/24/2021,KENTUCKY,23,,,
Kentucky October Yearlings (2022),2022-10-27,1222,DKB,C,GET STORMY,MAGNA MOONGLOW,MAGNA GRADUATE,POPE MCLEAN (CRESTWOOD FARM) AGENT V,LAS PALMAS RACING/ ARMANDO MARIN,6000,,05/09/2021,KENTUCKY,23,,,
Kentucky October Yearlings (2022),2022-10-27,1223,B,F,MUNNINGS,MAGNETTES,MINESHAFT,BUCKLAND SALES (ZACH MADDEN) AGENT VIII,BARRY BERKELHAMMER AGENT,97000,,04/28/2021,KENTUCKY,20,,,
Kentucky October Yearlings (2022),2022-10-27,1224,DKB,C,OUTWORK,MAHNA,CANDY RIDE (ARG),SOUTHERN COMFORT FARM LLC,GRASSROOTS TRN & SALES LLC,23000,,04/14/2021,KENTUCKY,20,,,
Kentucky October Yearlings (2022),2022-10-27,1225,B,C,SHARP AZTECA,MAISIE,STAY THIRSTY,STUART MORRIS AGENT IX,GATSAS STABLE,60000,,01/25/2021,KENTUCKY,21,,,
Kentucky October Yearlings (2022),2022-10-27,1226,GRR,C,IRONICUS,MAJESTIC GIRL,MAJESTICPERFECTION,JULIAN SMALLBATCH SELECT AGENT,THOMAS GALVIN AND JOHN K CAULFIELD,1000,,04/01/2021,OHIO,19,,,
Kentucky October Yearlings (2022),2022-10-27,1227,B,C,FLATTER,MAJESTIC MOVE,MAJESTICPERFECTION,INDIAN CREEK AGENT,BLACK OUT RACING & PATRICIA'S HOPE LLC,200000,,04/26/2021,KENTUCKY,2,,,
Kentucky October Yearlings (2022),2022-10-27,1228,B,F,TAMARKUZ,MALHAMA,TIZNOW,LEGACY BLOODSTOCK AGENT XI,NOT SOLD,9000,,03/03/2021,KENTUCKY,22,,,
Kentucky October Yearlings (2022),2022-10-27,1229,B,F,VIOLENCE,MALIBU BLISS,MALIBU MOON,BROOKDALE SALES AGENT,NOT SOLD,95000,,03/11/2021,KENTUCKY,18,,,
Kentucky October Yearlings (2022),2022-10-27,1230,DKB,C,NYQUIST,MALIBU PRINCESS,MALIBU MOON,ST GEORGE SALES AGENT XVI,BARRY BERKELHAMMER AGENT,50000,,03/14/2021,KENTUCKY,10,,,
Kentucky October Yearlings (2022),2022-10-27,1231,B,F,VINO ROSSO,MALIBU ROYALTY,MALIBU MOON,GAINESWAY AGENT XXX,NOT SOLD,35000,,03/29/2021,KENTUCKY,5&6,,,
Kentucky October Yearlings (2022),2022-10-27,1232,B,C,GOLDENCENTS,MALIGNED,EL CORREDOR,EQUUS FARM (JERRY CUMMINS/PAUL ADAMS) AGENT I,MIKE ABRAHAM,15000,,02/21/2021,KENTUCKY,14,,,
Kentucky October Yearlings (2022),2022-10-27,1233,CH,C,JIMMY CREED,MAMA MARY,BODEMEISTER,HIDDEN BROOK AGENT III,OUT,0,,02/05/2021,KENTUCKY,22,,,
Kentucky October Yearlings (2022),2022-10-27,1234,B,C,YOSHIDA (JPN),MAMA NADINE,A.P. INDY,TAYLOR MADE SALES AGENCY AGENT FOR WINSTAR FARM BRED & RAISED,NINA GUEORGUIEVA AGENT,17000,,03/19/2021,KENTUCKY,12 &16,,,
Kentucky October Yearlings (2022),2022-10-27,1235,GRR,F,FROSTED,MANDOLIN LULLABY,MIDNIGHT LUTE,HIDDEN BROOK AGENT II,NOT SOLD,57000,,02/12/2021,KENTUCKY,22,,,
Kentucky October Yearlings (2022),2022-10-27,1236,DKB,C,YOSHIDA (JPN),MANE PRINCESS,MINESHAFT,RICKY HIGGS AGENT FOR HEATH AARON CAMPBELL,NOT SOLD,28000,,04/16/2021,KENTUCKY,15,,,
Kentucky October Yearlings (2022),2022-10-27,1237,CH,F,COLLECTED,MAREN'S MELODY,UNBRIDLED'S SONG,BLANDFORD STUD (PADRAIG CAMPION) AGENT,S.R.O.A. (K.O.I.D.),22000,,05/24/2021,KENTUCKY,14,,,
Kentucky October Yearlings (2022),2022-10-27,1238,DKB,C,CLOUD COMPUTING,MARGARITA ISLAND,PIONEEROF THE NILE,VINERY SALES AGENT XXXVIII,NOT SOLD,6500,,02/17/2021,KENTUCKY,22 &23,,,
Kentucky October Yearlings (2022),2022-10-27,1239,B,F,LORD NELSON,MARGIE IS LIVID,TEMPLE CITY,VINERY SALES AGENT XIX,JOSEPH IOIA,25000,,02/27/2021,NEW JERSEY,22 &23,,,
Kentucky October Yearlings (2022),2022-10-27,1240,B,C,MALIBU MOON,MARIETTA,MACHIAVELLIAN,TERRAZAS THOROUGHBREDS AGENT II,J K BLOODSTOCK,65000,,04/20/2021,KENTUCKY,15,,,
Kentucky October Yearlings (2022),2022-10-27,1241,GRR,F,THE FACTOR,MARIGLIANELLA,STEPHANOTIS,BALLYSAX BLOODSTOCK AGENT FOR THE ESTATE OF GLEN TODD,LADY MATILDA,11000,,04/12/2021,KENTUCKY,22,,,
Kentucky October Yearlings (2022),2022-10-27,1242,CH,C,KEEN ICE,MARKETWAY,AFTER MARKET,BALLYSAX BLOODSTOCK AGENT FOR THE ESTATE OF GLEN TODD,DEBORAH HOLMES,30000,,03/23/2021,KENTUCKY,22,,,
Kentucky October Yearlings (2022),2022-10-27,1243,CH,C,FREUD,MATERIUM,STREET CRY (IRE),BURLESON FARMS AGENT,OUT,0,,05/07/2021,NEW YORK,23,,,
Kentucky October Yearlings (2022),2022-10-27,1244,B,C,RUNHAPPY,MAXINKUCKEE MISS,LANGFUHR,CLAIBORNE FARM AGENT,OUT,0,,03/29/2021,KENTUCKY,8,,,
Kentucky October Yearlings (2022),2022-10-27,1245,B,F,PRACTICAL JOKE,MCHUGH,COLONEL JOHN,MULHOLLAND SPRINGS AGENT I,TEDDY BEAR STABLES,72000,,04/20/2021,NEW YORK,14,,,
Kentucky October Yearlings (2022),2022-10-27,1246,DKB,F,ACCELERATE,MEAN IRENE,SCAT DADDY,DARBY DAN FARM AGENT XI,JORGE GONZALES,2000,,04/14/2021,KENTUCKY,18,,,
Kentucky October Yearlings (2022),2022-10-27,1247,DKB,C,VRONSKY,MEAN MAGGIE MAY,MALIBU MOON,SOUTHERN COMFORT FARM LLC,KIM SMITH AGENT,1000,,02/22/2021,CALIFORNIA,20,,,
Kentucky October Yearlings (2022),2022-10-27,1248,B,F,MENDELSSOHN,MEDIA TONE,PIONEEROF THE NILE,PARAMOUNT SALES AGENT XXX,KLC RACING,12000,,04/06/2021,KENTUCKY,20,,,
Kentucky October Yearlings (2022),2022-10-27,1249,CH,C,YOSHIDA (JPN),MEETMEONTIME,GENERAL MEETING,PARAMOUNT SALES AGENT XVIII,ROBERT COTRAN,31000,,06/01/2021,KENTUCKY,20,,,
Kentucky October Yearlings (2022),2022-10-27,1250,B,C,OMAHA BEACH,MEKONG DELTA,STORMY ATLANTIC,HILL 'N' DALE AT XALAPA AGENT,SIMMONS & ASSOC.,35000,,04/12/2021,ONTARIO,4,,,
Kentucky October Yearlings (2022),2022-10-27,1251,B,F,SKY MESA,MELLONBROOK,DISCREET CAT,FOUR STAR SALES AGENT,BARRY BERKELHAMMER AGENT,13000,,04/12/2021,KENTUCKY,17,,,
Kentucky October Yearlings (2022),2022-10-27,1252,B,F,MUNNINGS,MELODRAMA,ORB,BRIDIE HARRISON AGENT,NOT SOLD,72000,,03/09/2021,NEW JERSEY,13,,,
Kentucky October Yearlings (2022),2022-10-27,1253,DKB,C,CANDY RIDE (ARG),MELODY,STREET SENSE,BRIDIE HARRISON AGENT FOR PETER E. BLUM THOROUGHBREDS LLC,OUT,0,,02/17/2021,KENTUCKY,13,,,
Kentucky October Yearlings (2022),2022-10-27,1254,CH,C,NOT THIS TIME,MELODY LIN,CURLIN,GARRENCASEY SALES LLC AGENT II,MIKE RYAN AGENT,120000,,03/03/2021,KENTUCKY,15,,,
Kentucky October Yearlings (2022),2022-10-27,1255,GRR,F,AIR FORCE BLUE,MERCURIAL,MIZZEN MAST,BEAU LANE BLOODSTOCK AGENT I,MAGNOLIA II,92000,,04/20/2021,KENTUCKY,15,,,
Kentucky October Yearlings (2022),2022-10-27,1256,B,C,FIRST SAMURAI,MERITATEN,WAR FRONT,CLAIBORNE FARM AGENT,DANTE ZANELLI JR AGENT,4000,,03/20/2021,KENTUCKY,8,,,
Kentucky October Yearlings (2022),2022-10-27,1257,B,C,UNCLE MO,META MU,STREET SENSE,HILL 'N' DALE AT XALAPA AGENT,III BEAUTYS THOROUGHBRED LLC,142000,,05/29/2021,KENTUCKY,4,,,
Kentucky October Yearlings (2022),2022-10-27,1258,DKB,C,OMAHA BEACH,MIA TORRI,GENERAL QUARTERS,PARAMOUNT SALES AGENT XXXIX,NOT SOLD,32000,,04/28/2021,KENTUCKY,20,,,
Kentucky October Yearlings (2022),2022-10-27,1259,DKB,F,TAKE CHARGE INDY,MICHELE THE GREAT,DISTORTED HUMOR,BLANDFORD STUD (PADRAIG CAMPION) AGENT,RICHARD SCHULHOFF,15000,,04/25/2021,NEW YORK,14,,,
Kentucky October Yearlings (2022),2022-10-27,1260,DKB,F,ARROGATE,MICHELLE D'ORO,BERNARDINI,BLUEWATER SALES LLC AGENT VI,BOBBY POWELL AGENT,135000,,04/10/2021,KENTUCKY,8,,,
Kentucky October Yearlings (2022),2022-10-27,1261,DKB,C,MO TOWN,MIDNIGHT HOOK,MIDNIGHT LUTE,VINERY SALES AGENT LVII,NOT SOLD,7000,,03/10/2021,INDIANA,22 &23,,,
Kentucky October Yearlings (2022),2022-10-27,1262,B,F,SHARP AZTECA,MIDWIFE,FAMILY CALLING,VINERY SALES AGENT LXXXIV,JEH,80000,,05/15/2021,KENTUCKY,22 &23,,,
Kentucky October Yearlings (2022),2022-10-27,1263,B,C,CITY OF LIGHT,MILANIA,BERNARDINI,HILL 'N' DALE AT XALAPA AGENT,D. WAYNE LUKAS AGENT FOR LES WAGNER,335000,,05/05/2021,KENTUCKY,4,,,
Kentucky October Yearlings (2022),2022-10-27,1264,B,C,KLIMT,MILDRED,HARD SPUN,TAYLOR MADE SALES AGENCY AGENT LIII,S.R.O.A. (K.O.I.D.),22000,,02/09/2021,KENTUCKY,12 &16,,,
Kentucky October Yearlings (2022),2022-10-27,1265,B,F,GHOSTZAPPER,MILLENNIA,MILWAUKEE BREW,SUMMERFIELD (FRANCIS & BARBARA VANLANGENDONCK) AGENT,TWO AMIGAS,18000,,04/30/2021,KENTUCKY,3,,,
Kentucky October Yearlings (2022),2022-10-27,1266,CH,C,HARD SPUN,MINE ALL MINE,BELONG TO ME,EATON SALES AGENT,OUT,0,,05/10/2021,KENTUCKY,7,,,
Kentucky October Yearlings (2022),2022-10-27,1267,B,F,AUDIBLE,MINE AS WELL,MINESHAFT,FOUR STAR SALES AGENT,OUT,0,,02/24/2021,NEW YORK,17,,,
Kentucky October Yearlings (2022),2022-10-27,1268,CH,C,COMPETITIVE EDGE,MINED OVER MATTER,MINESHAFT,BRIDIE HARRISON AGENT,ROB & BRITTNEY ATRAS,15000,,03/09/2021,KENTUCKY,13,,,
Kentucky October Yearlings (2022),2022-10-27,1269,B,C,INCLUDE,MINI CHANNEL,ENGLISH CHANNEL,TAYLOR MADE SALES AGENCY AGENT LXVII,ANTONIO VILLAGRAN,13000,,05/05/2021,KENTUCKY,12 &16,,,
Kentucky October Yearlings (2022),2022-10-27,1270,B,F,VINO ROSSO,MINNIE MACY,A.P. INDY,LANE'S END AGENT,HARRY ROSENBLUM,100000,,02/19/2021,KENTUCKY,1,,,
Kentucky October Yearlings (2022),2022-10-27,1271,GRR,F,CUPID,MINOLA,STREET CRY (IRE),DOUBLE R CONSIGNMENT AGENT II,DANTE ZANELLI AGENT FOR DONA LICHA STABLES,15000,,03/09/2021,KENTUCKY,19,,,
Kentucky October Yearlings (2022),2022-10-27,1272,DKB,C,WORLD OF TROUBLE,MINSTREL SHOW,TALE OF THE CAT,HUNTER VALLEY FARM AGENT,GREG FOLEY,50000,,05/25/2021,KENTUCKY,9,,,
Kentucky October Yearlings (2022),2022-10-27,1273,DKB,G,MAXIMUS MISCHIEF,MINUTIA,CONCORD POINT,VINERY SALES AGENT LXV,NOT SOLD,4500,,03/24/2021,NEBRASKA,22 &23,,,
Kentucky October Yearlings (2022),2022-10-27,1274,B,F,COLLECTED,MIRACULOUSLY,HAT TRICK (JPN),VALKYRE STUD AGENT,DEAN KELLER,6500,,02/07/2021,KENTUCKY,13,,,
Kentucky October Yearlings (2022),2022-10-27,1275,CH,C,STREET BOSS,MISS ATLANTIC CITY,STORMY ATLANTIC,WOODFORD THOROUGHBREDS AGENT IV,OUT,0,,05/14/2021,KENTUCKY,3,,,
Kentucky October Yearlings (2022),2022-10-27,1276,B,C,KARAKONTIE (JPN),MISS CHALLENGE,MORE THAN READY,DENALI STUD AGENT XIII,SPAN INVESTMENT INC,6000,,02/06/2021,KENTUCKY,1&2,,,
Kentucky October Yearlings (2022),2022-10-27,1277,DKB,C,MEDAGLIA D'ORO,MISS ELLA,EXCHANGE RATE,BROOKDALE SALES AGENT FOR JACK SWAIN,JAY MCKEE,90000,,05/11/2021,KENTUCKY,18,,,
Kentucky October Yearlings (2022),2022-10-27,1278,B,F,THE FACTOR,MISS FELICITY,GRAYDAR,BRANDYWINE FARM (JIM & PAM ROBINSON),LUIS QUEVEDO,7000,,04/13/2021,KENTUCKY,15,,,
Kentucky October Yearlings (2022),2022-10-27,1279,GRR,F,FROSTED,MISS FROST,CURLIN,GAINESWAY AGENT XII,OAK CREST FARM/JACK HODGE,75000,,03/06/2021,KENTUCKY,5&6,,,
Kentucky October Yearlings (2022),2022-10-27,1280,DKB,F,TAPWRIT,MISS GRACER,UNCLE MO,GAINESWAY AGENT XIII,MCMAHON & HILL BLDSTK AGENT,67000,,03/17/2021,KENTUCKY,5&6,,,
Kentucky October Yearlings (2022),2022-10-27,1281,CH,F,PRESERVATIONIST,MISS GUIDED,SPEIGHTSTOWN,ST GEORGE SALES AGENT XXIV,GREG FOLEY AGENT,15000,,05/07/2021,KENTUCKY,10,,,
Kentucky October Yearlings (2022),2022-10-27,1282,B,F,TOURIST,MISS JUNE,MORE THAN READY,BLANDFORD STUD (PADRAIG CAMPION) AGENT,KING OF KINGS,5500,,05/10/2021,KENTUCKY,14,,,
Kentucky October Yearlings (2022),2022-10-27,1283,GRR,C,TALE OF EKATI,MISS MEDAGLIA,MEDAGLIA D'ORO,HUNTER VALLEY FARM AGENT,RANCHO LA SOLEDAD DE ALVAREZ,4000,,02/08/2021,KENTUCKY,9,,,
Kentucky October Yearlings (2022),2022-10-27,1284,B,C,PEACE AND JUSTICE,MISS METEOR,TRAPPE SHOT,NICKY DRION THOROUGHBREDS AGENT VII,OUT,0,,04/25/2021,PENNSYLVANIA,20,,,
Kentucky October Yearlings (2022),2022-10-27,1285,CH,C,FLAMEAWAY,MISS MOCKINGBIRD,BIRDSTONE,DARBY DAN FARM AGENT I,CRYSTAL ECLIPSE STABLE,13000,,04/07/2021,KENTUCKY,18,,,
Kentucky October Yearlings (2022),2022-10-27,1286,CH,C,FLAMEAWAY,MISS SMART MONEY,SMART STRIKE,VINERY SALES AGENT LIX,NOT SOLD,17000,,05/11/2021,KENTUCKY,22 &23,,,
Kentucky October Yearlings (2022),2022-10-27,1287,DKB,F,WORLD OF TROUBLE,MISS SPINKS,ROCK HARD TEN,FOUNDATIONS FARM,ANDRY BLANCO,9000,,05/01/2021,VIRGINIA,19,,,
Kentucky October Yearlings (2022),2022-10-27,1288,DKB,C,COPPER BULLET,MISS ZIPPY,CITY ZIP,PARAMOUNT SALES AGENT XXXIV,OMAR RAMIREZ,9000,,02/08/2021,KENTUCKY,20,,,
Kentucky October Yearlings (2022),2022-10-27,1289,B,C,TOURIST,MIZ LIZ,STORMY ATLANTIC,LEGACY BLOODSTOCK AGENT XI,TRAVIS SHORT,2000,,03/01/2021,KENTUCKY,22,,,
Kentucky October Yearlings (2022),2022-10-27,1290,B,C,HIT IT A BOMB,MIZZ SO SO,MIZZEN MAST,SCOTT MALLORY AGENT XX,LUIS QUEVEDO,5000,,04/12/2021,KENTUCKY,21,,,
Kentucky October Yearlings (2022),2022-10-27,1291,B,C,STREET SENSE,MODACIOUS,UNCLE MO,WOODS EDGE FARM AGENT,BARRY BERKELHAMMER AGENT,195000,,05/17/2021,KENTUCKY,3,,,
Kentucky October Yearlings (2022),2022-10-27,1292,CH,C,VINO ROSSO,MOLLY O'SHEA,CAPE BLANCO (IRE),WARRENDALE SALES AGENT XVI,JVC TRAINING & SALES,37000,,03/01/2021,KENTUCKY,21,,,
Kentucky October Yearlings (2022),2022-10-27,1293,B,C,BEE JERSEY,MOMENT IN DIXIE,DIXIELAND BAND,DARBY DAN FARM AGENT II,TRAVIS MURPHY,3000,,05/06/2021,KENTUCKY,18,,,
Kentucky October Yearlings (2022),2022-10-27,1294,B,F,PRESERVATIONIST,MOMS MABLEY,NOTIONAL,FOUR STAR SALES AGENT,THOROSTOCK LLC AGENT FOR M IMPERIO,14000,,04/22/2021,KENTUCKY,17,,,
Kentucky October Yearlings (2022),2022-10-27,1295,B,F,MINESHAFT,MOMS PRIDE (FR),INTO MISCHIEF,MAINE CHANCE FARM (UNIVERSITY OF KENTUCKY),E. MCCARROLL HOLDINGS,9000,,04/04/2021,KENTUCKY,19,,,
Kentucky October Yearlings (2022),2022-10-27,1296,B,F,OUTWORK,MONEYBRU,TALK IS MONEY,STUART MORRIS AGENT FOR HIGHCLERE,LET IT RIDE EQUINE HOLDINGS,87000,,03/04/2021,KENTUCKY,21,,,
Kentucky October Yearlings (2022),2022-10-27,1297,GRR,C,THE FACTOR,MONHEGAN,ENGLISH CHANNEL,MULHOLLAND SPRINGS AGENT I,RANCHO LA SOLEDAD DE ALVAREZ,3500,,03/30/2021,NEW YORK,14,,,
Kentucky October Yearlings (2022),2022-10-27,1298,B,F,RAISON D'ETAT,MONTMARTRE MORNING,TIZNOW,CALUMET FARM,AKS THOROUGHBREDS,2000,,01/12/2021,KENTUCKY,21,,,
Kentucky October Yearlings (2022),2022-10-27,1299,DKB,C,WORLD OF TROUBLE,MOOLAH SCHMOOLAH,UNION RAGS,HIDDEN BROOK AGENT XI,GRASSROOTS TRN & SALES LLC,37000,,03/16/2021,NEW YORK,22,,,
Kentucky October Yearlings (2022),2022-10-27,1300,B,C,ENTICED,MOON AND SUN,MALIBU MOON,MACHMER HALL SALES AGENT VI,MIACOMET BLOODSTOCK,25000,,05/03/2021,FLORIDA,5&6,,,
Kentucky October Yearlings (2022),2022-10-27,1301,B,F,HARD SPUN,MOONLIT BAY,MALIBU MOON,TRACKSIDE FARM (TOM EVANS) AGENT III,WEST BLDSTK AGENT FOR TOWN & COUNTRY RACING,80000,,02/05/2021,KENTUCKY,21,,,
Kentucky October Yearlings (2022),2022-10-27,1302,B,F,MASTERY,MOON OVER PARIS,BLAME,BETZ THOROUGHBREDS INC. AGENT,OUT,0,,04/05/2021,KENTUCKY,8,,,
Kentucky October Yearlings (2022),2022-10-27,1303,DKB,F,TAKE CHARGE INDY,MOON PRINCESS,SONGANDAPRAYER,DENALI STUD AGENT XX,TRIPLE E,15000,,02/14/2021,KENTUCKY,1&2,,,
Kentucky October Yearlings (2022),2022-10-27,1304,DKB,C,ENTICED,MOON'S PROSPECT,MALIBU MOON,PARAMOUNT SALES AGENT III,DENNIS ACKERMAN,9000,,03/03/2021,PENNSYLVANIA,20,,,
Kentucky October Yearlings (2022),2022-10-27,1305,GRR,F,PAYNTER,MORE THAN CHARMING,VERRAZANO,VINERY SALES AGENT XXIX,NOT SOLD,9000,,04/28/2021,KENTUCKY,22 &23,,,
Kentucky October Yearlings (2022),2022-10-27,1306,DKB,F,NOT THIS TIME,MORE THAN MAGIC,MORE THAN READY,TAYLOR MADE SALES AGENCY AGENT XIV,HIDDEN BROOK AGENT,155000,,05/17/2021,KENTUCKY,12 &16,,,
Kentucky October Yearlings (2022),2022-10-27,1307,B,F,ASTERN (AUS),MORILLES (GB),MONTJEU (IRE),KEITH LANCASTER AGENT,SEAGLASS STABLES,50000,,03/25/2021,ONTARIO,13,,,
Kentucky October Yearlings (2022),2022-10-27,1308,CH,F,KLIMT,MORNING BELLE,MORNING LINE,DENALI STUD AGENT IX,CIRILO GOROSTIETA,5000,,02/22/2021,KENTUCKY,1&2,,,
Kentucky October Yearlings (2022),2022-10-27,1309,GRR,F,THE FACTOR,MORNING RUSH,UNBRIDLED'S SONG,TAYLOR MADE SALES AGENCY AGENT LV,NOT SOLD,30000,,04/20/2021,FLORIDA,12 &16,,,
Kentucky October Yearlings (2022),2022-10-27,1310,DKB,F,DANISH DYNAFORMER,MORNING STRIKE,SMART STRIKE,FOUR STAR SALES AGENT,SPAN INVESTMENT,2000,,03/19/2021,KENTUCKY,17,,,
Kentucky October Yearlings (2022),2022-10-27,1311,B,F,DANISH DYNAFORMER,MORNING TALE,TALE OF EKATI,HUNTER VALLEY FARM AGENT,CANUCK RACING CLUB,30000,,04/06/2021,ONTARIO,9,,,
Kentucky October Yearlings (2022),2022-10-27,1312,B,C,TAPITURE,MOR TRUST,TRUST N LUCK,VINERY SALES AGENT LXXVI,PAUL KREY,7000,,04/23/2021,INDIANA,22 &23,,,
Kentucky October Yearlings (2022),2022-10-27,1313,B,F,CANDY RIDE (ARG),MOULIN DE MOUGIN,CURLIN,LANE'S END AGENT,OUT,0,,04/26/2021,KENTUCKY,1,,,
Kentucky October Yearlings (2022),2022-10-27,1314,B,C,FLATTER,MOURETTE,SMART STRIKE,GROVENDALE SALES AGENT VIII,OUT,0,,01/30/2021,KENTUCKY,2,,,
Kentucky October Yearlings (2022),2022-10-27,1315,B,F,SPEIGHTSTER,MOVIE STAR MAGIC,THE CLIFF'S EDGE,ST GEORGE SALES AGENT XXIV,OUT,0,,02/19/2021,KENTUCKY,10,,,
Kentucky October Yearlings (2022),2022-10-27,1316,GRR,C,NOT THIS TIME,MRS. BUCKET,CROSS TRAFFIC,TAYLOR MADE SALES AGENCY AGENT FOR THE DISPERSAL OF EMERALD EDGE STUD,ROYAL FLUSH RACING,75000,,01/25/2021,KENTUCKY,12 &16,,,
Kentucky October Yearlings (2022),2022-10-27,1317,CH,C,PALACE,MRS CINDY'S WALKIN,CACTUS RIDGE,VINERY SALES AGENT LXXVI,KINGS EQUINE,15000,,03/01/2021,INDIANA,22 &23,,,
Kentucky October Yearlings (2022),2022-10-27,1318,DKB,F,MALIBU MOON,MRS. DEBBIE M,WAR CHANT,NICKY DRION THOROUGHBREDS AGENT VI,OUT,0,,02/09/2021,OHIO,20,,,
Kentucky October Yearlings (2022),2022-10-27,1319,CH,F,CARPE DIEM,MS MAGIC,MAGICIAN (IRE),VINERY SALES AGENT XII,ANDRY BLANCO,7000,,04/10/2021,KENTUCKY,22 &23,,,
Kentucky October Yearlings (2022),2022-10-27,1320,B,C,YOSHIDA (JPN),MS. ROCKET,EL PRADO (IRE),VINERY SALES AGENT LII,OUT,0,,04/04/2021,KENTUCKY,22 &23,,,
Kentucky October Yearlings (2022),2022-10-27,1321,CH,F,PRACTICAL JOKE,MS TRISH S.,SMOKE WARNING,HUNTER VALLEY FARM AGENT,MARK KORNEGAY,25000,,05/08/2021,KENTUCKY,9,,,
Kentucky October Yearlings (2022),2022-10-27,1322,CH,F,GET STORMY,MUFFIN TOP,BRAHMS,POPE MCLEAN (CRESTWOOD FARM) AGENT IV,TOMMY SHORT,1000,,03/17/2021,KENTUCKY,23,,,
Kentucky October Yearlings (2022),2022-10-27,1323,GRR,C,LEOFRIC,MUFFY,TOMORROWS CAT,VINERY SALES AGENT XXXV,OUT,0,,02/06/2021,NEW YORK,22 &23,,,
Kentucky October Yearlings (2022),2022-10-27,1324,DKB,C,BERNARDINI,MUSICAL LUTE,MIDNIGHT LUTE,FOUR STAR SALES AGENT,K G STABLE,19000,,05/13/2021,KENTUCKY,17,,,
Kentucky October Yearlings (2022),2022-10-27,1325,DKB,C,ENTICED,MUSIC MAGIC,BERNSTEIN,GREENFIELD FARMS AGENT FOR SIERRA FARM,SHERBOURNE LODGE,11000,,05/06/2021,KENTUCKY,13,,,
Kentucky October Yearlings (2022),2022-10-27,1326,DKB,F,BERNARDINI,MUST BE FATE,EUROSILVER,STUART MORRIS AGENT XI,ALL ABOUT THE BREEZE INC,12000,,02/14/2021,FLORIDA,21,,,
Kentucky October Yearlings (2022),2022-10-27,1327,B,C,COMPETITIVE EDGE,MY ANGUILLA,CHEROKEE RUN,ST GEORGE SALES AGENT XIII,OUT,0,,04/09/2021,KENTUCKY,10,,,
Kentucky October Yearlings (2022),2022-10-27,1328,GRR,F,RACE DAY,MY BETHANY,BERNSTEIN,COLUMBIANA FARM LLC AGENT I,OUT,0,,04/24/2021,KENTUCKY,20,,,
Kentucky October Yearlings (2022),2022-10-27,1329,CH,C,PALACE MALICE,MY COUSIN MARTHA,STAY THIRSTY,SCOTT MALLORY AGENT XV,ELISKA KUBINOVA,1500,,04/26/2021,KENTUCKY,21,,,
Kentucky October Yearlings (2022),2022-10-27,1330,CH,C,PRESERVATIONIST,MY CURLINA,BELONG TO ME,TRACKSIDE FARM (TOM EVANS) AGENT,BBA IRELAND,10000,,03/28/2021,KENTUCKY,21,,,
Kentucky October Yearlings (2022),2022-10-27,1331,CH,F,KANTHAROS,MY FAST FRIEND,FRIENDS LAKE,BALLYSAX BLOODSTOCK AGENT FOR FOREVER SPRINGS FARM LLC,OUT,0,,04/14/2021,OHIO,22,,,
Kentucky October Yearlings (2022),2022-10-27,1332,B,C,JUSTIFY,MY FAST ONE,ELUSIVE QUALITY,EATON SALES AGENT,NIRVANA FARM,175000,,04/17/2021,KENTUCKY,7,,,
Kentucky October Yearlings (2022),2022-10-27,1333,B,C,KLIMT,MY FOOLISH HEART,SKY MESA,LANE'S END AGENT,MICHAEL SCHMIDT,12000,,03/18/2021,KENTUCKY,1,,,
Kentucky October Yearlings (2022),2022-10-27,1334,DKB,C,PRESERVATIONIST,MY LIL SHAMROCK,CITY ZIP,GAINESWAY AGENT XXII,OUT,0,,05/14/2021,KENTUCKY,5&6,,,
Kentucky October Yearlings (2022),2022-10-27,1335,DKB,F,SHARP AZTECA,MYLUVFORUGROWSDALY,MEDAGLIA D'ORO,BEAU LANE BLOODSTOCK AGENT II,ADRIAN CALZADILLA,24000,,02/23/2021,KENTUCKY,15,,,
Kentucky October Yearlings (2022),2022-10-27,1336,B,C,INTO MISCHIEF,MY MISS AURELIA,SMART STRIKE,GAINESWAY AGENT FOR STONESTREET BRED & RAISED,OUT,0,,02/23/2021,KENTUCKY,5&6,,,
Kentucky October Yearlings (2022),2022-10-27,1337,CH,C,OMAHA BEACH,MY PEG,FUSAICHI PEGASUS,BURLESON FARMS AGENT,DONATO LANNI AGT. FOR SF/STARLIGHT/MADAKET,300000,,05/12/2021,NEW YORK,23,,,
Kentucky October Yearlings (2022),2022-10-27,1338,B,C,CONSTITUTION,MYRIAD,GHOSTZAPPER,MILL RIDGE SALES AGENT,SHEPHERD EQUINE ADVISERS AGENT FOR LARRY HIRSCH,215000,,05/02/2021,KENTUCKY,11,,,
Kentucky October Yearlings (2022),2022-10-27,1339,DKB,F,NYQUIST,MYSTIC CITY,CITY ZIP,WOODS EDGE FARM AGENT,III BEAUTYS THOROUGHBRED LLC,32000,,04/16/2021,KENTUCKY,3,,,
Kentucky October Yearlings (2022),2022-10-27,1340,CH,F,PALACE MALICE,MYSTIC RHYME,LEMON DROP KID,NICKY DRION THOROUGHBREDS AGENT VIII,JASON SCIORTINO AGENT FOR BRIAN WESLEY,40000,,04/26/2021,KENTUCKY,20,,,
Kentucky October Yearlings (2022),2022-10-27,1341,DKB,F,CLOUD COMPUTING,MY SUGAR CAT,KITTEN'S JOY,SCOTT MALLORY AGENT VII,DENNIS ACKERMAN,12000,,04/27/2021,KENTUCKY,21,,,
Kentucky October Yearlings (2022),2022-10-27,1342,DKB,F,WEST COAST,NAPIER,MIDNIGHT LUTE,MILL RIDGE SALES AGENT,OUT,0,,02/28/2021,NEW YORK,11,,,
Kentucky October Yearlings (2022),2022-10-27,1343,B,F,KANTHAROS,NAPLES DREAM,UNCLE MO,ST GEORGE SALES AGENT I,DENNIS O'NEILL,60000,,04/29/2021,KENTUCKY,10,,,
Kentucky October Yearlings (2022),2022-10-27,1344,B,F,GOLDENCENTS,NARRATE,MEDAGLIA D'ORO,TAYLOR MADE SALES AGENCY AGENT XXV,HIDDEN BROOK AGT.,42000,,04/20/2021,ONTARIO,12 &16,,,
Kentucky October Yearlings (2022),2022-10-27,1345,GRR,F,LIAM'S MAP,NATIVE ONE,INDIAN CHARLIE,TRACKSIDE FARM (TOM EVANS) AGENT FOR HENNESSY BLOODSTOCK,NOT SOLD,64000,,05/08/2021,KENTUCKY,21,,,
Kentucky October Yearlings (2022),2022-10-27,1346,CH,F,VIOLENCE,NAUGHTY MATILDA,INDIAN CHARLIE,PARAMOUNT SALES AGENT XLIV,DONATO LANNI AGENT FOR SARAH KELLY,135000,,05/08/2021,KENTUCKY,20,,,
Kentucky October Yearlings (2022),2022-10-27,1347,DKB,C,KANTHAROS,NAUNET,PIONEEROF THE NILE,HERMITAGE FARM AGENT,JEREMIAH O'DWYER,40000,,02/12/2021,KENTUCKY,21,,,
Kentucky October Yearlings (2022),2022-10-27,1348,B,C,DEMARCHELIER (GB),NAVY CRUISER,DECLARATION OF WAR,MULHOLLAND SPRINGS AGENT I,NICK J HINES AGENT,8000,,04/20/2021,NEW YORK,14,,,
Kentucky October Yearlings (2022),2022-10-27,1349,CH,F,SPEIGHTSTER,NAWLINS KITTY,KITTEN'S JOY,FOUR STAR SALES AGENT,MCCUTCHEN TRAINING CENTER AGT,10000,,03/02/2021,KENTUCKY,17,,,
Kentucky October Yearlings (2022),2022-10-27,1350,CH,F,SPEIGHTSTER,NESSELRODE,LEMON DROP KID,MULHOLLAND SPRINGS AGENT I,GOP RACING STABLE,17000,,03/26/2021,NEW YORK,14,,,
Kentucky October Yearlings (2022),2022-10-27,1351,B,F,BRODY'S CAUSE,NEVER GO BACK,TAKE CHARGE INDY,GAINESWAY AGENT VI,RICHARD CUPP,4000,,02/23/2021,KENTUCKY,5&6,,,
Kentucky October Yearlings (2022),2022-10-27,1352,B,C,LEOFRIC,NEVER MISS A TRICK,ANASHEED,MACHMER HALL SALES AGENT I,KINGS EQUINE,35000,,03/30/2021,NEW YORK,5&6,,,
Kentucky October Yearlings (2022),2022-10-27,1353,DKB,C,MIDNIGHT STORM,NEVER SOBER,SILENT NAME (JPN),PARAMOUNT SALES AGENT XXXIII,OUT,0,,04/13/2021,KENTUCKY,20,,,
Kentucky October Yearlings (2022),2022-10-27,1354,B,C,EXAGGERATOR,NEW NARRATION,TAPIT,DOUBLE R CONSIGNMENT,ERIC ANTONIO DELVALLE/ AGENT JOSE BLANCO,16000,,04/05/2021,KENTUCKY,19,,,
Kentucky October Yearlings (2022),2022-10-27,1355,CH,F,HARD SPUN,NEWPORT BREEZE,MAJESTIC WARRIOR,TIMBER TOWN (MR. & MRS. T WAYNE SWEEZEY) AGENT,LARRY MEJIAS,50000,,02/16/2021,KENTUCKY,11,,,
Kentucky October Yearlings (2022),2022-10-27,1356,B,F,AUDIBLE,NICHOLESLUCKYCHARM,TIZNOW,DENALI STUD AGENT XXII,GATSAS STABLE,70000,,04/20/2021,KENTUCKY,1&2,,,
Kentucky October Yearlings (2022),2022-10-27,1357,B,F,UNION RAGS,NICKEL,UNBRIDLED'S SONG,DENALI STUD AGENT XXIII,JEFFREY ENGLEHART ROBERT PHOTOS,25000,,03/17/2021,KENTUCKY,1&2,,,
Kentucky October Yearlings (2022),2022-10-27,1358,CH,F,COLLECTED,NIGHT GEM,TAPIT,PARAMOUNT SALES AGENT XXXI,JOSKI RACING STABLES LLC,15000,,04/15/2021,KENTUCKY,20,,,
Kentucky October Yearlings (2022),2022-10-27,1359,CH,F,YOSHIDA (JPN),NIGHT OWL,ANIMAL KINGDOM,LANE'S END AGENT,OUT,0,,04/03/2021,KENTUCKY,1,,,
Kentucky October Yearlings (2022),2022-10-27,1360,B,F,BOLT D'ORO,NINETEENTH STREET,PROUD CITIZEN,NICKY DRION THOROUGHBREDS AGENT II,OUT,0,,05/03/2021,KENTUCKY,20,,,
Kentucky October Yearlings (2022),2022-10-27,1361,B,F,OUTWORK,NITTA YUMA,QUALITY ROAD,FOUR STAR SALES AGENT,KENDRY CASTILLO AGENT FOR NOEL HERNANDEZ,10000,,03/24/2021,KENTUCKY,17,,,
Kentucky October Yearlings (2022),2022-10-27,1362,B,F,KLIMT,NOCHE DE VERSOS,CORINTHIAN,WARRENDALE SALES AGENT XVII,LONE STAR RACING CLUB,6000,,03/13/2021,KENTUCKY,21,,,
Kentucky October Yearlings (2022),2022-10-27,1363,DKB,F,TWIRLING CANDY,NO CURFEW,CURLIN,LANE'S END AGENT,X-MEN RACING,50000,,04/05/2021,KENTUCKY,1,,,
Kentucky October Yearlings (2022),2022-10-27,1364,CH,F,GUN RUNNER,NO MORE PARTIES,SPEIGHTSTOWN,CLAIBORNE FARM AGENT,WESLEY WARD,700000,,05/01/2021,KENTUCKY,8,,,
Kentucky October Yearlings (2022),2022-10-27,1365,B,F,SUMMER FRONT,NO NEED TO APPEAL,TAPIZAR,BRERETON C. JONES/AIRDRIE STUD INC. AGENT,OUT,0,,02/26/2021,KENTUCKY,3,,,
Kentucky October Yearlings (2022),2022-10-27,1366,DKB,F,UPSTART,NO PANIC,HENRYTHENAVIGATOR,WAR HORSE PLACE LLC AGENT I,EDWARD ORTIZ,25000,,04/12/2021,KENTUCKY,21,,,
Kentucky October Yearlings (2022),2022-10-27,1367,B,C,LAOBAN,NO PEEPING,MORNING LINE,BROOKDALE SALES AGENT,ALL IN INVESTORS LLC,17000,,04/22/2021,CALIFORNIA,18,,,
Kentucky October Yearlings (2022),2022-10-27,1368,DKB,F,WEST COAST,NORMANDY'S NELL,MT. LIVERMORE,WARRENDALE SALES AGENT XVIII,CHRIS MELTON,12000,,04/14/2021,KENTUCKY,21,,,
Kentucky October Yearlings (2022),2022-10-27,1369,B,F,AIR FORCE BLUE,NORTHERN CITY,CITY ZIP,VINERY SALES AGENT,PODARATH LUTCHMAN,3000,,05/06/2021,NEW YORK,22 &23,,,
Kentucky October Yearlings (2022),2022-10-27,1370,CH,C,CLASSIC EMPIRE,NORTHERN PASSION,FIRST SAMURAI,DARBY DAN FARM AGENT I,C & G THOROUGHBREDS LLC,27000,,02/11/2021,KENTUCKY,18,,,
Kentucky October Yearlings (2022),2022-10-27,1371,DKB,C,DANISH DYNAFORMER,NORTHWEST TALE,TALE OF EKATI,PARAMOUNT SALES AGENT XX,FRANCISCO LOZA CANO,2000,,05/05/2021,KENTUCKY,20,,,
Kentucky October Yearlings (2022),2022-10-27,1372,CH,C,COLLECTED,NO SHOW ROSE,GRAYDAR,SUMMERFIELD (FRANCIS & BARBARA VANLANGENDONCK) AGENT,S.R.O.A. (K.O.I.D.),17000,,02/19/2021,KENTUCKY,3,,,
Kentucky October Yearlings (2022),2022-10-27,1373,DKB,C,GREAT NOTION,NOT CONCERNED,CURLIN,PARAMOUNT SALES AGENT XLI,OUT,0,,02/06/2021,MARYLAND,20,,,
Kentucky October Yearlings (2022),2022-10-27,1374,B,C,TALE OF EKATI,NOT FLAWED,NOT BOURBON,PARAMOUNT SALES AGENT XX,GRASSROOTS TRN & SALES LLC,23000,,04/12/2021,KENTUCKY,20,,,
Kentucky October Yearlings (2022),2022-10-27,1375,CH,C,TALE OF VERVE,NOT JAVA (FR),NOT BOURBON,HUNTER VALLEY FARM AGENT,BOB HEYER,10000,,04/27/2021,KENTUCKY,9,,,
Kentucky October Yearlings (2022),2022-10-27,1376,DKB,C,MO TOWN,NO VACANCY,QUALITY ROAD,MULHOLLAND FARM,TOM MCCROCKLIN AGENT,25000,,04/08/2021,KENTUCKY,23,,,
Kentucky October Yearlings (2022),2022-10-27,1377,B,C,ENTICED,NOW BLESSED,TIZNOW,BURLESON FARMS AGENT,DJURIC SPORT HORSES,6000,,03/03/2021,KENTUCKY,23,,,
Kentucky October Yearlings (2022),2022-10-27,1378,B,C,WICKED STRONG,NOW OR NEVER,LONHRO (AUS),GAULSTOWN STUD LLC AGENT,HILLSIDE STABLES LLC,2000,,03/12/2021,KENTUCKY,8,,,
Kentucky October Yearlings (2022),2022-10-27,1379,B,F,MAXIMUS MISCHIEF,NUTMEG,LEMON DROP KID,MARCUZZI THOROUGHBREDS INC.,LANCE COLWELL,22000,,02/13/2021,KENTUCKY,20,,,
Kentucky October Yearlings (2022),2022-10-27,1380,DKB,F,TAKE CHARGE INDY,OAKS LILY,BADGE OF SILVER,VINERY SALES AGENT FOR KINGS AND QUEENS FARM,OUT,0,,02/21/2021,KENTUCKY,22 &23,,,
Kentucky October Yearlings (2022),2022-10-27,1381,CH,C,KANTHAROS,OCCASIONALLY,TIZNOW,STUART MORRIS AGENT FOR MORGAN'S FORD FARM,NOT SOLD,24000,,02/12/2021,VIRGINIA,21,,,
Kentucky October Yearlings (2022),2022-10-27,1382,B,F,KLIMT,OCEANIC QUEEN,INVASOR (ARG),JOHNSON CROSS AGENT VI,CLOVIS CRANE,25000,,04/06/2021,KENTUCKY,23,,,
Kentucky October Yearlings (2022),2022-10-27,1383,GRR,F,PRACTICAL JOKE,OCTOBER BRIDE,BERNARDINI,WARRENDALE SALES AGENT XXIII,OUT,0,,04/15/2021,KENTUCKY,21,,,
Kentucky October Yearlings (2022),2022-10-27,1384,CH,F,GOOD MAGIC,OFFERING,DISTORTED HUMOR,HILL 'N' DALE AT XALAPA AGENT,HIDDEN BROOK AGT.,160000,,05/04/2021,KENTUCKY,4,,,
Kentucky October Yearlings (2022),2022-10-27,1385,B,C,CLASSIC EMPIRE,OFF MY STAGE,MORE THAN READY,LEGACY BLOODSTOCK AGENT XII,GARY SIMMS AGENT,32000,,04/04/2021,KENTUCKY,22,,,
Kentucky October Yearlings (2022),2022-10-27,1386,B,C,BERNARDINI,OLDFASHIONED STYLE,OLD FASHIONED,PETER SHEPPELL THOROUGHBREDS AGENT,HARPER RIDGE THOROUGHBREDS,10000,,05/01/2021,OHIO,23,,,
Kentucky October Yearlings (2022),2022-10-27,1387,DKB,F,CONSTITUTION,OLD TIME CHICAGO,STREET SENSE,ST GEORGE SALES AGENT XXVI,BENJAMIN GASE,90000,,04/08/2021,KENTUCKY,10,,,
Kentucky October Yearlings (2022),2022-10-27,1388,B,F,GOLDENCENTS,ONE IN A ROMP,CRYPTOCLEARANCE,RUNNYMEDE FARM LLC AGENT,GERALD JAMES,2500,,04/09/2021,KENTUCKY,2,,,
Kentucky October Yearlings (2022),2022-10-27,1389,B,F,MUCHO MACHO MAN,ONE LAST CAST,ALGORITHMS,COLUMBIANA FARM LLC AGENT,RAUL GONZALEZ RAMIREZ,2000,,03/28/2021,KENTUCKY,20,,,
Kentucky October Yearlings (2022),2022-10-27,1390,B,F,GIRVIN,ONE MORE MINUTE,ISTAN,TAYLOR MADE SALES AGENCY AGENT XXIX,ALL IN INVESTORS LLC,10000,,01/27/2021,FLORIDA,12 &16,,,
Kentucky October Yearlings (2022),2022-10-27,1391,B,C,GHOSTZAPPER,ONE NIGHT,DISTORTED HUMOR,MILL RIDGE SALES AGENT,LANE RICHARDSON,15000,,03/01/2021,KENTUCKY,11,,,
Kentucky October Yearlings (2022),2022-10-27,1392,DKB,C,TWIRLING CANDY,ONLY BY THE NIGHT,TALE OF THE CAT,CANDY MEADOWS SALES AGENT I,JEFFREY ENGLEHART,3000,,04/24/2021,KENTUCKY,10,,,
Kentucky October Yearlings (2022),2022-10-27,1393,B,C,DEMARCHELIER (GB),ONTHEKISSER,PLEASANT TAP,HILL 'N' DALE AT XALAPA AGENT,30-30 RANCH,4000,,04/23/2021,KENTUCKY,4,,,
Kentucky October Yearlings (2022),2022-10-27,1394,CH,C,MITOLE,OOPS TIMES TWO,BADGE OF SILVER,VINERY SALES AGENT LXIV,RED WINGS,52000,,03/12/2021,KENTUCKY,22 &23,,,
Kentucky October Yearlings (2022),2022-10-27,1395,CH,C,CONSTITUTION,ORABELLA,MORE THAN READY,LISA & TIM TURNEY AGENT I,OUT,0,,03/01/2021,KENTUCKY,17,,,
Kentucky October Yearlings (2022),2022-10-27,1396,DKB,C,NOT THIS TIME,ORIENT HWIN,SHANGHAI BOBBY,WARRENDALE SALES AGENT XIX,NOT SOLD,85000,,03/13/2021,KENTUCKY,21,,,
Kentucky October Yearlings (2022),2022-10-27,1397,CH,F,SPEIGHTSTOWN,OSCILLATION,FIRST DEFENCE,GAINESWAY AGENT FOR BOYD T. BROWNING JR. & PARTNERS,DONATO LANNI AGENT,165000,,05/17/2021,KENTUCKY,5&6,,,
Kentucky October Yearlings (2022),2022-10-27,1398,GRR,C,LIAM'S MAP,OUCHY NIGHT,CACTUS RIDGE,DENALI STUD AGENT FOR EDITION FARM,HOWLING WOLF INVESTMENTS,34000,,02/08/2021,NEW YORK,1&2,,,
Kentucky October Yearlings (2022),2022-10-27,1399,B,F,TOURIST,OUR DRAMA QUEEN (IRE),DANEHILL DANCER (IRE),MULHOLLAND SPRINGS AGENT I,AKS THOROUGHBREDS,2000,,03/31/2021,NEW YORK,14,,,
Kentucky October Yearlings (2022),2022-10-27,1400,DKB,C,COAL FRONT,OUR ELEANOR,SUCCESSFUL APPEAL,BROOKDALE SALES AGENT,PNG POWER HORSE,25000,,03/10/2021,KENTUCKY,18,,,https://vimeo.com/762989610
Kentucky October Yearlings (2022),2022-10-27,1401,B,F,MACLEAN'S MUSIC,OUR LESMIS,YES IT'S TRUE,BUCKLAND SALES (ZACH MADDEN) AGENT III,MAVERICK RACING & SIENA FARM,140000,,02/28/2021,INDIANA,20,,,
Kentucky October Yearlings (2022),2022-10-27,1402,B,F,BLAME,OUR MARIA CELESTE,GALILEO (IRE),BROOKDALE SALES AGENT,PHILIP A SIMS AGENT,38000,,03/11/2021,KENTUCKY,18,,,
Kentucky October Yearlings (2022),2022-10-27,1403,DKB,C,VIOLENCE,OURPERFECTPASTOR,PLEASANTLY PERFECT,JOHNSON CROSS AGENT I,NOT SOLD,45000,,04/14/2021,KENTUCKY,23,,,
Kentucky October Yearlings (2022),2022-10-27,1404,DKB,C,BREAKING LUCKY,OUR SAMMI,SCHRAMSBERG,4M RANCH AGENT II,NOT SOLD,27000,,03/17/2021,LOUISIANA,19,,,
Kentucky October Yearlings (2022),2022-10-27,1405,DKB,F,BLAME,OUT OF MY DREAMS,TWO PUNCH,LEGACY BLOODSTOCK AGENT XV,KINGS EQUINE,65000,,04/08/2021,KENTUCKY,22,,,
Kentucky October Yearlings (2022),2022-10-27,1406,B,F,PRACTICAL JOKE,OUTRAGEOUS MISS,BERNARDINI,HUNTER VALLEY FARM AGENT,JACK HIRSCH,57000,,03/29/2021,KENTUCKY,9,,,
Kentucky October Yearlings (2022),2022-10-27,1407,B,F,TAPITURE,OVER THE ROCKS,OVERANALYZE,EQUUS FARM (JERRY CUMMINS/PAUL ADAMS) AGENT I,LEGION BLOODSTOCK AGENT FOR REBEL,22000,,04/22/2021,KENTUCKY,14,,,
Kentucky October Yearlings (2022),2022-10-27,1408,B,F,PRESERVATIONIST,OVERVALUED,FOREST GROVE,BRERETON C. JONES/AIRDRIE STUD INC. AGENT,NOT SOLD,27000,,05/05/2021,KENTUCKY,3,,,
Kentucky October Yearlings (2022),2022-10-27,1409,WH,C,RACE DAY,PACKED POWDER,THE WHITE FOX,GROVENDALE SALES AGENT IV,JOHN PARKER,60000,,03/21/2021,KENTUCKY,2,,,
Kentucky October Yearlings (2022),2022-10-27,1410,CH,C,TAPITURE,PADDY'S CHANT,PADDY O'PRADO,DENALI STUD AGENT XII,RAUL GONZALEZ RAMIREZ,2500,,04/20/2021,KENTUCKY,1&2,,,
Kentucky October Yearlings (2022),2022-10-27,1411,DKB,F,MIDSHIPMAN,PALACE DREAMS,FREUD,HUNTER VALLEY FARM AGENT,BEN MCELROYAGT FOR AMO RACING,230000,,02/26/2021,KENTUCKY,9,,,
Kentucky October Yearlings (2022),2022-10-27,1412,B,F,MAXIMUS MISCHIEF,PALACE PIER,OUT OF PLACE,VINERY SALES AGENT XXXVII,JAMES LAYDEN AGENT,65000,,04/17/2021,KENTUCKY,22 &23,,,
Kentucky October Yearlings (2022),2022-10-27,1413,B,F,KEEN ICE,PALPITA,TAPIT,LEGACY BLOODSTOCK AGENT V,DANTE ZANELLI AGENT,8000,,03/23/2021,KENTUCKY,22,,,
Kentucky October Yearlings (2022),2022-10-27,1414,DKB,F,NO NAY NEVER,MUNDUS NOVUS,UNBRIDLED'S SONG,GAINESWAY AGENT XXXV,X-MEN RACING,150000,,04/23/2021,IRE,5&6,,,
Kentucky October Yearlings (2022),2022-10-27,1415,B,C,AMERICAN PHAROAH,PAMMY WHAMMY,WAR FRONT,PARAMOUNT SALES AGENT XVII,NOT SOLD,77000,,04/28/2021,KENTUCKY,20,,,
Kentucky October Yearlings (2022),2022-10-27,1416,B,F,ACCELERATE,PANCAKE,CORINTHIAN,BROOKDALE SALES AGENT,OUT,0,,03/26/2021,KENTUCKY,18,,,
Kentucky October Yearlings (2022),2022-10-27,1417,B,F,HARD SPUN,PANTSONFIRE (IRE),SIR PERCY (GB),BLUEWATER SALES LLC AGENT IX,MCMAHON & HILL BLDSTK AGENT,115000,,03/22/2021,NEW YORK,8,,,
Kentucky October Yearlings (2022),2022-10-27,1418,B,C,KLIMT,PAOLA,MISREMEMBERED,MILESTONE FARM,WILLIAM PRIBBLE,3000,,04/20/2021,KENTUCKY,20,,,
Kentucky October Yearlings (2022),2022-10-27,1419,DKB,C,CATHOLIC BOY,PARADE OF ROSES,NEW YEAR'S DAY,KATIERICH FARMS,SHANBALLY ACRES,32000,,02/16/2021,KENTUCKY,13,,,
Kentucky October Yearlings (2022),2022-10-27,1420,CH,C,AMERICAN FREEDOM,PARK IN BACK,MAJESTICPERFECTION,BRERETON C. JONES/AIRDRIE STUD INC. AGENT,JACK AND ELEONOR RACING,10000,,04/20/2021,KENTUCKY,3,,,
Kentucky October Yearlings (2022),2022-10-27,1421,DKB,F,QUALITY ROAD,PARTY OF INTEREST,BERNARDINI,TAYLOR MADE SALES AGENCY AGENT XXVI,HOBY KIGHT AGENT,100000,,05/04/2021,KENTUCKY,12 &16,,,
Kentucky October Yearlings (2022),2022-10-27,1422,B,C,AMERICAN PHAROAH,PARTY STARTER,MEDAGLIA D'ORO,HILL 'N' DALE AT XALAPA AGENT,OUT,0,,03/21/2021,KENTUCKY,4,,,
Kentucky October Yearlings (2022),2022-10-27,1423,GRR,F,THE FACTOR,PATRICIAS PROSPECT,A.P. INDY,HILL 'N' DALE AT XALAPA AGENT,GARY SIMMS AGENT,120000,,04/27/2021,KENTUCKY,4,,,
Kentucky October Yearlings (2022),2022-10-27,1424,B,F,AIR FORCE BLUE,PATRIOT STORM,BERNARDINI,MILESTONE FARM,NOT SOLD,12000,,03/28/2021,KENTUCKY,20,,,
Kentucky October Yearlings (2022),2022-10-27,1425,DKB,C,MEDAGLIA D'ORO,PAULISTINHA,TAPIT,TAYLOR MADE SALES AGENCY AGENT CLVIII,OUT,0,,04/12/2021,KENTUCKY,12 &16,,,
Kentucky October Yearlings (2022),2022-10-27,1426,B,F,CONSTITUTION,PAVATI,UNBRIDLED'S SONG,TAYLOR MADE SALES AGENCY AGENT XXVI,SPENDTHRIFT FARM LLC,350000,,04/30/2021,KENTUCKY,12 &16,,,
Kentucky October Yearlings (2022),2022-10-27,1427,CH,F,QURBAAN,PEACEFUL SPLENDOR,HONOUR AND GLORY,FORBUSH FARM,CAMECHO STABLE LLC,10000,,03/31/2021,KENTUCKY,19,,,
Kentucky October Yearlings (2022),2022-10-27,1428,CH,C,GOOD SAMARITAN,PEARL STREET,STREET SENSE,BUCKLAND SALES (ZACH MADDEN) AGENT IX,SUNNYSIDE STABLE LLC,42000,,01/24/2021,KENTUCKY,20,,,
Kentucky October Yearlings (2022),2022-10-27,1429,B,F,UNCLE MO,PEARL TURN,BERNARDINI,ANDERSON FARMS,LAUREN CARLISLE AGENT,485000,,02/06/2021,ONTARIO,3,,,
Kentucky October Yearlings (2022),2022-10-27,1430,DKB,F,PROSPECT PARK,PEG'S JOURNEY,GOOD JOURNEY,SOUTHERN COMFORT FARM LLC,JON JAZDZEWSKI,1500,,04/03/2021,CALIFORNIA,20,,,
Kentucky October Yearlings (2022),2022-10-27,1431,CH,F,STAR GUITAR,PENELOPE PLUM,BADGE OF SILVER,TAYLOR MADE SALES AGENCY AGENT XXXI,BENJAMIN GASE,100000,,03/30/2021,LOUISIANA,12 &16,,,
Kentucky October Yearlings (2022),2022-10-27,1432,DKB,C,SUMMER FRONT,PEPPERMINT QUEEN,ZANJERO,PATRICIA CLARK AGENT II,OUT,0,,05/01/2021,KENTUCKY,19,,,
Kentucky October Yearlings (2022),2022-10-27,1433,CH,F,CATALINA CRUISER,PERFECT KAY,KANTHAROS,MACHMER HALL SALES AGENT FOR ST. SIMON PLACE,OUT,0,,05/01/2021,INDIANA,5&6,,,
Kentucky October Yearlings (2022),2022-10-27,1434,GRR,F,LIAM'S MAP,PERFECT NOW,TIZNOW,MACHMER HALL SALES AGENT VIII,DOUG ANDERSON,37000,,03/15/2021,KENTUCKY,5&6,,,
Kentucky October Yearlings (2022),2022-10-27,1435,B,C,ENTICED,PERFECT PEGASUS,FUSAICHI PEGASUS,FOUR STAR SALES AGENT,OUT,0,,02/28/2021,KENTUCKY,17,,,
Kentucky October Yearlings (2022),2022-10-27,1436,B,C,PRACTICAL JOKE,PERFECT PIC,CANDY RIDE (ARG),SCOTT MALLORY AGENT XIX,ASHLAND PARK MNGT.-AGT,40000,,04/23/2021,KENTUCKY,21,,,
Kentucky October Yearlings (2022),2022-10-27,1437,B,C,OSCAR PERFORMANCE,PERICHOLE (BRZ),FAHIM (GB),HIDDEN BROOK AGENT FOR BONNE CHANCE FARM LLC,DENNIS ACKERMAN,3000,,05/12/2021,KENTUCKY,22,,,
Kentucky October Yearlings (2022),2022-10-27,1438,CH,C,ACCELERATE,PERIQUE,TAPIT,TAYLOR MADE SALES AGENCY AGENT XXXV,OUT,0,,05/09/2021,KENTUCKY,12 &16,,,
Kentucky October Yearlings (2022),2022-10-27,1439,B,F,ASTERN (AUS),PICK OF THE PACK,LIL'S LAD,TRACKSIDE FARM (TOM EVANS),MAGNOLIA II,50000,,05/09/2021,KENTUCKY,21,,,
Kentucky October Yearlings (2022),2022-10-27,1440,DKB,C,UPSTART,PICOLATA,BELLAMY ROAD,MULHOLLAND SPRINGS AGENT,GRASSROOTS TRN & SALES LLC,35000,,05/12/2021,NEW YORK,14,,,
Kentucky October Yearlings (2022),2022-10-27,1441,DKB,F,WEST COAST,PIKE CREEK,FOREST CAMP,NARDELLI SALES AGENT IV,ERICK TORRES,2500,,03/12/2021,KENTUCKY,5,,,
Kentucky October Yearlings (2022),2022-10-27,1442,DKB,F,UPSTART,PINATA,VISION AND VERSE,LEGACY BLOODSTOCK AGENT XXII,NOT SOLD,3500,,05/12/2021,KENTUCKY,22,,,
Kentucky October Yearlings (2022),2022-10-27,1443,DKB,C,MOR SPIRIT,PINK LENINADE,LEMON DROP KID,JOHNSON CROSS AGENT IV,TOMMY HUMPHRIES,25000,,04/09/2021,KENTUCKY,23,,,
Kentucky October Yearlings (2022),2022-10-27,1444,CH,C,MUNNINGS,PINK PIGEON,ANIMAL KINGDOM,BROOKDALE SALES AGENT FOR JACK SWAIN,RICHMOND HILL FARM,70000,,02/24/2021,KENTUCKY,18,,,
Kentucky October Yearlings (2022),2022-10-27,1445,DKB,F,JIMMY CREED,PINOT,INTO MISCHIEF,MULHOLLAND FARM AGENT,OUT,0,,05/04/2021,KENTUCKY,23,,,
Kentucky October Yearlings (2022),2022-10-27,1446,CH,C,FREE DROP BILLY,PIPER'S NEW SONG,UNBRIDLED ENERGY,RICKY HIGGS AGENT,EQUINOX INC AGT FOR NIRVANA AND FOUR PILLARS HOLDINGS,8000,,04/21/2021,INDIANA,15,,,
Kentucky October Yearlings (2022),2022-10-27,1447,GRR,C,HIT IT A BOMB,PIPPI GOLD,MACHO UNO,SCOTT MALLORY AGENT XX,JESUS AVILA,5000,,04/07/2021,KENTUCKY,21,,,
Kentucky October Yearlings (2022),2022-10-27,1448,DKB,F,SKY MESA,PISTOL PACKIN ROSE,FIRST DEFENCE,FOUR STAR SALES AGENT,OUT,0,,03/12/2021,KENTUCKY,17,,,
Kentucky October Yearlings (2022),2022-10-27,1449,DKB,C,PALACE MALICE,PLANE LUCKY,LUCKY PULPIT,STUART MORRIS AGENT FOR HIGHCLERE & RABANAL & WICKES,OUT,0,,02/22/2021,KENTUCKY,21,,,
Kentucky October Yearlings (2022),2022-10-27,1450,B,F,CLOUD COMPUTING,PLANETA,GIANT'S CAUSEWAY,SARINANA RACING (JOSE C. SARINANA),NOT SOLD,9500,,01/09/2021,KENTUCKY,15,,,
Kentucky October Yearlings (2022),2022-10-27,1451,B,C,TAPITURE,PLASTIQUE,CITY ZIP,PETER SHEPPELL THOROUGHBREDS AGENT,QUARTER POLE INVESTMENTS LTD,13000,,03/16/2021,OHIO,23,,,
Kentucky October Yearlings (2022),2022-10-27,1452,GRR,F,FLAMEAWAY,PLATINUM BRIDE,ALPHABET SOUP,FOUNDATIONS FARM,KELLY MEJIAS,15000,,04/10/2021,KENTUCKY,19,,,
Kentucky October Yearlings (2022),2022-10-27,1453,CH,F,CATHOLIC BOY,PLAY A SONG FOR ME,GIO PONTI,FOUR STAR SALES AGENT,OUT,0,,03/13/2021,NEW YORK,17,,,
Kentucky October Yearlings (2022),2022-10-27,1454,CH,C,PRESERVATIONIST,PLAYERS CLUB,THUNDER GULCH,EQUUS FARM (JERRY CUMMINS/PAUL ADAMS) AGENT I,NINA GUEORGUIEVA AGENT,6000,,04/11/2021,KENTUCKY,14,,,
Kentucky October Yearlings (2022),2022-10-27,1455,B,F,AUDIBLE,PLEASANT LAUGHTER,CORONADO'S QUEST,RUNNYMEDE FARM LLC AGENT,COUNTRY LIFE FARM AGENT,107000,,05/27/2021,KENTUCKY,2,,,
Kentucky October Yearlings (2022),2022-10-27,1456,B,F,GHOSTZAPPER,PLEASANT QUALITY,ELUSIVE QUALITY,MULHOLLAND SPRINGS AGENT III,EQUINOX INC AGENT FOR GEORGE SHARP,80000,,02/12/2021,NEW YORK,14,,,
Kentucky October Yearlings (2022),2022-10-27,1457,B,F,BERNARDINI,PLEASANT WIND,PLEASANTLY PERFECT,TAYLOR MADE SALES AGENCY AGENT IV,CHARLES H DETERS,23000,,04/06/2021,KENTUCKY,12 &16,,,
Kentucky October Yearlings (2022),2022-10-27,1458,DKB,C,TEMPLE CITY,POCO UNO,E DUBAI,STUART MORRIS AGENT XIII,OUT,0,,03/20/2021,KENTUCKY,21,,,
Kentucky October Yearlings (2022),2022-10-27,1459,DKB,C,BERNARDINI,PONDER LEA,MORE THAN READY,STONE FARM AGENT,OUT,0,,05/16/2021,KENTUCKY,10,,,
Kentucky October Yearlings (2022),2022-10-27,1460,B,F,FAST ANNA,POP BY,CITY ZIP,TERRAZAS THOROUGHBREDS AGENT VI,COLLEEN DAVIDSON,9500,,05/12/2021,KENTUCKY,15,,,
Kentucky October Yearlings (2022),2022-10-27,1461,DKB,F,SHARP AZTECA,PORT CHARLOTTE,BLAME,WARRENDALE SALES AGENT XXIV,DANTE ZANELLI AGENT FOR DONA LICHA STABLES,30000,,03/22/2021,KENTUCKY,21,,,
Kentucky October Yearlings (2022),2022-10-27,1462,B,F,FAST ANNA,PORTEND,SKY MESA,FOUR STAR SALES AGENT,MCCUTCHEN TRAINING CENTER AGT,30000,,03/21/2021,KENTUCKY,17,,,
Kentucky October Yearlings (2022),2022-10-27,1463,B,C,TAPIZAR,PORTO MARMAY (IRE),CHOISIR (AUS),GAINESWAY AGENT XX,CHAD SCHUMER AGENT,15000,,04/10/2021,KENTUCKY,5&6,,,
Kentucky October Yearlings (2022),2022-10-27,1464,DKB,C,SPEIGHTSTOWN,POWER MOVE,MORE THAN READY,CLAIBORNE FARM AGENT,H H AGT.,100000,,02/25/2021,KENTUCKY,8,,,
Kentucky October Yearlings (2022),2022-10-27,1465,B,C,MIDSHIPMAN,PRACTICAL CAT,BERNARDINI,BUCKLAND SALES (ZACH MADDEN) AGENT XIV,WAKE FOREST STABLE,17000,,05/14/2021,KENTUCKY,20,,,
Kentucky October Yearlings (2022),2022-10-27,1466,DKB,C,JIMMY CREED,PRAY BABY PRAY,VIOLENCE,PETER SHEPPELL THOROUGHBREDS AGENT,CHARLIE J WILLIAMS LLC,32000,,02/06/2021,OHIO,23,,,
Kentucky October Yearlings (2022),2022-10-27,1467,B,F,AUDIBLE,PRENUPTIAL VOW,BROKEN VOW,WYNNSTAY SALES AGENT I,NOT SOLD,67000,,04/11/2021,KENTUCKY,3,,,
Kentucky October Yearlings (2022),2022-10-27,1468,DKB,F,MENDELSSOHN,PRETTY MYSTIC,GHOSTZAPPER,TAYLOR MADE SALES AGENCY AGENT LXVI,OUT,0,,02/12/2021,KENTUCKY,12 &16,,,
Kentucky October Yearlings (2022),2022-10-27,1469,DKB,F,AIR FORCE BLUE,PRETTYPRICEYGIRL,SCAT DADDY,FOUR STAR SALES AGENT,JOSE AURRECOECHEA,25000,,04/16/2021,NEW YORK,17,,,
Kentucky October Yearlings (2022),2022-10-27,1470,B,C,BERNARDINI,PRIDE'S GOLD,ANIMAL KINGDOM,HIDDEN BROOK AGENT II,OUT,0,,02/04/2021,KENTUCKY,22,,,
Kentucky October Yearlings (2022),2022-10-27,1471,B,C,JUSTIFY,PRIMADONA (IRE),GALILEO (IRE),HILL 'N' DALE AT XALAPA AGENT,DANTE ZANELLI AGENT FOR DONA LICHA STABLES,30000,,03/02/2021,KENTUCKY,4,,,
Kentucky October Yearlings (2022),2022-10-27,1472,DKB,C,HEART TO HEART,PRIME RISK,GRAND REWARD,BILL MURPHY AGENT II,DENNIS ACKERMAN,10000,,03/25/2021,KENTUCKY,23,,,
Kentucky October Yearlings (2022),2022-10-27,1473,CH,C,PRESERVATIONIST,PRINCESA COQUETA (CHI),DISTORTED ECONOMY,BUCKLAND SALES (ZACH MADDEN) AGENT VI,ERNESTO FANILLA,15000,,04/08/2021,KENTUCKY,20,,,
Kentucky October Yearlings (2022),2022-10-27,1474,DKB,F,MASTERY,PRINCESA DE PAPI,BIRDSTONE,LEGACY BLOODSTOCK AGENT II,ROYAL COLORS RACING LLC,23000,,04/22/2021,NEW YORK,22,,,
Kentucky October Yearlings (2022),2022-10-27,1475,B,F,UNIFIED,PRINCESS ADDY,QUALITY ROAD,BILL MURPHY AGENT V,RADCLIFFE SIDDO NATHAN SQUIRES AGENT,5000,,03/12/2021,KENTUCKY,23,,,
Kentucky October Yearlings (2022),2022-10-27,1476,B,F,POINT OF ENTRY,PRINCESS ADELYN,TALE OF THE CAT,BALLYSAX BLOODSTOCK AGENT XLIV,NOT SOLD,14000,,01/29/2021,OHIO,22,,,
Kentucky October Yearlings (2022),2022-10-27,1477,B,F,PRACTICAL JOKE,PRINCESS BERTRANDO,BERTRANDO,BLACKBURN FARM (MICHAEL T. BARNETT) AGENT,COOL HILL FARM,30000,,04/09/2021,KENTUCKY,13,,,
Kentucky October Yearlings (2022),2022-10-27,1478,CH,F,VINO ROSSO,PRINCESS DASHKOVA,GIANT'S CAUSEWAY,WARRENDALE SALES AGENT I,WAKE FOREST STABLE,12000,,05/06/2021,KENTUCKY,21,,,
Kentucky October Yearlings (2022),2022-10-27,1479,CH,F,MITOLE,PRINCESS MAKENA,STREET BOSS,SMALL BATCH SALES AGENT,NOT SOLD,20000,,03/13/2021,KENTUCKY,20,,,
Kentucky October Yearlings (2022),2022-10-27,1480,CH,F,ACCELERATE,PRINCESS MARIAH,GIANT'S CAUSEWAY,FOUR STAR SALES AGENT,LLOYD MCKINNON AGENT,17000,,02/04/2021,KENTUCKY,17,,,
Kentucky October Yearlings (2022),2022-10-27,1481,B,F,KLIMT,PRINCESS NEKIA,TAKE CHARGE INDY,VINERY SALES AGENT XLIX,KATIE WRIGHT,2000,,03/03/2021,KENTUCKY,22 &23,,,
Kentucky October Yearlings (2022),2022-10-27,1482,GRR,C,MALIBU MOON,PRINCESS OF CHINA,UNBRIDLED'S SONG,PARAMOUNT SALES AGENT XXI,HOWLING WOLF INVESTMENTS,37000,,03/12/2021,KENTUCKY,20,,,
Kentucky October Yearlings (2022),2022-10-27,1483,B,C,GIRVIN,PRINCESS TWO,TWO PUNCH,MACHMER HALL SALES AGENT VI,DELTA LAND & TIMBER,60000,,04/03/2021,FLORIDA,5&6,,,
Kentucky October Yearlings (2022),2022-10-27,1484,B,F,ACCELERATE,PRIVATE BEACH,MALIBU MOON,TAYLOR MADE SALES AGENCY AGENT XLVII,TRAVIS MURPHY,10000,,03/28/2021,KENTUCKY,12 &16,,,
Kentucky October Yearlings (2022),2022-10-27,1485,DKB,F,ARMY MULE,PRIVATE INFO,CURLIN,HILL 'N' DALE AT XALAPA AGENT,OUT,0,,04/27/2021,KENTUCKY,4,,,
Kentucky October Yearlings (2022),2022-10-27,1486,B,F,MITOLE,PROCURADORA,BODEMEISTER,TAYLOR MADE SALES AGENCY AGENT XXVII,ENIO RUSSE,50000,,02/23/2021,FLORIDA,12 &16,,,
Kentucky October Yearlings (2022),2022-10-27,1487,B,C,CATHOLIC BOY,PROFESS,WAR FRONT,CLAIBORNE FARM AGENT,JESUS AVILA,5000,,02/17/2021,KENTUCKY,8,,,
Kentucky October Yearlings (2022),2022-10-27,1488,B,F,TAKE CHARGE INDY,PROJECT ROSE,NOT FOR LOVE,LISA & TIM TURNEY AGENT I,GREG JAMES,35000,,01/18/2021,KENTUCKY,17,,,
Kentucky October Yearlings (2022),2022-10-27,1489,GRR,F,THE FACTOR,PROMISE ME ROSES,LEMON DROP KID,LEGACY BLOODSTOCK AGENT XII,MWG-LLC,4000,,02/10/2021,KENTUCKY,22,,,
Kentucky October Yearlings (2022),2022-10-27,1490,CH,C,LORD NELSON,PROMISE TO PEG,MINESHAFT,BUCKLAND SALES (ZACH MADDEN) AGENT I,ALISTAIR RODEN BLOODSTOCK AGT FOR CHAPPELL ALPINE FARMS,65000,,04/27/2021,KENTUCKY,20,,,
Kentucky October Yearlings (2022),2022-10-27,1491,B,F,CONNECT,PROPER MAD,BERNARDINI,LANE'S END AGENT,CHRIS MELTON,7000,,05/10/2021,KENTUCKY,1,,,
Kentucky October Yearlings (2022),2022-10-27,1492,B,C,TEXAS RED,PROPRIETAIRE,PROUD CITIZEN,MAINE CHANCE FARM (UNIVERSITY OF KENTUCKY),ROSHAN CHARLTON,1500,,03/25/2021,KENTUCKY,19,,,
Kentucky October Yearlings (2022),2022-10-27,1493,B,C,CLASSIC EMPIRE,PROSPERITY,TAPIT,GAINESWAY AGENT XII,ED & SUSIE ORR,100000,,01/25/2021,KENTUCKY,5&6,,,
Kentucky October Yearlings (2022),2022-10-27,1494,CH,C,GOOD SAMARITAN,PROUD MOVER,PROUD CITIZEN,MILL RIDGE SALES AGENT,HUGH H ROBERTSON,45000,,04/25/2021,ARKANSAS,11,,,
Kentucky October Yearlings (2022),2022-10-27,1495,B,C,KLIMT,PUKALANI,PAYNTER,TAYLOR MADE SALES AGENCY AGENT LV,RANCHO LA SOLEDAD DE ALVAREZ,21000,,03/22/2021,FLORIDA,12 &16,,,
Kentucky October Yearlings (2022),2022-10-27,1496,CH,F,AUDIBLE,PUMPKIN MOONSHINE,CANDY RIDE (ARG),TAYLOR MADE SALES AGENCY AGENT LVI,DANTE ZANELLI AGENT FOR DONA LICHA STABLES,13000,,04/19/2021,KENTUCKY,12 &16,,,
Kentucky October Yearlings (2022),2022-10-27,1497,CH,C,FIRST SAMURAI,PUN,PULPIT,CLAIBORNE FARM AGENT,LOTHENBACH STABLES INC,50000,,04/16/2021,KENTUCKY,8,,,
Kentucky October Yearlings (2022),2022-10-27,1498,B,F,STREET SENSE,PUNITA,DISTORTED HUMOR,HIDDEN BROOK AGENT II,OUT,0,,04/11/2021,KENTUCKY,22,,,
Kentucky October Yearlings (2022),2022-10-27,1499,CH,F,LIAM'S MAP,PURE ELATION,KITTEN'S JOY,TAYLOR MADE SALES AGENCY AGENT XV,LEGION BLOODSTOCK AGENT FOR REBEL,14000,,04/18/2021,KENTUCKY,12 &16,,,
Kentucky October Yearlings (2022),2022-10-27,1500,DKB,C,TAMARKUZ,PURIMETT,PURIM,HUNTER VALLEY FARM AGENT,NOT SOLD,1500,,04/20/2021,KENTUCKY,9,,,
Kentucky October Yearlings (2022),2022-10-27,1501,DKB,F,STREET SENSE,PURRFECTLY MINE,MINESHAFT,TAYLOR MADE SALES AGENCY AGENT XIII,OUT,0,,02/13/2021,KENTUCKY,12 &16,,,
Kentucky October Yearlings (2022),2022-10-27,1502,DKB,C,CANDY RIDE (ARG),PUSKITA,INDIAN CHARLIE,BUCK POND FARM (DOUGLAS S. ARNOLD) AGENT,NOT SOLD,39000,,03/04/2021,KENTUCKY,11,,,
Kentucky October Yearlings (2022),2022-10-27,1503,DKB,F,ENTICED,PYRITE STORM,FORMAL DINNER,JOHNSON CROSS AGENT V,RICARDO GUTIERREZ,32000,,02/08/2021,OHIO,23,,,
Kentucky October Yearlings (2022),2022-10-27,1504,B,C,STREET SENSE,Q GO GIRL,QUALITY ROAD,LEGACY BLOODSTOCK AGENT VI,S L BLOODSTOCK,5000,,02/05/2021,KENTUCKY,22,,,
Kentucky October Yearlings (2022),2022-10-27,1505,B,C,CATHOLIC BOY,QUALITY ROSE,QUALITY ROAD,LANE'S END AGENT,OUT,0,,04/05/2021,KENTUCKY,1,,,
Kentucky October Yearlings (2022),2022-10-27,1506,CH,F,GOLDENCENTS,QUALITY TO EXCEL,UNION RAGS,VINERY SALES AGENT XI,OUT,0,,01/30/2021,KENTUCKY,22 &23,,,
Kentucky October Yearlings (2022),2022-10-27,1507,DKB,F,MENDELSSOHN,QUEENARDINI,BERNARDINI,BALLYSAX BLOODSTOCK AGENT III,NOT SOLD,45000,,02/17/2021,NEW YORK,22,,,
Kentucky October Yearlings (2022),2022-10-27,1508,GRR,C,ARMY MULE,QUEEN BEAUTYREST,SILVER CHARM,BROOKDALE SALES AGENT,NOT SOLD,40000,,04/06/2021,OHIO,18,,,
Kentucky October Yearlings (2022),2022-10-27,1509,B,F,KLIMT,QUEEN OF SILENCE,TWIRLING CANDY,FRANKFORT PARK FARM AGENT,NICK J HINES AGENT,6000,,05/02/2021,KENTUCKY,13,,,
Kentucky October Yearlings (2022),2022-10-27,1510,CH,C,FLAMEAWAY,QUEENOFTHECHANNEL,ENGLISH CHANNEL,MACHMER HALL SALES AGENT FOR CLEARBROOK FARM LLC,MCENTEE RACING INC,1500,,04/27/2021,KENTUCKY,5&6,,,
Kentucky October Yearlings (2022),2022-10-27,1511,GRR,F,MISSION IMPAZIBLE,QUEEN PAULINE,TAPIT,TAYLOR MADE SALES AGENCY AGENT L,CECIL SEAMAN AGT BAD BOY RACING,47000,,04/28/2021,NEW YORK,12 &16,,,
Kentucky October Yearlings (2022),2022-10-27,1512,B,F,KLIMT,QUEEN PRISCILLA,FLATTER,ST GEORGE SALES AGENT XVIII,TOMMY SHORT AGENT,4000,,02/26/2021,KENTUCKY,10,,,
Kentucky October Yearlings (2022),2022-10-27,1513,B,F,CITY OF LIGHT,QUEEN'S PARADE,GIANT'S CAUSEWAY,LANE'S END AGENT,MWG-LLC,16000,,04/10/2021,KENTUCKY,1,,,
Kentucky October Yearlings (2022),2022-10-27,1514,B,C,OMAHA BEACH,QUIET HOUR,QUIET AMERICAN,MULHOLLAND SPRINGS AGENT,RARAMURI EQUINE,77000,,02/10/2021,KENTUCKY,14,,,
Kentucky October Yearlings (2022),2022-10-27,1515,DKB,C,IRISH WAR CRY,QUIET RIVER,DATA LINK,SERENDIPITY FARM AGENT IV,NOT SOLD,17000,,02/23/2021,MARYLAND,23,,,
Kentucky October Yearlings (2022),2022-10-27,1516,DKB,F,CONSTITUTION,QUIRL,MORE THAN READY,CASTLE PARK FARM LLC (NOEL MURPHY) AGENT II,NICK J HINES AGENT,65000,,04/14/2021,KENTUCKY,7,,,
Kentucky October Yearlings (2022),2022-10-27,1517,CH,C,MIDSHIPMAN,QUITE A KNIGHTMARE,ASCOT KNIGHT,STUART MORRIS AGENT FOR TROPICAL RACING,OUT,0,,04/27/2021,ONTARIO,21,,,
Kentucky October Yearlings (2022),2022-10-27,1518,DKB,C,PRACTICAL JOKE,QUIVERY,VIOLENCE,GAINESWAY AGENT III,GREG JAMES,45000,,02/13/2021,NEW YORK,5&6,,,
Kentucky October Yearlings (2022),2022-10-27,1519,B,C,KITTEN'S JOY,QUOTATION,CONGRATS,HILL 'N' DALE AT XALAPA AGENT,DJ STABLE LLC,170000,,02/14/2021,KENTUCKY,4,,,
Kentucky October Yearlings (2022),2022-10-27,1520,B,F,RUNHAPPY,RADIANT BEAUTY,ORB,TAYLOR MADE SALES AGENCY AGENT IV,WAYNE BAKKE,17000,,03/01/2021,KENTUCKY,12 &16,,,
Kentucky October Yearlings (2022),2022-10-27,1521,GRR,C,NOT THIS TIME,RAEGEN HARPER,ROCKPORT HARBOR,ST GEORGE SALES AGENT VII,BOBBY D,50000,,04/24/2021,KENTUCKY,10,,,
Kentucky October Yearlings (2022),2022-10-27,1522,DKB,F,PERFECT TIMBER,RAGING TOWN,JERSEY TOWN,FOUR STAR SALES AGENT,LEGION BLOODSTOCK AGENT,10000,,02/13/2021,ONTARIO,17,,,
Kentucky October Yearlings (2022),2022-10-27,1523,DKB,F,AUDIBLE,RAISING AIDA,SPEIGHTSTOWN,MACHMER HALL SALES AGENT IV,OUT,0,,03/11/2021,KENTUCKY,5&6,,,
Kentucky October Yearlings (2022),2022-10-27,1524,CH,F,MUCHO MACHO MAN,RAMBLIN ROSIE,ROAR,MORRIS B. FLOYD & CHUCK GIVENS AGENT,GRASSROOTS TRN & SALES LLC,30000,,05/10/2021,KENTUCKY,4,,,
Kentucky October Yearlings (2022),2022-10-27,1525,GRR,C,FUNTASTIC,RANGERETTE,U S RANGER,GAINESWAY AGENT VI,LARRY MEJIAS,15000,,05/02/2021,KENTUCKY,5&6,,,
Kentucky October Yearlings (2022),2022-10-27,1526,B,C,PALACE MALICE,RAPID RHYTHM,SUCCESSFUL APPEAL,LANE'S END AGENT,TOM POJAR,9000,,03/14/2021,KENTUCKY,1,,,
Kentucky October Yearlings (2022),2022-10-27,1527,DKB,F,MITOLE,RAPIDS,PIONEEROF THE NILE,BLAKE-ALBINA THOROUGHBRED SERVICES LLC AGENT I,EQUINOX INC AGENT FOR GEORGE SHARP,55000,,05/24/2021,NEW YORK,11,,,
Kentucky October Yearlings (2022),2022-10-27,1528,B,C,GUN RUNNER,RAUCOUS,SPEIGHTSTOWN,LANE'S END AGENT,KLARAVICH STABLES,360000,,03/03/2021,KENTUCKY,1,,,
Kentucky October Yearlings (2022),2022-10-27,1529,DKB,F,HONOR CODE,RAVER,TIZNOW,CALUMET FARM,LEADING EDGE BLOODSTOCK,20000,,02/08/2021,KENTUCKY,21,,,
Kentucky October Yearlings (2022),2022-10-27,1530,DKB,C,MITOLE,RAVING ABOUT YOU,ARCH,HUNTER VALLEY FARM AGENT,SCANLON TRAINING & SALES,80000,,02/21/2021,KENTUCKY,9,,,
Kentucky October Yearlings (2022),2022-10-27,1531,CH,F,TONALIST,RAVISH,CALEB'S POSSE,CANDY MEADOWS SALES AGENT III,NINA GUEORGUIEVA,20000,,02/10/2021,KENTUCKY,10,,,
Kentucky October Yearlings (2022),2022-10-27,1532,B,F,GET STORMY,R CITY GIRL,TEMPLE CITY,COLUMBIANA FARM LLC AGENT,CARLOS FLORES,4000,,03/12/2021,KENTUCKY,20,,,
Kentucky October Yearlings (2022),2022-10-27,1533,B,F,OMAHA BEACH,REACH THE STARS (IRE),GALILEO (IRE),HILL 'N' DALE AT XALAPA AGENT,NOT SOLD,40000,,04/25/2021,KENTUCKY,4,,,
Kentucky October Yearlings (2022),2022-10-27,1534,B,F,MO TOWN,REALLY,THE FACTOR,WARRENDALE SALES AGENT XI,OUT,0,,02/01/2021,KENTUCKY,21,,,
Kentucky October Yearlings (2022),2022-10-27,1535,B,C,CINCO CHARLIE,REBA'S CAT,CONSOLIDATOR,MAINE CHANCE FARM (UNIVERSITY OF KENTUCKY),ROY COFFEY,1000,,03/13/2021,KENTUCKY,19,,,
Kentucky October Yearlings (2022),2022-10-27,1536,GRR,C,MORE THAN READY,REBECCA'S SURPRISE,MARINO MARINI,BUCK POND FARM (DOUGLAS S. ARNOLD) AGENT,NOT SOLD,90000,,04/19/2021,KENTUCKY,11,,,
Kentucky October Yearlings (2022),2022-10-27,1537,CH,F,MASTERY,REDBUD,UNION RAGS,WARRENDALE SALES AGENT VII,OBDULIA VEGA,5000,,03/26/2021,KENTUCKY,21,,,
Kentucky October Yearlings (2022),2022-10-27,1538,DKB,F,LEOFRIC,REDDAXLE,REDATTORE (BRZ),DOUBLE R CONSIGNMENT AGENT,QUARTER POLE INVESTMENTS LLC,8000,,01/15/2021,NEW YORK,19,,,
Kentucky October Yearlings (2022),2022-10-27,1539,B,F,UNCLE MO,RED SASHAY,BIG BROWN,FOUR STAR SALES AGENT,X-MEN RACING,135000,,05/13/2021,KENTUCKY,17,,,
Kentucky October Yearlings (2022),2022-10-27,1540,B,C,MACLEAN'S MUSIC,RED TABBY,BLUEGRASS CAT,HILL 'N' DALE AT XALAPA AGENT,NOT SOLD,7000,,03/19/2021,TEXAS,4,,,
Kentucky October Yearlings (2022),2022-10-27,1541,B,F,ALTERNATION,REIN IN AVARICITY,INCLUDE,CANDY MEADOWS SALES AGENT III,ERIC AQUINO JOSE BLANCO AGT.,15000,,02/23/2021,KENTUCKY,10,,,
Kentucky October Yearlings (2022),2022-10-27,1542,B,C,SPEIGHTSTER,RELAX,SMART STRIKE,HUNTER VALLEY FARM AGENT,MCCUTCHEN TRAINING CENTER AGT,57000,,04/11/2021,KENTUCKY,9,,,
Kentucky October Yearlings (2022),2022-10-27,1543,B,C,UNCLE MO,RELAXING GREEN,FORMAL GOLD,BROOKDALE SALES AGENT FOR JACK SWAIN,NOT SOLD,95000,,01/30/2021,KENTUCKY,18,,,
Kentucky October Yearlings (2022),2022-10-27,1544,CH,F,CONNECT,REMEMBER LUCY,TALE OF EKATI,ST GEORGE SALES AGENT XVII,KENNETH MCPEEK AGENT,75000,,05/17/2021,KENTUCKY,10,,,
Kentucky October Yearlings (2022),2022-10-27,1545,DKB,C,SPEIGHTSTER,RENA,MORE THAN READY,DARBY DAN FARM AGENT X,K.O.I.D.,20000,,04/02/2021,KENTUCKY,18,,,
Kentucky October Yearlings (2022),2022-10-27,1546,B,C,KANTHAROS,RENARDS LAPIN,TIZNOW,FOUR STAR SALES AGENT,SHELTOWEE,2500,,02/20/2021,KENTUCKY,17,,,
Kentucky October Yearlings (2022),2022-10-27,1547,CH,F,MASTERY,RESCUE,FIRST SAMURAI,CLAIBORNE FARM AGENT,SAUL MARQUEZ,10000,,02/21/2021,KENTUCKY,8,,,
Kentucky October Yearlings (2022),2022-10-27,1548,CH,C,JIMMY CREED,RETTALFA,FLATTER,MAINE CHANCE FARM (UNIVERSITY OF KENTUCKY),GRASSROOTS TRN & SALES LLC,10000,,04/06/2021,KENTUCKY,19,,,
Kentucky October Yearlings (2022),2022-10-27,1549,B,F,FLAMEAWAY,REVENGEFULPLEASURE,STEPHEN GOT EVEN,VINERY SALES AGENT XXXII,CHARLES PEARSON BIG EASY AGT.,17000,,03/31/2021,KENTUCKY,22 &23,,,
Kentucky October Yearlings (2022),2022-10-27,1550,B,C,CONNECT,REZISTER,DEPUTY MINISTER,LEGACY BLOODSTOCK AGENT V,ANTONIO VILLAGRAN,4000,,04/28/2021,KENTUCKY,22,,,
Kentucky October Yearlings (2022),2022-10-27,1551,B,C,VINO ROSSO,R FROSTY ONE,SOUTHERN SUCCESS,FOUR STAR SALES AGENT,OUT,0,,04/09/2021,KENTUCKY,17,,,
Kentucky October Yearlings (2022),2022-10-27,1552,B,F,MEDAGLIA D'ORO,RICH MOMMY,ALGORITHMS,MULHOLLAND SPRINGS AGENT FOR SPENDTHRIFT FARM LLC,NOT SOLD,235000,,02/26/2021,KENTUCKY,14,,,
Kentucky October Yearlings (2022),2022-10-27,1553,CH,F,GOOD MAGIC,RICKETYRACKETYRUSS,BORREGO,TAYLOR MADE SALES AGENCY AGENT XV,NOT SOLD,55000,,02/10/2021,KENTUCKY,12 &16,,,
Kentucky October Yearlings (2022),2022-10-27,1554,CH,C,LORD NELSON,RIDGESTER,CACTUS RIDGE,RICKY HIGGS AGENT,SOUTHERN RACING,2000,,03/01/2021,KENTUCKY,15,,,
Kentucky October Yearlings (2022),2022-10-27,1555,DKB,C,AMERICAN PHAROAH,RIGGED SMART,SMART STRIKE,GAINESWAY AGENT XXVI,OUT,0,,04/21/2021,KENTUCKY,5&6,,,
Kentucky October Yearlings (2022),2022-10-27,1556,DKB,F,YOSHIDA (JPN),RITZ AND GLITZ,DESERT PARTY,BRANDYWINE FARM (JIM & PAM ROBINSON),JOEL ZAMZOW & HUGH H ROBERTSON,40000,,03/18/2021,KENTUCKY,15,,,
Kentucky October Yearlings (2022),2022-10-27,1557,B,F,BRODY'S CAUSE,RIVIE,PETIONVILLE,VINERY SALES AGENT LXXVI,ROSHAN CHARLTON,3000,,01/30/2021,INDIANA,22 &23,,,
Kentucky October Yearlings (2022),2022-10-27,1558,DKB,C,CLOUD COMPUTING,R MAC DEVIL,DEVIL HIS DUE,GROVENDALE SALES AGENT IV,NOT SOLD,2000,,05/04/2021,KENTUCKY,2,,,
Kentucky October Yearlings (2022),2022-10-27,1559,DKB,F,OUTWORK,ROCK HARD CAT,ROCK HARD TEN,EQUUS FARM (JERRY CUMMINS/PAUL ADAMS) AGENT I,KELLY MEJIAS,6000,,04/29/2021,KENTUCKY,14,,,
Kentucky October Yearlings (2022),2022-10-27,1560,DKB,C,MALIBU MOON,ROCKIN,HARD SPUN,BURLESON FARMS AGENT,ROYAL COLORS RACING LLC,20000,,04/25/2021,KENTUCKY,23,,,
Kentucky October Yearlings (2022),2022-10-27,1561,CH,C,CURLIN,ROCK JASMINE,HORSE CHESTNUT (SAF),HUNTER VALLEY FARM AGENT,FERGUS GALVIN AGENT,250000,,03/17/2021,KENTUCKY,9,,,
Kentucky October Yearlings (2022),2022-10-27,1562,B,F,TWIRLING CANDY,ROMANCE IS ROMAN,IN EXCESS (IRE),TAYLOR MADE SALES AGENCY AGENT XXIV,NOT SOLD,130000,,04/25/2021,KENTUCKY,12 &16,,,
Kentucky October Yearlings (2022),2022-10-27,1563,DKB,C,PAYNTER,ROMANTIC INTENTION,SUAVE,MOONESTONE SALES AGENT II,QUINN HOWEY AGENT FOR BOARDSHORTS STABLES,10000,,05/04/2021,KENTUCKY,21,,,
Kentucky October Yearlings (2022),2022-10-27,1564,DKB,F,MENDELSSOHN,RONTOS LILY,BIG DRAMA,SMALL BATCH SALES AGENT,JEFF MACKOR AGT,17000,,02/27/2021,KENTUCKY,20,,,
Kentucky October Yearlings (2022),2022-10-27,1565,GRR,C,CROSS TRAFFIC,ROOM FOR APTITUDE,APTITUDE,BROOKDALE SALES AGENT,DJ STABLE LLC,120000,,03/28/2021,KENTUCKY,18,,,
Kentucky October Yearlings (2022),2022-10-27,1566,B,F,TOURIST,ROSANGELA,EL PRADO (IRE),LANE'S END AGENT,ALEJANDRO CONTRERAS,1000,,05/03/2021,KENTUCKY,1,,,
Kentucky October Yearlings (2022),2022-10-27,1567,CH,C,STREET BOSS,ROSE AGAIN,CURLIN,HUNTER VALLEY FARM AGENT,H R BLOODSTOCK,95000,,02/05/2021,NEW YORK,9,,,
Kentucky October Yearlings (2022),2022-10-27,1568,B,F,UNION RAGS,ROSEE IS COZEE,COZZENE,NARDELLI SALES AGENT V,MWG-LLC,15000,,04/06/2021,KENTUCKY,5,,,
Kentucky October Yearlings (2022),2022-10-27,1569,B,C,TAPIT,ROSEMONDE,INDIAN CHARLIE,GAINESWAY AGENT XVIII,KLARAVICH STABLES,250000,,02/18/2021,KENTUCKY,5&6,,,
Kentucky October Yearlings (2022),2022-10-27,1570,CH,C,CREATIVE CAUSE,ROSE OF CAIRO,CAIRO PRINCE,BRERETON C. JONES/AIRDRIE STUD INC. AGENT,DJR AGENT,80000,,02/28/2021,KENTUCKY,3,,,
Kentucky October Yearlings (2022),2022-10-27,1571,B,C,STREET SENSE,ROSE SAPPHIRE,CONGRATS,HIDDEN BROOK AGENT II,OUT,0,,02/14/2021,KENTUCKY,22,,,
Kentucky October Yearlings (2022),2022-10-27,1572,B,F,BOLT D'ORO,ROSIE MY ROSIE,PURGE,EATON SALES AGENT,GREG FOLEY,195000,,05/17/2021,KENTUCKY,7,,,
Kentucky October Yearlings (2022),2022-10-27,1573,GRR,F,YOSHIDA (JPN),ROSIE O'PRADO,PADDY O'PRADO,TAYLOR MADE SALES AGENCY AGENT XVIII,SEAN FLANAGAN,25000,,04/05/2021,KENTUCKY,12 &16,,,
Kentucky October Yearlings (2022),2022-10-27,1574,CH,F,VINO ROSSO,ROUSSALKA,SKIPSHOT,VINERY SALES AGENT LI,NOT SOLD,25000,,03/30/2021,KENTUCKY,22 &23,,,
Kentucky October Yearlings (2022),2022-10-27,1575,DKB,F,WORLD OF TROUBLE,ROXANNE O,ROCK HARD TEN,PETER SHEPPELL THOROUGHBREDS AGENT,M.E. II RACING,31000,,04/17/2021,OHIO,23,,,
Kentucky October Yearlings (2022),2022-10-27,1576,GRR,C,VIOLENCE,ROYAL ANGEL,CAIRO PRINCE,VINERY SALES AGENT LXXIX,OUT,0,,03/18/2021,KENTUCKY,22 &23,,,
Kentucky October Yearlings (2022),2022-10-27,1577,DKB,C,NOBLE MISSION (GB),ROYAL COPENHAGEN (FR),INCHINOR (GB),LEGACY BLOODSTOCK AGENT V,BLAZING FOREST STABLE,1500,,04/04/2021,KENTUCKY,22,,,
Kentucky October Yearlings (2022),2022-10-27,1578,CH,C,GOOD SAMARITAN,ROYALE HARBOR,ROCKPORT HARBOR,LITTLE'S BLOODSTOCK AGENT IV,TRAVIS SHORT,1500,,03/11/2021,KENTUCKY,19,,,
Kentucky October Yearlings (2022),2022-10-27,1579,CH,C,CATALINA CRUISER,ROYALE MICHELE,ELUSIVE QUALITY,POPE MCLEAN (CRESTWOOD FARM) AGENT VI,111 WARRIORS,45000,,04/17/2021,NEW YORK,23,,,
Kentucky October Yearlings (2022),2022-10-27,1580,DKB,F,UPSTART,ROYAL RHIANNON,BROKEN VOW,BLAKE-ALBINA THOROUGHBRED SERVICES LLC AGENT I,TAPROOT BLOODSTOCK AGENT,70000,,04/07/2021,KENTUCKY,11,,,
Kentucky October Yearlings (2022),2022-10-27,1581,B,F,FROSTED,ROYAL ROAD,QUALITY ROAD,EATON SALES AGENT,HOWLING WOLF INVESTMENTS,19000,,04/30/2021,KENTUCKY,7,,,
Kentucky October Yearlings (2022),2022-10-27,1582,B,C,HONOR CODE,ROYALTY,BIRDSTONE,SCOTT MALLORY AGENT IV,OBDULIA VEGA,20000,,04/15/2021,KENTUCKY,21,,,
Kentucky October Yearlings (2022),2022-10-27,1583,B,C,BOLT D'ORO,ROZZIE,TO HONOR AND SERVE,EATON SALES AGENT,NOT SOLD,67000,,04/26/2021,KENTUCKY,7,,,
Kentucky October Yearlings (2022),2022-10-27,1584,DKB,F,TEMPLE CITY,R SMARTY PANTS,SMART STRIKE,SMALL BATCH SALES AGENT VII,RICHARD LUECK,15000,,04/01/2021,KENTUCKY,20,,,
Kentucky October Yearlings (2022),2022-10-27,1585,B,C,MITOLE,R TRUE TALENT,YES IT'S TRUE,VINERY SALES AGENT IX,O J JAUREGUI,8000,,01/29/2021,FLORIDA,22 &23,,,
Kentucky October Yearlings (2022),2022-10-27,1586,B,F,BIG BROWN,RUBY DUSK,HARLAN'S HOLIDAY,TAYLOR MADE SALES AGENCY AGENT XXVIII,TONJA TERRANOVA AGENT,55000,,02/09/2021,NEW YORK,12 &16,,,
Kentucky October Yearlings (2022),2022-10-27,1587,B,F,ENTICED,RUBY FALLS,BROKEN VOW,DARBY DAN FARM AGENT VIII,OUT,0,,03/22/2021,WEST VIRGINIA,18,,,
Kentucky October Yearlings (2022),2022-10-27,1588,CH,C,TALE OF VERVE,RUBYWOOD,WOODMAN,HUNTER VALLEY FARM AGENT,TED REYNOLDS,9500,,04/24/2021,KENTUCKY,9,,,
Kentucky October Yearlings (2022),2022-10-27,1589,B,C,BLAME,RUMOR,INDIAN CHARLIE,CLAIBORNE FARM AGENT,RED WINGS,80000,,04/28/2021,KENTUCKY,8,,,
Kentucky October Yearlings (2022),2022-10-27,1590,DKB,C,HONOR CODE,RUN A DUBB DUBB,HARLINGTON,NICKY DRION THOROUGHBREDS AGENT III,TIKI TOKI,10000,,03/09/2021,NEW YORK,20,,,
Kentucky October Yearlings (2022),2022-10-27,1591,CH,F,SPEIGHTSTER,RUN A ROUND,BROKEN VOW,MULHOLLAND FARM,TAPROOT BLOODSTOCK AGENT,25000,,04/12/2021,KENTUCKY,23,,,
Kentucky October Yearlings (2022),2022-10-27,1592,DKB,C,VINO ROSSO,RUN ON BUY,LEMON DROP KID,VINERY SALES AGENT LXXXVIII,OUT,0,,03/02/2021,TEXAS,22 &23,,,
Kentucky October Yearlings (2022),2022-10-27,1593,B,F,AUDIBLE,RUSHA'S KITTEN,KITTEN'S JOY,RAMSEY FARM AGENT,BROODLING,45000,,04/04/2021,KENTUCKY,21,,,
Kentucky October Yearlings (2022),2022-10-27,1594,B,F,SPEIGHTSTER,RYSY,LANGFUHR,STUART MORRIS AGENT FOR DINO'S THOROUGHBREDS & BARAK FARM,OUT,0,,05/03/2021,MARYLAND,21,,,
