SALE TITLE,SESSION,HIP,COLOR,SEX,SIRE,DAM,SIRE OF DAM,PROPERTY LINE,PURCHASER,PRICE,PRIVATE SALE,YEAR OF BIRTH,FOALED,BARN,COVER DATE,SOLD AS DESCRIPTION,VIRTUAL INSPECTION
Kentucky October Yearlings (2020),2020-10-26,1,B,F,MSHAWISH,GALANTY SHOW (GB),DANEHILL,SIERRA FRIA FARM AGENT,NOT SOLD,9000,,04/05/2019,KENTUCKY,11,,,
Kentucky October Yearlings (2020),2020-10-26,2,CH,C,COMPETITIVE EDGE,GALAVANT,AWESOME AGAIN,BLUEWATER SALES LLC AGENT XII,TEAM FUN,29000,,04/04/2019,ONTARIO,8,,,https://vimeo.com/470934312
Kentucky October Yearlings (2020),2020-10-26,3,B,C,GORMLEY,GANESHA,SHARP HUMOR,CANDY MEADOWS SALES AGENT III,NOT SOLD,27000,,02/10/2019,KENTUCKY,10,,,
Kentucky October Yearlings (2020),2020-10-26,4,B,F,ANIMAL KINGDOM,GATEWAY TO GOLD,ARCH,STUART MORRIS AGENT III,LYDIA GRACE EPNER,7000,,03/21/2019,KENTUCKY,21,,,
Kentucky October Yearlings (2020),2020-10-26,5,DKB,F,TIZNOW,GEM,ELUSIVE QUALITY,SALLY THOMAS AGENT FOR MORGANS FORD FARM,OUT,0,,02/16/2019,VIRGINIA,20,,,
Kentucky October Yearlings (2020),2020-10-26,6,B,F,CUPID,GEORGE'S PEACH,PLEASANTLY PERFECT,ST GEORGE SALES AGENT XIII,JOHN SERVIS,17000,,04/25/2019,PENNSYLVANIA,10,,,https://vimeo.com/470897613
Kentucky October Yearlings (2020),2020-10-26,7,CH,F,LEA,GERENT,MONARCHOS,DENALI STUD AGENT XIII,OUT,0,,01/16/2019,KENTUCKY,1&2,,,
Kentucky October Yearlings (2020),2020-10-26,8,DKB,F,ORB,GETAWAY GIRL,SILVER DEPUTY,FRANKFORT PARK FARM AGENT,DON CAMPBELL,10000,,05/06/2019,KENTUCKY,12,,,
Kentucky October Yearlings (2020),2020-10-26,9,CH,F,PALACE,GETTEM UP GIRL,BELONG TO ME,POPE MCLEAN (CRESTWOOD FARM) AGENT VI,ROGER SPIESS,13000,,03/24/2019,INDIANA,17,,,
Kentucky October Yearlings (2020),2020-10-26,10,CH,F,STREET BOSS,GHOST DAZZLER,GHOSTZAPPER,FOUR STAR SALES AGENT,OUT,0,,03/25/2019,KENTUCKY,16,,,
Kentucky October Yearlings (2020),2020-10-26,11,B,C,AMERICAN PHAROAH,GHOSTLY DARKNESS,GHOSTZAPPER,WARRENDALE SALES AGENT XXIX,NOT SOLD,45000,,03/11/2019,KENTUCKY,21,,,
Kentucky October Yearlings (2020),2020-10-26,12,B,C,SPEIGHTSTOWN,GIFTED GIRL (IRE),AZAMOUR (IRE),LANE'S END AGENT,NOT SOLD,175000,,04/17/2019,KENTUCKY,1,,,https://vimeo.com/467293642
Kentucky October Yearlings (2020),2020-10-26,13,GRR,C,CREATIVE CAUSE,GILDED MIRACLE,GILDED TIME,BROOKDALE SALES AGENT FOR JACK SWAIN,CHRISTY (K.O.I.D.),15000,,03/25/2019,KENTUCKY,17,,,
Kentucky October Yearlings (2020),2020-10-26,14,B,F,LANTANA MOB,GIRL GLITTER,GLITTERMAN,PARAMOUNT SALES AGENT FOR JUSTICE FARM,NOT SOLD,6000,,02/11/2019,INDIANA,20,,,
Kentucky October Yearlings (2020),2020-10-26,15,CH,C,TAPITURE,GIULIETTA,DUNKIRK,VINERY SALES AGENT FOR HAYMARKET FARM LLC,KINGS EQUINE,9000,,03/21/2019,KENTUCKY,22&23,,,https://vimeo.com/463484445
Kentucky October Yearlings (2020),2020-10-26,16,GRR,F,STREET BOSS,GIVINE (FR),BLACKDOUN (FR),GAINESWAY AGENT XXXV,LIZ KLOPP,2000,,03/21/2019,KENTUCKY,5&6,,,https://vimeo.com/471162946
Kentucky October Yearlings (2020),2020-10-26,17,GRR,F,DIVINING ROD,GLACKETY,SMOKE GLACKEN,STUART MORRIS AGENT FOR BARAK FARM,STEPHENS THOROUGHBREDS LLC,24000,,03/08/2019,MARYLAND,21,,,
Kentucky October Yearlings (2020),2020-10-26,18,B,C,CONSTITUTION,GLAMOUR QUEEN,ARTIE SCHILLER,MACHMER HALL SALES AGENT VIII,MAVERICK RACING LP,110000,,04/08/2019,KENTUCKY,5&6,,,https://vimeo.com/471349838
Kentucky October Yearlings (2020),2020-10-26,19,DKB,F,EXAGGERATOR,GLENCOE CHURCH,CAPOTE,CROWNING POINT FARM AGENT,BL TRANSPORT,8000,,03/04/2019,KENTUCKY,18,,,
Kentucky October Yearlings (2020),2020-10-26,20,B,F,PIONEEROF THE NILE,GLORYZAPPER,GHOSTZAPPER,TAYLOR MADE SALES AGENCY AGENT FOR AARON & MARIE JONES LLC,OUT,0,,03/03/2019,KENTUCKY,22&23,,,
Kentucky October Yearlings (2020),2020-10-26,21,CH,C,DAREDEVIL,GO GLADYS GO,DIXIE UNION,LANE'S END AGENT,BLAS PEREZ STABLES,14000,,02/09/2019,KENTUCKY,1,,,https://youtu.be/i6-noVhmrQE
Kentucky October Yearlings (2020),2020-10-26,22,GRR,F,FROSTED,GOLD D'ORO,MEDAGLIA D'ORO,KATIERICH FARMS,CARY BLOODSTOCK AGENT,35000,,05/04/2019,KENTUCKY,12,,,
Kentucky October Yearlings (2020),2020-10-26,23,B,C,GUN RUNNER,GOLDEN ARTEMIS,MALIBU MOON,DENALI STUD AGENT XVIII,OUT,0,,05/14/2019,KENTUCKY,1&2,,,https://youtu.be/I-GhkeL4rTk
Kentucky October Yearlings (2020),2020-10-26,24,B,C,INTO MISCHIEF,GOLDEN CROPPER (AUS),MORE THAN READY,LANE'S END AGENT,JUDDMONTE FARMS INC,260000,,02/09/2019,KENTUCKY,1,,,https://vimeo.com/467293681
Kentucky October Yearlings (2020),2020-10-26,25,B,C,DISTORTED HUMOR,GOLDEN FLAIR,MEDAGLIA D'ORO,SIERRA FARM,EXPOLINE CO LTD,20000,,03/22/2019,KENTUCKY,12,,,https://vimeo.com/470923351
Kentucky October Yearlings (2020),2020-10-26,26,CH,C,BRODY'S CAUSE,GOLDEN HAZE,POMEROY,TAYLOR MADE SALES AGENCY AGENT XIII,KENNETH MCPEEK AGENT,90000,,01/13/2019,KENTUCKY,22&23,,,https://youtu.be/11TXyOiWPPc
Kentucky October Yearlings (2020),2020-10-26,27,DKB,C,SUMMER FRONT,GOLDEN MEAN,MT. LIVERMORE,TAYLOR MADE SALES AGENCY AGENT XIX,NOT SOLD,24000,,03/28/2019,ONTARIO,22&23,,,https://youtu.be/-OyxMzXaFzs
Kentucky October Yearlings (2020),2020-10-26,28,B,F,SHACKLEFORD,GOLDEN MEMORIES,SUAVE,DARBY DAN FARM AGENT II,MICHAEL SCHMIDT,30000,,05/06/2019,KENTUCKY,16,,,
Kentucky October Yearlings (2020),2020-10-26,29,DKB,C,PIONEEROF THE NILE,GOLDFIELD,YES IT'S TRUE,WARRENDALE SALES AGENT FOR STONESTREET BRED & RAISED,OUT,0,,04/30/2019,KENTUCKY,21,,,
Kentucky October Yearlings (2020),2020-10-26,30,DKB,F,UNIFIED,GOLD INVITATION,GOLDEN GEAR,LEGACY BLOODSTOCK AGENT FOR TWO HEARTS FARM II,BRAD SIMPSON STABLES,6000,Y,03/19/2019,KENTUCKY,23,,,https://vimeo.com/471731385
Kentucky October Yearlings (2020),2020-10-26,31,CH,C,VERRAZANO,GOLDLEAFED MIRROR,GOLD ALERT,BUCK POND FARM (DOUGLAS S. ARNOLD) AGENT,JOE K SHAW,14000,,03/06/2019,KENTUCKY,22,,,https://www.youtube.com/watch?v=K3PTJid-J2A
Kentucky October Yearlings (2020),2020-10-26,32,B,F,HARD SPUN,GOLD N ESKIMO,SEEKING THE GOLD,GREENFIELD FARM (B.D. GIBBS FARM LLC) AGENT FOR K.C GARRETT FARM,FRANKLIN AVE EQUINE LLC,50000,,05/06/2019,KENTUCKY,12,,,https://vimeo.com/470922879
Kentucky October Yearlings (2020),2020-10-26,33,B,F,BRODY'S CAUSE,GOLDSPUN,HARD SPUN,WARRENDALE SALES AGENT V,NICK PALMER AGENT,17000,,04/18/2019,KENTUCKY,21,,,https://vimeo.com/471380374
Kentucky October Yearlings (2020),2020-10-26,34,B,F,LAOBAN,GOLDSTREAK,AWESOME AGAIN,WYNNSTAY SALES AGENT I,OUT,0,,03/25/2019,IOWA,7,,,
Kentucky October Yearlings (2020),2020-10-26,35,B,C,QUALITY ROAD,GONE CALLIN,PROUD CITIZEN,TAYLOR MADE SALES AGENCY AGENT LIV,NOT SOLD,145000,,01/20/2019,KENTUCKY,22&23,,,https://youtu.be/vCM2GQaVDJg
Kentucky October Yearlings (2020),2020-10-26,36,DKB,F,KLIMT,GOOD GRAMMAR,EXCHANGE RATE,WARRENDALE SALES AGENT XV,ENDSWELL,20000,,02/20/2019,KENTUCKY,21,,,https://vimeo.com/468890154
Kentucky October Yearlings (2020),2020-10-26,37,DKB,C,SPEIGHTSTER,GOODY TWO SHOES,ORIENTATE,BRANDYWINE FARM (JIM & PAM ROBINSON),JAMES R LAYDEN,8000,Y,03/21/2019,KENTUCKY,15,,,
Kentucky October Yearlings (2020),2020-10-26,38,DKB,F,DECLARATION OF WAR,GRACE FOR GRACE,ENGLISH CHANNEL,PARAMOUNT SALES AGENT VII,NOT SOLD,17000,,03/12/2019,KENTUCKY,20,,,
Kentucky October Yearlings (2020),2020-10-26,39,CH,F,DANZA,GRACEFUL LIGHT,SILVER TRAIN,CANDY MEADOWS SALES AGENT VIII,OUT,0,,02/07/2019,NEW YORK,10,,,
Kentucky October Yearlings (2020),2020-10-26,40,GRR,F,CROSS TRAFFIC,GRACEFULLY DONE,DEPUTY COMMANDER,BRANDYWINE FARM (JIM & PAM ROBINSON),DON CAMPBELL,2000,Y,05/12/2019,KENTUCKY,15,,,
Kentucky October Yearlings (2020),2020-10-26,41,CH,C,CARPE DIEM,GRACE IS READY,MORE THAN READY,LITTLE'S BLOODSTOCK LLC AGENT,COOL HILL FARM,3500,,03/21/2019,KENTUCKY,19,,,
Kentucky October Yearlings (2020),2020-10-26,42,B,F,ELUSIVE BLUFF,GRACE OF GOLD,CACTUS RIDGE,VINERY SALES AGENT X,JONATHAN NANCE,5500,Y,02/15/2019,INDIANA,22&23,,,
Kentucky October Yearlings (2020),2020-10-26,43,DKB,F,SUPER SAVER,GRACIA DIRECTA (GER),KYLLACHY (GB),PARAMOUNT SALES AGENT VI,ERIC STEINMANN,1500,,04/18/2019,KENTUCKY,20,,,
Kentucky October Yearlings (2020),2020-10-26,44,CH,F,ANCHOR DOWN,GRACIOUS,ELUSIVE QUALITY,CRAIG BOONE AGENT,NOT SOLD,9000,,04/01/2019,KENTUCKY,11,,,
Kentucky October Yearlings (2020),2020-10-26,45,B,F,HARD SPUN,GRANDACIOUS,GRAND SLAM,EATON SALES AGENT,RAYMIE LIGHTNER AGENT FOR MIKE NENTWIG,30000,,02/03/2019,KENTUCKY,7,,,https://vimeo.com/470902406
Kentucky October Yearlings (2020),2020-10-26,46,DKB,C,LORD NELSON,GRANDE MELODY (IRE),GRAND LODGE,MULHOLLAND SPRINGS AGENT XVIII,OUT,0,,03/30/2019,NEW YORK,14,,,
Kentucky October Yearlings (2020),2020-10-26,47,DKB,F,SUMMER FRONT,GRANDIOSE,GRAND REWARD,VINERY SALES AGENT VIII,OUT,0,,04/17/2019,KENTUCKY,22&23,,,
Kentucky October Yearlings (2020),2020-10-26,48,CH,C,BAYERN,GRAT,A.P. INDY,GLEN HILL FARM,QUARTER POLE ENTERPRISES LLC,105000,,04/01/2019,KENTUCKY,4,,,https://vimeo.com/468084702
Kentucky October Yearlings (2020),2020-10-26,49,B,C,MACLEAN'S MUSIC,GRATIFICATION,SCAT DADDY,BLUEWATER SALES LLC AGENT VIII,MIKE G RUTHERFORD,35000,,04/03/2019,KENTUCKY,8,,,
Kentucky October Yearlings (2020),2020-10-26,50,DKB,C,LORD NELSON,GREATEST SHOW,STORM CAT,VINERY SALES AGENT FOR HAYMARKET FARM LLC,Q BAR J THOROUGHBREDS,40000,,04/28/2019,KENTUCKY,22&23,,,https://vimeo.com/463487947
Kentucky October Yearlings (2020),2020-10-26,51,DKB,F,BLAME,GREAT MILLS HIGH,STUDENT COUNCIL,BUCKLAND SALES (ZACH MADDEN) AGENT I,NOT SOLD,36000,,05/04/2019,KENTUCKY,20,,,https://youtu.be/ubel8cnVmRQ
Kentucky October Yearlings (2020),2020-10-26,52,CH,C,OVERANALYZE,GREELEY GREELEY,MR. GREELEY,WARRENDALE SALES AGENT XXIX,TARI BROCKLEBANK,9500,,04/19/2019,KENTUCKY,21,,,
Kentucky October Yearlings (2020),2020-10-26,53,B,F,TAPITURE,GREETING CARD,SECRET HELLO,SCOTT MALLORY AGENT FOR HOLMES & ULLERY,ROBERT TUCKER DDS,20000,,04/22/2019,KENTUCKY,21,,,
Kentucky October Yearlings (2020),2020-10-26,54,DKB,F,MR SPEAKER,GREY PRIDE,MIZZEN MAST,KEITH LANCASTER AGENT,WATERSHED EQUINE,1200,,04/13/2019,ONTARIO,22,,,
Kentucky October Yearlings (2020),2020-10-26,55,B,C,CURLIN,GROSSE POINTE ANNE,SILVER DEPUTY,INDIAN CREEK AGENT,OUT,0,,05/13/2019,KENTUCKY,2,,,https://vimeo.com/469232339
Kentucky October Yearlings (2020),2020-10-26,56,B,F,SUMMER FRONT,GUESS THE DANCE,AUSTIN POWERS (IRE),WAR HORSE PLACE LLC AGENT V,HIPPO RACING,4000,,03/07/2019,PENNSYLVANIA,4,,,https://vimeo.com/471866043
Kentucky October Yearlings (2020),2020-10-26,57,B,C,TU BRUTUS (CHI),GULCHIC,GULCH,LEDGELANDS LLC,NOT SOLD,4500,,04/19/2019,KENTUCKY,15,,,https://vimeo.com/469910803
Kentucky October Yearlings (2020),2020-10-26,58,CH,C,WILL TAKE CHARGE,GUST,KANTHAROS,SIERRA FARM,DANTE ZANELLI AGENT FOR DONA LICHA STABLES,3500,,02/27/2019,KENTUCKY,12,,,https://vimeo.com/470923355
Kentucky October Yearlings (2020),2020-10-26,59,GRR,F,BIRD SONG,GYPSY ANGEL,SILVER TRAIN,BLAKE-ALBINA THOROUGHBRED SERVICES LLC AGENT I,VICTOR CANIZALEZ,37000,,03/29/2019,KENTUCKY,11,,,
Kentucky October Yearlings (2020),2020-10-26,60,B,F,POINT OF ENTRY,GYPSY PRINCESS,UNBRIDLED'S SONG,EATON SALES AGENT,SELECTIVE LLC,160000,,04/20/2019,KENTUCKY,7,,,https://vimeo.com/468783733/589a7b1dc1
Kentucky October Yearlings (2020),2020-10-26,61,B,F,VANCOUVER (AUS),GYPSY SAGE,HENNESSY,HUNTER VALLEY FARM AGENT,4 E.S.,20000,,03/09/2019,KENTUCKY,9,,,https://vimeo.com/469222159
Kentucky October Yearlings (2020),2020-10-26,62,B,F,FROSTED,HALCYON,ARCH,WOODS EDGE FARM (PETER O'CALLAGHAN) AGENT,NOT SOLD,65000,,02/12/2019,NEW YORK,11,,,https://vimeo.com/466860552
Kentucky October Yearlings (2020),2020-10-26,63,CH,F,KEEN ICE,HALF PAST MIDNIGHT,ANY GIVEN SATURDAY,VINERY SALES AGENT XXVIII,LEONARDO SANCHEZ,3500,Y,03/09/2019,KENTUCKY,22&23,,,https://vimeo.com/469951753
Kentucky October Yearlings (2020),2020-10-26,64,B,C,NOT THIS TIME,HALLELUJAH TRAIL,GILDED TIME,TAYLOR MADE SALES AGENCY AGENT XVI,OUT,0,,03/28/2019,KENTUCKY,22&23,,,
Kentucky October Yearlings (2020),2020-10-26,65,DKB,F,SPEIGHTSTER,HALLIE AND BETH,DAYJUR,BLUEWATER SALES LLC AGENT III,OUT,0,,03/14/2019,KENTUCKY,8,,,
Kentucky October Yearlings (2020),2020-10-26,66,CH,C,LEMON DROP KID,HALLNOR,HORSE CHESTNUT (SAF),CARA BLOODSTOCK (BERNARD MCCORMACK) AGENT II,NOT SOLD,27000,,05/10/2019,ONTARIO,18,,,https://vimeo.com/468540847
Kentucky October Yearlings (2020),2020-10-26,67,CH,F,JIMMY CREED,HALONA,PARADING,SHEPPELL THOROUGHBREDS AGENT,JOHN W ROYER,9500,,05/09/2019,OHIO,21,,,
Kentucky October Yearlings (2020),2020-10-26,68,DKB,F,AMERICAN PHAROAH,HANDWOVEN,INDIAN CHARLIE,BACCARI BLOODSTOCK LLC AGENT III,MIKE G RUTHERFORD,55000,,04/26/2019,KENTUCKY,3,,,https://vimeo.com/471673079
Kentucky October Yearlings (2020),2020-10-26,69,CH,C,EXAGGERATOR,HANGINGBYAMOMENT,THUNDER GULCH,SOUTH POINT SALES AGENCY AGENT III,NOT SOLD,24000,,04/01/2019,ONTARIO,18,,,https://vimeo.com/471823570
Kentucky October Yearlings (2020),2020-10-26,70,B,C,LIAISON,HANG ON SLOOPY,FORESTRY,SCOTT MALLORY AGENT X,NOT SOLD,19000,,03/24/2019,INDIANA,21,,,
Kentucky October Yearlings (2020),2020-10-26,71,DKB,F,MR SPEAKER,HAPPINESS IS,DYNAFORMER,EATON SALES AGENT,OUT,0,,04/08/2019,KENTUCKY,7,,,
Kentucky October Yearlings (2020),2020-10-26,72,B,F,STRONG MANDATE,HAPPYBIRTHDAYBABY,SUCCESSFUL APPEAL,PARAMOUNT SALES AGENT XXXIII,DAVANT LATHAM AGENT,15000,,05/06/2019,KENTUCKY,20,,,https://youtu.be/u-7Ri7WssXQ
Kentucky October Yearlings (2020),2020-10-26,73,DKB,F,CLASSIC EMPIRE,HAPPY MOTORING,HARLAN'S HOLIDAY,EATON SALES AGENT FOR DR. HIRAM C. POLK & DR. SUSAN GALANDIUK,FRANKLIN AVE EQUINE LLC,25000,,04/05/2019,KENTUCKY,7,,,https://vimeo.com/showcase/7670686/video/467969006
Kentucky October Yearlings (2020),2020-10-26,74,DKB,F,MISSION IMPAZIBLE,HAPPY RETREAT,MORE THAN READY,TAYLOR MADE SALES AGENCY AGENT LIII,OUT,0,,04/13/2019,NEW YORK,22&23,,,
Kentucky October Yearlings (2020),2020-10-26,75,B,F,TALE OF EKATI,HAPPY TO BE HOME,LANGFUHR,VINERY SALES AGENT VIII,OUT,0,,03/13/2019,ONTARIO,22&23,,,
Kentucky October Yearlings (2020),2020-10-26,76,DKB,F,DIALED IN,HARD SUN,ROCK HARD TEN,MACHMER HALL SALES AGENT XVII,PATRICK MCBURNEY AGENT,35000,,02/07/2019,KENTUCKY,5&6,,,https://vimeo.com/471349867
Kentucky October Yearlings (2020),2020-10-26,77,B,F,RACE DAY,HASHTAGSID,SCAT DADDY,STUART MORRIS AGENT XVI,GAYLE VAN LEER AGENT,1000,Y,04/13/2019,KENTUCKY,21,,,
Kentucky October Yearlings (2020),2020-10-26,78,GRR,C,CREATIVE CAUSE,HAT BOX,STREET CRY (IRE),GAINESWAY AGENT FOR WAYMORE LLC,AMREICAN HORSE,4000,,03/17/2019,KENTUCKY,5&6,,,
Kentucky October Yearlings (2020),2020-10-26,79,B,F,RUNHAPPY,HAYNESTOWN LADY,HAYNESFIELD,EATON SALES AGENT,OMAR RAMIREZ,10000,,03/14/2019,KENTUCKY,7,,,https://vimeo.com/471220628
Kentucky October Yearlings (2020),2020-10-26,80,DKB,F,WICKED STRONG,HEAD FOR HOME,WHISKEY WISDOM,COLUMBIANA FARM AGENT,JOHN H DILLOW,1500,,04/26/2019,KENTUCKY,17,,,
Kentucky October Yearlings (2020),2020-10-26,81,DKB,F,MINESHAFT,HEARTS OF RED,LION HEART,LEGACY BLOODSTOCK AGENT XXXII,MATTHEW MARTINEZ,15000,Y,04/29/2019,KENTUCKY,23,,,https://youtu.be/_wfOwchH5aE
Kentucky October Yearlings (2020),2020-10-26,82,CH,C,WILL TAKE CHARGE,HEATHER'S ANGEL,HENNESSY,WESTBROOK STABLES LLC,SAFIRE STABLES,12000,,04/27/2019,KENTUCKY,19,,,
Kentucky October Yearlings (2020),2020-10-26,83,B,F,GOLDENCENTS,HEATHER'S DREAM,TALE OF THE CAT,BROOKDALE SALES AGENT FOR MARY LOU PINCKNEY,RUSSELL RUTHERFORD,1600,,04/19/2019,OHIO,17,,,
Kentucky October Yearlings (2020),2020-10-26,84,GRR,F,RACE DAY,HEBREW SONG,DIXIE UNION,SCOTT MALLORY AGENT X,ROGER SPIESS,5000,,05/07/2019,INDIANA,21,,,
Kentucky October Yearlings (2020),2020-10-26,85,DKB,F,CAIRO PRINCE,HELEN KATHLEEN,CANDY RIDE (ARG),BLUEWATER SALES LLC AGENT II,SBM,16000,,04/24/2019,KENTUCKY,8,,,https://vimeo.com/470934431
Kentucky October Yearlings (2020),2020-10-26,86,GRR,C,DIALED IN,HELLO SUGAR,CEE'S TIZZY,SCOTT MALLORY AGENT,NOT SOLD,49000,,03/16/2019,KENTUCKY,21,,,
Kentucky October Yearlings (2020),2020-10-26,87,CH,F,GOLDENCENTS,HELLUVA HANGOVER,GRAND SLAM,BUCKLAND SALES (ZACH MADDEN) AGENT V,STEPHENS THOROUGHBREDS LLC,13000,,02/17/2019,OKLAHOMA,20,,,https://youtu.be/fl90nPEOOBA
Kentucky October Yearlings (2020),2020-10-26,88,CH,C,SPEIGHTSTER,HENNY'S PRINCESS,HENNY HUGHES,BUCKLAND SALES (ZACH MADDEN) AGENT XL,DANNY PATE,6000,,01/15/2019,NEW YORK,20,,,https://youtu.be/0djxPjQSGkg
Kentucky October Yearlings (2020),2020-10-26,89,DKB,C,MINESHAFT,HERE COMES COOKIE,SMART STRIKE,SCOTT MALLORY AGENT II,WATERSHED EQUINE,1000,,02/19/2019,LOUISIANA,21,,,
Kentucky October Yearlings (2020),2020-10-26,90,CH,F,CALIFORNIA CHROME,HERE TO STAY,EMPIRE MAKER,ST GEORGE SALES AGENT XIV,NAVAS EQUINE,7000,,04/24/2019,KENTUCKY,10,,,
Kentucky October Yearlings (2020),2020-10-26,91,DKB,C,ARROGATE,HERO'S AMOR,STREET HERO,WOODS EDGE FARM (PETER O'CALLAGHAN) AGENT,MARC TACHER,200000,,02/21/2019,KENTUCKY,11,,,https://vimeo.com/466860537
Kentucky October Yearlings (2020),2020-10-26,92,DKB,F,DIALED IN,HEWLETT BAY,AFLEET ALEX,BALLYSAX BLOODSTOCK AGENT XXL,JAMES ALESSI,1700,,04/05/2019,KENTUCKY,18,,,
Kentucky October Yearlings (2020),2020-10-26,93,B,C,FLASHBACK,HIDDEN MYSTERY,INTO MISCHIEF,PARAMOUNT SALES AGENT XX,RACHAEL KEITHAN,1000,,02/21/2019,KENTUCKY,20,,,
Kentucky October Yearlings (2020),2020-10-26,94,CH,F,SHACKLEFORD,HIGH ON KITTEN,KITTEN'S JOY,TAYLOR MADE SALES AGENCY AGENT XLII,NOT SOLD,4500,,02/12/2019,KENTUCKY,22&23,,,https://youtu.be/o5frd3qXplU
Kentucky October Yearlings (2020),2020-10-26,95,B,F,KLIMT,HOBE WINS,EXCHANGE RATE,MACHMER HALL SALES AGENT XII,NOT SOLD,27000,,03/08/2019,KENTUCKY,5&6,,,https://www.youtube.com/watch?v=_iBhJLtPrwQ
Kentucky October Yearlings (2020),2020-10-26,96,DKB,F,VANCOUVER (AUS),HOLDERS SEASON,SPEIGHTSTOWN,HUNTER VALLEY FARM AGENT,TEAM FUN,20000,Y,04/14/2019,KENTUCKY,9,,,https://youtu.be/ZvLS34YAof0
Kentucky October Yearlings (2020),2020-10-26,97,B,F,GOLDENCENTS,HOLD THE SUGAR,FOREST WILDCAT,STUART MORRIS AGENT XII,TARI BROCKLEBANK,25000,,05/08/2019,ONTARIO,21,,,
Kentucky October Yearlings (2020),2020-10-26,98,DKB,C,SPEIGHTSTOWN,HOLIDAY BLUES,GHOSTZAPPER,EATON SALES AGENT,JK BLOODSTOCK,90000,,03/13/2019,KENTUCKY,7,,,https://vimeo.com/471921550
Kentucky October Yearlings (2020),2020-10-26,99,CH,C,TONALIST,HOLIDAY GIRL,HARLAN'S HOLIDAY,LANE'S END AGENT,BSW/CROW,42000,,03/17/2019,KENTUCKY,1,,,https://youtu.be/szd7JIIeCKo
Kentucky October Yearlings (2020),2020-10-26,100,B,C,MACLEAN'S MUSIC,HOLIDAY MOVIE,HARLAN'S HOLIDAY,TAYLOR MADE SALES AGENCY AGENT XVII,STRING MUSIC LLC,30000,Y,03/27/2019,KENTUCKY,22&23,,,https://youtu.be/9TeMsQdg16E
Kentucky October Yearlings (2020),2020-10-26,101,B,C,MIDSHIPMAN,HOLIDAY ROAD GIRL,STREET HERO,VINERY SALES AGENT VIII,OUT,0,,02/17/2019,KENTUCKY,22&23,,,
Kentucky October Yearlings (2020),2020-10-26,102,B,C,CLASSIC EMPIRE,HOLIDAY WISHES,HARLAN'S HOLIDAY,MULHOLLAND SPRINGS AGENT XI,OUT,0,,03/10/2019,NEW YORK,14,,,
Kentucky October Yearlings (2020),2020-10-26,103,B,F,HARRY'S HOLIDAY,HOLLY JUSTICE,LANTANA MOB,LEGACY BLOODSTOCK AGENT FOR JUSTICE FARM,NOT SOLD,7500,,03/21/2019,INDIANA,23,,,
Kentucky October Yearlings (2020),2020-10-26,104,B,C,PALACE MALICE,HOLLYWOOD MISS,SECOND IN COMMAND,MACHMER HALL SALES AGENT XVI,RESPECT THE VALLEYS,10000,,05/13/2019,KENTUCKY,5&6,,,https://vimeo.com/471349924
Kentucky October Yearlings (2020),2020-10-26,105,CH,C,V. E. DAY,HOLY BEAST,HOLY BULL,BUCK POND FARM (DOUGLAS S. ARNOLD) AGENT,MICHAEL NEATHERLIN,4500,,04/02/2019,KENTUCKY,22,,,https://www.youtube.com/watch?v=U24_V66aV44
Kentucky October Yearlings (2020),2020-10-26,106,CH,C,RACE DAY,HOLY FASHION,HOLY BULL,EQUUS FARM (JERRY CUMMINS/PAUL ADAMS) AGENT I,K.O.I.D.,25000,,05/10/2019,KENTUCKY,14,,,
Kentucky October Yearlings (2020),2020-10-26,107,B,F,MIDNIGHT STORM,HOLY PRINCESS,HOLY BULL,MULHOLLAND SPRINGS AGENT,TROJAN RACING,2500,,04/04/2019,KENTUCKY,14,,,
Kentucky October Yearlings (2020),2020-10-26,108,GRR,F,CROSS TRAFFIC,HOLY TOUCH,TOUCH GOLD,EQUUS FARM (JERRY CUMMINS/PAUL ADAMS) AGENT I,DREAMFIELDS INC.,12500,Y,04/12/2019,KENTUCKY,14,,,
Kentucky October Yearlings (2020),2020-10-26,109,GRR,C,CREATIVE CAUSE,HOMESICK ANGEL,DIVINE PARK,SIERRA FARM,CHAD SCHUMER AGENT,27000,,04/19/2019,KENTUCKY,12,,,https://vimeo.com/470923393
Kentucky October Yearlings (2020),2020-10-26,110,CH,C,GUN RUNNER,HOMESTEADER,PIONEERING,SUMMERFIELD (FRANCIS & BARBARA VANLANGENDONCK) AGENT,KEN MEYER,10000,,03/02/2019,FLORIDA,3,,,https://vimeo.com/471685608
Kentucky October Yearlings (2020),2020-10-26,111,B,C,DECLARATION OF WAR,HOMESTEADING,UNBRIDLED'S SONG,MACHMER HALL SALES AGENT FOR MACHMER HALL,HELENA RACING,1500,,04/30/2019,KENTUCKY,5&6,,,https://www.youtube.com/watch?v=WSEIfMYVGbc
Kentucky October Yearlings (2020),2020-10-26,112,B,C,SUMMER FRONT,HONEY BADGER,STORMY ATLANTIC,BALLYSAX BLOODSTOCK AGENT LXV,RAMON TALLAJ,17000,,03/21/2019,KENTUCKY,18,,,
Kentucky October Yearlings (2020),2020-10-26,113,CH,F,WILL TAKE CHARGE,HONKY TONK TRICK,PHONE TRICK,BLAKE-ALBINA THOROUGHBRED SERVICES LLC AGENT II,ROGER SPIESS,7000,,04/08/2019,KENTUCKY,11,,,
Kentucky October Yearlings (2020),2020-10-26,114,B,C,AIR FORCE BLUE,HONORIA (IRE),SADLER'S WELLS,DENALI STUD AGENT FOR GALLAGHER'S STUD,NOT SOLD,19000,,05/08/2019,NEW YORK,1&2,,,https://youtu.be/8lZDMW3PyPw
Kentucky October Yearlings (2020),2020-10-26,115,B,F,DECLARATION OF WAR,HONOR YOUR GIFT,SIGHTSEEING,ENDEAVOR FARM AGENT,OUT,0,,03/02/2019,KENTUCKY,13,,,
Kentucky October Yearlings (2020),2020-10-26,116,B,F,V. E. DAY,HOPE CROSS (IRE),CAPE CROSS (IRE),BUCK POND FARM (DOUGLAS S. ARNOLD) AGENT,DON CAMPBELL,14000,,03/04/2019,KENTUCKY,22,,,https://youtu.be/9lQa8MEK63Y
Kentucky October Yearlings (2020),2020-10-26,117,B,C,SPEIGHTSTOWN,HOPEFULLY,TIZNOW,TAYLOR MADE SALES AGENCY AGENT XLIV,GRASSROOTS TRN & SALES LLC,40000,,03/02/2019,KENTUCKY,22&23,,,https://youtu.be/Y006lYAP8PY
Kentucky October Yearlings (2020),2020-10-26,118,B,C,NOBLE MISSION (GB),HOPE'S DIAMOND,LOUIS QUATORZE,FORT CHRISTOPHER'S THOROUGHBREDS LLC AGENT,POWERSTOWN STUD,9000,,05/19/2019,NEW YORK,19,,,
Kentucky October Yearlings (2020),2020-10-26,119,DKB,F,DAREDEVIL,HOT COFFEE,BURNING ROMA,BLUEWATER SALES LLC AGENT VI,MIKE G RUTHERFORD,130000,,03/30/2019,KENTUCKY,8,,,https://vimeo.com/471683900
Kentucky October Yearlings (2020),2020-10-26,120,CH,C,CURLIN,HOT DIXIE CHICK,DIXIE UNION,WARRENDALE SALES AGENT FOR STONESTREET BRED & RAISED,OUT,0,,04/22/2019,KENTUCKY,21,,,
Kentucky October Yearlings (2020),2020-10-26,121,B,F,GREENPOINTCRUSADER,HOT TRIP,TRIPPI,WESTBROOK STABLES LLC,R MARIE FARMS,3000,,02/06/2019,FLORIDA,19,,,
Kentucky October Yearlings (2020),2020-10-26,122,CH,F,KISS THE GHOST,HOT TUB HOLIDAY,HARLAN'S HOLIDAY,HERMITAGE FARM AGENT,JASON DACOSTA,3000,,04/19/2019,OHIO,22,,,https://vimeo.com/showcase/7670686/video/467969759
Kentucky October Yearlings (2020),2020-10-26,123,BR,C,ALPHA,HOUT BAY,HARLAN'S HOLIDAY,LEGACY BLOODSTOCK AGENT II,OUT,0,,04/21/2019,KENTUCKY,23,,,
Kentucky October Yearlings (2020),2020-10-26,124,DKB,F,DISTORTED HUMOR,HOW,INDIAN CHARLIE,PARAMOUNT SALES AGENT XXV,KARL & CATHI GLASSMAN,140000,,04/05/2019,KENTUCKY,20,,,https://vimeo.com/471749378
Kentucky October Yearlings (2020),2020-10-26,125,DKB,C,CREATIVE CAUSE,HUG DOC,MEDAGLIA D'ORO,BROOKDALE SALES AGENT,NOT SOLD,10000,,04/13/2019,KENTUCKY,17,,,
Kentucky October Yearlings (2020),2020-10-26,126,B,F,GET STORMY,HURRICANE ISABEL,UNBRIDLED JET,FORBUSH FARM,NOT SOLD,10000,,04/19/2019,KENTUCKY,19,,,
Kentucky October Yearlings (2020),2020-10-26,127,CH,C,PRACTICAL JOKE,HYSTERICAL,DISTORTED HUMOR,ENDEAVOR FARM AGENT FOR CYPRESS BEND FARM,MARC TACHER,70000,,03/25/2019,KENTUCKY,13,,,
Kentucky October Yearlings (2020),2020-10-26,128,B,F,OUTWORK,IDA CLARK,SPEIGHTSTOWN,HIDDEN BROOK AGENT IV,LARRY MEJIAS,37000,,04/02/2019,KENTUCKY,22,,,
Kentucky October Yearlings (2020),2020-10-26,129,DKB,C,BIND,IDERATHERBLUCKY,IDE,4M RANCH AGENT II,CUADRA BARRAGA,5000,,03/26/2019,LOUISIANA,13,,,https://vimeo.com/468496220
Kentucky October Yearlings (2020),2020-10-26,130,B,C,INTO MISCHIEF,I KNOW YOU KNOW,OFFICER,SUMMERFIELD (FRANCIS & BARBARA VANLANGENDONCK) AGENT,OUT,0,,02/02/2019,KENTUCKY,3,,,
Kentucky October Yearlings (2020),2020-10-26,131,DKB,C,SHAKIN IT UP,I'LL GET THE BEER,VALUE PLUS,TAYLOR MADE SALES AGENCY AGENT VIII,NOT SOLD,3000,,04/13/2019,OHIO,22&23,,,
Kentucky October Yearlings (2020),2020-10-26,132,CH,C,DAREDEVIL,ILLUMINATING,DISTORTED HUMOR,SOUTH POINT SALES AGENCY AGENT VII,OUT,0,,04/15/2019,ONTARIO,18,,,https://vimeo.com/468365375
Kentucky October Yearlings (2020),2020-10-26,133,CH,F,COMMISSIONER,I LOVE NOLA,CHAMPALI,STUART MORRIS AGENT XVI,J W B,1000,,02/02/2019,KENTUCKY,21,,,
Kentucky October Yearlings (2020),2020-10-26,134,DKB,F,SUPER SAVER,IMAGINE,GIANT'S CAUSEWAY,TAYLOR MADE SALES AGENCY AGENT XXXV,OUT,0,,05/01/2019,PENNSYLVANIA,22&23,,,
Kentucky October Yearlings (2020),2020-10-26,135,B,F,SKY MESA,IMA THREE BLINGER,TOO MUCH BLING,VINERY SALES AGENT FOR FOREVER SPRING FARM LLC,LONE STAR RACING CLUB,17000,,02/02/2019,TEXAS,22&23,,,
Kentucky October Yearlings (2020),2020-10-26,136,DKB,F,FED BIZ,IMPALING,MIDSHIPMAN,VINERY SALES AGENT VIII,OUT,0,,03/23/2019,KENTUCKY,22&23,,,
Kentucky October Yearlings (2020),2020-10-26,137,CH,F,AWESOME AGAIN,INCENTIVE,MR. GREELEY,TAYLOR MADE SALES AGENCY AGENT XLIX,BORDEN FARM,3000,,03/26/2019,KENTUCKY,22&23,,,https://youtu.be/AX1Ak9qpZBc
Kentucky October Yearlings (2020),2020-10-26,138,CH,C,CUPID,INCLUDE MAXINE,INCLUDE,COLUMBIANA FARM AGENT I,ARCADIO ESCAMILLA,1000,,02/14/2019,KENTUCKY,17,,,https://youtu.be/62eAYZFeROc
Kentucky October Yearlings (2020),2020-10-26,139,B,C,PIONEEROF THE NILE,INCONCLUSIVE,INCLUDE,FOUR STAR SALES AGENT FOR SPENDTHRIFT FARM LLC,RAMON TALLAJ,145000,,03/14/2019,KENTUCKY,16,,,https://youtu.be/oDvbdc8FRNM
Kentucky October Yearlings (2020),2020-10-26,140,CH,C,DOMINUS,INDEFINABLE,STORM CAT,VINERY SALES AGENT XXVIII,J. STEVENS BLOODSTOCK AGENT,70000,,05/22/2019,KENTUCKY,22&23,,,https://vimeo.com/469952683
Kentucky October Yearlings (2020),2020-10-26,141,DKB,F,KANTHAROS,INDIANA CHARMER,INDIAN CHARLIE,LEGACY BLOODSTOCK AGENT FOR FRED ALEXANDER,J KIRK & JUDY ROBISON,80000,,03/19/2019,NEW MEXICO,23,,,https://youtu.be/vYu-mHQkY6g
Kentucky October Yearlings (2020),2020-10-26,142,B,C,KLIMT,INDIAN BREEZE,INDIAN CHARLIE,VINERY SALES AGENT LXV,NOT SOLD,8000,,05/19/2019,KENTUCKY,22&23,,,https://vimeo.com/469909345
Kentucky October Yearlings (2020),2020-10-26,143,CH,C,NYQUIST,INDYNIABLE,A.P. INDY,LAKLAND FARM,AMERICAN HORSE,5000,,03/29/2019,KENTUCKY,3,,,
Kentucky October Yearlings (2020),2020-10-26,144,CH,C,MUNNINGS,INFLAMED,UNUSUAL HEAT,PARAMOUNT SALES AGENT VIII,J.D. MCKIBBIN,50000,Y,05/01/2019,KENTUCKY,20,,,https://vimeo.com/467067228
Kentucky October Yearlings (2020),2020-10-26,145,DKB,C,NYQUIST,INFLICTION,STORMY ATLANTIC,HUNTER VALLEY FARM AGENT,TOM MCCROCKLIN,130000,,03/20/2019,KENTUCKY,9,,,https://vimeo.com/469222140
Kentucky October Yearlings (2020),2020-10-26,146,CH,C,MORE THAN READY,INGENUE,MR. GREELEY,WARRENDALE SALES AGENT XXIX,DARRS INC/JAMES BREDIN AGT,65000,,03/15/2019,KENTUCKY,21,,,
Kentucky October Yearlings (2020),2020-10-26,147,CH,F,AIKENITE,IN STEP DANCER,STUDENT COUNCIL,4M RANCH AGENT II,ARCADIO ESCAMILLA,2000,,01/23/2019,LOUISIANA,13,,,https://vimeo.com/468496057
Kentucky October Yearlings (2020),2020-10-26,148,GRR,F,CAIRO PRINCE,IN STITCHES,MEDAGLIA D'ORO,LEGACY BLOODSTOCK AGENT FOR TWO HEARTS FARM II,BSW/CROW,80000,,04/09/2019,KENTUCKY,23,,,https://vimeo.com/469506042
Kentucky October Yearlings (2020),2020-10-26,149,B,C,TAPIT,INTERJECT,EMPIRE MAKER,GAINESWAY AGENT XI,OUT,0,,05/08/2019,KENTUCKY,5&6,,,
Kentucky October Yearlings (2020),2020-10-26,150,B,C,MALIBU MOON,INTO SUMMER,INTO MISCHIEF,HUNTER VALLEY FARM AGENT,THOMAS FACKLER,80000,,03/05/2019,FLORIDA,9,,,https://vimeo.com/467344629
Kentucky October Yearlings (2020),2020-10-26,151,B,F,TAPITURE,IRISH DYNASTY,DYNAFORMER,FOUR STAR SALES AGENT,LIZ KLOPP,5000,,02/01/2019,LOUISIANA,16,,,
Kentucky October Yearlings (2020),2020-10-26,152,DKB,F,UNCLE MO,IRISH PRESENCE,MIDNIGHT LUTE,EATON SALES AGENT,BRADLEY THOROUGHBREDS LLC AGT,100000,,03/15/2019,KENTUCKY,7,,,https://vimeo.com/470902505
Kentucky October Yearlings (2020),2020-10-26,153,B,C,CREATIVE CAUSE,ISLAND FEVER,DISCREETLY MINE,VINERY SALES AGENT LXII,NOT SOLD,9000,,01/27/2019,KENTUCKY,22&23,,,
Kentucky October Yearlings (2020),2020-10-26,154,CH,C,LEA,ISLAND HOP,DYNAFORMER,BUCKLAND SALES (ZACH MADDEN) AGENT V,STEPHENS THOROUGHBREDS LLC,9000,,02/15/2019,OKLAHOMA,20,,,https://youtu.be/08DAL-RyRak
Kentucky October Yearlings (2020),2020-10-26,155,CH,C,TEXAS RED,ISLAND TIME,TRIPPI,PARAMOUNT SALES AGENT II,OUT,0,,04/21/2019,KENTUCKY,20,,,https://youtu.be/3bM1K7n1TnQ
Kentucky October Yearlings (2020),2020-10-26,156,DKB,C,MASTERY,ISMENE,TRIBAL RULE,WARRENDALE SALES AGENT FOR STEPHEN FERRARO & EVAN FERRARO,LIZ KLOPP,12000,,04/03/2019,KENTUCKY,21,,,
Kentucky October Yearlings (2020),2020-10-26,157,B,C,MIDSHIPMAN,ITALIAN RAPSODY,SUAVE,SCOTT MALLORY AGENT,NOT SOLD,10000,,04/17/2019,OHIO,21,,,
Kentucky October Yearlings (2020),2020-10-26,158,B,C,MAJESTIC HARBOR,ITHINKIHADTHATONE,WAR CHANT,HERMITAGE FARM AGENT,OUT,0,,03/15/2019,CALIFORNIA,22,,,
Kentucky October Yearlings (2020),2020-10-26,159,GRR,C,TAPIT,ITHINKISAWAPUDYCAT,BLUEGRASS CAT,LANE'S END AGENT,NOT SOLD,190000,,05/06/2019,KENTUCKY,1,,,https://vimeo.com/467293737
Kentucky October Yearlings (2020),2020-10-26,160,CH,C,SUPER SAVER,ITS A DATE,DOMINUS,ST GEORGE SALES AGENT XVI,BLACK CLOUD RACING,7000,,05/09/2019,KENTUCKY,10,,,
Kentucky October Yearlings (2020),2020-10-26,161,DKB,C,BODEMEISTER,IT'S ALL ME,CONGRATS,PERRONE SALES LTD. AGENT FOR APACHE FARM LLC,NOT SOLD,1000,,04/09/2019,KENTUCKY,13,,,
Kentucky October Yearlings (2020),2020-10-26,162,CH,F,CUPID,IT'S BEAR TIME,GILDED TIME,SUSAN Y. FOREMAN AGENT,BREEZE EASY LLC,120000,,04/12/2019,ONTARIO,15,,,https://vimeo.com/471817681
Kentucky October Yearlings (2020),2020-10-26,163,CH,C,NOT THIS TIME,IT'S NOT OVER,SKY MESA,PARAMOUNT SALES AGENT XLIII,OUT,0,,03/16/2019,KENTUCKY,20,,,
Kentucky October Yearlings (2020),2020-10-26,164,B,C,MAJESTIC HARBOR,ITZACOLDCASE,GOLD CASE,DENALI STUD AGENT XVI,GARY TUSSEY,22000,,02/03/2019,INDIANA,1&2,,,https://youtu.be/TnDPSmH0Gl8
Kentucky October Yearlings (2020),2020-10-26,165,DKB,F,ASTERN (AUS),IVORY PEARL,PULPIT,DENALI STUD AGENT XV,SHOOTING STAR SALES LLC,15000,Y,03/26/2019,KENTUCKY,1&2,,,https://youtu.be/meS7qZvoU5k
Kentucky October Yearlings (2020),2020-10-26,166,DKB,F,STORMY ATLANTIC,IWANTTHAT,HARD SPUN,WARRENDALE SALES AGENT XXIV,OCALA THOROUGHBREDS,2000,,02/20/2019,KENTUCKY,21,,,
Kentucky October Yearlings (2020),2020-10-26,167,B,C,BRODY'S CAUSE,I WANT TO DUST HER,MASS MARKET,MAPLE RUN SOUTH AGENT FOR CARNIE THOROUGHBRED FARM LLC,NOT SOLD,1000,,04/22/2019,INDIANA,13,,,
Kentucky October Yearlings (2020),2020-10-26,168,DKB,C,MIDNIGHT LUTE,JACKSON'S HATRIXIE,HEAR NO EVIL,C & S THOROUGHBREDS AGENT,NOT SOLD,22000,,05/13/2019,KENTUCKY,13,,,https://vimeo.com/471401911
Kentucky October Yearlings (2020),2020-10-26,169,GRR,C,MSHAWISH,JAMAICAN GINGER,MARIA'S MON,LITTLE'S BLOODSTOCK LLC AGENT,OUT,0,,04/20/2019,NEW YORK,19,,,
Kentucky October Yearlings (2020),2020-10-26,170,GRR,F,CROSS TRAFFIC,JAMAICAN SMOKE,LATENT HEAT,MJK BLOODSTOCK AGENT,JOHN A HANCOCK,1000,Y,04/27/2019,KENTUCKY,22,,,https://www.youtube.com/watch?v=aYEoGYK7CDo
Kentucky October Yearlings (2020),2020-10-26,171,CH,F,LOOKIN AT LUCKY,JAMBOREE,GRAND SLAM,EATON SALES AGENT,SAM SHERMAN,60000,,02/09/2019,KENTUCKY,7,,,https://vimeo.com/471224444
Kentucky October Yearlings (2020),2020-10-26,172,DKB,F,MACLEAN'S MUSIC,JANE SAYS,TALE OF EKATI,BEAU LANE BLOODSTOCK AGENT I,OUT,0,,01/27/2019,KENTUCKY,16,,,
Kentucky October Yearlings (2020),2020-10-26,173,B,F,DAREDEVIL,JAWS N' PAWS,ONEBADSHARK,VINERY SALES AGENT FOR NIRVANA FARM LLC & REMOUNT THOROUGHBREDS LLC,NOT SOLD,175000,,02/10/2019,KENTUCKY,22&23,,,https://vimeo.com/471194504
Kentucky October Yearlings (2020),2020-10-26,174,B,F,BODEMEISTER,JAZZMINEGEM,MINESHAFT,STUART MORRIS AGENT XIV,OUT,0,,03/05/2019,KENTUCKY,21,,,
Kentucky October Yearlings (2020),2020-10-26,175,B,F,TIZNOW,JEALOUS WILDCAT,FOREST WILDCAT,LANE'S END AGENT,AOIFE BRAZIL AGENT FOR MARBLEHEAD FARM,50000,,04/29/2019,KENTUCKY,1,,,https://youtu.be/WVrk9hCh6i4
Kentucky October Yearlings (2020),2020-10-26,176,B,F,LORD NELSON,JENNIE R.,AWESOME AGAIN,WARRENDALE SALES AGENT XXVIII,OUT,0,,02/11/2019,KENTUCKY,21,,,
Kentucky October Yearlings (2020),2020-10-26,177,CH,C,STREET BOSS,JENNYS PRAYER,TAPIT,LANE'S END AGENT,STEPHENS THOROUGHBREDS LLC,5000,,04/18/2019,KENTUCKY,1,,,https://youtu.be/2CkOt9D10Ys
Kentucky October Yearlings (2020),2020-10-26,178,DKB,F,TRAPPE SHOT,JERMIDY,DEVIL HIS DUE,RED GABLES STUD LLC AGENT,ROBINSON STABLE,12000,,02/24/2019,KENTUCKY,22,,,https://youtu.be/u8bEFJCgbBk
Kentucky October Yearlings (2020),2020-10-26,179,B,F,PERFECT SOUL (IRE),JERSEY BEE'S,JERSEY TOWN,FOUR STAR SALES AGENT,JESSE HOPPEL AGENT,10000,,04/24/2019,KENTUCKY,16,,,https://www.youtube.com/watch?v=svCd-oEde5U&feature=youtu.be
Kentucky October Yearlings (2020),2020-10-26,180,GRR,C,MIZZEN MAST,JERSEY TANGO,JERSEY TOWN,RICKY HIGGS AGENT,NOT SOLD,4000,,03/04/2019,MINNESOTA,12,,,
Kentucky October Yearlings (2020),2020-10-26,181,B,F,CAIRO PRINCE,JETE ETE,SUMMER BIRD,SIERRA FRIA FARM,NOT SOLD,9000,,01/17/2019,KENTUCKY,11,,,
Kentucky October Yearlings (2020),2020-10-26,182,DKB,C,NYQUIST,JET SET,TAPIT,FOUR STAR SALES AGENT FOR DIXIANA FARMS LLC,CEDAR STABLES,7000,Y,02/12/2019,KENTUCKY,16,,,
Kentucky October Yearlings (2020),2020-10-26,183,DKB,F,ASTERN (AUS),JEWELS N GEMS,ACCEPTABLE,MORRIS B. FLOYD & CHUCK GIVENS AGENT,NOT SOLD,8500,,04/08/2019,KENTUCKY,4,,,
Kentucky October Yearlings (2020),2020-10-26,184,CH,F,JACK MILTON,JIGGLIN,PYRAMID PEAK,HIDDEN HOLLOW FARM AGENT,ARCADIO ESCAMILLA,1000,,05/02/2019,KENTUCKY,13,,,
Kentucky October Yearlings (2020),2020-10-26,185,B,C,BAYERN,J LA TACHE,HARLAN'S HOLIDAY,HILL 'N' DALE SALES AGENCY AGENT,KENNETH MCPEEK AGENT,90000,,02/06/2019,ONTARIO,4,,,https://vimeo.com/471803418/049ab9437f
Kentucky October Yearlings (2020),2020-10-26,186,CH,F,TAPIZAR,JOHANNA GLYER,GLYER,VALKYRE STUD AGENT FOR ECHO VALLEY HORSE FARM,NOT SOLD,8500,,05/18/2019,KENTUCKY,8,,,
Kentucky October Yearlings (2020),2020-10-26,187,DKB,F,QUALITY ROAD,JOURNEY ON,GOOD JOURNEY,KATIERICH FARMS,CROMWELL BLOODSTOCK,32000,,05/09/2019,KENTUCKY,12,,,
Kentucky October Yearlings (2020),2020-10-26,188,DKB,C,VIOLENCE,JOYOUS MUSIC,BELLAMY ROAD,MACHMER HALL SALES AGENT XIII,OUT,0,,05/05/2019,KENTUCKY,5&6,,,
Kentucky October Yearlings (2020),2020-10-26,189,CH,C,OVERANALYZE,JUANITA SENORITA,CORINTHIAN,EATON SALES AGENT,CALROCK,12000,,05/15/2019,KENTUCKY,7,,,https://vimeo.com/471693816
Kentucky October Yearlings (2020),2020-10-26,190,GRR,C,MASTERY,JULES N ROME,DUNKIRK,LEGACY BLOODSTOCK AGENT XXVIII,OUT,0,,01/19/2019,FLORIDA,23,,,
Kentucky October Yearlings (2020),2020-10-26,191,B,C,MORE THAN READY,JULIE'S JEWELRY,DISTORTED HUMOR,TRACKSIDE FARM (TOM EVANS) AGENT X,CHRISTY (K.O.I.D.),16000,,02/13/2019,KENTUCKY,19,,,https://vimeo.com/469741780
Kentucky October Yearlings (2020),2020-10-26,192,DKB,F,NIAGARA CAUSEWAY,JUNCTURE,EL PRADO (IRE),BUCK POND FARM (DOUGLAS S. ARNOLD) AGENT,KENNETH SOMMIERVILLE,1700,,04/14/2019,KENTUCKY,22,,,https://www.youtube.com/watch?v=jYY6-ixuUC8
Kentucky October Yearlings (2020),2020-10-26,193,CH,C,JIMMY CREED,JUSTONEATHEGUYS,CORINTHIAN,SHEPPELL THOROUGHBREDS AGENT,BRYAN HAWK,20000,,04/27/2019,OHIO,21,,,
Kentucky October Yearlings (2020),2020-10-26,194,CH,C,MACLEAN'S MUSIC,KATERI,INDIAN CHARLIE,BLAKE-ALBINA THOROUGHBRED SERVICES LLC AGENT,OUT,0,,04/06/2019,KENTUCKY,11,,,
Kentucky October Yearlings (2020),2020-10-26,195,DKB,C,ARROGATE,KATHERINE'SKADENCE,MR. GREELEY,FOUR STAR SALES AGENT,NOT SOLD,230000,,04/10/2019,KENTUCKY,16,,,https://vimeo.com/471349984
Kentucky October Yearlings (2020),2020-10-26,196,B,C,AIR FORCE BLUE,KATY'S REVENGE,STEPHEN GOT EVEN,MJK BLOODSTOCK AGENT,ARCADIO ESCAMILLA,1200,,04/26/2019,NEW YORK,22,,,https://www.youtube.com/watch?v=Kh2Sxph5OkE
Kentucky October Yearlings (2020),2020-10-26,197,B,F,TIZNOW,KAT ZIPPITY,CITY ZIP,SCOTT MALLORY AGENT X,JAMES R WYENANDT,16000,,05/06/2019,KENTUCKY,21,,,
Kentucky October Yearlings (2020),2020-10-26,198,DKB,F,CANDY RIDE (ARG),KAYCE ACE,TIZNOW,TAYLOR MADE SALES AGENCY AGENT LVII,BLACK CLOUD RACING,20000,,03/09/2019,KENTUCKY,22&23,,,https://youtu.be/qlJZAxYgwC8
Kentucky October Yearlings (2020),2020-10-26,199,DKB,C,UPSTART,KEEP INCLUDING,ISTAN,VINERY SALES AGENT XXXII,BARRY BERKELHAMMER AGENT,30000,,02/16/2019,KENTUCKY,22&23,,,
Kentucky October Yearlings (2020),2020-10-26,200,DKB,F,MACLEAN'S MUSIC,KEEP THE MAGIC,MALIBU MOON,HILL 'N' DALE SALES AGENCY AGENT,CARY BLOODSTOCK AGENT,100000,,03/31/2019,KENTUCKY,4,,,
Kentucky October Yearlings (2020),2020-10-26,201,CH,F,TAPITURE,KELLY'S PRIZE,PURE PRIZE,VINERY SALES AGENT XI,NOT SOLD,5500,,04/17/2019,NEW YORK,22&23,,,https://vimeo.com/471696787/b1500f6897
Kentucky October Yearlings (2020),2020-10-26,202,B,F,INTO MISCHIEF,KID MAJIC,LEMON DROP KID,WYNNSTAY SALES AGENT I,WILLIS HORTON RACING LLC,300000,,04/30/2019,KENTUCKY,7,,,
Kentucky October Yearlings (2020),2020-10-26,203,GRR,C,PIONEEROF THE NILE,KID SILVER,SILVER GHOST,WOODS EDGE FARM (PETER O'CALLAGHAN) AGENT,BEACH RACING,140000,,02/16/2019,KENTUCKY,11,,,https://vimeo.com/466860479
Kentucky October Yearlings (2020),2020-10-26,204,B,C,GOLDENCENTS,KINDNESS (GB),INDIAN RIDGE (IRE),VINERY SALES AGENT IV,M.C. BLOODSTOCK,9000,,05/10/2019,KENTUCKY,22&23,,,https://vimeo.com/471696742/d2b29cf9e6
Kentucky October Yearlings (2020),2020-10-26,205,B,C,VIOLENCE,KINSLEY,PULPIT,CANDY MEADOWS SALES AGENT I,JAMES R LAYDEN AGENT,25000,Y,03/25/2019,KENTUCKY,10,,,
Kentucky October Yearlings (2020),2020-10-26,206,DKB,C,BLAME,KIOSK'S CAL,COWBOY CAL,HUNTER VALLEY FARM AGENT,DANTE ZANELLI AGENT FOR DONA LICHA STABLES,20000,,01/21/2019,KENTUCKY,9,,,https://vimeo.com/471578512
Kentucky October Yearlings (2020),2020-10-26,207,DKB,F,HOLY BOSS,KIP BERRIES,KIPLING,STUART MORRIS AGENT,TARI BROCKLEBANK,57000,,01/28/2019,MARYLAND,21,,,
Kentucky October Yearlings (2020),2020-10-26,208,GRR,C,LEA,KISSABLE,BERNARDINI,VINERY SALES AGENT XXXIX,OUT,0,,05/13/2019,KENTUCKY,22&23,,,
Kentucky October Yearlings (2020),2020-10-26,209,B,C,NOT THIS TIME,KISSED BY A STAR,KINGMAMBO,EATON SALES AGENT,OUT,0,,04/09/2019,KENTUCKY,7,,,https://vimeo.com/468739303
Kentucky October Yearlings (2020),2020-10-26,210,B,F,ELUSIVE BLUFF,KISSIN KENDALL,LEMON DROP KID,LEGACY BLOODSTOCK AGENT FOR JUSTICE FARM,NOT SOLD,5500,,05/24/2019,INDIANA,23,,,
Kentucky October Yearlings (2020),2020-10-26,211,B,C,FORT LARNED,KISSIN KIM,YES IT'S TRUE,SOUTH POINT SALES AGENCY AGENT II,OUT,0,,05/07/2019,KENTUCKY,18,,,
Kentucky October Yearlings (2020),2020-10-26,212,GRR,C,CUPID,KISSIN RENE,KISSIN KRIS,BUCK POND FARM (DOUGLAS S. ARNOLD) AGENT,BRYAN HAWK,32000,,05/06/2019,KENTUCKY,22,,,https://www.youtube.com/watch?v=wYh6TFVWU2I
Kentucky October Yearlings (2020),2020-10-26,213,CH,C,KLIMT,KISSMEDADDY,SCAT DADDY,MACHMER HALL SALES AGENT VI,TARI BROCKLEBANK,50000,,04/16/2019,KENTUCKY,5&6,,,https://www.youtube.com/watch?v=BPZiayt-OoM&feature=youtu.be
Kentucky October Yearlings (2020),2020-10-26,214,B,F,POINT OF ENTRY,KISS ME FOREVER,BROKEN VOW,DENALI STUD AGENT I,RACHAEL KEITHAN,1000,,05/08/2019,KENTUCKY,1&2,,,https://vimeo.com/471866604
Kentucky October Yearlings (2020),2020-10-26,215,B,C,GORMLEY,KISS THE STORM,STORMY ATLANTIC,MULHOLLAND SPRINGS AGENT VII,S G RACING,1500,,05/06/2019,KENTUCKY,14,,,
Kentucky October Yearlings (2020),2020-10-26,216,GRR,F,MOHAYMEN,KITTENINDAFASTLANE,KITTEN'S JOY,RAMSEY FARM AGENT,JEFF MACKOR AGENT,7500,,02/18/2019,KENTUCKY,12,,,
Kentucky October Yearlings (2020),2020-10-26,217,B,F,RUN AWAY AND HIDE,KITTEN'S CARDINAL,KITTEN'S JOY,FRANKFORT PARK FARM AGENT,R B MCCUTCHEN,2000,,02/10/2019,KENTUCKY,12,,,
Kentucky October Yearlings (2020),2020-10-26,218,B,F,NEW YEAR'S DAY,KITTY FOILLE,BLACK MINNALOUSHE,VINERY SALES AGENT II,OUT,0,,04/07/2019,KENTUCKY,22&23,,,
Kentucky October Yearlings (2020),2020-10-26,219,GRR,C,CONVEYANCE,KITTY'S PEARL,BELLAMY ROAD,BUCK POND FARM (DOUGLAS S. ARNOLD) AGENT,NOT SOLD,2000,,05/08/2019,KENTUCKY,22,,,https://www.youtube.com/watch?v=tO9XuSqaeMY
Kentucky October Yearlings (2020),2020-10-26,220,B,F,TAPITURE,KNOXY,TOUCH GOLD,GAINESWAY AGENT V,GRASSROOTS TRN & SALES LLC,27000,,03/13/2019,KENTUCKY,5&6,,,
Kentucky October Yearlings (2020),2020-10-26,221,DKB,F,STORMY ATLANTIC,KREISLERIANA,SEEKING THE GOLD,HILL 'N' DALE SALES AGENCY AGENT,SPAN INVESTMENT INC,7500,,05/24/2019,KENTUCKY,4,,,
Kentucky October Yearlings (2020),2020-10-26,222,DKB,F,DIALED IN,KRISTY BEETHOVEN,KRIS S.,BURLESON FARMS AGENT,MILLENNIUM FARMS,6000,,03/08/2019,KENTUCKY,17,,,
Kentucky October Yearlings (2020),2020-10-26,223,B,C,MIZZEN MAST,KSCHESSINKA,NUREYEV,BUCKLAND SALES (ZACH MADDEN) AGENT XXXI,EAT N CHEESE,8500,,05/06/2019,KENTUCKY,20,,,
Kentucky October Yearlings (2020),2020-10-26,224,CH,C,TEXAS RED,LA CHEPIS,SUPER SAVER,MULHOLLAND FARM,KENNETH MCPEEK AGENT,25000,,03/27/2019,KENTUCKY,18,,,
Kentucky October Yearlings (2020),2020-10-26,225,CH,C,CREATIVE CAUSE,LA DANIELLE,DANEHILL,BEAU LANE BLOODSTOCK AGENT II,J & R RACING,6500,,01/25/2019,KENTUCKY,16,,,
Kentucky October Yearlings (2020),2020-10-26,226,CH,F,VIOLENCE,LADY,MALIBU MOON,MORRIS B. FLOYD & CHUCK GIVENS AGENT,THE ONE STABLES,95000,,01/18/2019,KENTUCKY,4,,,
Kentucky October Yearlings (2020),2020-10-26,227,DKB,C,HONOR CODE,LADY BANKS,SUCCESSFUL APPEAL,HUNTER VALLEY FARM AGENT,ANGEL ORDONEZ AGENT FOR RL TRANSPORT,5000,,05/13/2019,NEW YORK,9,,,https://vimeo.com/469222115
Kentucky October Yearlings (2020),2020-10-26,228,CH,C,NYQUIST,LADY FIFTY TWO,KODIAK KOWBOY,WYNNSTAY SALES AGENT II,OUT,0,,04/15/2019,KENTUCKY,7,,,
Kentucky October Yearlings (2020),2020-10-26,229,DKB,F,LOOKIN AT LUCKY,LADY HATHAWAY,TIZNOW,EATON SALES AGENT,MIKE G RUTHERFORD,150000,,02/21/2019,KENTUCKY,7,,,https://vimeo.com/471224495
Kentucky October Yearlings (2020),2020-10-26,230,DKB,C,HONOR CODE,LADY IS A LIONESS,LEROIDESANIMAUX (BRZ),BRANDYWINE FARM (JIM & PAM ROBINSON),DANTE ZANELLI AGENT,10000,,04/17/2019,KENTUCKY,15,,,
Kentucky October Yearlings (2020),2020-10-26,231,B,F,CLASSIC EMPIRE,LADY LEFTENNANT,OFFICER,WYNNSTAY SALES AGENT,OUT,0,,05/21/2019,KENTUCKY,7,,,
Kentucky October Yearlings (2020),2020-10-26,232,CH,F,CARPE DIEM,LADY LIAM,SAINT LIAM,TERRAZAS THOROUGHBREDS AGENT V,RICHARD CUPP,4500,,04/11/2019,KENTUCKY,23,,,
Kentucky October Yearlings (2020),2020-10-26,233,CH,F,WAR CORRESPONDENT,LADY LOLA,EVANSVILLE SLEW,VINERY SALES AGENT XLI,NOT SOLD,1000,,04/18/2019,KENTUCKY,22&23,,,
Kentucky October Yearlings (2020),2020-10-26,234,CH,F,FED BIZ,LADY OF AKITA,FANTASTIC LIGHT,RUNNYMEDE FARM INC. AGENT,BSW/CROW,4500,,05/02/2019,KENTUCKY,12,,,
Kentucky October Yearlings (2020),2020-10-26,235,B,C,KLIMT,LADY PECAN,CONCERTO,LITTLE'S BLOODSTOCK LLC AGENT,ARCADIO ESCAMILLA,2000,,05/02/2019,KENTUCKY,19,,,
Kentucky October Yearlings (2020),2020-10-26,236,B,C,EMPIRE MAKER,LADY PEWITT,ORIENTATE,GAINESWAY AGENT X,DANNY PATE,40000,,05/29/2019,KENTUCKY,5&6,,,
Kentucky October Yearlings (2020),2020-10-26,237,B,C,RUN AWAY AND HIDE,LADY RELAUNCH,BRIGHT LAUNCH,HURSTLAND FARM (ALFRED H. NUCKOLS JR.),TARI BROCKLEBANK,10000,,03/24/2019,KENTUCKY,2,,,
Kentucky October Yearlings (2020),2020-10-26,238,B,F,MASTERY,LADY SABELIA,MAJESTIC WARRIOR,BACCARI BLOODSTOCK LLC AGENT VI,TEAM BOSS STABLE,65000,,03/15/2019,KENTUCKY,3,,,https://vimeo.com/471697475
Kentucky October Yearlings (2020),2020-10-26,239,DKB,C,COMMISSIONER,LADY SIMPSON (GB),YANKEE VICTOR,VINERY SALES AGENT LVII,BRIAN LYNCH,10000,,04/12/2019,KENTUCKY,22&23,,,
Kentucky October Yearlings (2020),2020-10-26,240,DKB,F,BAL A BALI (BRZ),LA FLAMME,GIANT'S CAUSEWAY,VINERY SALES AGENT XXXI,OUT,0,,04/17/2019,KENTUCKY,22&23,,,
Kentucky October Yearlings (2020),2020-10-26,241,B,F,BAYERN,LAST RESORT,TWIRLING CANDY,GLEN HILL FARM,GAYLE VAN LEER,60000,,02/28/2019,CALIFORNIA,4,,,https://vimeo.com/468084688
Kentucky October Yearlings (2020),2020-10-26,242,B,C,CARPE DIEM,LAST STANDING,HARD SPUN,THREAVE MAIN STUD LLC AGENT,ARCADIO ESCAMILLA,2500,,05/07/2019,KENTUCKY,15,,,
Kentucky October Yearlings (2020),2020-10-26,243,DKB,F,PRACTICAL JOKE,LATITUDE FORTY,CHESTER HOUSE,LITTLE'S BLOODSTOCK LLC AGENT,CHRIS MELTON,2500,,03/22/2019,KENTUCKY,19,,,
Kentucky October Yearlings (2020),2020-10-26,244,DKB,F,MSHAWISH,LEGALLY BAY,READ THE FOOTNOTES,TAYLOR MADE SALES AGENCY AGENT IV,SPAN INVESTMENT INC,8000,,03/21/2019,NEW YORK,22&23,,,https://youtu.be/HAHDnvJhEis
Kentucky October Yearlings (2020),2020-10-26,245,B,F,EMPIRE MAKER,LEH SHE RUN,PULPIT,STUART MORRIS AGENT XIII,OUT,0,,04/06/2019,KENTUCKY,21,,,
Kentucky October Yearlings (2020),2020-10-26,246,CH,F,WILL TAKE CHARGE,LEMON DANCER,LEMON DROP KID,PARAMOUNT SALES AGENT I,HELENA STABLES,3000,,05/03/2019,KENTUCKY,20,,,https://www.youtube.com/watch?v=jKVxWsQiQRI&feature=youtu.be
Kentucky October Yearlings (2020),2020-10-26,247,DKB,C,LIAM'S MAP,LEMON DROP DOLLY,LEMON DROP KID,BLUEWATER SALES LLC AGENT XI,OUT,0,,03/07/2019,NEW YORK,8,,,
Kentucky October Yearlings (2020),2020-10-26,248,B,C,VIOLENCE,LEMONDROPONTHEROX,LEMON DROP KID,HUNTER VALLEY FARM AGENT,CHRIS MELTON,7000,,03/09/2019,KENTUCKY,9,,,
Kentucky October Yearlings (2020),2020-10-26,249,B,C,MIDNIGHT STORM,LEMON HERO,LEMON DROP KID,TERRAZAS THOROUGHBREDS AGENT I,OUT,0,,05/21/2019,KENTUCKY,23,,,
Kentucky October Yearlings (2020),2020-10-26,250,DKB,F,NYQUIST,LEMON LASHES,LEMON DROP KID,STUART MORRIS AGENT,J & R RACING,7500,,03/08/2019,NEW YORK,21,,,https://vimeo.com/471587170
Kentucky October Yearlings (2020),2020-10-26,251,DKB,F,CARPE DIEM,LEMON SUGAR,LEMON DROP KID,BEAU LANE BLOODSTOCK AGENT,ELADIO ACEVEDO,2000,,04/04/2019,KENTUCKY,16,,,
Kentucky October Yearlings (2020),2020-10-26,252,B,C,KEEN ICE,LENDERS WAY,HOOK AND LADDER,HUNTER VALLEY FARM AGENT,MARC TACHER,100000,,01/23/2019,KENTUCKY,9,,,https://vimeo.com/467344566
Kentucky October Yearlings (2020),2020-10-26,253,DKB,C,CAIRO PRINCE,LESSON PLAN,FORESTRY,MULHOLLAND SPRINGS AGENT IX,CHRIS MELTON,2500,,02/23/2019,KENTUCKY,14,,,
Kentucky October Yearlings (2020),2020-10-26,254,B,C,OVERANALYZE,LEXINGTON STREET,STREET SENSE,DENALI STUD AGENT XVII,LABHRAS DRAPER,1700,,01/24/2019,FLORIDA,1&2,,,
Kentucky October Yearlings (2020),2020-10-26,255,DKB,C,MEDAGLIA D'ORO,LIBERATED,CURLIN,LANE'S END AGENT,TROJAN RACING,3000,,03/12/2019,KENTUCKY,1,,,https://youtu.be/zNmqI7axbpY
Kentucky October Yearlings (2020),2020-10-26,256,DKB,C,MEDAGLIA D'ORO,LIFE'S A GAMBLE,MALIBU MOON,BUCKLAND SALES (ZACH MADDEN) AGENT XII,NOT SOLD,32000,,03/24/2019,KENTUCKY,20,,,https://youtu.be/hyznNAXVuRE
Kentucky October Yearlings (2020),2020-10-26,257,DKB,F,HARD SPUN,LIFE STARTS,INTO MISCHIEF,VINERY SALES AGENT FOR BTE STABLES,NOT SOLD,49000,,05/16/2019,KENTUCKY,22&23,,,
Kentucky October Yearlings (2020),2020-10-26,258,DKB,C,EXAGGERATOR,LIGHT AND VARIABLE,TIZNOW,WARRENDALE SALES AGENT XXXII,NOT SOLD,24000,,03/20/2019,KENTUCKY,21,,,https://vimeo.com/470540483
Kentucky October Yearlings (2020),2020-10-26,259,B,C,EMPIRE MAKER,LIGHT OF THE NILE,ESKENDEREYA,FOUR STAR SALES AGENT,PAUL SHARP AGENT,75000,,03/16/2019,KENTUCKY,16,,,https://vimeo.com/467534018
Kentucky October Yearlings (2020),2020-10-26,260,DKB,F,EXAGGERATOR,LIGHTS OUT (AUS),WAY OF LIGHT,VINERY SALES AGENT V,ROLLING THUNDER FARM,20000,,05/02/2019,KENTUCKY,22&23,,,https://vimeo.com/471433835
Kentucky October Yearlings (2020),2020-10-26,261,B,C,SUMMER FRONT,LIGNITE,RUN AWAY AND HIDE,WARRENDALE SALES AGENT XXXI,CHRISTY (K.O.I.D.),40000,,04/25/2019,KENTUCKY,21,,,https://www.youtube.com/watch?v=37Uvir3SFBc
Kentucky October Yearlings (2020),2020-10-26,262,B,C,AMERICAN PHAROAH,LIL CORA TEE,LIL E. TEE,SUMMERFIELD (FRANCIS & BARBARA VANLANGENDONCK) AGENT,OUT,0,,05/27/2019,FLORIDA,3,,,
Kentucky October Yearlings (2020),2020-10-26,263,DKB,F,CAIRO PRINCE,LILI VON SHTUPP,COLONEL JOHN,TAYLOR MADE SALES AGENCY AGENT IX,CLARIBEL RAMIREZ,10000,,05/04/2019,KENTUCKY,22&23,,,https://vimeo.com/471453247
Kentucky October Yearlings (2020),2020-10-26,264,DKB,F,SKY KINGDOM,LILLY POTTER,PARADING,DENALI STUD AGENT XIV,NOT SOLD,8500,,04/26/2019,KENTUCKY,1&2,,,https://youtu.be/ucmLJ1RrfUM
Kentucky October Yearlings (2020),2020-10-26,265,B,F,FED BIZ,LIMIT,LONHRO (AUS),BROOKDALE SALES AGENT FOR MINEOLA FARM,RESPECT THE VALLEYS LLC,17000,,01/07/2019,KENTUCKY,17,,,
Kentucky October Yearlings (2020),2020-10-26,266,DKB,C,CANDY RIDE (ARG),LISA'S BOOBY TRAP,DREWMAN,KATIERICH FARMS,CROMWELL BLOODSTOCK,42000,,05/02/2019,KENTUCKY,12,,,
Kentucky October Yearlings (2020),2020-10-26,267,B,F,UNCLE MO,LISA T.,AWESOME AGAIN,DENALI STUD AGENT XXII,NOT SOLD,90000,,02/01/2019,KENTUCKY,1&2,,,https://vimeo.com/470540406
Kentucky October Yearlings (2020),2020-10-26,268,B,C,CUPID,LISDOONVARNA,BODEMEISTER,WARRENDALE SALES AGENT,NOT SOLD,45000,,02/22/2019,KENTUCKY,21,,,
Kentucky October Yearlings (2020),2020-10-26,269,B,C,SPEIGHTSTOWN,LISTENUPNOW,HARD SPUN,HIDDEN BROOK AGENT V,NOT SOLD,47000,,03/29/2019,NEW YORK,22,,,
Kentucky October Yearlings (2020),2020-10-26,270,B,C,MR SPEAKER,LITIGATING,POINT GIVEN,EATON SALES AGENT,OUT,0,,05/01/2019,KENTUCKY,7,,,
Kentucky October Yearlings (2020),2020-10-26,271,B,C,KANTHAROS,LITTLE HAVANA,TAPIZAR,INDIAN CREEK AGENT,GRASSROOTS TRN & SALES LLC,12000,,04/13/2019,KENTUCKY,2,,,https://vimeo.com/469232370
Kentucky October Yearlings (2020),2020-10-26,273,DKB,F,LIAM'S MAP,LITTLE HEART,UNCLE MO,BLUEWATER SALES LLC AGENT IV,ROBERT TUCKER DDS,25000,,03/11/2019,KENTUCKY,8,,,https://vimeo.com/471683929
Kentucky October Yearlings (2020),2020-10-26,274,GRR,F,MIDNIGHT STORM,LITTLEMISSATTITUDE,ALPHABET SOUP,SOUTH POINT SALES AGENCY AGENT VIII,NOT SOLD,17000,,04/23/2019,ONTARIO,18,,,https://vimeo.com/471699715
Kentucky October Yearlings (2020),2020-10-26,275,DKB,C,KANTHAROS,LITTLE MISS S,CANDY RIDE (ARG),GLEN HILL FARM,HAWK ENTERPRISES INC.,2000,,02/07/2019,KENTUCKY,4,,,https://vimeo.com/468084646
Kentucky October Yearlings (2020),2020-10-26,276,B,C,CHAMP PEGASUS,LITTLE ROOSTER (IRE),VALE OF YORK (IRE),MACHMER HALL SALES AGENT XV,OLIVIA ENTERPRISES,4000,,02/13/2019,CALIFORNIA,5&6,,,https://vimeo.com/471350045
Kentucky October Yearlings (2020),2020-10-26,277,B,C,VANCOUVER (AUS),LITTLE SANDY,SPEIGHTSTOWN,WARRENDALE SALES AGENT XIV,POWERSTOWN STUD,25000,,04/02/2019,KENTUCKY,21,,,
Kentucky October Yearlings (2020),2020-10-26,278,DKB,C,TOURIST,LITTLE SWEET,CANDY RIDE (ARG),SMALL BATCH SALES AGENT I,JAMES DIVITO AGENT,21000,,03/08/2019,KENTUCKY,19,,,
Kentucky October Yearlings (2020),2020-10-26,279,CH,F,MUNNINGS,LIVE TO DANCE,EMCEE,EATON SALES AGENT,OUT,0,,05/05/2019,KENTUCKY,7,,,https://vimeo.com/471457421
Kentucky October Yearlings (2020),2020-10-26,280,DKB,F,FLAT OUT,LIVIA B,JOLIE'S HALO,MULHOLLAND SPRINGS AGENT I,FULL CIRCLE FARM,3000,,04/29/2019,KENTUCKY,14,,,
Kentucky October Yearlings (2020),2020-10-26,281,B,F,GET STORMY,LIZZY VAN LEW,WAR CHANT,MAINE CHANCE FARM (UNIVERSITY OF KENTUCKY),MCMAHON & HILL BLOODSTOCK,2000,,05/09/2019,KENTUCKY,19,,,
Kentucky October Yearlings (2020),2020-10-26,282,GRR,C,LIAM'S MAP,LOCKED ON,BODEMEISTER,CASTLE PARK FARM LLC (NOEL MURPHY) AGENT XX,TEN STRIKE RACING/RICK KUEBER,220000,,03/08/2019,NEW YORK,8,,,
Kentucky October Yearlings (2020),2020-10-26,283,B,C,OUTWORK,LONG KISS GOODBYE,INTO MISCHIEF,CANDY MEADOWS SALES AGENT III,TEAM FUN,52000,,05/16/2019,KENTUCKY,10,,,
Kentucky October Yearlings (2020),2020-10-26,284,DKB,F,WILL TAKE CHARGE,LOOKING,SEEKING THE GOLD,NARDELLI SALES AGENT I,ARCADIO ESCAMILLA,2000,,05/20/2019,KENTUCKY,5,,,https://youtu.be/4YPr0S3CK54
Kentucky October Yearlings (2020),2020-10-26,285,CH,C,AMERICAN FREEDOM,LOOKING GREAT,INCLUDE,CASTLE PARK FARM LLC (NOEL MURPHY) AGENT VII,DANIEL KJORSVIK,12000,,03/06/2019,VIRGINIA,8,,,
Kentucky October Yearlings (2020),2020-10-26,286,B,F,ELUSIVE BLUFF,LORELEI LEGEND,KINGMAMBO,VINERY SALES AGENT X,NOT SOLD,7000,,04/08/2019,INDIANA,22&23,,,
Kentucky October Yearlings (2020),2020-10-26,287,B,F,RED ROCKS (IRE),LOVELY DYNAFORMER,DYNAFORMER,VINERY SALES AGENT VIII,OUT,0,,02/24/2019,KENTUCKY,22&23,,,
Kentucky October Yearlings (2020),2020-10-26,288,GRR,C,TAPITURE,LOVELY EM,SCAT DADDY,GAINESWAY AGENT XIV,JOSE CAMEJO,6000,,04/06/2019,KENTUCKY,5&6,,,
Kentucky October Yearlings (2020),2020-10-26,289,DKB,F,OUTWORK,LOVELY ISLE,DOUBLE HONOR,EATON SALES AGENT,OUT,0,,03/24/2019,NEW YORK,7,,,
Kentucky October Yearlings (2020),2020-10-26,290,CH,F,KANTHAROS,LOVE THOSE LEGS,PARADING,BEAU LANE BLOODSTOCK AGENT I,MICHAEL NEATHERLIN,5000,,05/07/2019,KENTUCKY,16,,,
Kentucky October Yearlings (2020),2020-10-26,291,DKB,F,KLIMT,LOVE TO GAMBLE,BRAHMS,VINERY SALES AGENT LXIV,OUT,0,,04/09/2019,OHIO,22&23,,,
Kentucky October Yearlings (2020),2020-10-26,292,CH,C,PALACE MALICE,LUCKY SONG,UNBRIDLED'S SONG,DENALI STUD AGENT XVII,DJR AGENT,35000,,04/19/2019,FLORIDA,1&2,,,
Kentucky October Yearlings (2020),2020-10-26,293,CH,C,MACLEAN'S MUSIC,LUNCH HOUR,MEDAGLIA D'ORO,FOUR STAR SALES AGENT,NOT SOLD,44000,,04/20/2019,ONTARIO,16,,,https://youtu.be/rnlsyiayak0
Kentucky October Yearlings (2020),2020-10-26,294,B,C,GOLDENCENTS,LUVTHAT' JACKIE,WILD WONDER,VINERY SALES AGENT XLIII,OUT,0,,05/02/2019,KENTUCKY,22&23,,,
Kentucky October Yearlings (2020),2020-10-26,295,B,C,CONNECT,LUXURIOUS,AWESOME AGAIN,EATON SALES AGENT,NOT SOLD,37000,,04/13/2019,KENTUCKY,7,,,https://vimeo.com/471457448
Kentucky October Yearlings (2020),2020-10-26,296,CH,C,SUPER SAVER,LYNDA'S RAGE,SKY MESA,WARRENDALE SALES AGENT XIX,JAMES HUNT,2000,,03/16/2019,KENTUCKY,21,,,
Kentucky October Yearlings (2020),2020-10-26,297,CH,C,LEA,LYRICS,SPEIGHTSTOWN,TRACKSIDE FARM (TOM EVANS) AGENT FOR TENLANE FARM,LUIS FRANCO,3500,,02/10/2019,KENTUCKY,19,,,https://vimeo.com/469741788
Kentucky October Yearlings (2020),2020-10-26,298,GRR,F,AMERICAN FREEDOM,MACHA GLORITA,MACHO UNO,BUCKLAND SALES (ZACH MADDEN) AGENT XXX,OUT,0,,03/16/2019,KENTUCKY,20,,,
Kentucky October Yearlings (2020),2020-10-26,299,DKB,C,SUMMER FRONT,MADAKET MILLIE,GIANT'S CAUSEWAY,SCOTT MALLORY AGENT XII,DARRS INC/JAMES BREDIN AGT,60000,,02/16/2019,KENTUCKY,21,,,
Kentucky October Yearlings (2020),2020-10-26,300,CH,F,DIALED IN,MADAM AAMOURA,ZENSATIONAL,BLAKE-ALBINA THOROUGHBRED SERVICES LLC AGENT I,BILL REIGHTLER AGENT FOR GREG TATUM,85000,,02/05/2019,FLORIDA,11,,,
Kentucky October Yearlings (2020),2020-10-26,301,B,F,CONSTITUTION,MADAME B MINE,BELONG TO ME,EQUUS FARM (JERRY CUMMINS/PAUL ADAMS) AGENT I,GRASSROOTS TRN & SALES LLC,35000,,04/17/2019,KENTUCKY,14,,,
Kentucky October Yearlings (2020),2020-10-26,302,B,C,LIAM'S MAP,MADAME MAYRA,SCAT DADDY,DENALI STUD AGENT IX,OUT,0,,01/21/2019,KENTUCKY,1&2,,,https://www.youtube.com/watch?v=vZUKwnT7YJ8&feature=youtu.be
Kentucky October Yearlings (2020),2020-10-26,303,B,F,MINESHAFT,MADOFFWITHTHECASH,DIXIE UNION,MACHMER HALL SALES AGENT XX,SCOTT BROWN FRANK ALOSA AGT,80000,,05/02/2019,KENTUCKY,5&6,,,https://www.youtube.com/watch?v=y3VlpFPcBR8
Kentucky October Yearlings (2020),2020-10-26,304,B,F,TIZNOW,MAGGIES APPLAUSE,CONGRATS,CANDY MEADOWS SALES AGENT X,MICHAEL G MARKS,3000,,04/13/2019,KENTUCKY,10,,,
Kentucky October Yearlings (2020),2020-10-26,305,B,F,RUN AWAY AND HIDE,MAGGIE SUE,MAGNA GRADUATE,FOUR STAR SALES AGENT,OUT,0,,02/14/2019,INDIANA,16,,,
Kentucky October Yearlings (2020),2020-10-26,306,GRR,C,UNCLE MO,MAGGI O'PRADO,PADDY O'PRADO,TAYLOR MADE SALES AGENCY AGENT FOR JSM EQUINE LLC,DOWN THE STRETCH,130000,,03/16/2019,KENTUCKY,22&23,,,https://youtu.be/JLQ0NbxIYno
Kentucky October Yearlings (2020),2020-10-26,307,B,F,RUNHAPPY,MAGIC BELLE,GOLD CASE,BURLESON FARMS AGENT,OUT,0,,03/28/2019,KENTUCKY,17,,,
Kentucky October Yearlings (2020),2020-10-26,308,CH,C,WICKED STRONG,MAGIC MAMA,SUCCESSFUL APPEAL,LEGACY BLOODSTOCK AGENT XXXI,NOT SOLD,9000,,03/24/2019,LOUISIANA,23,,,https://youtu.be/uTzChjpKJyg
Kentucky October Yearlings (2020),2020-10-26,309,DKB,C,SHACKLEFORD,MAGNA G,MAGNA GRADUATE,DARBY DAN FARM AGENT II,GRASSROOTS TRN & SALES LLC,5000,,03/29/2019,KENTUCKY,16,,,
Kentucky October Yearlings (2020),2020-10-26,310,B,C,RUN AWAY AND HIDE,MAIDEN AMERICA,ROCK HARD TEN,DARBY DAN FARM AGENT VII,PAVEL MATEJKA,3000,,04/24/2019,KENTUCKY,16,,,
Kentucky October Yearlings (2020),2020-10-26,311,B,C,CLASSIC EMPIRE,MAID ON A MISSION,STRATEGIC MISSION,WAR HORSE PLACE LLC AGENT X,NOT SOLD,37000,,04/15/2019,NEW YORK,4,,,https://vimeo.com/470915058
Kentucky October Yearlings (2020),2020-10-26,312,DKB,C,PROTONICO,MAJESTIC ISLAND,MAJESTIC WARRIOR,LANE'S END AGENT,SPAN INVESTMENT INC,10000,,04/17/2019,KENTUCKY,1,,,
Kentucky October Yearlings (2020),2020-10-26,313,B,C,RUN AWAY AND HIDE,MAJESTIC MISS,MAJESTIC WARRIOR,FORBUSH FARM,NOT SOLD,19000,,03/11/2019,KENTUCKY,19,,,
Kentucky October Yearlings (2020),2020-10-26,314,DKB,C,VIOLENCE,MAJESTIC MONARCH,MAJESTIC WARRIOR,EATON SALES AGENT,NOT SOLD,15000,,04/11/2019,KENTUCKY,7,,,https://vimeo.com/471693775
Kentucky October Yearlings (2020),2020-10-26,315,CH,C,CURLIN,MAKE THE SUN SHINE,MALIBU MOON,GAINESWAY AGENT VIII,VILLA ROSA FARMS,52000,,04/30/2019,KENTUCKY,5&6,,,https://vimeo.com/469869227
Kentucky October Yearlings (2020),2020-10-26,316,GRR,F,CUPID,MAKING MARK MONEY,SMART STRIKE,SUMMERFIELD (FRANCIS & BARBARA VANLANGENDONCK) AGENT,KENNETH MCPEEK AGENT,75000,,03/13/2019,KENTUCKY,3,,,
Kentucky October Yearlings (2020),2020-10-26,317,B,C,ASTERN (AUS),MAKIN' SENSE,STREET SENSE,MILL RIDGE SALES AGENT,OUT,0,,03/23/2019,KENTUCKY,11,,,
Kentucky October Yearlings (2020),2020-10-26,318,DKB,F,LOOKIN AT LUCKY,MAKOO,TRIBAL RULE,HILL 'N' DALE SALES AGENCY AGENT,NAVAS EQUINE,3500,,06/02/2019,KENTUCKY,4,,,https://vimeo.com/471803491/6e7f8cde76
Kentucky October Yearlings (2020),2020-10-26,319,B,F,BATTLE OF MIDWAY,MALIBU KASH,MALIBU MOON,BURLESON FARMS AGENT,CLIMACO GALINDO,5000,,02/15/2019,KENTUCKY,17,,,
Kentucky October Yearlings (2020),2020-10-26,320,GRR,F,FROSTED,MALIBU RED,MALIBU MOON,EATON SALES AGENT FOR COTEAU GROVE FARMS LLC,RESPECT THE VALLEYS LLC,21000,,01/14/2019,LOUISIANA,7,,,https://vimeo.com/471457499
Kentucky October Yearlings (2020),2020-10-26,321,DKB,F,EXAGGERATOR,MAMA MAXINE,MORE THAN READY,BLUEWATER SALES LLC AGENT X,CYPRESS CREEK LLC,18000,,04/15/2019,NEW YORK,8,,,https://vimeo.com/470934457
Kentucky October Yearlings (2020),2020-10-26,322,CH,C,KANTHAROS,MAMA'S DIA,EL CORREDOR,WAR HORSE PLACE LLC AGENT IV,LUCAN BLOODSTOCK LLC,10000,,05/07/2019,KENTUCKY,4,,,https://vimeo.com/471866066
Kentucky October Yearlings (2020),2020-10-26,323,B,C,MIDNIGHT LUTE,MAMBOALOT,KINGMAMBO,LANE'S END AGENT,NOT SOLD,4500,,06/02/2019,KENTUCKY,1,,,https://youtu.be/gJfeFYwq0I8
Kentucky October Yearlings (2020),2020-10-26,324,B,F,UNCLE MO,MANDA BAY,EMPIRE MAKER,DENALI STUD AGENT XXIII,NICE GUYS STABLES LLC,200000,,02/27/2019,KENTUCKY,1&2,,,https://vimeo.com/467534065
Kentucky October Yearlings (2020),2020-10-26,325,DKB,F,STREET SENSE,MARIA'S CANDY,CANDY RIDE (ARG),PARAMOUNT SALES AGENT XXIV,NOT SOLD,55000,,04/02/2019,NEW YORK,20,,,https://vimeo.com/467960112
Kentucky October Yearlings (2020),2020-10-26,326,B,C,OVERANALYZE,MARIA'S DANE,MARIA'S MON,CASTLE PARK FARM LLC (NOEL MURPHY) AGENT IV,OUT,0,,02/09/2019,KENTUCKY,8,,,
Kentucky October Yearlings (2020),2020-10-26,327,DKB,F,FLINTSHIRE (GB),MARILYN LONHRO,LONHRO (AUS),LITTLE'S BLOODSTOCK LLC AGENT,ARCADIO ESCAMILLA,1000,,04/03/2019,KENTUCKY,19,,,
Kentucky October Yearlings (2020),2020-10-26,328,B,F,PRODUCER (GB),MARSALI,MORE THAN READY,BUCKLAND SALES (ZACH MADDEN) AGENT XI,NOT SOLD,4000,,05/04/2019,KENTUCKY,20,,,
Kentucky October Yearlings (2020),2020-10-26,329,B,C,CONNECT,MARY BERNICE,BERNARDINI,WARRENDALE SALES AGENT XXV,NOT SOLD,19000,,04/20/2019,PENNSYLVANIA,21,,,
Kentucky October Yearlings (2020),2020-10-26,330,B,C,INTO MISCHIEF,MARYFIELD,ELUSIVE QUALITY,BLUEWATER SALES LLC AGENT X,OUT,0,,05/22/2019,KENTUCKY,8,,,
Kentucky October Yearlings (2020),2020-10-26,331,B,C,WICKED STRONG,MARY GRACE,WILDCAT HEIR,BALLYSAX BLOODSTOCK AGENT II,OUT,0,,04/15/2019,NEW YORK,18,,,
Kentucky October Yearlings (2020),2020-10-26,332,CH,F,CINCO CHARLIE,MASTERFUL MISS,MIZZEN MAST,CROWNING POINT FARM AGENT,FLY BY,4500,,04/08/2019,KENTUCKY,18,,,
Kentucky October Yearlings (2020),2020-10-26,333,DKB,C,MINESHAFT,MATH CLASS,EDDINGTON,TAYLOR MADE SALES AGENCY AGENT XL,GRASSROOTS TRN & SALES LLC,30000,,04/23/2019,KENTUCKY,22&23,,,https://youtu.be/_te5CZT_lTw
Kentucky October Yearlings (2020),2020-10-26,334,CH,C,EXAGGERATOR,MAXIE FORD,TAPIT,CLIFTON FARM AGENT,HENRY THILMONY,16000,,04/07/2019,KENTUCKY,12,,,
Kentucky October Yearlings (2020),2020-10-26,335,GRR,F,CUPID,MAY BE NOW,SMART STRIKE,PERRONE SALES LTD. AGENT FOR APACHE FARM LLC,DAVE STACK,110000,,04/15/2019,NEW YORK,13,,,
Kentucky October Yearlings (2020),2020-10-26,336,GRR,C,CUPID,MAYFIELD,EXPLOIT,PARAMOUNT SALES AGENT IV,KEEPTHEBALLROLLIN,30000,,04/01/2019,KENTUCKY,20,,,https://youtu.be/wRscIsRpACQ
Kentucky October Yearlings (2020),2020-10-26,337,DKB,C,FLINTSHIRE (GB),MAYMONT,UNBRIDLED'S SONG,HILL 'N' DALE SALES AGENCY AGENT,TOM MCCROCKLIN,42000,,05/05/2019,KENTUCKY,4,,,https://vimeo.com/471803550/7a36368f0c
Kentucky October Yearlings (2020),2020-10-26,338,B,C,DISTORTED HUMOR,MEDAGLIA D'ARGENTO,MEDAGLIA D'ORO,WARRENDALE SALES AGENT V,OUT,0,,05/22/2019,KENTUCKY,21,,,
Kentucky October Yearlings (2020),2020-10-26,339,B,C,KEEN ICE,MEET AT LOLA'S,SMOKE GLACKEN,HUNTER VALLEY FARM AGENT,NOT SOLD,11000,,04/06/2019,KENTUCKY,9,,,https://vimeo.com/471588260
Kentucky October Yearlings (2020),2020-10-26,340,B,C,CREATIVE CAUSE,MERIDIANA (GER),LOMITAS (GB),GAINESWAY AGENT VII,CHRISTY (K.O.I.D.),17000,,03/23/2019,KENTUCKY,5&6,,,
Kentucky October Yearlings (2020),2020-10-26,341,B,F,UNION RAGS,MERRY MEADOW,HENNY HUGHES,DENALI STUD AGENT XXII,CASTLETON LYONS INC,150000,,02/25/2019,KENTUCKY,1&2,,,https://vimeo.com/470540350
Kentucky October Yearlings (2020),2020-10-26,342,B,C,MACLEAN'S MUSIC,MICROBURST,AWESOME AGAIN,ST GEORGE SALES AGENT XXI,MIKE RYAN AGENT,240000,,02/15/2019,KENTUCKY,10,,,https://youtu.be/82P5dV8_oQo
Kentucky October Yearlings (2020),2020-10-26,343,CH,C,ANIMO DE VALEROSO,MIDNIGHT K,MIDNIGHT LUTE,LEGACY BLOODSTOCK AGENT FOR JUSTICE FARM,NOT SOLD,3500,,05/04/2019,OHIO,23,,,
Kentucky October Yearlings (2020),2020-10-26,344,CH,F,NYQUIST,MIDNIGHT UNION,UNION RAGS,MULHOLLAND SPRINGS AGENT II,MICHAEL NEATHERLIN,190000,,02/10/2019,KENTUCKY,14,,,https://vimeo.com/466173389
Kentucky October Yearlings (2020),2020-10-26,345,B,F,GHOSTZAPPER,MIGHTY EROS,FREUD,INDIAN CREEK AGENT,NOT SOLD,47000,,02/15/2019,NEW YORK,2,,,https://vimeo.com/469232395
Kentucky October Yearlings (2020),2020-10-26,346,DKB,C,VIOLENCE,MILEHIGH BUTTERFLY,SKY MESA,LEGACY BLOODSTOCK AGENT FOR TWO HEARTS FARM II,ANTHONY BRADDOCK,50000,,02/27/2019,KENTUCKY,23,,,https://vimeo.com/469506077
Kentucky October Yearlings (2020),2020-10-26,347,B,F,LAOBAN,MILKYYOURWAY,ANDROMEDA'S HERO,VINERY SALES AGENT FOR LARRY BOTTING,ANGEL ORDONEZ AGENT FOR RL TRANSPORT,6000,,04/13/2019,NEW YORK,22&23,,,
Kentucky October Yearlings (2020),2020-10-26,348,DKB,C,VIOLENCE,MILLENNIA,MILWAUKEE BREW,SUMMERFIELD (FRANCIS & BARBARA VANLANGENDONCK) AGENT,PATRICK MCBURNEY AGENT,70000,,04/13/2019,KENTUCKY,3,,,https://vimeo.com/471685634
Kentucky October Yearlings (2020),2020-10-26,349,B,C,WILL TAKE CHARGE,MIND,FLATTER,BLAKE-ALBINA THOROUGHBRED SERVICES LLC AGENT II,GRACE CORP,5000,,03/20/2019,NEW YORK,11,,,
Kentucky October Yearlings (2020),2020-10-26,350,DKB,F,TEMPLE CITY,MINE ALL MINE,BELONG TO ME,EATON SALES AGENT,OUT,0,,03/08/2019,KENTUCKY,7,,,
Kentucky October Yearlings (2020),2020-10-26,351,B,F,DAREDEVIL,MINED OVER MATTER,MINESHAFT,BRIDIE HARRISON AGENT,MARC TACHER,100000,,03/12/2019,KENTUCKY,9,,,
Kentucky October Yearlings (2020),2020-10-26,352,CH,F,ANIMAL KINGDOM,MIRACLE GIRL,SCAT DADDY,POPE MCLEAN (CRESTWOOD FARM) AGENT II,OUT,0,,05/01/2019,KENTUCKY,17,,,
Kentucky October Yearlings (2020),2020-10-26,353,DKB,C,CAIRO PRINCE,MIRACLE HEAT,UNUSUAL HEAT,VALKYRE STUD AGENT,J & R RACING,2500,,03/06/2019,KENTUCKY,8,,,https://vimeo.com/469596501
Kentucky October Yearlings (2020),2020-10-26,354,DKB,F,TONALIST,MIRACLE MOMENT,CHESTER HOUSE,SALLY THOMAS AGENT,BROWN ROAD RACING,20000,,02/03/2019,KENTUCKY,20,,,https://vimeo.com/471803598/4e69f938b5
Kentucky October Yearlings (2020),2020-10-26,355,DKB,C,ORB,MIRIAM,FREUD,DENALI STUD AGENT XI,ORLANDO ALVAREZ MARTINEZ,3000,,04/17/2019,KENTUCKY,1&2,,,https://youtu.be/SoA8XM34At0
Kentucky October Yearlings (2020),2020-10-26,356,GRR,C,FROSTED,MISS ARRANGEMENT,MR. GREELEY,BUCK POND FARM (DOUGLAS S. ARNOLD) AGENT,LARRY MEJIAS,30000,,05/11/2019,KENTUCKY,22,,,https://www.youtube.com/watch?v=cVXsrMtmgzg
Kentucky October Yearlings (2020),2020-10-26,357,DKB,F,CONNECT,MISS BLARNEY STONE,DYNAFORMER,ST GEORGE SALES AGENT XIX,NOT SOLD,19000,,03/24/2019,NEW YORK,10,,,
Kentucky October Yearlings (2020),2020-10-26,358,B,F,LORD NELSON,MISS CENTERFOLD,TIZNOW,BURLESON FARMS AGENT,OUT,0,,04/21/2019,NEW YORK,17,,,
Kentucky October Yearlings (2020),2020-10-26,359,GRR,C,KOBE'S BACK,MISS CHARADES,MIZZEN MAST,STUART MORRIS AGENT FOR BARAK FARM,OLIVIA ENTERPRISES,27000,,04/20/2019,MARYLAND,21,,,
Kentucky October Yearlings (2020),2020-10-26,360,DKB,C,SKY KINGDOM,MISS DAISY,DYNAFORMER,MULHOLLAND SPRINGS AGENT I,ARCADIO ESCAMILLA,2200,,05/18/2019,KENTUCKY,14,,,
Kentucky October Yearlings (2020),2020-10-26,361,CH,F,GHOSTZAPPER,MISS DA POINT,STRONG CONTENDER,BLUEWATER SALES LLC AGENT X,OUT,0,,05/09/2019,NEW YORK,8,,,
Kentucky October Yearlings (2020),2020-10-26,362,B,C,MIDSHIPMAN,MISS DEL GALLO,HENNESSY,MULHOLLAND SPRINGS AGENT X,OUT,0,,02/13/2019,KENTUCKY,14,,,
Kentucky October Yearlings (2020),2020-10-26,363,GRR,F,FROSTED,MISS EMILIA,WAR FRONT,ANDERSON FARMS AGENT,HTC/VORIC STABLES,95000,,04/03/2019,ONTARIO,3,,,
Kentucky October Yearlings (2020),2020-10-26,364,DKB,F,LEA,MISS E ON THE QT,E DUBAI,PARAMOUNT SALES AGENT XXXI,NOT SOLD,3000,,04/18/2019,KENTUCKY,20,,,
Kentucky October Yearlings (2020),2020-10-26,365,B,C,MORE THAN READY,MISS GRIDLEY,STREET BOSS,PARAMOUNT SALES AGENT XXVII,NOT SOLD,37000,,05/02/2019,KENTUCKY,20,,,https://youtu.be/Ek1HmTqhiF4
Kentucky October Yearlings (2020),2020-10-26,366,DKB,F,MR SPEAKER,MISS HISSY FIT,ALDEBARAN,MACHMER HALL SALES AGENT V,RICARDO GUTIERREZ,8000,,03/22/2019,KENTUCKY,5&6,,,https://www.youtube.com/watch?v=0RqaJw9NhDo
Kentucky October Yearlings (2020),2020-10-26,367,B,F,PRACTICAL JOKE,MISSISSIPPI QUEEN,ARTIE SCHILLER,HUNTER VALLEY FARM AGENT,NEW HORIZON FARM,30000,,05/04/2019,KENTUCKY,9,,,
Kentucky October Yearlings (2020),2020-10-26,368,GRR,F,CUPID,MISS LEDERHOSEN,VALID EXPECTATIONS,MICHAEL & JULIA O'QUINN AGENT,NEW DAY TRAINING CENTER,45000,,02/24/2019,KENTUCKY,4,,,
Kentucky October Yearlings (2020),2020-10-26,369,B,F,GOLDENCENTS,MISS LIVONA,DIXIE UNION,EQUUS FARM (JERRY CUMMINS/PAUL ADAMS) AGENT I,TITLETOWN RACING STABLES,30000,,03/16/2019,KENTUCKY,14,,,
Kentucky October Yearlings (2020),2020-10-26,370,CH,F,NOBLE BIRD,MISS MAKER,DISTORTED HUMOR,VINERY SALES AGENT XXVII,NOT SOLD,10000,,04/29/2019,FLORIDA,22&23,,,
Kentucky October Yearlings (2020),2020-10-26,371,CH,C,JIMMY CREED,MISS MATZO,ROYAL ACADEMY,SOUTH POINT SALES AGENCY AGENT III,KINGS EQUINE,25000,,05/11/2019,ONTARIO,18,,,https://vimeo.com/471823520
Kentucky October Yearlings (2020),2020-10-26,372,DKB,F,MASTERY,MISS MO KELLY,CONGRATS,WOODS EDGE FARM (PETER O'CALLAGHAN) AGENT,HIDDEN BROOK AGENT,80000,,02/14/2019,KENTUCKY,11,,,https://vimeo.com/466860458
Kentucky October Yearlings (2020),2020-10-26,373,CH,C,PALACE MALICE,MISSMOLLYBYGOLLY,SCAT DADDY,VINERY SALES AGENT XL,NOT SOLD,30000,,04/03/2019,MINNESOTA,22&23,,,
Kentucky October Yearlings (2020),2020-10-26,374,B,F,MIDNIGHT STORM,MISS MONTREAL,ORIENTATE,MULHOLLAND SPRINGS AGENT IX,ANTWONE RANDALL EL,39000,,02/06/2019,KENTUCKY,14,,,
Kentucky October Yearlings (2020),2020-10-26,375,DKB,C,ASTERN (AUS),MISS SUBTLE,MISREMEMBERED,MOREAU BLOODSTOCK INT'L INC,ORLANDO ALVAREZ MARTINEZ,10000,,04/30/2019,KENTUCKY,15,,,
Kentucky October Yearlings (2020),2020-10-26,376,B,F,SILENT NAME (JPN),MISS TATEY CAT,SIMON PURE,CARA BLOODSTOCK (BERNARD MCCORMACK) AGENT I,NOT SOLD,29000,,04/29/2019,ONTARIO,18,,,https://vimeo.com/468551552
Kentucky October Yearlings (2020),2020-10-26,377,CH,C,MAJESTIC CITY,MISSTERIA,DANCE WITH RAVENS,HIDDEN BROOK AGENT III,NOT SOLD,7000,,02/06/2019,NEW YORK,22,,,
Kentucky October Yearlings (2020),2020-10-26,378,B,C,GORMLEY,MISS VICTORIANA,EXPLICIT,WARRENDALE SALES AGENT XVI,SITWELL RACING,22000,,04/03/2019,KENTUCKY,21,,,https://vimeo.com/471216511
Kentucky October Yearlings (2020),2020-10-26,379,DKB,C,CARPE DIEM,MISS VINDICTIVE,STEPHEN GOT EVEN,LITTLE'S BLOODSTOCK LLC AGENT,NOT SOLD,4000,,04/20/2019,KENTUCKY,19,,,
Kentucky October Yearlings (2020),2020-10-26,380,B,C,SKY KINGDOM,MISTY MOCHA,YANKEE GENTLEMAN,POPE MCLEAN (CRESTWOOD FARM) AGENT VIII,ORLANDO ALVAREZ MARTINEZ,2500,,03/07/2019,KENTUCKY,17,,,
Kentucky October Yearlings (2020),2020-10-26,381,B,F,TALE OF EKATI,MISTY TOWN,JERSEY TOWN,HUNTER VALLEY FARM AGENT,DANTE ZANELLI AGENT,7000,,04/08/2019,ONTARIO,9,,,https://www.youtube.com/watch?v=g5815cL6D3s&feature=youtu.be
Kentucky October Yearlings (2020),2020-10-26,382,B,C,BROKEN VOW,MIZ IDA,PROUD CITIZEN,POPE MCLEAN (CRESTWOOD FARM) AGENT IX,RL TRANSPORT,27000,,03/18/2019,KENTUCKY,17,,,
Kentucky October Yearlings (2020),2020-10-26,383,B,C,CUPID,MODISTE,UNCLE MO,VINERY SALES AGENT XXXI,OUT,0,,04/22/2019,KENTUCKY,22&23,,,
Kentucky October Yearlings (2020),2020-10-26,384,DKB,C,BAYERN,MON AMI AMY,ROY,CARA BLOODSTOCK (BERNARD MCCORMACK) AGENT II,NOT SOLD,14000,,04/04/2019,ONTARIO,18,,,https://vimeo.com/468538665
Kentucky October Yearlings (2020),2020-10-26,385,DKB,C,MO TOM,MONEY FOR MAKEUP,FORESTRY,SHAWHAN PLACE LLC AGENT I,RESPECT THE VALLEYS LLC,5000,,04/02/2019,LOUISIANA,23,,,
Kentucky October Yearlings (2020),2020-10-26,386,CH,F,JIMMY CREED,MONTESSA G,MONTBROOK,MACHMER HALL SALES AGENT FOR MACHMER HALL,SUMMIT VALLEY FARM,40000,,04/06/2019,KENTUCKY,5&6,,,https://youtu.be/N2Y9J0j0MRc
Kentucky October Yearlings (2020),2020-10-26,387,B,F,TIZNOW,MOONBOW,DISTORTED HUMOR,BUCKLAND SALES (ZACH MADDEN) AGENT VIII,MILLENNIUM FARMS,9500,,04/27/2019,KENTUCKY,20,,,https://youtu.be/M4rpE1cT5w4
Kentucky October Yearlings (2020),2020-10-26,388,B,C,TIZNOW,MOON CONFIDENTIAL,MALIBU MOON,BUCKLAND SALES (ZACH MADDEN) AGENT VII,LYNN ARES,15000,,04/06/2019,KENTUCKY,20,,,
Kentucky October Yearlings (2020),2020-10-27,389,B,F,QUALITY ROAD,MOONLIGHT SKY,SKY MESA,CLAIBORNE FARM AGENT,KNIGHTS BLOODSTOCK,230000,,05/22/2019,KENTUCKY,9,,,https://vimeo.com/471409411
Kentucky October Yearlings (2020),2020-10-27,390,DKB,F,EXAGGERATOR,MOON MINING (IRE),ORB,MULHOLLAND FARM AGENT,JEFF MACKOR AGENT,9000,,04/20/2019,KENTUCKY,18,,,
Kentucky October Yearlings (2020),2020-10-27,391,CH,F,NYQUIST,MOON MUSIC,MALIBU MOON,FOUR STAR SALES AGENT,NOT SOLD,37000,,04/12/2019,ONTARIO,16,,,https://youtu.be/WflUAZFvQMk
Kentucky October Yearlings (2020),2020-10-27,392,CH,C,CLASSIC EMPIRE,MOON ORBIT,MALIBU MOON,DENALI STUD AGENT XXVI,JERRY CAROOM,10000,,04/12/2019,FLORIDA,1&2,,,
Kentucky October Yearlings (2020),2020-10-27,393,B,F,KEEN ICE,MOONSHINE BERTIE,MALIBU MOON,PERRONE SALES LTD. AGENT FOR APACHE FARM LLC,CRYSTAL G PICKETT,3000,,02/14/2019,NEW YORK,13,,,
Kentucky October Yearlings (2020),2020-10-27,394,B,F,LEMON DROP KID,MOONSHINE MAGIC,BLUEGRASS CAT,STALLION VENTURES,OUT,0,,03/05/2019,KENTUCKY,18,,,
Kentucky October Yearlings (2020),2020-10-27,395,DKB,F,CONGRATS,MORETHANBEAUTIFUL,MORE THAN READY,SCOTT MALLORY AGENT III,DAVID HUSSEY,3200,,05/07/2019,KENTUCKY,21,,,
Kentucky October Yearlings (2020),2020-10-27,396,DKB,C,UPSTART,MORETHANVICTORIOUS,MORE THAN READY,FORT CHRISTOPHER'S THOROUGHBREDS LLC AGENT,ORLANDO ALVAREZ MARTINEZ,4500,,04/22/2019,NEW YORK,19,,,
Kentucky October Yearlings (2020),2020-10-27,397,B,F,NOT THIS TIME,MORGANITE,GEMOLOGIST,MACHMER HALL SALES AGENT XXI,STEVEN ROCCO,50000,,03/09/2019,KENTUCKY,5&6,,,https://www.youtube.com/watch?v=gTGKSXQ6OmI&feature=youtu.be
Kentucky October Yearlings (2020),2020-10-27,398,B,F,ASTERN (AUS),MORILLES (GB),MONTJEU (IRE),KEITH LANCASTER AGENT,GRASSROOTS TRN & SALES LLC,3000,,03/22/2019,ONTARIO,22,,,
Kentucky October Yearlings (2020),2020-10-27,399,CH,F,GORMLEY,MOUNTAIN MAMBO,MT. LIVERMORE,DENALI STUD AGENT VI,NOT SOLD,5000,,04/27/2019,KENTUCKY,1&2,,,
Kentucky October Yearlings (2020),2020-10-27,400,GRR,F,CREATIVE CAUSE,MOUNT NEVIS,EMPIRE MAKER,LEGACY BLOODSTOCK AGENT V,NOT SOLD,9000,,04/14/2019,KENTUCKY,23,,,https://vimeo.com/471731408
Kentucky October Yearlings (2020),2020-10-27,401,B,F,MASTERY,MRS. APPEAL,SUCCESSFUL APPEAL,TAYLOR MADE SALES AGENCY AGENT II,OUT,0,,04/11/2019,KENTUCKY,22&23,,,
Kentucky October Yearlings (2020),2020-10-27,402,B,C,TEMPLE CITY,MS ISADORABLE,ROYAL ACADEMY,VINERY SALES AGENT XLV,ORLANDO ALVAREZ MARTINEZ,3200,,05/17/2019,KENTUCKY,22&23,,,
Kentucky October Yearlings (2020),2020-10-27,403,CH,C,MR. Z,MUFFIN TOP,BRAHMS,BUCKLAND SALES (ZACH MADDEN) AGENT II,ORLANDO ALVAREZ MARTINEZ,2200,,03/04/2019,KENTUCKY,20,,,
Kentucky October Yearlings (2020),2020-10-27,404,CH,F,UNION RAGS,MULTIPLAYER,GIANT'S CAUSEWAY,HILL 'N' DALE SALES AGENCY AGENT,CRYSTAL G PICKETT,9000,,03/22/2019,KENTUCKY,4,,,
Kentucky October Yearlings (2020),2020-10-27,405,DKB,F,PIONEEROF THE NILE,MURKY WATERS,STORM CREEK,PARAMOUNT SALES AGENT XXXVIII,NOT SOLD,115000,,05/26/2019,NEW YORK,20,,,https://vimeo.com/470939530
Kentucky October Yearlings (2020),2020-10-27,406,CH,F,STRONG MANDATE,MUSIC TOWN,SPEIGHTSTOWN,SOUTH POINT SALES AGENCY AGENT IX,GREENWICH RACING,14000,,02/27/2019,MARYLAND,18,,,https://vimeo.com/471699696
Kentucky October Yearlings (2020),2020-10-27,407,DKB,C,NEW YEAR'S DAY,MUY MUY,DIXIE UNION,PARAMOUNT SALES AGENT XX,OUT,0,,03/05/2019,KENTUCKY,20,,,
Kentucky October Yearlings (2020),2020-10-27,408,DKB,C,LEMON DROP KID,MYBABYBABYSBABY,AWESOME AGAIN,BEAU LANE BLOODSTOCK AGENT,USK RACING,21000,,04/10/2019,KENTUCKY,16,,,
Kentucky October Yearlings (2020),2020-10-27,409,B,F,OUTWORK,MY BERNADETTE,BERNARDINI,STUART MORRIS AGENT XII,CARLO VACCAREZZA,10000,,03/07/2019,KENTUCKY,21,,,
Kentucky October Yearlings (2020),2020-10-27,410,B,C,CLASSIC EMPIRE,MY BETHANY,BERNSTEIN,COLUMBIANA FARM AGENT II,NOT SOLD,47000,,04/27/2019,KENTUCKY,17,,,https://www.youtube.com/watch?v=LXzkXEexmYM&feature=youtu.be
Kentucky October Yearlings (2020),2020-10-27,411,CH,F,HARD SPUN,MY BLUE SKY,SKY MESA,VINERY SALES AGENT L,NOT SOLD,9000,,02/14/2019,KENTUCKY,22&23,,,https://vimeo.com/471230736
Kentucky October Yearlings (2020),2020-10-27,412,DKB,F,MUCHO MACHO MAN,MY DAUGHTER'S SONG,SONGANDAPRAYER,EATON SALES AGENT,TRAVIS DURR,2500,,04/16/2019,KENTUCKY,7,,,https://vimeo.com/471693759
Kentucky October Yearlings (2020),2020-10-27,413,B,C,KEEN ICE,MY DOGS ARE BARKIN,SONGANDAPRAYER,BUCKLAND SALES (ZACH MADDEN) AGENT III,NOT SOLD,23000,,02/01/2019,TEXAS,20,,,https://youtu.be/YyInwAMJpo0
Kentucky October Yearlings (2020),2020-10-27,414,CH,F,DAREDEVIL,MY EKATI CAT,TALE OF EKATI,FRANKFORT PARK FARM AGENT,MIKE G RUTHERFORD,60000,,02/06/2019,KENTUCKY,12,,,https://vimeo.com/471678813
Kentucky October Yearlings (2020),2020-10-27,415,DKB,C,UNIFIED,MYKINDASAINT,SAINT BALLADO,LEGACY BLOODSTOCK AGENT XXX,DARK STAR THOROUGHBREDS,19000,Y,01/22/2019,KENTUCKY,23,,,https://vimeo.com/471731541
Kentucky October Yearlings (2020),2020-10-27,416,DKB,C,OUTWORK,MY LADY MUNNINGS,MUNNINGS,PARAMOUNT SALES AGENT XXV,OUT,0,,03/01/2019,KENTUCKY,20,,,https://vimeo.com/471749450
Kentucky October Yearlings (2020),2020-10-27,417,CH,F,AMERICAN FREEDOM,MY LIL SHAMROCK,CITY ZIP,PARAMOUNT SALES AGENT XX,OUT,0,,04/05/2019,KENTUCKY,20,,,
Kentucky October Yearlings (2020),2020-10-27,418,DKB,C,MORNING LINE,MY MOMENT,INDY SNOW (GB),LANE'S END AGENT,JONATHAN NANCE,1000,,05/28/2019,KENTUCKY,1,,,
Kentucky October Yearlings (2020),2020-10-27,419,GRR,C,CUPID,MY NAMES NICOLE,CHARISMATIC,ST GEORGE SALES AGENT XVII,OUT,0,,04/12/2019,KENTUCKY,10,,,
Kentucky October Yearlings (2020),2020-10-27,420,B,F,CAIRO PRINCE,MY SKY,SKY MESA,TERRAZAS THOROUGHBREDS AGENT V,SOUTHERN RACING,2500,,04/06/2019,KENTUCKY,23,,,
Kentucky October Yearlings (2020),2020-10-27,421,B,F,KLIMT,MYSTIC CHARM,WAR PASS,ENDEAVOR FARM AGENT FOR CYPRESS BEND FARM,OUT,0,,05/03/2019,KENTUCKY,13,,,
Kentucky October Yearlings (2020),2020-10-27,422,GRR,C,D' FUNNYBONE,MYSTIC MIRACLE,UNBRIDLED'S SONG,MACHMER HALL SALES AGENT FOR MACHMER HALL I,JAMES R LAYDEN,12000,,03/05/2019,NEW YORK,5&6,,,https://www.youtube.com/watch?v=VWSV36sgsXs
Kentucky October Yearlings (2020),2020-10-27,423,B,F,FLAT OUT,MYSTIC VENTURE,TWINING,CROWNING POINT FARM AGENT,OUT,0,,05/11/2019,KENTUCKY,18,,,
Kentucky October Yearlings (2020),2020-10-27,424,B,C,KETTLE CORN,MY UPTOWN GAL,CITY ZIP,LANE'S END AGENT,CRYSTAL G PICKETT,1000,,03/13/2019,OHIO,1,,,
Kentucky October Yearlings (2020),2020-10-27,425,B,F,AMERICAN FREEDOM,MY WISH LIST,FLATTER,CANDY MEADOWS SALES AGENT VIII,CRYSTAL G PICKETT,2000,,04/06/2019,KENTUCKY,10,,,
Kentucky October Yearlings (2020),2020-10-27,426,DKB,F,COMMISSIONER,NACHALAH,KODIAK KOWBOY,SMALL BATCH SALES AGENT FOR BRANT M. LAUE,OUT,0,,04/18/2019,NEW YORK,19,,,
Kentucky October Yearlings (2020),2020-10-27,427,CH,C,KEEN ICE,NATCHEZ TRACE,CONSOLIDATOR,HIDDEN BROOK AGENT FOR FARFELLOW FARM LTD,FARFELLOW FARMS LLC,18000,,04/18/2019,KENTUCKY,22,,,https://vimeo.com/471877731
Kentucky October Yearlings (2020),2020-10-27,428,DKB,C,RUNHAPPY,NAUGHTYNAUGHTYGIRL,BERNARDINI,MULHOLLAND SPRINGS AGENT VIII,OUT,0,,04/28/2019,KENTUCKY,14,,,
Kentucky October Yearlings (2020),2020-10-27,429,B,F,EXAGGERATOR,NAVY RIBBON,PURE PRIZE,PARAMOUNT SALES AGENT II,OUT,0,,03/21/2019,KENTUCKY,20,,,
Kentucky October Yearlings (2020),2020-10-27,430,CH,C,GUN RUNNER,NEEDMORE FLATTERY,FLATTER,BUCKLAND SALES (ZACH MADDEN) AGENT XIV,HARTLEY/DE RENZO THOROUGHBREDS,140000,,04/13/2019,KENTUCKY,20,,,
Kentucky October Yearlings (2020),2020-10-27,431,B,C,MOONSHINE MULLIN,NEVER ENDS,SUCCESSFUL APPEAL,VINERY SALES AGENT XXXIII,WAYNE BAKKE,4200,,03/15/2019,ARKANSAS,22&23,,,
Kentucky October Yearlings (2020),2020-10-27,432,DKB,C,AMERICAN FREEDOM,NEVER QUICKER,HENNESSY,SALLY THOMAS AGENT,SOLANA BEACH SALES IV,37000,,02/10/2019,KENTUCKY,20,,,https://vimeo.com/471803671/a4ef09af9e
Kentucky October Yearlings (2020),2020-10-27,433,DKB,C,EXAGGERATOR,NEW NARRATION,TAPIT,BLUEWATER SALES LLC AGENT VII,MARC TACHER,30000,,02/05/2019,KENTUCKY,8,,,https://vimeo.com/470540229
Kentucky October Yearlings (2020),2020-10-27,434,GRR,C,ARROGATE,NICOLE H,MR. GREELEY,GAINESWAY AGENT FOR NORMANDY FARM LLC,DAVID GEOFROY,40000,,05/17/2019,KENTUCKY,5&6,,,
Kentucky October Yearlings (2020),2020-10-27,435,CH,C,ANIMAL KINGDOM,NIGHT GEM,TAPIT,CANDY MEADOWS SALES AGENT I,RAUL GONZALEZ,4500,,03/13/2019,KENTUCKY,10,,,
Kentucky October Yearlings (2020),2020-10-27,436,B,F,NOT THIS TIME,NIGHT LAUNCH,MIDNIGHT LUTE,TAYLOR MADE SALES AGENCY AGENT XXIX,ERIC ANTONIO DELVALLE,50000,,04/06/2019,KENTUCKY,22&23,,,
Kentucky October Yearlings (2020),2020-10-27,437,DKB,C,BRODY'S CAUSE,NIGHT MARKET,MIDNIGHT LUTE,SMALL BATCH SALES AGENT VI,OUT,0,,04/15/2019,KENTUCKY,19,,,
Kentucky October Yearlings (2020),2020-10-27,438,DKB,F,WE MISS ARTIE,NIGHTOFSOLANCE,OFFICER,RICKY HIGGS AGENT,ORLANDO ALVAREZ MARTINEZ,2000,,03/26/2019,KENTUCKY,12,,,
Kentucky October Yearlings (2020),2020-10-27,439,DKB,F,BRODY'S CAUSE,NIKKI'S FINE TIME,CAPE BLANCO (IRE),PARAMOUNT SALES AGENT XV,NOT SOLD,22000,,04/16/2019,KENTUCKY,20,,,https://vimeo.com/470939625
Kentucky October Yearlings (2020),2020-10-27,440,CH,C,WILL TAKE CHARGE,NIMBLE FOOT (IRE),DANEHILL DANCER (IRE),BURLESON FARMS AGENT,OUT,0,,04/04/2019,KENTUCKY,17,,,
Kentucky October Yearlings (2020),2020-10-27,441,B,F,CONGRATS,NO ACRONYMS,MILWAUKEE BREW,BRANDYWINE FARM (JIM & PAM ROBINSON) AGENT,WAVES BLOODSTOCK,48000,,02/17/2019,KENTUCKY,15,,,
Kentucky October Yearlings (2020),2020-10-27,442,B,F,CAIRO PRINCE,NOCHE DE VERSOS,CORINTHIAN,SHAWHAN PLACE LLC AGENT V,ORLANDO ALVAREZ MARTINEZ,3500,,05/13/2019,KENTUCKY,23,,,https://vimeo.com/470911021
Kentucky October Yearlings (2020),2020-10-27,443,DKB,F,HARD SPUN,NO DRESS REHEARSAL,GRAND SLAM,CARA BLOODSTOCK (BERNARD MCCORMACK) AGENT III,ORLANDO ALVAREZ MARTINEZ,5000,,02/12/2019,ONTARIO,18,,,https://vimeo.com/468953609
Kentucky October Yearlings (2020),2020-10-27,444,CH,C,DANZA,NO KNOCKS,A.P. INDY,VINERY SALES AGENT LIII,TSN BLOODSTOCK,1200,,04/09/2019,KENTUCKY,22&23,,,
Kentucky October Yearlings (2020),2020-10-27,445,B,C,LAOBAN,NO PEEPING,MORNING LINE,BLUEWATER SALES LLC AGENT X,JOY GONZALEZ,15000,,02/26/2019,NEW YORK,8,,,
Kentucky October Yearlings (2020),2020-10-27,446,B,C,KEEN ICE,NO PICTURES PLEASE,CONGRATS,BLAKE-ALBINA THOROUGHBRED SERVICES LLC AGENT I,DANNY PATE,37000,Y,04/22/2019,KENTUCKY,11,,,
Kentucky October Yearlings (2020),2020-10-27,447,GRR,C,SILENT NAME (JPN),NORQUAY,FAIRBANKS,CASTLE PARK FARM LLC (NOEL MURPHY) AGENT V,OUT,0,,03/29/2019,ONTARIO,8,,,
Kentucky October Yearlings (2020),2020-10-27,448,DKB,F,COMMISSIONER,NORTHERN MISS,BELLAMY ROAD,TRACKSIDE FARM (TOM EVANS) AGENT III,GAYLE VAN LEER AGENT,2000,,04/29/2019,KENTUCKY,19,,,https://vimeo.com/469741823
Kentucky October Yearlings (2020),2020-10-27,449,DKB,F,NOT THIS TIME,NORTHERN NETTI,CITY ZIP,WAR HORSE PLACE LLC AGENT IV,GROVE STUD,45000,,05/27/2019,KENTUCKY,4,,,https://vimeo.com/470915117
Kentucky October Yearlings (2020),2020-10-27,450,CH,C,CLASSIC EMPIRE,NORTHERN PASSION,FIRST SAMURAI,DARBY DAN FARM AGENT I,GRASSROOTS TRN & SALES LLC,55000,,02/14/2019,KENTUCKY,16,,,
Kentucky October Yearlings (2020),2020-10-27,451,CH,C,MUCHO MACHO MAN,NOSPEIGHTINTENDED,SPEIGHTSTOWN,TAYLOR MADE SALES AGENCY AGENT XXXIV,KINGS EQUINE,12500,Y,04/15/2019,KENTUCKY,22&23,,,https://youtu.be/B58PcuHbYHQ
Kentucky October Yearlings (2020),2020-10-27,452,CH,F,KLIMT,NOTAYANKEEFAN,YANKEE GENTLEMAN,DARBY DAN FARM AGENT VII,ORLANDO ALVAREZ MARTINEZ,2000,,05/03/2019,KENTUCKY,16,,,
Kentucky October Yearlings (2020),2020-10-27,453,CH,C,AMERICAN FREEDOM,NOTHERBEAUTIFULDAY,DISTORTED HUMOR,PARAMOUNT SALES AGENT XX,OUT,0,,05/07/2019,KENTUCKY,20,,,
Kentucky October Yearlings (2020),2020-10-27,454,B,F,BLAME,NOTHING TO WEAR,MALIBU MOON,NICKY DRION THOROUGHBREDS AGENT,NOLAN ALLARD,1500,,05/14/2019,KENTUCKY,15,,,https://vimeo.com/470930709
Kentucky October Yearlings (2020),2020-10-27,455,CH,C,GOLDENCENTS,NOTORIOUS NICOLE,CANDY RIDE (ARG),PARAMOUNT SALES AGENT XXVII,RAUL GONZALEZ,2000,,04/05/2019,KENTUCKY,20,,,https://youtu.be/rshdYWOjkuw
Kentucky October Yearlings (2020),2020-10-27,456,CH,F,PRACTICAL JOKE,NOVICE,ELUSIVE QUALITY,PARAMOUNT SALES AGENT XL,OUT,0,,02/17/2019,KENTUCKY,20,,,
Kentucky October Yearlings (2020),2020-10-27,457,B,F,BERNARDINI,N THE NOW,GIANT'S CAUSEWAY,NARDELLI SALES AGENT I,JAY HANLEY,80000,,02/25/2019,KENTUCKY,5,,,https://www.youtube.com/watch?v=HlSCNe3Bnjg&feature=youtu.be
Kentucky October Yearlings (2020),2020-10-27,458,B,C,ASTERN (AUS),NUTMEG,LEMON DROP KID,MARCUZZI THOROUGHBREDS INC.,OUT,0,,02/01/2019,KENTUCKY,13,,,
Kentucky October Yearlings (2020),2020-10-27,459,B,C,WICKED STRONG,OCALA'S QUEEN,SCAT DADDY,PARAMOUNT SALES AGENT FOR JUSTICE FARM,JONATHAN NANCE,5000,Y,04/12/2019,INDIANA,20,,,
Kentucky October Yearlings (2020),2020-10-27,460,DKB,C,PIONEEROF THE NILE,OCEAN GODDESS,STORMY ATLANTIC,GAINESWAY AGENT II,OUT,0,,01/01/2019,KENTUCKY,5&6,,,
Kentucky October Yearlings (2020),2020-10-27,461,CH,F,CARPE DIEM,OH BOO HOO,KAFWAIN,PERRONE SALES LTD. AGENT,NOT SOLD,7500,,03/13/2019,KENTUCKY,13,,,
Kentucky October Yearlings (2020),2020-10-27,462,B,C,SPEIGHTSTER,OH STORMY,STORMY ATLANTIC,SOUTH POINT SALES AGENCY AGENT X,OUT,0,,03/11/2019,KENTUCKY,18,,,
Kentucky October Yearlings (2020),2020-10-27,463,GRR,C,LIAM'S MAP,OIL PAINTING,DISTORTED HUMOR,GAINESWAY AGENT XXI,NOT SOLD,125000,,03/13/2019,KENTUCKY,5&6,,,https://vimeo.com/469869465
Kentucky October Yearlings (2020),2020-10-27,464,GRR,F,RACE DAY,OLIVETTE,MR. LIVINGSTON,RED GABLES STUD LLC AGENT,RACING CANADA INC,4000,,03/22/2019,KENTUCKY,22,,,
Kentucky October Yearlings (2020),2020-10-27,465,DKB,C,STREET SENSE,ON CLOUD NINE,UNBRIDLED'S SONG,BRIDIE HARRISON AGENT FOR PETER E. BLUM THOROUGHBREDS,CHAMPION EQUINE LLC,120000,,04/26/2019,KENTUCKY,9,,,
Kentucky October Yearlings (2020),2020-10-27,466,DKB,F,REVOLUTIONARY,ONE FELL SWOOP,VICAR,MULHOLLAND FARM,JOHN H DILLOW,3000,,04/10/2019,KENTUCKY,18,,,
Kentucky October Yearlings (2020),2020-10-27,467,CH,F,CONNECT,ONE IN A JILLIAN,MASTER COMMAND,MULHOLLAND SPRINGS AGENT XI,NOT SOLD,37000,,03/19/2019,KENTUCKY,14,,,
Kentucky October Yearlings (2020),2020-10-27,468,GRR,F,FROSTED,ONE MORE WILD RIDE,WILDCAT HEIR,WARRENDALE SALES AGENT XXXIII,OUT,0,,02/23/2019,KENTUCKY,21,,,
Kentucky October Yearlings (2020),2020-10-27,469,B,F,FED BIZ,ONE TIME ONLY,LEMON DROP KID,MILL RIDGE SALES AGENT,OUT,0,,02/06/2019,KENTUCKY,11,,,
Kentucky October Yearlings (2020),2020-10-27,470,GRR,C,FROSTED,ON MY WAY,GIANT'S CAUSEWAY,GAINESWAY AGENT FOR WAYMORE LLC,TRADE WINDS FARM,75000,,04/05/2019,KENTUCKY,5&6,,,https://vimeo.com/471212535
Kentucky October Yearlings (2020),2020-10-27,471,B,C,VANCOUVER (AUS),ONWARD TO GLORY,HARD SPUN,CASTLE PARK FARM LLC (NOEL MURPHY) AGENT X,GRASSROOTS TRN & SALES LLC,30000,,03/02/2019,KENTUCKY,8,,,
Kentucky October Yearlings (2020),2020-10-27,472,B,C,SPEIGHTSTER,OOH LA LA COOL,UNCLE MO,VINERY SALES AGENT LIX,OUT,0,,05/30/2019,KENTUCKY,22&23,,,
Kentucky October Yearlings (2020),2020-10-27,473,B,C,BODEMEISTER,OPEN HOUSE,TAPIT,PARAMOUNT SALES AGENT XX,JAVIER ARELLANO,8000,,04/12/2019,KENTUCKY,20,,,
Kentucky October Yearlings (2020),2020-10-27,474,DKB,C,BAL A BALI (BRZ),ORBISTON PARVA,INCLUDE,SALLY THOMAS AGENT,RESPECT THE VALLEYS LLC,2000,,04/17/2019,KENTUCKY,20,,,https://vimeo.com/471803731/92223a250a
Kentucky October Yearlings (2020),2020-10-27,475,DKB,F,SHANGHAI BOBBY,ORCHID ISLE,ZAMINDAR,SUMMERFIELD (FRANCIS & BARBARA VANLANGENDONCK) AGENT,NOT SOLD,32000,,04/18/2019,FLORIDA,3,,,
Kentucky October Yearlings (2020),2020-10-27,476,B,F,MUNNINGS,ORDAIN,CONGRATS,TAYLOR MADE SALES AGENCY AGENT LVI,GRASSROOTS TRN & SALES LLC,40000,Y,02/22/2019,KENTUCKY,22&23,,,https://youtu.be/r9VH_HeXb0M
Kentucky October Yearlings (2020),2020-10-27,477,DKB,F,CANDY RIDE (ARG),OUCHY NIGHT,CACTUS RIDGE,DENALI STUD AGENT FOR EDITION FARM,NOT SOLD,47000,,05/05/2019,NEW YORK,1&2,,,https://youtu.be/bMiCfemnukg
Kentucky October Yearlings (2020),2020-10-27,478,DKB,C,GORMLEY,OUR ELEANOR,SUCCESSFUL APPEAL,PARKWAY FARM INC. AGENT,LARRY ZAP AGENT FOR THOROUGHBRED ACQUISITION GROUP,95000,,05/06/2019,KENTUCKY,12,,,
Kentucky October Yearlings (2020),2020-10-27,479,B,C,NYQUIST,OUR GAL EL,TAPIT,INDIAN CREEK AGENT,MICHAEL HERNON BLOODSTOCK AGT FOR CHARLES J. ZACNEY,70000,,04/25/2019,KENTUCKY,2,,,https://vimeo.com/471382928
Kentucky October Yearlings (2020),2020-10-27,480,GRR,F,STRONG MANDATE,OUR JULIA,VALUE PLUS,MULHOLLAND SPRINGS AGENT IV,JOHN SERVIS,11000,,04/15/2019,KENTUCKY,14,,,
Kentucky October Yearlings (2020),2020-10-27,481,DKB,F,TAPITURE,OUT OF PRADO,MR. LIVINGSTON,SIERRA FRIA FARM,NOT SOLD,7000,,02/21/2019,KENTUCKY,11,,,
Kentucky October Yearlings (2020),2020-10-27,482,CH,C,AMERICAN FREEDOM,OUT OF THE SHADOW,ESKENDEREYA,PARAMOUNT SALES AGENT XX,OUT,0,,01/16/2019,PENNSYLVANIA,20,,,
Kentucky October Yearlings (2020),2020-10-27,483,CH,F,RUN AWAY AND HIDE,OVID FASTI,CONSOLIDATOR,BALLYSAX BLOODSTOCK AGENT X,GAYLE VAN LEER AGENT,2000,,04/20/2019,KENTUCKY,18,,,
Kentucky October Yearlings (2020),2020-10-27,484,CH,F,FED BIZ,PADEN AFFAIR,ROCKPORT HARBOR,WARRENDALE SALES AGENT XXIX,NOT SOLD,1500,,04/08/2019,KENTUCKY,21,,,
Kentucky October Yearlings (2020),2020-10-27,485,DKB,C,MR. Z,PAINTING THE TOWN,BELONG TO ME,FORBUSH FARM,NOT SOLD,1000,,04/02/2019,KENTUCKY,19,,,
Kentucky October Yearlings (2020),2020-10-27,486,B,F,HANDSOME MIKE,PAJAMA MAMA,TRIPPI,VINERY SALES AGENT XXIII,CHRISTY (K.O.I.D.),12000,,04/27/2019,FLORIDA,22&23,,,https://vimeo.com/471433705
Kentucky October Yearlings (2020),2020-10-27,487,B,C,WICKED STRONG,PALACE PIER,OUT OF PLACE,VINERY SALES AGENT LIII,KENNETH MCPEEK AGENT,55000,,03/27/2019,KENTUCKY,22&23,,,
Kentucky October Yearlings (2020),2020-10-27,488,B,C,DIALED IN,PAMPERING,HENNESSY,RUNNYMEDE FARM INC. AGENT,GAYLE VAN LEER AGENT,2500,,03/08/2019,KENTUCKY,12,,,
Kentucky October Yearlings (2020),2020-10-27,489,CH,F,LOOKIN AT LUCKY,PARTYIN,HENNY HUGHES,ST GEORGE SALES AGENT XIV,FERGUS GALVIN,37000,,02/20/2019,KENTUCKY,10,,,
Kentucky October Yearlings (2020),2020-10-27,490,CH,C,KANTHAROS,PARTY SMART,SMART STRIKE,HUNTER VALLEY FARM AGENT,OUT,0,,04/20/2019,KENTUCKY,9,,,
Kentucky October Yearlings (2020),2020-10-27,491,DKB,F,BERNARDINI,PASSE,DIXIE UNION,PERRONE SALES LTD. AGENT FOR APACHE FARM LLC,APACHE FARM,40000,,05/15/2019,NEW YORK,13,,,
Kentucky October Yearlings (2020),2020-10-27,492,GRR,F,SPEIGHTSTER,PASSEPORTA,ROCKPORT HARBOR,SCOTT MALLORY AGENT,NOT SOLD,19000,,03/11/2019,KENTUCKY,21,,,
Kentucky October Yearlings (2020),2020-10-27,493,B,C,KLIMT,PAST DUE,DEVIL HIS DUE,MACHMER HALL SALES AGENT XXIV,GET DOWN STABLE LLC,40000,,04/28/2019,KENTUCKY,5&6,,,https://vimeo.com/471350122
Kentucky October Yearlings (2020),2020-10-27,494,B,F,AMERICAN PHAROAH,PAVINI (FR),DUBAWI (IRE),ST GEORGE SALES AGENT VII,MICK PRICE RACING AUSTRALIA,130000,,03/06/2019,ONTARIO,10,,,https://youtu.be/qf73wM_xH4Q
Kentucky October Yearlings (2020),2020-10-27,495,CH,C,EXAGGERATOR,PAZ THE BOURBON,MISSION IMPAZIBLE,HUNTER VALLEY FARM AGENT,OUT,0,,02/24/2019,NEW YORK,9,,,
Kentucky October Yearlings (2020),2020-10-27,496,DKB,F,MIDNIGHT STORM,PEACELOVEANDJOY,HARLAN'S HOLIDAY,EQUUS FARM (JERRY CUMMINS/PAUL ADAMS) AGENT I,JVC TRAINING & SALES,12000,,04/14/2019,KENTUCKY,14,,,
Kentucky October Yearlings (2020),2020-10-27,497,DKB,F,AIR FORCE BLUE,PEARL IN THE SAND (IRE),FOOTSTEPSINTHESAND (GB),HUNTER VALLEY FARM AGENT,JAMEN DAVIDOVICH,4000,,03/17/2019,KENTUCKY,9,,,https://vimeo.com/467344505
Kentucky October Yearlings (2020),2020-10-27,498,B,C,QUALITY ROAD,PEARL TURN,BERNARDINI,ANDERSON FARMS AGENT,ECLIPSE THOROUGHBRED PARTNERS,560000,,06/04/2019,ONTARIO,3,,,
Kentucky October Yearlings (2020),2020-10-27,499,B,C,NOBLE MISSION (GB),PEARLY BLUE,EMPIRE MAKER,MILL RIDGE SALES AGENT,EAT N CHEESE,3500,,04/28/2019,KENTUCKY,11,,,https://www.youtube.com/watch?v=M7uVUVc_H2o&list=PLzgVBzdrTBXSogxbk19v0DjgHl6YGjKJS&index=2
Kentucky October Yearlings (2020),2020-10-27,500,DKB,C,GIO PONTI,PEDESTRIAN,STREET SENSE,MAINE CHANCE FARM (UNIVERSITY OF KENTUCKY),RELENTLESS RACING INC,1000,,04/06/2019,KENTUCKY,19,,,
Kentucky October Yearlings (2020),2020-10-27,501,B,F,MACHO UNO,PEGGY MAY,LEMON DROP KID,SIERRA FARM,CROMWELL BLOODSTOCK,50000,,05/04/2019,KENTUCKY,12,,,https://vimeo.com/470923485
Kentucky October Yearlings (2020),2020-10-27,502,CH,C,SHACKLEFORD,PEGGY'S A TEN,FUSAICHI PEGASUS,POPE MCLEAN (CRESTWOOD FARM) AGENT V,OUT,0,,03/18/2019,KENTUCKY,17,,,
Kentucky October Yearlings (2020),2020-10-27,503,GRR,C,FROSTED,PELIPA,INDIAN CHARLIE,STALLION VENTURES,VALENTINE JIMENEZ,21000,,04/09/2019,KENTUCKY,18,,,
Kentucky October Yearlings (2020),2020-10-27,504,GRR,C,CREATIVE CAUSE,PELT,CANADIAN FRONTIER,SHAWHAN PLACE LLC AGENT FOR MR. & MRS. THEODORE R. KUSTER,KENNETH MCPEEK AGENT,50000,,03/13/2019,KENTUCKY,23,,,https://vimeo.com/470911064
Kentucky October Yearlings (2020),2020-10-27,505,DKB,F,HARD SPUN,PENGALLY BAY,PULPIT,ANDERSON FARMS AGENT,OUT,0,,04/27/2019,ONTARIO,3,,,
Kentucky October Yearlings (2020),2020-10-27,506,B,C,FED BIZ,PENUMBRA MOON,MALIBU MOON,BRANDYWINE FARM (JIM & PAM ROBINSON),RAMON TALLAJ,1500,,03/12/2019,KENTUCKY,15,,,
Kentucky October Yearlings (2020),2020-10-27,507,DKB,C,POINT OF ENTRY,PEPITA,VICAR,SHAWHAN PLACE LLC AGENT II,CENTOFANTI THOROUGHBREDS,4000,Y,02/26/2019,KENTUCKY,23,,,https://vimeo.com/470911073
Kentucky October Yearlings (2020),2020-10-27,508,GRR,F,CUPID,PERAZZI,CURLIN,EATON SALES AGENT,DANTE ZANELLI AGENT,12000,,02/10/2019,KENTUCKY,7,,,
Kentucky October Yearlings (2020),2020-10-27,509,GRR,C,CUPID,PERDY,TALE OF THE CAT,MACHMER HALL SALES AGENT XXVI,JOHN SERVIS,80000,Y,05/09/2019,KENTUCKY,5&6,,,https://vimeo.com/471350148
Kentucky October Yearlings (2020),2020-10-27,510,GRR,C,CAIRO PRINCE,PERFECT CAUSE,GIANT'S CAUSEWAY,WARRENDALE SALES AGENT XXI,CENTOFANTI THOROUGHBREDS,12000,,01/24/2019,KENTUCKY,21,,,
Kentucky October Yearlings (2020),2020-10-27,511,GRR,F,KEEN ICE,PERFECT KAY,KANTHAROS,CROWNING POINT FARM AGENT,OUT,0,,03/07/2019,KENTUCKY,18,,,
Kentucky October Yearlings (2020),2020-10-27,512,B,F,RUN AWAY AND HIDE,PERFECT PLEASURE,APTITUDE,FORBUSH FARM,NOT SOLD,14000,,04/27/2019,KENTUCKY,19,,,
Kentucky October Yearlings (2020),2020-10-27,513,CH,F,EXAGGERATOR,PERFECT SEVEN,SMART STRIKE,VINERY SALES AGENT XXVI,J KEITH DESORMEAUX,20000,,02/06/2019,KENTUCKY,22&23,,,
Kentucky October Yearlings (2020),2020-10-27,514,B,C,UNCAPTURED,PETUNIA FACE,CONGRATS,FOUR STAR SALES AGENT,COMMONWEALTH STABLE,15000,,01/23/2019,FLORIDA,16,,,https://www.youtube.com/watch?v=dAhr0QNY_DE
Kentucky October Yearlings (2020),2020-10-27,515,DKB,F,SUPER SAVER,PHILADELPHIA GOLD,TOUCH GOLD,SHELTOWEE SALES AGENT,DAVANT LATHAM AGENT,17000,,04/10/2019,KENTUCKY,12,,,
Kentucky October Yearlings (2020),2020-10-27,516,GRR,C,FROSTED,PHOENICIA,MR PURPLE,WYNNSTAY SALES AGENT I,TIM MARTIN,36000,,04/27/2019,KENTUCKY,7,,,
Kentucky October Yearlings (2020),2020-10-27,517,CH,C,JIMMY CREED,PICOLATA,BELLAMY ROAD,MULHOLLAND SPRINGS AGENT,TARI BROCKLEBANK,35000,,03/21/2019,KENTUCKY,14,,,
Kentucky October Yearlings (2020),2020-10-27,518,DKB,C,PALACE,PIEDRAS NEGRAS,UNBRIDLED,VINERY SALES AGENT LXIV,OUT,0,,05/14/2019,OHIO,22&23,,,
Kentucky October Yearlings (2020),2020-10-27,519,DKB,C,DECLARATION OF WAR,PINATA CAT,TIZNOW,FOUR STAR SALES AGENT FOR DIXIANA FARMS LLC,WATERSHED EQUINE,2300,,04/23/2019,KENTUCKY,16,,,
Kentucky October Yearlings (2020),2020-10-27,520,DKB,F,PIONEEROF THE NILE,PINK DIAMOND,MINESHAFT,WOODS EDGE FARM (PETER O'CALLAGHAN) AGENT,PATRICK MCBURNEY AGENT,50000,,03/16/2019,KENTUCKY,11,,,https://vimeo.com/468766520
Kentucky October Yearlings (2020),2020-10-27,521,GRR,F,RACE DAY,PINKING OF YOU,PINK VIPER,CROWNING POINT FARM AGENT,CHARLES AMBURGEY,7500,,02/07/2019,INDIANA,18,,,
Kentucky October Yearlings (2020),2020-10-27,522,B,C,MIDSHIPMAN,PINOT,INTO MISCHIEF,MULHOLLAND FARM AGENT,NOT SOLD,29000,,04/19/2019,KENTUCKY,18,,,
Kentucky October Yearlings (2020),2020-10-27,523,CH,C,DAREDEVIL,PIPER'S NEW SONG,UNBRIDLED ENERGY,RICKY HIGGS,NOT SOLD,49000,,04/23/2019,INDIANA,12,,,
Kentucky October Yearlings (2020),2020-10-27,524,CH,F,CAN THE MAN,PLASTIQUE,CITY ZIP,SHEPPELL THOROUGHBREDS AGENT,NOT SOLD,7000,,04/03/2019,OHIO,21,,,
Kentucky October Yearlings (2020),2020-10-27,525,B,C,QUALITY ROAD,PLAY BALLADO,SAINT BALLADO,GAINESWAY AGENT VIII,ROGER RASHALL,9000,,04/22/2019,KENTUCKY,5&6,,,https://vimeo.com/469869779
Kentucky October Yearlings (2020),2020-10-27,526,B,C,NOT THIS TIME,PLAYERS CLUB,THUNDER GULCH,STALLION VENTURES,NOT SOLD,25000,,03/13/2019,KENTUCKY,18,,,
Kentucky October Yearlings (2020),2020-10-27,527,GRR,C,FROSTED,PLAYMATES ARCH,ARCH,WARRENDALE SALES AGENT V,OUT,0,,05/13/2019,KENTUCKY,21,,,
Kentucky October Yearlings (2020),2020-10-27,528,B,C,ASTERN (AUS),PLEASANT WIND,PLEASANTLY PERFECT,SCOTT MALLORY AGENT,RAMON TALLAJ,2000,,03/24/2019,KENTUCKY,21,,,
Kentucky October Yearlings (2020),2020-10-27,529,B,F,UPSTART,PLEASED AS PUNCH,PLEASANT TAP,MOREAU BLOODSTOCK INT'L INC,ORLANDO ALVAREZ MARTINEZ,1800,,02/03/2019,KENTUCKY,15,,,
Kentucky October Yearlings (2020),2020-10-27,530,B,F,MASTERY,POCKET OF ACES,HARLAN'S HOLIDAY,DENALI STUD AGENT XXVII,OUT,0,,02/07/2019,KENTUCKY,1&2,,,https://youtu.be/tg4iJ88hgjI
Kentucky October Yearlings (2020),2020-10-27,531,DKB,F,FIRST SAMURAI,POLITICAL ACT,POLITICAL FORCE,COLUMBIANA FARM AGENT,ROBERT SVOBODA,3800,Y,04/29/2019,KENTUCKY,17,,,
Kentucky October Yearlings (2020),2020-10-27,532,B,F,EMPIRE MAKER,PONTIANA,DEPUTY MINISTER,GAINESWAY AGENT XI,NEW DAY TRAINING,125000,,05/08/2019,KENTUCKY,5&6,,,https://vimeo.com/471727736
Kentucky October Yearlings (2020),2020-10-27,533,DKB,C,COMMISSIONER,POP PRINCESS,ALPHABET SOUP,SALLY THOMAS AGENT,NOT SOLD,24000,,02/13/2019,KENTUCKY,20,,,https://vimeo.com/471803749/90ee1168df
Kentucky October Yearlings (2020),2020-10-27,534,B,C,PRACTICAL JOKE,POPPY'S BABY GIRL (GB),YANKEE VICTOR,SALLY THOMAS AGENT,TOM MCCROCKLIN,35000,,05/22/2019,KENTUCKY,20,,,https://vimeo.com/471803794/57ce491eb8
Kentucky October Yearlings (2020),2020-10-27,535,B,F,FLAT OUT,POPPY'S DREAM,BROKEN VOW,SCOTT MALLORY AGENT X,NOT SOLD,9500,,01/21/2019,INDIANA,21,,,
Kentucky October Yearlings (2020),2020-10-27,536,DKB,C,NOT THIS TIME,POP SINGER,SCAT DADDY,STUART MORRIS AGENT XV,TEAM CASSE,170000,,04/09/2019,LOUISIANA,21,,,
Kentucky October Yearlings (2020),2020-10-27,537,B,C,PRACTICAL JOKE,POPSTAR,MEDAGLIA D'ORO,TAYLOR MADE SALES AGENCY AGENT XLVI,KUEBER RACING,135000,,04/11/2019,KENTUCKY,22&23,,,https://youtu.be/c5iRUds_iMg
Kentucky October Yearlings (2020),2020-10-27,538,CH,C,FIRING LINE,PORTEND,SKY MESA,FOUR STAR SALES AGENT,GREG JAMES,30000,,03/11/2019,KENTUCKY,16,,,https://youtu.be/uMTcXHsAo0c
Kentucky October Yearlings (2020),2020-10-27,539,B,C,QUALITY ROAD,POSSESSIVE,BERNARDINI,PARAMOUNT SALES AGENT XXIV,TRADE WINDS FARM,100000,,04/05/2019,KENTUCKY,20,,,
Kentucky October Yearlings (2020),2020-10-27,540,DKB,F,GOLDENCENTS,POTENTIAL DIVA,SUAVE,SHEPPELL THOROUGHBREDS AGENT,RON PAOLUCCI RACING,27000,,02/12/2019,OHIO,21,,,
Kentucky October Yearlings (2020),2020-10-27,541,B,C,UNIFIED,POUNDS TO PENNIES,EXCHANGE RATE,MULHOLLAND FARM AGENT,J KEITH DESORMEAUX,5000,,04/25/2019,KENTUCKY,18,,,
Kentucky October Yearlings (2020),2020-10-27,542,DKB,F,VERRAZANO,POUTYCAT,BLUEGRASS CAT,SALLY THOMAS AGENT,TRAVIS SHORT,1000,,02/15/2019,KENTUCKY,20,,,https://vimeo.com/471803838/adb617a19c
Kentucky October Yearlings (2020),2020-10-27,543,CH,C,CINCO CHARLIE,PRAIRIE FLOWER,FLOWER ALLEY,PARAMOUNT SALES AGENT FOR JUSTICE FARM,NOT SOLD,9500,,04/14/2019,INDIANA,20,,,
Kentucky October Yearlings (2020),2020-10-27,544,CH,F,HARRY'S HOLIDAY,PRAIRIE PRIZE,PURE PRIZE,LEGACY BLOODSTOCK AGENT FOR JUSTICE FARM,NOT SOLD,6500,,02/21/2019,INDIANA,23,,,
Kentucky October Yearlings (2020),2020-10-27,545,DKB,C,VIOLENCE,PRAYER BELL,PULPIT,LEGACY BLOODSTOCK AGENT X,NOLAN ALLARD,2000,,03/13/2019,NEW YORK,23,,,https://vimeo.com/469507332
Kentucky October Yearlings (2020),2020-10-27,546,CH,F,LEA,PREMIUM ACTION,ACTION THIS DAY,DOUBLE R CONSIGNMENT AGENT I,NOT SOLD,4700,,01/17/2019,KENTUCKY,16,,,
Kentucky October Yearlings (2020),2020-10-27,547,B,C,MSHAWISH,PRETTY HONOREE,DOUBLE HONOR,TAYLOR MADE SALES AGENCY AGENT VI,HEINZ H STEINMANN LINDA GEORGE AGENT,3000,,04/14/2019,KENTUCKY,22&23,,,https://youtu.be/9SYctjCbI1Y
Kentucky October Yearlings (2020),2020-10-27,548,GRR,C,GOLDENCENTS,PRETTY MUCH MINE,HALF OURS,SHEPPELL THOROUGHBREDS AGENT,BRYAN HAWK,10500,,03/01/2019,OHIO,21,,,
Kentucky October Yearlings (2020),2020-10-27,549,B,C,MACLEAN'S MUSIC,PRICE TOO HIGH,SCAT DADDY,ST GEORGE SALES AGENT FOR ASHVIEW FARM,NOT SOLD,85000,,02/18/2019,KENTUCKY,10,,,https://www.youtube.com/watch?v=UgjhxUhx3q8
Kentucky October Yearlings (2020),2020-10-27,550,DKB,C,FIRST SAMURAI,PRIETA,BERNARDINI,EATON SALES AGENT,VINCENT J FOGLIA,62000,,04/15/2019,KENTUCKY,7,,,https://vimeo.com/471220716
Kentucky October Yearlings (2020),2020-10-27,551,DKB,C,OVERANALYZE,PRIMAL DESIRE,ROCKPORT HARBOR,MOREAU BLOODSTOCK INT'L INC,AVK BLOODSTOCK,24000,,03/27/2019,KENTUCKY,15,,,
Kentucky October Yearlings (2020),2020-10-27,552,B,F,TEXAS RED,PRIME RISK,GRAND REWARD,BILL MURPHY AGENT V,ANTHONY PECORARO,12500,,04/26/2019,KENTUCKY,23,,,
Kentucky October Yearlings (2020),2020-10-27,553,B,C,MAJESTICPERFECTION,PRIMETTA,SONGANDAPRAYER,WARRENDALE SALES AGENT FOR MONARCH FARMS LLC,COOL HILL FARM,10000,,02/13/2019,KENTUCKY,21,,,https://www.youtube.com/watch?v=ivRFDcMnScA&feature=youtu.be
Kentucky October Yearlings (2020),2020-10-27,554,B,F,BLAME,PRINCELY SUM,LEMON DROP KID,C & S THOROUGHBREDS AGENT,SOLANA BEACH SALES IV,40000,,03/20/2019,NEW YORK,13,,,
Kentucky October Yearlings (2020),2020-10-27,555,DKB,F,LORD NELSON,PRINCESA DE PAPI,BIRDSTONE,LEGACY BLOODSTOCK AGENT X,LARRY MEJIAS,25000,,03/20/2019,NEW YORK,23,,,https://vimeo.com/469507335
Kentucky October Yearlings (2020),2020-10-27,556,B,C,OVERANALYZE,PRINCESS ADDY,QUALITY ROAD,WARRENDALE SALES AGENT FOR MONARCH FARMS LLC,OUT,0,,03/07/2019,KENTUCKY,21,,,
Kentucky October Yearlings (2020),2020-10-27,557,DKB,C,GORMLEY,PRINCESS BERTRANDO,BERTRANDO,VINERY SALES AGENT LXIII,ROBERT SAND,3200,,04/01/2019,KENTUCKY,22&23,,,
Kentucky October Yearlings (2020),2020-10-27,558,B,F,DAREDEVIL,PRIVATE SPANISH,SPANISH STEPS,PARAMOUNT SALES AGENT X,DE MERIC SALES LLC,52000,,03/09/2019,PENNSYLVANIA,20,,,https://vimeo.com/471749401
Kentucky October Yearlings (2020),2020-10-27,559,CH,C,FAST ANNA,PRIVATE WHISPER,ROAR,PARAMOUNT SALES AGENT XV,GAYLE VAN LEER AGENT,4500,,05/04/2019,KENTUCKY,20,,,https://vimeo.com/470939646
Kentucky October Yearlings (2020),2020-10-27,560,CH,F,MOONSHINE MULLIN,PROBABLY THURSDAY,GIO PONTI,BUCKLAND SALES (ZACH MADDEN) AGENT VI,OUT,0,,02/18/2019,ARKANSAS,20,,,
Kentucky October Yearlings (2020),2020-10-27,561,B,F,LOOKIN AT LUCKY,PROMOTED DEPUTY,DEPUTY MINISTER,GREENFIELD FARM (B.D. GIBBS FARM LLC) AGENT FOR K.C GARRETT FARM,SHOWTIME STABLE,41000,,05/28/2019,KENTUCKY,12,,,
Kentucky October Yearlings (2020),2020-10-27,562,B,C,EXAGGERATOR,PROVINCIAL,PULPIT,FOUR STAR SALES AGENT,OUT,0,,04/29/2019,FLORIDA,16,,,
Kentucky October Yearlings (2020),2020-10-27,563,DKB,C,VANCOUVER (AUS),PURE HARMONY,UNBRIDLED'S SONG,SUMMERFIELD (FRANCIS & BARBARA VANLANGENDONCK) AGENT,JAVIER ARELLANO,3000,,05/09/2019,KENTUCKY,3,,,
Kentucky October Yearlings (2020),2020-10-27,564,B,F,CAN THE MAN,PURE NOBLE,NOBLE CAUSEWAY,BALLYSAX BLOODSTOCK AGENT IV,OUT,0,,03/19/2019,KENTUCKY,18,,,
Kentucky October Yearlings (2020),2020-10-27,565,B,F,AMERICAN FREEDOM,PURE RIDE,SIMON PURE,MOREAU BLOODSTOCK INT'L INC,GRASSROOTS TRN & SALES LLC,5500,,03/21/2019,KENTUCKY,15,,,
Kentucky October Yearlings (2020),2020-10-27,566,GRR,F,MOHAYMEN,PURE SCARLETT,PURE PRIZE,BROOKDALE SALES AGENT,RESPECT THE VALLEYS LLC,12000,,02/21/2019,KENTUCKY,17,,,
Kentucky October Yearlings (2020),2020-10-27,567,CH,F,WILL TAKE CHARGE,PURE SMILES,PURE PRIZE,SCOTT MALLORY AGENT VIII,TEN AND CHANGE RACING,5500,,01/21/2019,FLORIDA,21,,,
Kentucky October Yearlings (2020),2020-10-27,568,GRR,F,AMERICAN FREEDOM,PURE VALUE,VALUE PLUS,EATON SALES AGENT FOR COTEAU GROVE FARMS LLC,NOT SOLD,4500,,05/15/2019,LOUISIANA,7,,,https://vimeo.com/471457486
Kentucky October Yearlings (2020),2020-10-27,569,CH,F,CURLIN,PURPLE CAT,BLUEGRASS CAT,BLAKE-ALBINA THOROUGHBRED SERVICES LLC AGENT II,OUT,0,,03/23/2019,KENTUCKY,11,,,
Kentucky October Yearlings (2020),2020-10-27,570,DKB,F,PRACTICAL JOKE,PURR AND PROWL,PURIM,ST GEORGE SALES AGENT XXII,OUT,0,,05/04/2019,KENTUCKY,10,,,
Kentucky October Yearlings (2020),2020-10-27,571,DKB,F,SUPER SAVER,PURRFECT SONG,UNBRIDLED'S SONG,SALLY THOMAS AGENT,ROD EDGMON,22000,,03/25/2019,KENTUCKY,20,,,https://vimeo.com/471803874/3eeef35a29
Kentucky October Yearlings (2020),2020-10-27,572,B,F,RUNHAPPY,PUZZLING,GHOSTZAPPER,CLAIBORNE FARM AGENT,JAMES R LAYDEN,22000,,03/04/2019,KENTUCKY,9,,,
Kentucky October Yearlings (2020),2020-10-27,573,B,C,CINCO CHARLIE,QUEENAMEINA,READ THE FOOTNOTES,VINERY SALES AGENT V,NOT SOLD,7000,,03/30/2019,KENTUCKY,22&23,,,
Kentucky October Yearlings (2020),2020-10-27,574,GRR,C,CREATIVE CAUSE,QUEEN CARIBEES,COZZENE,KEITH LANCASTER AGENT,WILLIAM J SCOTT,30000,,05/19/2019,ONTARIO,22,,,
Kentucky October Yearlings (2020),2020-10-27,575,CH,F,LOOKIN AT LUCKY,QUEEN CLEOPATRA,CONGRATS,4M RANCH AGENT III,OUT,0,,03/24/2019,LOUISIANA,13,,,
Kentucky October Yearlings (2020),2020-10-27,576,DKB,F,OVERANALYZE,QUEEN DAENERYS,STREET SENSE,POPE MCLEAN (CRESTWOOD FARM) AGENT,LAYTON L REGISTER,10000,,05/06/2019,KENTUCKY,17,,,
Kentucky October Yearlings (2020),2020-10-27,577,DKB,C,BRODY'S CAUSE,QUEEN JOANNE,MR. GREELEY,RED GABLES STUD LLC AGENT III,KEVIN BUTTIGIEG,5000,Y,04/30/2019,KENTUCKY,22,,,https://youtu.be/kZgF4mXOvN0
Kentucky October Yearlings (2020),2020-10-27,578,DKB,C,UPSTART,QUEEN MERCURY,LANGFUHR,SCOTT MALLORY AGENT FOR SEA JAY FARM,JEFF MACKER AGENT,9000,,02/11/2019,KENTUCKY,21,,,
Kentucky October Yearlings (2020),2020-10-27,579,B,C,OUTWORK,QUEEN NEGWER,SPEIGHTSTOWN,TAYLOR MADE SALES AGENCY AGENT XXXVII,MICHAEL NEATHERLIN,10000,,02/21/2019,KENTUCKY,22&23,,,https://youtu.be/5aQ9Hn7lyos
Kentucky October Yearlings (2020),2020-10-27,580,B,C,RUNHAPPY,QUEEN OF EMPIRE,EMPIRE MAKER,WARRENDALE SALES AGENT FOR ASHVIEW FARM,TIM MARTIN,22000,,03/22/2019,KENTUCKY,21,,,https://www.youtube.com/watch?v=zzsaCYp7Czo
Kentucky October Yearlings (2020),2020-10-27,581,DKB,C,UNIFIED,QUEEN'S CAUSEWAY,GIANT'S CAUSEWAY,MULHOLLAND SPRINGS AGENT XVII,RED RIVER STABLES,17000,,02/11/2019,NEW YORK,14,,,
Kentucky October Yearlings (2020),2020-10-27,582,DKB,F,DIALED IN,QUESTMET,VAN NISTELROOY,PARAMOUNT SALES AGENT XIX,JOY GONZALEZ,8000,,03/21/2019,KENTUCKY,20,,,
Kentucky October Yearlings (2020),2020-10-27,583,B,C,PALACE,QUICK HIT FEVER,DUBLIN,SHELTOWEE SALES AGENT,OUT,0,,02/25/2019,KENTUCKY,12,,,
Kentucky October Yearlings (2020),2020-10-27,584,B,C,SHACKLEFORD,QUIET POLA,QUIET AMERICAN,MILESTONE FARM,NOT SOLD,9000,,03/08/2019,KENTUCKY,15,,,
Kentucky October Yearlings (2020),2020-10-27,585,CH,C,KEEN ICE,QUITE DRAMATIC,UNUSUAL HEAT,MACHMER HALL SALES AGENT IX,SPAN INVESTMENT INC,5000,,05/15/2019,NEW YORK,5&6,,,https://vimeo.com/471350265
Kentucky October Yearlings (2020),2020-10-27,586,B,C,CENTRAL BANKER,QUITE THE SIS,QUIET AMERICAN,STUART MORRIS AGENT VI,LUIS FRANCO,10000,,04/27/2019,NEW YORK,21,,,
Kentucky October Yearlings (2020),2020-10-27,587,B,C,STORMY ATLANTIC,RACYN WITH GRACYN,VICTORY GALLOP,VINERY SALES AGENT XIX,SPAN INVESTMENT INC,7000,,03/18/2019,KENTUCKY,22&23,,,
Kentucky October Yearlings (2020),2020-10-27,588,DKB,F,SUMMER FRONT,RADIANT CUT,SHARP HUMOR,VALKYRE STUD AGENT,NOT SOLD,17000,,04/19/2019,KENTUCKY,8,,,https://vimeo.com/469597533
Kentucky October Yearlings (2020),2020-10-27,589,DKB,F,UNIFIED,RAEBELLA,MENIFEE,SIERRA FRIA FARM AGENT,NOT SOLD,9000,,04/17/2019,KENTUCKY,11,,,
Kentucky October Yearlings (2020),2020-10-27,590,B,C,MASTERY,RAGTIME HOPE,DIXIELAND BAND,WARRENDALE SALES AGENT FOR STONESTREET BRED & RAISED,LUCAN BLOODSTOCK LLC,35000,Y,05/17/2019,KENTUCKY,21,,,
Kentucky October Yearlings (2020),2020-10-27,591,B,F,SUPER SAVER,RAISA,ALDEBARAN,BALLYSAX BLOODSTOCK AGENT VII,OUT,0,,01/27/2019,KENTUCKY,18,,,
Kentucky October Yearlings (2020),2020-10-27,592,B,C,ASTERN (AUS),RAMBLIN ROSIE,ROAR,MORRIS B. FLOYD & CHUCK GIVENS AGENT,NOT SOLD,3000,,04/26/2019,KENTUCKY,4,,,
Kentucky October Yearlings (2020),2020-10-27,593,GRR,F,CREATIVE CAUSE,RANDYANNA,DYNAFORMER,KEITH LANCASTER AGENT,JAMES KIGHT,2000,,05/12/2019,KENTUCKY,22,,,
Kentucky October Yearlings (2020),2020-10-27,594,B,F,ASTERN (AUS),RANGERETTE,U S RANGER,GAINESWAY AGENT V,NOT SOLD,9000,,03/27/2019,KENTUCKY,5&6,,,
Kentucky October Yearlings (2020),2020-10-27,595,B,F,UNCAPTURED,RAPIDS,PIONEEROF THE NILE,BLAKE-ALBINA THOROUGHBRED SERVICES LLC AGENT II,VISION EQUINE,62000,,04/01/2019,NEW YORK,11,,,
Kentucky October Yearlings (2020),2020-10-27,596,CH,F,OVERANALYZE,RAPPIN RUBY,MAJESTIC WARRIOR,SIERRA FRIA FARM AGENT,TED LUCAS,2000,,03/25/2019,KENTUCKY,11,,,
Kentucky October Yearlings (2020),2020-10-27,597,B,C,COMPETITIVE EDGE,RARAMURI PRINCESS,NORTHERN AFLEET,BROOKDALE SALES AGENT,TRAVIS DURR AGENT,15000,,05/10/2019,KENTUCKY,17,,,
Kentucky October Yearlings (2020),2020-10-27,598,CH,C,NOBLE BIRD,RARE ELEGANCE,FORESTRY,MJK BLOODSTOCK AGENT,MCMAHON & HILL BLOODSTOCK AGT,30000,,04/22/2019,FLORIDA,22,,,https://www.youtube.com/watch?v=co-nIiI6HOg
Kentucky October Yearlings (2020),2020-10-27,599,DKB,C,NOT THIS TIME,RATEEBA,SKY MESA,TAYLOR MADE SALES AGENCY AGENT XLV,LAMBE/CLASSIC,37000,,03/21/2019,KENTUCKY,22&23,,,https://youtu.be/OcZp0G53LSg
Kentucky October Yearlings (2020),2020-10-27,600,B,F,UNCLE MO,RATHER SPECIAL (IRE),GALILEO (IRE),HUNTER VALLEY FARM AGENT,OUT,0,,02/15/2019,KENTUCKY,9,,,
Kentucky October Yearlings (2020),2020-10-27,601,DKB,C,CONNECT,RAVENESQUE,DANCE WITH RAVENS,SUMMERFIELD (FRANCIS & BARBARA VANLANGENDONCK) AGENT,CARY BLOODSTOCK AGENT,33000,,03/17/2019,KENTUCKY,3,,,
Kentucky October Yearlings (2020),2020-10-27,602,CH,F,AMERICAN FREEDOM,RAZZLE DAZZLE,MEDAGLIA D'ORO,PARAMOUNT SALES AGENT XX,JVC TRAINING & SALES,23000,,02/20/2019,KENTUCKY,20,,,
Kentucky October Yearlings (2020),2020-10-27,603,DKB,F,TALE OF EKATI,READY FOR CHIANTI,MORE THAN READY,PARAMOUNT SALES AGENT XIII,OUT,0,,03/02/2019,KENTUCKY,20,,,
Kentucky October Yearlings (2020),2020-10-27,604,CH,F,BUSTIN STONES,READY FOR THERAPY,FREUD,BLUEWATER SALES LLC AGENT,FAST LANE BLOODSTOCK,5000,,04/20/2019,NEW YORK,8,,,
Kentucky October Yearlings (2020),2020-10-27,605,CH,F,KLIMT,READYGETSGOLD,MIDAS EYES,EATON SALES AGENT,OUT,0,,03/29/2019,KENTUCKY,7,,,https://vimeo.com/471693716
Kentucky October Yearlings (2020),2020-10-27,606,DKB,F,CAIRO PRINCE,READY REPLY,MORE THAN READY,BURLESON FARMS AGENT,OUT,0,,04/14/2019,VIRGINIA,17,,,
Kentucky October Yearlings (2020),2020-10-27,607,GRR,C,MEDAGLIA D'ORO,READY TO ACT,MORE THAN READY,MACHMER HALL SALES AGENT I,MARK H WALKER,28000,,03/05/2019,KENTUCKY,5&6,,,https://vimeo.com/470540129
Kentucky October Yearlings (2020),2020-10-27,608,B,F,RUNHAPPY,REAL CLEVER TRICK,YES IT'S TRUE,MULHOLLAND SPRINGS AGENT XII,OUT,0,,04/28/2019,NEW YORK,14,,,
Kentucky October Yearlings (2020),2020-10-27,609,B,C,NYQUIST,REASON,QUIET AMERICAN,ANDERSON FARMS AGENT,ABE FROMAN,150000,,04/28/2019,ONTARIO,3,,,
Kentucky October Yearlings (2020),2020-10-27,610,DKB,C,OVERANALYZE,RECKLESS BETTY,FUSAICHI PEGASUS,GREENFIELD FARM (B.D. GIBBS FARM LLC) AGENT II,CALROCK,8000,,01/28/2019,KENTUCKY,12,,,https://vimeo.com/470922951
Kentucky October Yearlings (2020),2020-10-27,611,B,F,NOBLE MISSION (GB),RECOUPE,INDIAN CHARLIE,ST GEORGE SALES AGENT XVIII,EDDIE KENNEALLY,4000,,04/21/2019,KENTUCKY,10,,,
Kentucky October Yearlings (2020),2020-10-27,612,DKB,C,NOT THIS TIME,RED BOTTOMS,CANDY RIDE (ARG),TRACKSIDE FARM (TOM EVANS) AGENT,MIKE RYAN AGENT,180000,,03/08/2019,KENTUCKY,19,,,https://vimeo.com/469741887
Kentucky October Yearlings (2020),2020-10-27,613,B,F,WICKED STRONG,REDHEADED RITA,TALE OF THE CAT,SHEPPELL THOROUGHBREDS AGENT,OUT,0,,02/11/2019,OHIO,21,,,
Kentucky October Yearlings (2020),2020-10-27,614,CH,C,MALIBU MOON,RED HOT BUDDHA,BUDDHA,BLAKE-ALBINA THOROUGHBRED SERVICES LLC AGENT II,NOT SOLD,65000,,02/09/2019,NEW YORK,11,,,
Kentucky October Yearlings (2020),2020-10-27,615,GRR,F,IRONICUS,RED PANTHER,CAPE BLANCO (IRE),TRACKSIDE FARM (TOM EVANS) AGENT II,OUT,0,,03/26/2019,KENTUCKY,19,,,
Kentucky October Yearlings (2020),2020-10-27,616,B,C,STORMY ATLANTIC,REGAL'S ENCORE,SPEIGHTSTOWN,STUART MORRIS AGENT XVI,NOT SOLD,14000,,03/19/2019,KENTUCKY,21,,,https://vimeo.com/470930821
Kentucky October Yearlings (2020),2020-10-27,617,DKB,C,ASTERN (AUS),REINA DIAMANTE,PULPIT,WARRENDALE SALES AGENT XXX,NOT SOLD,19000,,05/02/2019,KENTUCKY,21,,,
Kentucky October Yearlings (2020),2020-10-27,618,GRR,C,OVERANALYZE,RELLA,TAPIT,DENALI STUD AGENT XVII,OUT,0,,03/06/2019,FLORIDA,1&2,,,
Kentucky October Yearlings (2020),2020-10-27,619,B,C,MACLEAN'S MUSIC,REMARKABLE REMY,HENNESSY,BETZ THOROUGHBREDS INC. AGENT,OUT,0,,03/20/2019,KENTUCKY,15,,,
Kentucky October Yearlings (2020),2020-10-27,620,DKB,F,JUSTIN PHILLIP,RENA,MORE THAN READY,TAYLOR MADE SALES AGENCY AGENT XXXVII,KENNETH MCPEEK AGENT,52000,,03/20/2019,KENTUCKY,22&23,,,https://youtu.be/o_OBbZHU9gY
Kentucky October Yearlings (2020),2020-10-27,621,DKB,F,LIAM'S MAP,REPARTEE,DISTORTED HUMOR,WOODS EDGE FARM (PETER O'CALLAGHAN) AGENT II,JOHN SERVIS,50000,,05/14/2019,ONTARIO,11,,,https://vimeo.com/466860423
Kentucky October Yearlings (2020),2020-10-27,622,B,F,TOURIST,RESOLVED,MIZZEN MAST,STUART MORRIS AGENT XIII,BLACKSTONE STREET RACING LLC,5000,,04/30/2019,KENTUCKY,21,,,https://vimeo.com/464473936
Kentucky October Yearlings (2020),2020-10-27,623,B,F,FLINTSHIRE (GB),RESTLESS SPIRIT,STREET CRY (IRE),GLEN HILL FARM AGENT,DOYLE WILLIAMS,7000,,02/06/2019,KENTUCKY,4,,,https://vimeo.com/468084567
Kentucky October Yearlings (2020),2020-10-27,624,B,C,FROSTED,REVERSE,COLONEL JOHN,ST GEORGE SALES AGENT II,H & C RACING,5000,,03/04/2019,KENTUCKY,10,,,
Kentucky October Yearlings (2020),2020-10-27,625,DKB,F,MEDAGLIA D'ORO,R HOLIDAY MOOD,TRIPPI,TAYLOR MADE SALES AGENCY AGENT LI,TARI BROCKLEBANK,50000,,03/18/2019,KENTUCKY,22&23,,,https://vimeo.com/470540002
Kentucky October Yearlings (2020),2020-10-27,626,B,F,NYQUIST,RICHIEGIRLGONEWILD,WILDCAT HEIR,LEGACY BLOODSTOCK AGENT XXXIII,VINCENT J FOGLIA,170000,,02/13/2019,KENTUCKY,23,,,https://vimeo.com/471439520
Kentucky October Yearlings (2020),2020-10-27,627,CH,C,MR. Z,RIDE THE LINE,LINE OF DAVID,FORBUSH FARM,JOHN HILL,1000,,03/31/2019,KENTUCKY,19,,,
Kentucky October Yearlings (2020),2020-10-27,628,B,F,STRONG MANDATE,RIDINGWITHTHEDEVIL,CANDY RIDE (ARG),WAR HORSE PLACE LLC AGENT,MIKE RYAN AGENT,70000,,04/01/2019,KENTUCKY,4,,,https://vimeo.com/470915153
Kentucky October Yearlings (2020),2020-10-27,629,B,F,MUNNINGS,RIGHTFUL TIME,BODEMEISTER,SALLY THOMAS AGENT,CHARLIE BROWN,30000,,03/18/2019,KENTUCKY,20,,,https://vimeo.com/471803931/07e0ee582f
Kentucky October Yearlings (2020),2020-10-27,630,CH,F,FIRST SAMURAI,RIPPLE EFFECT,FRANKEL (GB),MJK BLOODSTOCK AGENT,OUT,0,,04/03/2019,KENTUCKY,22,,,https://www.youtube.com/watch?v=0zQ7IVoMx9A
Kentucky October Yearlings (2020),2020-10-27,631,B,F,STRONG MANDATE,RISK,WAVERING MONARCH,FOUR STAR SALES AGENT,TIM MARTIN,10000,,03/13/2019,KENTUCKY,16,,,
Kentucky October Yearlings (2020),2020-10-27,632,B,C,HONOR CODE,RIVERINE,UNBRIDLED'S SONG,HILL 'N' DALE SALES AGENCY AGENT,MEDALLION FARMS,4000,Y,01/23/2019,ONTARIO,4,,,https://vimeo.com/471804005/efbebf6017
Kentucky October Yearlings (2020),2020-10-27,633,DKB,F,SPEIGHTSTOWN,RIVERTOWN BELLE,BELLAMY ROAD,BUCKLAND SALES (ZACH MADDEN) AGENT XII,ROCKBRIDGE BLOODSTOCK AGENT,70000,,04/19/2019,KENTUCKY,20,,,https://youtu.be/zIbm3_Qjt-0
Kentucky October Yearlings (2020),2020-10-27,634,CH,C,PRACTICAL JOKE,ROAMING,QUALITY ROAD,DENALI STUD AGENT XIII,OUT,0,,02/24/2019,KENTUCKY,1&2,,,
Kentucky October Yearlings (2020),2020-10-27,635,CH,C,STREET BOSS,ROCKIN,HARD SPUN,BURLESON FARMS AGENT,POWERSTOWN STUD,28000,,02/19/2019,KENTUCKY,17,,,
Kentucky October Yearlings (2020),2020-10-27,636,B,C,UNIFIED,ROCK ME MAMA,BROKEN VOW,SCOTT MALLORY AGENT,SIGNAL HILL FARMS LLC,70000,,03/13/2019,KENTUCKY,21,,,
Kentucky October Yearlings (2020),2020-10-27,637,CH,F,CONNECT,ROMAN CHESTNUT,ROMAN RULER,LEGACY BLOODSTOCK AGENT FOR TWO HEARTS FARM II,JOY GONZALEZ,9000,,05/22/2019,KENTUCKY,23,,,https://vimeo.com/469506166
Kentucky October Yearlings (2020),2020-10-27,638,B,C,GORMLEY,RON RHONDA,LAWYER RON,MILL RIDGE SALES AGENT,OUT,0,,03/12/2019,KENTUCKY,11,,,
Kentucky October Yearlings (2020),2020-10-27,639,GRR,F,SPEIGHTSTOWN,ROSEE IS COZEE,COZZENE,NARDELLI SALES AGENT X,BRYAN RICE,35000,,04/09/2019,KENTUCKY,5,,,https://youtu.be/_hgB8CM04yE
Kentucky October Yearlings (2020),2020-10-27,640,B,C,FROSTED,ROUND N ROUND,AWESOME AGAIN,TERRAZAS THOROUGHBREDS AGENT FOR CORSER THOROUGHBREDS LLC,NOT SOLD,49000,,03/14/2019,KENTUCKY,23,,,https://youtu.be/AsxvXhvQgOE
Kentucky October Yearlings (2020),2020-10-27,641,DKB,F,UNIFIED,ROXANNE O,ROCK HARD TEN,SHEPPELL THOROUGHBREDS AGENT,NOT SOLD,9500,,04/26/2019,OHIO,21,,,
Kentucky October Yearlings (2020),2020-10-27,642,CH,C,DAREDEVIL,ROXIE DANCER,SUCCESSFUL APPEAL,PERRONE SALES LTD. AGENT FOR APACHE FARM LLC,ERIC ANTONIO DELVALLE,3000,,04/21/2019,NEW YORK,13,,,
Kentucky October Yearlings (2020),2020-10-27,643,B,C,GUN RUNNER,ROXY GAP,INDIAN CHARLIE,BLUE HEAVEN FARM,OUT,0,,04/17/2019,KENTUCKY,10,,,
Kentucky October Yearlings (2020),2020-10-27,644,DKB,C,MACLEAN'S MUSIC,ROYAL CARD,CHAPEL ROYAL,MULHOLLAND SPRINGS AGENT,JOHN ENNIS AGENT,37000,,03/20/2019,KENTUCKY,14,,,
Kentucky October Yearlings (2020),2020-10-27,645,DKB,F,MALIBU MOON,ROYAL STORY,LEMON DROP KID,BALLYSAX BLOODSTOCK AGENT LLVC,NOT SOLD,122000,,02/09/2019,KENTUCKY,18,,,
Kentucky October Yearlings (2020),2020-10-27,646,GRR,C,CREATIVE CAUSE,RUN A DUBB DUBB,HARLINGTON,FOUR STAR SALES AGENT,JOE NOVOGRATZ,42000,,03/04/2019,NEW YORK,16,,,https://youtu.be/pu54F4t8xMo
Kentucky October Yearlings (2020),2020-10-27,647,DKB,C,STRONG MANDATE,RUN A ROUND,BROKEN VOW,MULHOLLAND FARM,ROCKER O RANCH LLC,5000,,04/05/2019,KENTUCKY,18,,,
Kentucky October Yearlings (2020),2020-10-27,648,CH,F,DAREDEVIL,RUNAWAY CAT,FOREST WILDCAT,SHEPPELL THOROUGHBREDS AGENT,MAUK EQUINE BROKERAGE AGENT,15000,,03/23/2019,OHIO,21,,,
Kentucky October Yearlings (2020),2020-10-27,649,B,C,TIZNOW,RUN AWAY'S SIS,CITY ZIP,FOUR STAR SALES AGENT,NOVOGRATZ RACING STABLES INC.,105000,,02/05/2019,FLORIDA,16,,,https://vimeo.com/471350303
Kentucky October Yearlings (2020),2020-10-27,650,B,F,FLINTSHIRE (GB),RUN KATE RUN,CHEROKEE RUN,ST GEORGE SALES AGENT V,BILL REIGHTLER AGENT FOR GREG TATUM,30000,,03/21/2019,KENTUCKY,10,,,
Kentucky October Yearlings (2020),2020-10-27,651,GRR,C,ASTERN (AUS),RUN LIKE THE BOSS,SCAT DADDY,MACHMER HALL SALES AGENT XIX,JAVIER ARELLANO,6000,,03/18/2019,KENTUCKY,5&6,,,https://vimeo.com/471350338
Kentucky October Yearlings (2020),2020-10-27,652,B,C,BODEMEISTER,RUNNING WILD,INDIAN CHARLIE,BRIDIE HARRISON AGENT FOR PETER E. BLUM THOROUGHBREDS,OUT,0,,05/11/2019,KENTUCKY,9,,,
Kentucky October Yearlings (2020),2020-10-27,653,CH,C,AMERICAN FREEDOM,RUN ZIPPY RUN,CITY ZIP,PARAMOUNT SALES AGENT XX,OUT,0,,04/29/2019,KENTUCKY,20,,,
Kentucky October Yearlings (2020),2020-10-27,654,CH,F,KEEN ICE,RUSHEN HEAT,UNUSUAL HEAT,BUCKLAND SALES (ZACH MADDEN) AGENT V,BRYAN HAWK,10000,,05/15/2019,OKLAHOMA,20,,,https://youtu.be/bwv0cQDVx7M
Kentucky October Yearlings (2020),2020-10-27,655,CH,C,MUNNINGS,RUSHIN NO BLUSHIN,HALF OURS,PARAMOUNT SALES AGENT XII,BSW/CROW,135000,,01/30/2019,KENTUCKY,20,,,https://vimeo.com/467105664
Kentucky October Yearlings (2020),2020-10-27,656,B,F,HIT IT A BOMB,RUSH TO WAR,MAJESTIC WARRIOR,SHEPPELL THOROUGHBREDS AGENT,NOT SOLD,9500,,05/03/2019,OHIO,21,,,
Kentucky October Yearlings (2020),2020-10-27,657,GRR,F,FED BIZ,RUSSIAN GOLD,UNBRIDLED'S SONG,LITTLE'S BLOODSTOCK LLC AGENT,OUT,0,,04/20/2019,KENTUCKY,19,,,
Kentucky October Yearlings (2020),2020-10-27,658,DKB,C,TEMPLE CITY,RUTHIT,PULPIT,MILL RIDGE SALES AGENT,OUT,0,,03/28/2019,KENTUCKY,11,,,
Kentucky October Yearlings (2020),2020-10-27,659,DKB,F,CANDY RIDE (ARG),SABEL BROWNE (IRE),FOOTSTEPSINTHESAND (GB),MULHOLLAND SPRINGS AGENT XV,NOT SOLD,82000,,03/08/2019,NEW YORK,14,,,
Kentucky October Yearlings (2020),2020-10-27,660,B,F,LIAM'S MAP,SABELLINA'S SISTER,TAKE CHARGE INDY,SMALL BATCH SALES AGENT VII,ROBERT TUCKER DDS,15000,,02/26/2019,KENTUCKY,19,,,https://youtu.be/pv9VG_0od_U
Kentucky October Yearlings (2020),2020-10-27,661,DKB,C,UNCLE MO,SAFE CROSSING,STORMY ATLANTIC,MILL RIDGE SALES AGENT,SOUTHERN RACING,3000,,03/07/2019,KENTUCKY,11,,,https://www.youtube.com/watch?v=4QaiyHb2k14&list=PLzgVBzdrTBXSogxbk19v0DjgHl6YGjKJS&index=3
Kentucky October Yearlings (2020),2020-10-27,662,B,C,AIR FORCE BLUE,SAFE HAVEN,A.P. INDY,CARA BLOODSTOCK AGENT FOR SAINTSBURY FARMS INC. (JAY & CHRISTINE HAYDEN),C & J STABLE,3500,,05/17/2019,ONTARIO,18,,,https://vimeo.com/469929239
Kentucky October Yearlings (2020),2020-10-27,663,DKB,F,MORE THAN READY,SAHARAN,DESERT PARTY,PAUL TACKETT & PHIL TACKETT ESTATE,THE ONE STABLES,90000,,05/08/2019,KENTUCKY,12,,,
Kentucky October Yearlings (2020),2020-10-27,664,B,C,MIDSHIPMAN,SALEM HEART,TOUCH GOLD,MORRIS B. FLOYD & CHUCK GIVENS AGENT,NOT SOLD,14000,,05/11/2019,KENTUCKY,4,,,
Kentucky October Yearlings (2020),2020-10-27,665,CH,C,A SHIN FORWARD,SALONSUN (GER),MONSUN (GER),DENALI STUD AGENT FOR EDITION FARM,MCMAHON & HILL BLOODSTOCK AGT FOR LINDA CONROY,20000,,05/13/2019,NEW YORK,1&2,,,https://youtu.be/6Hgy79MNrW0
Kentucky October Yearlings (2020),2020-10-27,667,CH,F,BIRD SONG,SALTY BREEZE,STORMY ATLANTIC,LEGACY BLOODSTOCK AGENT VII,NOT SOLD,14000,,02/15/2019,KENTUCKY,23,,,https://vimeo.com/471731446
Kentucky October Yearlings (2020),2020-10-27,668,B,F,TONALIST,SALTY MO,UNCLE MO,LANE'S END AGENT,WILLIE CONCEPCION-MELENDEZ,7000,,02/05/2019,KENTUCKY,1,,,https://youtu.be/ZcX7dKpGmkI
Kentucky October Yearlings (2020),2020-10-27,669,B,C,MALIBU MOON,SALTY STRIKE,SMART STRIKE,EATON SALES AGENT FOR STONESTREET BRED & RAISED,THOMAS D'AMBRA,65000,,04/27/2019,KENTUCKY,7,,,
Kentucky October Yearlings (2020),2020-10-27,670,B,F,PALACE,SALTY WAVE,SALTY SEA,SCOTT MALLORY AGENT III,ARCADIO ESCAMILLA,3000,,03/03/2019,KENTUCKY,21,,,
Kentucky October Yearlings (2020),2020-10-27,671,GRR,F,CAIRO PRINCE,SANTINA DOND,EL PRADO (IRE),BRERETON C. JONES/AIRDRIE STUD INC. AGENT,OUT,0,,02/10/2019,KENTUCKY,3,,,
Kentucky October Yearlings (2020),2020-10-27,672,DKB,C,PIONEEROF THE NILE,SAPUCAI,INDIAN CHARLIE,DENALI STUD AGENT XXIII,NEW HORIZON FARM,16000,,03/29/2019,KENTUCKY,1&2,,,https://vimeo.com/468908898
Kentucky October Yearlings (2020),2020-10-27,673,B,C,TONALIST,SARAH'S SECRET,LEROIDESANIMAUX (BRZ),WARRENDALE SALES AGENT XXIII,TRADE WINDS FARM,20000,,04/26/2019,KENTUCKY,21,,,
Kentucky October Yearlings (2020),2020-10-27,674,GRR,F,FROSTED,SARATOGA SUMMER,SMART STRIKE,SUMMERFIELD (FRANCIS & BARBARA VANLANGENDONCK) AGENT,OUT,0,,02/24/2019,KENTUCKY,3,,,
Kentucky October Yearlings (2020),2020-10-27,675,B,C,GORMLEY,SARATTA,FLOWER ALLEY,HILL 'N' DALE SALES AGENCY AGENT,SBM,57000,,04/13/2019,PENNSYLVANIA,4,,,https://vimeo.com/471804043/45491406c5
Kentucky October Yearlings (2020),2020-10-27,676,GRR,C,VIOLENCE,SARDINIA,TAPIT,DENALI STUD AGENT IV,OUT,0,,02/20/2019,KENTUCKY,1&2,,,
Kentucky October Yearlings (2020),2020-10-27,677,DKB,F,TOURIST,SATAVES,UNCLE MO,ST GEORGE SALES AGENT VIII,NOT SOLD,5000,,04/07/2019,KENTUCKY,10,,,https://vimeo.com/468372319
Kentucky October Yearlings (2020),2020-10-27,678,DKB,F,CONGRATS,SAVANNAH,LION HEART,VINERY SALES AGENT V,NOT SOLD,4000,,02/04/2019,KENTUCKY,22&23,,,https://vimeo.com/471433765
Kentucky October Yearlings (2020),2020-10-27,679,B,C,SHAKIN IT UP,SAVE MY PLACE,OUT OF PLACE,PARAMOUNT SALES AGENT XXII,KERN THOROUGHBREDS AGENT,25000,,05/13/2019,NEW YORK,20,,,
Kentucky October Yearlings (2020),2020-10-27,680,B,C,PIONEEROF THE NILE,SAVVY SUPREME,DISTORTED HUMOR,TAYLOR MADE SALES AGENCY AGENT LI,BRUCE N LEVINE,230000,,04/28/2019,KENTUCKY,22&23,,,https://vimeo.com/470539926
Kentucky October Yearlings (2020),2020-10-27,681,B,C,CLASSIC EMPIRE,SAYEDAH (IRE),DARSHAAN (GB),NICKY DRION THOROUGHBREDS AGENT,OUT,0,,05/28/2019,NEW YORK,15,,,https://vimeo.com/470930894
Kentucky October Yearlings (2020),2020-10-27,682,GRR,C,TWINSPIRED,SCARLETTS FOR REAL,PROUD CITIZEN,NICKY DRION THOROUGHBREDS AGENT,ME II RACING,6000,Y,05/06/2019,OHIO,15,,,https://vimeo.com/470930962
Kentucky October Yearlings (2020),2020-10-27,683,CH,C,AMERICAN PHAROAH,SCAT MEANS GO,SCAT DADDY,GAINESWAY AGENT XXXI,GENE RECIO AGENT,200000,,04/13/2019,KENTUCKY,5&6,,,https://vimeo.com/472618441
Kentucky October Yearlings (2020),2020-10-27,684,DKB,F,FED BIZ,SCHWARY'S GIRL,LONHRO (AUS),FOUR STAR SALES AGENT,ARCADIO ESCAMILLA,1200,,03/22/2019,KENTUCKY,16,,,https://vimeo.com/468374055
Kentucky October Yearlings (2020),2020-10-27,685,CH,C,GUILT TRIP,SCOOTLES,MACHO UNO,VINERY SALES AGENT XXXVII,OUT,0,,05/01/2019,KENTUCKY,22&23,,,
Kentucky October Yearlings (2020),2020-10-27,686,B,F,BODEMEISTER,SCREEN ACTRESS,SMART STRIKE,HILL 'N' DALE SALES AGENCY AGENT,MATTHEW MARTINEZ,6000,,05/15/2019,KENTUCKY,4,,,
Kentucky October Yearlings (2020),2020-10-27,687,CH,F,AMERICAN PHAROAH,SEACRETTINA,SEA OF SECRETS,BACCARI BLOODSTOCK LLC AGENT IV,BLACK MAMBA RACING,12000,,04/22/2019,KENTUCKY,3,,,https://vimeo.com/471673093
Kentucky October Yearlings (2020),2020-10-27,688,B,C,TOURIST,SEA HOLIDAY,HARLAN'S HOLIDAY,SHAWHAN PLACE LLC,NOT SOLD,13000,,03/24/2019,KENTUCKY,23,,,https://vimeo.com/470911094
Kentucky October Yearlings (2020),2020-10-27,689,B,F,V. E. DAY,SEALINGTON,HARLINGTON,BUCK POND FARM (DOUGLAS S. ARNOLD) AGENT,ORLANDO ALVAREZ MARTINEZ,1000,,02/11/2019,KENTUCKY,22,,,https://www.youtube.com/watch?v=jfTChnnsjR0
Kentucky October Yearlings (2020),2020-10-27,690,DKB,C,KANTHAROS,SEARCH THE CHURCH,HOLY BULL,STUART MORRIS AGENT XI,ADDY MALMSTROM,47000,,05/25/2019,LOUISIANA,21,,,
Kentucky October Yearlings (2020),2020-10-27,691,B,F,CALIFORNIA CHROME,SEATTLE ARTIST,STORMY ATLANTIC,TAYLOR MADE SALES AGENCY AGENT V,OUT,0,,04/14/2019,KENTUCKY,22&23,,,
Kentucky October Yearlings (2020),2020-10-27,692,CH,C,GUN RUNNER,SEATTLE'S BEST,MUNNINGS,PARAMOUNT SALES AGENT XXIV,NOT SOLD,65000,,02/22/2019,NEW YORK,20,,,https://vimeo.com/467960067
Kentucky October Yearlings (2020),2020-10-27,693,B,C,ENGLISH CHANNEL,SECRET HUMOR,YES IT'S TRUE,ENDEAVOR FARM AGENT,ALEX GANS,30000,,02/20/2019,KENTUCKY,13,,,
Kentucky October Yearlings (2020),2020-10-27,694,B,C,GUN RUNNER,SECRET JEWEL,BERNARDINI,GAINESWAY AGENT XL,AL PIKE AGENT,45000,,03/29/2019,KENTUCKY,5&6,,,https://vimeo.com/468908786
Kentucky October Yearlings (2020),2020-10-27,695,CH,C,CONSTITUTION,SECRET MISSION,MISSION IMPAZIBLE,FORT CHRISTOPHER'S THOROUGHBREDS LLC AGENT,OUT,0,,05/03/2019,NEW YORK,19,,,
Kentucky October Yearlings (2020),2020-10-27,696,B,C,SPEIGHTSTER,SECRET SOURCE,MINESHAFT,LEGACY BLOODSTOCK AGENT XVIII,ERIC ANTONIO DELVALLE,19000,,02/22/2019,TEXAS,23,,,https://youtu.be/osvO-JyCY-o
Kentucky October Yearlings (2020),2020-10-27,697,CH,F,KANTHAROS,SEEK A STAR,SMART STRIKE,CARA BLOODSTOCK AGENT FOR SAINTSBURY FARMS INC. (JAY & CHRISTINE HAYDEN),NOT SOLD,9500,,05/21/2019,ONTARIO,18,,,https://vimeo.com/469929780
Kentucky October Yearlings (2020),2020-10-27,698,B,F,CONNECT,SEEKING PARADISE,BLAME,HUNTER VALLEY FARM AGENT,JAMES R ZAHLER,10000,,04/22/2019,NEW YORK,9,,,https://vimeo.com/469222097
Kentucky October Yearlings (2020),2020-10-27,699,B,F,KLIMT,SELF RISING,HANSEL,STUART MORRIS AGENT XIV,OUT,0,,04/04/2019,KENTUCKY,21,,,https://vimeo.com/464473862
Kentucky October Yearlings (2020),2020-10-27,700,DKB,F,HARD SPUN,SEND THE LIMO,TIZ WONDERFUL,ST GEORGE SALES AGENT X,LANCE RUTLEDGE,13000,,03/14/2019,KENTUCKY,10,,,
Kentucky October Yearlings (2020),2020-10-27,701,DKB,C,OVERANALYZE,SENSE OF BEAUTY,STREET SENSE,MACHMER HALL SALES AGENT III,OUT,0,,04/09/2019,KENTUCKY,5&6,,,
Kentucky October Yearlings (2020),2020-10-27,702,B,C,UNION RAGS,SENSITIVELY,STREET SENSE,BLUEWATER SALES LLC AGENT IV,JAVIER ARELLANO,10000,,02/14/2019,KENTUCKY,8,,,https://vimeo.com/471683950
Kentucky October Yearlings (2020),2020-10-27,703,DKB,C,MORE THAN READY,SEPARATE FOREST,FORESTRY,SUMMERFIELD (FRANCIS & BARBARA VANLANGENDONCK) AGENT FOR STONESTREET BRED & RAISED,GULFSTREAM GALLOP/KIRKWOODAGT,75000,,05/10/2019,KENTUCKY,3,,,
Kentucky October Yearlings (2020),2020-10-27,704,CH,C,MIZZEN MAST,SEPARATE STORM,STORMY ATLANTIC,SCOTT MALLORY AGENT XI,NOT SOLD,1000,,06/23/2019,KENTUCKY,21,,,
Kentucky October Yearlings (2020),2020-10-27,705,CH,F,ANIMAL KINGDOM,SEPULVEDA PASS,UNUSUAL HEAT,CANDY MEADOWS SALES AGENT VIII,OUT,0,,04/06/2019,KENTUCKY,10,,,
Kentucky October Yearlings (2020),2020-10-27,706,B,F,FIRST SAMURAI,SERAPHIM,PULPIT,WARRENDALE SALES AGENT XXIII,OUT,0,,04/10/2019,KENTUCKY,21,,,
Kentucky October Yearlings (2020),2020-10-27,707,DKB,C,MEDAGLIA D'ORO,SERENA'S CAT,STORM CAT,HILL 'N' DALE SALES AGENCY AGENT,OUT,0,,05/19/2019,KENTUCKY,4,,,
Kentucky October Yearlings (2020),2020-10-27,708,DKB,C,TEMPLE CITY,SEVEN GRAND,PEMBROKE,BURLESON FARMS AGENT,OUT,0,,04/28/2019,KENTUCKY,17,,,
Kentucky October Yearlings (2020),2020-10-27,709,B,C,CARPE DIEM,SHANDRA SMILES,CAHILL ROAD,WARRENDALE SALES AGENT XIII,PT SYNDICATE #1,80000,,05/24/2019,KENTUCKY,21,,,
Kentucky October Yearlings (2020),2020-10-27,710,CH,C,OVERANALYZE,SHARED CAUSE,GIANT'S CAUSEWAY,BALLYSAX BLOODSTOCK AGENT LLV,J C CORP,7000,,05/01/2019,KENTUCKY,18,,,
Kentucky October Yearlings (2020),2020-10-27,711,B,F,GUN RUNNER,SHAWNEE MOON,FORESTRY,BUCK POND FARM (DOUGLAS S. ARNOLD) AGENT,OUT,0,,02/28/2019,KENTUCKY,22,,,
Kentucky October Yearlings (2020),2020-10-27,712,CH,F,MASTERY,SHEBA'S HUMOR,DISTORTED HUMOR,ST GEORGE SALES AGENT XXIX,WEST BLOODSTOCK,50000,,02/26/2019,KENTUCKY,10,,,
Kentucky October Yearlings (2020),2020-10-27,713,B,F,CINCO CHARLIE,SHEENA'S SONG,GET STORMY,POPE MCLEAN (CRESTWOOD FARM) AGENT IV,WAYNE BAKKE,2200,,03/12/2019,INDIANA,17,,,
Kentucky October Yearlings (2020),2020-10-27,714,B,F,CARPE DIEM,SHEER BEAUTY,MIZZEN MAST,LAKLAND FARM,JOHN SHAW,6000,,02/05/2019,KENTUCKY,3,,,
Kentucky October Yearlings (2020),2020-10-27,715,CH,C,KEEN ICE,SHEISINITTOWINIT,STUDENT COUNCIL,BUCKLAND SALES (ZACH MADDEN) AGENT IX,BIG D STABLES,57000,,04/17/2019,KENTUCKY,20,,,https://youtu.be/LWoWBFI-0_M
Kentucky October Yearlings (2020),2020-10-27,716,DKB,C,CAIRO PRINCE,SHE IS RAGING,AGGRESSIVE CHIEF,MULHOLLAND SPRINGS AGENT,ANDRY BLANCO,19000,,02/23/2019,KENTUCKY,14,,,
Kentucky October Yearlings (2020),2020-10-27,717,B,C,MEDAGLIA D'ORO,SHELBYSMILE,SMART STRIKE,BUCKLAND SALES (ZACH MADDEN) AGENT XII,WYCOMBE HOUSE,175000,,03/22/2019,IRE,20,,,https://youtu.be/qdhRxB8EZuw
Kentucky October Yearlings (2020),2020-10-27,718,CH,C,GOLDENCENTS,SHE'SAFLASHYMISS,FLASHY BULL,MJK BLOODSTOCK AGENT,NOT SOLD,27000,,04/21/2019,KENTUCKY,22,,,
Kentucky October Yearlings (2020),2020-10-27,719,DKB,F,NYQUIST,SHE'S ALL READY,GIROLAMO,ST GEORGE SALES AGENT IV,ANDREA STABLES,15000,,03/21/2019,KENTUCKY,10,,,
Kentucky October Yearlings (2020),2020-10-27,720,B,C,HIT IT A BOMB,SHE'S EXTREME,UNBRIDLED'S SONG,PARAMOUNT SALES AGENT XI,CHRISTY (K.O.I.D.),25000,,03/12/2019,KENTUCKY,20,,,https://vimeo.com/471873537
Kentucky October Yearlings (2020),2020-10-27,721,GRR,F,ANIMAL KINGDOM,SHE'S GOT RULES,HOLY BULL,TAYLOR MADE SALES AGENCY AGENT XXV,FLY BY,6000,,03/13/2019,NEW YORK,22&23,,,https://youtu.be/AqfZdYqx2MQ
Kentucky October Yearlings (2020),2020-10-27,722,DKB,F,WILL TAKE CHARGE,SHE'S PLAIN JANE,INTO MISCHIEF,BUCK POND FARM (DOUGLAS S. ARNOLD) AGENT,NOT SOLD,4000,,03/23/2019,KENTUCKY,22,,,https://www.youtube.com/watch?v=IB_wKkyIaaw
Kentucky October Yearlings (2020),2020-10-27,723,DKB,C,FREUD,SHEZASTONECOLDINGO,LONHRO (AUS),WOODS EDGE FARM (PETER O'CALLAGHAN) AGENT III,OUT,0,,03/11/2019,NEW YORK,11,,,
Kentucky October Yearlings (2020),2020-10-27,724,B,C,ARROGATE,SHH SHE'S OURS,TIZ WONDERFUL,TAYLOR MADE SALES AGENCY AGENT XVII,OUT,0,,05/09/2019,KENTUCKY,22&23,,,
Kentucky October Yearlings (2020),2020-10-27,725,DKB,F,OVERANALYZE,SHIMMER,PULPIT,EATON SALES AGENT,K.O.I.D.,18000,,05/01/2019,KENTUCKY,7,,,https://vimeo.com/470902553
Kentucky October Yearlings (2020),2020-10-27,726,CH,C,MAJESTIC CITY,SHINING JEWEL,GULCH,SOUTH POINT SALES AGENCY AGENT IV,NOT SOLD,12000,,05/15/2019,NEW YORK,18,,,https://vimeo.com/471823499
Kentucky October Yearlings (2020),2020-10-27,727,GRR,C,ANCHOR DOWN,SHINY VISTA,STEPHEN GOT EVEN,GAINESWAY AGENT XVI,AMALIO GARCIA,2000,,05/01/2019,KENTUCKY,5&6,,,
Kentucky October Yearlings (2020),2020-10-27,728,B,F,CENTRAL BANKER,SHOPIT,YES IT'S TRUE,HUNTER VALLEY FARM AGENT,TAPROOT BLOODSTOCK,100000,,02/27/2019,NEW YORK,9,,,https://vimeo.com/469222088
Kentucky October Yearlings (2020),2020-10-27,729,DKB,F,ASTERN (AUS),SHORT SQUEEZE,LEMON DROP KID,PARAMOUNT SALES AGENT V,CHERIE DEVAUX AGENT,65000,,03/27/2019,KENTUCKY,20,,,https://vimeo.com/471873511
Kentucky October Yearlings (2020),2020-10-27,730,B,F,ASTERN (AUS),SHOTGUN PERSUASION,STEPHEN GOT EVEN,WARRENDALE SALES AGENT XVII,NOT SOLD,2000,,05/07/2019,KENTUCKY,21,,,https://vimeo.com/471216550
Kentucky October Yearlings (2020),2020-10-27,731,DKB,F,EMPIRE MAKER,SHOWTIME SAMURAI,FIRST SAMURAI,GAINESWAY AGENT XXXII,FARFELLOW FARMS LTD,17000,,04/16/2019,KENTUCKY,5&6,,,https://vimeo.com/471805535
Kentucky October Yearlings (2020),2020-10-27,732,DKB,C,MASTERY,SHRIEK,STREET CRY (IRE),BACCARI BLOODSTOCK LLC AGENT V,NOT SOLD,95000,,02/14/2019,KENTUCKY,3,,,https://vimeo.com/471673127
Kentucky October Yearlings (2020),2020-10-27,733,B,F,MIDSHIPMAN,SH SH SHAKIN',RICHTER SCALE,MAINE CHANCE FARM (UNIVERSITY OF KENTUCKY),NEWT DOBBS,35000,,04/22/2019,KENTUCKY,19,,,
Kentucky October Yearlings (2020),2020-10-27,734,B,C,CONNECT,SILENTIARY,QUIET AMERICAN,SUMMERFIELD (FRANCIS & BARBARA VANLANGENDONCK) AGENT,MIKE RYAN AGENT,55000,,04/04/2019,FLORIDA,3,,,https://vimeo.com/471685669
Kentucky October Yearlings (2020),2020-10-27,735,DKB,C,LAOBAN,SILK'S DIAMOND,FOREFATHERS,ENDEAVOR FARM AGENT,MIKE RYAN AGENT,40000,,01/24/2019,NEW YORK,13,,,
Kentucky October Yearlings (2020),2020-10-27,736,CH,C,NO NAY NEVER,SILKY (IRE),MONTJEU (IRE),FOUR STAR SALES AGENT,DANTE ZANELLI AGENT,4000,,01/29/2019,IRE,16,,,https://vimeo.com/471232391
Kentucky October Yearlings (2020),2020-10-27,737,DKB,C,CLASSIC EMPIRE,SILSITA,MACHO UNO,CARA BLOODSTOCK AGENT FOR SAINTSBURY FARMS INC. (JAY & CHRISTINE HAYDEN),HARLEQUIN RANCHES,60000,,02/27/2019,ONTARIO,18,,,https://vimeo.com/469931653
Kentucky October Yearlings (2020),2020-10-27,738,CH,F,KLIMT,SILVER BEAN,SILVER DEPUTY,PERRONE SALES LTD. AGENT,SS STABLE,12000,,05/05/2019,KENTUCKY,13,,,
Kentucky October Yearlings (2020),2020-10-27,739,CH,C,TAPIT,SILVER COLORS,MR. GREELEY,GAINESWAY AGENT X,OUT,0,,04/28/2019,KENTUCKY,5&6,,,https://vimeo.com/471164115
Kentucky October Yearlings (2020),2020-10-27,740,GRR,C,CUPID,SILVER SANDS,EL PRADO (IRE),MULHOLLAND SPRINGS AGENT XI,BECKY THOMAS AGENT,57000,,05/25/2019,NEW YORK,14,,,
Kentucky October Yearlings (2020),2020-10-27,741,B,C,GORMLEY,SILVER SHIMMER,TALE OF THE CAT,BROOKDALE SALES AGENT,OUT,0,,04/27/2019,KENTUCKY,17,,,
Kentucky October Yearlings (2020),2020-10-27,742,DKB,C,CALIFORNIA CHROME,SILVER SPLENDOR,MONARCHOS,RED GABLES STUD LLC AGENT I,NOT SOLD,12000,,03/15/2019,KENTUCKY,22,,,https://youtu.be/i0oPP3DLSGE
Kentucky October Yearlings (2020),2020-10-27,743,DKB,F,DIALED IN,SIMONETTA,HARLAN'S HOLIDAY,SHEPPELL THOROUGHBREDS AGENT,OUT,0,,05/09/2019,OHIO,21,,,
Kentucky October Yearlings (2020),2020-10-27,744,DKB,F,KLIMT,SIMPLE SYMPHONY,CONSOLIDATOR,VINERY SALES AGENT L,OUT,0,,04/28/2019,KENTUCKY,22&23,,,https://vimeo.com/471231603
Kentucky October Yearlings (2020),2020-10-27,745,B,F,SUPER SAVER,SINISTER TALE,TALE OF THE CAT,TERRAZAS THOROUGHBREDS AGENT FOR CORSER THOROUGHBREDS LLC,NOT SOLD,9000,,03/12/2019,KENTUCKY,23,,,https://youtu.be/_gyaHTwM-N0
Kentucky October Yearlings (2020),2020-10-27,746,B,F,HARRY'S HOLIDAY,SISTER CRIMSON,SKY CLASSIC,VINERY SALES AGENT X,GENARO GARCIA,7000,,03/17/2019,INDIANA,22&23,,,
Kentucky October Yearlings (2020),2020-10-27,747,GRR,F,CROSS TRAFFIC,SISTER DESIREE,VISION AND VERSE,MILESTONE FARM,TIMOTHY HACKERMAN,5000,,05/21/2019,KENTUCKY,15,,,https://youtu.be/io3rrNc_DBU
Kentucky October Yearlings (2020),2020-10-27,748,B,C,LEMON DROP KID,SISTI'S PRIDE,FORESTRY,LANE'S END AGENT,TEN AND CHANGE RACING,1000,,05/02/2019,KENTUCKY,1,,,
Kentucky October Yearlings (2020),2020-10-27,749,B,C,DAREDEVIL,SIZZLE DRESS,HENRYTHENAVIGATOR,CROWNING POINT FARM AGENT,NOT SOLD,12000,,03/17/2019,KENTUCKY,18,,,
Kentucky October Yearlings (2020),2020-10-27,750,B,C,KLIMT,SKATING,AWESOME AGAIN,ST GEORGE SALES AGENT XIV,ORLANDO ALVAREZ MARTINEZ,1000,,05/19/2019,KENTUCKY,10,,,
Kentucky October Yearlings (2020),2020-10-27,751,CH,F,CUPID,SKINNYDIPPER,FRIENDS LAKE,VINERY SALES AGENT XXXVI,J C CORP,8000,,05/12/2019,NEW YORK,22&23,,,
Kentucky October Yearlings (2020),2020-10-27,752,B,F,AMERICAN FREEDOM,SKYE HIGH,POSSE,PARAMOUNT SALES AGENT V,OUT,0,,02/11/2019,KENTUCKY,20,,,
Kentucky October Yearlings (2020),2020-10-27,753,B,F,VANCOUVER (AUS),SKYE SILVER,BADGE OF SILVER,BROOKDALE SALES AGENT FOR JACK SWAIN,ORLANDO ALVAREZ MARTINEZ,4000,,03/18/2019,KENTUCKY,17,,,
Kentucky October Yearlings (2020),2020-10-27,754,B,C,AIR FORCE BLUE,SKY GODDESS,SKY MESA,SUMMERFIELD (FRANCIS & BARBARA VANLANGENDONCK) AGENT,NOT SOLD,32000,,04/17/2019,FLORIDA,3,,,
Kentucky October Yearlings (2020),2020-10-27,755,B,C,CAN THE MAN,SKY HI SUGAR,NEKO BAY,SCOTT MALLORY AGENT X,NOT SOLD,7000,,04/23/2019,INDIANA,21,,,
Kentucky October Yearlings (2020),2020-10-27,756,DKB,F,CLASSIC EMPIRE,SKY MY SKY,BERNARDINI,DARBY DAN FARM AGENT I,JASON HOWARD,6000,,01/15/2019,KENTUCKY,16,,,
Kentucky October Yearlings (2020),2020-10-27,757,CH,F,ANIMAL KINGDOM,SKY WILLOW,EMPIRE MAKER,MILL RIDGE SALES AGENT,OUT,0,,04/13/2019,KENTUCKY,11,,,
Kentucky October Yearlings (2020),2020-10-27,758,CH,F,ALTERNATION,SLAMMIN BEAUTY,GRAND SLAM,TAYLOR MADE SALES AGENCY AGENT XXXIII,MACARENA RACING,22000,,03/28/2019,KENTUCKY,22&23,,,https://youtu.be/eErpIgiLuDk
Kentucky October Yearlings (2020),2020-10-27,759,B,C,NEW YEAR'S DAY,SLOW GIN,PULPIT,PARAMOUNT SALES AGENT XX,OUT,0,,04/22/2019,KENTUCKY,20,,,
Kentucky October Yearlings (2020),2020-10-27,760,B,F,ARROGATE,SLY STORM,STORM CAT,GLEN HILL FARM,SUSAN NAYLOR SELLERS,95000,,02/13/2019,KENTUCKY,4,,,https://vimeo.com/468084539
Kentucky October Yearlings (2020),2020-10-27,761,B,C,DRAMEDY,SMALL MOVES,ROCKPORT HARBOR,WAR HORSE PLACE LLC AGENT II,OLIVIA ENTERPRIZE,30000,,01/18/2019,OKLAHOMA,4,,,https://vimeo.com/470915178
Kentucky October Yearlings (2020),2020-10-27,762,B,F,HONOR CODE,SMART ASHLEY,SMART STRIKE,SHAWHAN PLACE LLC AGENT FOR AUSTIN & BRENDA PAUL,OUT,0,,02/21/2019,KENTUCKY,23,,,
Kentucky October Yearlings (2020),2020-10-27,763,B,F,UNION RAGS,SMART SEATTLE,SMART STRIKE,MILL RIDGE SALES AGENT,GROVE STUD,7000,,03/21/2019,KENTUCKY,11,,,https://www.youtube.com/watch?v=GmglwL1l1Mw&list=PLzgVBzdrTBXSogxbk19v0DjgHl6YGjKJS&index=5
Kentucky October Yearlings (2020),2020-10-27,764,DKB,C,MIDNIGHT LUTE,SMILEFORAMILE,UNBRIDLED'S SONG,NICKY DRION THOROUGHBREDS AGENT,TERRY L STEPHENS,35000,,05/12/2019,KENTUCKY,15,,,https://vimeo.com/470931040
Kentucky October Yearlings (2020),2020-10-27,765,B,F,TAPITURE,SNAKEY SUE,GOLD ALERT,WESTBROOK STABLES LLC,PAUL NEATHERLIN,15000,,05/01/2019,KENTUCKY,19,,,https://vimeo.com/472661539
Kentucky October Yearlings (2020),2020-10-27,766,DKB,C,FLINTSHIRE (GB),SO BEAUTIFUL,ARCH,PARAMOUNT SALES AGENT XXI,OUT,0,,05/01/2019,KENTUCKY,20,,,
Kentucky October Yearlings (2020),2020-10-27,767,B,C,CLASSIC EMPIRE,SOCIABLE,RUN AWAY AND HIDE,HUNTER VALLEY FARM AGENT,LUCAN BLOODSTOCK LLC,40000,,03/23/2019,KENTUCKY,9,,,
Kentucky October Yearlings (2020),2020-10-27,768,DKB,C,SUPER SAVER,SOCIAL GAL,PURE PRIZE,NARDELLI SALES AGENT I,NOT SOLD,97000,,03/30/2019,KENTUCKY,5,,,https://youtu.be/naXM3qRvQpY
Kentucky October Yearlings (2020),2020-10-27,769,B,F,STRONG MANDATE,SOCIALIZE,BROKEN VOW,BROOKDALE SALES AGENT FOR MINEOLA FARM,TIM MARTIN,1200,,02/23/2019,KENTUCKY,17,,,
Kentucky October Yearlings (2020),2020-10-27,770,CH,F,UNION JACKSON,SOLO SURVIVOR,PLEASANT TAP,SIERRA FRIA FARM AGENT,CEDAR SALES,1500,,02/23/2019,NEW YORK,11,,,
Kentucky October Yearlings (2020),2020-10-27,771,DKB,F,VIOLENCE,SONGANDASHINYBAND,SONGANDAPRAYER,SUMMERFIELD (FRANCIS & BARBARA VANLANGENDONCK) AGENT,OUT,0,,05/02/2019,FLORIDA,3,,,
Kentucky October Yearlings (2020),2020-10-27,772,DKB,F,MR SPEAKER,SONG FOR ANNIE,SULTRY SONG,WAR HORSE PLACE LLC AGENT VI,ERVIN RODRIGUEZ,6000,,04/21/2019,KENTUCKY,4,,,https://vimeo.com/470915205
Kentucky October Yearlings (2020),2020-10-27,773,CH,F,AMERICAN FREEDOM,SONG TO THE MOON,SUCCESSFUL APPEAL,GAINESWAY AGENT V,BRYAN HAWK,42000,,03/25/2019,KENTUCKY,5&6,,,https://vimeo.com/469870259
Kentucky October Yearlings (2020),2020-10-27,774,CH,C,SUPER SAVER,SONHADORA,DISTORTED HUMOR,C & S THOROUGHBREDS AGENT,P MILLER EQB INC. AGENT,25000,,03/10/2019,KENTUCKY,13,,,https://vimeo.com/470400027
Kentucky October Yearlings (2020),2020-10-27,775,B,F,FED BIZ,SONIC CYSTER,TIZNOW,CARA BLOODSTOCK AGENT FOR SAINTSBURY FARMS INC. (JAY & CHRISTINE HAYDEN),VICTORIA BANKS,20000,,02/15/2019,ONTARIO,18,,,https://vimeo.com/469930226
Kentucky October Yearlings (2020),2020-10-27,776,B,F,TIZNOW,SOOT Z,EMPIRE MAKER,BALLYSAX BLOODSTOCK AGENT LLVC,OUT,0,,05/11/2019,KENTUCKY,18,,,
Kentucky October Yearlings (2020),2020-10-28,777,CH,F,DAREDEVIL,SOUCI GIRL,BLUEGRASS CAT,HUNTER VALLEY FARM AGENT,OUT,0,,04/23/2019,ONTARIO,9,,,
Kentucky October Yearlings (2020),2020-10-28,778,GRR,C,AMERICAN FREEDOM,SOUPER MISS,ALPHABET SOUP,CASTLE PARK FARM LLC (NOEL MURPHY) AGENT XX,SS STABLE,25000,,04/06/2019,VIRGINIA,8,,,
Kentucky October Yearlings (2020),2020-10-28,779,CH,C,V. E. DAY,SOUTHAFRICAN QUEEN,HORSE CHESTNUT (SAF),BUCK POND FARM (DOUGLAS S. ARNOLD) AGENT,NOT SOLD,4500,,03/26/2019,KENTUCKY,22,,,https://youtu.be/GaNRpN1UhYs
Kentucky October Yearlings (2020),2020-10-28,780,GRR,F,CINCO CHARLIE,SPA DAY,SMOKE GLACKEN,CANDY MEADOWS SALES AGENT XI,OUT,0,,04/01/2019,KENTUCKY,10,,,
Kentucky October Yearlings (2020),2020-10-28,781,DKB,C,INTO MISCHIEF,SPANISH GOLD,MEDAGLIA D'ORO,INDIAN CREEK AGENT,WOODFORD THOROUGHBREDS,200000,,05/13/2019,KENTUCKY,2,,,https://vimeo.com/471382990
Kentucky October Yearlings (2020),2020-10-28,782,B,C,TRAPPE SHOT,SPANISH STAR,BLAME,MACHMER HALL SALES AGENT XII,VINCENT J FOGLIA,21000,,02/06/2019,KENTUCKY,5&6,,,https://www.youtube.com/watch?v=CCoGCxDO3uw
Kentucky October Yearlings (2020),2020-10-28,783,CH,C,CAN THE MAN,SPECTACULAR MORGAN,SPECTACULAR BID,MAINE CHANCE FARM (UNIVERSITY OF KENTUCKY),CUADRA BARRAGAN,7000,,05/03/2019,KENTUCKY,19,,,
Kentucky October Yearlings (2020),2020-10-28,784,DKB,F,INTO MISCHIEF,SPEED DATING,NOT FOR LOVE,BUCKLAND SALES (ZACH MADDEN) AGENT XII,STEPHENS THOROUGHBREDS LLC,32000,,05/01/2019,KENTUCKY,20,,,https://youtu.be/T63FT4ACFYc
Kentucky October Yearlings (2020),2020-10-28,785,B,F,KEEN ICE,SPELLING,ALPHABET SOUP,HIDDEN BROOK AGENT FOR FARFELLOW FARM LTD,FARFELLOW FARMS LTD,18000,,04/17/2019,KENTUCKY,22,,,https://vimeo.com/471741153
Kentucky October Yearlings (2020),2020-10-28,786,B,F,CURLIN,SPELLING AGAIN,AWESOME AGAIN,EATON SALES AGENT,OUT,0,,01/25/2019,KENTUCKY,7,,,
Kentucky October Yearlings (2020),2020-10-28,787,B,C,SUPER SAVER,SPELLS AND CHARMS,SCAT DADDY,SUSAN Y. FOREMAN AGENT,KIM M VALERIO AGENT,25000,,03/24/2019,KENTUCKY,15,,,https://vimeo.com/471817535
Kentucky October Yearlings (2020),2020-10-28,788,CH,F,CANDY RIDE (ARG),SPICE ISLAND,TABASCO CAT,FOUR STAR SALES AGENT,BREEZE EASY LLC,120000,,03/08/2019,FLORIDA,16,,,https://vimeo.com/471350417
Kentucky October Yearlings (2020),2020-10-28,789,B,C,OUTWORK,SPICE LADY,SPEIGHTSTOWN,BROOKDALE SALES AGENT,WEST BLOODSTOCK AGENT FOR REPOLE STABLE INC.,60000,,04/22/2019,KENTUCKY,17,,,
Kentucky October Yearlings (2020),2020-10-28,790,DKB,C,CONSTITUTION,SPINNING TIME,GIANT'S CAUSEWAY,WARRENDALE SALES AGENT XXXII,SOLIS/LITT,80000,,04/08/2019,OKLAHOMA,21,,,https://vimeo.com/470539814
Kentucky October Yearlings (2020),2020-10-28,791,CH,C,NOT THIS TIME,SPIRIT LETS HEARIT,GIROLAMO,INDIAN CREEK AGENT,OUT,0,,02/10/2019,KENTUCKY,2,,,
Kentucky October Yearlings (2020),2020-10-28,792,DKB,C,STRONG MANDATE,SPLASH HIT,FLOWER ALLEY,GREENFIELD FARM (B.D. GIBBS FARM LLC) AGENT I,EMERALD EQUINE,4000,,04/05/2019,KENTUCKY,12,,,https://vimeo.com/470923016
Kentucky October Yearlings (2020),2020-10-28,793,DKB,C,BODEMEISTER,SPLENDID BLOOM,A.P. INDY,BUCK POND FARM (DOUGLAS S. ARNOLD) AGENT,DON CAMPBELL,3000,Y,04/14/2019,KENTUCKY,22,,,https://www.youtube.com/watch?v=YmeqZ42jymM
Kentucky October Yearlings (2020),2020-10-28,794,CH,C,FLATTER,SPOTTED HEART,LION HEARTED,HIDDEN BROOK AGENT IX,CRYSTAL G PICKETT,6000,,02/21/2019,KENTUCKY,22,,,
Kentucky October Yearlings (2020),2020-10-28,795,B,C,FED BIZ,SPOTTSWOODE,MASTER COMMAND,MULHOLLAND SPRINGS AGENT IV,KEITH DICKEY AGENT,2000,,03/12/2019,KENTUCKY,14,,,
Kentucky October Yearlings (2020),2020-10-28,796,GRR,F,MR. Z,SPRIGHTLY,WILD RUSH,BUCKLAND SALES (ZACH MADDEN) AGENT II,PATRICK JEFFRIES,2500,,04/20/2019,KENTUCKY,20,,,
Kentucky October Yearlings (2020),2020-10-28,797,CH,C,KLIMT,SPRING DRAGON,LIGHTNIN N THUNDER,EATON SALES AGENT,ZOOM ZOOM AGENT,22000,,05/04/2019,KENTUCKY,7,,,https://vimeo.com/471457488
Kentucky October Yearlings (2020),2020-10-28,798,DKB,C,STORMY ATLANTIC,SPRING SEASON,SEEKING THE GOLD,HILL 'N' DALE SALES AGENCY AGENT,RANCHO LAS ARENAS,3000,,05/12/2019,KENTUCKY,4,,,
Kentucky October Yearlings (2020),2020-10-28,799,GRR,C,MALIBU MOON,SPRING STORM,UNBRIDLED'S SONG,MACHMER HALL SALES AGENT FOR MACHMER HALL,OUT,0,,05/03/2019,KENTUCKY,5&6,,,https://www.youtube.com/watch?v=OQSOHKOUa6k
Kentucky October Yearlings (2020),2020-10-28,800,DKB,F,STREET SENSE,SPUNDERFUL,MEDAGLIA D'ORO,MILL RIDGE SALES AGENT,OUT,0,,03/08/2019,KENTUCKY,11,,,
Kentucky October Yearlings (2020),2020-10-28,801,CH,C,BODEMEISTER,SPUN SILVER,GRAND SLAM,SALLY THOMAS AGENT,NOT SOLD,15000,,04/12/2019,KENTUCKY,20,,,https://vimeo.com/471804095/3631903d9f
Kentucky October Yearlings (2020),2020-10-28,802,B,F,NOBLE MISSION (GB),SPUNTASTIC,HARD SPUN,TAYLOR MADE SALES AGENCY AGENT XII,NOT SOLD,9000,,04/11/2019,NEW YORK,22&23,,,
Kentucky October Yearlings (2020),2020-10-28,803,GRR,F,BIRD SONG,STAKE,BOUNDARY,GAINESWAY AGENT V,NOT SOLD,12000,,04/08/2019,KENTUCKY,5&6,,,
Kentucky October Yearlings (2020),2020-10-28,804,B,C,SPEIGHTSTOWN,STAND BACK,GIANT'S CAUSEWAY,TAYLOR MADE SALES AGENCY AGENT XLIII,OUT,0,,02/28/2019,KENTUCKY,22&23,,,
Kentucky October Yearlings (2020),2020-10-28,805,B,F,HARRY'S HOLIDAY,STAND N BE COUNTED,PULPIT,PARAMOUNT SALES AGENT FOR JUSTICE FARM,GENARO GARCIA,4500,Y,03/19/2019,INDIANA,20,,,
Kentucky October Yearlings (2020),2020-10-28,806,CH,F,AIR FORCE BLUE,STAR KEEPER,CAPE BLANCO (IRE),EQUUS FARM (JERRY CUMMINS/PAUL ADAMS) AGENT I,NOT SOLD,7000,,05/03/2019,KENTUCKY,14,,,
Kentucky October Yearlings (2020),2020-10-28,807,B,C,GOLDENCENTS,STAR LANDING,CALLER I. D.,GAINESWAY AGENT XLII,PRO-SELECTION STABLE,45000,,03/06/2019,KENTUCKY,5&6,,,
Kentucky October Yearlings (2020),2020-10-28,808,B,F,EMPIRE MAKER,STARLIGHT TIARA,MORE THAN READY,GAINESWAY AGENT X,NEW HORIZON FARM,5000,,04/14/2019,KENTUCKY,5&6,,,
Kentucky October Yearlings (2020),2020-10-28,809,B,C,BRODY'S CAUSE,STAR OF GALLANTRY,WARRIOR'S REWARD,WYNNSTAY SALES AGENT IV,DONATO LANNI AGENT,200000,,05/09/2019,KENTUCKY,7,,,
Kentucky October Yearlings (2020),2020-10-28,810,GRR,C,LIAM'S MAP,STAR PEARL,TAPIT,TERRAZAS THOROUGHBREDS AGENT III,OUT,0,,05/02/2019,KENTUCKY,23,,,
Kentucky October Yearlings (2020),2020-10-28,811,CH,C,POINT OF ENTRY,STARSHIP AWESOME,AWESOME AGAIN,COLUMBIANA FARM AGENT,OUT,0,,04/07/2019,KENTUCKY,17,,,https://youtu.be/R1134xl-BVM
Kentucky October Yearlings (2020),2020-10-28,812,B,F,VANCOUVER (AUS),STAR'S WOMAN,ELUSIVE QUALITY,GREENFIELD FARM (B.D. GIBBS FARM LLC) AGENT II,CRYSTAL G PICKETT,1000,,02/07/2019,KENTUCKY,12,,,https://vimeo.com/470923024
Kentucky October Yearlings (2020),2020-10-28,813,GRR,C,GUN RUNNER,STAYCLASSYSANDIEGO,ROCKPORT HARBOR,EATON SALES AGENT,VINCENT J FOGLIA,235000,,01/20/2019,KENTUCKY,7,,,https://vimeo.com/471224536
Kentucky October Yearlings (2020),2020-10-28,814,B,F,GOLDENCENTS,STELLALUCE,CUVEE,MULHOLLAND SPRINGS AGENT I,JAY MCKEE,7000,,04/29/2019,KENTUCKY,14,,,
Kentucky October Yearlings (2020),2020-10-28,815,B,C,LAOBAN,STELLA PERFORMANCE,TRAPPE SHOT,BLUEWATER SALES LLC AGENT X,TRAVIS DURR/JCE,35000,,04/01/2019,NEW YORK,8,,,https://vimeo.com/470934502
Kentucky October Yearlings (2020),2020-10-28,816,DKB,C,MALIBU MOON,STELLARIS,HARLAN'S HOLIDAY,ST GEORGE SALES AGENT XIV,HEMLOCK STABLES,13000,,04/22/2019,KENTUCKY,10,,,
Kentucky October Yearlings (2020),2020-10-28,817,CH,C,EXAGGERATOR,STEPH'S TEE,LIL E. TEE,SMALL BATCH SALES AGENT IV,OUT,0,,04/26/2019,KENTUCKY,19,,,
Kentucky October Yearlings (2020),2020-10-28,818,DKB,C,HONOR CODE,STOMPING,DIXIELAND BAND,EATON SALES AGENT,MOSSAROSA LLC,200000,,02/22/2019,KENTUCKY,7,,,https://vimeo.com/467306970
Kentucky October Yearlings (2020),2020-10-28,819,B,F,MINESHAFT,STORMBEFORETHECALM,QUIET AMERICAN,SUMMERFIELD (FRANCIS & BARBARA VANLANGENDONCK) AGENT,OUT,0,,04/13/2019,FLORIDA,3,,,
Kentucky October Yearlings (2020),2020-10-28,820,CH,C,ANIMAL KINGDOM,STORMIN BABE,STORMY ATLANTIC,COLUMBIANA FARM AGENT,RAUL GONZALEZ RAMIREZ,1000,,01/26/2019,KENTUCKY,17,,,
Kentucky October Yearlings (2020),2020-10-28,821,CH,C,DIALED IN,STORMIN ELLE,STORMELLO,BALLYSAX BLOODSTOCK AGENT XX,OUT,0,,03/13/2019,KENTUCKY,18,,,
Kentucky October Yearlings (2020),2020-10-28,822,B,C,AMERICAN FREEDOM,STORMIN SANDY,TALE OF THE CAT,WARRENDALE SALES AGENT IX,CHRIS MELTON,2000,,03/01/2019,KENTUCKY,21,,,https://vimeo.com/468890104
Kentucky October Yearlings (2020),2020-10-28,823,CH,C,MASTERY,STORMY REGATTA,MIDSHIPMAN,CANDY MEADOWS SALES AGENT I,WEST BLOODSTOCK,135000,,03/28/2019,KENTUCKY,10,,,
Kentucky October Yearlings (2020),2020-10-28,824,CH,C,REAL SOLUTION,STORMY SISTER,STORMY ATLANTIC,4M RANCH AGENT,OUT,0,,05/07/2019,LOUISIANA,13,,,
Kentucky October Yearlings (2020),2020-10-28,825,GRR,F,MISSION IMPAZIBLE,STRAIGHT SETS,DISTORTED HUMOR,TAYLOR MADE SALES AGENCY AGENT LIII,OUT,0,,03/27/2019,NEW YORK,22&23,,,
Kentucky October Yearlings (2020),2020-10-28,826,B,C,TALE OF EKATI,STRATEGY,A.P. INDY,FOUR STAR SALES AGENT,VINE STREET RACING,4500,,01/23/2019,KENTUCKY,16,,,
Kentucky October Yearlings (2020),2020-10-28,827,DKB,C,ACCLAMATION,STRAWBERRY FLASH,ALPHABET SOUP,VALKYRE STUD AGENT,RAUL GONZALEZ RAMIREZ,2000,,04/17/2019,KENTUCKY,8,,,https://vimeo.com/469598296
Kentucky October Yearlings (2020),2020-10-28,828,B,C,VIOLENCE,STREET CRUIZER,QUALITY ROAD,BROOKDALE SALES AGENT,NOVOGRATZ RACING STABLES INC.,120000,,04/22/2019,KENTUCKY,17,,,
Kentucky October Yearlings (2020),2020-10-28,829,CH,C,UNCAPTURED,STRENGTH IN UNITY,TO HONOR AND SERVE,SUMMERFIELD (FRANCIS & BARBARA VANLANGENDONCK) AGENT,OUT,0,,03/25/2019,FLORIDA,3,,,
Kentucky October Yearlings (2020),2020-10-28,830,DKB,F,EMPIRE MAKER,STRUCK IT LUCKY,SMART STRIKE,LANE'S END AGENT,WEST BLOODSTOCK AGENT FOR REPOLE STABLE INC.,102000,,02/14/2019,KENTUCKY,1,,,https://vimeo.com/470900608
Kentucky October Yearlings (2020),2020-10-28,831,CH,F,CALIFORNIA CHROME,ST TRINIANS (GB),PICCOLO (GB),SIERRA FARM,OUT,0,,02/20/2019,KENTUCKY,12,,,
Kentucky October Yearlings (2020),2020-10-28,832,B,C,GORMLEY,STYLISH D'ORO,MEDAGLIA D'ORO,GAINESWAY AGENT V,RONALD J BROCKMEYER,2000,,02/10/2019,KENTUCKY,5&6,,,
Kentucky October Yearlings (2020),2020-10-28,833,B,C,COMPETITIVE EDGE,STYLISH QUALITY,QUALITY ROAD,TERRAZAS THOROUGHBREDS AGENT,OUT,0,,04/07/2019,KENTUCKY,23,,,https://youtu.be/dtRfvS00Q1Y
Kentucky October Yearlings (2020),2020-10-28,834,B,C,SKY KINGDOM,SUCCESSFUL BRAT,SUCCESSFUL APPEAL,BILL MURPHY AGENT I,NOT SOLD,1800,,04/05/2019,KENTUCKY,23,,,
Kentucky October Yearlings (2020),2020-10-28,835,B,F,CALIFORNIA CHROME,SUCCESSFUL SLEW,SUCCESSFUL APPEAL,EATON SALES AGENT,OUT,0,,05/13/2019,KENTUCKY,7,,,https://vimeo.com/471453248
Kentucky October Yearlings (2020),2020-10-28,836,CH,F,TAMARKUZ,SULAFAH,BERNARDINI,DOUBLE R CONSIGNMENT AGENT I,NOT SOLD,2700,,02/12/2019,KENTUCKY,16,,,
Kentucky October Yearlings (2020),2020-10-28,837,CH,F,DAREDEVIL,SUMIZOME,GIANT'S CAUSEWAY,LEGACY BLOODSTOCK AGENT VI,GRASSROOTS TRN & SALES LLC,33000,,03/17/2019,KENTUCKY,23,,,https://vimeo.com/471377414
Kentucky October Yearlings (2020),2020-10-28,838,DKB,C,SUMMER FRONT,SUMMER DRESS,CANDY RIDE (ARG),GLEN HILL FARM,NOT SOLD,9500,,05/02/2019,KENTUCKY,4,,,https://vimeo.com/468084524
Kentucky October Yearlings (2020),2020-10-28,839,GRR,F,ARROGATE,SUMMER SHADE,STEPHEN GOT EVEN,MULHOLLAND SPRINGS AGENT XIV,OUT,0,,04/21/2019,NEW YORK,14,,,
Kentucky October Yearlings (2020),2020-10-28,840,DKB,F,VANCOUVER (AUS),SUMTING WONG,PIKEPASS,HUNTER VALLEY FARM AGENT,NOT SOLD,11000,,04/11/2019,KENTUCKY,9,,,https://vimeo.com/471210983
Kentucky October Yearlings (2020),2020-10-28,841,B,F,KEEN ICE,SUNDAE'S A MEESE,ARTAX,VINERY SALES AGENT XII,NOT SOLD,9000,,03/22/2019,NEW YORK,22&23,,,
Kentucky October Yearlings (2020),2020-10-28,842,DKB,C,UNCLE MO,SUNLIT FOREST,BERNARDINI,HUNTER VALLEY FARM AGENT,L & N RACING LLC,60000,,04/18/2019,KENTUCKY,9,,,https://vimeo.com/467344467
Kentucky October Yearlings (2020),2020-10-28,843,DKB,C,MIDSHIPMAN,SUNRISE BAY,JAZIL,BALLYSAX BLOODSTOCK AGENT XXL,GRASSROOTS TRN & SALES LLC,10000,,04/19/2019,KENTUCKY,18,,,
Kentucky October Yearlings (2020),2020-10-28,844,GRR,C,MOHAYMEN,SUPER PHOEBE,MALABAR GOLD,HUNTER VALLEY FARM AGENT,TRADE WINDS FARM,315000,,05/10/2019,KENTUCKY,9,,,https://vimeo.com/471203968
Kentucky October Yearlings (2020),2020-10-28,845,B,F,TIZNOW,SUPER STONE,BUSTIN STONES,STUART MORRIS AGENT XX,KMA RANCH,2000,,03/25/2019,NEW YORK,21,,,
Kentucky October Yearlings (2020),2020-10-28,846,DKB,F,NIAGARA CAUSEWAY,SURELY SENSIBLE,STREET SENSE,BUCK POND FARM (DOUGLAS S. ARNOLD) AGENT,NOT SOLD,1000,,02/11/2019,KENTUCKY,22,,,https://youtu.be/2KK1zAx44YU
Kentucky October Yearlings (2020),2020-10-28,847,CH,C,FIRST SAMURAI,SURFER'S PARADISE,CONGRATS,GAINESWAY AGENT VI,JUSTIN WOJCZYNSKI,31000,,02/12/2019,KENTUCKY,5&6,,,https://vimeo.com/469870513
Kentucky October Yearlings (2020),2020-10-28,848,DKB,C,GORMLEY,SURF RIDE,SCAT DADDY,MULHOLLAND SPRINGS AGENT III,HYDE PARK STUD,8000,,04/07/2019,KENTUCKY,14,,,
Kentucky October Yearlings (2020),2020-10-28,849,B,C,QUALITY ROAD,SURFSIDE TIARA,SCAT DADDY,DENALI STUD AGENT XVII,OUT,0,,03/17/2019,FLORIDA,1&2,,,
Kentucky October Yearlings (2020),2020-10-28,850,CH,C,EXAGGERATOR,SURPRISING TWIST,UNION RAGS,C & S THOROUGHBREDS AGENT,THOMOND O'MARA,16000,,02/25/2019,PENNSYLVANIA,13,,,
Kentucky October Yearlings (2020),2020-10-28,851,B,C,TIZNOW,SURRENDER,STORMY ATLANTIC,SUSAN Y. FOREMAN AGENT FOR ELAINE MACPHERSON/FURLONGS INC.,NOT SOLD,23000,,04/09/2019,KENTUCKY,15,,,https://vimeo.com/471816929
Kentucky October Yearlings (2020),2020-10-28,852,B,F,CAN THE MAN,SURROUND SOUND,INCLUDE,JANET C. QUILLEN,NOT SOLD,3100,,04/18/2019,KENTUCKY,13,,,
Kentucky October Yearlings (2020),2020-10-28,853,CH,C,SHACKLEFORD,SUSAY SIXINTHECITY,CITY ZIP,BEAU LANE BLOODSTOCK AGENT,NOT SOLD,1200,,05/16/2019,KENTUCKY,16,,,
Kentucky October Yearlings (2020),2020-10-28,854,GRR,C,CAIRO PRINCE,SUSTAIN,VINDICATION,BROOKDALE SALES AGENT FOR MINEOLA FARM,ELIAS DEL VAL,4500,Y,04/01/2019,KENTUCKY,17,,,
Kentucky October Yearlings (2020),2020-10-28,855,DKB,F,UNIFIED,SWAMPOODLE,BROKEN VOW,SCOTT MALLORY AGENT FOR SEA JAY FARM,POCKET ACES RACING LLC,33000,,04/01/2019,KENTUCKY,21,,,
Kentucky October Yearlings (2020),2020-10-28,856,B,C,VIOLENCE,SWANKY BUBBLES,ASCOT KNIGHT,HILL 'N' DALE SALES AGENCY AGENT,JOHN SHAW,6500,,05/20/2019,ONTARIO,4,,,https://vimeo.com/471804130/043117fc0b
Kentucky October Yearlings (2020),2020-10-28,857,DKB,F,PALACE,SWEET BUT SASSY,SKIP TO THE STONE,EQUUS FARM (JERRY CUMMINS/PAUL ADAMS) AGENT II,NOT SOLD,4500,,04/17/2019,KENTUCKY,14,,,
Kentucky October Yearlings (2020),2020-10-28,858,B,C,EMPIRE MAKER,SWEETER THAN EVER,EXCHANGE RATE,DENALI STUD AGENT IV,OUT,0,,03/08/2019,KENTUCKY,1&2,,,
Kentucky October Yearlings (2020),2020-10-28,859,CH,C,RUN AWAY AND HIDE,SWEET FORCE,SIDNEY'S CANDY,FRANKFORT PARK FARM AGENT,TOP HAT THOROUGHBREDS,5000,Y,02/08/2019,KENTUCKY,12,,,
Kentucky October Yearlings (2020),2020-10-28,860,B,F,JIMMY CREED,SWEETLIKEME,CHEROKEE RUN,LEGACY BLOODSTOCK AGENT FOR TWO HEARTS FARM II,KINGS EQUINE,28000,,03/05/2019,KENTUCKY,23,,,https://vimeo.com/469506146
Kentucky October Yearlings (2020),2020-10-28,861,GRR,F,TALE OF EKATI,SWEET MAXINE,VALUE PLUS,COLD SPRINGS FARMS,JEFFREY D JACKSON,4500,Y,03/22/2019,TENNESSEE,13,,,
Kentucky October Yearlings (2020),2020-10-28,862,CH,C,GUN RUNNER,SWEET OPPORTUNITY,DISTORTED HUMOR,HILL 'N' DALE SALES AGENCY AGENT,L & N RACING LLC,155000,,03/11/2019,KENTUCKY,4,,,https://vimeo.com/471804175/7c4eb820a7
Kentucky October Yearlings (2020),2020-10-28,863,B,F,CONSTITUTION,SWEET PROBLEM,IS IT TRUE,BACCARI BLOODSTOCK LLC AGENT I,GOLDEN ROCK,30000,,04/21/2019,KENTUCKY,3,,,https://vimeo.com/471673147
Kentucky October Yearlings (2020),2020-10-28,864,B,F,BAYERN,SWEET QUEEN,TWIRLING CANDY,CASTLE PARK FARM LLC (NOEL MURPHY) AGENT III,LUIS QUEVEDO,12000,,03/04/2019,KENTUCKY,8,,,
Kentucky October Yearlings (2020),2020-10-28,865,GRR,C,RACE DAY,SWEET REVEILLE,SUAVE,VINERY SALES AGENT XXIII,SPAN INVESTMENT INC,8000,,04/05/2019,INDIANA,22&23,,,https://vimeo.com/471433840
Kentucky October Yearlings (2020),2020-10-28,866,B,F,INTO MISCHIEF,SWEET SEVENTEEN,HARD SPUN,GAINESWAY AGENT VIII,OUT,0,,02/07/2019,KENTUCKY,5&6,,,
Kentucky October Yearlings (2020),2020-10-28,867,DKB,F,DAREDEVIL,SWEETSTART,JUMP START,TAYLOR MADE SALES AGENCY AGENT VII,NOT SOLD,14000,,04/04/2019,ONTARIO,22&23,,,https://youtu.be/ElaUOn-p_Kk
Kentucky October Yearlings (2020),2020-10-28,868,B,C,HARRY'S HOLIDAY,SWEPT ASHORE,HENRYTHENAVIGATOR,PARAMOUNT SALES AGENT FOR JUSTICE FARM,NOT SOLD,6500,,04/21/2019,INDIANA,20,,,
Kentucky October Yearlings (2020),2020-10-28,869,DKB,F,TEMPLE CITY,SWIZZLE,BROKEN VOW,BROOKDALE SALES AGENT FOR MINEOLA FARM,NOT SOLD,4500,,01/25/2019,KENTUCKY,17,,,
Kentucky October Yearlings (2020),2020-10-28,870,B,F,GOLDENCENTS,SYLVAN LIGHT,TETON FOREST,FOUR STAR SALES AGENT FOR RIVENDELL FARM LLC,CRYSTAL G PICKETT,9000,,04/18/2019,KENTUCKY,16,,,https://youtu.be/gRdsdms7fsU
Kentucky October Yearlings (2020),2020-10-28,871,CH,F,MOONSHINE MULLIN,SYLVIA'S BUTTERCUP,THUNDER GULCH,FORT CHRISTOPHER'S THOROUGHBREDS LLC AGENT,POINDEXTER THOROUGHBREDS,3000,,04/14/2019,ARKANSAS,19,,,
Kentucky October Yearlings (2020),2020-10-28,872,DKB,F,FED BIZ,TABLE MANNERS,ALGORITHMS,BEAU LANE BLOODSTOCK AGENT,STEPHENS THOROUGHBREDS LLC,4000,,03/08/2019,KENTUCKY,16,,,
Kentucky October Yearlings (2020),2020-10-28,873,CH,F,HARD SPUN,TACITA,TAPIT,WARRENDALE SALES AGENT XIV,RAMIRO SALAZAR,10000,,04/09/2019,KENTUCKY,21,,,
Kentucky October Yearlings (2020),2020-10-28,874,B,C,MASTERY,TACTFUL LADY,LANGFUHR,FOUR STAR SALES AGENT,CHRIS DRAKOS,40000,,01/30/2019,KENTUCKY,16,,,https://youtu.be/KmV3Clk1g2o
Kentucky October Yearlings (2020),2020-10-28,875,DKB,C,MR. Z,TAHFEEZ,ALJABR,FORBUSH FARM,EMERALD EQUINE,1000,Y,04/10/2019,KENTUCKY,19,,,
Kentucky October Yearlings (2020),2020-10-28,876,B,C,DORTMUND,TAKE CARE BABE,FLATTER,MILESTONE FARM,NOT SOLD,17000,,04/25/2019,NEW YORK,15,,,
Kentucky October Yearlings (2020),2020-10-28,877,B,F,LAOBAN,TAKE ME HOME TOO,CAME HOME,MJK BLOODSTOCK AGENT,NOVOGRATZ RACING STABLES INC.,32000,,05/01/2019,NEW YORK,22,,,
Kentucky October Yearlings (2020),2020-10-28,878,B,C,TRAPPE SHOT,TALES OF PARADISE,TALE OF THE CAT,FOUNDATIONS FARM,NOT SOLD,14000,,01/31/2019,KENTUCKY,13,,,
Kentucky October Yearlings (2020),2020-10-28,879,GRR,C,TWIRLING CANDY,TAP THE MAGIC,TAPIT,NICKY DRION THOROUGHBREDS AGENT,SPAN INVESTMENT INC,3500,,04/20/2019,KENTUCKY,15,,,https://vimeo.com/470931177
Kentucky October Yearlings (2020),2020-10-28,880,B,F,CANDY RIDE (ARG),TARALENA,ARCH,CANDY MEADOWS SALES AGENT I,DANTE ZANELLI AGENT,15000,,04/10/2019,KENTUCKY,10,,,
Kentucky October Yearlings (2020),2020-10-28,881,DKB,C,OVERANALYZE,TARA ROAD,QUALITY ROAD,MULHOLLAND FARM,OUT,0,,02/17/2019,KENTUCKY,18,,,
Kentucky October Yearlings (2020),2020-10-28,882,B,C,FIRING LINE,TARA'S DREAMER,NORTHERN AFLEET,POPE MCLEAN (CRESTWOOD FARM) AGENT VII,BOBBIE THIBEAULT,3000,,03/13/2019,KENTUCKY,17,,,
Kentucky October Yearlings (2020),2020-10-28,883,DKB,F,OVERANALYZE,TARTY TO THE PARTY,SPEIGHTSTOWN,FOUR STAR SALES AGENT,FLY BY,52000,,02/03/2019,KENTUCKY,16,,,https://vimeo.com/470399317
Kentucky October Yearlings (2020),2020-10-28,884,B,F,CURLIN,TASTE OF HEAVEN (AUS),ENCOSTA DE LAGO (AUS),GAINESWAY AGENT III,NOT SOLD,170000,,02/11/2019,KENTUCKY,5&6,,,https://www.youtube.com/watch?v=tCSHCF5ppr8&feature=youtu.be
Kentucky October Yearlings (2020),2020-10-28,885,DKB,F,HONOR CODE,TASTE THE PASSION,WILD AGAIN,MACHMER HALL SALES AGENT XXIII,DAVANT LATHAM AGENT,20000,,04/06/2019,WASHINGTON,5&6,,,https://youtu.be/7Bo7HnTxRnA
Kentucky October Yearlings (2020),2020-10-28,886,DKB,F,TEMPLE CITY,TAX ROB,ARTAX,WYNNSTAY SALES AGENT I,TROJAN RACING,5000,,04/06/2019,INDIANA,7,,,
Kentucky October Yearlings (2020),2020-10-28,887,DKB,F,MIDNIGHT STORM,TEEWEE'S HOPE,DEFRERE,WARRENDALE SALES AGENT XXX,DAVANT LATHAM AGENT,20000,,05/14/2019,KENTUCKY,21,,,
Kentucky October Yearlings (2020),2020-10-28,888,B,F,PAYNTER,TELL A SECRET,BRITISH BLUE,BUCKLAND SALES (ZACH MADDEN) AGENT XI,NOT SOLD,3000,,05/09/2019,KENTUCKY,20,,,
Kentucky October Yearlings (2020),2020-10-28,889,B,C,CUPID,TELL THE DUCHESS,SMART STRIKE,WAR HORSE PLACE LLC AGENT I,JULIE DAVIES AGENT,40000,,03/12/2019,ONTARIO,4,,,https://vimeo.com/470914725
Kentucky October Yearlings (2020),2020-10-28,890,DKB,F,UNIFIED,TEMPTATION BOUND,FLATTER,CANDY MEADOWS SALES AGENT III,HANDAL RACING ORACLE BLOODSTOCK AGENT,40000,,03/30/2019,KENTUCKY,10,,,
Kentucky October Yearlings (2020),2020-10-28,891,B,C,RACE DAY,TEN CROWNS,TENPINS,BROOKDALE SALES AGENT FOR MINEOLA FARM,SHILOH STABLES,19000,,04/21/2019,KENTUCKY,17,,,
Kentucky October Yearlings (2020),2020-10-28,892,GRR,F,CUPID,TEN HARD WAYS,ROCK HARD TEN,BALLYSAX BLOODSTOCK AGENT V,NOT SOLD,24000,,05/03/2019,KENTUCKY,18,,,
Kentucky October Yearlings (2020),2020-10-28,893,B,C,TAPIZAR,TEN K CAT,TALE OF THE CAT,PARAMOUNT SALES AGENT XX,JAMES DIVITO AGENT,8000,,02/01/2019,KENTUCKY,20,,,
Kentucky October Yearlings (2020),2020-10-28,894,DKB,F,CLASSIC EMPIRE,TENSAS PUNCH,WAR FRONT,FOUR STAR SALES AGENT,OUT,0,,03/11/2019,KENTUCKY,16,,,https://vimeo.com/471350483
Kentucky October Yearlings (2020),2020-10-28,895,B,C,TAPITURE,TERM PAPER,DIXIE UNION,TAYLOR MADE SALES AGENCY AGENT III,CARDINAL RACING,9000,,02/05/2019,KENTUCKY,22&23,,,https://youtu.be/J0JxVfgCsJ4
Kentucky October Yearlings (2020),2020-10-28,896,B,F,DOMINUS,TERYNS SONG,ARTIE SCHILLER,MACHMER HALL SALES AGENT VII,TARI BROCKLEBANK,25000,,02/04/2019,KENTUCKY,5&6,,,https://youtu.be/IYo8AlNDd9Y
Kentucky October Yearlings (2020),2020-10-28,897,B,F,NOBLE MISSION (GB),TETRAD,MALIBU MOON,PARAMOUNT SALES AGENT VI,NOT SOLD,1000,,02/06/2019,KENTUCKY,20,,,
Kentucky October Yearlings (2020),2020-10-28,898,CH,F,CALEB'S POSSE,THAT'S ALL,MARIA'S MON,FORBUSH FARM,CRYSTAL G PICKETT,1000,Y,02/20/2019,KENTUCKY,19,,,
Kentucky October Yearlings (2020),2020-10-28,899,B,G,CAN THE MAN,THEANA,UNCLE MO,SHEPPELL THOROUGHBREDS AGENT,MARTIN DE ANDA,6000,,01/20/2019,OHIO,21,,,
Kentucky October Yearlings (2020),2020-10-28,900,B,F,PIONEEROF THE NILE,THEATRE STAR,WAR FRONT,GLEN HILL FARM,OUT,0,,05/02/2019,KENTUCKY,4,,,
Kentucky October Yearlings (2020),2020-10-28,901,CH,C,SHACKLEFORD,THE BIG WHAMMY,TENPINS,MJK BLOODSTOCK AGENT,KERN THOROUGHBREDS AGENT,18000,,04/24/2019,KENTUCKY,22,,,https://www.youtube.com/watch?v=1SZWiEzaHtA
Kentucky October Yearlings (2020),2020-10-28,902,B,F,GOLDENCENTS,THECUSHMAKER,REPENT,BROOKDALE SALES AGENT FOR RICHARD PERKINS,SHELBI MOTA,8000,,05/02/2019,KENTUCKY,17,,,
Kentucky October Yearlings (2020),2020-10-28,903,DKB,F,QUALITY ROAD,THE NOW CROWD,TIZNOW,BACCARI BLOODSTOCK LLC AGENT IV,STEVEN W YOUNG AGENT,105000,Y,01/24/2019,KENTUCKY,3,,,https://vimeo.com/471673162
Kentucky October Yearlings (2020),2020-10-28,904,B,C,BODEMEISTER,THEYPLAYINGOURSONG,SONGANDAPRAYER,WAR HORSE PLACE LLC AGENT V,EXPOLINE CO LTD,62000,,03/06/2019,NEW YORK,4,,,https://vimeo.com/471866115
Kentucky October Yearlings (2020),2020-10-28,905,B,C,MACLEAN'S MUSIC,THICKER THAN WATER,SPEIGHTSTOWN,BLAKE-ALBINA THOROUGHBRED SERVICES LLC AGENT II,NOT SOLD,19000,,03/31/2019,KENTUCKY,11,,,
Kentucky October Yearlings (2020),2020-10-28,906,CH,C,ANCHOR DOWN,THIN AIR,MT. LIVERMORE,DOUBLE R CONSIGNMENT AGENT I,JON JAZDZEWSKI,5000,,04/01/2019,KENTUCKY,16,,,
Kentucky October Yearlings (2020),2020-10-28,907,B,F,ASTERN (AUS),THISGIRLISSMILING,PETIONVILLE,FORT CHRISTOPHER'S THOROUGHBREDS LLC AGENT,NOT SOLD,3700,,04/22/2019,NEW YORK,19,,,
Kentucky October Yearlings (2020),2020-10-28,908,B,F,PRACTICAL JOKE,THISOLEHEARTOFMINE,POINT OF ENTRY,HUNTER VALLEY FARM AGENT,MARK GLATT AGENT,200000,,01/27/2019,KENTUCKY,9,,,https://vimeo.com/467344403
Kentucky October Yearlings (2020),2020-10-28,909,B,F,INTO MISCHIEF,THISTLE BEAR,GATORS N BEARS,FOUR STAR SALES AGENT,OUT,0,,04/20/2019,KENTUCKY,16,,,
Kentucky October Yearlings (2020),2020-10-28,910,CH,C,PALACE,THOUGHTLESS DOLL,JIMMY CREED,EQUUS FARM (JERRY CUMMINS/PAUL ADAMS) AGENT I,RICARDO GUTIERREZ,15000,,04/15/2019,KENTUCKY,14,,,
Kentucky October Yearlings (2020),2020-10-28,911,B,F,AMERICAN PHAROAH,THRILLED,UNCLE MO,HUNTER VALLEY FARM AGENT,TARI BROCKLEBANK,52000,,03/16/2019,KENTUCKY,9,,,
Kentucky October Yearlings (2020),2020-10-28,913,B,C,MUNNINGS,THUS,TIZNOW,SHEPPELL THOROUGHBREDS AGENT FOR K.C. GARRETT FARM,4 E.S.,7000,,05/13/2019,OHIO,21,,,
Kentucky October Yearlings (2020),2020-10-28,914,DKB,C,MOSLER,TIFF,ALGORITHMS,CASTLE PARK FARM LLC (NOEL MURPHY) AGENT XX,MCENTEE RACING INC.,1000,,01/29/2019,VIRGINIA,8,,,
Kentucky October Yearlings (2020),2020-10-28,915,CH,F,HARRY'S HOLIDAY,TIGON,TIGER RIDGE,VINERY SALES AGENT X,NOT SOLD,4500,,05/06/2019,INDIANA,22&23,,,
Kentucky October Yearlings (2020),2020-10-28,916,DKB,C,STREET SENSE,TIMELESS,UNBRIDLED'S SONG,BRIDIE HARRISON AGENT FOR PETER E. BLUM THOROUGHBREDS,MAGNOLIA FARM,2500,,04/11/2019,KENTUCKY,9,,,
Kentucky October Yearlings (2020),2020-10-28,917,B,F,TAPITURE,TIPPLING WAYS,SCAT DADDY,TAYLOR MADE SALES AGENCY AGENT XLI,FATHER AND SON,35000,,03/14/2019,KENTUCKY,22&23,,,
Kentucky October Yearlings (2020),2020-10-28,918,B,C,CALIFORNIA CHROME,TIPSY AT MIDNIGHT,MIDNIGHT LUTE,SALLY THOMAS AGENT,JOHN SERVIS AGENT,35000,,04/10/2019,KENTUCKY,20,,,https://vimeo.com/471804225/78b4e67d63
Kentucky October Yearlings (2020),2020-10-28,919,B,C,ASTERN (AUS),TISBURY,TIZNOW,WARRENDALE SALES AGENT III,LUCAN BLOODSTOCK LLC,42000,,03/20/2019,CALIFORNIA,21,,,
Kentucky October Yearlings (2020),2020-10-28,920,CH,F,FED BIZ,TITANIUM JO,BERNSTEIN,RUNNYMEDE FARM INC. AGENT,MICHAEL DORRIAN ORACLE BLOODSTOCK AGENT,15000,,03/25/2019,KENTUCKY,12,,,
Kentucky October Yearlings (2020),2020-10-28,921,B,F,KLIMT,TIZ A BRITE MISS,HIGH BRITE,LITTLE'S BLOODSTOCK LLC AGENT,OUT,0,,02/14/2019,KENTUCKY,19,,,
Kentucky October Yearlings (2020),2020-10-28,922,DKB,C,STREET BOSS,TIZACITY,TIZWAY,CANDY MEADOWS SALES AGENT IV,WYCOMBE HOUSE,67000,,05/12/2019,KENTUCKY,10,,,
Kentucky October Yearlings (2020),2020-10-28,923,B,F,STREET SENSE,TIZASONG,TIZNOW,FOUR STAR SALES AGENT FOR ASHVIEW FARM,NOT SOLD,80000,,03/01/2019,KENTUCKY,16,,,https://www.youtube.com/watch?v=vzmQwT-H-BQ
Kentucky October Yearlings (2020),2020-10-28,924,DKB,C,KLIMT,TIZGALE,STORMY ATLANTIC,INDIAN CREEK AGENT,RONALD J BROCKMEYER,5000,,03/14/2019,KENTUCKY,2,,,https://vimeo.com/469232442
Kentucky October Yearlings (2020),2020-10-28,925,DKB,F,JIMMY CREED,TIZJET,TIZNOW,FOUR STAR SALES AGENT,NOT SOLD,12000,,03/05/2019,KENTUCKY,16,,,https://vimeo.com/470398397
Kentucky October Yearlings (2020),2020-10-28,926,GRR,C,ANCHOR DOWN,TIZN'TSHEBEAUTIFUL,UNCLE MO,GAINESWAY AGENT X,BLACK STONE FARM,5000,,03/06/2019,KENTUCKY,5&6,,,
Kentucky October Yearlings (2020),2020-10-28,927,DKB,C,EMPIRE MAKER,TIZ OUR TIME,TIZ WONDERFUL,GAINESWAY AGENT XXXVII,OUT,0,,05/01/2019,VIRGINIA,5&6,,,
Kentucky October Yearlings (2020),2020-10-28,928,DKB,F,SUMMER FRONT,TIZ PARADISE,TIZNOW,CLAIBORNE FARM AGENT,NOT SOLD,32000,,03/05/2019,PENNSYLVANIA,9,,,https://vimeo.com/470931266
Kentucky October Yearlings (2020),2020-10-28,929,DKB,C,KEEN ICE,TIZ RESPLENDENT,TIZNOW,EQUUS FARM (JERRY CUMMINS/PAUL ADAMS) AGENT I,WAYNE SPALDING,8000,,03/29/2019,KENTUCKY,14,,,
Kentucky October Yearlings (2020),2020-10-28,930,GRR,C,TAMARKUZ,TIZ SWEET BLISS,EXCHANGE RATE,STUART MORRIS AGENT,GU RACING,15000,,03/07/2019,KENTUCKY,21,,,https://vimeo.com/472211041
Kentucky October Yearlings (2020),2020-10-28,931,DKB,C,EXAGGERATOR,TIZ TERRIFIC,TIZNOW,LEGACY BLOODSTOCK AGENT I,OUT,0,,04/09/2019,KENTUCKY,23,,,https://vimeo.com/471219035
Kentucky October Yearlings (2020),2020-10-28,932,CH,C,CONSTITUTION,TIZ WILLY,TIZNOW,GAINESWAY AGENT III,OUT,0,,02/07/2019,NEW YORK,5&6,,,https://vimeo.com/471730368
Kentucky October Yearlings (2020),2020-10-28,933,DKB,F,PIONEEROF THE NILE,TOASTING,CONGRATS,MULHOLLAND SPRINGS AGENT XVI,OUT,0,,03/16/2019,NEW YORK,14,,,
Kentucky October Yearlings (2020),2020-10-28,934,CH,F,CLASSIC EMPIRE,TOCCO,SMART STRIKE,PARAMOUNT SALES AGENT XX,JENNIFER KEELER,1000,,03/26/2019,KENTUCKY,20,,,
Kentucky October Yearlings (2020),2020-10-28,935,DKB,C,JACK MILTON,TOMORROW'S KITTEN,KITTEN'S JOY,BUCKLAND SALES (ZACH MADDEN) AGENT XLV,TRAVIS DURR,1000,,03/31/2019,KENTUCKY,20,,,
Kentucky October Yearlings (2020),2020-10-28,936,DKB,F,STREET SENSE,TONI TOOLS,ROARING FEVER,BUCK POND FARM (DOUGLAS S. ARNOLD) AGENT,OUT,0,,03/10/2019,KENTUCKY,22,,,https://www.youtube.com/watch?v=uorz1ORqJ-s
Kentucky October Yearlings (2020),2020-10-28,937,B,F,ELUSIVE BLUFF,TOO CLEVER BY HALF,WITH DISTINCTION,PARAMOUNT SALES AGENT FOR JUSTICE FARM,NOT SOLD,6000,,03/10/2019,INDIANA,20,,,
Kentucky October Yearlings (2020),2020-10-28,938,GRR,F,VIOLENCE,TOO MUCH PRADA,TOO MUCH BLING,BROOKDALE SALES AGENT,DARK STAR THOROUGHBREDS,12000,,03/27/2019,KENTUCKY,17,,,
Kentucky October Yearlings (2020),2020-10-28,939,GRR,F,MIDNIGHT LUTE,TOP HAT TANGO,GRAYDAR,LEGACY BLOODSTOCK AGENT III,OUT,0,,04/16/2019,OKLAHOMA,23,,,
Kentucky October Yearlings (2020),2020-10-28,940,DKB,F,NYQUIST,TOP PERFORMANCE,CITY ZIP,WARRENDALE SALES AGENT XVIII,BSW/CROW,137000,,03/13/2019,KENTUCKY,21,,,https://vimeo.com/471216633
Kentucky October Yearlings (2020),2020-10-28,941,B,F,PALACE,TOP SEEDED,OLD TOPPER,FORBUSH FARM,C G RACING STABLES LLC,2000,,04/13/2019,KENTUCKY,19,,,
Kentucky October Yearlings (2020),2020-10-28,942,CH,F,PRACTICAL JOKE,TORTUGA LADY,THUNDER GULCH,BRIDIE HARRISON AGENT FOR PETER E. BLUM THOROUGHBREDS,OUT,0,,04/14/2019,KENTUCKY,9,,,
Kentucky October Yearlings (2020),2020-10-28,943,DKB,F,FAST ANNA,TOSHA,ANY GIVEN SATURDAY,TERRAZAS THOROUGHBREDS AGENT IV,NOT SOLD,1000,,04/19/2019,KENTUCKY,23,,,
Kentucky October Yearlings (2020),2020-10-28,944,B,F,EMPIRE MAKER,TOSHA TALIFERO,CACTUS RIDGE,GAINESWAY AGENT XXXIII,M. HEMINGWAY AGENT,18000,,05/04/2019,KENTUCKY,5&6,,,
Kentucky October Yearlings (2020),2020-10-28,945,DKB,C,STREET SENSE,TO THE BRIM,ASCOT KNIGHT,BROOKDALE SALES AGENT FOR TWO SISTERS FARM,KINGS EQUINE,20000,,04/18/2019,PENNSYLVANIA,17,,,
Kentucky October Yearlings (2020),2020-10-28,946,CH,C,WILL TAKE CHARGE,TO THE MOON ALICE,MALIBU MOON,SUMMERFIELD (FRANCIS & BARBARA VANLANGENDONCK) AGENT,OUT,0,,03/22/2019,NEW YORK,3,,,https://vimeo.com/471685683
Kentucky October Yearlings (2020),2020-10-28,947,DKB,C,PIONEEROF THE NILE,TOUCHED,TOUCH GOLD,MULHOLLAND SPRINGS AGENT,JAY YOUNG,40000,,05/02/2019,KENTUCKY,14,,,
Kentucky October Yearlings (2020),2020-10-28,948,GRR,F,CUPID,TOUCH OF CHARM,ELUSIVE QUALITY,SMALL BATCH SALES AGENT II,DOMINIC BRENNAN,30000,Y,03/31/2019,LOUISIANA,19,,,https://youtu.be/3DA6tt5Aw1E
Kentucky October Yearlings (2020),2020-10-28,949,B,F,STRONG MANDATE,TOUGH N TRASHY,BLAME,BETZ THOROUGHBREDS INC. AGENT,MCCUTCHEN TRAINING CENTER,8000,,03/15/2019,KENTUCKY,15,,,
Kentucky October Yearlings (2020),2020-10-28,950,B,C,JUSTIN PHILLIP,TOWN BELLE,SPEIGHTSTOWN,HIDDEN BROOK AGENT III,NOT SOLD,17000,,03/04/2019,NEW YORK,22,,,
Kentucky October Yearlings (2020),2020-10-28,951,B,C,HARRY'S HOLIDAY,TRADITIONALIST,APTITUDE,PARAMOUNT SALES AGENT FOR JUSTICE FARM,SOUTHWEST RACING STABLES AND STEVE H. LEWIS,6500,Y,04/19/2019,INDIANA,20,,,
Kentucky October Yearlings (2020),2020-10-28,952,B,F,FLATTER,TRANSLATOR,POSSE,TAYLOR MADE SALES AGENCY AGENT FOR WATERCRESS FARM (FRED W. HERTRICH III),OUT,0,,05/06/2019,KENTUCKY,22&23,,,
Kentucky October Yearlings (2020),2020-10-28,953,B,F,INTO MISCHIEF,TRANSPLENDID,ELUSIVE QUALITY,BALLYSAX BLOODSTOCK AGENT LLVC,OUT,0,,03/18/2019,KENTUCKY,18,,,
Kentucky October Yearlings (2020),2020-10-28,954,DKB,F,HONOR CODE,TRAPPINGS,SEEKING THE GOLD,BLUEWATER SALES LLC AGENT I,OUT,0,,04/28/2019,KENTUCKY,8,,,
Kentucky October Yearlings (2020),2020-10-28,955,CH,F,MIDSHIPMAN,TRAVEL WISH,INTO MISCHIEF,WYNNSTAY SALES AGENT V,BRIAN LYNCH,7000,,03/24/2019,KENTUCKY,7,,,
Kentucky October Yearlings (2020),2020-10-28,956,B,C,CLASSIC EMPIRE,TREE CHOPPER,WOODMAN,CASTLE PARK FARM LLC (NOEL MURPHY) AGENT XX,DANTE ZANELLI AGENT,50000,,02/14/2019,NEW YORK,8,,,
Kentucky October Yearlings (2020),2020-10-28,957,CH,C,GOLDENCENTS,TREEDOM,FORESTRY,SUMMERFIELD (FRANCIS & BARBARA VANLANGENDONCK) AGENT,NOT SOLD,1000,,03/16/2019,KENTUCKY,3,,,
Kentucky October Yearlings (2020),2020-10-28,958,B,F,MSHAWISH,TREETOP SHOCK,FORESTRY,CLIFTON FARM,DANIEL PREISS AGENT FOR JASON CLINE,28000,,05/04/2019,KENTUCKY,12,,,
Kentucky October Yearlings (2020),2020-10-28,959,B,C,JIMMY CREED,TREMENDAMENTE LOCA,OFFLEE WILD,DENALI STUD AGENT VI,JUSTIN WOJCZYNSKI,20000,,03/17/2019,KENTUCKY,1&2,,,
Kentucky October Yearlings (2020),2020-10-28,960,DKB,F,NIAGARA CAUSEWAY,TRENCH CAT,THUNDER GULCH,BUCK POND FARM (DOUGLAS S. ARNOLD) AGENT,WATERSHED EQUINE,1000,,03/08/2019,KENTUCKY,22,,,https://youtu.be/QVAESiVrG3U
Kentucky October Yearlings (2020),2020-10-28,961,B,F,TIZNOW,TRIBAL PARTY,HARLAN'S HOLIDAY,DENALI STUD AGENT XXII,RANCHO LAS ARENAS,4000,,02/06/2019,KENTUCKY,1&2,,,https://vimeo.com/470539686
Kentucky October Yearlings (2020),2020-10-28,962,B,F,OVERANALYZE,TRICK MINT,YES IT'S TRUE,MOREAU BLOODSTOCK INT'L INC,NOT SOLD,1000,,03/22/2019,KENTUCKY,15,,,
Kentucky October Yearlings (2020),2020-10-28,963,DKB,C,MORNING LINE,TRICKY GAME,MEDAGLIA D'ORO,LITTLE'S BLOODSTOCK LLC AGENT,AMADOR SANCHEZ,2000,,04/28/2019,NEW YORK,19,,,
Kentucky October Yearlings (2020),2020-10-28,964,DKB,F,UPSTART,TRISHA,FOREST CAMP,MOREAU BLOODSTOCK INT'L INC,NOVOGRATZ RACING STABLES INC.,20000,,03/05/2019,KENTUCKY,15,,,
Kentucky October Yearlings (2020),2020-10-28,965,DKB,C,STREET SENSE,TRISHAS EVEN,EVEN THE SCORE,CASTLE PARK FARM LLC (NOEL MURPHY) AGENT XX,CROMWELL BLOODSTOCK,135000,,03/14/2019,VIRGINIA,8,,,
Kentucky October Yearlings (2020),2020-10-28,966,B,C,FLINTSHIRE (GB),TRUC'S LOVE,NOT FOR LOVE,FOUR STAR SALES AGENT,OUT,0,,05/25/2019,MARYLAND,16,,,
Kentucky October Yearlings (2020),2020-10-28,967,CH,F,DANZA,TRUE STORM,STORMY ATLANTIC,TAYLOR MADE SALES AGENCY AGENT VIII,WILLIAM AUSTIN,1000,,03/22/2019,OHIO,22&23,,,https://youtu.be/LZ9khNXaLKI
Kentucky October Yearlings (2020),2020-10-28,968,B,F,HONOR CODE,TRULY BOUND,HARLAN'S HOLIDAY,ST GEORGE SALES AGENT I,DAVID GEOFROY,11000,,04/02/2019,KENTUCKY,10,,,
Kentucky October Yearlings (2020),2020-10-28,969,CH,F,CONNECT,TRUSS,FRIENDS LAKE,DARBY DAN FARM AGENT VIII,OUT,0,,04/03/2019,NEW YORK,16,,,
Kentucky October Yearlings (2020),2020-10-28,970,DKB,F,CONSTITUTION,TUBEROSE,CANDY RIDE (ARG),EATON SALES AGENT,SHOOTING STAR SALES LLC,55000,,03/31/2019,FLORIDA,7,,,https://vimeo.com/471220730
Kentucky October Yearlings (2020),2020-10-28,971,DKB,F,MASTERY,TUSCAN SUNSET,TRIPPI,TAYLOR MADE SALES AGENCY AGENT LVIII,MIKE AKERS AGENT,23000,,03/18/2019,KENTUCKY,22&23,,,https://youtu.be/uKYuUFxFHi0
Kentucky October Yearlings (2020),2020-10-28,972,B,C,ASTERN (AUS),TWEET STREET,QUALITY ROAD,SUMMERFIELD (FRANCIS & BARBARA VANLANGENDONCK) AGENT,OUT,0,,02/15/2019,NEW YORK,3,,,
Kentucky October Yearlings (2020),2020-10-28,973,B,F,OUTWORK,TWICE BLESSED,BODEMEISTER,LEGACY BLOODSTOCK AGENT III,TROY CARTMILL,26000,,03/22/2019,OKLAHOMA,23,,,https://vimeo.com/471377509
Kentucky October Yearlings (2020),2020-10-28,974,DKB,F,CONNECT,TWICE TEMPTED,WILD AGAIN,VINERY SALES AGENT LXIV,CHRIS MELTON,1500,,04/01/2019,KENTUCKY,22&23,,,
Kentucky October Yearlings (2020),2020-10-28,975,DKB,C,CAIRO PRINCE,TWIRL GIRL,TWIRLING CANDY,LANE'S END AGENT,JAGGER INC.,40000,,02/12/2019,KENTUCKY,1,,,https://youtu.be/Qow-nR6_D-M
Kentucky October Yearlings (2020),2020-10-28,976,B,C,CARPE DIEM,TWISTED SIS,A.P. INDY,LEGACY BLOODSTOCK AGENT VI,JESSE ENGLEHART TRAVIS DURR AGENT,27000,Y,03/15/2019,NEW YORK,23,,,https://vimeo.com/471228396
Kentucky October Yearlings (2020),2020-10-28,977,B,C,ARROGATE,UCHITEL,AFLEET ALEX,DENALI STUD AGENT FOR GALLAGHER'S STUD,VINCENT J FOGLIA,80000,,03/25/2019,KENTUCKY,1&2,,,https://youtu.be/hcTC-Ka4beY
Kentucky October Yearlings (2020),2020-10-28,978,GRR,F,FLASHBACK,UNANIMOUS DECISION,DISTORTED HUMOR,PARAMOUNT SALES AGENT XX,RELENTLESS RACING INC,1000,,03/05/2019,KENTUCKY,20,,,
Kentucky October Yearlings (2020),2020-10-28,979,GRR,F,CREATIVE CAUSE,UNBOUND,DISTORTED HUMOR,HIDDEN BROOK AGENT FOR BONNE CHANCE FARM LLC,OUT,0,,04/28/2019,KENTUCKY,22,,,
Kentucky October Yearlings (2020),2020-10-28,980,GRR,F,LEA,UNBRIDLED GEM,UNBRIDLED'S SONG,RUNNYMEDE FARM INC. AGENT,NOT SOLD,6000,,04/25/2019,KENTUCKY,12,,,
Kentucky October Yearlings (2020),2020-10-28,981,CH,F,KEEN ICE,UNBRIDLED MAGIC,GIANT'S CAUSEWAY,EQUUS FARM (JERRY CUMMINS/PAUL ADAMS) AGENT II,NOT SOLD,7000,,04/11/2019,KENTUCKY,14,,,
Kentucky October Yearlings (2020),2020-10-28,982,DKB,F,DIALED IN,UNBRIDLED REWARD,WARRIOR'S REWARD,HERMITAGE FARM AGENT,MCCUTCHEN TRAINING CENTER,10500,,01/18/2019,KENTUCKY,22,,,https://vimeo.com/showcase/7670686/video/467970486
Kentucky October Yearlings (2020),2020-10-28,983,B,C,LOOKIN AT LUCKY,UNDO,FLATTER,DENALI STUD AGENT VI,PRO-SELECTION STABLE,45000,,04/22/2019,KENTUCKY,1&2,,,
Kentucky October Yearlings (2020),2020-10-28,984,DKB,C,TWIRLING CANDY,UNFORGETTABLE,EMPIRE MAKER,BRIDIE HARRISON AGENT FOR PETER E. BLUM THOROUGHBREDS,TARI BROCKLEBANK,5000,,04/21/2019,KENTUCKY,9,,,
Kentucky October Yearlings (2020),2020-10-28,985,DKB,F,CANDY RIDE (ARG),UNICORN GIRL,A. P. FIVE HUNDRED,HILL 'N' DALE SALES AGENCY AGENT,NOT SOLD,675000,,02/02/2019,KENTUCKY,4,,,https://vimeo.com/471804270/1ef5d0580a
Kentucky October Yearlings (2020),2020-10-28,986,CH,F,PRACTICAL JOKE,UNICORN KID,LEMON DROP KID,TAYLOR MADE SALES AGENCY AGENT L,NOT SOLD,140000,,04/09/2019,NEW YORK,22&23,,,https://youtu.be/oa8EFpkuaVE
Kentucky October Yearlings (2020),2020-10-28,987,B,C,FIRST SAMURAI,UPHOLDER,HENNY HUGHES,PARAMOUNT SALES AGENT V,NOT SOLD,14000,,02/24/2019,KENTUCKY,20,,,https://vimeo.com/472516973
Kentucky October Yearlings (2020),2020-10-28,988,B,F,SHACKLEFORD,UPJUMPEDTHEDEVIL,TIZDEJAVU,HIDDEN HOLLOW FARM AGENT,JAMES ALESSI,1000,,03/27/2019,KENTUCKY,13,,,
Kentucky October Yearlings (2020),2020-10-28,989,GRR,C,VANCOUVER (AUS),URBANA FIZZ (ARG),SLEW GIN FIZZ,ST GEORGE SALES AGENT XVII,OUT,0,,04/09/2019,KENTUCKY,10,,,
Kentucky October Yearlings (2020),2020-10-28,990,B,F,LANTANA MOB,U S GOLD,U S RANGER,PARAMOUNT SALES AGENT FOR JUSTICE FARM,NOT SOLD,6000,,03/13/2019,INDIANA,20,,,
Kentucky October Yearlings (2020),2020-10-28,991,B,F,KEEN ICE,UZUME,UNBRIDLED'S SONG,FORBUSH FARM AGENT I,NOELLE P RAMSEY,3000,,05/19/2019,KENTUCKY,19,,,
Kentucky October Yearlings (2020),2020-10-28,992,GRR,F,MOHAYMEN,VAIN VIXEN,GOOD AND TOUGH,EATON SALES AGENT,BARRY BERKELHAMMER AGENT,22000,,03/29/2019,INDIANA,7,,,
Kentucky October Yearlings (2020),2020-10-28,993,B,F,UPSTART,VANETTA HILL,CROWN ATTORNEY,SUSAN Y. FOREMAN AGENT,NOVOGRATZ RACING STABLES INC.,17000,,04/05/2019,ONTARIO,15,,,https://vimeo.com/471816573
Kentucky October Yearlings (2020),2020-10-28,994,DKB,C,MIDNIGHT LUTE,VELVET GLOVE,TALE OF THE CAT,GAINESWAY AGENT XII,OUT,0,,03/19/2019,KENTUCKY,5&6,,,
Kentucky October Yearlings (2020),2020-10-28,995,CH,C,SPEIGHTSTER,VELVET MOSS,SHAMARDAL,DOUBLE R CONSIGNMENT,GARY BROAD/WALMAC FARMS,32000,,03/29/2019,KENTUCKY,16,,,
Kentucky October Yearlings (2020),2020-10-28,996,B,C,MASTERY,VERONIQUE,MIZZEN MAST,BACCARI BLOODSTOCK LLC AGENT I,JAMES R LAYDEN AGENT,80000,,04/11/2019,KENTUCKY,3,,,https://vimeo.com/471673179
Kentucky October Yearlings (2020),2020-10-28,997,DKB,C,AMERICAN FREEDOM,VERY UNDERSTATED,MACHO UNO,PARAMOUNT SALES AGENT XX,JAGGER INC.,5000,,04/02/2019,PENNSYLVANIA,20,,,
Kentucky October Yearlings (2020),2020-10-28,998,B,F,WE MISS ARTIE,VIBRATION,CATIENUS,ENDEAVOR FARM AGENT,NOT SOLD,1000,,03/10/2019,KENTUCKY,13,,,
Kentucky October Yearlings (2020),2020-10-28,999,B,F,PAYNTER,VICKIE'S GIRL,OFFICER,MAINE CHANCE FARM (UNIVERSITY OF KENTUCKY),NICK PALMER AGENT,9000,,04/18/2019,KENTUCKY,19,,,
Kentucky October Yearlings (2020),2020-10-28,1000,B,F,TONALIST,VICTORIA'S HOPE,RUN AWAY AND HIDE,TRACKSIDE FARM (TOM EVANS) AGENT FOR ASBURY PARK,TOMMY HUMPHRIES,6500,,04/15/2019,KENTUCKY,19,,,https://vimeo.com/469741910
Kentucky October Yearlings (2020),2020-10-28,1001,B,F,HARD SPUN,VIEW,BIRDSTONE,BROOKDALE SALES AGENT FOR JACK SWAIN,TARI BROCKLEBANK,5500,,04/08/2019,KENTUCKY,17,,,
Kentucky October Yearlings (2020),2020-10-28,1002,DKB,C,GOLDENCENTS,VILAO,GRAVE DIGGER,FOUR STAR SALES AGENT,RESPECT THE VALLEYS LLC,10000,,02/16/2019,KENTUCKY,16,,,https://youtu.be/thz1Z2da6wU
Kentucky October Yearlings (2020),2020-10-28,1003,DKB,C,AMERICAN FREEDOM,VINDICATED GHOST,VINDICATION,PARAMOUNT SALES AGENT XX,NOE GARCIA,3000,,05/10/2019,KENTUCKY,20,,,
Kentucky October Yearlings (2020),2020-10-28,1004,B,F,MIDNIGHT STORM,VINTAGE RED,EXPLOSIVE RED,SUSAN Y. FOREMAN AGENT,LAMBE BLOODSTOCK,40000,,03/21/2019,ONTARIO,15,,,https://vimeo.com/471814456
Kentucky October Yearlings (2020),2020-10-28,1005,GRR,F,KLIMT,VIOLET GREY,FIRST SAMURAI,RED GABLES STUD LLC AGENT,LUIS QUEVEDO,4000,,02/09/2019,KENTUCKY,22,,,https://youtu.be/BgQbIJmuo6c
Kentucky October Yearlings (2020),2020-10-28,1006,B,C,BERNARDINI,VIOLINIST,UNBRIDLED'S SONG,FOUNDATIONS FARM,PARRISH FARM,45000,,04/25/2019,KENTUCKY,13,,,
Kentucky October Yearlings (2020),2020-10-28,1007,DKB,C,CLASSIC EMPIRE,VISION OF BEAUTY,DANZIG,DARBY DAN FARM AGENT I,TRAVIS DURR,10000,,05/21/2019,KENTUCKY,16,,,
Kentucky October Yearlings (2020),2020-10-28,1008,DKB,F,DAREDEVIL,VISION OF LIZ,POLLARD'S VISION,CROWNING POINT FARM AGENT,ALL IN SALES,22000,,05/20/2019,KENTUCKY,18,,,
Kentucky October Yearlings (2020),2020-10-28,1009,B,F,AMERICAN FREEDOM,VISIONS OF CANDY,CANDY RIDE (ARG),PARAMOUNT SALES AGENT XX,MANUEL ORTIZ,5000,,04/21/2019,KENTUCKY,20,,,
Kentucky October Yearlings (2020),2020-10-28,1010,B,C,QUALITY ROAD,VIVA CARINA (ARG),GIANT'S CAUSEWAY,HILL 'N' DALE SALES AGENCY AGENT,NOT SOLD,65000,,04/14/2019,KENTUCKY,4,,,https://vimeo.com/467534088
Kentucky October Yearlings (2020),2020-10-28,1011,B,C,GORMLEY,VOIDED CONTRACT,ZENSATIONAL,MAPLE RUN SOUTH AGENT,OUT,0,,04/08/2019,KENTUCKY,13,,,
Kentucky October Yearlings (2020),2020-10-28,1012,DKB,F,MSHAWISH,VOODOO DANCER,KINGMAMBO,BUCKLAND SALES (ZACH MADDEN) AGENT XXVI,NOT SOLD,220000,,04/05/2019,KENTUCKY,20,,,https://youtu.be/JLUDfxbny8I
Kentucky October Yearlings (2020),2020-10-28,1013,DKB,F,JIMMY CREED,WABANAKI,INDIAN CHARLIE,STUART MORRIS AGENT XIII,DONATO LANNI AGENT,50000,,04/18/2019,KENTUCKY,21,,,
Kentucky October Yearlings (2020),2020-10-28,1014,CH,C,CONSTITUTION,WALK OFF WINNER,GRAND SLAM,BURLESON FARMS AGENT,OUT,0,,05/07/2019,VIRGINIA,17,,,
Kentucky October Yearlings (2020),2020-10-28,1015,CH,F,SILVER MAX,WAR FLOWER,WAR FRONT,WARRENDALE SALES AGENT VIII,THOROUGHBRED RACING NATION,3000,,03/01/2019,KENTUCKY,21,,,
Kentucky October Yearlings (2020),2020-10-28,1016,DKB,C,BOYS AT TOSCONOVA,WARM SHOWER,DYNAFORMER,VINERY SALES AGENT VI,OUT,0,,03/09/2019,NEW YORK,22&23,,,
Kentucky October Yearlings (2020),2020-10-28,1017,CH,F,SHACKLEFORD,WARM SPRINGS GIRL,CITY ZIP,VALKYRE STUD AGENT FOR ECHO VALLEY HORSE FARM,GUS VLAHOS,32000,,04/01/2019,KENTUCKY,8,,,
Kentucky October Yearlings (2020),2020-10-28,1018,B,C,GHOSTZAPPER,WATERWAY RUN,ARCH,DENALI STUD AGENT V,OUT,0,,05/22/2019,KENTUCKY,1&2,,,
Kentucky October Yearlings (2020),2020-10-28,1019,DKB,F,GIANT SURPRISE,WATRALS LADY HANNE,DIXIE BRASS,LEGACY BLOODSTOCK AGENT XI,NOT SOLD,1000,,03/18/2019,NEW YORK,23,,,https://vimeo.com/469507370
Kentucky October Yearlings (2020),2020-10-28,1020,B,C,FLASHBACK,WEAVE,ARCH,PARAMOUNT SALES AGENT XX,RODNEY MCDOWELL,1500,,02/18/2019,KENTUCKY,20,,,
Kentucky October Yearlings (2020),2020-10-28,1021,B,C,CROSS TRAFFIC,WEEKEND STAR,CONFIDE,JAMES B. KEOGH (GROVENDALE) AGENT I,NOT SOLD,7000,,05/31/2019,KENTUCKY,12,,,
Kentucky October Yearlings (2020),2020-10-28,1022,B,F,MOHAYMEN,WEEKS,GHAZI,LEGACY BLOODSTOCK AGENT II,NOT SOLD,37000,,02/28/2019,KENTUCKY,23,,,https://vimeo.com/471731545
Kentucky October Yearlings (2020),2020-10-28,1023,CH,C,TAPIZAR,WELL AT THE TOP (IRE),SADLER'S WELLS,LITTLE'S BLOODSTOCK LLC AGENT,ANABELL LOPEZ,1500,,05/12/2019,NEW YORK,19,,,
Kentucky October Yearlings (2020),2020-10-28,1024,B,F,HONOR CODE,WELL HEELED LADY,BROAD BRUSH,TERRAZAS THOROUGHBREDS AGENT FOR CORSER THOROUGHBREDS LLC,NOT SOLD,72000,,03/02/2019,KENTUCKY,23,,,https://youtu.be/d_5M9Z-L3DM
Kentucky October Yearlings (2020),2020-10-28,1025,B,F,CANDY RIDE (ARG),WELL LIVED,TIZNOW,FOUR STAR SALES AGENT,THETA HOLDING I INC.,20000,,04/02/2019,KENTUCKY,16,,,https://youtu.be/zuo32ZxeoXI
Kentucky October Yearlings (2020),2020-10-28,1026,CH,C,SPEIGHTSTER,WELL RECEIVED,ANY GIVEN SATURDAY,MULHOLLAND SPRINGS AGENT V,BRYAN RICE,30000,,02/26/2019,KENTUCKY,14,,,
Kentucky October Yearlings (2020),2020-10-28,1027,B,C,LIAM'S MAP,WHAT A STAR,LINE OF DAVID,EATON SALES AGENT,VINCENT J FOGLIA,70000,,03/20/2019,KENTUCKY,7,,,https://vimeo.com/471220774
Kentucky October Yearlings (2020),2020-10-28,1028,CH,C,GUN RUNNER,WHAT'SMINEISMINE,MINESHAFT,INDIAN CREEK AGENT,OUT,0,,02/04/2019,KENTUCKY,2,,,
Kentucky October Yearlings (2020),2020-10-28,1029,DKB,C,GORMLEY,WHILETHEIRON'SHOT,SMART STRIKE,BRIDIE HARRISON AGENT,ANDRY BLANCO,20000,,02/26/2019,KENTUCKY,9,,,
Kentucky October Yearlings (2020),2020-10-28,1030,B,C,LEA,WHIM,MORE THAN READY,BROOKDALE SALES AGENT,ERNESTO PEREZ,1500,,04/30/2019,KENTUCKY,17,,,
Kentucky October Yearlings (2020),2020-10-28,1031,DKB,C,CURLIN,WHISPER WISDOM,ROCKPORT HARBOR,PARAMOUNT SALES AGENT XXIV,NOT SOLD,210000,,03/29/2019,NEW YORK,20,,,
Kentucky October Yearlings (2020),2020-10-28,1032,DKB,C,CONGRATS,WHTAWAYTOSTARTADAY,LEMON DROP KID,LANE'S END AGENT,TROJAN RACING,5000,,05/17/2019,KENTUCKY,1,,,https://youtu.be/FAic1zEstwc
Kentucky October Yearlings (2020),2020-10-28,1033,B,F,DAREDEVIL,WHY OH YOU,YES IT'S TRUE,MACHMER HALL SALES AGENT XII,QUARTER POLE ENTERPRISES LLC,130000,,03/15/2019,INDIANA,5&6,,,https://www.youtube.com/watch?v=yTpp3STtE3g
Kentucky October Yearlings (2020),2020-10-28,1034,DKB,F,GOLDENCENTS,WHY THE MYSTERY,WHYWHYWHY,PARKWAY FARM INC. AGENT,PARRISH FARM,30000,,05/10/2019,KENTUCKY,12,,,
Kentucky October Yearlings (2020),2020-10-28,1035,GRR,F,AMERICAN FREEDOM,WICKED SPEED,MACHO UNO,WARRENDALE SALES AGENT V,ALL ABOUT THE BREEZE INC.,37000,,04/03/2019,KENTUCKY,21,,,https://vimeo.com/471380429
Kentucky October Yearlings (2020),2020-10-28,1036,DKB,F,KITTEN'S JOY,WILD ABOUT HARRY,HENRYTHENAVIGATOR,DENALI STUD AGENT FOR EDITION FARM,BOBFELD BLOODSTOCK INC,35000,,01/31/2019,NEW YORK,1&2,,,https://youtu.be/VjpktWDd2KM
Kentucky October Yearlings (2020),2020-10-28,1037,B,C,BLAME,WILD ABOUT SONNY,OFFICER,STUART MORRIS AGENT VIII,OUT,0,,04/17/2019,KENTUCKY,21,,,
Kentucky October Yearlings (2020),2020-10-28,1038,DKB,F,BRODY'S CAUSE,WILDWIFE,WILD GALE,EQUUS FARM (JERRY CUMMINS/PAUL ADAMS) AGENT I,NOT SOLD,7000,,05/19/2019,KENTUCKY,14,,,
Kentucky October Yearlings (2020),2020-10-28,1039,B,C,CONNECT,WILLOW BUNCH,AFFIRMED,FOUR STAR SALES AGENT,OUT,0,,03/27/2019,FLORIDA,16,,,
Kentucky October Yearlings (2020),2020-10-28,1040,CH,F,MACLEAN'S MUSIC,WIND CAPER,TOUCH GOLD,EATON SALES AGENT,JCM RACING,280000,,04/25/2019,KENTUCKY,7,,,https://vimeo.com/471224607
Kentucky October Yearlings (2020),2020-10-28,1041,CH,F,CALIFORNIA CHROME,WIND RACER,CURLIN,HILL 'N' DALE SALES AGENCY AGENT,MARTIN DE ANDA,6000,,03/19/2019,KENTUCKY,4,,,https://vimeo.com/471804319/0c0e08feb7
Kentucky October Yearlings (2020),2020-10-28,1042,DKB,F,STREET STRATEGY,WINDSTREAM,MR. GREELEY,FORT CHRISTOPHER'S THOROUGHBREDS LLC AGENT,COOL HILL FARM,5000,,05/12/2019,ARKANSAS,19,,,
Kentucky October Yearlings (2020),2020-10-28,1043,B,F,BRODY'S CAUSE,WINE SPOTIOTI,ARTIE SCHILLER,PARAMOUNT SALES AGENT X,EMERALD EQUINE,7000,,03/20/2019,PENNSYLVANIA,20,,,https://vimeo.com/471873481
Kentucky October Yearlings (2020),2020-10-28,1044,B,C,BODEMEISTER,WINSANITY,TAPIZAR,STUART MORRIS AGENT XVII,NOT SOLD,34000,,02/03/2019,NEW YORK,21,,,
Kentucky October Yearlings (2020),2020-10-28,1045,DKB,C,MINESHAFT,WINTER PALACE,SMART STRIKE,LITTLE'S BLOODSTOCK LLC AGENT,GRASSROOTS TRN & SALES LLC,17000,,03/26/2019,KENTUCKY,19,,,
Kentucky October Yearlings (2020),2020-10-28,1046,CH,F,TAPITURE,WINTER'S QUEST,CORONADO'S QUEST,MACHMER HALL SALES AGENT XXII,OUT,0,,05/09/2019,WEST VIRGINIA,5&6,,,
Kentucky October Yearlings (2020),2020-10-28,1047,DKB,C,AWESOME AGAIN,WIN WINNEY,EXCHANGE RATE,HUNTER VALLEY FARM AGENT,EAG STUD,20000,,02/28/2019,FLORIDA,9,,,https://vimeo.com/471699097
Kentucky October Yearlings (2020),2020-10-28,1048,GRR,C,READY'S IMAGE,WISHFUL DREAMIN,OLD FASHIONED,VINERY SALES AGENT XV,NOT SOLD,9500,,05/16/2019,INDIANA,22&23,,,
Kentucky October Yearlings (2020),2020-10-28,1049,CH,C,SKY MESA,WITCH'S COVEN,CUVEE,VINERY SALES AGENT XLVI,LONE STAR RACING CLUB,25000,,01/29/2019,KENTUCKY,22&23,,,
Kentucky October Yearlings (2020),2020-10-28,1050,B,F,BERNARDINI,WITCHY ONE,SMART STRIKE,BUCKLAND SALES (ZACH MADDEN) AGENT X,CHAD SCHUMER AGENT,17000,,04/15/2019,KENTUCKY,20,,,https://youtu.be/dPUgO5hZ38w
Kentucky October Yearlings (2020),2020-10-28,1051,B,F,CREATIVE CAUSE,WITHHOLD,TIZNOW,PARAMOUNT SALES AGENT V,OUT,0,,02/12/2019,KENTUCKY,20,,,https://vimeo.com/472517004
Kentucky October Yearlings (2020),2020-10-28,1052,B,C,QUALITY ROAD,WITHOUT DELAY,SEEKING THE GOLD,TAYLOR MADE SALES AGENCY AGENT FOR WATERCRESS FARM (FRED W. HERTRICH III),OUT,0,,05/17/2019,KENTUCKY,22&23,,,https://youtu.be/k9E3rWuD2uo
Kentucky October Yearlings (2020),2020-10-28,1053,DKB,F,NOT THIS TIME,WOMAN OF THE WORLD,HENRYTHENAVIGATOR,LANE'S END AGENT,OUT,0,,04/04/2019,KENTUCKY,1,,,https://vimeo.com/467293802
Kentucky October Yearlings (2020),2020-10-28,1054,DKB,C,FLATTER,WONDERFUL LUCK,TRUST N LUCK,BUCK POND FARM (DOUGLAS S. ARNOLD) AGENT,OUT,0,,04/14/2019,KENTUCKY,22,,,
Kentucky October Yearlings (2020),2020-10-28,1055,B,F,DIALED IN,WOODFORD COUNTY,INDIAN CHARLIE,EATON SALES AGENT,JACKPOT FARM,47000,,05/23/2019,KENTUCKY,7,,,https://vimeo.com/471693678
Kentucky October Yearlings (2020),2020-10-28,1056,B,F,KEEN ICE,W W OLD SCHOOL,ROYAL ACADEMY,TAYLOR MADE SALES AGENCY AGENT XXXII,NOT SOLD,17000,,04/30/2019,KENTUCKY,22&23,,,https://youtu.be/n0JsJ-S_u_w
Kentucky October Yearlings (2020),2020-10-28,1057,DKB,F,MUCHO MACHO MAN,XS BELLE,DYNAFORMER,EATON SALES AGENT,OUT,0,,04/23/2019,KENTUCKY,7,,,
Kentucky October Yearlings (2020),2020-10-28,1058,B,F,VANCOUVER (AUS),YABBA,LEMON DROP KID,POPE MCLEAN (CRESTWOOD FARM) AGENT II,OUT,0,,04/23/2019,KENTUCKY,17,,,
Kentucky October Yearlings (2020),2020-10-28,1059,DKB,F,FIRING LINE,YADDO CANARY,MINESHAFT,MAINE CHANCE FARM (UNIVERSITY OF KENTUCKY),TOMMY SHORT,1000,,03/24/2019,KENTUCKY,19,,,
Kentucky October Yearlings (2020),2020-10-28,1060,B,C,OUTWORK,YANKEE MILLION,YANKEE VICTOR,BURLESON FARMS AGENT,WATERSHED EQUINE,1000,,04/29/2019,KENTUCKY,17,,,
Kentucky October Yearlings (2020),2020-10-28,1061,DKB,C,STREET SENSE,YAQEEN (GB),GREEN DESERT,MACHMER HALL SALES AGENT XII,C & D BLOODSTOCK,20000,,03/09/2019,KENTUCKY,5&6,,,https://www.youtube.com/watch?v=bhqfPAYSHPA
Kentucky October Yearlings (2020),2020-10-28,1062,CH,F,FIRST SAMURAI,YARD ART,LASTING APPROVAL,MULHOLLAND SPRINGS AGENT XX,NOT SOLD,11000,,04/15/2019,NEW YORK,14,,,
Kentucky October Yearlings (2020),2020-10-28,1063,DKB,F,KEEN ICE,YAWM ESTOORA,DAYJUR,VINERY SALES AGENT XXIX,NOT SOLD,14000,,01/20/2019,KENTUCKY,22&23,,,https://vimeo.com/471987803
Kentucky October Yearlings (2020),2020-10-28,1064,CH,F,MINESHAFT,YOGI'SSPLASHOFGOLD,TOUCH GOLD,FORT CHRISTOPHER'S THOROUGHBREDS LLC AGENT,M. HEMINGWAY AGENT,32000,,03/04/2019,NEW YORK,19,,,
Kentucky October Yearlings (2020),2020-10-28,1065,DKB,C,ELUSIVE BLUFF,YOU BE READY,MORE THAN READY,PARAMOUNT SALES AGENT FOR JUSTICE FARM,NOT SOLD,5000,,04/02/2019,INDIANA,20,,,
Kentucky October Yearlings (2020),2020-10-28,1066,B,F,GORMLEY,YOU BETCHA BABE,YES IT'S TRUE,SOUTH POINT SALES AGENCY AGENT V,OUT,0,,03/30/2019,PENNSYLVANIA,18,,,
Kentucky October Yearlings (2020),2020-10-28,1067,CH,C,DISTORTED HUMOR,YOU BOUGHT HER,GRAEME HALL,INDIAN CREEK AGENT,ST ELIAS STABLES LLC,270000,,05/12/2019,KENTUCKY,2,,,https://vimeo.com/469232462
Kentucky October Yearlings (2020),2020-10-28,1068,B,F,FIRING LINE,YOUMAKEMENERVOUS,TEN MOST WANTED,BILL MURPHY AGENT V,ELADIO ACEVEDO,1000,,04/20/2019,KENTUCKY,23,,,
Kentucky October Yearlings (2020),2020-10-28,1069,DKB,C,FLAT OUT,YOU NEVER LEARN,KEYED ENTRY,SHEPPELL THOROUGHBREDS AGENT,WATERSHED EQUINE,1000,,03/28/2019,OHIO,21,,,
Kentucky October Yearlings (2020),2020-10-28,1070,DKB,F,SUPER SAVER,YOU'RE BEAUTIFUL,STORM CAT,ST GEORGE SALES AGENT III,K.O.I.D.,30000,,04/16/2019,KENTUCKY,10,,,
Kentucky October Yearlings (2020),2020-10-28,1071,CH,C,JIMMY CREED,YOU SHOULD BE HERE,NIAGARA CAUSEWAY,BUCK POND FARM (DOUGLAS S. ARNOLD) AGENT,MCCUTCHEN TRAINING CENTER,9000,,04/17/2019,KENTUCKY,22,,,https://www.youtube.com/watch?v=daM0ea0P1m4
Kentucky October Yearlings (2020),2020-10-28,1072,B,F,MIDNIGHT STORM,ZABEEL SARAY,GIROLAMO,COLUMBIANA FARM AGENT,EMERALD EQUINE,6000,,03/16/2019,KENTUCKY,17,,,
Kentucky October Yearlings (2020),2020-10-28,1073,DKB,F,MSHAWISH,ZADINA,MALIBU MOON,WARRENDALE SALES AGENT XIV,NOT SOLD,1000,,02/07/2019,KENTUCKY,21,,,
Kentucky October Yearlings (2020),2020-10-28,1074,B,F,JIMMY CREED,ZAZA,MIDNIGHT LUTE,MULHOLLAND SPRINGS AGENT,JESSE HOPPEL,30000,,04/21/2019,KENTUCKY,14,,,
Kentucky October Yearlings (2020),2020-10-28,1075,B,C,DISTORTED HUMOR,ZETTA Z,BERNARDINI,BROOKDALE SALES AGENT FOR CASA FARMS I LLC,THOMOND O'MARA,35000,,04/23/2019,KENTUCKY,17,,,
Kentucky October Yearlings (2020),2020-10-28,1076,DKB,F,MACLEAN'S MUSIC,ZINDI,VINDICATION,HURSTLAND FARM (ALFRED H. NUCKOLS JR.) AGENT I,DONATO LANNI AGENT,47000,,03/22/2019,KENTUCKY,2,,,
Kentucky October Yearlings (2020),2020-10-28,1077,B,C,SUMMER FRONT,ZIP IT KIM,CITY ZIP,LEGACY BLOODSTOCK AGENT III,CROMWELL BLOODSTOCK,55000,,05/14/2019,KENTUCKY,23,,,https://vimeo.com/471377541
Kentucky October Yearlings (2020),2020-10-28,1078,DKB,F,CANDY RIDE (ARG),ZLOTY,EXCHANGE RATE,BLUEWATER SALES LLC AGENT XV,NOT SOLD,22000,,04/21/2019,NEW YORK,8,,,https://vimeo.com/470934555
Kentucky October Yearlings (2020),2020-10-28,1079,DKB,F,MORE THAN READY,ZONDAQ,BERNARDINI,INDIAN CREEK AGENT,WHAT TIME IS IT RACING ORACLE BLOODSTOCK AGENT,270000,,05/11/2019,KENTUCKY,2,,,https://vimeo.com/471383011
Kentucky October Yearlings (2020),2020-10-28,1080,GRR,C,KLIMT,ZOOEY,EXCHANGE RATE,MULHOLLAND FARM,ROLLING THUNDER FARM,15000,,04/29/2019,KENTUCKY,18,,,
Kentucky October Yearlings (2020),2020-10-28,1081,B,F,STAR GUITAR,ZUZOR,PIONEEROF THE NILE,STALLION VENTURES,OUT,0,,05/05/2019,KENTUCKY,18,,,
Kentucky October Yearlings (2020),2020-10-28,1082,CH,C,KLIMT,A. A. FLAXEN QUEEN,OLD FORESTER,PARAMOUNT SALES AGENT XXIII,WATERSHED EQUINE,1000,,03/19/2019,ONTARIO,20,,,https://vimeo.com/472517038
Kentucky October Yearlings (2020),2020-10-28,1083,B,F,MOHAYMEN,ABBY ROAD (IRE),DANEHILL,TAYLOR MADE SALES AGENCY AGENT XXXI,ZILLI RACING,9000,,02/25/2019,ONTARIO,22&23,,,https://youtu.be/W10pvgYupPQ
Kentucky October Yearlings (2020),2020-10-28,1084,B,C,MACLEAN'S MUSIC,ABIDING LOVE,OLMODAVOR,LANE'S END AGENT,J KIRK & JUDY ROBISON,17000,,02/04/2019,OHIO,1,,,
Kentucky October Yearlings (2020),2020-10-28,1085,B,C,VIOLENCE,ACK NAUGHTY,AFLEET ALEX,ST GEORGE SALES AGENT XI,OUT,0,,02/26/2019,KENTUCKY,10,,,
Kentucky October Yearlings (2020),2020-10-28,1086,B,C,PALACE MALICE,ADAPT,AWESOME AGAIN,HUNTER VALLEY FARM AGENT,JAVIER ARELLANO,5000,,04/21/2019,KENTUCKY,9,,,https://vimeo.com/471209177
Kentucky October Yearlings (2020),2020-10-28,1087,CH,C,SUPER SAVER,ADDED UNTO YOU,ALBERTUS MAXIMUS,LANE'S END AGENT,JOHN SERVIS,70000,,05/12/2019,KENTUCKY,1,,,https://vimeo.com/showcase/7670686/video/467938356
Kentucky October Yearlings (2020),2020-10-28,1088,B,C,EXAGGERATOR,AFFAIR DABBLER,STAR DABBLER,WARRENDALE SALES AGENT II,RAUL GONZALEZ RAMIREZ,5000,,04/14/2019,KENTUCKY,21,,,
Kentucky October Yearlings (2020),2020-10-28,1089,CH,C,TAPITURE,AFLEET LEXI,AFLEET ALEX,FOUR STAR SALES AGENT,GRASSROOTS TRN & SALES LLC,43000,,04/09/2019,KENTUCKY,16,,,https://youtu.be/sfE1jeXAY8c
Kentucky October Yearlings (2020),2020-10-28,1090,DKB,F,FLINTSHIRE (GB),AFSANEH,SCAT DADDY,BEAU LANE BLOODSTOCK AGENT II,NOT SOLD,20000,,01/10/2019,KENTUCKY,16,,,
Kentucky October Yearlings (2020),2020-10-28,1091,B,C,EXAGGERATOR,AFTER THE APPLAUSE,LOST SOLDIER,WARRENDALE SALES AGENT XIX,JAGGER INC.,27000,,04/28/2019,KENTUCKY,21,,,
Kentucky October Yearlings (2020),2020-10-28,1092,B,C,UNION RAGS,AFTER THOUGHT,FUSAICHI PEGASUS,BACCARI BLOODSTOCK LLC AGENT I,J T BLOODSTOCK,150000,,01/29/2019,KENTUCKY,3,,,https://vimeo.com/471673194
Kentucky October Yearlings (2020),2020-10-28,1093,B,F,JIMMY CREED,AGRESSIVE ELEGANCE,MACHO UNO,SHEPPELL THOROUGHBREDS AGENT,NOT SOLD,22000,,04/30/2019,OHIO,21,,,
Kentucky October Yearlings (2020),2020-10-28,1094,B,C,MEDAGLIA D'ORO,AGUILERA,UNBRIDLED'S SONG,BACCARI BLOODSTOCK LLC AGENT IV,NOT SOLD,260000,,04/16/2019,KENTUCKY,3,,,https://vimeo.com/471673222
Kentucky October Yearlings (2020),2020-10-28,1095,DKB,F,GOLDENCENTS,AIN'T SHE CLASSY,FIRST SAMURAI,SMALL BATCH SALES AGENT III,NOT SOLD,14000,,02/22/2019,KENTUCKY,19,,,https://youtu.be/c4zBT-lWw2o
Kentucky October Yearlings (2020),2020-10-28,1096,B,C,JIMMY CREED,AIRIZON,BOSTON HARBOR,MULHOLLAND FARM AGENT,NORMAN STABLES LLC,35000,,04/23/2019,KENTUCKY,18,,,
Kentucky October Yearlings (2020),2020-10-28,1097,B,F,GORMLEY,A J'S GAL,MONASHEE MOUNTAIN,VINERY SALES AGENT XLVII,NOT SOLD,5000,,04/01/2019,KENTUCKY,22&23,,,
Kentucky October Yearlings (2020),2020-10-28,1098,B,F,MOHAYMEN,ALASEMA,JAZIL,FRANKFORT PARK FARM AGENT,SWEET GUM FALL,15000,,02/18/2019,KENTUCKY,12,,,
Kentucky October Yearlings (2020),2020-10-28,1099,B,C,KEEN ICE,ALASHIR'S WORLD,SPINNING WORLD,FOUNDATIONS FARM,FRANKLIN G SMITH,6500,,05/02/2019,KENTUCKY,13,,,
Kentucky October Yearlings (2020),2020-10-28,1100,CH,C,HARRY'S HOLIDAY,ALEGRA,EXCHANGE RATE,PARAMOUNT SALES AGENT FOR JUSTICE FARM,GARY TUSSEY,7000,,01/28/2019,INDIANA,20,,,
Kentucky October Yearlings (2020),2020-10-28,1101,B,C,OVERANALYZE,ALEXANDRA'S GRACE,HARD SPUN,RAMSEY FARM AGENT,OUT,0,,01/29/2019,KENTUCKY,12,,,
Kentucky October Yearlings (2020),2020-10-28,1102,DKB,F,FED BIZ,ALGOWILD,ALGORITHMS,SIERRA FRIA FARM AGENT,NOT SOLD,9800,,03/18/2019,KENTUCKY,11,,,
Kentucky October Yearlings (2020),2020-10-28,1103,DKB,C,WAR CORRESPONDENT,ALHUCEMA,ALDEBARAN,MILL RIDGE SALES AGENT,ALBERTO JUANTORENA,30000,,05/13/2019,KENTUCKY,11,,,https://www.youtube.com/watch?v=FMBFQfLT7Ws&list=PLzgVBzdrTBXSogxbk19v0DjgHl6YGjKJS&index=4
Kentucky October Yearlings (2020),2020-10-28,1104,GRR,F,MOHAYMEN,ALI'S CHARGER,ALYDEED,VINERY SALES AGENT XXIV,CHRIS MELTON,1200,,04/05/2019,KENTUCKY,22&23,,,
Kentucky October Yearlings (2020),2020-10-28,1105,CH,F,DAREDEVIL,ALKMAAR,MONASHEE MOUNTAIN,DENALI STUD AGENT XIII,OUT,0,,03/22/2019,ONTARIO,1&2,,,
Kentucky October Yearlings (2020),2020-10-28,1106,DKB,F,RUNHAPPY,ALL ACES,LEMON DROP KID,BALLYSAX BLOODSTOCK AGENT I,OUT,0,,04/07/2019,KENTUCKY,18,,,
Kentucky October Yearlings (2020),2020-10-28,1107,DKB,C,EXAGGERATOR,ALL DAY LAWN,BLUEGRASS CAT,HERMITAGE FARM AGENT,J KEITH DESORMEAUX,11000,,01/27/2019,KENTUCKY,22,,,https://vimeo.com/showcase/7670686/video/467954938
Kentucky October Yearlings (2020),2020-10-28,1108,DKB,C,NYQUIST,ALL STAR HEART,ARCH,HUNTER VALLEY FARM AGENT,DEB RACING,120000,,04/17/2019,KENTUCKY,9,,,https://vimeo.com/469222041
Kentucky October Yearlings (2020),2020-10-28,1109,DKB,C,MINESHAFT,ALLUVIAL GOLD (IRE),DANEHILL DANCER (IRE),LEGACY BLOODSTOCK AGENT XXXV,WILLIAM R MARTIN,65000,,04/15/2019,KENTUCKY,23,,,https://vimeo.com/471393356
Kentucky October Yearlings (2020),2020-10-28,1110,GRR,C,AMERICAN PHAROAH,ALPHA MAMA,UNBRIDLED'S SONG,PARAMOUNT SALES AGENT XLIV,NOT SOLD,240000,,05/11/2019,KENTUCKY,20,,,https://vimeo.com/472677562
Kentucky October Yearlings (2020),2020-10-28,1111,B,F,OUTWORK,ALYDARLA,HENNY HUGHES,LANE'S END AGENT,CHRIS MELTON,20000,,04/04/2019,KENTUCKY,1,,,https://youtu.be/aGNNrnvTdmI
Kentucky October Yearlings (2020),2020-10-28,1112,DKB,C,BAL A BALI (BRZ),ALYKELA,KELA,FOUR STAR SALES AGENT,ANDREA STABLES,4000,,03/23/2019,NEW YORK,16,,,https://youtu.be/CjjvglVTVc8
Kentucky October Yearlings (2020),2020-10-28,1113,DKB,F,UNIFIED,AMARETTA'S WAY,GIANT'S CAUSEWAY,PARAMOUNT SALES AGENT XXXVII,WILLIAM AUSTIN,1000,,04/29/2019,KENTUCKY,20,,,https://youtu.be/S-I6B65oqGA
Kentucky October Yearlings (2020),2020-10-28,1114,CH,C,TAPITURE,AMAZEMENT,BERNARDINI,DARBY DAN FARM AGENT VII,DAVID GEOFROY,17000,,04/16/2019,KENTUCKY,16,,,
Kentucky October Yearlings (2020),2020-10-28,1115,B,F,FED BIZ,AMBLING,CHESTER HOUSE,BROOKDALE SALES AGENT,ROBERT WRIGHT,1700,,05/18/2019,KENTUCKY,17,,,
Kentucky October Yearlings (2020),2020-10-28,1116,DKB,C,WICKED STRONG,AMERICAN MEGAN,QUIET AMERICAN,MULHOLLAND FARM,COOL HILL FARM,15000,,04/27/2019,KENTUCKY,18,,,
Kentucky October Yearlings (2020),2020-10-28,1117,B,C,MIDSHIPMAN,AMERICA'S BLOSSOM,QUIET AMERICAN,MILESTONE FARM,NOT SOLD,9500,,04/17/2019,KENTUCKY,15,,,
Kentucky October Yearlings (2020),2020-10-28,1118,DKB,F,RUNHAPPY,AMERICA'S FRIEND,UNUSUAL HEAT,VALKYRE STUD AGENT,ROBERT WRIGHT,3200,,05/02/2019,KENTUCKY,8,,,https://vimeo.com/469598714
Kentucky October Yearlings (2020),2020-10-28,1119,DKB,C,AMERICAN FREEDOM,AMERICA'S SPIRIT,GIANT'S CAUSEWAY,PARAMOUNT SALES AGENT XX,EDWARD ORTIZ,2500,,01/22/2019,PENNSYLVANIA,20,,,
Kentucky October Yearlings (2020),2020-10-28,1120,B,F,DIALED IN,AMYLIMEHOUSE,LIMEHOUSE,WYNNSTAY SALES AGENT I,NOT SOLD,47000,,05/29/2019,KENTUCKY,7,,,
Kentucky October Yearlings (2020),2020-10-28,1121,DKB,C,AMERICAN PHAROAH,ANA LUNA (GB),DREAM WELL (FR),FOUR STAR SALES AGENT,OUT,0,,04/29/2019,KENTUCKY,16,,,https://vimeo.com/471232447
Kentucky October Yearlings (2020),2020-10-28,1122,DKB,C,STREET SENSE,ANANDA,SCAT DADDY,BLUEWATER SALES LLC AGENT XIII,OUT,0,,03/13/2019,NEW YORK,8,,,
Kentucky October Yearlings (2020),2020-10-28,1123,DKB,C,KLIMT,AND STAY OUT,EXCHANGE RATE,CANDY MEADOWS SALES AGENT III,GOLF 2020,117000,,04/29/2019,KENTUCKY,10,,,
Kentucky October Yearlings (2020),2020-10-28,1124,B,C,PALACE,ANNACLONE,FLATTER,MULHOLLAND SPRINGS AGENT I,NOT SOLD,1000,,04/24/2019,KENTUCKY,14,,,
Kentucky October Yearlings (2020),2020-10-28,1125,B,F,DIALED IN,ANNATLANTIC,STORMY ATLANTIC,PARAMOUNT SALES AGENT III,NOT SOLD,11500,,04/06/2019,KENTUCKY,20,,,https://youtu.be/vFeSLy-o5Ik
Kentucky October Yearlings (2020),2020-10-28,1126,B,F,GORMLEY,ANNIEBEAR,TALE OF THE CAT,CASTLE PARK FARM LLC (NOEL MURPHY) AGENT VI,INVEST EQUINE,6000,,02/08/2019,KENTUCKY,8,,,
Kentucky October Yearlings (2020),2020-10-28,1127,B,F,ANIMAL KINGDOM,ANN OF THE DANCE,ENGLISH CHANNEL,BETZ THOROUGHBREDS INC. AGENT,OUT,0,,04/01/2019,KENTUCKY,15,,,
Kentucky October Yearlings (2020),2020-10-28,1128,CH,F,MEDAL COUNT,ANOTHER DREAM,BADGE OF SILVER,CROWNING POINT FARM AGENT,NOT SOLD,1700,,01/22/2019,INDIANA,18,,,
Kentucky October Yearlings (2020),2020-10-28,1129,DKB,F,MALIBU MOON,ANTONIA AUTUMN,BERNSTEIN,PARAMOUNT SALES AGENT XII,DJR AGENT,35000,,05/03/2019,KENTUCKY,20,,,https://vimeo.com/467092201
Kentucky October Yearlings (2020),2020-10-28,1130,DKB,F,MUCHO MACHO MAN,A. P. ANDREA,NOTIONAL,EQUUS FARM (JERRY CUMMINS/PAUL ADAMS) AGENT I,BLAS PEREZ,6500,,04/07/2019,KENTUCKY,14,,,
Kentucky October Yearlings (2020),2020-10-28,1131,DKB,C,UNCLE MO,A. P. DREAM,A.P. INDY,LANE'S END AGENT,DONATO LANNI AGENT,600000,,02/22/2019,KENTUCKY,1,,,https://youtu.be/M98USoW77sI
Kentucky October Yearlings (2020),2020-10-28,1132,B,C,MEDAGLIA D'ORO,APPEALING BRIDE,UNBRIDLED'S SONG,BACCARI BLOODSTOCK LLC AGENT I,OUT,0,,05/09/2019,KENTUCKY,3,,,https://vimeo.com/471673224
Kentucky October Yearlings (2020),2020-10-28,1133,B,F,CONNECT,APPEAL TO THE WIN,SUCCESSFUL APPEAL,GAINESWAY AGENT XII,OUT,0,,05/13/2019,ONTARIO,5&6,,,
Kentucky October Yearlings (2020),2020-10-28,1134,CH,C,FIRING LINE,APPLELICIOUS,FLATTER,HUNTER VALLEY FARM AGENT,MARC DETAMPEL,25000,,03/29/2019,KENTUCKY,9,,,https://vimeo.com/471590375
Kentucky October Yearlings (2020),2020-10-28,1135,DKB,F,SUPER SAVER,APPRECIATING,SKY MESA,DARBY DAN FARM AGENT I,KENNETH MCPEEK AGENT,65000,,05/15/2019,KENTUCKY,16,,,
Kentucky October Yearlings (2020),2020-10-28,1136,GRR,C,RUNHAPPY,AQUITANIA,LEROIDESANIMAUX (BRZ),EATON SALES AGENT,BIG OAK FARM,1500,,04/18/2019,KENTUCKY,7,,,https://vimeo.com/471423796
Kentucky October Yearlings (2020),2020-10-28,1137,CH,C,AFLEET ALEX,ARCHDUCHESS,PLEASANT TAP,BRIDIE HARRISON AGENT FOR PETER E. BLUM THOROUGHBREDS,PWF,17000,,04/30/2019,KENTUCKY,9,,,
Kentucky October Yearlings (2020),2020-10-28,1138,DKB,C,GORMLEY,ARDEN WAY,CARSON CITY,STUART MORRIS AGENT XVIII,SS STABLE,40000,,03/23/2019,NEW YORK,21,,,
Kentucky October Yearlings (2020),2020-10-28,1139,B,F,INTO MISCHIEF,AREYOUCOMINGHERE,BERNARDINI,PARAMOUNT SALES AGENT XII,OUT,0,,04/14/2019,KENTUCKY,20,,,
Kentucky October Yearlings (2020),2020-10-28,1140,GRR,F,VERRAZANO,ARGENT AFFAIR,BLACK TIE AFFAIR (IRE),LISA & TIM TURNEY AGENT I,NOT SOLD,19000,,03/16/2019,KENTUCKY,11,,,https://youtu.be/my-GTVbHy5M
Kentucky October Yearlings (2020),2020-10-28,1141,B,F,ASTERN (AUS),ART AFFAIR,MINESHAFT,CASTLE PARK FARM LLC (NOEL MURPHY) AGENT XX,CHARLES AMBURGEY,3700,,02/23/2019,VIRGINIA,8,,,
Kentucky October Yearlings (2020),2020-10-28,1142,DKB,F,GOLDENCENTS,ARTIC QUEEN,MR. GREELEY,WARRENDALE SALES AGENT XXIII,OUT,0,,03/17/2019,KENTUCKY,21,,,
Kentucky October Yearlings (2020),2020-10-28,1143,B,C,MACLEAN'S MUSIC,ARTILLERY PUNCH,KITTEN'S JOY,LITTLE'S BLOODSTOCK LLC AGENT,JESSE HOPPEL,120000,,04/26/2019,KENTUCKY,19,,,
Kentucky October Yearlings (2020),2020-10-28,1144,B,C,LANTANA MOB,ART'S SUGAR,LOUIS QUATORZE,PARAMOUNT SALES AGENT FOR JUSTICE FARM,NOT SOLD,6500,,04/02/2019,INDIANA,20,,,
Kentucky October Yearlings (2020),2020-10-28,1145,CH,C,AIR FORCE BLUE,ARUSHA,TAPIT,LEGACY BLOODSTOCK AGENT XVII,NOT SOLD,9500,,03/23/2019,KENTUCKY,23,,,https://vimeo.com/472516713
Kentucky October Yearlings (2020),2020-10-28,1146,DKB,C,FREUD,ASHLEE'S EMPIRE,EMPIRE MAKER,HUNTER VALLEY FARM AGENT,CALUMET FARM,67000,,03/13/2019,NEW YORK,9,,,https://vimeo.com/469222014
Kentucky October Yearlings (2020),2020-10-28,1147,B,C,INTO MISCHIEF,ASHLEE'S LADY,GILDED TIME,PARAMOUNT SALES AGENT XVII,SPENDTHRIFT FARM LLC,475000,,03/22/2019,FLORIDA,20,,,https://vimeo.com/471428138
Kentucky October Yearlings (2020),2020-10-28,1148,GRR,F,CONVEYANCE,A SHOT AWAY,POSSE,BUCK POND FARM (DOUGLAS S. ARNOLD) AGENT,ALEJANDRO CONTRERAS,1000,,01/29/2019,KENTUCKY,22,,,https://www.youtube.com/watch?v=JiJ_jinuJjg
Kentucky October Yearlings (2020),2020-10-28,1149,CH,F,TONALIST,ASH ZEE,EXCHANGE RATE,MACHMER HALL SALES AGENT II,BRUCE LEVINE,60000,,05/17/2019,NEW YORK,5&6,,,https://www.youtube.com/watch?v=0wCICEDVQig
Kentucky October Yearlings (2020),2020-10-28,1150,CH,F,KITTEN'S JOY,ASPERITES (IRE),DANEHILL DANCER (IRE),BALLYSAX BLOODSTOCK AGENT LV,NOT SOLD,29000,,04/09/2019,KENTUCKY,18,,,
Kentucky October Yearlings (2020),2020-10-28,1151,B,C,STREET SENSE,ASPIRE TO INSPIRE,CANDY RIDE (ARG),MULHOLLAND SPRINGS AGENT XI,TERRY GABRIEL,42000,,04/28/2019,NEW YORK,14,,,
Kentucky October Yearlings (2020),2020-10-28,1152,GRR,C,ANCHOR DOWN,ASSOULIN,CANDY RIDE (ARG),MACHMER HALL SALES AGENT XII,OUT,0,,04/30/2019,KENTUCKY,5&6,,,
Kentucky October Yearlings (2020),2020-10-28,1153,B,F,PRACTICAL JOKE,ATLANTIC ISLAND,EMPIRE MAKER,HUNTER VALLEY FARM AGENT,JEFFREY MACKOR II AGENT FOR GS INVERSIONES HIPICAS LLC,90000,,05/13/2019,KENTUCKY,9,,,https://vimeo.com/471578579
Kentucky October Yearlings (2020),2020-10-28,1154,B,F,FLAT OUT,ATLANTIC ZIP,STORMY ATLANTIC,SHEPPELL THOROUGHBREDS AGENT,ASHLEY QUARTAROLO AGENT FOR RON PAOLUCCI RACING LLC,27000,,04/21/2019,OHIO,21,,,
Kentucky October Yearlings (2020),2020-10-28,1155,DKB,F,NOT THIS TIME,ATLANTIS MOON,MALIBU MOON,BUCKLAND SALES (ZACH MADDEN) AGENT V,OUT,0,,04/15/2019,OKLAHOMA,20,,,
Kentucky October Yearlings (2020),2020-10-28,1156,DKB,F,INTO MISCHIEF,A TRUE PUSSYCAT,YES IT'S TRUE,STUART MORRIS AGENT XX,OUT,0,,04/10/2019,NEW YORK,21,,,
Kentucky October Yearlings (2020),2020-10-28,1157,B,C,EMPIRE MAKER,AUNTIE SPARKLES,MORE THAN READY,GAINESWAY AGENT XIX,WEST BLOODSTOCK,60000,,03/15/2019,KENTUCKY,5&6,,,https://vimeo.com/470400111
Kentucky October Yearlings (2020),2020-10-28,1158,DKB,C,CREATIVE CAUSE,AUNT MAME,UNCLE MO,TAYLOR MADE SALES AGENCY AGENT XIV,OUT,0,,02/20/2019,KENTUCKY,22&23,,,
Kentucky October Yearlings (2020),2020-10-28,1159,DKB,C,EMPIRE MAKER,AUSPICIOUSLY,MALIBU MOON,WARRENDALE SALES AGENT XIV,OUT,0,,04/23/2019,KENTUCKY,21,,,
Kentucky October Yearlings (2020),2020-10-28,1160,CH,F,WICKED STRONG,AUTUMN ASH,TAPIT,LITTLE'S BLOODSTOCK LLC AGENT,RELENTLESS RACING INC,1000,,02/11/2019,NEW YORK,19,,,
Kentucky October Yearlings (2020),2020-10-28,1161,B,C,JIMMY CREED,AVA DARLING,GILDED TIME,VALKYRE STUD AGENT,EAG STUD,38000,,02/09/2019,KENTUCKY,8,,,https://vimeo.com/469599104
Kentucky October Yearlings (2020),2020-10-28,1162,DKB,F,PERFECT TIMBER,AVALL TALE,TALE OF EKATI,FOUR STAR SALES AGENT,GRASSROOTS TRN & SALES LLC,1500,,05/08/2019,ONTARIO,16,,,https://www.youtube.com/watch?v=qGsAe6TlRqs&feature=youtu.be
Kentucky October Yearlings (2020),2020-10-28,1163,GRR,C,FLASHBACK,AVA RAE,SOARING EMPIRE,CANDY MEADOWS SALES AGENT VII,GRASSROOTS TRN & SALES LLC,1500,,03/06/2019,KENTUCKY,10,,,
Kentucky October Yearlings (2020),2020-10-28,1164,DKB,C,BRODY'S CAUSE,AVELLANEOUS,WAR PASS,DOUBLE R CONSIGNMENT AGENT I,CHRIS MELTON,3500,,04/02/2019,KENTUCKY,16,,,
Kentucky October Yearlings (2020),2020-10-29,1165,B,C,UNCLE MO,AVENA,FRANKEL (GB),DENALI STUD AGENT XX,OUT,0,,02/03/2019,KENTUCKY,1&2,,,
Kentucky October Yearlings (2020),2020-10-29,1166,B,F,SKY MESA,AVENUE OF ROSES,STREET SENSE,MILESTONE FARM,NOT SOLD,10000,,03/04/2019,KENTUCKY,15,,,
Kentucky October Yearlings (2020),2020-10-29,1167,B,C,HARRY'S HOLIDAY,AVIE NINER,ORIENT,VINERY SALES AGENT X,NOT SOLD,5500,,05/10/2019,INDIANA,22&23,,,
Kentucky October Yearlings (2020),2020-10-29,1168,DKB,F,NOT THIS TIME,AWESOME DOVE,AWESOME AGAIN,RUNNYMEDE FARM INC. AGENT,ANN MCCURDY,17000,,04/25/2019,KENTUCKY,12,,,
Kentucky October Yearlings (2020),2020-10-29,1169,DKB,F,DIALED IN,AWESOME FLEET,AWESOME AGAIN,WARRENDALE SALES AGENT XXIV,NOT SOLD,18000,,04/08/2019,KENTUCKY,21,,,
Kentucky October Yearlings (2020),2020-10-29,1170,CH,F,KITTEN'S JOY,AWESOME RAFAELA (BRZ),ELUSIVE QUALITY,GAINESWAY AGENT XXXIX,FERGUS GALVIN AGENT,105000,Y,04/04/2019,KENTUCKY,5&6,,,https://vimeo.com/467534110
Kentucky October Yearlings (2020),2020-10-29,1171,CH,C,STRONG MANDATE,AYLA,SANDPIT (BRZ),SCOTT MALLORY AGENT IV,NOT SOLD,14000,,02/02/2019,KENTUCKY,21,,,
Kentucky October Yearlings (2020),2020-10-29,1172,DKB,F,ITSMYLUCKYDAY,BABY WILDCAT,WILDCAT HEIR,SCOTT MALLORY AGENT III,ROBERT BREWER,1000,,02/11/2019,KENTUCKY,21,,,
Kentucky October Yearlings (2020),2020-10-29,1173,B,C,EMPIRE MAKER,BAGATELLE PARK,SPEIGHTSTOWN,GAINESWAY AGENT XXXIV,TONJA TERRANOVA AGENT,200000,,02/20/2019,KENTUCKY,5&6,,,https://youtu.be/y2MteuMKM3Y
Kentucky October Yearlings (2020),2020-10-29,1174,DKB,C,UNIFIED,BAG OF TRICKS,BERNARDINI,MACHMER HALL SALES AGENT FOR MACHMER HALL & D&J RACING,OUT,0,,04/20/2019,NEW YORK,5&6,,,
Kentucky October Yearlings (2020),2020-10-29,1175,DKB,C,VIOLENCE,BALA,WITH APPROVAL,BROOKDALE SALES AGENT,NOT SOLD,47000,,04/29/2019,KENTUCKY,17,,,
Kentucky October Yearlings (2020),2020-10-29,1176,CH,C,CANDY RIDE (ARG),BALLETTE (IRE),GIANT'S CAUSEWAY,EATON SALES AGENT,USK RACING,11000,,02/20/2019,KENTUCKY,7,,,https://vimeo.com/471224637
Kentucky October Yearlings (2020),2020-10-29,1177,CH,C,EXAGGERATOR,BALLINSKELLIGS,MALIBU MOON,PARAMOUNT SALES AGENT XXI,JEFFREY MACKOR II AGENT FOR GS INVERSIONES HIPICAS LLC,50000,,03/14/2019,PENNSYLVANIA,20,,,
Kentucky October Yearlings (2020),2020-10-29,1178,B,C,BODEMEISTER,BAND OF OUTSIDERS,DIXIELAND BAND,SHAWHAN PLACE LLC AGENT I,EXPOLINE CO LTD,10000,,05/08/2019,LOUISIANA,23,,,
Kentucky October Yearlings (2020),2020-10-29,1179,CH,F,CARPE DIEM,BANKA,KITALPHA,WAR HORSE PLACE LLC AGENT I,4 E.S.,5000,,01/24/2019,OKLAHOMA,4,,,https://vimeo.com/470915225
Kentucky October Yearlings (2020),2020-10-29,1180,B,F,JUSTIN PHILLIP,BANK CANDY,BANKER'S GOLD,PARAMOUNT SALES AGENT FOR JUSTICE FARM,NOT SOLD,5500,,04/30/2019,INDIANA,20,,,
Kentucky October Yearlings (2020),2020-10-29,1181,CH,F,CANDY RIDE (ARG),BARBARA'S SMILE,CURLIN,ELISE W. KENDALL AGENT,WATERSHED EQUINE,3000,,03/08/2019,KENTUCKY,13,,,
Kentucky October Yearlings (2020),2020-10-29,1182,B,C,COMPETITIVE EDGE,BARB'S ON EDGE,INTO MISCHIEF,TERRAZAS THOROUGHBREDS AGENT VI,WATERSHED EQUINE,1000,,03/10/2019,KENTUCKY,23,,,
Kentucky October Yearlings (2020),2020-10-29,1183,DKB,F,PRACTICAL JOKE,BARONESS AMIRA,STREET CRY (IRE),PARAMOUNT SALES AGENT XVI,M. HEMINGWAY AGENT,9500,,04/06/2019,KENTUCKY,20,,,https://vimeo.com/470939714
Kentucky October Yearlings (2020),2020-10-29,1184,B,F,KLIMT,BAZINGA BABY,AFLEET ALEX,VINERY SALES AGENT LVIII,OUT,0,,05/20/2019,KENTUCKY,22&23,,,
Kentucky October Yearlings (2020),2020-10-29,1185,DKB,F,GOLDENCENTS,BEARURSA,PRECISE END,VINERY SALES AGENT LII,OUT,0,,04/13/2019,KENTUCKY,22&23,,,
Kentucky October Yearlings (2020),2020-10-29,1186,B,C,LEMON DROP KID,BEAUTIFUL CAT,KITTEN'S JOY,SUMMERFIELD (FRANCIS & BARBARA VANLANGENDONCK) AGENT,WAYNE BAKKE,1000,Y,03/17/2019,KENTUCKY,3,,,
Kentucky October Yearlings (2020),2020-10-29,1187,DKB,C,TWIRLING CANDY,BEAUTIFUL GREELEY,MR. GREELEY,ST GEORGE SALES AGENT III,OUT,0,,04/29/2019,KENTUCKY,10,,,
Kentucky October Yearlings (2020),2020-10-29,1188,DKB,C,AMERICAN FREEDOM,BEAUTY N BALANCE,LOOKIN AT LUCKY,PARAMOUNT SALES AGENT XX,ALTON E BROWN JR,1000,,02/11/2019,KENTUCKY,20,,,
Kentucky October Yearlings (2020),2020-10-29,1189,B,C,BODEMEISTER,BEAUTY STAR,SKY MESA,DARBY DAN FARM AGENT I,ALTON E BROWN JR,1000,,04/17/2019,KENTUCKY,16,,,
Kentucky October Yearlings (2020),2020-10-29,1190,B,F,CONNECT,BEBINN,BERNARDINI,MULHOLLAND FARM,TRAVIS DURR/JCE,40000,,03/15/2019,KENTUCKY,18,,,
Kentucky October Yearlings (2020),2020-10-29,1191,CH,C,AMERICAN FREEDOM,BEBOP,BELONG TO ME,VINERY SALES AGENT XXX,ALTON E BROWN JR,1000,,03/14/2019,KENTUCKY,22&23,,,https://vimeo.com/472363275
Kentucky October Yearlings (2020),2020-10-29,1192,B,C,ANIMAL KINGDOM,BEHAVIORAL,INCLUDE,THREAVE MAIN STUD LLC AGENT,ALTON E BROWN JR,1000,,04/21/2019,KENTUCKY,15,,,
Kentucky October Yearlings (2020),2020-10-29,1193,B,C,PRACTICAL JOKE,BELLA PAELLA,BELLAMY ROAD,MACHMER HALL SALES AGENT XXI,H & H AGENT,77000,,03/30/2019,KENTUCKY,5&6,,,https://youtu.be/hE-gCMAy52E
Kentucky October Yearlings (2020),2020-10-29,1194,CH,C,GORMLEY,BELLA PRINCESSA,FAMILY CALLING,VINERY SALES AGENT LX,OUT,0,,04/01/2019,KENTUCKY,22&23,,,
Kentucky October Yearlings (2020),2020-10-29,1195,B,F,KLIMT,BELLE DU SUD,CORINTHIAN,SMALL BATCH SALES AGENT V,ROBERT BREWER,50000,,04/05/2019,KENTUCKY,19,,,https://www.youtube.com/watch?v=VqnJ4d270kQ&feature=youtu.be
Kentucky October Yearlings (2020),2020-10-29,1196,B,C,EMPIRE MAKER,BELLE ETE,SUMMER BIRD,GAINESWAY AGENT XXX,M.C. BLOODSTOCK,40000,,03/06/2019,KENTUCKY,5&6,,,https://vimeo.com/469908743
Kentucky October Yearlings (2020),2020-10-29,1197,B,F,EMPIRE MAKER,BELLESKI,POLISH NUMBERS,GAINESWAY AGENT I,DOWN NECK STABLE,155000,,04/21/2019,KENTUCKY,5&6,,,https://vimeo.com/471726817
Kentucky October Yearlings (2020),2020-10-29,1198,DKB,C,JAVA'S WAR,BELLE SOUL,PERFECT SOUL (IRE),PARAMOUNT SALES AGENT XIII,WILLIE CONCEPCION,18000,,02/20/2019,KENTUCKY,20,,,https://www.youtube.com/watch?v=eTeeEFE-Wj8&feature=youtu.be
Kentucky October Yearlings (2020),2020-10-29,1199,DKB,F,AMERICAN FREEDOM,BESPOKE,SONGANDAPRAYER,FORT CHRISTOPHER'S THOROUGHBREDS LLC AGENT,OUT,0,,03/13/2019,NEW YORK,19,,,
Kentucky October Yearlings (2020),2020-10-29,1200,CH,F,CENTRAL BANKER,BEST REWARD,GRAND REWARD,HUNTER VALLEY FARM AGENT,SCANLON TRAINING & SALES,25000,,04/05/2019,NEW YORK,9,,,
Kentucky October Yearlings (2020),2020-10-29,1201,B,F,RUNHAPPY,BETHAN,GIANT'S CAUSEWAY,BUCKLAND SALES (ZACH MADDEN) AGENT XII,KENNETH MCPEEK AGENT,25000,Y,04/10/2019,NEW YORK,20,,,https://youtu.be/ysnGXylVvJo
Kentucky October Yearlings (2020),2020-10-29,1202,CH,C,KANTHAROS,BETH'S BLING,CITY ZIP,HILL 'N' DALE SALES AGENCY AGENT,NOT SOLD,75000,,05/09/2019,ONTARIO,4,,,https://youtu.be/AlVf_YhfhWM
Kentucky October Yearlings (2020),2020-10-29,1203,B,C,TONALIST,BETTER BE BETTER,SMART STRIKE,LANE'S END AGENT,NOT SOLD,45000,,05/02/2019,KENTUCKY,1,,,https://youtu.be/prOpQAJ9W0g
Kentucky October Yearlings (2020),2020-10-29,1204,GRR,C,MIZZEN MAST,BETTYFROMTHEBLOCK,STREET BOSS,WARRENDALE SALES AGENT IX,NBS STABLE/JOHN BALLANTYNE,90000,,02/14/2019,KENTUCKY,21,,,https://vimeo.com/468889964
Kentucky October Yearlings (2020),2020-10-29,1205,CH,C,MOHAYMEN,BETTYNG ON LUCY,AWESOME AGAIN,SHAWHAN PLACE LLC AGENT IV,OUT,0,,05/07/2019,KENTUCKY,23,,,
Kentucky October Yearlings (2020),2020-10-29,1206,B,C,UPSTART,BETTY'S WISH,GOLD CASE,BLUEWATER SALES LLC AGENT XIV,BET RACING,40000,,04/26/2019,KENTUCKY,8,,,https://vimeo.com/470934627
Kentucky October Yearlings (2020),2020-10-29,1207,B,F,PRACTICAL JOKE,B G GOLDEN EAGLE,CORINTHIAN,BROOKDALE SALES AGENT,OUT,0,,01/22/2019,KENTUCKY,17,,,
Kentucky October Yearlings (2020),2020-10-29,1208,CH,C,SPEIGHTSTER,BIALY,DISTORTED HUMOR,LEGACY BLOODSTOCK AGENT XV,CHAMPION EQUINE LLC,37000,,06/09/2019,KENTUCKY,23,,,
Kentucky October Yearlings (2020),2020-10-29,1209,B,F,BLAME,BIKINI BEAUTY,BERNARDINI,INDIAN CREEK AGENT,THETA HOLDING I INC.,15000,,05/04/2019,KENTUCKY,2,,,https://vimeo.com/469232501
Kentucky October Yearlings (2020),2020-10-29,1210,B,F,ASTERN (AUS),BIORRA,SMOKE GLACKEN,WARRENDALE SALES AGENT VII,OUT,0,,03/18/2019,KENTUCKY,21,,,
Kentucky October Yearlings (2020),2020-10-29,1211,B,C,BRODY'S CAUSE,BLACKHAWK HONEY,MALABAR GOLD,LEDGELANDS LLC,NOT SOLD,27000,,04/07/2019,KENTUCKY,15,,,https://vimeo.com/469912260
Kentucky October Yearlings (2020),2020-10-29,1212,DKB,C,MR SPEAKER,BLACK TUNIC,STORMY ATLANTIC,TAYLOR MADE SALES AGENCY AGENT XXXVII,OUT,0,,04/18/2019,KENTUCKY,22&23,,,
Kentucky October Yearlings (2020),2020-10-29,1213,B,F,BRODY'S CAUSE,BLAZING BELLA,YONAGUSKA,VINERY SALES AGENT XLII,NOT SOLD,3700,,04/14/2019,KENTUCKY,22&23,,,
Kentucky October Yearlings (2020),2020-10-29,1214,DKB,C,HONOR CODE,BLOSSOMED,DEPUTY MINISTER,DENALI STUD AGENT XIX,OUT,0,,03/04/2019,KENTUCKY,1&2,,,
Kentucky October Yearlings (2020),2020-10-29,1215,DKB,C,PALACE MALICE,BLOSSOM POINT,RAHY,MACHMER HALL SALES AGENT X,Q BAR J THOROUGHBREDS,14000,,06/07/2019,KENTUCKY,5&6,,,https://vimeo.com/471350533
Kentucky October Yearlings (2020),2020-10-29,1216,CH,C,WILL TAKE CHARGE,BLOWING KISSES,VINDICATION,BETZ THOROUGHBREDS INC. AGENT,AVK BLOODSTOCK,35000,,05/10/2019,KENTUCKY,15,,,
Kentucky October Yearlings (2020),2020-10-29,1217,GRR,C,SHACKLEFORD,BLUE ANGEL EXPRESS,MARCIANO,STUART MORRIS AGENT IX,GRASSROOTS TRN & SALES LLC,25000,Y,03/22/2019,FLORIDA,21,,,
Kentucky October Yearlings (2020),2020-10-29,1218,B,C,EXAGGERATOR,BLUE HOLIDAY,CURE THE BLUES,SOUTH POINT SALES AGENCY AGENT XI,SHOOTING STAR SALES LLC AGENT,8000,,03/09/2019,NEW YORK,18,,,https://vimeo.com/471823431
Kentucky October Yearlings (2020),2020-10-29,1219,DKB,F,MUSKETIER (GER),BLUSH AGAIN,KITTEN'S JOY,VINERY SALES AGENT VIII,OUT,0,,04/21/2019,KENTUCKY,22&23,,,
Kentucky October Yearlings (2020),2020-10-29,1220,DKB,C,PIONEEROF THE NILE,BOBBIE USE,NOT FOR LOVE,BUCKLAND SALES (ZACH MADDEN) AGENT XII,NOT SOLD,45000,,03/07/2019,KENTUCKY,20,,,https://youtu.be/4EsoFod3KRY
Kentucky October Yearlings (2020),2020-10-29,1221,CH,F,FREUD,BOBBY'S BRICKHOUSE,BOB AND JOHN,VINERY SALES AGENT FOR LARRY BOTTING,NOT SOLD,5700,,05/10/2019,NEW YORK,22&23,,,
Kentucky October Yearlings (2020),2020-10-29,1222,DKB,F,HARD SPUN,BODE'S CHOICE,BODEMEISTER,PERRONE SALES LTD. AGENT,VERSATILE THOROUGHBREDS LLC,25000,,02/24/2019,KENTUCKY,13,,,
Kentucky October Yearlings (2020),2020-10-29,1223,B,C,MORNING LINE,BOGALUSA STRUT,BIRDSTONE,HURSTLAND FARM (ALFRED H. NUCKOLS JR.) AGENT II,ALTON E BROWN JR,1000,,03/28/2019,KENTUCKY,2,,,
Kentucky October Yearlings (2020),2020-10-29,1224,CH,F,ENGLISH CHANNEL,BOJOUR,BOB AND JOHN,ST GEORGE SALES AGENT IX,NOT SOLD,5000,,04/23/2019,KENTUCKY,10,,,https://vimeo.com/468950344
Kentucky October Yearlings (2020),2020-10-29,1225,DKB,C,CLASSIC EMPIRE,BOLD QUALITY,ELUSIVE QUALITY,WARRENDALE SALES AGENT XXX,SBM,140000,,03/16/2019,KENTUCKY,21,,,
Kentucky October Yearlings (2020),2020-10-29,1226,B,F,LIAISON,BOMBARDA,VICAR,WYNNSTAY SALES AGENT I,OUT,0,,03/10/2019,IOWA,7,,,
Kentucky October Yearlings (2020),2020-10-29,1227,B,F,INTO MISCHIEF,BONNE RAFAELA (BRZ),ELUSIVE QUALITY,DENALI STUD AGENT XXVIII,OUT,0,,02/07/2019,KENTUCKY,1&2,,,https://vimeo.com/467534136
Kentucky October Yearlings (2020),2020-10-29,1228,B,F,CANDY RIDE (ARG),BONNIE BLUE FLAG,MINESHAFT,TAYLOR MADE SALES AGENCY AGENT FOR AARON & MARIE JONES LLC,OUT,0,,04/15/2019,KENTUCKY,22&23,,,
Kentucky October Yearlings (2020),2020-10-29,1229,B,C,RUNHAPPY,BOOM BOOM BOOM,MORE THAN READY,INDIAN CREEK AGENT,K.O.I.D.,26000,,02/25/2019,NEW YORK,2,,,https://vimeo.com/471383015
Kentucky October Yearlings (2020),2020-10-29,1230,B,F,DIALED IN,BOSTONIAN CAT,TALE OF THE CAT,VINERY SALES AGENT XX,NOT SOLD,22000,,03/20/2019,KENTUCKY,22&23,,,
Kentucky October Yearlings (2020),2020-10-29,1231,GRR,F,FROSTED,BOSTON LADY,BOSTON HARBOR,FORT CHRISTOPHER'S THOROUGHBREDS LLC AGENT FOR KINGSPORT FARM LLC,Q BAR J THOROUGHBREDS,50000,,05/10/2019,NEW YORK,19,,,
Kentucky October Yearlings (2020),2020-10-29,1232,B,F,STORMY ATLANTIC,BOUDICEA'S REVENGE,WARRIOR'S REWARD,WAR HORSE PLACE LLC AGENT,KERN THOROUGHBREDS AGENT,27000,,02/06/2019,KENTUCKY,4,,,https://vimeo.com/470915275
Kentucky October Yearlings (2020),2020-10-29,1233,CH,C,KEEN ICE,BOURBONESQUE,DYNAFORMER,MACHMER HALL SALES AGENT XXV,OUT,0,,04/21/2019,KENTUCKY,5&6,,,https://vimeo.com/471350572
Kentucky October Yearlings (2020),2020-10-29,1234,B,C,BERNARDINI,BOURBONSTATEOFMIND,STREET SENSE,HIDDEN BROOK AGENT FOR WINTER CREEK FARM,JOHN BURKE,20000,,04/04/2019,NEW YORK,22,,,
Kentucky October Yearlings (2020),2020-10-29,1235,B,C,WAR CORRESPONDENT,BOX OFFICE QUEEN,PULPIT,MILL RIDGE SALES AGENT,BRAD SIMPSON STABLES,6000,,03/31/2019,KENTUCKY,11,,,https://www.youtube.com/watch?v=5zBd6WrDxwo&list=PLzgVBzdrTBXSogxbk19v0DjgHl6YGjKJS&index=9
Kentucky October Yearlings (2020),2020-10-29,1236,B,F,MALIBU MOON,BRANDY,UNBRIDLED'S SONG,FORT CHRISTOPHER'S THOROUGHBREDS LLC AGENT,OUT,0,,01/19/2019,KENTUCKY,19,,,
Kentucky October Yearlings (2020),2020-10-29,1237,DKB,C,WICKED STRONG,BRAVE BOCO,CRAFTY PROSPECTOR,MAINE CHANCE FARM (UNIVERSITY OF KENTUCKY),ALTON E BROWN JR,1000,,04/23/2019,KENTUCKY,19,,,
Kentucky October Yearlings (2020),2020-10-29,1238,DKB,F,TWIRLING CANDY,BREAKING PROMISES,BROKEN VOW,BROOKDALE SALES AGENT FOR NEW CAL STABLE,OUT,0,,05/17/2019,NEW YORK,17,,,
Kentucky October Yearlings (2020),2020-10-29,1239,CH,F,ALTERNATION,BREAKSHOT,LEMON DROP KID,FORBUSH FARM,NOT SOLD,4500,,05/23/2019,KENTUCKY,19,,,
Kentucky October Yearlings (2020),2020-10-29,1240,B,F,JACK MILTON,BREEZE BAYOU,PERFECT SOUL (IRE),POPE MCLEAN (CRESTWOOD FARM) AGENT I,NOT SOLD,7000,,04/12/2019,KENTUCKY,17,,,
Kentucky October Yearlings (2020),2020-10-29,1241,B,F,POINT OF ENTRY,BRENDA LEIGH,FOREST WILDCAT,BROOKDALE SALES AGENT FOR JACK SWAIN,DON FAUSTO RACING LLC,2000,,05/19/2019,KENTUCKY,17,,,
Kentucky October Yearlings (2020),2020-10-29,1242,CH,F,MAJESTIC CITY,BRILLIANT RESCUE,PURGE,HIDDEN BROOK AGENT III,JAGGER INC.,12000,,02/11/2019,NEW YORK,22,,,
Kentucky October Yearlings (2020),2020-10-29,1243,DKB,F,LORD NELSON,BRILLIANT ROO,ORIENTATE,LISA & TIM TURNEY AGENT II,PINNACLE RACING STABLE LLC,20000,,04/14/2019,KENTUCKY,11,,,https://youtu.be/KOaePe66Pps
Kentucky October Yearlings (2020),2020-10-29,1244,B,F,LANTANA MOB,BROAD,STEPHEN GOT EVEN,VINERY SALES AGENT X,NOT SOLD,6000,,03/14/2019,INDIANA,22&23,,,
Kentucky October Yearlings (2020),2020-10-29,1245,DKB,C,CURLIN,BROKEN SILENCE,BROKEN VOW,DENALI STUD AGENT XXIV,Q BAR J THOROUGHBREDS,100000,,02/26/2019,KENTUCKY,1&2,,,https://youtu.be/oqI_VslEdsM
Kentucky October Yearlings (2020),2020-10-29,1246,CH,F,CAN THE MAN,BRONTE'S MISS,THUNDER GULCH,BALLYSAX BLOODSTOCK AGENT IV,OUT,0,,03/26/2019,KENTUCKY,18,,,
Kentucky October Yearlings (2020),2020-10-29,1247,DKB,C,SHACKLEFORD,BUSY LISTENING,DEHERE,BEAU LANE BLOODSTOCK AGENT,OUT,0,,04/10/2019,KENTUCKY,16,,,
Kentucky October Yearlings (2020),2020-10-29,1248,CH,C,ALTERNATION,BUTTRESS,ARCH,MULHOLLAND SPRINGS AGENT I,CLARIBEL RAMIREZ,10000,,04/11/2019,KENTUCKY,14,,,
Kentucky October Yearlings (2020),2020-10-29,1249,DKB,C,CARPE DIEM,CABO QUEEN,MORE THAN READY,WARRENDALE SALES AGENT FOR STONESTREET BRED & RAISED,M.C. BLOODSTOCK,3000,,04/24/2019,KENTUCKY,21,,,
Kentucky October Yearlings (2020),2020-10-29,1250,CH,C,GUN RUNNER,CALAMITY KATE,YES IT'S TRUE,TAYLOR MADE SALES AGENCY AGENT XLVIII,USK RACING,40000,,04/03/2019,KENTUCKY,22&23,,,https://vimeo.com/468908682
Kentucky October Yearlings (2020),2020-10-29,1251,B,C,SUPER SAVER,CALIDEZ,SPRING AT LAST,LANE'S END AGENT,ALTON E BROWN JR,1000,,04/23/2019,KENTUCKY,1,,,
Kentucky October Yearlings (2020),2020-10-29,1252,B,F,AMERICAN PHAROAH,CALIFORNIA SPIRIT,TALE OF THE CAT,GAINESWAY AGENT XXXI,OUT,0,,03/24/2019,KENTUCKY,5&6,,,
Kentucky October Yearlings (2020),2020-10-29,1253,CH,F,CANDY RIDE (ARG),CALISTOGA,SPEIGHTSTOWN,LANE'S END AGENT,DOUBLE DIAMOND FARM,55000,,03/27/2019,KENTUCKY,1,,,https://youtu.be/TIHNr2iIJ9c
Kentucky October Yearlings (2020),2020-10-29,1254,B,F,MOHAYMEN,CALLE VISTA,PLEASANTLY PERFECT,FOUNDATIONS FARM,OUT,0,,03/26/2019,KENTUCKY,13,,,
Kentucky October Yearlings (2020),2020-10-29,1255,CH,C,SHACKLEFORD,CALLISTA,TAPIT,BUCKLAND SALES (ZACH MADDEN) AGENT,OUT,0,,02/28/2019,KENTUCKY,20,,,
Kentucky October Yearlings (2020),2020-10-29,1256,CH,C,BRODY'S CAUSE,CANDY D'ORO,JOHANNESBURG,FORT CHRISTOPHER'S THOROUGHBREDS LLC AGENT,SAFIRE STABLES,6000,Y,03/17/2019,NEW YORK,19,,,
Kentucky October Yearlings (2020),2020-10-29,1257,B,F,GOLDENCENTS,CANNONBALLCUPCAKE,LEMON DROP KID,VINERY SALES AGENT III,NOT SOLD,4000,,03/21/2019,KENTUCKY,22&23,,,
Kentucky October Yearlings (2020),2020-10-29,1258,B,F,MUCHO MACHO MAN,CAP,ARCH,BLAKE-ALBINA THOROUGHBRED SERVICES LLC AGENT II,NOT SOLD,17000,,03/14/2019,NEW YORK,11,,,
Kentucky October Yearlings (2020),2020-10-29,1259,B,C,KITTEN'S JOY,CARDINALLI,CAPOTE,RAMSEY FARM AGENT,NOT SOLD,10000,,05/07/2019,KENTUCKY,12,,,
Kentucky October Yearlings (2020),2020-10-29,1260,B,F,UPSTART,CAREER ORIENTED,CAT'S CAREER,BETZ THOROUGHBREDS INC. AGENT,D.J.R. AGENT,20000,,04/16/2019,KENTUCKY,15,,,
Kentucky October Yearlings (2020),2020-10-29,1261,DKB,C,CROSS TRAFFIC,CARMALETTA,CHIEF SEATTLE,GAINESWAY AGENT V,RACHID RACING WATERSHED AGT,2000,Y,03/20/2019,KENTUCKY,5&6,,,
Kentucky October Yearlings (2020),2020-10-29,1262,DKB,F,TAPITURE,CAROLINA SUNRISE,AWESOME AGAIN,EQUUS FARM (JERRY CUMMINS/PAUL ADAMS) AGENT I,NOT SOLD,19000,,04/08/2019,KENTUCKY,14,,,
Kentucky October Yearlings (2020),2020-10-29,1263,CH,C,LEA,CARRIE MY LOVE,MEADOWLAKE,VALKYRE STUD AGENT,LUIS QUEVEDO,3700,,03/29/2019,KENTUCKY,8,,,https://vimeo.com/469599465
Kentucky October Yearlings (2020),2020-10-29,1264,CH,C,FED BIZ,CARSONALITY,CARSON CITY,SCOTT MALLORY AGENT V,OUT,0,,05/02/2019,KENTUCKY,21,,,
Kentucky October Yearlings (2020),2020-10-29,1265,B,F,MASTERY,CASCABELLA,AFLEET ALEX,TAYLOR MADE SALES AGENCY AGENT XX,OUT,0,,04/02/2019,KENTUCKY,22&23,,,
Kentucky October Yearlings (2020),2020-10-29,1266,B,C,MACLEAN'S MUSIC,CASCADING,A.P. INDY,HILL 'N' DALE SALES AGENCY AGENT,CROMWELL BLOODSTOCK,60000,,04/27/2019,KENTUCKY,4,,,https://vimeo.com/471804374/f01064b61f
Kentucky October Yearlings (2020),2020-10-29,1267,B,C,SPEIGHTSTER,CASEYS IRISH PRIDE,SALT LAKE,ST GEORGE SALES AGENT XII,NOT SOLD,11000,,02/09/2019,KENTUCKY,10,,,
Kentucky October Yearlings (2020),2020-10-29,1268,CH,C,COMMISSIONER,CASHEW CAT,D. J. CAT,WESTBROOK STABLES LLC,DON NOLAN,5000,,01/21/2019,KENTUCKY,19,,,https://vimeo.com/472686679
Kentucky October Yearlings (2020),2020-10-29,1269,B,C,SHAKIN IT UP,CASH NO CREDIT,WEST BY WEST,VINERY SALES AGENT LIII,ALTON E BROWN JR,1000,,03/28/2019,KENTUCKY,22&23,,,
Kentucky October Yearlings (2020),2020-10-29,1270,DKB,F,FIRST SAMURAI,CASINO CALL,SKY MESA,SERENDIPITY FARM AGENT,NOT SOLD,28000,,04/14/2019,KENTUCKY,13,,,
Kentucky October Yearlings (2020),2020-10-29,1271,DKB,C,DIALED IN,CASINO FEVER,STORMIN FEVER,PARAMOUNT SALES AGENT XXXV,OUT,0,,05/07/2019,KENTUCKY,20,,,
Kentucky October Yearlings (2020),2020-10-29,1272,B,F,TONALIST,CASTANEA,HORSE CHESTNUT (SAF),BROOKDALE SALES AGENT,WAYNE BAKKE,1000,Y,03/24/2019,KENTUCKY,17,,,
Kentucky October Yearlings (2020),2020-10-29,1273,GRR,C,CREATIVE CAUSE,CASTING DIRECTOR,BERNARDINI,HIDDEN BROOK AGENT FOR BONNE CHANCE FARM LLC,OUT,0,,05/03/2019,KENTUCKY,22,,,
Kentucky October Yearlings (2020),2020-10-29,1274,CH,C,CALIFORNIA CHROME,CASTOR,MALIBU MOON,TAYLOR MADE SALES AGENCY AGENT XXXVIII,QRF,8000,,04/23/2019,ONTARIO,22&23,,,https://youtu.be/XMB8RNXXoYI
Kentucky October Yearlings (2020),2020-10-29,1275,CH,F,CURLIN,CATCH THE FLAG,A.P. INDY,ST GEORGE SALES AGENT XXVI,OUT,0,,02/19/2019,KENTUCKY,10,,,https://vimeo.com/471439522
Kentucky October Yearlings (2020),2020-10-29,1276,B,F,HONOR CODE,CATCH THE MOMENT,UNBRIDLED,TAYLOR MADE SALES AGENCY AGENT LII,OUT,0,,05/24/2019,KENTUCKY,22&23,,,
Kentucky October Yearlings (2020),2020-10-29,1277,DKB,C,CURLIN,CATCH THE THRILL,A.P. INDY,EATON SALES AGENT,OUT,0,,03/12/2019,KENTUCKY,7,,,
Kentucky October Yearlings (2020),2020-10-29,1278,DKB,C,RUNHAPPY,CAT DANCE,FOREST WILDCAT,BLUEWATER SALES LLC AGENT IX,MICHAEL A FOSTER,70000,,04/10/2019,KENTUCKY,8,,,https://vimeo.com/470934678
Kentucky October Yearlings (2020),2020-10-29,1279,B,C,GOLDENCENTS,CAT TEN,GREATNESS,SUMMERFIELD (FRANCIS & BARBARA VANLANGENDONCK) AGENT,JAMES R LAYDEN,6000,,02/04/2019,KENTUCKY,3,,,
Kentucky October Yearlings (2020),2020-10-29,1280,DKB,F,MR SPEAKER,CAT WALK,UNION RAGS,MULHOLLAND FARM,JOAH PEREZ,2700,,03/13/2019,KENTUCKY,18,,,
Kentucky October Yearlings (2020),2020-10-29,1281,DKB,F,CLASSIC EMPIRE,CAUY'S HUMOR,DISTORTED HUMOR,SUMMERFIELD (FRANCIS & BARBARA VANLANGENDONCK) AGENT FOR STONESTREET BRED & RAISED,JAY MCKEE,15000,,04/27/2019,KENTUCKY,3,,,
Kentucky October Yearlings (2020),2020-10-29,1282,B,C,KEEN ICE,CAVE IN,MINESHAFT,DARBY DAN FARM AGENT III,NOT SOLD,27000,,05/08/2019,KENTUCKY,16,,,
Kentucky October Yearlings (2020),2020-10-29,1283,B,F,CALEB'S POSSE,CAVETTO (GB),OASIS DREAM (GB),LEGACY BLOODSTOCK AGENT XXXI,OUT,0,,04/06/2019,KENTUCKY,23,,,
Kentucky October Yearlings (2020),2020-10-29,1284,GRR,F,MUNNINGS,CAYMANBIRD,UNCLE MO,WAR HORSE PLACE LLC AGENT I,OLIVIA ENTERPRISE,42000,,03/17/2019,KENTUCKY,4,,,https://vimeo.com/470915327
Kentucky October Yearlings (2020),2020-10-29,1285,B,F,AIR FORCE BLUE,CELESTIAL SMILE,TIZNOW,STUART MORRIS AGENT XII,OUT,0,,02/24/2019,KENTUCKY,21,,,
Kentucky October Yearlings (2020),2020-10-29,1286,B,C,TRAPPE SHOT,CELTIC ARCH,ARCH,CLAIBORNE FARM AGENT,CALUMET FARM,35000,,01/18/2019,PENNSYLVANIA,9,,,https://vimeo.com/470931304
Kentucky October Yearlings (2020),2020-10-29,1287,DKB,F,GORMLEY,CELTIC SUMMER,NORTHERN AFLEET,BILL MURPHY AGENT II,GRASSROOTS TRN & SALES LLC,2000,,02/16/2019,KENTUCKY,23,,,
Kentucky October Yearlings (2020),2020-10-29,1288,DKB,C,MIDNIGHT LUTE,CENTRAL MOVES,PICO CENTRAL (BRZ),HUNTER VALLEY FARM AGENT,MIKE TOMLINSON,2000,Y,03/10/2019,KENTUCKY,9,,,https://vimeo.com/470897671
Kentucky October Yearlings (2020),2020-10-29,1289,DKB,F,CAIRO PRINCE,CE SOIR,FREUD,STUART MORRIS AGENT,OUT,0,,03/05/2019,ARKANSAS,21,,,
Kentucky October Yearlings (2020),2020-10-29,1290,DKB,F,KEEN ICE,C'EST MOI,ESKENDEREYA,HIDDEN BROOK AGENT VII,OUT,0,,03/22/2019,KENTUCKY,22,,,
Kentucky October Yearlings (2020),2020-10-29,1291,B,C,TOURIST,CHAMPAGNE FOREVER (FR),MASTERCRAFTSMAN (IRE),BLUEWATER SALES LLC AGENT V,NOT SOLD,32000,,05/07/2019,KENTUCKY,8,,,https://vimeo.com/470934782
Kentucky October Yearlings (2020),2020-10-29,1292,DKB,C,UNION RAGS,CHAMPAGNE ICE,ROMAN RULER,WOODS EDGE FARM (PETER O'CALLAGHAN) AGENT,NOT SOLD,120000,,03/05/2019,KENTUCKY,11,,,https://vimeo.com/466860377
Kentucky October Yearlings (2020),2020-10-29,1293,DKB,C,GORMLEY,CHAMPAGNE THERAPY,FREUD,HUNTER VALLEY FARM AGENT,JUAN CENTENO,1500,Y,03/12/2019,NEW YORK,9,,,https://vimeo.com/469221969
Kentucky October Yearlings (2020),2020-10-29,1294,B,F,TAPITURE,CHANCE REVIEW,NOT FOR LOVE,VINERY SALES AGENT XVIII,GRASSROOTS TRN & SALES LLC,5000,,05/06/2019,KENTUCKY,22&23,,,
Kentucky October Yearlings (2020),2020-10-29,1295,GRR,F,OUTWORK,CHANEL NUMBER ONE,ENGLISH CHANNEL,NICKY DRION THOROUGHBREDS AGENT,TIMOTHY HACKERMAN,5000,,04/14/2019,KENTUCKY,15,,,https://vimeo.com/471167369
Kentucky October Yearlings (2020),2020-10-29,1296,GRR,C,HE'S HAD ENOUGH,CHANGING FORTUNES,CAPE BLANCO (IRE),STALLION VENTURES,NOT SOLD,23000,,02/14/2019,FLORIDA,18,,,
Kentucky October Yearlings (2020),2020-10-29,1297,DKB,F,MASTERY,CHAOTIC CAT,TALE OF THE CAT,BLUEWATER SALES LLC AGENT III,OUT,0,,04/09/2019,KENTUCKY,8,,,
Kentucky October Yearlings (2020),2020-10-29,1298,B,F,TIZNOW,CHAPARELLA,SERVICE STRIPE,DENALI STUD AGENT XXIX,JCM RACING,120000,,02/26/2019,KENTUCKY,1&2,,,https://youtu.be/Uudz8-gs6gM
Kentucky October Yearlings (2020),2020-10-29,1299,CH,F,OVERANALYZE,CHARLIE A,CURLIN,BROOKDALE SALES AGENT FOR CASA FARMS I LLC,NOT SOLD,4500,,02/11/2019,KENTUCKY,17,,,
Kentucky October Yearlings (2020),2020-10-29,1300,B,C,LOOKIN AT LUCKY,CHASETHEGOLD,TOUCH GOLD,TRACKSIDE FARM (TOM EVANS) AGENT FOR TENLANE FARM,TOM MCCROCKLIN,50000,,04/03/2019,KENTUCKY,19,,,https://vimeo.com/469741916
Kentucky October Yearlings (2020),2020-10-29,1301,DKB,C,UPSTART,CHASING THE MOON,FLOWER ALLEY,MACHMER HALL SALES AGENT FOR MACHMER HALL,MARCO MEDINA,7000,,03/06/2019,KENTUCKY,5&6,,,https://youtu.be/mS1Ir47XFZs
Kentucky October Yearlings (2020),2020-10-29,1302,B,C,SHACKLEFORD,CHECK UP,NORTHERN AFLEET,MACHMER HALL SALES AGENT III,OUT,0,,04/01/2019,MARYLAND,5&6,,,
Kentucky October Yearlings (2020),2020-10-29,1303,GRR,F,UPSTART,CHEERLEADER,FLASHY BULL,CLIFTON FARM AGENT,KENNETH MCPEEK AGENT,40000,,01/29/2019,KENTUCKY,12,,,
Kentucky October Yearlings (2020),2020-10-29,1304,B,F,MIDSHIPMAN,CHEROKEE CAUCUS,CHEROKEE RUN,HIDDEN BROOK AGENT II,OUT,0,,04/28/2019,KENTUCKY,22,,,
Kentucky October Yearlings (2020),2020-10-29,1305,B,F,NOT THIS TIME,CHERRY PICKER,CAPE BLANCO (IRE),BUCKLAND SALES (ZACH MADDEN) AGENT V,HUNTERTOWN FARM,2000,,01/12/2019,OKLAHOMA,20,,,https://youtu.be/exmVfkZYvV8
Kentucky October Yearlings (2020),2020-10-29,1306,DKB,F,CARPE DIEM,CHERRY POINT,POINT GIVEN,SHELTOWEE SALES AGENT,ME II RACING,1500,,03/27/2019,KENTUCKY,12,,,
Kentucky October Yearlings (2020),2020-10-29,1307,DKB,F,CONNECT,CHILD PLEASE,WAR FRONT,HIDDEN BROOK AGENT VI,NOT SOLD,14000,,01/20/2019,KENTUCKY,22,,,
Kentucky October Yearlings (2020),2020-10-29,1308,DKB,C,HARD SPUN,CHOCOLATE SMOOTHIE,GHOSTZAPPER,SALLY THOMAS AGENT,NOT SOLD,32000,,03/12/2019,KENTUCKY,20,,,https://vimeo.com/471804408/879a79290c
Kentucky October Yearlings (2020),2020-10-29,1309,B,F,LIAM'S MAP,CHOICE PLAY,VINDICATION,WARRENDALE SALES AGENT XXVI,LARRY MEJIAS,30000,,01/10/2019,KENTUCKY,21,,,https://vimeo.com/471216645
Kentucky October Yearlings (2020),2020-10-29,1310,GRR,F,NYQUIST,CHORALE,UNBRIDLED'S SONG,ST GEORGE SALES AGENT VI,OUT,0,,03/17/2019,KENTUCKY,10,,,
Kentucky October Yearlings (2020),2020-10-29,1311,DKB,C,ASTERN (AUS),CHORAL SYMPHONY,A.P. INDY,HILL 'N' DALE SALES AGENCY AGENT,GRADE I INVESTMENTS,15000,,03/26/2019,KENTUCKY,4,,,https://vimeo.com/471804449/54b1bb280d
Kentucky October Yearlings (2020),2020-10-29,1312,DKB,C,PERFECT TIMBER,CHRIS COVE TOWN,JERSEY TOWN,PARAMOUNT SALES AGENT XIII,NOT SOLD,1200,,04/02/2019,ONTARIO,20,,,https://www.youtube.com/watch?v=3b9aQ_WGJOg&feature=youtu.be
Kentucky October Yearlings (2020),2020-10-29,1313,CH,C,ANCHOR DOWN,CHURCH CAMP,FOREST CAMP,GAINESWAY AGENT XLI,JEFFREY MACKOR II AGENT FOR SPAN INVESTMENTS,10000,,05/01/2019,KENTUCKY,5&6,,,https://vimeo.com/471212555
Kentucky October Yearlings (2020),2020-10-29,1314,CH,C,EXAGGERATOR,CINCH,COWBOY CAL,VINERY SALES AGENT VII,DANTE ZANELLI AGENT FOR DONA LICHA STABLES,9000,,02/18/2019,KENTUCKY,22&23,,,https://vimeo.com/472749629
Kentucky October Yearlings (2020),2020-10-29,1315,B,F,CONSTITUTION,CINCO ZIPPY,CITY ZIP,KEITH LANCASTER,GRASSROOTS TRN & SALES LLC,20000,,04/29/2019,KENTUCKY,22,,,
Kentucky October Yearlings (2020),2020-10-29,1316,CH,F,CREATIVE CAUSE,CINNAMON LASS,CONDUIT (IRE),RUNNYMEDE FARM INC. AGENT,GRASSROOTS TRN & SALES LLC,9000,,02/24/2019,KENTUCKY,12,,,
Kentucky October Yearlings (2020),2020-10-29,1317,CH,F,MINESHAFT,CIOMARA,BROKEN VOW,INDIAN CREEK AGENT,MIKE G RUTHERFORD,17000,,02/26/2019,KENTUCKY,2,,,https://vimeo.com/469232534
Kentucky October Yearlings (2020),2020-10-29,1318,CH,F,CREATIVE CAUSE,CIRCUMSTANCE,VINDICATION,ST GEORGE SALES AGENT XXV,M BROTHERS,4000,,04/22/2019,KENTUCKY,10,,,
Kentucky October Yearlings (2020),2020-10-29,1319,B,C,JIMMY CREED,CLAIR DE LUNE,MALIBU MOON,SHELTOWEE SALES AGENT,NOT SOLD,23000,,02/05/2019,KENTUCKY,12,,,
Kentucky October Yearlings (2020),2020-10-29,1320,B,F,AMERICAN FREEDOM,CLARA KELLY,WAR FRONT,BALLYSAX BLOODSTOCK AGENT LLV,DBH AGENT,10000,,02/10/2019,KENTUCKY,18,,,
Kentucky October Yearlings (2020),2020-10-29,1322,B,C,CONNECT,CLASS E HOLIDAY,HARLAN'S HOLIDAY,MULHOLLAND SPRINGS AGENT,JOHN ENNIS AGENT,27000,,02/05/2019,KENTUCKY,14,,,
Kentucky October Yearlings (2020),2020-10-29,1323,DKB,C,MOHAYMEN,CLASSIC WEST,GONE WEST,BROOKDALE SALES AGENT,Q BAR J THOROUGHBREDS,95000,,04/12/2019,KENTUCKY,17,,,
Kentucky October Yearlings (2020),2020-10-29,1324,DKB,C,STAR GUITAR,CLASS INCLUDED,INCLUDE,BUCK POND FARM (DOUGLAS S. ARNOLD) AGENT,JOHN JULIA,8000,,02/27/2019,KENTUCKY,22,,,https://www.youtube.com/watch?v=lQmtO4-5at0
Kentucky October Yearlings (2020),2020-10-29,1325,DKB,F,AMERICAN FREEDOM,CLEAR DISTINCTION,STORM CAT,PARAMOUNT SALES AGENT XX,JAGGER INC.,4000,,03/03/2019,PENNSYLVANIA,20,,,
Kentucky October Yearlings (2020),2020-10-29,1326,B,C,PAYNTER,CLEAR MARCH,VINDICATION,SOUTH POINT SALES AGENCY AGENT I,ERVIN RODRIGUEZ,22000,,04/08/2019,KENTUCKY,18,,,https://vimeo.com/471699678
Kentucky October Yearlings (2020),2020-10-29,1327,CH,C,GUN RUNNER,CLEAR THE CLOUDS,GHOSTZAPPER,BURLESON FARMS AGENT,OUT,0,,01/27/2019,KENTUCKY,17,,,
Kentucky October Yearlings (2020),2020-10-29,1328,DKB,C,FED BIZ,CLEVER COOKIE,SMART STRIKE,BROOKDALE SALES AGENT,ELIAS DEL VAL,3000,,04/30/2019,KENTUCKY,17,,,
Kentucky October Yearlings (2020),2020-10-29,1329,B,F,CANDY RIDE (ARG),CLEVER GIRL,BIONDETTI,DENALI STUD AGENT IV,OUT,0,,02/10/2019,KENTUCKY,1&2,,,
Kentucky October Yearlings (2020),2020-10-29,1330,DKB,F,VANCOUVER (AUS),CLUAIN FHADA,FUSAICHI PEGASUS,SALLY THOMAS AGENT,FATHER AND SON,7000,,03/03/2019,KENTUCKY,20,,,https://vimeo.com/471804497/942b2b59d0
Kentucky October Yearlings (2020),2020-10-29,1331,CH,F,ALPHA,CNOCANDANCER (IRE),DANEHILL DANCER (IRE),BLAKE-ALBINA THOROUGHBRED SERVICES LLC AGENT II,LARRY MEJIAS,1500,,02/12/2019,NEW YORK,11,,,
Kentucky October Yearlings (2020),2020-10-29,1332,CH,C,TAMARKUZ,COBBLESTONE WAY,HORSE CHESTNUT (SAF),PARAMOUNT SALES AGENT XXX,DELIBES BLOODSTOCK,15000,,04/22/2019,KENTUCKY,20,,,https://youtu.be/7gX1epC8D0o
Kentucky October Yearlings (2020),2020-10-29,1333,GRR,C,FLASHBACK,COCO'S SWEETIE,TENPINS,PARAMOUNT SALES AGENT XX,ARIA FABIO,3000,,03/07/2019,KENTUCKY,20,,,
Kentucky October Yearlings (2020),2020-10-29,1334,B,F,UNION RAGS,COFACHIQUI,INDIAN CHARLIE,LANE'S END AGENT,NOT SOLD,120000,,04/28/2019,KENTUCKY,1,,,https://youtu.be/Rt1m8VfskwI
Kentucky October Yearlings (2020),2020-10-29,1335,B,C,AIR FORCE BLUE,COLLECT THE FEE,MENIFEE,HUNTER VALLEY FARM AGENT,DOMAL KEANE,7000,,03/26/2019,KENTUCKY,9,,,https://vimeo.com/467092182
Kentucky October Yearlings (2020),2020-10-29,1336,B,C,PRACTICAL JOKE,COLONEL DETTWILLER,COLONEL JOHN,WARRENDALE SALES AGENT XXVII,NOT SOLD,70000,,04/17/2019,KENTUCKY,21,,,https://vimeo.com/468784240/e030b7db45
Kentucky October Yearlings (2020),2020-10-29,1337,B,C,RUNHAPPY,COMANCHE STAR,SAINT BALLADO,ST GEORGE SALES AGENT XXIII,OUT,0,,04/13/2019,KENTUCKY,10,,,
Kentucky October Yearlings (2020),2020-10-29,1338,DKB,C,AMERICAN PHAROAH,COMBANCHERA,SEATTLE SLEW,PARAMOUNT SALES AGENT XXXIV,ROBERT WRIGHT,12000,,04/10/2019,KENTUCKY,20,,,https://vimeo.com/472517103
Kentucky October Yearlings (2020),2020-10-29,1339,CH,C,GHOSTZAPPER,CONGA BELLA,CONGAREE,PARAMOUNT SALES AGENT XXXIX,TOM MCCROCKLIN,60000,,04/10/2019,NEW YORK,20,,,https://vimeo.com/472517106
Kentucky October Yearlings (2020),2020-10-29,1340,DKB,C,CURLIN,CONQUERING,WAR FRONT,HILL 'N' DALE SALES AGENCY AGENT,SBM,60000,Y,05/07/2019,KENTUCKY,4,,,https://vimeo.com/471804545/269483e80a
Kentucky October Yearlings (2020),2020-10-29,1341,B,F,BAYERN,CONQUEST MISBEHAVE,INTO MISCHIEF,PAUL TACKETT,HUGH ROBERTSON/GREGORY IRWIN,25000,,04/12/2019,KENTUCKY,12,,,
Kentucky October Yearlings (2020),2020-10-29,1342,CH,F,FIRST SAMURAI,CONQUEST SUPERSTEP,SUPER SAVER,INDIAN CREEK AGENT,CROMWELL BLOODSTOCK,70000,,01/24/2019,KENTUCKY,2,,,https://vimeo.com/469232554
Kentucky October Yearlings (2020),2020-10-29,1343,B,C,PALACE MALICE,CONTENTIOUS,GIANT'S CAUSEWAY,DENALI STUD AGENT IX,RAYMIE LIGHTNER AGENT FOR MIKE NENTWIG,28000,,04/12/2019,KENTUCKY,1&2,,,https://www.youtube.com/watch?v=f-DC7A1K7Ck&feature=youtu.be
Kentucky October Yearlings (2020),2020-10-29,1344,CH,C,STREET BOSS,COOL JAZZ,HENNY HUGHES,HERMITAGE FARM AGENT,ROCKER O RANCH,37000,,02/05/2019,KENTUCKY,22,,,https://vimeo.com/showcase/7670686/video/467955376
Kentucky October Yearlings (2020),2020-10-29,1345,CH,C,CLASSIC EMPIRE,COOL RUNNER,DECLARATION OF WAR,BACCARI BLOODSTOCK LLC AGENT I,KM RACING ENTERPRISE INC. NICK J HINES AGENT,45000,,03/15/2019,KENTUCKY,3,,,https://vimeo.com/473017195
Kentucky October Yearlings (2020),2020-10-29,1346,B,C,TOM'S READY,CORFE CASTLE,WINDSOR CASTLE,BROOKDALE SALES AGENT,OUT,0,,04/12/2019,KENTUCKY,17,,,
Kentucky October Yearlings (2020),2020-10-29,1347,B,F,INCLUDE,CORI ELLA,WELL NOTED,POPE MCLEAN (CRESTWOOD FARM) AGENT III,OUT,0,,05/04/2019,KENTUCKY,17,,,
Kentucky October Yearlings (2020),2020-10-29,1348,B,C,LANTANA MOB,CORONADO CROWN,HENNY HUGHES,LEGACY BLOODSTOCK AGENT FOR JUSTICE FARM,ROBERT BREWER,7200,,04/05/2019,INDIANA,23,,,
Kentucky October Yearlings (2020),2020-10-29,1349,DKB,C,KARAKONTIE (JPN),COSTELA,ANY GIVEN SATURDAY,MILESTONE FARM,NOT SOLD,8000,,03/20/2019,KENTUCKY,15,,,
Kentucky October Yearlings (2020),2020-10-29,1350,B,F,AMERICAN FREEDOM,COULEE,VICAR,SCOTT MALLORY AGENT FOR SEA JAY FARM,CHRISTY (K.O.I.D.),17000,,01/17/2019,KENTUCKY,21,,,
Kentucky October Yearlings (2020),2020-10-29,1351,B,C,ORB,COUNTESS THEODORA,MORE THAN READY,THREAVE MAIN STUD LLC AGENT,ROY COFFEY,5000,,04/12/2019,KENTUCKY,15,,,
Kentucky October Yearlings (2020),2020-10-29,1352,B,C,OVERANALYZE,COUNT TO ELEVEN,GRAND SLAM,MULHOLLAND SPRINGS AGENT VI,OUT,0,,03/24/2019,KENTUCKY,14,,,
Kentucky October Yearlings (2020),2020-10-29,1353,DKB,F,PIONEEROF THE NILE,COUNT TO THREE,RED RANSOM,SOUTH POINT SALES AGENCY AGENT,SHANNONDOE FARM,85000,,04/20/2019,ONTARIO,18,,,https://vimeo.com/471823398
Kentucky October Yearlings (2020),2020-10-29,1354,CH,F,TONALIST,COURT APPEAL,CANDY RIDE (ARG),STUART MORRIS AGENT XVII,NOT SOLD,57000,,02/21/2019,KENTUCKY,21,,,
Kentucky October Yearlings (2020),2020-10-29,1355,B,C,INTO MISCHIEF,COY CAT,HOLD THAT TIGER,BACCARI BLOODSTOCK LLC AGENT IV,NOT SOLD,290000,,03/31/2019,KENTUCKY,3,,,https://vimeo.com/471697465
Kentucky October Yearlings (2020),2020-10-29,1356,B,C,STREET BOSS,COZAPPA,GHOSTZAPPER,BURLESON FARMS AGENT,DORIS E TUMMILLO,1000,,04/13/2019,KENTUCKY,17,,,
Kentucky October Yearlings (2020),2020-10-29,1357,GRR,F,CROSS TRAFFIC,COZY CABIN,FOREST CAMP,BRANDYWINE FARM (JIM & PAM ROBINSON),DOUBLE O RACING,8000,,05/16/2019,KENTUCKY,15,,,
Kentucky October Yearlings (2020),2020-10-29,1358,CH,C,OVERANALYZE,CRAB KEY,CANDY RIDE (ARG),GAINESWAY AGENT XLIII,THOMPSON RACING LLC,2000,,03/19/2019,KENTUCKY,5&6,,,
Kentucky October Yearlings (2020),2020-10-29,1359,CH,C,DAREDEVIL,CREATIVE BLISS,CREATIVE,RICKY HIGGS AGENT,NOT SOLD,1500,,03/07/2019,MINNESOTA,12,,,
Kentucky October Yearlings (2020),2020-10-29,1360,B,C,TEXAS RED,CREDENTIAL,VALID APPEAL,BRANDYWINE FARM (JIM & PAM ROBINSON),WHITNEY BICKNELL,2000,,05/12/2019,KENTUCKY,15,,,
Kentucky October Yearlings (2020),2020-10-29,1361,B,F,RUNHAPPY,CRESPANO,MINESHAFT,PARAMOUNT SALES AGENT XIV,OUT,0,,03/24/2019,KENTUCKY,20,,,
Kentucky October Yearlings (2020),2020-10-29,1362,B,C,HONOR CODE,CRIMSON MAPLE,RAHY,MILL RIDGE SALES AGENT,OUT,0,,03/04/2019,KENTUCKY,11,,,https://www.youtube.com/watch?v=OsN_Ehmp8qY&list=PLzgVBzdrTBXSogxbk19v0DjgHl6YGjKJS&index=11
Kentucky October Yearlings (2020),2020-10-29,1363,B,C,CUPID,CRIMSON SPIRE,GONE WEST,CLIFTON FARM AGENT FOR DNACE THOROUGHBRED LTD,DJURIC SPORTHORSES,6000,,04/22/2019,IOWA,12,,,
Kentucky October Yearlings (2020),2020-10-29,1364,CH,C,TAPITURE,CROCODILE TUFF,PETIONVILLE,POPE MCLEAN (CRESTWOOD FARM) AGENT,ALEJANDRO CONTRERAS,1000,,03/04/2019,KENTUCKY,17,,,
Kentucky October Yearlings (2020),2020-10-29,1365,B,C,SUPER SAVER,CROOKED STICK,BLAME,BROOKDALE SALES AGENT,DANTE ZANELLI AGENT,3000,,03/13/2019,KENTUCKY,17,,,
Kentucky October Yearlings (2020),2020-10-29,1366,DKB,F,MSHAWISH,CROSS STREET,LOOKIN AT LUCKY,PARAMOUNT SALES AGENT XIX,OUT,0,,03/16/2019,KENTUCKY,20,,,
Kentucky October Yearlings (2020),2020-10-29,1367,B,C,CLASSIC EMPIRE,CROWNING MOMENT,GIANT'S CAUSEWAY,HUNTER VALLEY FARM AGENT,OUT,0,,03/13/2019,INDIANA,9,,,
Kentucky October Yearlings (2020),2020-10-29,1368,DKB,F,TONALIST,CRUZETTE,WAR PASS,EQUUS FARM (JERRY CUMMINS/PAUL ADAMS) AGENT I,CHRIS MELTON,15000,,05/06/2019,KENTUCKY,14,,,
Kentucky October Yearlings (2020),2020-10-29,1369,CH,C,WICKED STRONG,CULPEPPER ISLAND,SWAIN (IRE),MAINE CHANCE FARM (UNIVERSITY OF KENTUCKY),TRAVIS DURR,5000,,03/27/2019,KENTUCKY,19,,,
Kentucky October Yearlings (2020),2020-10-29,1370,DKB,F,AMERICAN FREEDOM,CURIAE,TWIRLING CANDY,PARAMOUNT SALES AGENT XX,DORIS E TUMMILLO,1000,,02/11/2019,KENTUCKY,20,,,
Kentucky October Yearlings (2020),2020-10-29,1371,CH,C,TEXAS RED,CURIOUS CONUNDRUM,HARLAN,TRACKVIEW FARM AGENT,TONJA TERRANOVA AGENT,10000,,04/28/2019,KENTUCKY,15,,,
Kentucky October Yearlings (2020),2020-10-29,1372,B,F,EMPIRE MAKER,CURLIN'S MISTRESS,CURLIN,GAINESWAY AGENT XVIII,X-MEN RACING LLC,200000,,03/11/2019,FLORIDA,5&6,,,
Kentucky October Yearlings (2020),2020-10-29,1373,GRR,F,CUPID,CURTAIN CALL,CONGRATS,MOREAU BLOODSTOCK INT'L INC,MARC TACHER,14000,,02/10/2019,KENTUCKY,15,,,
Kentucky October Yearlings (2020),2020-10-29,1374,GRR,C,CREATIVE CAUSE,CURVYMISSMILLER,ARCH,BROOKDALE SALES AGENT,PRO SELECTION STABLE,25000,,03/05/2019,KENTUCKY,17,,,
Kentucky October Yearlings (2020),2020-10-29,1375,DKB,F,GOLDENCENTS,CUTIE GIRL,CANADIAN FRONTIER,DOUBLE R CONSIGNMENT,JOSE J AVALOS,5000,,04/15/2019,KENTUCKY,16,,,
Kentucky October Yearlings (2020),2020-10-29,1376,GRR,F,CAIRO PRINCE,CYNISCA,MUNNINGS,BURLESON FARMS AGENT,ALISTAIR RODEN AGENT,27000,,04/11/2019,VIRGINIA,17,,,
Kentucky October Yearlings (2020),2020-10-29,1377,GRR,C,CAIRO PRINCE,DAISYAGO,AFFIRMED,KATIERICH FARMS,NOT SOLD,9000,,05/13/2019,KENTUCKY,12,,,
Kentucky October Yearlings (2020),2020-10-29,1378,B,F,CAIRO PRINCE,DAISY MASON,ORIENTATE,BRERETON C. JONES/AIRDRIE STUD INC. AGENT,OUT,0,,04/12/2019,KENTUCKY,3,,,
Kentucky October Yearlings (2020),2020-10-29,1379,B,F,UNCLE MO,DAISY MILLER (GB),SMART STRIKE,FOUR STAR SALES AGENT,OUT,0,,04/03/2019,KENTUCKY,16,,,https://youtu.be/euXGGH8ooSo
Kentucky October Yearlings (2020),2020-10-29,1380,CH,C,IRON FIST,DAKOTA WIND,TIZNOW,EATON SALES AGENT FOR RELENTLESS RACING LLC & RELIABLE RACING LLC,P MILLER EQB INC. AGENT,23000,,03/06/2019,LOUISIANA,7,,,https://vimeo.com/471457533
Kentucky October Yearlings (2020),2020-10-29,1381,CH,C,V. E. DAY,DAME'S CAUSE,NIAGARA CAUSEWAY,BUCK POND FARM (DOUGLAS S. ARNOLD) AGENT,DOUGLAS S ARNOLD AGENT,1000,,05/02/2019,KENTUCKY,22,,,https://youtu.be/JXxtMm48NUA
Kentucky October Yearlings (2020),2020-10-29,1382,B,C,CARPE DIEM,DANCE ALEXA,SOUTHERN HALO,MAPLE RUN SOUTH AGENT FOR JESUS MONCADA,DOUBLE O RACING,8000,,05/11/2019,KENTUCKY,13,,,
Kentucky October Yearlings (2020),2020-10-29,1383,B,C,SKY KINGDOM,DANCERS CARD,WOODMAN,SCOTT MALLORY AGENT VII,LARRY MEJIAS,2000,,05/14/2019,KENTUCKY,21,,,
Kentucky October Yearlings (2020),2020-10-29,1384,B,C,CONGRATS,DANCING DREAMS,BIRDSTONE,BLUEWATER SALES LLC AGENT VI,EXPOLINE CO LTD,16000,,02/10/2019,KENTUCKY,8,,,https://vimeo.com/471683981
Kentucky October Yearlings (2020),2020-10-29,1385,GRR,C,CLASSIC EMPIRE,DANCINGINHERDREAMS,TAPIT,DARBY DAN FARM AGENT I,WATERSHED EQUINE,1000,,02/19/2019,KENTUCKY,16,,,
Kentucky October Yearlings (2020),2020-10-29,1386,B,C,BODEMEISTER,DANDEE'S WARRIOR,MAJESTIC WARRIOR,LEGACY BLOODSTOCK AGENT III,OUT,0,,02/16/2019,MINNESOTA,23,,,
Kentucky October Yearlings (2020),2020-10-29,1387,B,C,DECLARATION OF WAR,DARBY BLUSH,ARCH,HIDDEN BROOK AGENT FOR WINTER CREEK FARM,ERIC ANTONIO DELVALLE,100000,,03/08/2019,KENTUCKY,22,,,
Kentucky October Yearlings (2020),2020-10-29,1388,B,F,AMERICAN FREEDOM,DARING REALITY,INCLUDE,GAINESWAY AGENT XVII,OUT,0,,02/25/2019,KENTUCKY,5&6,,,
Kentucky October Yearlings (2020),2020-10-29,1389,DKB,C,CREATIVE CAUSE,DARLING SKY,SKY MESA,WARRENDALE SALES AGENT XIX,BET RACING,100000,,04/04/2019,KENTUCKY,21,,,
Kentucky October Yearlings (2020),2020-10-29,1390,B,C,EMPIRE MAKER,DARYANNA,FRIENDS LAKE,BACCARI BLOODSTOCK LLC AGENT II,OUT,0,,05/03/2019,KENTUCKY,3,,,
Kentucky October Yearlings (2020),2020-10-29,1391,B,F,MIDSHIPMAN,DAZZLE,TWIRLING CANDY,BROOKDALE SALES AGENT FOR JACK SWAIN,HABU LLC,3500,,04/02/2019,KENTUCKY,17,,,
Kentucky October Yearlings (2020),2020-10-29,1392,DKB,C,NOT THIS TIME,DEACONESS BONNIE,PULPIT,BETZ THOROUGHBREDS INC. AGENT,GARY BROAD/WALMAC FARMS,45000,,03/09/2019,KENTUCKY,15,,,
Kentucky October Yearlings (2020),2020-10-29,1393,B,C,TONALIST,DEAL OF THE DECADE,TIZNOW,VINERY SALES AGENT V,RANCHO LAS ARENAS,3000,,02/23/2019,KENTUCKY,22&23,,,https://vimeo.com/471433970
Kentucky October Yearlings (2020),2020-10-29,1394,DKB,C,OVERANALYZE,DEBASE THE DOLLAR,MALIBU MOON,NARDELLI SALES AGENT I,EXPOLINE CO LTD,10000,,02/14/2019,KENTUCKY,5,,,https://youtu.be/JqS1ROoZp1o
Kentucky October Yearlings (2020),2020-10-29,1395,B,F,LAOBAN,DE BELLE,DEHERE,BLAKE-ALBINA THOROUGHBRED SERVICES LLC AGENT III,ORACLE BLOODSTOCK AGENT,30000,,04/09/2019,NEW YORK,11,,,
Kentucky October Yearlings (2020),2020-10-29,1396,B,F,PROTONICO,DEESADIVA,HARRY THE HAT,SIERRA FRIA FARM,DON FAUSTO RACING LLC,4000,,04/13/2019,KENTUCKY,11,,,
Kentucky October Yearlings (2020),2020-10-29,1397,GRR,C,CUPID,DEFINING HOPE,STRONG HOPE,SUMMERFIELD (FRANCIS & BARBARA VANLANGENDONCK) AGENT,OUT,0,,02/11/2019,KENTUCKY,3,,,
Kentucky October Yearlings (2020),2020-10-29,1398,B,C,CLASSIC EMPIRE,DELAY OF GAME,BERNARDINI,ST GEORGE SALES AGENT XVIII,MIKE RYAN AGENT,310000,,04/10/2019,NEW YORK,10,,,https://youtu.be/xAYup8GSuvg
Kentucky October Yearlings (2020),2020-10-29,1399,B,C,BLAME,DELIGHTFUL,BERNARDINI,GAINESWAY AGENT VI,M.C. BLOODSTOCK,47000,,05/19/2019,KENTUCKY,5&6,,,
Kentucky October Yearlings (2020),2020-10-29,1400,B,C,MOSLER,DELIGHTFUL DAWN,ACT OF DUTY,STUART MORRIS AGENT FOR BARAK FARM,COUNTRY LIFE FARM AGENT,15000,Y,04/27/2019,MARYLAND,21,,,
Kentucky October Yearlings (2020),2020-10-29,1401,B,F,CANDY RIDE (ARG),DELIGHTFUL MELODY,TAPIT,DARBY DAN FARM AGENT I,DARK STAR THOROUGHBREDS,7000,,05/08/2019,KENTUCKY,16,,,
Kentucky October Yearlings (2020),2020-10-29,1402,DKB,C,TWIRLING CANDY,DELTA HOUSE,ANIMAL KINGDOM,SCOTT MALLORY AGENT XIII,OUT,0,,03/10/2019,FLORIDA,21,,,
Kentucky October Yearlings (2020),2020-10-29,1403,B,C,BAL A BALI (BRZ),DENE COURT,CITY ZIP,LEGACY BLOODSTOCK AGENT XXI,HOPPEL'S HORSE & CATTLE,30000,,05/02/2019,KENTUCKY,23,,,https://vimeo.com/472516759
Kentucky October Yearlings (2020),2020-10-29,1404,CH,C,CONSTITUTION,DEPUTY CURES BLUES,WAR DEPUTY,FORT CHRISTOPHER'S THOROUGHBREDS LLC AGENT,OUT,0,,05/26/2019,NEW YORK,19,,,
Kentucky October Yearlings (2020),2020-10-29,1405,DKB,F,MISSION IMPAZIBLE,DEPUTY REALITY,DEPUTY MINISTER,TAYLOR MADE SALES AGENCY AGENT LIII,OUT,0,,05/23/2019,NEW YORK,22&23,,,
Kentucky October Yearlings (2020),2020-10-29,1406,B,C,UNION RAGS,DERBY EVE,TIZNOW,TAYLOR MADE SALES AGENCY AGENT LVII,NOT SOLD,14000,,03/02/2019,KENTUCKY,22&23,,,https://youtu.be/VFp9IX6c4LA
Kentucky October Yearlings (2020),2020-10-29,1407,DKB,F,BAL A BALI (BRZ),DESERT FANTASY (GB),OASIS DREAM (GB),4M RANCH AGENT,OUT,0,,04/15/2019,LOUISIANA,13,,,
Kentucky October Yearlings (2020),2020-10-29,1408,DKB,F,PIONEEROF THE NILE,DESERT ILLUSION,SKY MESA,DENALI STUD AGENT XXII,HIDDEN BROOK AGENT,40000,,04/19/2019,KENTUCKY,1&2,,,https://vimeo.com/470539494
Kentucky October Yearlings (2020),2020-10-29,1409,CH,C,ELUSIVE BLUFF,DESERT RECON,OUTFLANKER,PARAMOUNT SALES AGENT FOR JUSTICE FARM,NOT SOLD,6200,,03/21/2019,INDIANA,20,,,
Kentucky October Yearlings (2020),2020-10-29,1410,B,C,COMMISSIONER,DESNUDA,UNBRIDLED'S SONG,BURLESON FARMS AGENT,JOHN ENNIS AGENT,3700,,04/16/2019,KENTUCKY,17,,,
Kentucky October Yearlings (2020),2020-10-29,1411,CH,F,FED BIZ,DEVILISH DISPUTE,DIABOLICAL,LANE'S END AGENT,ME II RACING & JOSHUA FRYMAN,5000,,04/22/2019,OHIO,1,,,
Kentucky October Yearlings (2020),2020-10-29,1412,B,C,QUALITY ROAD,DEVIOUS INTENT,DIXIE UNION,DENALI STUD AGENT FOR STONESTREET BRED & RAISED,OUT,0,,05/18/2019,KENTUCKY,1&2,,,
Kentucky October Yearlings (2020),2020-10-29,1413,B,C,LAOBAN,DIAMOND DONA,BERNARDINI,BLUEWATER SALES LLC AGENT X,CYPRESS CREEK LLC,75000,,04/13/2019,KENTUCKY,8,,,https://vimeo.com/470934933
Kentucky October Yearlings (2020),2020-10-29,1414,CH,C,GET STORMY,DIFFERENTIATE,INCLUDE,LEGACY BLOODSTOCK AGENT XVI,NOT SOLD,19000,,03/12/2019,KENTUCKY,23,,,https://vimeo.com/472516786
Kentucky October Yearlings (2020),2020-10-29,1415,B,C,SPEIGHTSTER,DILLINGHAM,PLEASANT TAP,SALLY THOMAS AGENT,NOT SOLD,19000,,03/06/2019,PENNSYLVANIA,20,,,https://vimeo.com/471804587/766132a9da
Kentucky October Yearlings (2020),2020-10-29,1416,CH,F,KANTHAROS,DINA GOLD,SEEKING THE GOLD,PARAMOUNT SALES AGENT XXXVI,TARI BROCKLEBANK,20000,,05/03/2019,KENTUCKY,20,,,https://vimeo.com/470939808
Kentucky October Yearlings (2020),2020-10-29,1417,GRR,C,CONSTITUTION,DIPLOMACY,COZZENE,PARAMOUNT SALES AGENT XLI,PEWTER STABLE LLC,40000,Y,04/04/2019,NEW YORK,20,,,
Kentucky October Yearlings (2020),2020-10-29,1418,DKB,F,CAIRO PRINCE,DIPLOMAT LADY,FORESTRY,BLUEWATER SALES LLC AGENT X,OUT,0,,05/23/2019,KENTUCKY,8,,,
Kentucky October Yearlings (2020),2020-10-29,1419,B,F,EMPIRE MAKER,DISCOVERY BAY,SPEIGHTSTOWN,GAINESWAY AGENT XV,OUT,0,,04/09/2019,KENTUCKY,5&6,,,
Kentucky October Yearlings (2020),2020-10-29,1420,DKB,F,OVERANALYZE,DISCREET WOMAN,DISCREET CAT,PERRONE SALES LTD. AGENT FOR APACHE FARM LLC,ALEJANDRO CONTRERAS,1500,,04/17/2019,NEW YORK,13,,,
Kentucky October Yearlings (2020),2020-10-29,1421,B,F,NOT THIS TIME,DISTANT ROAR,STORM CAT,TAYLOR MADE SALES AGENCY AGENT XLV,TARI BROCKLEBANK,22000,,04/02/2019,KENTUCKY,22&23,,,https://youtu.be/NRtyZwa5d7I
Kentucky October Yearlings (2020),2020-10-29,1422,DKB,F,CONSTITUTION,DISTINCT SPARKLE,WITH DISTINCTION,BLUEWATER SALES LLC AGENT IV,SHEPHERD EQUINE ADVISORS AGT FOR SANDERS & HIRSCH,200000,,04/13/2019,PENNSYLVANIA,8,,,https://vimeo.com/471684003
Kentucky October Yearlings (2020),2020-10-29,1423,B,F,UNION RAGS,DISTORTED LIES,SMART STRIKE,LANE'S END AGENT,KIM M VALERIO AGENT,75000,Y,03/30/2019,KENTUCKY,1,,,https://youtu.be/6euRysJnVsU
Kentucky October Yearlings (2020),2020-10-29,1424,CH,F,ANCHOR DOWN,DIVA FROM DIXIE,DIXIELAND BAND,SUMMERFIELD (FRANCIS & BARBARA VANLANGENDONCK) AGENT,OUT,0,,03/22/2019,KENTUCKY,3,,,
Kentucky October Yearlings (2020),2020-10-29,1425,DKB,F,BAYERN,DIVA'S SEASTAR,BROKEN VOW,DENALI STUD AGENT XII,K.O.I.D.,15000,,04/27/2019,KENTUCKY,1&2,,,
Kentucky October Yearlings (2020),2020-10-29,1426,CH,C,CANDY RIDE (ARG),DIVERGENT VIEW,CONGRATS,MACHMER HALL SALES AGENT FOR MACHMER HALL & D&J RACING,OUT,0,,03/23/2019,KENTUCKY,5&6,,,
Kentucky October Yearlings (2020),2020-10-29,1427,B,C,CAIRO PRINCE,DIVINE BEAUTY,DIVINE PARK,BRERETON C. JONES/AIRDRIE STUD INC. AGENT,MIKE RYAN AGENT,130000,,04/18/2019,KENTUCKY,3,,,https://vimeo.com/471479065
Kentucky October Yearlings (2020),2020-10-29,1428,B,F,RUNHAPPY,DIXIE SONG,FUSAICHI PEGASUS,BRANDYWINE FARM (JIM & PAM ROBINSON) & PARKER PLACE BREEDING,OUT,0,,04/23/2019,KENTUCKY,15,,,
Kentucky October Yearlings (2020),2020-10-29,1429,GRR,C,ANCHOR DOWN,DIXIE SUE,DIXIELAND BAND,EATON SALES AGENT FOR MICHAEL MARTIN LLC,ROBERT MUNS SOSA,7500,,03/11/2019,LOUISIANA,7,,,https://vimeo.com/471457535
Kentucky October Yearlings (2020),2020-10-29,1430,DKB,C,NYQUIST,DIXIETWOSTEPPER,MORE THAN READY,BLAKE-ALBINA THOROUGHBRED SERVICES LLC AGENT II,NOT SOLD,95000,,03/10/2019,KENTUCKY,11,,,
Kentucky October Yearlings (2020),2020-10-29,1431,CH,F,MORE THAN READY,DIZA,EMPIRE MAKER,BROOKDALE SALES AGENT,OUT,0,,03/06/2019,KENTUCKY,17,,,
Kentucky October Yearlings (2020),2020-10-29,1432,B,F,EMPIRE MAKER,DOE,FORESTRY,GAINESWAY AGENT X,THETA HOLDING I INC.,24000,,05/09/2019,KENTUCKY,5&6,,,
Kentucky October Yearlings (2020),2020-10-29,1433,B,C,QUALITY ROAD,DOINGHARDTIMEAGAIN,MINISTERS WILD CAT,DENALI STUD AGENT XXI,OUT,0,,04/30/2019,KENTUCKY,1&2,,,
Kentucky October Yearlings (2020),2020-10-29,1434,B,F,SPEIGHTSTER,DONNATALE,TALE OF THE CAT,SERENDIPITY FARM AGENT I,TONJA TERRANOVA AGENT,55000,,05/14/2019,KENTUCKY,13,,,
Kentucky October Yearlings (2020),2020-10-29,1435,CH,F,GORMLEY,DOUBLESHOT OF GOLD,TOUCH GOLD,SALLY THOMAS AGENT,KENNETH MCPEEK AGENT,17000,,02/13/2019,KENTUCKY,20,,,https://vimeo.com/471804638/bb5fc30428
Kentucky October Yearlings (2020),2020-10-29,1436,DKB,F,FED BIZ,DOWNTOWN DRIFTER,DEVIL HIS DUE,MAPLE RUN SOUTH AGENT FOR JESUS MONCADA,NOT SOLD,1000,,05/29/2019,KENTUCKY,13,,,
Kentucky October Yearlings (2020),2020-10-29,1437,B,C,MORE THAN READY,DREAMING AS ALWAYS,BROKEN VOW,MILL RIDGE SALES AGENT,OUT,0,,04/15/2019,KENTUCKY,11,,,
Kentucky October Yearlings (2020),2020-10-29,1438,B,F,EL DEAL,DREAMING OF SUSIE,COWTOWN CAT,MJK BLOODSTOCK AGENT,TARI BROCKLEBANK,35000,,05/15/2019,LOUISIANA,22,,,https://www.youtube.com/watch?v=cKIeBQz7KEc
Kentucky October Yearlings (2020),2020-10-29,1439,CH,F,GORMLEY,DREAM OUT LOUD,STRAVINSKY,VINERY SALES AGENT LIII,BIG OAK FARM,1200,,03/30/2019,KENTUCKY,22&23,,,
Kentucky October Yearlings (2020),2020-10-29,1440,B,C,FROSTED,DREAM STREET,TALE OF THE CAT,ST GEORGE SALES AGENT XV,JAMES SPICER,4000,,05/05/2019,KENTUCKY,10,,,
Kentucky October Yearlings (2020),2020-10-29,1441,B,F,TIZNOW,DRESS THE PART,MALIBU MOON,MILL RIDGE SALES AGENT,OUT,0,,01/31/2019,KENTUCKY,11,,,https://www.youtube.com/watch?v=2DZzbxutgOU&list=PLzgVBzdrTBXSogxbk19v0DjgHl6YGjKJS&index=8
Kentucky October Yearlings (2020),2020-10-29,1442,CH,C,NOT BOURBON,DROP YOUR JERSEY,LEMON DROP KID,HUNTER VALLEY FARM AGENT,J KEITH DESORMEAUX,2700,,04/09/2019,ONTARIO,9,,,https://www.youtube.com/watch?v=XyRddvhKgTE&feature=youtu.be
Kentucky October Yearlings (2020),2020-10-29,1443,GRR,C,TAPIT,DUFF ONE,HARLAN'S HOLIDAY,GAINESWAY AGENT X,OUT,0,,03/09/2019,KENTUCKY,5&6,,,https://vimeo.com/471168086
Kentucky October Yearlings (2020),2020-10-29,1444,CH,C,SPEIGHTSTOWN,DURGA DEVI (IRE),GALILEO (IRE),LANE'S END AGENT,OUT,0,,02/10/2019,KENTUCKY,1,,,
Kentucky October Yearlings (2020),2020-10-29,1445,B,F,FIRING LINE,DYNAGREEN,DYNAFORMER,TAYLOR MADE SALES AGENCY AGENT XLII,KEVIN BUTTIGIEG,6500,,03/25/2019,KENTUCKY,22&23,,,https://youtu.be/7_Rrd1yhpdo
Kentucky October Yearlings (2020),2020-10-29,1446,B,F,RUNHAPPY,EAST INDIA,MIZZEN MAST,STUART MORRIS AGENT XIX,OUT,0,,04/20/2019,KENTUCKY,21,,,
Kentucky October Yearlings (2020),2020-10-29,1447,B,C,OVERANALYZE,EASY MONEY,INTO MISCHIEF,CARA BLOODSTOCK (BERNARD MCCORMACK) AGENT IV,LIZ KLOPP,4000,,01/19/2019,INDIANA,18,,,https://vimeo.com/468570473
Kentucky October Yearlings (2020),2020-10-29,1448,B,C,GOLDENCENTS,EBBY,MERCER MILL,LANE'S END AGENT,DENNIS STIFF AGENT,14000,,02/14/2019,OHIO,1,,,
Kentucky October Yearlings (2020),2020-10-29,1449,B,F,GOLDENCENTS,EBONY RUN,EL CORREDOR,WARRENDALE SALES AGENT VI,OUT,0,,04/07/2019,KENTUCKY,21,,,
Kentucky October Yearlings (2020),2020-10-29,1450,B,C,CUPID,ECHLUATH,TALE OF THE CAT,LEDGELANDS LLC,BONE FISH,35000,,05/01/2019,KENTUCKY,15,,,https://vimeo.com/469913076
Kentucky October Yearlings (2020),2020-10-29,1451,DKB,C,FLATTER,ECHO WARRIOR,TIZNOW,TAYLOR MADE SALES AGENCY AGENT FOR WATERCRESS FARM (FRED W. HERTRICH III),CROMWELL BLOODSTOCK,87000,,05/25/2019,KENTUCKY,22&23,,,https://youtu.be/xGzbNYOyg9A
Kentucky October Yearlings (2020),2020-10-29,1452,B,F,EMPIRE MAKER,EDITH COURT,POMEROY,MACHMER HALL SALES AGENT XXIX,OUT,0,,01/20/2019,KENTUCKY,5&6,,,https://vimeo.com/471350643
Kentucky October Yearlings (2020),2020-10-29,1453,DKB,F,SHAMAN GHOST,ELECTRO PEG,FUSAICHI PEGASUS,BROOKDALE SALES AGENT,PAVEL MATEJKA,3200,,03/12/2019,CALIFORNIA,17,,,
Kentucky October Yearlings (2020),2020-10-29,1454,CH,F,OVERANALYZE,ELEGANT MODEL,SUAVE,HERMITAGE FARM AGENT,OUT,0,,03/04/2019,KENTUCKY,22,,,
Kentucky October Yearlings (2020),2020-10-29,1455,B,C,FED BIZ,ELEMENTSOFHARMONY,EXCHANGE RATE,PARAMOUNT SALES AGENT IX,JEFFREY MACKOR II AGENT FOR SPAN INVESTMENTS,11000,,02/28/2019,KENTUCKY,20,,,https://vimeo.com/467067194
Kentucky October Yearlings (2020),2020-10-29,1456,CH,F,TAPITURE,ELKE,DIXIE UNION,MACHMER HALL SALES AGENT FOR ISABELLE BROGDEN & LAYNE BROGDEN & ELIZABETH DE MERIC,KERN THOROUGHBREDS AGENT,87000,,04/15/2019,KENTUCKY,5&6,,,https://www.youtube.com/watch?v=0g8_GESUM-c
Kentucky October Yearlings (2020),2020-10-29,1457,DKB,F,AMERICAN FREEDOM,ELLA'S DREAMING,FIRST DUDE,MOREAU BLOODSTOCK INT'L INC,NOT SOLD,14000,,04/04/2019,KENTUCKY,15,,,
Kentucky October Yearlings (2020),2020-10-29,1458,DKB,F,HARD SPUN,ELMALEEHA (GB),GALILEO (IRE),BUCK POND FARM (DOUGLAS S. ARNOLD) AGENT,DOUBLE O RACING,27000,,04/06/2019,KENTUCKY,22,,,https://youtu.be/IlTuW6QMwQ0
Kentucky October Yearlings (2020),2020-10-29,1459,B,F,INTO MISCHIEF,ELUSIVE CHECKERS,QUALITY ROAD,INDIAN CREEK AGENT,OUT,0,,03/14/2019,KENTUCKY,2,,,https://vimeo.com/471382871
Kentucky October Yearlings (2020),2020-10-29,1460,DKB,C,CLASSIC EMPIRE,EMBUR'S MELODY,MR. GREELEY,DENALI STUD AGENT XXV,ZILLI RACING,20000,Y,02/10/2019,ONTARIO,1&2,,,https://youtu.be/MH4D5E-RRa8
Kentucky October Yearlings (2020),2020-10-29,1461,B,F,MAJESTICPERFECTION,EMERLAUDE,EL CORREDOR,MAINE CHANCE FARM (UNIVERSITY OF KENTUCKY),CROMWELL BLOODSTOCK,82000,,03/27/2019,KENTUCKY,19,,,
Kentucky October Yearlings (2020),2020-10-29,1462,DKB,C,PIONEEROF THE NILE,EMILY B,SMART STRIKE,BACCARI BLOODSTOCK LLC AGENT I,OUT,0,,02/15/2019,KENTUCKY,3,,,https://vimeo.com/471673233
Kentucky October Yearlings (2020),2020-10-29,1463,CH,C,BIG BLUE KITTEN,EMILY CARR,PURGE,SUSAN Y. FOREMAN AGENT FOR ELAINE MACPHERSON/FURLONGS INC.,NOT SOLD,17000,,03/22/2019,ONTARIO,15,,,https://vimeo.com/471812367
Kentucky October Yearlings (2020),2020-10-29,1464,GRR,C,CREATIVE CAUSE,EMMA SPENCER (IRE),ZAMINDAR,BROOKDALE SALES AGENT FOR CHERVENELL THOROUGHBREDS,SHERBOURNE LODGE,6000,,05/10/2019,KENTUCKY,17,,,
Kentucky October Yearlings (2020),2020-10-29,1465,DKB,F,VANCOUVER (AUS),EMONA,HAT TRICK (JPN),TAYLOR MADE SALES AGENCY AGENT XXX,MICHAEL CLEMENTS/BEVAN SMITH BLOODSTOCK,47000,,05/03/2019,KENTUCKY,22&23,,,https://youtu.be/zCSmtHL9gIc
Kentucky October Yearlings (2020),2020-10-29,1466,CH,F,FIRST SAMURAI,E MOON,MALIBU MOON,LEGACY BLOODSTOCK AGENT X,GRASSROOTS TRN & SALES LLC,20000,,03/02/2019,KENTUCKY,23,,,https://vimeo.com/472516817
Kentucky October Yearlings (2020),2020-10-29,1467,CH,C,AMERICAN PHAROAH,EMPHATICALLY,SCAT DADDY,GLEN HILL FARM,OUT,0,,01/26/2019,KENTUCKY,4,,,https://vimeo.com/468084501
Kentucky October Yearlings (2020),2020-10-29,1468,B,C,EXAGGERATOR,EMPIRE SPRING,EMPIRE MAKER,BLUEWATER SALES LLC AGENT XI,OUT,0,,03/24/2019,NEW YORK,8,,,
Kentucky October Yearlings (2020),2020-10-29,1469,CH,F,ORB,EMPRESS OF MIDWAY,EMPIRE MAKER,MULHOLLAND FARM,CHRIS MELTON,9000,,04/27/2019,KENTUCKY,18,,,
Kentucky October Yearlings (2020),2020-10-29,1470,B,F,AMERICAN PHAROAH,ENCHANTED FORTUNE,INDIAN CHARLIE,PARAMOUNT SALES AGENT XXVI,OUT,0,,04/27/2019,KENTUCKY,20,,,
Kentucky October Yearlings (2020),2020-10-29,1471,B,F,BROKEN VOW,ENCORE BELLE,LEMON DROP KID,FOUR STAR SALES AGENT,JODY HUCKABAY AGENT,24000,,04/27/2019,KENTUCKY,16,,,https://youtu.be/9iFLTX9ukI8
Kentucky October Yearlings (2020),2020-10-29,1472,CH,C,OVERANALYZE,ENGLISH SUNSET,ENGLISH CHANNEL,GAINESWAY AGENT XLIII,NICK J HINES AGENT FOR KM RACING ENTERPRISE INC.,12000,Y,02/04/2019,KENTUCKY,5&6,,,
Kentucky October Yearlings (2020),2020-10-29,1473,GRR,F,LIAM'S MAP,ENTH,SEEKING THE GOLD,SUMMERFIELD (FRANCIS & BARBARA VANLANGENDONCK) AGENT,SUSAN & JOHN MOORE MIKE OWENS AGENT,150000,,04/28/2019,KENTUCKY,3,,,https://vimeo.com/466173232
Kentucky October Yearlings (2020),2020-10-29,1474,GRR,G,KEEN ICE,ENTHALPY,BLUEGRASS CAT,EQUUS FARM (JERRY CUMMINS/PAUL ADAMS) AGENT I,VALENTINE JIMENEZ,5000,,04/19/2019,KENTUCKY,14,,,
Kentucky October Yearlings (2020),2020-10-29,1475,B,C,MIDNIGHT STORM,ENTRADA,MINESHAFT,PARAMOUNT SALES AGENT XXXII,OUT,0,,05/01/2019,KENTUCKY,20,,,
Kentucky October Yearlings (2020),2020-10-29,1476,DKB,C,DECLASSIFY,ENVIOUS MOON,MALIBU MOON,JONATHAN W. MEREDITH AGENT,SBM,50000,,03/23/2019,KENTUCKY,13,,,
Kentucky October Yearlings (2020),2020-10-29,1477,B,C,BODEMEISTER,EPITOME OF A LADY,POTEEN,WARRENDALE SALES AGENT XXII,OLYMPIA STAR INC.,3500,,03/25/2019,KENTUCKY,21,,,
Kentucky October Yearlings (2020),2020-10-29,1478,CH,C,DISTORTED HUMOR,EQUITES,MALIBU MOON,WARRENDALE SALES AGENT XI,SHERBOURNE LODGE,40000,,02/05/2019,KENTUCKY,21,,,https://youtu.be/r7hoZVgL4gU
Kentucky October Yearlings (2020),2020-10-29,1479,B,C,DABIRSIM (FR),ERA UMA VEZ (IRE),GALILEO (IRE),HIDDEN BROOK AGENT FOR BONNE CHANCE FARM LLC,NOT SOLD,1000,,04/16/2019,KENTUCKY,22,,,
Kentucky October Yearlings (2020),2020-10-29,1480,B,F,HOOTENANNY,ESKENFORANDREYA,ESKENDEREYA,SHAWHAN PLACE LLC AGENT I,LAUREN ROBSON,4000,,04/06/2019,LOUISIANA,23,,,
Kentucky October Yearlings (2020),2020-10-29,1481,B,F,HIT IT A BOMB,ESKY,ESKENDEREYA,MAPLE RUN SOUTH AGENT FOR CARNIE THOROUGHBRED FARM LLC,HUNTERTOWN FARM,5000,,04/23/2019,INDIANA,13,,,
Kentucky October Yearlings (2020),2020-10-29,1482,B,C,MACLEAN'S MUSIC,ESTRADA'S GIRL,GOLDEN MISSILE,CARA BLOODSTOCK (BERNARD MCCORMACK) AGENT II,NOT SOLD,27000,,01/31/2019,ONTARIO,18,,,https://vimeo.com/468546466
Kentucky October Yearlings (2020),2020-10-29,1483,B,C,STRONG MANDATE,ETSU,SMART STRIKE,BALLYSAX BLOODSTOCK AGENT III,DON FAUSTO RACING LLC,3000,,02/17/2019,KENTUCKY,18,,,
Kentucky October Yearlings (2020),2020-10-29,1484,CH,C,SPEIGHTSTER,EUPHORIA,KITTEN'S JOY,BRANDYWINE FARM (JIM & PAM ROBINSON),NOT SOLD,22000,,04/19/2019,KENTUCKY,15,,,
Kentucky October Yearlings (2020),2020-10-29,1485,B,F,BIRD SONG,EVENING PRIZE,PURE PRIZE,SMALL BATCH SALES AGENT II,NOT SOLD,15000,,04/27/2019,KENTUCKY,19,,,https://youtu.be/IH1XBraPs78
Kentucky October Yearlings (2020),2020-10-29,1486,GRR,F,CAIRO PRINCE,EVER ELUSIVE,FORESTRY,DENALI STUD AGENT VIII,NOT SOLD,4500,,02/04/2019,ONTARIO,1&2,,,https://youtu.be/ed0R52wR8Kc
Kentucky October Yearlings (2020),2020-10-29,1487,B,C,STREET SENSE,EVERQUEEN,COLONEL JOHN,MACHMER HALL SALES AGENT IV,OUT,0,,02/10/2019,KENTUCKY,5&6,,,
Kentucky October Yearlings (2020),2020-10-29,1488,CH,C,CUPID,EXPLOSIVE VACATION,HARLAN'S HOLIDAY,MULHOLLAND SPRINGS AGENT III,JAL RACING/JOSE A LOPEZ,22000,,05/03/2019,KENTUCKY,14,,,
Kentucky October Yearlings (2020),2020-10-29,1489,DKB,F,UPSTART,EYES OF A SAINT,SAINT LIAM,BUCKLAND SALES (ZACH MADDEN) AGENT XI,NOT SOLD,8000,,04/28/2019,KENTUCKY,20,,,
Kentucky October Yearlings (2020),2020-10-29,1490,B,F,AMERICAN PHAROAH,EYES WIDE OPEN,UNBRIDLED'S SONG,TAYLOR MADE SALES AGENCY AGENT XLIII,KNIGHTS BLOODSTOCK,77000,,05/25/2019,KENTUCKY,22&23,,,https://youtu.be/TRCYFSwAJMg
Kentucky October Yearlings (2020),2020-10-29,1491,B,C,MSHAWISH,FAB FLOWERS,LEWIS MICHAEL,TAYLOR MADE SALES AGENCY AGENT XXXIX,DIVERSIFIED PEDIGREE ACQUISITIONS INC.,48000,,04/30/2019,KENTUCKY,22&23,,,https://youtu.be/1dj_-jN4mGI
Kentucky October Yearlings (2020),2020-10-29,1492,DKB,F,CUPID,FABULEUX BELLE,ACTION THIS DAY,ELISE W. KENDALL AGENT,GARY BROAD/WALMAC FARMS,100000,,02/20/2019,KENTUCKY,13,,,
Kentucky October Yearlings (2020),2020-10-29,1493,B,F,LORD NELSON,FABULOUS BABE,TOUCH GOLD,LEGACY BLOODSTOCK AGENT III,NOT SOLD,29000,,04/15/2019,KENTUCKY,23,,,https://vimeo.com/471377544
Kentucky October Yearlings (2020),2020-10-29,1494,DKB,F,ATREIDES,FACTOR ONE,THE FACTOR,WESTBROOK STABLES LLC,NOT SOLD,3000,,02/20/2019,KENTUCKY,19,,,https://vimeo.com/472701348
Kentucky October Yearlings (2020),2020-10-29,1495,DKB,F,EXAGGERATOR,FAIR ROSE,HARLAN'S HOLIDAY,MORRIS B. FLOYD & CHUCK GIVENS AGENT,HIDDEN BROOK AGENT,13000,,04/06/2019,KENTUCKY,4,,,
Kentucky October Yearlings (2020),2020-10-29,1496,B,C,MIDSHIPMAN,FAIRWAY LUCK,UNION RAGS,MORRIS B. FLOYD & CHUCK GIVENS AGENT,GREG JAMES,35000,,02/13/2019,KENTUCKY,4,,,
Kentucky October Yearlings (2020),2020-10-29,1497,B,F,KITTEN'S JOY,FALSE IMPRESSION,A.P. INDY,KATIERICH FARMS,CROMWELL BLOODSTOCK,105000,,04/15/2019,KENTUCKY,12,,,
Kentucky October Yearlings (2020),2020-10-29,1498,GR,F,RACE DAY,FAMOUS ROSE,FOREST DANGER,SHEPPELL THOROUGHBREDS AGENT,NOT SOLD,2500,,05/03/2019,OHIO,21,,,
Kentucky October Yearlings (2020),2020-10-29,1499,B,C,HONOR CODE,FANCY RIBBONS,PERFECT SOUL (IRE),HILL 'N' DALE SALES AGENCY AGENT,MIKE AMBLER GAIL COX AGENT,77000,,03/19/2019,ONTARIO,4,,,https://youtu.be/GmdFXinUdTk
Kentucky October Yearlings (2020),2020-10-29,1500,B,C,WARRIOR'S REWARD,FANCY WORK,MIZZEN MAST,SCOTT MALLORY AGENT VII,MARQUEE BLOODSTOCK,3000,,04/28/2019,KENTUCKY,21,,,
Kentucky October Yearlings (2020),2020-10-29,1501,B,C,HOOTENANNY,FANTASTIC SCORE,EVEN THE SCORE,FORBUSH FARM,ZULLU RACING STABLES,45000,,03/13/2019,KENTUCKY,19,,,
Kentucky October Yearlings (2020),2020-10-29,1502,CH,F,V. E. DAY,FAREWELL SALLY,BALL'S BLUFF,BUCK POND FARM (DOUGLAS S. ARNOLD) AGENT,GENE R AUSTIN,1500,,03/02/2019,KENTUCKY,22,,,https://youtu.be/cryFJqEw7Oo
Kentucky October Yearlings (2020),2020-10-29,1503,B,C,MR. Z,FARO BLANCO,BOB AND JOHN,FORBUSH FARM,PETRIE SHOW STABLES,1000,,03/24/2019,KENTUCKY,19,,,
Kentucky October Yearlings (2020),2020-10-29,1504,DKB,F,UNIFIED,FASCINATE,CURLIN,INDIAN CREEK AGENT,OUT,0,,01/25/2019,KENTUCKY,2,,,
Kentucky October Yearlings (2020),2020-10-29,1505,CH,F,GORMLEY,FASCINO,HARLAN'S HOLIDAY,STUART MORRIS AGENT V,JAMES DIVITO AGENT,20000,,04/16/2019,KENTUCKY,21,,,
Kentucky October Yearlings (2020),2020-10-29,1506,CH,F,FAST ANNA,FASHIONED LADY,OLD FASHIONED,TERRAZAS THOROUGHBREDS AGENT II,OUT,0,,04/29/2019,KENTUCKY,23,,,
Kentucky October Yearlings (2020),2020-10-29,1507,B,C,QUALITY ROAD,FASHION'S FLIGHT,DIXIE UNION,CLAIBORNE FARM AGENT,OUT,0,,02/10/2019,KENTUCKY,9,,,
Kentucky October Yearlings (2020),2020-10-29,1508,B,F,RUNHAPPY,FAST RESOURCE,BOB AND JOHN,PARAMOUNT SALES AGENT XXI,OUT,0,,04/15/2019,KENTUCKY,20,,,
Kentucky October Yearlings (2020),2020-10-29,1509,DKB,F,PAYNTER,FATEER,ESKENDEREYA,SOUTH POINT SALES AGENCY AGENT IV,TRAVIS SHORT,2000,,05/09/2019,KENTUCKY,18,,,https://vimeo.com/471699650
Kentucky October Yearlings (2020),2020-10-29,1510,DKB,C,PIONEEROF THE NILE,FEATHERED,INDIAN CHARLIE,LANE'S END AGENT,VSK RACING,100000,,04/15/2019,KENTUCKY,1,,,https://vimeo.com/467293840
Kentucky October Yearlings (2020),2020-10-29,1511,B,C,TIZNOW,FELISA,HARLAN'S HOLIDAY,BUCK POND FARM (DOUGLAS S. ARNOLD) AGENT,JOSEPH BROCKLEBANK AGENT,30000,Y,04/17/2019,NEW YORK,22,,,https://www.youtube.com/watch?v=VHcUwEqtUj0
Kentucky October Yearlings (2020),2020-10-29,1512,B,C,JACK MILTON,FERDIE'S GAL,FAST FERDIE,HURSTLAND FARM (ALFRED H. NUCKOLS JR.),ALISTAIR RODEN BLOODSTOCK,14500,,05/15/2019,KENTUCKY,2,,,
Kentucky October Yearlings (2020),2020-10-29,1513,CH,F,KITTEN'S JOY,FIERY DANCER,ATTICUS,STUART MORRIS AGENT XVII,OUT,0,,05/19/2019,NEW YORK,21,,,
Kentucky October Yearlings (2020),2020-10-29,1514,B,F,MINESHAFT,FIFTYSHADESOFFUN,EMPIRE MAKER,MARCUZZI THOROUGHBREDS INC. AGENT,GOLDEN ROCK,7000,,04/05/2019,KENTUCKY,13,,,https://youtu.be/L3OthZ6oo-4
Kentucky October Yearlings (2020),2020-10-29,1515,DKB,F,MISSION IMPAZIBLE,FIGHTER WING,EMPIRE MAKER,STUART MORRIS AGENT II,BRUCE LEVINE,52000,,04/21/2019,NEW YORK,21,,,
Kentucky October Yearlings (2020),2020-10-29,1516,DKB,C,MOHAYMEN,FIGURETA (ARG),THE LEOPARD,MACHMER HALL SALES AGENT XVIII,JULIE DAVIES,75000,,04/30/2019,KENTUCKY,5&6,,,https://vimeo.com/472045047
Kentucky October Yearlings (2020),2020-10-29,1517,DKB,C,HARD SPUN,FINANCIAL RECOVERY,STREET CRY (IRE),ST GEORGE SALES AGENT XXVII,MIKE RYAN AGENT,85000,,02/24/2019,KENTUCKY,10,,,
Kentucky October Yearlings (2020),2020-10-29,1518,CH,F,GORMLEY,FINE CUT,POSSE,PARKWAY FARM INC. AGENT,SPENDTHRIFT FARM LLC,45000,,04/04/2019,KENTUCKY,12,,,
Kentucky October Yearlings (2020),2020-10-29,1519,CH,C,KITTEN'S JOY,FINN'S JEWEL,GIANT'S CAUSEWAY,HILL 'N' DALE SALES AGENCY AGENT,DOMAL KEANE,4500,,02/04/2019,ONTARIO,4,,,https://youtu.be/M4ExxjGgTPc
Kentucky October Yearlings (2020),2020-10-29,1520,B,F,MALIBU MOON,FIRST ROMANCE,DYNAFORMER,FOUR STAR SALES AGENT,OUT,0,,04/26/2019,KENTUCKY,16,,,
Kentucky October Yearlings (2020),2020-10-29,1521,CH,C,NORTHERN AFLEET,FIVE YARD PENALTY,CONSOLIDATOR,ELISE W. KENDALL AGENT,GRASSROOTS TRN & SALES LLC,20000,,04/05/2019,KENTUCKY,13,,,
Kentucky October Yearlings (2020),2020-10-29,1522,DKB,C,UNIFIED,FLATTER ME FIRST,FLATTER,WARRENDALE SALES AGENT I,GRASSROOTS TRN & SALES LLC,35000,,05/24/2019,KENTUCKY,21,,,https://youtu.be/cm6ST6Vujd0
Kentucky October Yearlings (2020),2020-10-29,1523,B,C,UNIFIED,FLATTER YOU,FLATTER,BILL MURPHY AGENT III,ANDRY BLANCO,4000,,02/21/2019,KENTUCKY,23,,,
Kentucky October Yearlings (2020),2020-10-29,1524,GRR,F,EMPIRE MAKER,FLEET WEEK,TAPIT,MILL RIDGE SALES AGENT,LARRY MEJIAS,25000,,01/15/2019,KENTUCKY,11,,,https://www.youtube.com/watch?v=7NevAJPDty4&list=PLzgVBzdrTBXSogxbk19v0DjgHl6YGjKJS&index=6
Kentucky October Yearlings (2020),2020-10-29,1525,B,F,DISTORTED HUMOR,FLIRT,KITTEN'S JOY,BLUEWATER SALES LLC AGENT XI,OUT,0,,05/11/2019,KENTUCKY,8,,,https://vimeo.com/470935018
Kentucky October Yearlings (2020),2020-10-29,1526,CH,F,CROSS TRAFFIC,FLY TO ME,BELONG TO ME,CARA BLOODSTOCK (BERNARD MCCORMACK) AGENT II,NOLAN ALLARD,2500,,04/17/2019,ONTARIO,18,,,https://vimeo.com/468555346
Kentucky October Yearlings (2020),2020-10-29,1527,B,F,BRODY'S CAUSE,FOLLOW THE LITE,LITE THE FUSE,VINERY SALES AGENT LIII,GRASSROOTS TRN & SALES LLC,12000,,04/21/2019,KENTUCKY,22&23,,,
Kentucky October Yearlings (2020),2020-10-29,1528,DKB,F,DIALED IN,FOND HOPE,MIDNIGHT LUTE,TRACKSIDE FARM (TOM EVANS) AGENT FOR TRACKSIDE FARM & TENLANE FARM,DANTE ZANELLI AGENT FOR DANCING WIND STABLES LLC,3000,,01/30/2019,KENTUCKY,19,,,https://vimeo.com/469741978
Kentucky October Yearlings (2020),2020-10-29,1529,B,F,VIOLENCE,FOOLISH CAUSE,GIANT'S CAUSEWAY,PARAMOUNT SALES AGENT XXVIII,J KIRK & JUDY ROBISON,92000,,04/09/2019,KENTUCKY,20,,,https://vimeo.com/470939873
Kentucky October Yearlings (2020),2020-10-29,1530,B,F,TAPIZAR,FORBIDDEN BREW,MILWAUKEE BREW,LEGACY BLOODSTOCK AGENT XXII,OUT,0,,05/13/2019,KENTUCKY,23,,,
Kentucky October Yearlings (2020),2020-10-29,1531,DKB,F,BODEMEISTER,FOREVER A FRIEND,DEHERE,BRANDYWINE FARM (JIM & PAM ROBINSON),MEDALLION FARMS,3000,,04/30/2019,KENTUCKY,15,,,
Kentucky October Yearlings (2020),2020-10-29,1532,B,C,BRODY'S CAUSE,FOREVER DISCREET (AUS),BERNARDINI,HUNTER VALLEY FARM AGENT,OUT,0,,04/07/2019,KENTUCKY,9,,,https://youtu.be/D_KEVAIVym8
Kentucky October Yearlings (2020),2020-10-29,1533,B,F,MUCHO MACHO MAN,FOREVER VOW,BROKEN VOW,FRANKFORT PARK FARM AGENT,JOHN SERVIS,70000,,04/25/2019,KENTUCKY,12,,,https://vimeo.com/471678827
Kentucky October Yearlings (2020),2020-10-29,1534,CH,F,NYQUIST,FOUR SUGARS,LOOKIN AT LUCKY,EATON SALES AGENT,ORACLE BLOODSTOCK AGENT,200000,,03/14/2019,KENTUCKY,7,,,https://vimeo.com/471224702
Kentucky October Yearlings (2020),2020-10-29,1535,DKB,C,FIRST SAMURAI,FOX CHAPEL,EL CORREDOR,WESTBROOK STABLES LLC,GRASSROOTS TRN & SALES LLC,22000,,01/24/2019,KENTUCKY,19,,,https://vimeo.com/472691627
Kentucky October Yearlings (2020),2020-10-29,1536,CH,F,JACK MILTON,FOXY LILLY,AMERICAN LION,MAINE CHANCE FARM (UNIVERSITY OF KENTUCKY),DORIS E TUMMILLO,1000,,03/16/2019,KENTUCKY,19,,,
Kentucky October Yearlings (2020),2020-10-29,1537,B,C,HARD SPUN,FRAGRANCE,MALIBU MOON,ANDERSON FARMS AGENT,OUT,0,,05/10/2019,ONTARIO,3,,,
Kentucky October Yearlings (2020),2020-10-29,1538,B,F,CARPE DIEM,FREEDOM,WAR FRONT,GAINESWAY AGENT III,OUT,0,,04/19/2019,KENTUCKY,5&6,,,
Kentucky October Yearlings (2020),2020-10-29,1539,DKB,C,MIDNIGHT STORM,FREEDOM COME,LIT DE JUSTICE,BURLESON FARMS AGENT,JAMES R LAYDEN,8000,,03/06/2019,KENTUCKY,17,,,
Kentucky October Yearlings (2020),2020-10-29,1540,DKB,C,RUNHAPPY,FREE FLYING SOUL,QUIET AMERICAN,GAINESWAY AGENT XXXV,EAG STUD,8000,,04/27/2019,KENTUCKY,5&6,,,https://vimeo.com/469870834
Kentucky October Yearlings (2020),2020-10-29,1541,CH,C,CAN THE MAN,FREE SPACE,ALDEBARAN,VINERY SALES AGENT LXII,DANTE ZANELLI AGENT FOR DANCING WIND STABLES LLC,4000,Y,03/01/2019,KENTUCKY,22&23,,,
Kentucky October Yearlings (2020),2020-10-29,1542,B,F,FORT LARNED,FREE TO DREAM,FREEFOURINTERNET,BILL MURPHY AGENT I,NOT SOLD,1000,,03/21/2019,KENTUCKY,23,,,
Kentucky October Yearlings (2020),2020-10-29,1543,DKB,F,OVERANALYZE,FREUD'S IRISH MISS,FREUD,HIDDEN BROOK AGENT VIII,OUT,0,,02/14/2019,KENTUCKY,22,,,
Kentucky October Yearlings (2020),2020-10-29,1544,B,F,RUNHAPPY,FROLIC'S DREAM,SMOKE GLACKEN,GAINESWAY AGENT XII,JEFFREY MACKOR II AGENT FOR GS INVERSIONES HIPICAS LLC,32000,,05/04/2019,KENTUCKY,5&6,,,https://vimeo.com/469871161
Kentucky October Yearlings (2020),2020-10-29,1545,B,C,EXAGGERATOR,FROLIC'S REVENGE,VINDICATION,WOODS EDGE FARM (PETER O'CALLAGHAN) AGENT,FATHER AND SON,75000,,04/21/2019,KENTUCKY,11,,,https://vimeo.com/466863748
Kentucky October Yearlings (2020),2020-10-29,1546,CH,C,NYQUIST,FRONT IN LINE,WAR FRONT,FOUR STAR SALES AGENT,JEANNE MAYBERRY,30000,,04/06/2019,KENTUCKY,16,,,https://youtu.be/dDN538ByMys
Kentucky October Yearlings (2020),2020-10-29,1547,GRR,C,OXBOW,FROST BITE,PULPIT,BALLYSAX BLOODSTOCK AGENT X,CHRIS MELTON,50000,,02/04/2019,KENTUCKY,18,,,
Kentucky October Yearlings (2020),2020-10-29,1548,B,C,RUN AWAY AND HIDE,FULL OF JOY,KITTEN'S JOY,DARBY DAN FARM AGENT VII,TARI BROCKLEBANK,32000,,04/09/2019,KENTUCKY,16,,,
Kentucky October Yearlings (2020),2020-10-29,1549,GRR,C,ANIMAL KINGDOM,FUNNY MONEY,DEHERE,BETZ THOROUGHBREDS INC. AGENT,SPAN INVESTMENT INC,14000,,02/08/2019,KENTUCKY,15,,,https://youtu.be/YZRrikdcvgI
Kentucky October Yearlings (2020),2020-10-29,1550,DKB,F,MR SPEAKER,FUNSHINEINMYPOCKET,INVASOR (ARG),TAYLOR MADE SALES AGENCY AGENT XV,NOT SOLD,1000,,04/08/2019,KENTUCKY,22&23,,,https://youtu.be/TeGO3diR87Q
Kentucky October Yearlings (2020),2020-10-29,1551,B,C,BLAME,FURTHERMORE,FIRST DEFENCE,GAINESWAY AGENT IX,KADIMA,18000,,04/23/2019,KENTUCKY,5&6,,,
Kentucky October Yearlings (2020),2020-10-29,1552,B,F,OXBOW,FUTURE PROMISE,OFFICER,VINERY SALES AGENT FOR STEVENS THOROUGHBREDS,OUT,0,,02/18/2019,KENTUCKY,22&23,,,
Kentucky October Yearlings (2020),2020-10-29,1553,B,C,ANCHOR DOWN,FUZZY KIM,MADRAAR,POPE MCLEAN (CRESTWOOD FARM) AGENT FOR ROBERT & LYNDA ESPOSITO,EXPOLINE CO LTD,27000,,03/26/2019,ILLINOIS,17,,,
