SALE TITLE,SESSION,HIP,COLOR,NAME,SEX,SIRE,DAM,SIRE OF DAM,PROPERTY LINE,PURCHASER,PRICE,PRIVATE SALE,YEAR OF BIRTH,FOALED,BARN,COVERING SIRE,COVER DATE,SOLD AS CODE,SOLD AS DESCRIPTION,VIRTUAL INSPECTION
Kentucky Winter Mixed (2022),2022-02-08,1,CH,,C,KLIMT,SACRED MOON,MALIBU MOON,KP SALES AGENT,DON BRYANT,2000,,04/18/2021,KENTUCKY,13,,,Y,,
Kentucky Winter Mixed (2022),2022-02-08,2,CH,,C,KARAKONTIE (JPN),SAUDIA,GONE WEST,BALDWIN BLOODSTOCK AGENT II,TROPICAL RACING,43000,,04/15/2021,KENTUCKY,6,,,Y,,
Kentucky Winter Mixed (2022),2022-02-08,3,GRR,SCORECARD,M,TALE OF THE CAT,SANIBEL STAR,UNBRIDLED'S SONG,VINERY SALES AGENT III,RICHARD E. WILSON,30000,Y,03/18/2009,ONTARIO,14&15,VEKOMA,2021-04-11,B,,
Kentucky Winter Mixed (2022),2022-02-08,4,DKB,SCREEN ACTRESS,M,SMART STRIKE,SCREEN GEM,DYNAFORMER,HILL 'N' DALE SALES AGENCY AGENT,LAURA A GILL,6000,,04/05/2014,KENTUCKY,3,LOST TREASURE (IRE),2021-02-22,B,,
Kentucky Winter Mixed (2022),2022-02-08,5,B,SEAMSTRESS,M,LANGFUHR,AMERICAN PROFILE,SUMMER SQUALL,CROWNING POINT FARM AGENT,NOT SOLD,9000,,04/25/2009,KENTUCKY,12,BRODY'S CAUSE,2021-05-15,B,,
Kentucky Winter Mixed (2022),2022-02-08,6,B,SECOND DYNASTY,F,AMERICAN PHAROAH,DISTORTED POINT,DISTORTED HUMOR,BLAKE-ALBINA THOROUGHBRED SERVICES LLC AGENT I,ARKOFA FARM,8000,,02/25/2017,KENTUCKY,11,,,BP,,https://vimeo.com/673301213
Kentucky Winter Mixed (2022),2022-02-08,7,B,SECRET QUALITY,M,ELUSIVE QUALITY,MY SPECIAL SECRET,MINESHAFT,TAYLOR MADE SALES AGENCY AGENT XIII,HUNTER VALLEY FARM,135000,,02/07/2015,KENTUCKY,1&2,GUN RUNNER,2021-04-18,B,,https://vimeo.com/674128570
Kentucky Winter Mixed (2022),2022-02-08,8,DKB,SECRETS KEPT,F,OUTWORK,WAR SECRET,WAR FRONT,BLAKE-ALBINA THOROUGHBRED SERVICES LLC AGENT I,RED HAWK RANCH,2000,,04/20/2018,NEW YORK,11,,,RB,,https://vimeo.com/673309536
Kentucky Winter Mixed (2022),2022-02-08,9,DKB,SENTIMENTAL SONG,F,UNCLE MO,AIN'T SHE SWEET,STORM CAT,BROOKDALE SALES AGENT FOR THE ESTATE OF GASTON BALBI,CHAMPION EQUINE LLC,60000,,03/12/2017,KENTUCKY,7,DAREDEVIL,2021-05-11,B,,https://vimeo.com/672945552
Kentucky Winter Mixed (2022),2022-02-08,10,B,,F,PRESERVATIONIST,SEVERN SHORE,PURE PRIZE,FRANKFORT PARK FARM AGENT,NOT SOLD,37000,,04/22/2021,KENTUCKY,7,,,Y,,https://vimeo.com/672594011
Kentucky Winter Mixed (2022),2022-02-08,11,DKB,SHADY,F,GHOSTZAPPER,SMART PENNY,SMART STRIKE,HILL 'N' DALE SALES AGENCY AGENT,EDDIE KENNEALLY,32000,,05/26/2019,KENTUCKY,3,,,RB,,https://vimeo.com/673288655
Kentucky Winter Mixed (2022),2022-02-08,12,B,,F,GIRVIN,SHAMROCK STAR,STAR GUITAR,KP SALES AGENT,TOBIN STABLES LLC,5000,,04/06/2021,KENTUCKY,13,,,Y,,
Kentucky Winter Mixed (2022),2022-02-08,13,CH,,C,VINO ROSSO,SHEBEALITTLEWILD,TAPIT,BLUEWATER SALES LLC AGENT I,NOREVALE FARM,95000,,04/26/2021,KENTUCKY,8,,,Y,,https://youtu.be/fCsmR_2TGA8
Kentucky Winter Mixed (2022),2022-02-08,14,CH,,C,GOOD MAGIC,SHE BE CLASSY,TOCCET,BLUEWATER SALES LLC AGENT I,OUT,0,,03/12/2021,KENTUCKY,8,,,Y,,https://youtu.be/sKzCv9aiyuw
Kentucky Winter Mixed (2022),2022-02-08,15,CH,,C,CONNECT,SHE BE KEENE,POSSE,BLUEWATER SALES LLC AGENT I,OUT,0,,04/18/2021,KENTUCKY,8,,,Y,,https://youtu.be/aw24NLDkjP8
Kentucky Winter Mixed (2022),2022-02-08,16,B,,F,TAKE CHARGE INDY,SHENANDOAH VALLEY,PROUD CITIZEN,FRANKFORT PARK FARM AGENT,MORRIS KERNAN,5000,,01/26/2021,KENTUCKY,7,,,Y,,https://vimeo.com/672594031
Kentucky Winter Mixed (2022),2022-02-08,17,B,SHES GOT IT,F,HONOR CODE,REVER DE VOUS,DISTORTED HUMOR,BALDWIN BLOODSTOCK AGENT IX,SILVER FERN FARM,13000,,03/15/2018,KENTUCKY,6,,,BP,,
Kentucky Winter Mixed (2022),2022-02-08,18,B,SHOTGUN HOTTIE,F,GUN RUNNER,RE ENTRY,MALIBU MOON,BUCKLAND SALES (ZACH MADDEN) AGENT II,OUT,0,,04/15/2019,KENTUCKY,10,,,RB,,
Kentucky Winter Mixed (2022),2022-02-08,19,CH,SHOW HOSTESS,M,MINESHAFT,STARSEEKER,ROCK HARD TEN,HILL 'N' DALE SALES AGENCY AGENT,BILL EGERT,40000,,03/10/2016,KENTUCKY,3,BOLT D'ORO,2021-04-25,B,,
Kentucky Winter Mixed (2022),2022-02-08,20,CH,,C,MASTERY,SHOW HOSTESS,MINESHAFT,HILL 'N' DALE SALES AGENCY AGENT,CALUMET FARM,14000,,04/04/2021,KENTUCKY,3,,,Y,,
Kentucky Winter Mixed (2022),2022-02-08,21,DKB,,F,MO TOWN,SILKEN,OUT OF PLACE,VINERY SALES AGENT XIII,OUT,0,,05/07/2021,ARKANSAS,14&15,,,Y,,
Kentucky Winter Mixed (2022),2022-02-08,22,B,,C,MIDNIGHT LUTE,SILVER AT MIDNIGHT,LOOKIN AT LUCKY,HILL 'N' DALE SALES AGENCY AGENT,DELTA BLOODSTOCK,20000,,05/18/2021,KENTUCKY,3,,,Y,,
Kentucky Winter Mixed (2022),2022-02-08,23,GRR,SILVER TAKE CHARGE,F,WILL TAKE CHARGE,SILVER LULLABY,NAJRAN,JAMES B. KEOGH (GROVENDALE) AGENT IX,NOT SOLD,42000,,04/25/2017,KENTUCKY,9,,,BP,,
Kentucky Winter Mixed (2022),2022-02-08,24,DKB,SIRCAT NELLY,F,SURF CAT,SISTER SALLY,IN EXCESS (IRE),VINERY SALES AGENT XXIX,NOT SOLD,21000,,04/23/2018,KENTUCKY,14&15,,,B,,
Kentucky Winter Mixed (2022),2022-02-08,25,DKB,SISTAS READY,M,MORE THAN READY,LONG APPROACH,BROAD BRUSH,SCOTT MALLORY AGENT V,FORTY OAKS FARM,9000,,05/08/2015,KENTUCKY,12,INSTAGRAND,2021-05-06,B,,
Kentucky Winter Mixed (2022),2022-02-08,26,DKB,,F,TOURIST,SKINDY,SKIP AWAY,MAINE CHANCE FARM (UNIVERSITY OF KENTUCKY),DAWN MARTIN,1500,,05/02/2021,KENTUCKY,15,,,Y,,https://youtu.be/fsKWiWlQcGs
Kentucky Winter Mixed (2022),2022-02-08,27,CH,SKIPALONG,M,INCLUDE,SKIPSTONE,MONTBROOK,STUART MORRIS AGENT FOR MORGAN'S FORD FARM,KEITH LANCASTER,17000,,04/11/2014,VIRGINIA,4,GLOBAL CAMPAIGN,2021-05-09,B,,https://vimeo.com/674223195
Kentucky Winter Mixed (2022),2022-02-08,28,GRR,,C,TEMPLE CITY,SKIPAROO,MUSKETIER (GER),CROWNING POINT FARM AGENT,OUT,0,,03/28/2021,KENTUCKY,12,,,Y,,
Kentucky Winter Mixed (2022),2022-02-08,29,CH,,F,KANTHAROS,SLANT OF LIGHT,BROKEN VOW,BROOKDALE SALES AGENT FOR THE ESTATE OF GASTON BALBI,OUT,0,,02/14/2021,KENTUCKY,7,,,Y,,https://vimeo.com/672888967
Kentucky Winter Mixed (2022),2022-02-08,30,B,SLICKSNEAKYANDFAST,F,MEDAGLIA D'ORO,MOTOWN LADY,UNCLE MO,VINERY SALES AGENT XXIX,OUT,0,,03/02/2019,KENTUCKY,14&15,,,RB,,
Kentucky Winter Mixed (2022),2022-02-08,31,GRR,,C,LAOBAN,SMEAUXKININTHELANE,SMOKE GLACKEN,HARRY L. LANDRY BLOODSTOCK LLC AGENT,NOT SOLD,39000,,04/06/2021,NEW YORK,13,,,Y,,https://vimeo.com/674018263
Kentucky Winter Mixed (2022),2022-02-08,32,B,SOBEAUTIFULTOME,F,POLLARD'S VISION,BEAUTIFUL STRANGER,FOXHOUND,LEGACY BLOODSTOCK AGENT II,NOT SOLD,4500,,02/24/2018,OKLAHOMA,10,,,BP,,
Kentucky Winter Mixed (2022),2022-02-08,33,GR,,F,LORD NELSON,SOFTLY SINGING,HOLY BULL,KP SALES AGENT,LOTHENBACH STABLES INC.,10000,,04/16/2021,LOUISIANA,13,,,Y,,
Kentucky Winter Mixed (2022),2022-02-08,34,B,S OH S,F,INTO MISCHIEF,SETTLE 'N SPEIGHT,SPEIGHTSTOWN,HIDDEN BROOK AGENT,GUILLERMO BERRIOS MELENDEZ,32000,,04/12/2019,KENTUCKY,3,,,RB,,
Kentucky Winter Mixed (2022),2022-02-08,35,CH,SOMETHIN' UNUSUAL,M,UNUSUAL HEAT,SCI FI KIN,SIPHON (BRZ),HILL 'N' DALE SALES AGENCY AGENT,LOUIS CARRICO,4000,,03/22/2010,CALIFORNIA,3,ARMY MULE,2021-03-29,B,,
Kentucky Winter Mixed (2022),2022-02-08,36,B,SONETTA,F,TAPIT,INDIAN RUN,INDIAN CHARLIE,BROOKDALE SALES AGENT FOR THE ESTATE OF GASTON BALBI,NOT SOLD,40000,,02/08/2018,KENTUCKY,7,,,BP,,https://vimeo.com/672952593
Kentucky Winter Mixed (2022),2022-02-08,37,DKB,,F,DISTORTED HUMOR,SOPHIA MIA,PIONEEROF THE NILE,BROOKDALE SALES AGENT FOR THE ESTATE OF GASTON BALBI,OUT,0,,02/01/2021,KENTUCKY,7,,,Y,,https://vimeo.com/672907997
Kentucky Winter Mixed (2022),2022-02-08,38,B,,F,GUN RUNNER,SORORITYSWEETHEART,DISCREETLY MINE,TAYLOR MADE SALES AGENCY AGENT XIII,STOCK THOROUGHBREDS LLC,225000,,04/02/2021,PENNSYLVANIA,1&2,,,Y,,https://vimeo.com/674138281
Kentucky Winter Mixed (2022),2022-02-08,39,DKB,SPANISH IDOL,F,BLAME,REGAL CONQUEROR,SKY CONQUEROR,BUCKLAND SALES (ZACH MADDEN) AGENT II,NW MANAGEMENT AGENT,8500,,04/09/2019,KENTUCKY,10,,,RB,,
Kentucky Winter Mixed (2022),2022-02-08,40,CH,SPANISH LULLABY,M,PERFECT SOUL (IRE),VELVET DAWN,PANCHO VILLA,HUNTER VALLEY FARM AGENT,NICK BUSH,2500,,02/22/2015,KENTUCKY,11,KARAKONTIE (JPN),2021-04-11,B,,https://vimeo.com/672855491
Kentucky Winter Mixed (2022),2022-02-08,41,CH,,C,WORLD OF TROUBLE,SPIKES,DIXIE UNION,JAMES B. KEOGH (GROVENDALE) AGENT VIII,JOHN B PENN,42000,,04/24/2021,KENTUCKY,9,,,Y,,
Kentucky Winter Mixed (2022),2022-02-08,42,DKB,,C,CITY OF LIGHT,SPOKEN NOT BROKEN,BROKEN VOW,TAYLOR MADE SALES AGENCY AGENT XXXVI,PETER PUGH AGENT FOR CHERRY KNOLL FARM,260000,,04/10/2021,NEW YORK,1&2,,,Y,,https://vimeo.com/672811914
Kentucky Winter Mixed (2022),2022-02-08,43,B,SPREAD JOY,F,TAPIT,MYSTERY STRIKE,SMART STRIKE,BALDWIN BLOODSTOCK AGENT II,OUT,0,,04/27/2019,KENTUCKY,6,,,RB,,
Kentucky Winter Mixed (2022),2022-02-08,44,CH,SPUN IN ARTEMUS,F,HARD SPUN,ARTEMUS KITTEN,KITTEN'S JOY,VINERY SALES AGENT XXXI,MAPLETON THOROUGHBRED FARM,3500,,04/14/2017,KENTUCKY,14&15,,,B,,
Kentucky Winter Mixed (2022),2022-02-08,45,B,STAND BACK,M,GIANT'S CAUSEWAY,SOUTHERN STRIKE,SMART STRIKE,ENDEAVOR FARM AGENT,JOHN B PENN,85000,,05/08/2014,KENTUCKY,5,MACLEAN'S MUSIC,2021-04-05,B,,
Kentucky Winter Mixed (2022),2022-02-08,46,CH,STARSHIP LEIA,F,LUCKY PULPIT,SENSITIVE SOUL,BERNSTEIN,TAYLOR MADE SALES AGENCY AGENT XXIII,NOT SOLD,100000,,01/29/2017,CALIFORNIA,1&2,LIAM'S MAP,2021-03-25,B,,https://youtu.be/g_v9ClHnMBg
Kentucky Winter Mixed (2022),2022-02-08,47,CH,,F,FLAMEAWAY,STATUS,BIG BROWN,TAYLOR MADE SALES AGENCY AGENT XVIII,RONALDO RODAS,9500,,05/16/2021,KENTUCKY,1&2,,,Y,,https://vimeo.com/672792698
Kentucky Winter Mixed (2022),2022-02-08,48,CH,STORMY ALLURE,M,STORMY ATLANTIC,READY AND ALLURING,MORE THAN READY,TAYLOR MADE SALES AGENCY AGENT XXXII,PARIS RACING CIRCLE,24000,,05/05/2008,ONTARIO,1&2,,,B,,https://youtu.be/HGQkDJhX8do
Kentucky Winter Mixed (2022),2022-02-08,49,DKB,,F,MASTERY,STORMY PLAY,STORMY ATLANTIC,STUART MORRIS AGENT FOR MORGAN'S FORD FARM,OUT,0,,02/22/2021,VIRGINIA,4,,,Y,,
Kentucky Winter Mixed (2022),2022-02-08,50,CH,STREET LINE,M,STREET CRY (IRE),SERENA'S JOY,FORESTRY,RYAN WILSON AGENT FOR SATHER FAMILY LLC,JONATHAN S DEAN,11000,,04/21/2009,KENTUCKY,13,MUCHO MACHO MAN,2021-03-19,B,,
Kentucky Winter Mixed (2022),2022-02-08,51,B,STRONG POINT,F,OUTWORK,SPELLING,ALPHABET SOUP,LANE'S END AGENT,AMERICAN EQUISTOCK INC.,42000,,04/05/2018,KENTUCKY,1,,,BP,,
Kentucky Winter Mixed (2022),2022-02-08,52,B,SUDDEN BRILLIANCE,F,BLAME,STAR'S WOMAN,ELUSIVE QUALITY,BUCKLAND SALES (ZACH MADDEN) AGENT XI,PAUL J SAVARESE,4500,Y,01/21/2017,KENTUCKY,10,,,BP,,
Kentucky Winter Mixed (2022),2022-02-08,53,DKB,SUMMER COMMOTION,F,ATREIDES,SUMMER SCENE,BELONG TO ME,KP SALES AGENT,SANDY BARBIER,1500,Y,03/14/2017,KENTUCKY,13,,,RB,,
Kentucky Winter Mixed (2022),2022-02-08,54,B,SUN SUMMERS,M,BROKEN VOW,HIGH SPEED ACCESS,KINGMAMBO,BUCKLAND SALES (ZACH MADDEN) AGENT XIII,NICE GUYS STABLES LLC,100000,,03/17/2016,FLORIDA,10,,,BP,,https://vimeo.com/673267615
Kentucky Winter Mixed (2022),2022-02-08,55,DKB,SUPER SAVVY,M,SUPER SAVER,DON'T FORGET GIL,KAFWAIN,BLAKE-ALBINA THOROUGHBRED SERVICES LLC AGENT I,OUT,0,,03/12/2012,NEW YORK,11,MCKINZIE,2021-05-20,B,,
Kentucky Winter Mixed (2022),2022-02-08,56,DKB,,C,DIALED IN,SUPER SAVVY,SUPER SAVER,BLAKE-ALBINA THOROUGHBRED SERVICES LLC AGENT I,NOT SOLD,38000,,04/20/2021,NEW YORK,11,,,Y,,https://vimeo.com/673262878
Kentucky Winter Mixed (2022),2022-02-08,57,CH,SURF RIDE,M,SCAT DADDY,PERENNIAL SONG,SONGANDAPRAYER,JAMES B. KEOGH (GROVENDALE) AGENT XI,REBECCA FARMS LLC,15000,,04/29/2015,FLORIDA,9,ECHO TOWN,2021-05-02,B,,
Kentucky Winter Mixed (2022),2022-02-08,58,DKB,,C,YOSHIDA (JPN),SURREPTITIOUS,SPEIGHTSTOWN,BUCKLAND SALES (ZACH MADDEN) AGENT I,NOT SOLD,4700,,03/23/2021,KENTUCKY,10,,,Y,,
Kentucky Winter Mixed (2022),2022-02-08,59,GRR,SUTTON'S SMILE,M,PADDY O'PRADO,LIBERTY'S LYRIC,UNBRIDLED'S SONG,TAYLOR MADE SALES AGENCY AGENT XXV,MULHOLLAND SPRINGS,60000,,01/29/2013,KENTUCKY,1&2,MAXIMUS MISCHIEF,2021-04-06,B,,https://vimeo.com/672794009
Kentucky Winter Mixed (2022),2022-02-08,60,DKB,SWAMI'S,C,MITOLE,REGAL SERENADE,BROKEN VOW,VINERY SALES AGENT XXIII,BOCA HORSE,82000,,01/26/2021,NEW YORK,14&15,,,Y,,
Kentucky Winter Mixed (2022),2022-02-08,61,GRR,SWAN PEAK,M,BROAD BRUSH,CHINESE WALL,SILVER DEPUTY,FOUR STAR SALES AGENT,SAN FRANCISCO STABLES,6000,,04/15/2003,KENTUCKY,4,ALWAYS DREAMING,2021-05-27,B,,
Kentucky Winter Mixed (2022),2022-02-08,62,DKB,SWEET DESTINY,M,CURLIN,SWEETEST SMILE,DEHERE,BUCKLAND SALES (ZACH MADDEN) AGENT I,REBECCA FARMS LLC,20000,,05/14/2012,KENTUCKY,10,HONOR A. P.,2021-04-15,B,,
Kentucky Winter Mixed (2022),2022-02-08,63,B,SWEET MAGIC,M,QUALITY ROAD,SWEET AGAIN,AWESOME AGAIN,GAINESWAY AGENT III,DASH C GOFF,14000,,02/28/2015,FLORIDA,6,SPUN TO RUN,2021-04-10,B,,
Kentucky Winter Mixed (2022),2022-02-08,64,B,SWEETNSOUR KITTY,F,LEMON DROP KID,ANNIVERSARY KITTY,TRIBAL RULE,BROOKDALE SALES AGENT FOR HIGHLANDER RACING STABLE LLC,LACIEGA LLC,2000,,01/31/2019,KENTUCKY,7,,,BP,,https://vimeo.com/672958152
Kentucky Winter Mixed (2022),2022-02-08,65,CH,,F,GUN RUNNER,SWEET PROMISES,BERNARDINI,TAYLOR MADE SALES AGENCY AGENT XIV,OUT,0,,03/20/2021,PENNSYLVANIA,1&2,,,Y,,
Kentucky Winter Mixed (2022),2022-02-08,66,GRR,,C,QUALITY ROAD,TACKING,MIZZEN MAST,BLAKE-ALBINA THOROUGHBRED SERVICES LLC AGENT I,OUT,0,,04/05/2021,KENTUCKY,11,,,Y,,
Kentucky Winter Mixed (2022),2022-02-08,67,CH,TALEGA DINERO,F,MUNNINGS,LASAMANAMAMA,SABRE D'ARGENT,JAMES B. KEOGH (GROVENDALE) AGENT VII,BROOKSTONE FARM,9000,,04/10/2017,MARYLAND,9,CUPID,2021-04-05,B,,
Kentucky Winter Mixed (2022),2022-02-08,68,CH,,C,MENDELSSOHN,TAPIT TO RIDE,TAPIT,TAYLOR MADE SALES AGENCY AGENT XI,DELTA BLOODSTOCK,50000,,04/02/2021,KENTUCKY,1&2,,,Y,,https://youtu.be/WVS6Eyl4ZeI
Kentucky Winter Mixed (2022),2022-02-08,69,DKB,TARGETED RETURN,F,MACLEAN'S MUSIC,TIZ AN ADDICTION,TIZNOW,LANE'S END AGENT,BOBBY RANKIN,13000,,02/16/2018,KENTUCKY,1,,,BP,,
Kentucky Winter Mixed (2022),2022-02-08,70,B,,F,CONNECT,TARTAN LADY,MALIBU MOON,JAMES B. KEOGH (GROVENDALE) AGENT VIII,MORRIS KERNAN,22000,,03/05/2021,KENTUCKY,9,,,Y,,
Kentucky Winter Mixed (2022),2022-02-08,71,DKB,TASAAMUH,F,CANDY RIDE (ARG),AFRAAH,HARD SPUN,RUNNYMEDE FARM LLC AGENT,MATIAS VILLAMIL,40000,,04/19/2017,KENTUCKY,4,,,BP,,https://www.youtube.com/watch?v=6r61t_0DxC0
Kentucky Winter Mixed (2022),2022-02-08,72,B,TAYLOR'S TOURIST,F,MIDSHIPMAN,TOURIST TRAP,SIGHTSEEING,KP SALES AGENT,NOT SOLD,84000,,02/18/2018,KENTUCKY,13,TIZ THE LAW,2021-05-04,B,,https://vimeo.com/674454432
Kentucky Winter Mixed (2022),2022-02-08,73,B,TEN COINS,M,INDIAN CHARLIE,MISS CATALYST,MR. GREELEY,ST GEORGE SALES AGENT I,NOT SOLD,32000,,01/29/2012,KENTUCKY,8,GOLDENCENTS,2021-05-29,B,,https://vimeo.com/674240512
Kentucky Winter Mixed (2022),2022-02-08,74,DKB,TETHERBALL,M,PROUD CITIZEN,FROLICING,ROYAL ACADEMY,BALDWIN BLOODSTOCK AGENT XII,MIKE ABRAHAM,15000,,03/02/2010,PENNSYLVANIA,6,CONNECT,2021-05-12,B,,
Kentucky Winter Mixed (2022),2022-02-08,75,CH,THATAINT TOOSHABBY,F,DIALED IN,HOME OF THE BLUES,STREET CRY (IRE),TAYLOR MADE SALES AGENCY AGENT V,OUT,0,,05/14/2019,KENTUCKY,1&2,,,RB,,
Kentucky Winter Mixed (2022),2022-02-08,76,B,THAT GIRL ARTEMUS,F,EXAGGERATOR,SPUN IN ARTEMUS,HARD SPUN,VINERY SALES AGENT XXXI,EDY GONZALEZ,6500,,04/04/2021,VIRGINIA,14&15,,,Y,,
Kentucky Winter Mixed (2022),2022-02-08,77,DKB,,F,GOLDENCENTS,THAT'S JUST DANDY,HALF OURS,JAMES B. KEOGH (GROVENDALE) AGENT V,JEFF RUNCO AGT FOR DAVID RAIM,27000,,03/04/2021,WEST VIRGINIA,9,,,Y,,
Kentucky Winter Mixed (2022),2022-02-08,78,GRR,THISSONGSFORBAILEE,M,UNBRIDLED'S SONG,THISCATSFORCARYL,STORM CAT,TAYLOR MADE SALES AGENCY AGENT XXII,SMOKIN C LLC,35000,,03/02/2012,KENTUCKY,1&2,MENDELSSOHN,2021-06-02,B,,https://youtu.be/m_Msbh4M7mY
Kentucky Winter Mixed (2022),2022-02-08,79,DKB,TIAMARIA,M,HARLAN'S HOLIDAY,GOLDEN DAMSEL,GOLD TOKEN,VINERY SALES AGENT XXVIII,BALLYFAIR BLOODSTOCK,32000,,04/30/2014,KENTUCKY,14&15,MALIBU MOON,2021-05-06,B,,
Kentucky Winter Mixed (2022),2022-02-08,80,GRR,TILTINGATWINDMILLS,M,KITTEN'S JOY,SILVER HOLIDAY,PURIM,VINERY SALES AGENT XXIX,OUT,0,,04/11/2016,ONTARIO,14&15,,,BP,,
Kentucky Winter Mixed (2022),2022-02-08,81,B,,C,SPEIGHTSTER,TIME WARP,CAIRO PRINCE,BLUEWATER SALES LLC AGENT II,OUT,0,,03/20/2021,NEW YORK,8,,,Y,,
Kentucky Winter Mixed (2022),2022-02-08,82,B,,F,PALACE,TINA'S COMING,HARLAN'S HOLIDAY,JANET QUILLEN,DYLAN PYLE,1000,,03/12/2020,KENTUCKY,12,,,RP,,
Kentucky Winter Mixed (2022),2022-02-08,83,DKB,TIZ BLU,M,TIZNOW,SWEET DAMSEL,TURKOMAN,TAYLOR MADE SALES AGENCY AGENT III,GRANTLEY ACRES,68000,,02/07/2014,KENTUCKY,1&2,IMPROBABLE,2021-04-11,B,,https://youtu.be/EQL0IZKl99M
Kentucky Winter Mixed (2022),2022-02-08,84,DKB,,F,LEOFRIC,TIZ FAIR,FAIRBANKS,HIDDEN BROOK AGENT I,JORGE LUIS GONZALEZ,3500,,06/07/2021,NEW YORK,3,,,Y,,https://www.youtube.com/watch?v=smQvHRObPmk
Kentucky Winter Mixed (2022),2022-02-08,85,DKB,TIZ FLAWLESS,F,MUNNINGS,TIZ RAE ANNA,TIZ WONDERFUL,FOUR STAR SALES AGENT,DYLAN PYLE,2000,,04/06/2019,KENTUCKY,4,,,BP,,
Kentucky Winter Mixed (2022),2022-02-08,86,B,,F,MAXIMUS MISCHIEF,TIZ HER NOW,TIZNOW,BALDWIN BLOODSTOCK AGENT III,NOT SOLD,50000,,02/11/2021,WEST VIRGINIA,6,,,Y,,https://vimeo.com/674247225
Kentucky Winter Mixed (2022),2022-02-08,87,DKB,TIZ JOSSELYN,M,TIZNOW,CAJUN CAT,STORM CAT,MULHOLLAND SPRINGS AGENT IV,OUT,0,,02/21/2012,KENTUCKY,5,MAXIMUM SECURITY,2021-04-02,B,,
Kentucky Winter Mixed (2022),2022-02-08,88,CH,TOO SHY SHY,M,DISTORTED HUMOR,DONATION,LORD AVIE,LEGACY BLOODSTOCK AGENT V,MAPLETON THOROUGHBRED FARM,9000,,03/25/2008,KENTUCKY,10,,,B,,
Kentucky Winter Mixed (2022),2022-02-08,89,B,TRANSGRESSION,F,INTO MISCHIEF,ASIAN EMPRESS,EMPIRE MAKER,BLAKE-ALBINA THOROUGHBRED SERVICES LLC AGENT I,OUT,0,,03/14/2017,KENTUCKY,11,,,RB,,
Kentucky Winter Mixed (2022),2022-02-08,90,DKB,TREGRANDIBAMBINI,M,STONESIDER,KATINA K,DISTINCTIVE PRO,BLAKE-ALBINA THOROUGHBRED SERVICES LLC AGENT II,CONNIE BROWN,1000,,02/26/2009,NEW YORK,11,,,B,,https://vimeo.com/673328029
Kentucky Winter Mixed (2022),2022-02-08,91,B,,C,DEMARCHELIER (GB),TRUE RELIGION,YES IT'S TRUE,HARRY L. LANDRY BLOODSTOCK LLC AGENT,ANTHONY SPINAZZOLA,22000,,04/08/2021,KENTUCKY,13,,,Y,,https://vimeo.com/674018249
Kentucky Winter Mixed (2022),2022-02-08,92,B,,C,COLLECTED,TURKMENISTAN,CANDY RIDE (ARG),BALLYSAX BLOODSTOCK AGENT I,BOCA HORSE LLC,20000,,02/22/2021,KENTUCKY,6,,,Y,,
Kentucky Winter Mixed (2022),2022-02-08,93,B,,C,OMAHA BEACH,TWO DOZEN ROSES,SUPER SAVER,TAYLOR MADE SALES AGENCY AGENT XXIV,OMEGA FARM AGENT,15000,,04/11/2021,KENTUCKY,1&2,,,Y,,https://vimeo.com/672785555
Kentucky Winter Mixed (2022),2022-02-08,94,CH,,C,CATALINA CRUISER,UNBELIEVABLE DREAM,KITALPHA,KP SALES AGENT,MACHMER HALL,31000,,04/18/2021,KENTUCKY,13,,,Y,,https://vimeo.com/674454554
Kentucky Winter Mixed (2022),2022-02-08,95,DKB,UNSPOKEN WORD,M,CATIENUS,SILENT EMOTION,GHAZI,JAMES B. KEOGH (GROVENDALE) AGENT X,MR. SPEAKER-FORKS OF THE PALNXY,9000,,04/02/2004,KENTUCKY,9,UPSTART,2021-05-01,B,,
Kentucky Winter Mixed (2022),2022-02-08,96,B,UPTOWN BABE,M,RICHTER SCALE,IMAGE OF HONOR,HONOUR AND GLORY,HUNTER VALLEY FARM AGENT,STEPHEN ZIMMERMAN,1000,Y,02/03/2007,ILLINOIS,11,,,B,,https://vimeo.com/672855589
Kentucky Winter Mixed (2022),2022-02-08,97,CH,VINTAGGRACE,M,BELLAMY ROAD,FAST LOVER,NOT FOR LOVE,SCOTT MALLORY AGENT,NOT SOLD,5000,,04/07/2008,KENTUCKY,12,SHANCELOT,2021-04-16,B,,
Kentucky Winter Mixed (2022),2022-02-08,98,B,VOLATA,F,RUN AWAY AND HIDE,SUPER CHILL,SUPER SAVER,LEGACY BLOODSTOCK AGENT VIII,BACKSTREET STABLE,3000,,04/18/2019,KENTUCKY,10,,,BP,,
Kentucky Winter Mixed (2022),2022-02-08,99,GRR,,C,UNION RAGS,VOLTARRA,GIACOMO,LANE'S END AGENT,LEVY BLOODSTOCK,22000,,05/30/2021,KENTUCKY,1,,,Y,,https://vimeo.com/671262024
Kentucky Winter Mixed (2022),2022-02-08,100,B,,F,HARD SPUN,WATERWAY RUN,ARCH,VINERY SALES AGENT FOR HREH RAISED AT SPRINGHILL EQUINE,DONALDSON BLOODSTOCK AGENT,35000,,02/12/2021,KENTUCKY,14&15,,,Y,,
Kentucky Winter Mixed (2022),2022-02-08,101,B,WAY BACK HOME,M,TAKE CHARGE INDY,NAUGHTY HOLIDAY,HARLAN'S HOLIDAY,BROOKDALE SALES AGENT,NOT SOLD,1000,,04/24/2016,KENTUCKY,7,,,B,,https://vimeo.com/672170680
Kentucky Winter Mixed (2022),2022-02-08,102,DKB,,F,BOLT D'ORO,WAY BACK HOME,TAKE CHARGE INDY,BROOKDALE SALES AGENT,DYLAN PYLE,2000,,02/16/2020,KENTUCKY,7,,,RP,,https://vimeo.com/672175763
Kentucky Winter Mixed (2022),2022-02-08,103,B,,C,BOLT D'ORO,WAY BACK HOME,TAKE CHARGE INDY,BROOKDALE SALES AGENT,B.W. STUBEL,20000,,05/12/2021,KENTUCKY,7,,,Y,,https://vimeo.com/672184007
Kentucky Winter Mixed (2022),2022-02-08,104,B,,F,CLASSIC EMPIRE,WHAT A LILY,VINDICATION,BROOKDALE SALES AGENT FOR THE ESTATE OF GASTON BALBI,NOT SOLD,49000,,04/17/2020,KENTUCKY,7,,,RP,,https://vimeo.com/674463678
Kentucky Winter Mixed (2022),2022-02-08,105,CH,,C,GOOD SAMARITAN,WHAT WHAT WHAT,ARCHARCHARCH,CROWNING POINT FARM AGENT,NOT SOLD,11000,,04/25/2021,KENTUCKY,12,,,Y,,
Kentucky Winter Mixed (2022),2022-02-08,106,B,WHOA NESSIE,M,SQUARE EDDIE,ELECTRIC DAZE,GILDED TIME,BALLYSAX BLOODSTOCK AGENT II,SMALL BATCH THOROUGHBREDS,33000,,04/21/2015,CALIFORNIA,6,,,BP,,
Kentucky Winter Mixed (2022),2022-02-08,107,B,,C,MOR SPIRIT,WHOGOOSEDTHEMOOSE,SPRING AT LAST,VINERY SALES AGENT XV,OUT,0,,05/25/2021,INDIANA,14&15,,,Y,,
Kentucky Winter Mixed (2022),2022-02-08,108,DKB,,F,FAST ANNA,WICKED STORM,STORMY ATLANTIC,HILL 'N' DALE SALES AGENCY AGENT,KRIYA BLOODSTOCK,5000,,01/31/2021,KENTUCKY,3,,,Y,,
Kentucky Winter Mixed (2022),2022-02-08,109,DKB,WILD SUCCESS,F,VIOLENCE,DAY OF VICTORY,VICTORY GALLOP,JAMES B. KEOGH (GROVENDALE) AGENT XV,OUT,0,,03/05/2017,KENTUCKY,9,,,BP,,
Kentucky Winter Mixed (2022),2022-02-08,110,CH,,C,TAPITURE,WINTER SOLSTICE,UNBRIDLED,BALDWIN BLOODSTOCK AGENT V,NOT SOLD,20000,,04/27/2021,KENTUCKY,6,,,Y,,https://vimeo.com/674249623
Kentucky Winter Mixed (2022),2022-02-08,111,B,WISE GAL,M,EINSTEIN (BRZ),SPIRITED GAME,NOT FOR LOVE,PARAMOUNT SALES AGENT IV,MARYANN BLAZEJEWSKI,1000,,03/19/2015,KENTUCKY,5,,,B,,
Kentucky Winter Mixed (2022),2022-02-08,112,B,,F,FAST ANNA,WISE GAL,EINSTEIN (BRZ),PARAMOUNT SALES AGENT IV,EDY GONZALEZ,6000,,04/26/2021,KENTUCKY,5,,,Y,,
Kentucky Winter Mixed (2022),2022-02-08,113,B,WORLD RIOT,M,VIOLENCE,ATLAS VALLEY,CAPOTE,BLUEWATER SALES LLC AGENT V,CHARLIE ALLEN,1000,,05/05/2015,NEW YORK,8,,,B,,
Kentucky Winter Mixed (2022),2022-02-08,114,CH,,C,KLIMT,WRAITH,GHOSTZAPPER,FOUR STAR SALES AGENT,TOBIN STABLES LLC,7000,,03/03/2021,KENTUCKY,4,,,Y,,
Kentucky Winter Mixed (2022),2022-02-08,115,DKB,YOUMAKEMEBLUSH,M,VIOLENCE,BLUSH,MENIFEE,TAYLOR MADE SALES AGENCY AGENT V,OUT,0,,04/14/2015,NEW YORK,1&2,CENTRAL BANKER,2021-05-08,B,,
Kentucky Winter Mixed (2022),2022-02-08,116,GRR,YOU'REINTHEARMYNOW,C,ARMY MULE,TIMELESS,UNBRIDLED'S SONG,BALDWIN BLOODSTOCK AGENT X,GAIL C RICE,7000,Y,05/09/2021,KENTUCKY,6,,,Y,,https://www.youtube.com/watch?v=OJBc9QuyR0k
Kentucky Winter Mixed (2022),2022-02-08,118,B,Y SEVEN,M,GILDED TIME,UNLACED,BROAD BRUSH,FOUR STAR SALES AGENT,OUT,0,,02/21/2003,KENTUCKY,4,GOOD SAMARITAN,2021-05-01,B,,
Kentucky Winter Mixed (2022),2022-02-08,119,DKB,YULE PARTY,M,HARLAN'S HOLIDAY,BEAUTIFUL EAST,WOLF POWER (SAF),STUART MORRIS AGENT I,NOT SOLD,32000,,04/20/2012,KENTUCKY,4,CONNECT,2021-05-02,B,,https://vimeo.com/674223220
Kentucky Winter Mixed (2022),2022-02-08,120,DKB,,F,CAIRO PRINCE,ZARMANT,TAPIZAR,VINERY SALES AGENT XI,JOHN B PENN,35000,,02/08/2021,KENTUCKY,14&15,,,Y,,https://vimeo.com/672774415
Kentucky Winter Mixed (2022),2022-02-08,121,CH,ZELPHA,F,UNION RAGS,MAQUETTE,TAPIT,TAYLOR MADE SALES AGENCY AGENT XIX,NOT SOLD,7000,,04/19/2018,KENTUCKY,1&2,,,BP,,https://youtu.be/KkMc2Tp5_mg
Kentucky Winter Mixed (2022),2022-02-08,122,CH,,C,NOT THIS TIME,ZIFENA (GB),ZAMINDAR,BROOKDALE SALES AGENT,OUT,0,,03/09/2021,KENTUCKY,7,,,Y,,
Kentucky Winter Mixed (2022),2022-02-08,123,B,,F,UNCLE MO,ACADEMIC,HENNY HUGHES,BROOKDALE SALES AGENT,OUT,0,,04/15/2020,KENTUCKY,7,,,RP,,https://vimeo.com/674444267
Kentucky Winter Mixed (2022),2022-02-08,124,B,A CHANGE OF HEART,M,UNBRIDLED'S SONG,SHOOFHA (IRE),BLUEBIRD,PARAMOUNT SALES AGENT III,DASH C GOFF,120000,,04/21/2014,KENTUCKY,5,VEKOMA,2021-05-19,B,,https://vimeo.com/672855676
Kentucky Winter Mixed (2022),2022-02-08,125,GRR,ACTING OUT,F,BLAME,RIDING POINT,SPEIGHTSTOWN,TAYLOR MADE SALES AGENCY AGENT XXVIII,OUT,0,,04/05/2017,KENTUCKY,1&2,,,RB,,
Kentucky Winter Mixed (2022),2022-02-08,126,GRR,ADMAA,F,THE FACTOR,AYAADY,TAPIT,VINERY SALES AGENT XXIX,OUT,0,,02/06/2017,KENTUCKY,14&15,,,BP,,
Kentucky Winter Mixed (2022),2022-02-08,127,DKB,,F,LIAM'S MAP,ADREAM,BERNARDINI,TAYLOR MADE SALES AGENCY AGENT XXX,GLENCREST FARM LLC,100000,,04/01/2021,KENTUCKY,1&2,,,Y,,https://youtu.be/jAJxWxRHRmA
Kentucky Winter Mixed (2022),2022-02-08,128,DKB,AFTERNOON TANGO,M,AFTERNOON DEELITES,TANGO FOR TIPS,SEEKING THE GOLD,VINERY SALES AGENT XXVIII,WILLIAM E RIDDLE JR,40000,,05/04/2010,LOUISIANA,14&15,FLAMEAWAY,2021-05-28,B,,
Kentucky Winter Mixed (2022),2022-02-08,129,B,AFTER THE PARTY,F,INTO MISCHIEF,DEFY GRAVITY,BANDINI,BROOKDALE SALES AGENT,CLARKLAND FARM,110000,,02/23/2018,KENTUCKY,7,,,BP,,https://vimeo.com/672915697
Kentucky Winter Mixed (2022),2022-02-08,130,B,,C,MOR SPIRIT,AGENT PROVOCATEUR,INTERACTIF,NICKY DRION THOROUGHBREDS AGENT,OUT,0,,05/19/2021,KENTUCKY,12,,,Y,,
Kentucky Winter Mixed (2022),2022-02-08,131,CH,,F,SPEIGHTSTER,ALLERTON,CAPE BLANCO (IRE),PARAMOUNT SALES AGENT VIII,GREGORY RYAN VIANDS,7000,,03/28/2020,KENTUCKY,5,,,RP,,https://vimeo.com/672732934
Kentucky Winter Mixed (2022),2022-02-08,132,DKB,ALL GIRL,F,GHOSTZAPPER,ALLUSION,STREET CRY (IRE),TAYLOR MADE SALES AGENCY AGENT XXIX,GLEN HILL FARM,35000,,02/26/2019,KENTUCKY,1&2,,,BP,,https://youtu.be/wHLdH7t8aR4
Kentucky Winter Mixed (2022),2022-02-08,133,GRR,ALOBRAH,F,MSHAWISH,DAMSAH,MR. GREELEY,BROOKDALE SALES AGENT,NORTH AMERICAN TB HORSE CO,15000,,02/04/2019,KENTUCKY,7,,,RB,,https://vimeo.com/672178111
Kentucky Winter Mixed (2022),2022-02-08,134,B,ANA LUISA (BRZ),M,ELUSIVE QUALITY,NEW REGINA (BRZ),ROYAL ACADEMY,TAYLOR MADE SALES AGENCY AGENT XXXIII,CHAD SCHUMER AGENT,20000,,07/13/2010,BRZ,1&2,PALACE MALICE,2021-05-07,B,,
Kentucky Winter Mixed (2022),2022-02-08,135,DKB,ANDES,M,FORESTRY,MISTY HOUR,MISWAKI,BLAKE-ALBINA THOROUGHBRED SERVICES LLC AGENT I,MICHAEL WOOD,2000,,02/11/2006,KENTUCKY,11,,,B,,https://vimeo.com/673328453
Kentucky Winter Mixed (2022),2022-02-08,136,CH,ANGEL'S SASSY,F,CINCO CHARLIE,WINDSAIL,GRAND APPOINTMENT,SHEPPELL THOROUGHBREDS AGENT,OUT,0,,04/10/2018,OHIO,8,,,RB,,
Kentucky Winter Mixed (2022),2022-02-08,137,DKB,ANGLE OF ATTACK,F,MACLEAN'S MUSIC,BOURBON WARFARE,COLONEL JOHN,HUNTER VALLEY FARM AGENT,BLANDFORD STUD AGENT,21000,,02/27/2017,WEST VIRGINIA,11,,,BP,,https://vimeo.com/674261263
Kentucky Winter Mixed (2022),2022-02-08,138,DKB,APPEALING APPLE,M,SUCCESSFUL APPEAL,SWEET GOLDEN CAROL,MEDAGLIA D'ORO,RYAN WILSON AGENT FOR SATHER FAMILY LLC,MARVIN JOHNSON,4000,,05/13/2012,KENTUCKY,13,FLAT OUT,2021-03-06,B,,
Kentucky Winter Mixed (2022),2022-02-08,139,CH,,C,CARPE DIEM,APPEALING IVY,MINESHAFT,MAINE CHANCE FARM (UNIVERSITY OF KENTUCKY),NEW HOPE,5500,,04/24/2021,KENTUCKY,15,,,Y,,https://youtu.be/nN8HFomkzbw
Kentucky Winter Mixed (2022),2022-02-08,140,B,A PRETTY HANSEN,M,HANSEN,IN THE BRIDLE,TIZNOW,POPE MCLEAN (CRESTWOOD FARM) AGENT FOR KENDALL E. HANSEN M.D. RACING LLC,JEFF RAMEY,3000,,04/01/2014,OHIO,11,FLAMEAWAY,2021-03-18,B,,
Kentucky Winter Mixed (2022),2022-02-08,141,DKB,ARCHITECT,M,ARCH,FIRST ASCENT,CHEROKEE RUN,BUCKLAND SALES (ZACH MADDEN) AGENT IV,WARREN A WINSLOW III,2000,,04/05/2015,KENTUCKY,10,,,B,,
Kentucky Winter Mixed (2022),2022-02-08,142,B,,F,SPEIGHTSTER,ARROSTOS,BODEMEISTER,KP SALES AGENT,FERGUS BOGLE,5000,,02/03/2021,KENTUCKY,13,,,Y,,
Kentucky Winter Mixed (2022),2022-02-08,143,B,,F,CATALINA CRUISER,ASSEMBLE,BODEMEISTER,STUART MORRIS AGENT III,TERRY GABRIEL,55000,,01/20/2021,LOUISIANA,4,,,Y,,https://vimeo.com/674223245
Kentucky Winter Mixed (2022),2022-02-08,144,GRR,AUTUMN ASH,M,TAPIT,CRAFTY EMBER,CRAFTY PROSPECTOR,LITTLE'S BLOODSTOCK AGENT,OUT,0,,02/18/2006,KENTUCKY,3,SOLOMINI,2021-04-02,B,,
Kentucky Winter Mixed (2022),2022-02-08,145,B,AWESOME BELLA,M,AWESOME AGAIN,CINDAZANNO,ALLEGED,TAYLOR MADE SALES AGENCY AGENT XXII,KILLORA STUD LLC,40000,,06/01/2009,KENTUCKY,1&2,STREET SENSE,2021-06-09,B,,https://youtu.be/HxGkphm_RVA
Kentucky Winter Mixed (2022),2022-02-08,146,GRR,AWESOME DEBATE,M,HONORABLE DILLON,HEALTHY DEBATE,FREUD,HIGHGATE SALES AGENT IV,LIMESTONE PARTNERS,22000,,05/06/2016,NEW YORK,9,,,BP,,https://vimeo.com/674033630
Kentucky Winter Mixed (2022),2022-02-08,147,CH,AWESOMELOVEOFDEORO,F,AWESOME AGAIN,ESTRELLA DE ORO (GB),BELONG TO ME,KP SALES AGENT,AMY H DANEY BLOODSTOCK,6000,,04/01/2018,KENTUCKY,13,,,BP,,https://vimeo.com/674454638
Kentucky Winter Mixed (2022),2022-02-08,148,B,AWESOME RAFAELA (BRZ),M,ELUSIVE QUALITY,LINDA RAFAELA (BRZ),BIN AJWAAD (IRE),TAYLOR MADE SALES AGENCY AGENT XXXIII,FERGUS GALVIN AGENT,95000,,08/19/2010,BRZ,1&2,VOLATILE,2021-03-28,B,,
Kentucky Winter Mixed (2022),2022-02-08,149,B,BABY GO FAR (BRZ),M,ELUSIVE QUALITY,LINDA RAFAELA (BRZ),BIN AJWAAD (IRE),TAYLOR MADE SALES AGENCY AGENT XXXIII,CRAIG SINGER,150000,,08/12/2011,BRZ,1&2,GUN RUNNER,2021-04-11,B,,https://vimeo.com/674129665
Kentucky Winter Mixed (2022),2022-02-08,150,B,BAHAMA MISCHIEF,F,INTO MISCHIEF,BAHAMA BOUND,EMPIRE MAKER,HILL 'N' DALE SALES AGENCY AGENT,OUT,0,,04/30/2018,KENTUCKY,3,,,RB,,
Kentucky Winter Mixed (2022),2022-02-08,151,DKB,,F,UPSTART,BAY FINN,HARLAN'S HOLIDAY,BLUEWATER SALES LLC AGENT IV,NOT SOLD,52000,,04/27/2021,NEW YORK,8,,,Y,,
Kentucky Winter Mixed (2022),2022-02-08,152,B,BAY RIVER,M,PIONEEROF THE NILE,LEO'S PEGASUS,FUSAICHI PEGASUS,BUCKLAND SALES (ZACH MADDEN) AGENT V,PONY WORLD FARM,45000,,03/25/2016,KENTUCKY,10,AUDIBLE,2021-05-23,B,,
Kentucky Winter Mixed (2022),2022-02-08,153,DKB,BEACH TIME,F,BERNARDINI,MAGDALENA BAY,DISTORTED HUMOR,TAYLOR MADE SALES AGENCY AGENT XV,ROBERT M EVANS,60000,,01/27/2017,KENTUCKY,1&2,VINO ROSSO,2021-04-21,B,,https://vimeo.com/674130059
Kentucky Winter Mixed (2022),2022-02-08,154,B,,C,AUDIBLE,BEAR,SUPER SAVER,PARAMOUNT SALES AGENT VII,CLOUD NINE LUMONI,80000,,02/10/2021,KENTUCKY,5,,,Y,,https://vimeo.com/672782379
Kentucky Winter Mixed (2022),2022-02-08,155,B,BEAR ACCESS,M,GATORS N BEARS,MEDIA ACCESS,DEVIL'S BAG,BUCKLAND SALES (ZACH MADDEN) AGENT VIII,WILLIAM E RIDDLE JR,11000,,04/30/2010,MARYLAND,10,GORMLEY,2021-05-17,B,,
Kentucky Winter Mixed (2022),2022-02-08,156,B,,F,BODEMEISTER,BEAR SHE GOES,BERNARDINI,LEGACY BLOODSTOCK AGENT I,NOT SOLD,17000,,03/25/2020,NEW YORK,10,,,RP,,
Kentucky Winter Mixed (2022),2022-02-08,157,DKB,,F,FAST ANNA,BEAUTIFUL ESCAPE,ELUSIVE QUALITY,TAYLOR MADE SALES AGENCY AGENT XXXIV,OUT,0,,04/28/2021,KENTUCKY,1&2,,,Y,,
Kentucky Winter Mixed (2022),2022-02-08,158,GRR,,C,LEOFRIC,BEAUTIFUL PEAR,STRATEGIC MISSION,VINERY SALES AGENT XIV,COLT PIKE AGENT,24000,,02/24/2021,NEW YORK,14&15,,,Y,,
Kentucky Winter Mixed (2022),2022-02-08,159,DKB,,C,BERNARDINI,BEAUTY'S CAUSE,NIAGARA CAUSEWAY,VINERY SALES AGENT V,NORTH AMERICAN TB HORSE CO,15000,,02/21/2021,KENTUCKY,14&15,,,Y,,
Kentucky Winter Mixed (2022),2022-02-08,160,B,BELLA CHIANTI,M,EMPIRE MAKER,BELLA CHIARRA,PHONE TRICK,STUART MORRIS AGENT IV,NOT SOLD,340000,,04/01/2008,KENTUCKY,4,WAR OF WILL,2021-06-12,B,,https://vimeo.com/674223129
Kentucky Winter Mixed (2022),2022-02-08,161,B,,C,VIOLENCE,BELLA CHIANTI,EMPIRE MAKER,STUART MORRIS AGENT IV,OUT,0,,04/28/2021,KENTUCKY,4,,,Y,,
Kentucky Winter Mixed (2022),2022-02-08,162,B,BELLA MONETA,M,MAX'S PAL,LA BELLA VISTA,STORM OF ANGELS,BUCKLAND SALES (ZACH MADDEN) AGENT VIII,BARAK FARM,9500,,04/27/2007,FLORIDA,10,TEMPLE CITY,2021-05-14,B,,
Kentucky Winter Mixed (2022),2022-02-08,163,DKB,BELLOMA,M,YANKEE GENTLEMAN,GREEN FLASH,WILD AGAIN,HILL 'N' DALE SALES AGENCY AGENT,JOHN BASHORE,5000,,02/20/2009,CALIFORNIA,3,ARMY MULE,2021-05-14,B,,
Kentucky Winter Mixed (2022),2022-02-08,164,B,,F,EMPIRE MAKER,BELOVEDA,GHOSTZAPPER,VINERY SALES AGENT XXIX,OUT,0,,03/30/2020,KENTUCKY,14&15,,,RP,,
Kentucky Winter Mixed (2022),2022-02-08,165,B,BELPERRON,F,WAR FRONT,VERDURA,SMART STRIKE,TAYLOR MADE SALES AGENCY AGENT XII,MARY JO GILMORE,25000,,05/03/2019,KENTUCKY,1&2,,,RB,,https://vimeo.com/674130822
Kentucky Winter Mixed (2022),2022-02-08,166,CH,,F,KITTEN'S JOY,BENGALA (FR),PIVOTAL (GB),BROOKDALE SALES AGENT,OUT,0,,04/04/2020,KENTUCKY,7,,,RP,,https://vimeo.com/674464030
Kentucky Winter Mixed (2022),2022-02-08,167,B,,C,ALWAYS DREAMING,BESTPERSONALREGARD,CANDY RIDE (ARG),KP SALES AGENT,CAROLINE PETERSON,19000,,04/02/2021,KENTUCKY,13,,,Y,,
Kentucky Winter Mixed (2022),2022-02-08,168,DKB,,C,LEOFRIC,BETROFF TOUGH,TALE OF THE CAT,HIDDEN BROOK AGENT I,AMIRA CHICHAKLY,6000,,05/15/2021,NEW YORK,3,,,Y,,https://www.youtube.com/watch?v=uStG3orLn7I
Kentucky Winter Mixed (2022),2022-02-08,169,CH,BETTER WITH AGE,F,MORE THAN READY,BELLA CHIANTI,EMPIRE MAKER,MILL RIDGE SALES AGENT,INTERNATIONAL EQUITIES HOLDING,80000,,03/05/2017,KENTUCKY,2,,,BP,,https://youtu.be/2YIV1-z79oY
Kentucky Winter Mixed (2022),2022-02-08,170,B,BEYOND THE MOON,F,MALIBU MOON,ELECTRIC GOLD,SEEKING THE GOLD,LANE'S END AGENT,BALLYFAIR BLOODSTOCK,40000,,02/08/2017,KENTUCKY,1,,,BP,,
Kentucky Winter Mixed (2022),2022-02-08,171,B,BIG RELEASE,M,MR. BIG,REVEALING,MARIA'S MON,HILL 'N' DALE SALES AGENCY AGENT,DAWN MARTIN,3500,,05/17/2013,KENTUCKY,3,ARMY MULE,2021-05-22,B,,
Kentucky Winter Mixed (2022),2022-02-08,172,B,,F,BAYERN,BIG RELEASE,MR. BIG,HILL 'N' DALE SALES AGENCY AGENT,RIVERVIEW FARM,4000,,04/30/2021,KENTUCKY,3,,,Y,,
Kentucky Winter Mixed (2022),2022-02-08,173,DKB,BIG TIME LADY,F,BIG BROWN,LIZA LU,MENIFEE,FOUR STAR SALES AGENT,NOT SOLD,49000,,04/13/2018,NEW YORK,4,,,RB,,https://vimeo.com/674237977
Kentucky Winter Mixed (2022),2022-02-08,174,DKB,BLACK CAPE,M,MIDNIGHT LUTE,THIS CAT CAN DANCE,VINDICATION,BALLYSAX BLOODSTOCK AGENT I,BRYAN ANDERSON,43000,Y,02/15/2015,KENTUCKY,6,IMPROBABLE,2021-04-15,B,,
Kentucky Winter Mixed (2022),2022-02-08,175,B,,C,COLLECTED,BLAHNIK,BERNARDINI,MULHOLLAND SPRINGS AGENT I,JTT BLOODSTOCK,11000,,03/10/2021,KENTUCKY,5,,,Y,,
Kentucky Winter Mixed (2022),2022-02-08,176,B,,F,UPSTART,BODE ON TAP,BODEMEISTER,KP SALES AGENT,BOLTER BLOODDSTOCK,50000,,04/13/2021,KENTUCKY,13,,,Y,,https://vimeo.com/674454717
Kentucky Winter Mixed (2022),2022-02-08,177,CH,BODHICITTA (GB),M,SHOWCASING (GB),SOLFILIA (GB),TEOFILO (IRE),ST GEORGE SALES AGENT,K I FARM,450000,,02/24/2016,GB,8,,,RB,,https://youtu.be/921Khrc7A2s
Kentucky Winter Mixed (2022),2022-02-08,178,CH,BOLD CONTENDER,M,STRONG CONTENDER,SPECIAL WIFE,HUSBAND,HUNTER VALLEY FARM AGENT,HARPER RIDGE THOROUGHBREDS,2000,,03/04/2013,FLORIDA,11,UNIFIED,2021-04-16,B,,https://vimeo.com/674261302
Kentucky Winter Mixed (2022),2022-02-08,179,B,BONITANNA,F,FAST ANNA,LATEST THINKING,TALE OF THE CAT,LANE'S END AGENT,DEBORAH MCCUTCHEN,10000,,02/04/2021,KENTUCKY,1,,,Y,,https://youtu.be/zGvqtHvL7TQ
Kentucky Winter Mixed (2022),2022-02-08,180,CH,,F,SPEIGHTSTOWN,BOW,MEDAGLIA D'ORO,TAYLOR MADE SALES AGENCY AGENT XXXVI,BLUEWATER AGENT FOR MAIN LINE RACING,185000,,04/25/2021,KENTUCKY,1&2,,,Y,,https://vimeo.com/672807549
Kentucky Winter Mixed (2022),2022-02-08,181,B,B POSITIVE,M,THEWAYYOUARE,REMEMBER DOROTHY,SMOKESTER,HILL 'N' DALE SALES AGENCY AGENT,SANCAL/KELES,8000,,03/10/2011,CALIFORNIA,3,ARMY MULE,2021-04-17,B,,
Kentucky Winter Mixed (2022),2022-02-08,182,B,,C,CONSTITUTION,BRAHMS CAT,WILDCAT HEIR,TAYLOR MADE SALES AGENCY AGENT XXI,H.A.F. STABLE,115000,,01/24/2021,KENTUCKY,1&2,,,Y,,https://youtu.be/5vTulrk8-8E
Kentucky Winter Mixed (2022),2022-02-08,183,DKB,BRASS BONNET,M,SKY MESA,BRASSY,DIXIE BRASS,CROWNING POINT FARM AGENT,NOT SOLD,4700,,03/03/2008,FLORIDA,12,TAPITURE,2021-05-31,B,,
Kentucky Winter Mixed (2022),2022-02-08,184,CH,,F,TAMARKUZ,BREEZE SHOW,GIANT'S CAUSEWAY,BUCKLAND SALES (ZACH MADDEN) AGENT VI,OUT,0,,03/09/2021,FLORIDA,10,,,Y,,
Kentucky Winter Mixed (2022),2022-02-08,185,CH,BUXOM BEAST,F,THE BIG BEAST,POTLUCK DINNER,PENTELICUS,JAMES B. KEOGH (GROVENDALE) AGENT I,NOT SOLD,29000,,03/29/2017,FLORIDA,9,TOM'S D'ETAT,2021-05-21,B,,
Kentucky Winter Mixed (2022),2022-02-08,186,CH,CALAMITY JANE,M,COWBOY CAL,RINGBANG CITY,CARSON CITY,JAMES B. KEOGH (GROVENDALE) AGENT I,OUT,0,,04/13/2013,LOUISIANA,9,HONOR A. P.,2021-03-30,B,,
Kentucky Winter Mixed (2022),2022-02-08,187,B,,C,GOLDENCENTS,CALL FOR FIRE,WAR CHANT,KP SALES AGENT,KINGA FARM AGENT,32000,,03/15/2021,KENTUCKY,13,,,Y,,https://vimeo.com/673361276
Kentucky Winter Mixed (2022),2022-02-08,188,GRR,CAMILLE CLAUDEL,M,BROKEN VOW,CHARMING RUCKUS,SILVER CHARM,KP SALES AGENT,DR RONALD HARRIS PARKER,30000,,04/07/2011,KENTUCKY,13,YOSHIDA (JPN),2021-05-08,B,,
Kentucky Winter Mixed (2022),2022-02-08,189,GRR,CAMPY CASH,F,RACE DAY,CASH RESERVE,DISTORTED HUMOR,HUNTER VALLEY FARM AGENT,LUCKY DISCOVERY FARM,32000,,03/27/2017,FLORIDA,11,,,BP,,https://vimeo.com/674261337
Kentucky Winter Mixed (2022),2022-02-08,190,DKB,CANDY MOM,F,CANDY RIDE (ARG),ONE STORMY MAMA,STORM CAT,BUCKLAND SALES (ZACH MADDEN) AGENT V,NOT SOLD,19000,,04/18/2019,KENTUCKY,10,,,RB,,
Kentucky Winter Mixed (2022),2022-02-08,191,B,CAP,M,ARCH,ENTH,SEEKING THE GOLD,BLAKE-ALBINA THOROUGHBRED SERVICES LLC AGENT I,NOT SOLD,49000,,03/25/2012,KENTUCKY,11,FLATTER,2021-06-27,B,,https://vimeo.com/674221961
Kentucky Winter Mixed (2022),2022-02-08,192,DKB,CASH HAPPY,F,RUNHAPPY,COLONELLA,PLEASANT COLONY,BURLESON FARMS AGENT,HIGH ST INVESMENTS,52000,,02/16/2019,KENTUCKY,4,,,RB,,https://vimeo.com/672297819
Kentucky Winter Mixed (2022),2022-02-08,193,B,,F,KITTEN'S JOY,CASTELLANI,QUALITY ROAD,BROOKDALE SALES AGENT FOR THE ESTATE OF GASTON BALBI,TROPICAL RACING,50000,,04/18/2021,KENTUCKY,7,,,Y,,https://vimeo.com/672923345
Kentucky Winter Mixed (2022),2022-02-08,194,B,,C,COPPER BULLET,CATTY LADY,BLUEGRASS CAT,VINERY SALES AGENT XXVII,PAT MCGHEE,6000,,02/26/2021,INDIANA,14&15,,,Y,,
Kentucky Winter Mixed (2022),2022-02-08,195,B,,F,PIONEEROF THE NILE,CAVALIA,GHOSTZAPPER,BROOKDALE SALES AGENT FOR THE ESTATE OF GASTON BALBI,OUT,0,,02/14/2020,KENTUCKY,7,,,RP,,
Kentucky Winter Mixed (2022),2022-02-08,196,B,C C MY SIS,M,TIZNOW,PULPIT ANGEL,PULPIT,HIDDEN BROOK AGENT II,NOT SOLD,50000,,01/22/2016,KENTUCKY,3,,,BP,,https://vimeo.com/672065946
Kentucky Winter Mixed (2022),2022-02-08,197,B,CEE ARE EM,F,ORB,DATABASE,KNOWN FACT,BUCKLAND SALES (ZACH MADDEN) AGENT V,STARWOOD FARM,12000,Y,03/07/2019,KENTUCKY,10,,,RB,,
Kentucky Winter Mixed (2022),2022-02-08,198,DKB,CELESTIAL SMILE,M,TIZNOW,COUNTESS LEMONADE,STORM CAT,BALLYSAX BLOODSTOCK AGENT III,OUT,0,,02/09/2013,KENTUCKY,6,,,B,,
Kentucky Winter Mixed (2022),2022-02-08,199,CH,CHANGE OF CUSTODY,F,WILL TAKE CHARGE,JANETSTICKETTOCATS,STORM CAT,BUCKLAND SALES (ZACH MADDEN) AGENT I,CARLOS CLETO,35000,,02/27/2017,FLORIDA,10,TOM'S D'ETAT,2021-04-07,B,,
Kentucky Winter Mixed (2022),2022-02-08,200,CH,,C,FIRING LINE,CHARLOTTE'S DI,EL CORREDOR,MAINE CHANCE FARM (UNIVERSITY OF KENTUCKY),MARCOS ARENAS,3700,,04/28/2021,KENTUCKY,15,,,Y,,https://youtu.be/ffV8u9yWOIE
Kentucky Winter Mixed (2022),2022-02-08,201,B,CHARM CATCHER,M,DUKE OF MARMALADE (IRE),OLYMPIC CHARMER,OLYMPIO,VINERY SALES AGENT V,NOT SOLD,12000,,03/23/2010,KENTUCKY,14&15,STREET BOSS,2021-05-16,B,,
Kentucky Winter Mixed (2022),2022-02-08,202,CH,CHASING ARTEMIS,F,DAREDEVIL,THUNDEROUS LADY,THUNDER GULCH,DENALI STUD AGENT IV,DOUGLAS MAROUN,7000,,05/05/2019,MARYLAND,1,,,RB,,
Kentucky Winter Mixed (2022),2022-02-08,203,GRR,CHASTAIN,F,FROSTED,INGENUE,MR. GREELEY,VINERY SALES AGENT FOR SPENDTHRIFT FARM LLC,HAPPY HORSE STABLES,10000,,03/18/2018,KENTUCKY,14&15,,,RB,,
Kentucky Winter Mixed (2022),2022-02-08,204,B,,F,PIONEEROF THE NILE,CHELSEA MARKET,VERRAZANO,BROOKDALE SALES AGENT FOR THE ESTATE OF GASTON BALBI,MEAH/LLOYD BLOODSTOCK AGENT FOR OMAR ALDABBAGH,50000,,02/26/2020,KENTUCKY,7,,,RP,,https://vimeo.com/674464555
Kentucky Winter Mixed (2022),2022-02-08,205,B,CHEROKEE SONG,F,PIONEEROF THE NILE,CHICALELEE,CHEROKEE RUN,HIGHGATE SALES AGENT III,MIKE EVANS,48000,,04/05/2017,KENTUCKY,9,,,BP,,https://vimeo.com/674033658
Kentucky Winter Mixed (2022),2022-02-08,206,B,CHEYENNE AUTUMN,M,INDIAN CHARLIE,SAFE HAVEN,A.P. INDY,HUNTER VALLEY FARM AGENT,ATLANTIC BLOODSTOCK,50000,,02/14/2010,KENTUCKY,11,SOLOMINI,2021-04-16,B,,
Kentucky Winter Mixed (2022),2022-02-08,207,B,CHILI PETIN,F,CITY ZIP,CAT'S CLAW,DYNAFORMER,BROOKDALE SALES AGENT FOR THE ESTATE OF GASTON BALBI,STEVEN W YOUNG AGENT,65000,,03/21/2017,KENTUCKY,7,,,BP,,https://vimeo.com/672963928
Kentucky Winter Mixed (2022),2022-02-08,208,B,CHILLY SKY,F,SKY MESA,HOLIDAY CHILLS,HARLAN'S HOLIDAY,PARAMOUNT SALES AGENT VI,OUT,0,,05/07/2017,PENNSYLVANIA,5,,,BP,,
Kentucky Winter Mixed (2022),2022-02-08,209,DKB,CHIVALRYISNOTDEAD,F,HONOR CODE,TASTE THE PASSION,WILD AGAIN,BALDWIN BLOODSTOCK AGENT VII,NORTH AMERICAN TB HORSE CO,39000,,04/06/2019,WASHINGTON,6,,,RB,,https://www.youtube.com/watch?v=SlPpHzx6hEw
Kentucky Winter Mixed (2022),2022-02-08,210,B,,C,OUTWORK,CINCH,COWBOY CAL,VINERY SALES AGENT XVI,MAUK EQUINE AGENT FOR TEC RACING,21000,,04/15/2021,KENTUCKY,14&15,,,Y,,
Kentucky Winter Mixed (2022),2022-02-08,211,B,,F,ALWAYS DREAMING,CIRCUSTOWN ROSE,WIMBLEDON,MAPLE RUN SOUTH AGENT,JUAN ANDRES RODRIGUEZ,15000,,05/10/2021,KENTUCKY,12,,,Y,,
Kentucky Winter Mixed (2022),2022-02-08,212,GRR,CLAIRE LET IT BE,F,LIAM'S MAP,LET'SLEAVEITATTHAT,BODEMEISTER,DENALI STUD AGENT I,R DALYN JONES AGENT,20000,,04/06/2018,KENTUCKY,1,,,BP,,
Kentucky Winter Mixed (2022),2022-02-08,213,B,,F,GOOD MAGIC,CLARA BARTON,UNION RAGS,ENDEAVOR FARM AGENT,JEREMY RAMSLAND,8000,,02/29/2020,KENTUCKY,5,,,RP,,
Kentucky Winter Mixed (2022),2022-02-08,214,B,CLEAR AS DAY,M,SKY MESA,MUCH OBLIGED,KINGMAMBO,VINERY SALES AGENT XXIX,JD FARMS CAMBREY FARM AGENT,8000,,04/21/2016,KENTUCKY,14&15,,,BP,,
Kentucky Winter Mixed (2022),2022-02-08,215,GRR,CLEARWATER,M,PAYNTER,BIORRA,SMOKE GLACKEN,BLUEWATER SALES LLC AGENT VI,ON YOUR LEFT RACING LLC LEGION AGENT,55000,,05/06/2015,KENTUCKY,8,MITOLE,2021-04-29,B,,
Kentucky Winter Mixed (2022),2022-02-08,216,DKB,CLOSE TO HEAVEN,F,MEDAGLIA D'ORO,SIGURWANA,ARCH,TAYLOR MADE SALES AGENCY AGENT XII,JEFF GANJE,11000,,04/29/2018,KENTUCKY,1&2,,,RB,,https://youtu.be/_y1MY9TnQoI
Kentucky Winter Mixed (2022),2022-02-08,217,GRR,CLOSET SHOPPER,F,TAPIT,DUKE'S DREAM,MR. GREELEY,DENALI STUD AGENT V,OUT,0,,05/08/2018,KENTUCKY,1,,,RB,,
Kentucky Winter Mixed (2022),2022-02-08,218,GRR,COCKTAIL PARTY,M,MIZZEN MAST,PARTYSHIP,PREMIERSHIP,JAMES B. KEOGH (GROVENDALE) AGENT XVI,DASH C GOFF,240000,,03/17/2015,KENTUCKY,9,LIAM'S MAP,2021-03-30,B,,
Kentucky Winter Mixed (2022),2022-02-08,219,CH,,F,GHOSTZAPPER,CODE WARRIOR,SOCIETY'S CHAIRMAN,TAYLOR MADE SALES AGENCY AGENT X,ROBERT MARZILLI,70000,,03/20/2021,ONTARIO,1&2,,,Y,,https://vimeo.com/674131119
Kentucky Winter Mixed (2022),2022-02-08,220,DKB,,C,ALWAYS DREAMING,COIRA,CARPE DIEM,ELISE W. KENDALL AGENT,NOT SOLD,14000,,02/12/2021,INDIANA,8,,,Y,,
Kentucky Winter Mixed (2022),2022-02-08,221,B,,F,MAXIMUS MISCHIEF,COLONEL DETTWILLER,COLONEL JOHN,KP SALES AGENT,JAMES R LAYDEN AGENT,10000,,04/07/2021,KENTUCKY,13,,,Y,,https://vimeo.com/674454779
Kentucky Winter Mixed (2022),2022-02-08,222,DKB,COLOUR PARTY (IRE),M,INVINCIBLE SPIRIT (IRE),DRESS UNIFORM,RED RANSOM,BUCKLAND SALES (ZACH MADDEN) AGENT XII,JUDY WHITE,4500,,02/24/2012,IRE,10,WORLD OF TROUBLE,2021-04-13,B,,
Kentucky Winter Mixed (2022),2022-02-08,223,B,COMPLETE SENSE,F,STREET SENSE,FRIVOLITY,CORINTHIAN,PATRICIA CLARK AGENT I,LUIS & GEORGINA SEGLIN FAMILY TRUST ESTATE,5000,,01/07/2017,KENTUCKY,13,,,BP,,
Kentucky Winter Mixed (2022),2022-02-08,224,B,CONQUEST MISBEHAVE,M,INTO MISCHIEF,CAFE,MEDAGLIA D'ORO,PAUL TACKETT,SHAUNA FORD,5000,,03/02/2012,KENTUCKY,3,ALWAYS DREAMING,2021-04-09,B,,
Kentucky Winter Mixed (2022),2022-02-08,225,B,,C,SUMMER FRONT,CONSTANTINOPLE,ISTAN,LEGACY BLOODSTOCK AGENT X,TOMMY HUMPHRIES,7000,,02/06/2021,KENTUCKY,10,,,Y,,https://vimeo.com/manage/videos/672777831
Kentucky Winter Mixed (2022),2022-02-08,226,CH,COOL MOVES,M,HOLD ME BACK,HEAVENLY SPLENDOR,POINT GIVEN,NICKY DRION THOROUGHBREDS AGENT,OUT,0,,03/18/2012,KENTUCKY,12,MOHAYMEN,2021-05-31,B,,
Kentucky Winter Mixed (2022),2022-02-08,227,CH,,F,MOHAYMEN,COOL MOVES,HOLD ME BACK,NICKY DRION THOROUGHBREDS AGENT,CLOUD NINE LUMONI,11500,,04/06/2021,KENTUCKY,12,,,Y,,
Kentucky Winter Mixed (2022),2022-02-08,228,B,CORAL WAY,M,SMOKE GLACKEN,CAMARGUE,MINESHAFT,TAYLOR MADE SALES AGENCY AGENT XXXIV,JEFF RAMEY,20000,,02/14/2011,KENTUCKY,1&2,VOLATILE,2021-03-22,B,,
Kentucky Winter Mixed (2022),2022-02-08,229,B,,F,CONNECT,CORAL WAY,SMOKE GLACKEN,TAYLOR MADE SALES AGENCY AGENT XXXIV,OUT,0,,02/19/2021,KENTUCKY,1&2,,,Y,,
Kentucky Winter Mixed (2022),2022-02-08,230,B,CORFE CASTLE,M,WINDSOR CASTLE,DONNOVA,STAR DE NASKRA,JOHNSON CROSS AGENT IV,FAIRY TAIL FARMS,7500,,03/28/2011,WEST VIRGINIA,13,MAXIMUS MISCHIEF,2021-03-03,B,,
Kentucky Winter Mixed (2022),2022-02-08,231,DKB,,C,KARAKONTIE (JPN),CORONETTE,EMPIRE MAKER,MOONESTONE SALES AGENT I,NOT SOLD,14500,,04/16/2021,KENTUCKY,10,,,Y,,
Kentucky Winter Mixed (2022),2022-02-08,232,B,,C,MENDELSSOHN,CROWN ROYAL QUEEN,TALE OF THE CAT,TAYLOR MADE SALES AGENCY AGENT XIII,OUT,0,,04/04/2021,PENNSYLVANIA,1&2,,,Y,,
Kentucky Winter Mixed (2022),2022-02-08,233,B,CURLINESQUE,F,CURLIN,SURPRISES WELCOMED,STORM CAT,VINERY SALES AGENT XXIX,OUT,0,,04/29/2017,KENTUCKY,14&15,,,BP,,
Kentucky Winter Mixed (2022),2022-02-08,234,CH,CURLIN'S MONDE,F,WORLD OF TROUBLE,MISS CURLIN,CURLIN,FOUR STAR SALES AGENT,OUT,0,,03/22/2021,KENTUCKY,4,,,Y,,
Kentucky Winter Mixed (2022),2022-02-08,235,B,DAHTESTE,M,MAJESTIC WARRIOR,APACHE CANYON,GULCH,VINERY SALES AGENT XXII,4 LITTLE MONKEYS,10000,,04/28/2010,KENTUCKY,14&15,ALWAYS DREAMING,2021-04-15,B,,
Kentucky Winter Mixed (2022),2022-02-08,236,DKB,DANCE QUEEN,M,TO HONOR AND SERVE,MALIBU MOON DANCE,MALIBU MOON,PAUL TACKETT,STEPHEN ZIMMERMAN,4000,,03/27/2014,KENTUCKY,3,BRODY'S CAUSE,2021-03-30,B,,
Kentucky Winter Mixed (2022),2022-02-08,237,GRR,,F,TAPWRIT,DANCING SECRETARY,PERFECT SOUL (IRE),VINERY SALES AGENT FOR HREH RAISED AT SPRINGHILL EQUINE,LANCE SIMON,21000,,01/31/2021,KENTUCKY,14&15,,,Y,,
Kentucky Winter Mixed (2022),2022-02-08,238,B,DANDY CANDY,M,CANDY RIDE (ARG),CINDY'S MOM,A.P. INDY,BALDWIN BLOODSTOCK AGENT III,JUSTINE HOWELL AGENT FOR AYMEN INKEEP,10500,,03/17/2013,KENTUCKY,6,TAPITURE,2021-05-25,B,,
Kentucky Winter Mixed (2022),2022-02-08,239,B,DEAREST ELLA,M,CANDY RIDE (ARG),ELLAFITZ,TIZNOW,VINERY SALES AGENT XXX,COUNTRY LIFE FARM AGENT,48000,Y,03/11/2016,KENTUCKY,14&15,OMAHA BEACH,2021-05-19,B,,
Kentucky Winter Mixed (2022),2022-02-08,240,CH,DEVIL'S SHOES,M,MACLEAN'S MUSIC,PAST DUE,DEVIL HIS DUE,CROWNING POINT FARM AGENT,ERIN FISHER,4000,Y,05/07/2014,KENTUCKY,12,SHARP AZTECA,2021-04-07,B,,
Kentucky Winter Mixed (2022),2022-02-08,241,CH,,F,BRODY'S CAUSE,DEVIL'S SHOES,MACLEAN'S MUSIC,CROWNING POINT FARM AGENT,NOT SOLD,9500,,03/23/2021,KENTUCKY,12,,,Y,,
Kentucky Winter Mixed (2022),2022-02-08,243,CH,DIAMANTE,M,GIANT'S CAUSEWAY,TWENTY EIGHT CARAT,ALYDAR,CROWNING POINT FARM AGENT,CHRIS DORRIS,7000,,05/18/2011,KENTUCKY,12,FLAMEAWAY,2021-03-09,B,,
Kentucky Winter Mixed (2022),2022-02-08,244,B,DONNYBROOK GIRL,F,STREET SENSE,SPECIAL THANKS,BROKEN VOW,TAYLOR MADE SALES AGENCY AGENT XXXIX,OUT,0,,01/25/2018,KENTUCKY,1&2,,,RB,,
Kentucky Winter Mixed (2022),2022-02-08,245,B,DONTMESSWITHJAMMER,F,CANDY RIDE (ARG),WELL LIVED,TIZNOW,VINERY SALES AGENT XXIX,OUT,0,,04/02/2019,KENTUCKY,14&15,,,RB,,
Kentucky Winter Mixed (2022),2022-02-08,246,DKB,,C,GOLDENCENTS,DOWNTOWN DRIFTER,DEVIL HIS DUE,BUCKLAND SALES (ZACH MADDEN) AGENT III,YULIAN E LOPEZ,3200,,03/27/2021,KENTUCKY,10,,,Y,,
Kentucky Winter Mixed (2022),2022-02-08,247,B,,F,HIT IT A BOMB,DREAMS ON TAP,TAPIT,MAPLE RUN SOUTH AGENT,AMIRA CHICHAKLY,5000,,04/20/2021,KENTUCKY,12,,,Y,,
Kentucky Winter Mixed (2022),2022-02-08,248,DKB,DR. MOD,M,DIXIE CHATTER,MARKET PLAYER,AFTER MARKET,BURLESON FARMS AGENT,M & M FARMS/FRANK MOREHOUSE,1900,,02/23/2016,CALIFORNIA,4,,,BP,,
Kentucky Winter Mixed (2022),2022-02-08,249,DKB,DUEL FOOL,M,U S RANGER,MADELEINE'S DREAM,THEATRICAL (IRE),ELISE W. KENDALL AGENT,LUIS E & GEORGINA SEGLIN,2500,,05/22/2012,KENTUCKY,8,TEMPLE CITY,2021-04-23,B,,
Kentucky Winter Mixed (2022),2022-02-08,250,B,,F,FLAMEAWAY,DUEL FOOL,U S RANGER,ELISE W. KENDALL AGENT,FUNNY CLOCK,8000,,03/24/2021,KENTUCKY,8,,,Y,,
Kentucky Winter Mixed (2022),2022-02-08,251,CH,,C,CANDY RIDE (ARG),EKATI'S PHAETON,TALE OF EKATI,TAYLOR MADE SALES AGENCY AGENT XXI,OUT,0,,05/03/2021,KENTUCKY,1&2,,,Y,,
Kentucky Winter Mixed (2022),2022-02-08,252,CH,,F,SOLOMINI,EL COYOTE,A.P. INDY,MULHOLLAND SPRINGS AGENT V,OUT,0,,04/14/2021,NEW YORK,5,,,Y,,
Kentucky Winter Mixed (2022),2022-02-08,253,DKB,ELEGANT TASTE,F,OXBOW,TENNESSEE WHISKEY,SMART STRIKE,BALDWIN BLOODSTOCK AGENT XIII,FRANK G FIUMERA,9500,,05/06/2019,KENTUCKY,6,,,RB,,
Kentucky Winter Mixed (2022),2022-02-08,254,B,ELLIE'S SMILE,F,TAPIT,MAJESTICALLY,GONE WEST,STUART MORRIS AGENT FOR WALDORF FARM,OUT,0,,04/11/2017,KENTUCKY,4,IMPROBABLE,2021-03-26,B,,
Kentucky Winter Mixed (2022),2022-02-08,255,B,,C,MEDAGLIA D'ORO,ELSAABIQAAT (GB),INVINCIBLE SPIRIT (IRE),JAMES B. KEOGH (GROVENDALE) AGENT XII,FIRST FINDS,165000,,02/27/2021,KENTUCKY,9,,,Y,,
Kentucky Winter Mixed (2022),2022-02-08,256,B,EMPIRE DESIRE,M,EMPIRE MAKER,LA CUCINA (IRE),LAST TYCOON (IRE),BLAKE-ALBINA THOROUGHBRED SERVICES LLC AGENT I,OUT,0,,03/27/2009,KENTUCKY,11,,,B,,
Kentucky Winter Mixed (2022),2022-02-08,257,B,ENCHANTED NILE,F,PIONEEROF THE NILE,ENCHANTRESS,MALIBU MOON,VINERY SALES AGENT XXIX,NOT SOLD,27000,,03/30/2017,KENTUCKY,14&15,,,BP,,
Kentucky Winter Mixed (2022),2022-02-08,258,DKB,,C,NYQUIST,ENVIOUS MOON,MALIBU MOON,BLAKE-ALBINA THOROUGHBRED SERVICES LLC AGENT I,R W B,90000,,03/07/2021,NEW YORK,11,,,Y,,https://vimeo.com/673319007
Kentucky Winter Mixed (2022),2022-02-08,259,DKB,,F,UPSTART,EQUALITYFORALL,QUALITY ROAD,BALDWIN BLOODSTOCK AGENT VIII,ASSAF RONEN,7500,,05/17/2021,KENTUCKY,6,,,Y,,https://www.youtube.com/watch?v=EWIh90oK4yU
Kentucky Winter Mixed (2022),2022-02-08,260,B,MATATAN,C,LAOBAN,ESKEN LADY,ESKENDEREYA,VINERY SALES AGENT XX,AMIRA CHICHAKLY/KRIYA STABLES,10000,,04/12/2021,NEW YORK,14&15,,,Y,,
Kentucky Winter Mixed (2022),2022-02-08,261,B,,F,JIMMY CREED,EXCUSE MY FRENCH,LINE OF DAVID,LITTLE'S BLOODSTOCK AGENT,OUT,0,,04/05/2021,KENTUCKY,3,,,Y,,
Kentucky Winter Mixed (2022),2022-02-08,262,B,,F,MAXIMUS MISCHIEF,EXPLODEN MOONSHINE,BLACK MOONSHINE,JONATHAN W. MEREDITH,MIKE FREENY,75000,,03/12/2021,KENTUCKY,13,,,Y,,
Kentucky Winter Mixed (2022),2022-02-08,263,B,EYES OPEN,F,STREET SENSE,DELIGHTFUL,BERNARDINI,GAINESWAY AGENT VI,JACKPOT FARM BOBBY POWELLAGT,100000,,01/13/2017,KENTUCKY,6,,,BP,,
Kentucky Winter Mixed (2022),2022-02-08,264,GRR,FACT OF LIFE,M,THE FACTOR,MIR CAT,TALE OF THE CAT,ST GEORGE SALES AGENT V,OUT,0,,04/18/2014,KENTUCKY,8,CITY OF LIGHT,2021-04-06,B,,
Kentucky Winter Mixed (2022),2022-02-08,265,DKB,,F,OUTWORK,FADE TO BLACK,STREET CRY (IRE),JAMES B. KEOGH (GROVENDALE) AGENT V,JEFF RUNCO AGT FOR DAVID RAIM,22000,,05/13/2021,WEST VIRGINIA,9,,,Y,,
Kentucky Winter Mixed (2022),2022-02-08,266,DKB,,C,UPSTART,FAST FRANNY,FREUD,MULHOLLAND SPRINGS AGENT VIII,OUT,0,,04/30/2021,NEW YORK,5,,,Y,,
Kentucky Winter Mixed (2022),2022-02-08,267,B,,C,MITOLE,FEELING GOOD,DISTORTED HUMOR,BALDWIN BLOODSTOCK AGENT XIV,SJB STABLE TRUST,60000,,03/04/2021,KENTUCKY,6,,,Y,,
Kentucky Winter Mixed (2022),2022-02-08,268,B,FEELS LIKE SPRING,M,SPRING AT LAST,DEEP FEELING,EMPIRE MAKER,HILL 'N' DALE SALES AGENCY AGENT,SHANNON MCGOVERN,6500,,02/11/2014,KENTUCKY,3,WORLD OF TROUBLE,2021-05-20,B,,
Kentucky Winter Mixed (2022),2022-02-08,269,B,,C,KLIMT,FIFTYSHADESOFFUN,EMPIRE MAKER,JAMES B. KEOGH (GROVENDALE) AGENT III,JORGE LUIS GONZALEZ,5000,,04/13/2021,KENTUCKY,9,,,Y,,
Kentucky Winter Mixed (2022),2022-02-08,270,CH,FIRST ROYAL,F,FIRST SAMURAI,ROYAL SPUN,HARD SPUN,TAYLOR MADE SALES AGENCY AGENT II,OUT,0,,04/20/2019,KENTUCKY,1&2,,,RB,,
Kentucky Winter Mixed (2022),2022-02-08,271,DKB,,F,FLAMEAWAY,FLOATING DREAM,GHOSTZAPPER,MULHOLLAND SPRINGS AGENT II,MACHMER HALL,57000,,03/16/2021,PENNSYLVANIA,5,,,Y,,
Kentucky Winter Mixed (2022),2022-02-08,272,CH,FLOUNCY,F,FLATTER,VALUED STRIKE,SMART STRIKE,MILL RIDGE SALES AGENT,JASON HEWITT CAMBREY FARMAGT,12000,,04/24/2019,KENTUCKY,2,,,BP,,https://youtu.be/m8m71df0x2I
Kentucky Winter Mixed (2022),2022-02-08,273,B,,F,TWIRLING CANDY,FLOURISH,DISTORTED HUMOR,BLAKE-ALBINA THOROUGHBRED SERVICES LLC AGENT I,MKW INVESTMENTS LLC,190000,,04/27/2021,KENTUCKY,11,,,Y,,https://vimeo.com/673331048
Kentucky Winter Mixed (2022),2022-02-08,274,B,,C,BRODY'S CAUSE,FLOWERFUL,OVERANALYZE,SCOTT MALLORY AGENT IV,OUT,0,,03/31/2021,KENTUCKY,12,,,Y,,
Kentucky Winter Mixed (2022),2022-02-08,275,DKB,FLY DOWN TOO,M,MINESHAFT,CHESTNUT CABARET,HORSE CHESTNUT (SAF),BALLYSAX BLOODSTOCK AGENT FOR HNR NOTHHAFT HORSE RACING LLC,BREANDAN DRAPER AGENT,7000,,04/30/2012,PENNSYLVANIA,6,ECHO TOWN,2021-03-08,B,,
Kentucky Winter Mixed (2022),2022-02-08,276,B,,F,COAL FRONT,FLYING WENDY,NORTH LIGHT (IRE),KP SALES AGENT,EDY GONZALEZ,3000,,03/26/2021,KENTUCKY,13,,,Y,,
Kentucky Winter Mixed (2022),2022-02-08,277,B,,F,CATALINA CRUISER,FLY INTO MISCHIEF,INTO MISCHIEF,SHEPPELL THOROUGHBREDS AGENT,CRYSTAL RIVER RACING,23000,,03/07/2021,OHIO,8,,,Y,,
Kentucky Winter Mixed (2022),2022-02-08,278,CH,,F,AIR FORCE BLUE,FOR ALL YOU KNOW,YES IT'S TRUE,PARAMOUNT SALES AGENT I,TOBIN STABLES LLC,2000,,04/30/2021,KENTUCKY,5,,,Y,,
Kentucky Winter Mixed (2022),2022-02-08,279,B,,C,MORE THAN READY,FORCED FAMILY FUN,UNCLE MO,TAYLOR MADE SALES AGENCY AGENT XXXVI,NOT SOLD,150000,,03/12/2021,KENTUCKY,1&2,,,Y,,https://vimeo.com/672808984
Kentucky Winter Mixed (2022),2022-02-08,280,DKB,FORCE OF HUMOR,M,DISTORTED HUMOR,PROBABLE COLONY,PLEASANT COLONY,BLAKE-ALBINA THOROUGHBRED SERVICES LLC AGENT I,RUSTY ROBERTS,2500,,04/25/2008,VIRGINIA,11,,,B,,https://vimeo.com/673329151
Kentucky Winter Mixed (2022),2022-02-08,281,B,,F,JIMMY CREED,FOURSCOREANDSEVEN,COLONEL JOHN,GAINESWAY AGENT II,MACHMER HALL,50000,,03/27/2021,KENTUCKY,6,,,Y,,
Kentucky Winter Mixed (2022),2022-02-08,282,GRR,FRACING NASTY,F,BAYERN,NASTY NOOZIE,PARTNER'S HERO,VINERY SALES AGENT XXIX,OUT,0,,04/17/2019,KENTUCKY,14&15,,,RB,,
Kentucky Winter Mixed (2022),2022-02-08,283,CH,,C,GET STORMY,FRANNYS LAST DANCE,SPRING AT LAST,JAMES B. KEOGH (GROVENDALE) AGENT II,NOT SOLD,9000,,04/07/2021,KENTUCKY,9,,,Y,,
Kentucky Winter Mixed (2022),2022-02-08,284,B,FRENCH PRESS,M,CURLIN,FRISK HER,OFFICER,BURLESON FARMS AGENT,WILLIAM BENNETT PETER KIRWAN AGENT,40000,,02/01/2011,KENTUCKY,4,CLASSIC EMPIRE,2021-03-02,B,,
Kentucky Winter Mixed (2022),2022-02-08,285,DKB,FROZEN MUSIC,M,LANGFUHR,WILD LUCY BLACK,WILD AGAIN,FOUR STAR SALES AGENT,OUT,0,,04/23/2005,ONTARIO,4,CARPE DIEM,2021-06-10,B,,
Kentucky Winter Mixed (2022),2022-02-08,286,CH,,F,CARPE DIEM,FROZEN MUSIC,LANGFUHR,FOUR STAR SALES AGENT,NOT SOLD,10000,,03/18/2021,KENTUCKY,4,,,Y,,
Kentucky Winter Mixed (2022),2022-02-08,287,B,FULLY EQUIPPED,M,MORE THAN READY,AMERICAN SLEW,QUIET AMERICAN,ELM TREE FARM LLC (MR. AND MRS. JODY HUCKABAY) AGENT II,JOHN B PENN,40000,,03/08/2013,KENTUCKY,8,VOLATILE,2021-05-29,B,,https://vimeo.com/672293582
Kentucky Winter Mixed (2022),2022-02-08,288,B,GADIR,M,SUPER SAVER,COWGIRL MALLY,GONE WEST,PARAMOUNT SALES AGENT III,M & M FARMS/FRANK MOREHOUSE,1000,,02/13/2016,KENTUCKY,5,,,B,,https://vimeo.com/672855723
Kentucky Winter Mixed (2022),2022-02-08,289,DKB,GAYATRI,M,WAR CHANT,RAJMATA,KNOWN FACT,ST GEORGE SALES AGENT VI,OUT,0,,02/11/2008,KENTUCKY,8,BOLT D'ORO,2021-05-01,B,,
Kentucky Winter Mixed (2022),2022-02-08,290,B,,C,CATALINA CRUISER,GENTLE GALE,STORM CAT,MULHOLLAND SPRINGS AGENT VI,OUT,0,,04/20/2021,NEW YORK,5,,,Y,,
Kentucky Winter Mixed (2022),2022-02-08,291,CH,,C,AMERICAN FREEDOM,GENUINE JONES,SMARTY JONES,MAINE CHANCE FARM (UNIVERSITY OF KENTUCKY),MCMAHON & HILL BLDSTKLLCAGT,5000,,05/02/2021,KENTUCKY,15,,,Y,,https://youtu.be/mrwCOphBWQ8
Kentucky Winter Mixed (2022),2022-02-08,292,DKB,,F,ENTICED,GHOST ON THE RUN,GHOSTZAPPER,VINERY SALES AGENT XXVII,BRISTON BLOODSTOCK,20000,,03/02/2021,INDIANA,14&15,,,Y,,
Kentucky Winter Mixed (2022),2022-02-08,293,B,GIO PRONTO,M,GIO PONTI,MISS FOREST CITY,CORONADO'S QUEST,HUNTER VALLEY FARM AGENT,CHELSEA DYER KARA TOYE AGT,10000,,04/16/2015,KENTUCKY,11,SPUN TO RUN,2021-05-23,B,,https://vimeo.com/672855781
Kentucky Winter Mixed (2022),2022-02-08,294,CH,GIULIETTA,M,DUNKIRK,SHE NUIT ALL,LOST SOLDIER,VINERY SALES AGENT IX,OUT,0,,04/10/2011,KENTUCKY,14&15,,,B,,
Kentucky Winter Mixed (2022),2022-02-08,295,DKB,,F,COLLECTED,GIVEHERDALUTE,MIDNIGHT LUTE,HILL 'N' DALE SALES AGENCY AGENT,WERRE RACING LLC,7500,,05/17/2021,KENTUCKY,3,,,Y,,
Kentucky Winter Mixed (2022),2022-02-08,296,B,,F,LOST TREASURE (IRE),GLAMOUR STAR,DYNAFORMER,HILL 'N' DALE SALES AGENCY AGENT,RAVEN RACING STABLES LLC,7000,,03/09/2021,KENTUCKY,3,,,Y,,
Kentucky Winter Mixed (2022),2022-02-08,297,B,GOTTA DREAM,C,ALWAYS DREAMING,PLEASURE TRIP,HIGH COTTON,VINERY SALES AGENT XXVI,JASON HEWITT CAMBREY FARMAGT,12000,,03/29/2021,KENTUCKY,14&15,,,Y,,
Kentucky Winter Mixed (2022),2022-02-08,298,B,GRACELAND,M,ELUSIVE QUALITY,ON A CLOUD,SILVER HAWK,ST GEORGE SALES AGENT VII,FULL CIRCLE FARM LLC AGENT,25000,,05/04/2014,KENTUCKY,8,MITOLE,2021-02-17,B,,
Kentucky Winter Mixed (2022),2022-02-08,299,B,GRACETOWN,M,INTO MISCHIEF,GRACEWOOD,UNBRIDLED'S SONG,VINERY SALES AGENT IX,OUT,0,,01/11/2016,KENTUCKY,14&15,,,BP,,
Kentucky Winter Mixed (2022),2022-02-08,300,DKB,GRAMMY TIMES SIX,M,MONTBROOK,MISS SABRINA,SUMMER SQUALL,HILL 'N' DALE SALES AGENCY AGENT,NOT SOLD,9000,,02/05/2011,FLORIDA,3,BAYERN,2021-06-07,B,,
Kentucky Winter Mixed (2022),2022-02-09,301,DKB,GRATEFUL PRAISE,M,ALTERNATION,MORE THAN PROUD,MORE THAN READY,TAYLOR MADE SALES AGENCY AGENT VII,PHIL HALL,10000,,04/06/2016,KENTUCKY,1&2,,,BP,,https://youtu.be/DFsuIOwKbck
Kentucky Winter Mixed (2022),2022-02-09,302,DKB,,C,CLASSIC EMPIRE,GREED AND FEAR,BOB AND JOHN,BROOKDALE SALES AGENT FOR THE ESTATE OF GASTON BALBI,OUT,0,,02/14/2021,KENTUCKY,7,,,Y,,https://vimeo.com/672931083
Kentucky Winter Mixed (2022),2022-02-09,303,CH,,C,MENDELSSOHN,GUIDE,PULPIT,HUNTER VALLEY FARM AGENT,CHESTNUT VALLEY FARM,25000,,02/03/2021,KENTUCKY,11,,,Y,,
Kentucky Winter Mixed (2022),2022-02-09,304,B,HAD A NICE WEEKEND,F,UNCAPTURED,ALMOST A VALENTINE,HIGH COTTON,HIGHGATE SALES AGENT III,INDIAN CREEK FARM,16000,,04/26/2019,FLORIDA,9,,,BP,,
Kentucky Winter Mixed (2022),2022-02-09,305,B,,C,REDESDALE,HAGGITH,THUNDER GULCH,MULHOLLAND SPRINGS AGENT V,OUT,0,,02/19/2021,NEW YORK,5,,,Y,,
Kentucky Winter Mixed (2022),2022-02-09,306,DKB,HAPPY CONSTITUTION,F,CONSTITUTION,GET AN EYE FULL,CAPE TOWN,KP SALES AGENT,OUT,0,,01/24/2018,KENTUCKY,13,,,RB,,
Kentucky Winter Mixed (2022),2022-02-09,307,B,,C,ARMY MULE,HAPPY GABY,DROSSELMEYER,MAINE CHANCE FARM (UNIVERSITY OF KENTUCKY),THREE LITTLE BIRDS,11000,,04/14/2021,KENTUCKY,15,,,Y,,https://youtu.be/icwxDqwWUwU
Kentucky Winter Mixed (2022),2022-02-09,308,DKB,HARLEE HONEY,M,HARLAN'S HOLIDAY,ABSOLUTE NECTAR,CARSON CITY,ELM TREE FARM LLC (MR. AND MRS. JODY HUCKABAY) AGENT I,DASH C GOFF,50000,,04/24/2013,OHIO,8,COMPLEXITY,2021-03-06,B,,https://vimeo.com/672293637
Kentucky Winter Mixed (2022),2022-02-09,309,DKB,,F,FREE DROP BILLY,HEDY HOPPER,VICTORY GALLOP,VINERY SALES AGENT,RONALDO RODAS,11000,,04/07/2021,NEW YORK,14&15,,,Y,,
Kentucky Winter Mixed (2022),2022-02-09,310,DKB,,F,EXAGGERATOR,HEIR TO DARE,WILDCAT HEIR,SCOTT MALLORY AGENT I,JAGGER INC.,6000,,03/01/2021,KENTUCKY,12,,,Y,,
Kentucky Winter Mixed (2022),2022-02-09,311,B,HERMAPHRODITE (FR),M,LE HAVRE (IRE),DECENCY (IRE),CELTIC SWING (GB),LANE'S END AGENT,OUT,0,,04/26/2015,FR,1,,,RB,,
Kentucky Winter Mixed (2022),2022-02-09,312,DKB,HIDDEN PLACES,F,DIALED IN,GLIMPSE,TOUCH GOLD,BLAKE-ALBINA THOROUGHBRED SERVICES LLC AGENT I,NOT SOLD,19000,,05/09/2018,MARYLAND,11,,,RB,,https://vimeo.com/673338965
Kentucky Winter Mixed (2022),2022-02-09,313,DKB,,F,LAOBAN,HIGHESTMAINTENANCE,MACHO UNO,BLUEWATER SALES LLC AGENT IV,SJB STABLE TRUST,165000,,04/14/2021,NEW YORK,8,,,Y,,https://youtu.be/3cd3U2uhxrk
Kentucky Winter Mixed (2022),2022-02-09,314,B,HOLIDAY BABE,M,HARLAN'S HOLIDAY,BLINX BABE,WILD AGAIN,BUCKLAND SALES (ZACH MADDEN) AGENT II,MR. SPEAKER-FORKS OF THE PALNXY,6000,,02/11/2011,KENTUCKY,10,,,B,,
Kentucky Winter Mixed (2022),2022-02-09,315,B,HOLIDAYS SARATOGA,M,HARLAN'S HOLIDAY,SARATOGA HUMOR,DISTORTED HUMOR,HIGHGATE SALES AGENT I,ROYER FAMILY STABLES,70000,,05/06/2013,KENTUCKY,9,MACLEAN'S MUSIC,2021-06-09,B,,https://vimeo.com/670774830
Kentucky Winter Mixed (2022),2022-02-09,316,B,HOLLER,M,STRONG HOPE,YELL,A.P. INDY,HILL 'N' DALE SALES AGENCY AGENT,MICHAEL SLEZAK AGENT,4000,,03/01/2006,KENTUCKY,3,MUCHO MACHO MAN,2021-03-27,B,,
Kentucky Winter Mixed (2022),2022-02-09,317,B,,F,ALWAYS DREAMING,HOT MISCHIEF,INTO MISCHIEF,PARAMOUNT SALES AGENT IX,OUT,0,,02/28/2020,KENTUCKY,5,,,RP,,
Kentucky Winter Mixed (2022),2022-02-09,318,CH,HURRICANE GIRL,M,MINGUN,STORM CLIPPER,STORM BOOT,SCOTT MALLORY AGENT,OUT,0,,02/10/2009,KENTUCKY,12,MIDNIGHT STORM,2021-02-18,B,,
Kentucky Winter Mixed (2022),2022-02-09,319,B,I B OK,M,ANIMAL KINGDOM,PEPPY RAFAELA,BERNARDINI,MULHOLLAND SPRINGS AGENT III,OUT,0,,03/03/2016,NORTH CAROLINA,5,LAOBAN,2021-03-30,B,,
Kentucky Winter Mixed (2022),2022-02-09,320,B,,C,BOLT D'ORO,I LOVE AMERICA,QUIET AMERICAN,BROOKDALE SALES AGENT FOR THE ESTATE OF GASTON BALBI,BILL & CORINNE HEILIGBRODT,135000,,03/16/2021,KENTUCKY,7,,,Y,,https://vimeo.com/672937921
Kentucky Winter Mixed (2022),2022-02-09,321,B,IMPASSION,F,CITY ZIP,LOTTA LOVIN,REPENT,PATRICIA CLARK AGENT I,STEVE BELFORD R TRAYLOR AGT,4000,,02/22/2017,KENTUCKY,13,,,BP,,
Kentucky Winter Mixed (2022),2022-02-09,322,B,INCENTIVIZED (GB),F,INVINCIBLE SPIRIT (IRE),WHEN IN DOUBT (GB),MONTJEU (IRE),LANE'S END AGENT,I. C. RACING,25000,,05/27/2019,GB,1,,,BP,,
Kentucky Winter Mixed (2022),2022-02-09,323,DKB,INDY'S LADY,M,TAKE CHARGE INDY,SWEET ALOHA,WESTERN CAT,THOMAS J. GALLO III SALES AGENCY AGENT,TAPROOT AGT FOR C. CLEMENT,100000,,04/16/2015,NEW YORK,12,MORE THAN READY,2021-04-15,B,,
Kentucky Winter Mixed (2022),2022-02-09,324,B,INSHANNITY,M,GHOSTZAPPER,DO SOMETHIN,PURIM,HILL 'N' DALE SALES AGENCY AGENT,JOHN BASHORE,40000,,01/28/2016,KENTUCKY,3,MAXIMUM SECURITY,2021-05-28,B,,https://vimeo.com/674999244
Kentucky Winter Mixed (2022),2022-02-09,325,B,IRISH TART,M,GIANT'S CAUSEWAY,MRS KIPLING (IRE),EXCEED AND EXCEL (AUS),BLUEWATER SALES LLC AGENT III,MAPLETON THOROUGHBRED FARM,7000,,01/15/2011,KENTUCKY,8,,,B,,
Kentucky Winter Mixed (2022),2022-02-09,326,DKB,ISMENE,M,TRIBAL RULE,NEVER TO EXCESS,IN EXCESS (IRE),ST GEORGE SALES AGENT FOR STEPHEN FERRARO,MIKE ABRAHAM,65000,,01/22/2009,CALIFORNIA,8,LIAM'S MAP,2021-05-08,B,,https://youtu.be/F5tTC9belz0
Kentucky Winter Mixed (2022),2022-02-09,327,CH,,F,TAPITURE,I WANT TO DUST HER,MASS MARKET,CARNIE THOROUGHBRED FARM,BRISTON BLOODSTOCK,35000,,02/27/2021,INDIANA,12,,,Y,,
Kentucky Winter Mixed (2022),2022-02-09,328,B,JACARANDA LADY,F,GIO PONTI,HIGH HEELED HOPE,SALT LAKE,TAYLOR MADE SALES AGENCY AGENT XXXVII,NOT SOLD,28000,,02/17/2018,KENTUCKY,1&2,,,RB,,https://youtu.be/VvPwwmZQwLE
Kentucky Winter Mixed (2022),2022-02-09,329,GRR,JAMAICAN GINGER,M,MARIA'S MON,COZY B. J.,COZZENE,LITTLE'S BLOODSTOCK AGENT,OUT,0,,04/17/2007,KENTUCKY,3,CENTRAL BANKER,2021-04-06,B,,
Kentucky Winter Mixed (2022),2022-02-09,330,B,JAYLAN,M,SCAT DADDY,MY PERFECT TEN,PERFECT SOUL (IRE),BROOKDALE SALES AGENT,JEFF KERBER,70000,,03/12/2015,KENTUCKY,7,KITTEN'S JOY,2021-04-09,B,,https://vimeo.com/672185621
Kentucky Winter Mixed (2022),2022-02-09,331,GRR,,C,LIAM'S MAP,JAYLAN,SCAT DADDY,BROOKDALE SALES AGENT,CARY FROMMER,115000,,03/01/2021,KENTUCKY,7,,,Y,,https://vimeo.com/672191830
Kentucky Winter Mixed (2022),2022-02-09,332,CH,JERUSALEM STONE,M,DESERT WARRIOR,MYTHICAL BROWNIE,LORD AVIE,FOUNDATIONS FARM,PETER KIRWAN AGENT,20000,,02/07/2010,NEW YORK,12,CUPID,2021-04-07,B,,
Kentucky Winter Mixed (2022),2022-02-09,333,CH,JILLIAN'S STAR,F,CONNECT,ONE IN A JILLIAN,MASTER COMMAND,MULHOLLAND SPRINGS AGENT X,SARAH MITCHELL,1500,,03/19/2019,KENTUCKY,5,,,BP,,
Kentucky Winter Mixed (2022),2022-02-09,334,DKB,JORDAN'S LEO,F,MALIBU MOON,LADY IS A LIONESS,LEROIDESANIMAUX (BRZ),TAYLOR MADE SALES AGENCY AGENT XXXI,COCO BLOODSTOCK,230000,,04/04/2018,KENTUCKY,1&2,,,BP,,https://youtu.be/_8Uya5fZm9o
Kentucky Winter Mixed (2022),2022-02-09,335,B,JOYFUL ADDICTION,F,MUNNINGS,MY SWEET ADDICTION,TIZNOW,VINERY SALES AGENT FOR MYRACEHORSE LLC & SPENDTHRIFT FARM LLC,SIENA FARMS LLC,150000,,01/31/2018,KENTUCKY,14&15,,,BP,,
Kentucky Winter Mixed (2022),2022-02-09,336,B,,C,COPPER BULLET,JOYFULL JULIA,CANDY RIDE (ARG),VINERY SALES AGENT XXVII,JORGE LUIS GONZALEZ,4000,,03/13/2021,INDIANA,14&15,,,Y,,
Kentucky Winter Mixed (2022),2022-02-09,337,B,,C,CITY OF LIGHT,JUSTWALKONBY,GIANT'S CAUSEWAY,TAYLOR MADE SALES AGENCY AGENT XXXVI,FOUR STAR SALES AGENT,180000,,06/03/2021,KENTUCKY,1&2,,,Y,,https://vimeo.com/672810555
Kentucky Winter Mixed (2022),2022-02-09,338,GRR,KASHAMI,M,MIZZEN MAST,DE AAR,GONE WEST,BLAKE-ALBINA THOROUGHBRED SERVICES LLC AGENT I,NOT SOLD,77000,,03/10/2011,KENTUCKY,11,AUDIBLE,2021-04-19,B,,https://vimeo.com/674226605
Kentucky Winter Mixed (2022),2022-02-09,339,DKB,,C,EXAGGERATOR,KAT O MINE,MINESHAFT,THOMAS J. GALLO III SALES AGENCY AGENT,EDY GONZALEZ,6000,,04/11/2021,NEW YORK,12,,,Y,,https://youtu.be/Uh9lnyGZuBk
Kentucky Winter Mixed (2022),2022-02-09,340,DKB,KAYLASAURUS,M,MUNNINGS,FIVE DIAMONDS,FLATTER,DENALI STUD AGENT III,OUT,0,,05/03/2016,PENNSYLVANIA,1,,,RB,,
Kentucky Winter Mixed (2022),2022-02-09,341,DKB,KITE BEACH,F,AWESOME AGAIN,TIZDUBAI,CEE'S TIZZY,BROOKDALE SALES AGENT FOR THE ESTATE OF GASTON BALBI,CALUMET FARM,115000,,02/05/2017,KENTUCKY,7,BERNARDINI,2021-03-05,B,,https://vimeo.com/674446902
Kentucky Winter Mixed (2022),2022-02-09,342,B,,C,TAKE CHARGE INDY,KITTEN'S CARDINAL,KITTEN'S JOY,FRANKFORT PARK FARM AGENT,FOUR STAR SALES AGENT FOR TONY MIGUEL,34000,,05/02/2021,KENTUCKY,7,,,Y,,https://vimeo.com/672594058
Kentucky Winter Mixed (2022),2022-02-09,343,B,KNOCKOUT KISSES,F,INTO MISCHIEF,TRANSPLENDID,ELUSIVE QUALITY,VINERY SALES AGENT XXIX,OUT,0,,03/18/2019,KENTUCKY,14&15,,,RB,,
Kentucky Winter Mixed (2022),2022-02-09,344,B,KNOW BY HEART (IRE),F,GALILEO (IRE),SANDER CAMILLO,DIXIE UNION,TAYLOR MADE SALES AGENCY AGENT V,RUSTLEWOOD FARM INC,75000,,03/02/2019,IRE,1&2,,,RB,,https://youtu.be/j6FH-03ZJw0
Kentucky Winter Mixed (2022),2022-02-09,345,CH,,C,SKY MESA,K'S BAR BEE,PRIDE OF BURKAAN,TAYLOR MADE SALES AGENCY AGENT IV,NOT SOLD,25000,,02/02/2021,KENTUCKY,1&2,,,Y,,https://youtu.be/8I_Q2D-B02E
Kentucky Winter Mixed (2022),2022-02-09,346,DKB,LA BABIA,F,BAYERN,LA LAJA,EL PRADO (IRE),GAINESWAY AGENT VII,HIGH ST INVESMENTS,32000,,04/17/2017,KENTUCKY,6,,,RB,,
Kentucky Winter Mixed (2022),2022-02-09,347,CH,,C,SHAMAN GHOST,LA BOLLINA,CURLIN,MAINE CHANCE FARM (UNIVERSITY OF KENTUCKY),EDY GONZALEZ,1500,,04/23/2021,KENTUCKY,15,,,Y,,https://youtu.be/z3eSlsNIhH8
Kentucky Winter Mixed (2022),2022-02-09,348,B,LADHIYAH,M,KITTEN'S JOY,SILENT EMOTION,GHAZI,BROOKDALE SALES AGENT,MKW INVESMENTS LLC,85000,,02/10/2015,KENTUCKY,7,TIZ THE LAW,2021-04-22,B,,https://vimeo.com/672195127
Kentucky Winter Mixed (2022),2022-02-09,349,B,,C,BLAME,LADHIYAH,KITTEN'S JOY,BROOKDALE SALES AGENT,J K BLOODSTOCK,70000,,02/14/2021,KENTUCKY,7,,,Y,,https://vimeo.com/672198348
Kentucky Winter Mixed (2022),2022-02-09,350,CH,LADY EDITH,F,STREET BOSS,LADY GRANTHAM,YANKEE GENTLEMAN,HERMITAGE FARM AGENT FOR THE ESTATE OF J. DAVID RICHARDSON ET AL,MEAH/LLOYD BLOODSTOCK AGENT FOR ABBONDANZA/OMAR ALDABBAGH,370000,,04/03/2018,KENTUCKY,5,,,RB,,https://vimeo.com/674231284
Kentucky Winter Mixed (2022),2022-02-09,351,GRR,LADY FATIMA,F,BODEMEISTER,HEAVENLY VISION,FORESTRY,BUCKLAND SALES (ZACH MADDEN) AGENT IV,CTR STABLES LLC SAM WRIGHTAG,9000,,04/28/2017,KENTUCKY,10,,,RB,,
Kentucky Winter Mixed (2022),2022-02-09,352,DKB,,C,KLIMT,LADY LYDIE,TALE OF EKATI,FRANKFORT PARK FARM AGENT,OUT,0,,03/11/2021,KENTUCKY,7,,,Y,,https://vimeo.com/672594088
Kentucky Winter Mixed (2022),2022-02-09,353,B,LADY MICAELA,M,EMPIRE MAKER,HIGH SPEED ACCESS,KINGMAMBO,NICKY DRION THOROUGHBREDS AGENT,M.T.B.S.,10000,,03/14/2009,KENTUCKY,12,MOR SPIRIT,2021-05-13,B,,
Kentucky Winter Mixed (2022),2022-02-09,354,DKB,LAKERBALL,M,LAKERVILLE,CATEGORY TEN,CAPSIZED,JAMES B. KEOGH (GROVENDALE) AGENT XVII,RANDWICK BLOODSTOCK AGENCY,35000,,03/29/2016,CALIFORNIA,9,,,BP,,
Kentucky Winter Mixed (2022),2022-02-09,355,CH,,F,DISTORTED HUMOR,LA RIGNANA,GALILEO (IRE),NICKY DRION THOROUGHBREDS AGENT,CHAMPION RACING STABLE,7000,,02/17/2019,KENTUCKY,12,,,RB,,https://vimeo.com/674237640
Kentucky Winter Mixed (2022),2022-02-09,356,B,LASEEN (IRE),M,DYLAN THOMAS (IRE),LA SEINE,RAHY,BALLYSAX BLOODSTOCK AGENT FOR HNR NOTHHAFT HORSE RACING LLC,CRAIG SINGER,150000,,03/30/2011,IRE,6,UNCLE MO,2021-05-28,B,,
Kentucky Winter Mixed (2022),2022-02-09,357,CH,,F,SKY MESA,LAST APRIL FROST,CITY ZIP,MAINE CHANCE FARM (UNIVERSITY OF KENTUCKY),JOHN C DAVISON,28000,,03/05/2021,KENTUCKY,15,,,Y,,https://youtu.be/bEgM8_Wq9E0
Kentucky Winter Mixed (2022),2022-02-09,358,B,,F,REDESDALE,LASTING APPEAL,A.P. INDY,MULHOLLAND SPRINGS AGENT V,FLIP FLOP SALES,2700,,03/01/2021,NEW YORK,5,,,Y,,
Kentucky Winter Mixed (2022),2022-02-09,359,B,LEMHILL BASR,M,QUALITY ROAD,DIPLOMAT LADY,FORESTRY,HILL 'N' DALE SALES AGENCY AGENT,CYPRESS CREEK LLC,200000,,06/08/2013,KENTUCKY,3,AMERICAN PHAROAH,2021-06-06,B,,
Kentucky Winter Mixed (2022),2022-02-09,360,DKB,LEVELPLAYINGFIELD,F,TWIRLING CANDY,SPEIGHTSTOWN BELLE,SPEIGHTSTOWN,VINERY SALES AGENT XXIX,OUT,0,,02/13/2017,KENTUCKY,14&15,,,BP,,
Kentucky Winter Mixed (2022),2022-02-09,361,CH,LEXINGTON PEARL,M,ELUSIVE QUALITY,LEXINGTON GIRL,STORM CAT,VINERY SALES AGENT VI,CHRISTOPHER SHELLI AGENT,17000,,04/25/2009,KENTUCKY,14&15,SPUN TO RUN,2021-04-14,B,,
Kentucky Winter Mixed (2022),2022-02-09,363,DKB,,F,NYQUIST,LIBERTY GIRL,A. P. WARRIOR,TAYLOR MADE SALES AGENCY AGENT XXX,OUT,0,,05/18/2021,KENTUCKY,1&2,,,Y,,
Kentucky Winter Mixed (2022),2022-02-09,364,DKB,,C,CONSTITUTION,LIGHT OF A STAR,MUQTARIB,BLAKE-ALBINA THOROUGHBRED SERVICES LLC AGENT I,NOT SOLD,28000,,04/01/2021,KENTUCKY,11,,,Y,,https://vimeo.com/673272132
Kentucky Winter Mixed (2022),2022-02-09,365,B,,F,GORMLEY,LIP SYNC,MACLEAN'S MUSIC,JAMES B. KEOGH (GROVENDALE) AGENT VIII,HALVORSON BLOODSTOCK,17000,,04/05/2021,KENTUCKY,9,,,Y,,
Kentucky Winter Mixed (2022),2022-02-09,366,B,LOVE AND LOVE,M,GOLDENCENTS,FLY THE COLORS,GIANT'S CAUSEWAY,BROOKDALE SALES AGENT,OUT,0,,04/21/2016,NEW YORK,7,,,BP,,
Kentucky Winter Mixed (2022),2022-02-09,367,CH,,F,REDESDALE,LOVING LORRI,TALE OF THE CAT,MULHOLLAND SPRINGS AGENT VII,RIVERVIEW FARM,13000,,03/06/2021,NEW YORK,5,,,Y,,
Kentucky Winter Mixed (2022),2022-02-09,368,CH,LUCKY CARLENE,F,LOOKIN AT LUCKY,SUMMER RAINBOW,SUMMER SQUALL,PARAMOUNT SALES AGENT XI,KARA TOYE,10000,,05/07/2017,KENTUCKY,5,,,RB,,
Kentucky Winter Mixed (2022),2022-02-09,369,CH,LUCKY DRAW,M,LOOKIN AT LUCKY,STELLAR BABY,BRAHMS,TAYLOR MADE SALES AGENCY AGENT XIV,GRACIE BLOODSTOCK AGENT,330000,,02/16/2015,KENTUCKY,1&2,GUN RUNNER,2021-05-22,B,,https://vimeo.com/674130539
Kentucky Winter Mixed (2022),2022-02-09,370,DKB,LUCKY MILADY,F,ITSMYLUCKYDAY,HARD HAT,HARD SPUN,KP SALES AGENT,OUT,0,,03/24/2017,KENTUCKY,13,MR. MONEY,2021-06-15,B,,
Kentucky Winter Mixed (2022),2022-02-09,371,DKB,LUNA PATINA,F,MALIBU MOON,SOLO SURVIVOR,PLEASANT TAP,VINERY SALES AGENT XXIV,OUT,0,,02/10/2021,NEW YORK,14&15,,,Y,,
Kentucky Winter Mixed (2022),2022-02-09,372,B,,F,GOLDENCENTS,LUNAR LULLABY,MALIBU MOON,PARAMOUNT SALES AGENT X,MEAH/LLOYD BLOODSTOCK AGENT FOR OMAR ALDABBAGH,12000,,03/12/2020,KENTUCKY,5,,,RP,,
Kentucky Winter Mixed (2022),2022-02-09,373,CH,MAGICAL CAT (IRE),M,GIANT'S CAUSEWAY,MADAEN,NUREYEV,BLAKE-ALBINA THOROUGHBRED SERVICES LLC AGENT I,NOT SOLD,18000,,03/04/2008,IRE,11,TAKE CHARGE INDY,2021-06-04,B,,https://vimeo.com/674234647
Kentucky Winter Mixed (2022),2022-02-09,374,DKB,MAGIC LAMP,F,SUPER SAVER,DESERT ILLUSION,SKY MESA,HUNTER VALLEY FARM AGENT,NOT SOLD,47000,,03/03/2018,KENTUCKY,11,,,BP,,https://vimeo.com/672855842
Kentucky Winter Mixed (2022),2022-02-09,375,B,MAJESTIC MONARCH,M,MAJESTIC WARRIOR,PARTY SILKS,TOUCH GOLD,PARAMOUNT SALES AGENT II,EMCEE STABLE LLC,55000,Y,03/09/2014,NEW YORK,5,UNION RAGS,2021-05-19,B,,https://vimeo.com/672892524
Kentucky Winter Mixed (2022),2022-02-09,376,DKB,,F,OMAHA BEACH,MAJESTIC MONARCH,MAJESTIC WARRIOR,PARAMOUNT SALES AGENT II,R DALYN JONES AGENT,80000,,04/24/2021,KENTUCKY,5,,,Y,,
Kentucky Winter Mixed (2022),2022-02-09,377,CH,MALIBU SURPRISE,M,MALIBU MOON,I'M SURPRISED,GHOSTZAPPER,TAYLOR MADE SALES AGENCY AGENT XIV,IMAGINARY STABLE & GLEN ELLIS,205000,,08/11/2015,PENNSYLVANIA,1&2,GUN RUNNER,2021-04-15,B,,https://vimeo.com/674134847
Kentucky Winter Mixed (2022),2022-02-09,378,B,,F,EMPIRE MAKER,MAMMA KIMBO,DISCREET CAT,BROOKDALE SALES AGENT,CARLO VACCAREZZA,60000,,03/31/2020,KENTUCKY,7,,,RP,,https://vimeo.com/674448055
Kentucky Winter Mixed (2022),2022-02-09,379,CH,,F,CUPID,MARCH TO GLORY,MARCHFIELD,ST GEORGE SALES AGENT II,MEAH/LLOYD BLOODSTOCK AGENT FOR OMAR ALDABBAGH,30000,,06/03/2021,KENTUCKY,8,,,Y,,
Kentucky Winter Mixed (2022),2022-02-09,380,CH,,F,COLLECTED,MAREN'S MELODY,UNBRIDLED'S SONG,BALDWIN BLOODSTOCK AGENT I,CAVAN BLOODSTOCK,45000,,05/24/2021,KENTUCKY,6,,,Y,,https://vimeo.com/673361955?ref=em-v-share
Kentucky Winter Mixed (2022),2022-02-09,381,DKB,MARY COUGHLAN,M,GULCH,SLEWZIG,SEATTLE SLEW,VINERY SALES AGENT XVIII,OUT,0,,03/11/2005,KENTUCKY,14&15,,,B,,
Kentucky Winter Mixed (2022),2022-02-09,382,CH,,F,SPEIGHTSTER,METRY KITTEN,KITTEN'S JOY,BALDWIN BLOODSTOCK AGENT V,HALVORSON BLOODSTOCK,18000,,03/09/2021,KENTUCKY,6,,,Y,,https://vimeo.com/674252098
Kentucky Winter Mixed (2022),2022-02-09,383,CH,MI BELLA,F,ALTERNATION,BELLA CHIARRA,PHONE TRICK,BALDWIN BLOODSTOCK AGENT VI,M & D STABLE,52000,,03/25/2017,KENTUCKY,6,,,BP,,https://vimeo.com/674244202
Kentucky Winter Mixed (2022),2022-02-09,384,CH,MIDNIGHT PASS,F,LOOKIN AT LUCKY,PARTYIN,HENNY HUGHES,HUNTER VALLEY FARM AGENT,OUT,0,,02/20/2019,KENTUCKY,11,,,RB,,
Kentucky Winter Mixed (2022),2022-02-09,385,CH,,C,LORD NELSON,MIMI'S SUGAR,PURE PRIZE,FOUR STAR SALES AGENT,JAR,7000,,03/07/2021,KENTUCKY,4,,,Y,,
Kentucky Winter Mixed (2022),2022-02-09,386,B,MISCHIEF JAC,F,MAXIMUS MISCHIEF,JACALLY,BOLD EXECUTIVE,FOUR STAR SALES AGENT,OUT,0,,05/15/2021,KENTUCKY,4,,,Y,,
Kentucky Winter Mixed (2022),2022-02-09,387,B,,C,LOST TREASURE (IRE),MISIA LUISA,STRONG CONTENDER,JAMES B. KEOGH (GROVENDALE) AGENT IV,ALPINE RACING LLC,5000,,04/11/2021,PENNSYLVANIA,9,,,Y,,
Kentucky Winter Mixed (2022),2022-02-09,388,CH,MISS BASKIN,F,ANIMAL KINGDOM,MISS EMILIA,WAR FRONT,BUCKLAND SALES (ZACH MADDEN) AGENT IX,OUT,0,,02/09/2018,ONTARIO,10,,,BP,,
Kentucky Winter Mixed (2022),2022-02-09,389,GRR,MISS FONTANA,M,CLASSIC ACCOUNT,JEWELIA,GLITTERMAN,HUNTER VALLEY FARM AGENT,CODY CHAMBLESS,3000,,03/12/2006,ILLINOIS,11,TAPITURE,2021-03-31,B,,https://vimeo.com/672855896
Kentucky Winter Mixed (2022),2022-02-09,390,CH,MISSISSIPPI MIST,F,MACLEAN'S MUSIC,SWEET PROBLEM,IS IT TRUE,CROWNING POINT FARM AGENT,BRANDYWINE FARM AGENT,8000,,04/18/2018,KENTUCKY,12,GOOD SAMARITAN,2021-04-27,B,,
Kentucky Winter Mixed (2022),2022-02-09,391,B,MISS PEAKY BLINDER,F,CANDY RIDE (ARG),VIRGINIA BEE,VIRGINIA RAPIDS,GAINESWAY AGENT V,STONERIGGS FARM,100000,,03/13/2018,KENTUCKY,6,,,BP,,
Kentucky Winter Mixed (2022),2022-02-09,392,CH,MISSYOULIKECRAZY,M,LION HEART,SEATTLE WAY,SEATTLE SLEW,VINERY SALES AGENT XXV,DANNY EPLIN,4000,,01/20/2008,KENTUCKY,14&15,,,B,,
Kentucky Winter Mixed (2022),2022-02-09,393,B,SEEKING THE LORD,C,LORD NELSON,MISTY DAYLIGHT,SEEKING DAYLIGHT,VINERY SALES AGENT XXI,HERIBERTO CHAVEZ,12000,,05/01/2021,KENTUCKY,14&15,,,Y,,
Kentucky Winter Mixed (2022),2022-02-09,394,GRR,MIZZEN OUT,M,MIZZEN MAST,STARZIG,DANZIG,HILL 'N' DALE SALES AGENCY AGENT,ROBERT A RAY,11000,,04/15/2016,CALIFORNIA,3,MUCHO MACHO MAN,2021-03-28,B,,
Kentucky Winter Mixed (2022),2022-02-09,395,B,,F,THE FACTOR,MIZZEN OUT,MIZZEN MAST,HILL 'N' DALE SALES AGENCY AGENT,RONALDO RODAS,4500,,02/21/2021,KENTUCKY,3,,,Y,,
Kentucky Winter Mixed (2022),2022-02-09,396,DKB,,C,UNION JACKSON,MME BELLE BREZING,MR. GREELEY,MULHOLLAND SPRINGS AGENT V,OUT,0,,04/27/2021,NEW YORK,5,,,Y,,
Kentucky Winter Mixed (2022),2022-02-09,397,B,MOONDANCER,M,CUVEE,KRISKA KREME,CHARISMATIC,TAYLOR MADE SALES AGENCY AGENT XXXVIII,DANIEL KJORSVIK,10000,,01/20/2008,KENTUCKY,1&2,MIDSHIPMAN,2021-05-15,B,,
Kentucky Winter Mixed (2022),2022-02-09,398,B,MOUNTAIN MUSIC,M,MACLEAN'S MUSIC,MATTIEBLUEBREEZING,DIXIELAND BAND,HERMITAGE FARM AGENT FOR THE ESTATE OF J. DAVID RICHARDSON,HAWK HILL THOROUGHBREDS,3000,,03/16/2016,KENTUCKY,5,DOMINUS,2021-04-02,B,,
Kentucky Winter Mixed (2022),2022-02-09,399,B,MRS. GOT ROCKS,M,LEMON DROP KID,AKRONISM,NOT FOR LOVE,TAYLOR MADE SALES AGENCY AGENT VII,LEE MCMILLIN,125000,,05/05/2016,KENTUCKY,1&2,TONALIST,2021-05-19,B,,https://youtu.be/cB752G2Uuuo
Kentucky Winter Mixed (2022),2022-02-09,400,B,,C,GOLDENCENTS,MRS. REMBRANDT,PAYNTER,VINERY SALES AGENT I,PAT MCGHEE,7000,,03/28/2021,INDIANA,14&15,,,Y,,https://vimeo.com/674233233
Kentucky Winter Mixed (2022),2022-02-09,401,GRR,MS. ROCKET,M,EL PRADO (IRE),ROSIE DOOLEY,TREMPOLINO,VINERY SALES AGENT V,JAY GOODWIN FOR KEN CLARK,12000,,03/07/2010,KENTUCKY,14&15,ECHO TOWN,2021-04-14,B,,
Kentucky Winter Mixed (2022),2022-02-09,402,B,,C,YOSHIDA (JPN),MS. ROCKET,EL PRADO (IRE),VINERY SALES AGENT V,NOT SOLD,9000,,04/04/2021,KENTUCKY,14&15,,,Y,,
Kentucky Winter Mixed (2022),2022-02-09,403,B,,C,OMAHA BEACH,MULTIPLAYER,GIANT'S CAUSEWAY,HILL 'N' DALE SALES AGENCY AGENT,INDIAN CREEK FARM,12000,,03/23/2021,KENTUCKY,3,,,Y,,
Kentucky Winter Mixed (2022),2022-02-09,404,B,MY COUSIN MARTHA,M,STAY THIRSTY,I'M BREATHTAKING,ELUSIVE QUALITY,BROOKDALE SALES AGENT FOR SPARTAN TEAM INVESTMENTS,SOUTHERN OAK FARM,50000,,03/22/2014,ONTARIO,7,,,B,,https://vimeo.com/674448432
Kentucky Winter Mixed (2022),2022-02-09,405,CH,MY MISS MIRACLE,F,KANTHAROS,MIRACULOUS MISS,MR. GREELEY,BUCKLAND SALES (ZACH MADDEN) AGENT V,PONDER HILL FARM,5000,Y,02/20/2018,KENTUCKY,10,,,BP,,
Kentucky Winter Mixed (2022),2022-02-09,406,CH,MY PHAROAH LADY,F,AMERICAN PHAROAH,STRIKING SCHOLAR,SMART STRIKE,MOONESTONE SALES AGENT II,WEST BLOODSTOCK,20000,,04/19/2018,WASHINGTON,10,,,RB,,
Kentucky Winter Mixed (2022),2022-02-09,407,B,,F,FLAMEAWAY,MY WISH LIST,FLATTER,JAMES B. KEOGH (GROVENDALE) AGENT III,COLD SNACKS RACING,17000,,04/10/2021,KENTUCKY,9,,,Y,,
Kentucky Winter Mixed (2022),2022-02-09,408,CH,NAVY REGATTA,M,MIDSHIPMAN,NEFARIOUS,MARIA'S MON,KP SALES AGENT,OUT,0,,04/11/2016,KENTUCKY,13,MR. MONEY,2021-06-15,B,,
Kentucky Winter Mixed (2022),2022-02-09,409,CH,,F,LORD NELSON,NECHEZ DAWN,INDIAN CHARLIE,SCOTT MALLORY AGENT III,ERIN FISHER,3000,,05/09/2019,KENTUCKY,12,,,RB,,
Kentucky Winter Mixed (2022),2022-02-09,410,DKB,,F,KITTEN'S JOY,NEGLIGEE,NORTHERN AFLEET,BROOKDALE SALES AGENT,SANDY BARBIER,2000,,03/11/2019,KENTUCKY,7,,,BP,,https://vimeo.com/672201445
Kentucky Winter Mixed (2022),2022-02-09,411,DKB,NEVER AT ALL (FR),F,NO NAY NEVER,ALHANIA,MEDAGLIA D'ORO,VINERY SALES AGENT XXIX,OUT,0,,04/08/2018,FR,14&15,,,BP,,
Kentucky Winter Mixed (2022),2022-02-09,412,GRR,,C,MOHAYMEN,NEWTOWN BARBIE,MAJESTICPERFECTION,MAINE CHANCE FARM (UNIVERSITY OF KENTUCKY),JAR,8000,,03/04/2021,KENTUCKY,15,,,Y,,https://youtu.be/ehRoqmVAaqw
Kentucky Winter Mixed (2022),2022-02-09,413,B,,C,MACLEAN'S MUSIC,NIGHTLIFE BABY,FLATTER,BALLYSAX BLOODSTOCK AGENT,C & S AGENT,35000,,02/24/2021,KENTUCKY,6,,,Y,,
Kentucky Winter Mixed (2022),2022-02-09,414,GRR,NIGHT WATCH,M,BRETHREN,TRAINEE,SILVER CHARM,KP SALES AGENT,OUT,0,,02/18/2016,FLORIDA,13,MR. MONEY,2021-04-11,B,,
Kentucky Winter Mixed (2022),2022-02-09,415,B,NOCHE DE VERSOS,M,CORINTHIAN,FLOWERS ATHEFINISH,GRAND REWARD,JAMES B. KEOGH (GROVENDALE) AGENT VI,OUT,0,,01/17/2012,KENTUCKY,9,BRODY'S CAUSE,2021-04-12,B,,
Kentucky Winter Mixed (2022),2022-02-09,416,DKB,,F,UPSTART,NO PANIC,HENRYTHENAVIGATOR,BALDWIN BLOODSTOCK AGENT IV,WAR HORSE PLACE,32000,,04/12/2021,KENTUCKY,6,,,Y,,https://vimeo.com/674254086
Kentucky Winter Mixed (2022),2022-02-09,417,B,,C,COMMISSIONER,NOTHINGBUTASMILE,MACLEAN'S MUSIC,BLUEWATER SALES LLC AGENT II,NOT SOLD,19000,,04/01/2021,NEW YORK,8,,,Y,,https://youtu.be/IgSB7QQ49zc
Kentucky Winter Mixed (2022),2022-02-09,418,CH,OCEAN RAGS,M,UNION RAGS,NEW HOPE SEVEN,CARSON CITY,TAYLOR MADE SALES AGENCY AGENT XIII,OUT,0,,03/25/2014,KENTUCKY,1&2,,,B,,
Kentucky Winter Mixed (2022),2022-02-09,419,CH,,F,VINO ROSSO,OCEAN RAGS,UNION RAGS,TAYLOR MADE SALES AGENCY AGENT XIII,OUT,0,,02/10/2021,PENNSYLVANIA,1&2,,,Y,,
Kentucky Winter Mixed (2022),2022-02-09,420,B,OFF TUNE,F,MACLEAN'S MUSIC,ELEADORA,FINALITY,PARAMOUNT SALES AGENT V,ERIN FISHER,5000,,03/22/2019,NEW YORK,5,,,BP,,
Kentucky Winter Mixed (2022),2022-02-09,421,B,OH SHE'S SO ON,M,NOT FOR LOVE,CAT PLAY,STORM CAT,DENALI STUD AGENT II,MICHAEL SLEZAK AGENT,10000,,05/27/2011,VIRGINIA,1,KLIMT,2021-05-07,B,,
Kentucky Winter Mixed (2022),2022-02-09,422,CH,OKIE BLONDE,M,SERVICE STRIPE,OKIE NICOLE,BLUMIN AFFAIR,HUNTER VALLEY FARM AGENT,NOT SOLD,7000,,04/09/2007,OKLAHOMA,11,ALTERNATION,2021-05-31,B,,https://vimeo.com/672855942
Kentucky Winter Mixed (2022),2022-02-09,423,CH,,F,YOSHIDA (JPN),ON CLOUD NINE,UNBRIDLED'S SONG,BALDWIN BLOODSTOCK AGENT II,RONALDO RODAS,6000,,04/26/2021,KENTUCKY,6,,,Y,,
Kentucky Winter Mixed (2022),2022-02-09,424,CH,,C,CATALINA CRUISER,ONE FOR LONDON,ESKENDEREYA,BLAKE-ALBINA THOROUGHBRED SERVICES LLC AGENT III,MKW INVESMENTS LLC,87000,,04/16/2021,KENTUCKY,11,,,Y,,https://vimeo.com/673329544
Kentucky Winter Mixed (2022),2022-02-09,425,B,,C,VIOLENCE,ONE HOT SENORITA,SHARP HUMOR,HILL 'N' DALE SALES AGENCY AGENT,BOLTER BLOODDSTOCK,20000,,03/27/2021,KENTUCKY,3,,,Y,,
Kentucky Winter Mixed (2022),2022-02-09,426,DKB,ORIENT NIGHT,F,BERNARDINI,MY SELECTION,BADGE OF SILVER,VINERY SALES AGENT V,BACKACRE FARM,11000,,02/09/2018,KENTUCKY,14&15,,,BP,,
Kentucky Winter Mixed (2022),2022-02-09,427,B,,C,KANTHAROS,OSTOURAH,TEUFLESBERG,STUART MORRIS AGENT FOR ROCKY TOP RACING & HIGHCLERE & SPRINGTON SHOW STABLES,REDFISH RACING,50000,,03/10/2021,KENTUCKY,4,,,Y,,https://vimeo.com/674223276
Kentucky Winter Mixed (2022),2022-02-09,428,GRR,OUR JENNY B,M,TALE OF THE CAT,BEMUSED,MARIA'S MON,ELM TREE FARM LLC (MR. AND MRS. JODY HUCKABAY) AGENT I,CLEAR CREEK STUD FARM,30000,Y,02/11/2010,KENTUCKY,8,VEKOMA,2021-05-14,B,,https://vimeo.com/672293700
Kentucky Winter Mixed (2022),2022-02-09,429,DKB,OVATION,M,DUNKIRK,GRAND FINALE,HENRYTHENAVIGATOR,STUART MORRIS AGENT II,HAL SNOWDEN JR,4500,,03/27/2014,KENTUCKY,4,EXAGGERATOR,2021-06-01,B,,https://vimeo.com/674223302
Kentucky Winter Mixed (2022),2022-02-09,430,B,PALOMANEGRA,M,GRAND SLAM,SEA DRAGONESS,SEA HERO,POPE MCLEAN (CRESTWOOD FARM) AGENT FOR KENDALL E. HANSEN M.D. RACING LLC,NOT SOLD,6000,,03/18/2009,KENTUCKY,11,EN HANSE,2021-04-23,B,,
Kentucky Winter Mixed (2022),2022-02-09,431,GRR,PAPER AIRPLANE,F,REVOLUTIONARY,SKY RANT,SKY MESA,HUNTER VALLEY FARM AGENT,SANDY BARBIER,8000,,01/10/2019,NEW YORK,11,,,RB,,https://vimeo.com/674261377
Kentucky Winter Mixed (2022),2022-02-09,432,DKB,,F,VIOLENCE,PARISIENNE (BRZ),FIRST AMERICAN,STUART MORRIS AGENT FOR HIGHCLERE,BOCA HORSE,130000,,01/26/2021,KENTUCKY,4,,,Y,,https://vimeo.com/674223320
Kentucky Winter Mixed (2022),2022-02-09,433,CH,,C,EXAGGERATOR,PARTY OF FOUR,TALE OF THE CAT,JAMES B. KEOGH (GROVENDALE) AGENT VIII,JESUS A. VILCHIS,7000,,04/19/2021,KENTUCKY,9,,,Y,,
Kentucky Winter Mixed (2022),2022-02-09,434,GRR,PATTI'S REGAL SONG,M,UNBRIDLED'S SONG,REGAL PENNANT,BANNER BOB,VINERY SALES AGENT XXIX,SEAN S PERL BLOODSTOCK & BACCARI BLOODSTOCK,175000,,02/12/2006,KENTUCKY,14&15,,,B,,
Kentucky Winter Mixed (2022),2022-02-09,435,DKB,PINK LENINADE,M,LEMON DROP KID,SOVIET,UNBRIDLED,BUCKLAND SALES (ZACH MADDEN) AGENT VIII,WESTBROOK STABLES,4500,,04/14/2008,KENTUCKY,10,KARAKONTIE (JPN),2021-05-01,B,,
Kentucky Winter Mixed (2022),2022-02-09,436,DKB,,C,MOR SPIRIT,PINK LENINADE,LEMON DROP KID,BUCKLAND SALES (ZACH MADDEN) AGENT VIII,TOMMY HUMPHRIES,15000,,04/09/2021,KENTUCKY,10,,,Y,,
Kentucky Winter Mixed (2022),2022-02-09,437,DKB,PIONEEROF NEW YORK,M,PIONEEROF THE NILE,KASHAMI,MIZZEN MAST,MOONESTONE SALES AGENT II,H & H FARMS,9000,,02/19/2016,NEW YORK,10,,,RB,,
Kentucky Winter Mixed (2022),2022-02-09,438,GRR,PISCES,F,MALIBU MOON,HER SWEET SAINT,SWEETSOUTHERNSAINT,TAYLOR MADE SALES AGENCY AGENT VI,THORO VENTURES,11000,,02/23/2018,FLORIDA,1&2,MIDNIGHT STORM,2021-03-27,B,,https://youtu.be/zFq-vQ0bKnY
Kentucky Winter Mixed (2022),2022-02-09,439,GRR,PLANETARY,F,LEMON DROP KID,ANOTHER WORLD,MARIA'S MON,BUCKLAND SALES (ZACH MADDEN) AGENT VII,DANNY R CALDWELL,20000,,03/29/2018,KENTUCKY,10,,,RB,,
Kentucky Winter Mixed (2022),2022-02-09,440,B,,C,UNION RAGS,PLEASE EXPLAIN,CURLIN,TAYLOR MADE SALES AGENCY AGENT XXVII,WOODMONT STABLES & 4 SON STABLES,30000,,04/19/2021,KENTUCKY,1&2,,,Y,,
Kentucky Winter Mixed (2022),2022-02-09,441,DKB,PLEASE REMEMBER ME,M,BULLET TRAIN (GB),ONE FOR YOU,DAYJUR,ENDEAVOR FARM AGENT,ERIN FISHER,3000,,04/16/2014,WASHINGTON,5,,,B,,
Kentucky Winter Mixed (2022),2022-02-09,442,DKB,,F,COAL FRONT,PLEASE REMEMBER ME,BULLET TRAIN (GB),ENDEAVOR FARM AGENT,JUAN GARCIA,10500,,04/08/2021,KENTUCKY,5,,,Y,,
Kentucky Winter Mixed (2022),2022-02-09,443,DKB,POQUITOMAS,F,INTO MISCHIEF,LADY KIERKEGAARD,ARCH,MILL RIDGE SALES AGENT,LUIS F BOUZA,15000,Y,03/26/2018,KENTUCKY,2,,,RB,,https://youtu.be/bQ5tMnLgIvk
Kentucky Winter Mixed (2022),2022-02-09,444,B,POWERFULATTRACTION,F,COMMISSIONER,MAGNET,SEEKING THE GOLD,TAYLOR MADE SALES AGENCY AGENT VIII,MILAM FARM LLC,210000,,04/16/2017,ARKANSAS,1&2,CANDY RIDE (ARG),2021-03-28,B,,https://youtu.be/psf3PIfEcFA
Kentucky Winter Mixed (2022),2022-02-09,445,B,,C,JIMMY CREED,PRAY BABY PRAY,VIOLENCE,SHEPPELL THOROUGHBREDS AGENT,NOT SOLD,26000,,02/06/2021,OHIO,8,,,Y,,
Kentucky Winter Mixed (2022),2022-02-09,446,DKB,PRESHOW,M,BERTRANDO,JANERIELLE,WILD RUSH,HILL 'N' DALE SALES AGENCY AGENT,RONNEY W BROWN,5000,,01/31/2008,CALIFORNIA,3,BAYERN,2021-04-15,B,,
Kentucky Winter Mixed (2022),2022-02-09,447,DKB,,F,AIR FORCE BLUE,PRETTYPRICEYGIRL,SCAT DADDY,HIDDEN BROOK AGENT III,FERGUS BOGLE,15000,,04/16/2021,NEW YORK,3,,,Y,,https://youtu.be/dsL40gJ_T_E
Kentucky Winter Mixed (2022),2022-02-09,448,B,PREVIEWER,M,SKY CLASSIC,PRESHOW,BERTRANDO,HILL 'N' DALE SALES AGENCY AGENT,RONNEY W BROWN,2000,,02/23/2014,KENTUCKY,3,MUCHO MACHO MAN,2021-04-15,B,,
Kentucky Winter Mixed (2022),2022-02-09,449,GRR,,F,MAXIMUS MISCHIEF,PRINCESS DROSSIE,DROSSELMEYER,FOUR STAR SALES AGENT,ROSE CREEK FARM,65000,,01/04/2021,INDIANA,4,,,Y,,
Kentucky Winter Mixed (2022),2022-02-09,451,DKB,PRINCESS DYNASTY,F,PIONEEROF THE NILE,GRACIOUSLY SOFT,VINDICATION,BLAKE-ALBINA THOROUGHBRED SERVICES LLC AGENT I,EMERALD EDGE STUD AGENT,6000,,03/04/2018,KENTUCKY,11,,,RB,,https://vimeo.com/673347068
Kentucky Winter Mixed (2022),2022-02-09,452,DKB,PRINECESS DOIR,F,BROKEN VOW,MARKET MAGIC,AFTER MARKET,BLUEWATER SALES LLC AGENT FOR BAYNE & CHRISTINA WELKER ET AL,OUT,0,,03/17/2018,KENTUCKY,8,,,BP,,
Kentucky Winter Mixed (2022),2022-02-09,453,B,,F,ACCELERATE,PRIVATE BEACH,MALIBU MOON,BALDWIN BLOODSTOCK AGENT III,BRISTON BLOODSTOCK,40000,,03/28/2021,KENTUCKY,6,,,Y,,https://vimeo.com/674260220
Kentucky Winter Mixed (2022),2022-02-09,454,CH,PROPERO,M,YES IT'S TRUE,FABULOUS,SEEKING THE GOLD,HILL 'N' DALE SALES AGENCY AGENT,4 LITTLE MONKEYS,4500,,05/07/2009,KENTUCKY,3,ARMY MULE,2021-04-21,B,,
Kentucky Winter Mixed (2022),2022-02-09,455,B,,C,TEXAS RED,PROPRIETAIRE,PROUD CITIZEN,MAINE CHANCE FARM (UNIVERSITY OF KENTUCKY),OUT,0,,03/25/2021,KENTUCKY,15,,,Y,,
Kentucky Winter Mixed (2022),2022-02-09,456,GRR,,C,MENDELSSOHN,PURPLE LIGHTS,GRAYDAR,STUART MORRIS AGENT,OUT,0,,03/12/2021,KENTUCKY,4,,,Y,,
Kentucky Winter Mixed (2022),2022-02-09,457,CH,PUT ON A SHOW,M,PUT IT BACK,PRETTY VALAY,AMERI VALAY,HUNTER VALLEY FARM AGENT,THE EQUINE CONSULTING LLC,2000,Y,03/23/2013,FLORIDA,11,FREE DROP BILLY,2021-04-13,B,,https://vimeo.com/672855983
Kentucky Winter Mixed (2022),2022-02-09,458,B,,C,STREET SENSE,Q GO GIRL,QUALITY ROAD,LEGACY BLOODSTOCK AGENT VII,OUT,0,,02/05/2021,KENTUCKY,10,,,Y,,
Kentucky Winter Mixed (2022),2022-02-09,459,GRR,QUEENGOL,F,FLASHBACK,NECHEZ DAWN,INDIAN CHARLIE,KP SALES AGENT,ROBERT M EVANS,150000,,04/15/2018,KENTUCKY,13,,,RB,,https://vimeo.com/673288737
Kentucky Winter Mixed (2022),2022-02-09,460,B,,C,MIDSHIPMAN,QUITE A KNIGHTMARE,ASCOT KNIGHT,VINERY SALES AGENT VII,TROPICAL RACING,50000,,04/27/2021,ONTARIO,14&15,,,Y,,
Kentucky Winter Mixed (2022),2022-02-09,461,DKB,RACHEL'S READY,M,MORE THAN READY,MY RACHEL,HORSE CHESTNUT (SAF),BALDWIN BLOODSTOCK AGENT II,LEVINGS RACING LLC,12000,,03/30/2012,KENTUCKY,6,,,B,,https://vimeo.com/672898927
Kentucky Winter Mixed (2022),2022-02-09,462,DKB,,F,AUDIBLE,RACHEL'S TEMPER,FLATTER,BLAKE-ALBINA THOROUGHBRED SERVICES LLC AGENT I,CASTLETON WAY,165000,,02/09/2021,NEW YORK,11,,,Y,,https://vimeo.com/673355912
Kentucky Winter Mixed (2022),2022-02-09,463,DKB,RACING,F,CANDY RIDE (ARG),RUNNING WILD,INDIAN CHARLIE,BROOKDALE SALES AGENT FOR THE ESTATE OF GASTON BALBI,OUT,0,,05/13/2020,KENTUCKY,7,,,RP,,
Kentucky Winter Mixed (2022),2022-02-09,464,CH,,F,SOLOMINI,RAGING DIVA,CORINTHIAN,MULHOLLAND SPRINGS AGENT V,ETHAN OAKS FARM,7500,,04/08/2021,NEW YORK,5,,,Y,,
Kentucky Winter Mixed (2022),2022-02-09,465,B,RECIPROCAL,F,QUALITY ROAD,SAUCEY EVENING,MORE THAN READY,TAYLOR MADE SALES AGENCY AGENT XXVI,KRISTA JAMGOTCHIAN,20000,,03/31/2017,KENTUCKY,1&2,,,BP,,
Kentucky Winter Mixed (2022),2022-02-09,466,GRR,RED HOT HEELS,M,TAPIT,RED HOT BERTIE,TABASCO CAT,BLAKE-ALBINA THOROUGHBRED SERVICES LLC AGENT I,SEAN S PERL BLOODSTOCK LLC,9000,,03/09/2012,NEW YORK,11,,,B,,https://vimeo.com/673329942
Kentucky Winter Mixed (2022),2022-02-09,467,DKB,,C,COLLECTED,RED HOT HEELS,TAPIT,BLAKE-ALBINA THOROUGHBRED SERVICES LLC AGENT I,LUIS F BOUZA AGENT FOR G U STABLE,21000,,04/23/2021,NEW YORK,11,,,Y,,https://vimeo.com/673281365
Kentucky Winter Mixed (2022),2022-02-09,468,CH,,F,UNION RAGS,REHEARSED,TAPIT,BROOKDALE SALES AGENT FOR THE ESTATE OF GASTON BALBI,HELEN PITTS AGENT,25000,,03/04/2020,KENTUCKY,7,,,RP,,https://vimeo.com/674486429
Kentucky Winter Mixed (2022),2022-02-09,469,CH,RENEE'S QUEEN,M,AFTER MARKET,MIGHTY RENEE,MARIA'S MON,VINERY SALES AGENT XXIX,MICHAEL SLEZAK AGENT FOR SIMON LANCE,20000,,02/06/2010,KENTUCKY,14&15,ARMY MULE,2021-06-15,B,,
Kentucky Winter Mixed (2022),2022-02-09,470,B,,F,JUSTIFY,REVE ENCHANTE,MEDAGLIA D'ORO,BROOKDALE SALES AGENT,OUT,0,,03/30/2020,KENTUCKY,7,,,RP,,https://vimeo.com/674487199
Kentucky Winter Mixed (2022),2022-02-09,471,DKB,REVERSE,M,COLONEL JOHN,PATSY ANN,YANKEE GENTLEMAN,TAYLOR MADE SALES AGENCY AGENT IX,OUT,0,,04/25/2014,ONTARIO,1&2,GUN RUNNER,2021-04-17,B,,
Kentucky Winter Mixed (2022),2022-02-09,472,CH,,C,FREE DROP BILLY,RILLA,DROSSELMEYER,VINERY SALES AGENT XIX,EMI RACING,3500,,05/11/2021,KENTUCKY,14&15,,,Y,,
Kentucky Winter Mixed (2022),2022-02-09,473,B,RI N GINGER,F,LOOKIN AT LUCKY,NO WONDER,THREE WONDERS,GAINESWAY AGENT IV,MCDONALD STABLES LLC,30000,,04/03/2017,ONTARIO,6,,,BP,,
Kentucky Winter Mixed (2022),2022-02-09,474,CH,,C,GET STORMY,RIOT,CITY ZIP,MAINE CHANCE FARM (UNIVERSITY OF KENTUCKY),EDY GONZALEZ,5500,,04/08/2021,KENTUCKY,15,,,Y,,https://youtu.be/IRnoIUVKJ_4
Kentucky Winter Mixed (2022),2022-02-09,475,DKB,RISK PREMIUM,M,TAKE CHARGE INDY,LITTLE SWOON,YOU AND I,HIGHGATE SALES AGENT I,GRANTLEY ACRES,82000,,04/09/2016,KENTUCKY,9,MUNNINGS,2021-04-02,B,,https://vimeo.com/670774891
Kentucky Winter Mixed (2022),2022-02-09,476,B,,C,NYQUIST,RISTRETTO,MEDAGLIA D'ORO,TAYLOR MADE SALES AGENCY AGENT XIII,DENNIS O'NEILL,60000,,05/20/2021,PENNSYLVANIA,1&2,,,Y,,https://vimeo.com/674135335
Kentucky Winter Mixed (2022),2022-02-09,477,B,ROGUE TOO,M,FIRST DUDE,PLEASANT THUNDER,THUNDER GULCH,HIDDEN BROOK AGENT V,OUT,0,,02/08/2016,FLORIDA,3,,,RB,,
Kentucky Winter Mixed (2022),2022-02-09,478,GRR,ROMAN LASSIE,F,LIAM'S MAP,ROMAN BLUFF,ROMAN RULER,TAYLOR MADE SALES AGENCY AGENT XIV,JODY HUCKABAY AGENT,135000,,02/23/2017,PENNSYLVANIA,1&2,MUNNINGS,2021-04-09,B,,https://vimeo.com/674135785
Kentucky Winter Mixed (2022),2022-02-09,479,GRR,,C,FROSTED,ROMAN LASSIE,LIAM'S MAP,TAYLOR MADE SALES AGENCY AGENT XIV,BOCA HORSE,60000,,02/13/2021,PENNSYLVANIA,1&2,,,Y,,https://vimeo.com/674136221
Kentucky Winter Mixed (2022),2022-02-09,480,B,ROYAL COUNTY,F,KLIMT,GUILTLESS,BERNARDINI,VINERY SALES AGENT XXIX,OUT,0,,03/14/2019,KENTUCKY,14&15,,,RB,,
Kentucky Winter Mixed (2022),2022-02-09,481,B,ROYAL RHIANNON,M,BROKEN VOW,CARESSING,HONOUR AND GLORY,BLAKE-ALBINA THOROUGHBRED SERVICES LLC AGENT I,ERIN FISHER,7000,,03/10/2009,KENTUCKY,11,,,B,,https://vimeo.com/673330340
Kentucky Winter Mixed (2022),2022-02-09,482,DKB,R PREROGATIVE,M,DRILL,ZARLANZ,HARLAN'S HOLIDAY,PARAMOUNT SALES AGENT XII,SMALL BATCH THOROUGHBREDS,30000,,03/06/2016,FLORIDA,5,,,BP,,
Kentucky Winter Mixed (2022),2022-02-09,483,B,,C,GORMLEY,RUBY FROST,THE FACTOR,BALDWIN BLOODSTOCK AGENT XI,ALFONSO SOUED,21000,,03/05/2021,KENTUCKY,6,,,Y,,https://vimeo.com/674036927
Kentucky Winter Mixed (2022),2022-02-09,484,B,,F,CENTRAL BANKER,RUEDELAROSE,STREET SENSE,MULHOLLAND SPRINGS AGENT VI,RIVERVIEW FARM,18000,,04/24/2021,NEW YORK,5,,,Y,,
Kentucky Winter Mixed (2022),2022-02-09,485,CH,,F,CARPE DIEM,RUNNINGTHESHOW,MAJESTICPERFECTION,FRANKFORT PARK FARM AGENT,ANGEL ORDONEZ,7500,,05/05/2021,KENTUCKY,7,,,Y,,https://vimeo.com/672594118
Kentucky Winter Mixed (2022),2022-02-09,486,DKB,,C,MUNNINGS,RUNNINWITHTHEWIND,MEDAGLIA D'ORO,BROOKDALE SALES AGENT FOR THE ESTATE OF GASTON BALBI,SHEPHERD EQUINE ADVISORS AGT FOR LARRY HIRSCH,155000,,03/17/2021,KENTUCKY,7,,,Y,,https://vimeo.com/672898720
Kentucky Winter Mixed (2022),2022-02-09,487,B,RUNWAY DREAMER,F,TONALIST,RUNWAY ROSIE,INCLUDE,VINERY SALES AGENT XXIX,OUT,0,,01/30/2017,KENTUCKY,14&15,,,BP,,
Kentucky Winter Mixed (2022),2022-02-09,488,B,,C,MOR SPIRIT,RUSTIC CHIC,ORB,MAPLE RUN SOUTH AGENT,JOSE PIETRI,2000,,01/28/2021,KENTUCKY,12,,,Y,,
Kentucky Winter Mixed (2022),2022-02-09,489,GRR,,C,CROSS TRAFFIC,SEAMSTRESS,LANGFUHR,CROWNING POINT FARM AGENT,BOWLING BLOODSTOCK,10000,Y,05/11/2020,KENTUCKY,12,,,RP,,
Kentucky Winter Mixed (2022),2022-02-09,490,DKB,,C,TALE OF THE CAT,STREET BEAUTY,STREET CRY (IRE),BROOKDALE SALES AGENT FOR THE ESTATE OF GASTON BALBI,COUNTRY BRO STABLES,19000,,05/21/2020,KENTUCKY,7,,,RP,,https://vimeo.com/674473079
Kentucky Winter Mixed (2022),2022-02-09,491,GRR,,C,CROSS TRAFFIC,FANTASY SLAM,SMOKE GLACKEN,CROWNING POINT FARM AGENT,FRANK G FIUMERA,15000,,02/04/2020,KENTUCKY,12,,,RP,,
Kentucky Winter Mixed (2022),2022-02-09,492,CH,FLAWLESS BOURBON,G,NOT BOURBON,INTERNALLYFLAWLESS,GIANT'S CAUSEWAY,HUNTER VALLEY FARM AGENT,TINA RAMGEET,5500,,02/27/2016,ONTARIO,11,,,RP,,
Kentucky Winter Mixed (2022),2022-02-09,493,B,HOUDINI'S AWESOME,C,TALE OF EKATI,AWESOME HOUDINI,AWESOME AGAIN,HUNTER VALLEY FARM AGENT,MARC DETAMPEL,27000,,03/05/2018,ONTARIO,11,,,RP,,https://vimeo.com/674261417
Kentucky Winter Mixed (2022),2022-02-09,494,B,,C,PIONEEROF THE NILE,I'M A LOOKER,HENNY HUGHES,BROOKDALE SALES AGENT,CHAMPION EQUINE LLC,140000,,02/11/2020,KENTUCKY,7,,,RP,,https://vimeo.com/674487972
Kentucky Winter Mixed (2022),2022-02-09,495,B,KINETIC SKY,C,RUNHAPPY,SKY AMERICA,SKY MESA,MILL RIDGE SALES AGENT,OUT,0,,03/20/2018,KENTUCKY,2,,,RP,,
Kentucky Winter Mixed (2022),2022-02-09,496,B,,C,DISTORTED HUMOR,MAGGY'S MELODY,UNBRIDLED'S SONG,BROOKDALE SALES AGENT,LITTLE'S BLOODSTOCK AGENT FOR CAROLYN VOGEL,60000,,04/28/2020,KENTUCKY,7,,,RP,,https://vimeo.com/674488580
Kentucky Winter Mixed (2022),2022-02-09,497,B,PRESELI'S TALE,C,TALE OF EKATI,PRESELI'S PULPIT,PULPIT,HUNTER VALLEY FARM AGENT,E J HUBEL,11000,,03/09/2017,KENTUCKY,11,,,RP,,
Kentucky Winter Mixed (2022),2022-02-09,498,B,LIMONITE,H,LEMON DROP KID,COLINA VERDE (BRZ),KNOW HEIGHTS (IRE),VINERY SALES AGENT FOR DISSOLUTION OF A PARTNERSHIP,CAROLYN CONLEY AGENT FOR STABLE HMA,70000,,02/12/2016,KENTUCKY,14&15,,,RS,,
Kentucky Winter Mixed (2022),2022-02-09,499,CH,PER CAPITA,H,TAPIT,SUCCESSFUL OUTLOOK,ORIENTATE,GAINESWAY AGENT I,ALVAREZ RACING LLC,60000,,02/22/2016,KENTUCKY,6,,,RS,,
Kentucky Winter Mixed (2022),2022-02-09,500,DKB,SKY KITTEN,F,SKY MESA,NICE KITTY KITTY,FOREST WILDCAT,TAYLOR MADE SALES AGENCY AGENT FOR BROWNING & PARTNERS,SADDLE RIDGE,50000,,02/15/2017,NEW YORK,1&2,,,BP,,https://vimeo.com/672773066
Kentucky Winter Mixed (2022),2022-02-09,501,DKB,VACAY,F,NOT THIS TIME,FLORIDA SUN,BELGRAVIA,HIGHGATE SALES AGENT II,NBS STABLE/JOHN BALLANTYNE,170000,,03/31/2018,NEW YORK,9,,,BP,,https://vimeo.com/673288807
Kentucky Winter Mixed (2022),2022-02-09,502,B,SPEEDING,F,INTO MISCHIEF,PRANCING,TAPIT,HIGHGATE SALES AGENT I,SPRINGLAND FARM,30000,,01/13/2018,KENTUCKY,9,,,BP,,https://vimeo.com/672302199
Kentucky Winter Mixed (2022),2022-02-09,503,CH,MORELIKELYTHANNOT,M,SCAT DADDY,CASCABELLA,AFLEET ALEX,HIGHGATE SALES AGENT I,MIKE ABRAHAM,27000,,03/05/2015,KENTUCKY,9,CONNECT,2021-03-01,B,,https://vimeo.com/674033741
Kentucky Winter Mixed (2022),2022-02-09,504,B,KITTEN BY THE SEA,M,KITTEN'S JOY,SEA BUBBLE,U S RANGER,HIGHGATE SALES AGENT VI,SAL PERITO,17000,,04/27/2016,KENTUCKY,9,,,RB,,https://vimeo.com/673288866
Kentucky Winter Mixed (2022),2022-02-09,505,B,LIKE NOWHERE ELSE (IRE),F,FROSTED,DAME URSULA (GB),ELUSIVE QUALITY,RUNNYMEDE FARM LLC AGENT,CLARKLAND LLC,32000,,02/23/2018,IRE,4,,,BP,,https://www.youtube.com/watch?v=_0fNG7r5CD8
Kentucky Winter Mixed (2022),2022-02-09,506,DKB,,C,TWIRLING CANDY,HONOR AND TRUST,TO HONOR AND SERVE,FOUR STAR SALES AGENT,ROBERT N LAKE,5000,,03/18/2021,KENTUCKY,4,,,Y,,
Kentucky Winter Mixed (2022),2022-02-09,507,DKB,KATTEGAT,F,EMPIRE MAKER,FENCELINENEIGHBOR,WILD RUSH,JAMES B. KEOGH (GROVENDALE) AGENT XVIII,BLACKSTONE FARM LLC,60000,,03/07/2018,KENTUCKY,9,,,BP,,
Kentucky Winter Mixed (2022),2022-02-09,508,CH,CATERINA ONE,M,MUNNINGS,ALFREDA,STRONG CONTENDER,VINERY SALES AGENT XXXII,BRADLEY THOROUGHBREDS LLC AGT,15000,,04/03/2016,KENTUCKY,14&15,,,BP,,
Kentucky Winter Mixed (2022),2022-02-09,509,DKB,CONQUEST INATWIRL,M,TWIRLING CANDY,ELSIE JAY,GIANT'S CAUSEWAY,CROWNING POINT FARM AGENT,OUT,0,,04/04/2013,CALIFORNIA,12,FLAMEAWAY,2021-03-30,B,,
Kentucky Winter Mixed (2022),2022-02-09,510,DKB,MILDRED,M,HARD SPUN,HONEYPENNY,ROYAL ACADEMY,CROWNING POINT FARM AGENT,PAUL M KING,7000,,03/19/2010,KENTUCKY,12,KLIMT,2021-03-09,B,,
Kentucky Winter Mixed (2022),2022-02-09,511,GRR,STORM SWEPT,M,STORMY ATLANTIC,BEHAVING,RUBIANO,VINERY SALES AGENT XXXIV,MICHAEL SLEZAK AGENT,22000,Y,04/04/2011,KENTUCKY,14&15,SPUN TO RUN,2021-05-10,B,,
Kentucky Winter Mixed (2022),2022-02-09,512,B,CHEEKY CHERUB,M,PIONEEROF THE NILE,JUST JOYFUL,STREET BOSS,SCOTT MALLORY AGENT VI,OUT,0,,03/12/2015,KENTUCKY,12,AUDIBLE,2021-05-11,B,,
Kentucky Winter Mixed (2022),2022-02-09,513,B,DOUBLE DOINK,M,GHOSTZAPPER,VILLETTE,PETIONVILLE,VINERY SALES AGENT XXXII,JEFFERSON LTD,18000,,02/18/2017,PENNSYLVANIA,14&15,,,BP,,
Kentucky Winter Mixed (2022),2022-02-09,514,B,TOWN BEE,H,JERSEY TOWN,BEES,RAHY,HUNTER VALLEY FARM AGENT,OUT,0,,05/01/2016,KENTUCKY,11,,,S,,
Kentucky Winter Mixed (2022),2022-02-09,515,DKB,,F,VINO ROSSO,SASTRUGI,BODEMEISTER,ST GEORGE SALES AGENT VIII,ARTIC BLOODSTOCK,108000,,05/08/2021,KENTUCKY,8,,,Y,,https://vimeo.com/674242394
Kentucky Winter Mixed (2022),2022-02-09,516,DKB,SAMANTHA DILLON,M,UNBRIDLED'S SONG,TOPSOM,RED RANSOM,ST GEORGE SALES AGENT VII,OUT,0,,05/17/2011,KENTUCKY,8,GAME WINNER,2021-03-12,B,,
Kentucky Winter Mixed (2022),2022-02-09,517,DKB,,F,DIALED IN,SEVEN DAYS,QUIET AMERICAN,ST GEORGE SALES AGENT FOR HODGE ET AL,P MILLER EQB AGENT,40000,,04/19/2021,KENTUCKY,8,,,Y,,https://youtu.be/ZJkh42zGYD0
Kentucky Winter Mixed (2022),2022-02-09,518,B,SEVEN DAYS,M,QUIET AMERICAN,CARIB GAL,AWESOME AGAIN,ST GEORGE SALES AGENT FOR HODGE ET AL,REBECCA FARMS LLC,20000,,04/04/2010,KENTUCKY,8,COMPLEXITY,2021-05-19,B,,https://youtu.be/tUQ9UwsfU3o
Kentucky Winter Mixed (2022),2022-02-09,519,B,TUNIC,F,EMPIRE MAKER,FLATBOW,BROKEN VOW,MILL RIDGE SALES AGENT,JIM DANIELL,22000,,02/10/2018,KENTUCKY,2,,,BP,,https://youtu.be/XR5mhXj8S38
Kentucky Winter Mixed (2022),2022-02-09,520,DKB,WINK TEXAS,F,TOO MUCH BLING,DIXIE MINER,MINESHAFT,JAMES B. KEOGH (GROVENDALE) AGENT XX,NOT SOLD,37000,,02/28/2018,TEXAS,9,,,BP,,
Kentucky Winter Mixed (2022),2022-02-09,521,CH,SINGITA DREAMS,M,FIRST SAMURAI,SASSY'S DREAM,FLOWER ALLEY,DENALI STUD AGENT I,THE ELKSTONE GROUP LLC,10000,Y,04/03/2016,KENTUCKY,1,,,RB,,https://vimeo.com/670316377
Kentucky Winter Mixed (2022),2022-02-09,522,CH,FERIA DE FLORES,F,SPEIGHTSTOWN,RAFFLE TICKET,A.P. INDY,LANE'S END AGENT,BOBBY POWELL AGENT,50000,,02/09/2018,KENTUCKY,1,,,BP,,
Kentucky Winter Mixed (2022),2022-02-09,523,DKB,JOAN'S JETT,F,HONOR CODE,MAGIC JOAN,ENGLISH CHANNEL,LANE'S END AGENT,BEEKMAN HILL FARM,5000,,03/25/2019,KENTUCKY,1,,,BP,,
Kentucky Winter Mixed (2022),2022-02-09,524,CH,,C,CATALINA CRUISER,FASHION SECRET,CURLIN,PARAMOUNT SALES AGENT XIII,FIRST FINDS,85000,,05/01/2021,KENTUCKY,5,,,Y,,
Kentucky Winter Mixed (2022),2022-02-09,525,DKB,WHISTLING STRAITS,M,SCAT DADDY,CHRISTINA LAKE,MEADOWLAKE,BLUEWATER SALES LLC AGENT VII,SCOTT MALLORY AGENT,35000,,02/09/2013,KENTUCKY,8,VOLATILE,2021-04-23,B,,
Kentucky Winter Mixed (2022),2022-02-09,526,B,DERBYSHIRE,F,FLINTSHIRE (GB),RUN KATE RUN,CHEROKEE RUN,BILL REIGHTLER AGENT,DAN AVOCA,4000,,03/21/2019,KENTUCKY,10,,,BP,,https://vimeo.com/671262143
Kentucky Winter Mixed (2022),2022-02-09,527,B,SHEER ALICE (GB),F,KODIAC (GB),WONDERLAND (IRE),LOPE DE VEGA (IRE),DARBY DAN FARM AGENT I,KEN KACHEL,35000,,01/30/2019,GB,11,,,RB,,
Kentucky Winter Mixed (2022),2022-02-09,528,B,,C,WAR DANCER,TAKE ON THE DAY,ELUSIVE QUALITY,VINERY SALES AGENT XXXV,DE LUCA & SONS STABLE,4500,,04/29/2021,NEW YORK,14&15,,,Y,,
Kentucky Winter Mixed (2022),2022-02-09,529,B,WHERE'S BRIDGIT,F,BERNARDINI,MYSTIC LOVE,NOT FOR LOVE,TAYLOR MADE SALES AGENCY AGENT XLI,CASTLE PARK FARM LLC,42000,,03/13/2019,MARYLAND,1&2,,,RB,,https://youtu.be/cpTPAVz9U-o
Kentucky Winter Mixed (2022),2022-02-09,530,DKB,NIMUE,M,SPEIGHTSTOWN,FLAG SUPPORT,PERSONAL FLAG,HUNTER VALLEY FARM AGENT,FORMAL BLOODSTOCK LLC AGENT,2000,,02/01/2007,KENTUCKY,11,,,B,,
Kentucky Winter Mixed (2022),2022-02-09,531,B,,F,TAPITURE,DIVINE FRIENDS,DIVINE PARK,BUCKLAND SALES (ZACH MADDEN) AGENT XXX,OUT,0,,04/02/2021,KENTUCKY,10,,,Y,,
Kentucky Winter Mixed (2022),2022-02-09,532,GRR,KEEP YOUR PROMISE,F,BROKEN VOW,BEDANKEN,GERI,DENALI STUD AGENT FOR PIN OAK STUD LLC,G CHRIS COLEMAN,65000,,04/02/2019,KENTUCKY,1,,,BP,,
Kentucky Winter Mixed (2022),2022-02-09,533,DKB,RESETTLING,F,VIOLENCE,MOVING AWAY,DISTORTED HUMOR,DENALI STUD AGENT FOR PIN OAK STUD LLC,BUCK CREEK,15000,,04/14/2020,KENTUCKY,1,,,RP,,
Kentucky Winter Mixed (2022),2022-02-09,534,B,,C,STREET SENSE,TAPITAL GAINS,TAPIT,TAYLOR MADE SALES AGENCY AGENT XIII,OUT,0,,04/14/2021,PENNSYLVANIA,1&2,,,Y,,
Kentucky Winter Mixed (2022),2022-02-09,535,CH,SOULSTONE,F,STREET BOSS,ANDARIEL (IRE),EXCELEBRATION (IRE),PARAMOUNT SALES AGENT XIV,DOUGLAS MAROUN,7000,,02/08/2019,KENTUCKY,5,,,RB,,
Kentucky Winter Mixed (2022),2022-02-09,536,B,ELOQUENT SPEAKER,M,FLATTER,SPOKEN NOT BROKEN,BROKEN VOW,TAYLOR MADE SALES AGENCY AGENT XLIII,BLUEWATER SALES LLC AGENT,200000,,01/30/2017,NEW YORK,1&2,,,RB,,https://youtu.be/75R_2Rpq__I
Kentucky Winter Mixed (2022),2022-02-09,537,DKB,JUST READ IT,F,CONSTITUTION,MYBROKENHOME,BROKEN VOW,TAYLOR MADE SALES AGENCY AGENT XLII,WACHTEL STABLE,200000,,03/20/2018,KENTUCKY,1&2,,,RB,,https://youtu.be/BgipxpAyB5U
Kentucky Winter Mixed (2022),2022-02-09,538,B,TIZ CHAPPY,F,TIZNOW,CHAPARELLA,SERVICE STRIPE,DENALI STUD AGENT I,RUSTY ROBERTS,13000,,02/26/2019,KENTUCKY,1,,,RB,,
Kentucky Winter Mixed (2022),2022-02-09,539,B,LAVISH MARTHA,F,BERNARDINI,LAVISH OUTLOOK,SMARTY JONES,KP SALES AGENT,LIMESTONE PARTNERS,10000,,04/05/2019,KENTUCKY,13,,,BP,,https://vimeo.com/674454840
Kentucky Winter Mixed (2022),2022-02-09,540,B,STORMANDAPRAYER,M,SONGANDAPRAYER,STORMY PICK,STORM CREEK,HUNTER VALLEY FARM AGENT,MULHOLLAND SPRINGS,37000,,04/21/2007,KENTUCKY,11,SPUN TO RUN,2021-05-12,B,,https://vimeo.com/672782312
Kentucky Winter Mixed (2022),2022-02-09,541,CH,BRILLIANT CUT,F,SPEIGHTSTOWN,POLISH A DIAMOND,THE FACTOR,HIGHGATE SALES AGENT V,KATSUMI YOSHIDA,750000,,02/02/2018,KENTUCKY,9,,,RB,,https://vimeo.com/670362835
Kentucky Winter Mixed (2022),2022-02-09,542,B,,C,EXAGGERATOR,JE SUIS TIZZY,TIZNOW,PARAMOUNT SALES AGENT XV,OUT,0,,02/25/2021,KENTUCKY,5,,,Y,,
Kentucky Winter Mixed (2022),2022-02-09,543,DKB,CAROLS DREAM,M,HONOR CODE,SUGARINTHEMORNING,CANDY RIDE (ARG),LEGACY BLOODSTOCK AGENT XI,ERIN FISHER,3000,,04/22/2017,KENTUCKY,10,,,B,,
Kentucky Winter Mixed (2022),2022-02-09,544,GRR,PURE OF SPIRIT,M,PURIM,PRINCESS OF GHOSTS,SILVER GHOST,HIDDEN BROOK AGENT VII,ASSAF RONEN,10000,,05/13/2010,KENTUCKY,3,TOM'S D'ETAT,2021-04-13,B,,https://www.youtube.com/watch?v=At08fFONb3M
Kentucky Winter Mixed (2022),2022-02-09,545,B,TAROT CARD,F,PIONEEROF THE NILE,FUTURE SHOW,MALIBU MOON,TAYLOR MADE SALES AGENCY AGENT V,JEFF GANJE,20000,,02/09/2019,KENTUCKY,1&2,,,RB,,https://vimeo.com/674136826
Kentucky Winter Mixed (2022),2022-02-09,546,B,ALL IN TIME,M,CURLIN,DISTORTED POINT,DISTORTED HUMOR,BLUEWATER SALES LLC AGENT VIII,BECKY THOMAS AGENT,50000,,02/11/2016,KENTUCKY,8,HONEST MISCHIEF,2021-05-02,B,,
Kentucky Winter Mixed (2022),2022-02-09,547,B,,F,PRACTICAL JOKE,ALL IN TIME,CURLIN,BLUEWATER SALES LLC AGENT VIII,C & S TBS AGENT,50000,,04/10/2021,NEW YORK,8,,,Y,,https://youtu.be/jjrGuYb-wQg
Kentucky Winter Mixed (2022),2022-02-09,548,DKB,LUX LUCET,F,DISTORTED HUMOR,SUPER SAVVY,SUPER SAVER,TAYLOR MADE SALES AGENCY AGENT XLIV,OUT,0,,02/27/2018,CALIFORNIA,1&2,,,RB,,
Kentucky Winter Mixed (2022),2022-02-09,549,DKB,HALO CITY,M,COMMISSIONER,CITY ANGEL,CITY ZIP,TAYLOR MADE SALES AGENCY AGENT XLV,OUT,0,,04/06/2017,KENTUCKY,1&2,,,RB,,
Kentucky Winter Mixed (2022),2022-02-09,550,B,TAP THE HEART,F,CUPID,RUBICON,MINESHAFT,FOUR STAR SALES AGENT,STETSON MITCHELL,13000,,03/12/2019,NEW YORK,4,,,RB,,
Kentucky Winter Mixed (2022),2022-02-09,551,CH,ANNAGANGSTA,F,FLATTER,ROYAL RHIANNON,BROKEN VOW,FOUR STAR SALES AGENT,LINDSAY SCHULTZ RACING STABLE,30000,,03/26/2019,KENTUCKY,4,,,RB,,
Kentucky Winter Mixed (2022),2022-02-09,552,B,EDEN,M,CURLIN,ROOM FOR ME,HARLINGTON,BUCKLAND SALES (ZACH MADDEN) AGENT XIV,NOT SOLD,24000,,01/12/2017,KENTUCKY,10,,,BP,,
Kentucky Winter Mixed (2022),2022-02-09,553,DKB,MOON UNIT ZAPPER,M,GHOSTZAPPER,CH CH CHERRY BOMB,NOT FOR LOVE,HIDDEN BROOK AGENT VIII,DAN HARRIS,9000,,02/06/2017,NEW JERSEY,3,,,BP,,https://youtu.be/fHkVwu9GCaE
Kentucky Winter Mixed (2022),2022-02-09,554,B,AUNTIE MABEL,M,BAYERN,EVROBI,TABASCO CAT,JAMES B. KEOGH (GROVENDALE) AGENT XXII,OUT,0,,02/13/2017,KENTUCKY,9,,,RB,,
Kentucky Winter Mixed (2022),2022-02-09,555,CH,RED ROSES TOO,F,NYQUIST,WISHFUL SPLENDOR,SMART STRIKE,JAMES B. KEOGH (GROVENDALE) AGENT XXIII,JOHN WILLIAMS AGENT FOR MBI,150000,,04/11/2019,KENTUCKY,9,,,RB,,
Kentucky Winter Mixed (2022),2022-02-09,556,B,RAGING SMOKE,M,MORE SMOKE,MARQUEE KELLY,MARQUETRY,VINERY SALES AGENT XXXVI,THORO VENTURES,33000,,03/03/2011,PENNSYLVANIA,14&15,TONALIST,2021-04-29,B,,
Kentucky Winter Mixed (2022),2022-02-09,557,CH,,F,MUCHO MACHO MAN,LITERATA,READ THE FOOTNOTES,BUCKLAND SALES (ZACH MADDEN) AGENT XV,OUT,0,,05/05/2020,NEW YORK,10,,,RP,,
Kentucky Winter Mixed (2022),2022-02-09,558,B,PASS THE BAR,M,LEMON DROP KID,ABSOLUTE PATIENCE,RAKEEN,VINERY SALES AGENT XXXVII,NOT SOLD,8000,,03/29/2016,NEW YORK,14&15,FOG OF WAR,2021-04-16,B,,
Kentucky Winter Mixed (2022),2022-02-09,559,B,BELLE BREZING,M,TEMPLE CITY,CHEQUERED LOVE,CHEQUER,BARR INMAN,SAL PERITO,12000,,05/02/2015,KENTUCKY,6,,,BP,,
Kentucky Winter Mixed (2022),2022-02-09,560,GRR,SPECIAL THANKS,M,BROKEN VOW,BEDANKEN,GERI,HIDDEN BROOK AGENT IX,CYPRESS CREEK LLC,200000,,02/07/2012,KENTUCKY,3,WAR FRONT,2021-02-13,B,,https://youtu.be/f6h0wyRIa2M
Kentucky Winter Mixed (2022),2022-02-09,561,B,SPRING FORTH,M,MUNNINGS,SPRING BREEZE,CONGRATS,HIDDEN BROOK AGENT IX,CYPRESS CREEK LLC,30000,Y,04/26/2016,KENTUCKY,3,HARD SPUN,2021-02-17,B,,https://youtu.be/F2RcrSZD_p0
Kentucky Winter Mixed (2022),2022-02-09,562,DKB,,C,FROSTED,ANANDA,SCAT DADDY,HIDDEN BROOK AGENT IX,NOT SOLD,19000,,04/05/2021,NEW YORK,3,,,Y,,https://www.youtube.com/watch?v=jTMEI4rMrYQ
Kentucky Winter Mixed (2022),2022-02-09,563,DKB,,F,MISSION IMPAZIBLE,SILVERAMA,MINESHAFT,HIDDEN BROOK AGENT IX,SAPPHIRE STABLES,5000,,05/09/2021,NEW YORK,3,,,Y,,https://www.youtube.com/watch?v=ccJv1dQsM10
Kentucky Winter Mixed (2022),2022-02-09,564,CH,DIAMANTE DE FUEGO,M,EL CORREDOR,MATSUE,LURE,BRANDYWINE FARM (JIM & PAM ROBINSON) AGENT,BF BLOODSTOCK AGENT,3000,,02/12/2009,KENTUCKY,15,,,B,,
Kentucky Winter Mixed (2022),2022-02-09,565,B,GIVE ME A HUG,M,UNCLE MO,TAMBOORENSNSHAMPAN,DEERHOUND,TAYLOR MADE SALES AGENCY AGENT XLVI,MICHAEL SLEZAK AGENT,10000,,01/18/2016,NEW YORK,1&2,TAPITURE,2021-03-27,B,,
Kentucky Winter Mixed (2022),2022-02-09,566,B,LITTLE DANCER,M,SUCCESSFUL APPEAL,JACK'S LITTLE GIRL,BROAD BRUSH,GAINESWAY AGENT VIII,OUT,0,,03/28/2014,KENTUCKY,6,MCKINZIE,2021-04-21,B,,
Kentucky Winter Mixed (2022),2022-02-09,567,B,PARTY LINE VOTE,F,TIZNOW,RANDIE'S LEGEND,BENCHMARK,HUNTER VALLEY FARM AGENT,SUNSHINE STABLES,150000,,03/24/2018,PENNSYLVANIA,11,,,BP,,https://vimeo.com/674261450
Kentucky Winter Mixed (2022),2022-02-09,568,B,DAME CINCO,F,CINCO CHARLIE,LANTERN,MINESHAFT,JAMES B. KEOGH (GROVENDALE) AGENT XXV,OUT,0,,02/14/2018,KENTUCKY,9,,,RB,,
Kentucky Winter Mixed (2022),2022-02-09,569,DKB,MINETTA,F,KHOZAN,BATTLING BROOK,BROKEN VOW,JAMES B. KEOGH (GROVENDALE) AGENT XXV,MKW INVESMENTS LLC,70000,,01/18/2018,FLORIDA,9,,,BP,,
Kentucky Winter Mixed (2022),2022-02-09,570,B,,C,AUDIBLE,LIVE TO DANCE,EMCEE,KP SALES AGENT,MACHMER HALL,87000,,05/04/2021,KENTUCKY,13,,,Y,,https://vimeo.com/674454896
Kentucky Winter Mixed (2022),2022-02-09,571,CH,SPINDLAR,C,LEA,WOVEN WEB,SAARLAND,POPE MCLEAN (CRESTWOOD FARM) AGENT I,OUT,0,,04/04/2020,KENTUCKY,11,,,RP,,
Kentucky Winter Mixed (2022),2022-02-09,572,CH,GIBBY'S GEM,M,GEMOLOGIST,PROMOTED DEPUTY,DEPUTY MINISTER,HIDDEN BROOK AGENT X,FORGOTTEN LAND INVESTMENTS INC,20000,,04/08/2017,KENTUCKY,3,,,RB,,
Kentucky Winter Mixed (2022),2022-02-09,573,B,CORAL LEGACY,G,BODEMEISTER,CORAL GENIUS,SMART STRIKE,HIDDEN BROOK AGENT X,SAL PERITO,8000,,04/27/2016,KENTUCKY,3,,,RP,,https://youtu.be/wYqu-W1Nspk
Kentucky Winter Mixed (2022),2022-02-09,574,DKB,LITTLEBITAMEDAL,G,VIOLENCE,LITTLEBITABLING,CARSON CITY,HIDDEN BROOK AGENT X,MORRIS KERNAN,12000,,04/26/2015,MARYLAND,3,,,RP,,https://youtu.be/xc1VQzn8E6U
Kentucky Winter Mixed (2022),2022-02-09,575,B,BAY OF ANGELS,F,BULLSBAY,AQUATINT,NOT FOR LOVE,HIDDEN BROOK AGENT X,DARRELL THOMPSON,10000,,04/16/2018,PENNSYLVANIA,3,,,RB,,https://youtu.be/TAaepSx7Sds
Kentucky Winter Mixed (2022),2022-02-09,576,CH,NOT CONCERNED,M,CURLIN,THE CARELESS CAT,TALE OF THE CAT,HIDDEN BROOK AGENT X,ERIN FISHER,4000,,01/23/2016,MARYLAND,3,,,B,,https://youtu.be/23PATEHF9s0
Kentucky Winter Mixed (2022),2022-02-09,577,DKB,PRET SAY EYE,M,READY'S IMAGE,CARLEAVILLE,CARSON CITY,HIDDEN BROOK AGENT X,CHAPMAN/CHIC HAKLY BLOODSTOCK,6500,,03/07/2012,MARYLAND,3,HOPPERTUNITY,2021-06-07,B,,https://youtu.be/jd9iXRAv4HI
Kentucky Winter Mixed (2022),2022-02-09,578,CH,SHILOH ROAD,M,CONGRATS,OPEN SKIES,DEFRERE,HIDDEN BROOK AGENT X,TIMOTHY COLLINS,3000,,05/02/2012,LOUISIANA,3,HOPPERTUNITY,2021-04-19,B,,https://youtu.be/si2OuX7OJ8A
Kentucky Winter Mixed (2022),2022-02-09,579,B,DIAMOND MOON,M,GEMOLOGIST,MOON BUZZ,MALIBU MOON,HIDDEN BROOK AGENT X,JEFFREY CALLAN,3000,,02/21/2015,PENNSYLVANIA,3,UNCLE LINO,2021-06-10,B,,https://youtu.be/vr9DWdV96YY
Kentucky Winter Mixed (2022),2022-02-09,580,DKB,,F,ENTICED,PYRITE STORM,FORMAL DINNER,SCOTT MALLORY AGENT VII,STAR SIRE PARTNERS,40000,,02/08/2021,OHIO,12,,,Y,,https://vimeo.com/673300381
Kentucky Winter Mixed (2022),2022-02-09,581,DKB,QUICK BREEZE,M,GHOSTZAPPER,QUICK TEMPER,A.P. INDY,HIDDEN BROOK AGENT X,CARLISLE HORSE COMPANY,7500,,03/15/2007,KENTUCKY,3,GREAT NOTION,2021-06-03,B,,https://youtu.be/-ZetiUvjAUw
Kentucky Winter Mixed (2022),2022-02-09,582,B,,C,HOPPERTUNITY,TWO WAY ROAD,QUALITY ROAD,HIDDEN BROOK AGENT X,OUT,0,,04/23/2021,MARYLAND,3,,,Y,,
Kentucky Winter Mixed (2022),2022-02-09,583,CH,,C,FREEDOM CHILD,HELEN LOUISE,LOUIS QUATORZE,HIDDEN BROOK AGENT X,JAGGER INC.,12000,,01/28/2020,MARYLAND,3,,,RP,,https://youtu.be/6FmQMZ5TYkQ
Kentucky Winter Mixed (2022),2022-02-09,584,B,,F,STREET MAGICIAN,SHADES OF INDYGO,INDYGO SHINER,HIDDEN BROOK AGENT X,TINA RAMGEET,3500,,03/14/2020,MARYLAND,3,,,RP,,https://youtu.be/qeCvTi9eUEo
Kentucky Winter Mixed (2022),2022-02-09,585,CH,HEALING HAVEN,F,SHAMAN GHOST,FORMBY,SCAT DADDY,VINERY SALES AGENT IX,SGE CORP,8000,,02/18/2020,KENTUCKY,14&15,,,RP,,
Kentucky Winter Mixed (2022),2022-02-09,586,B,KLAYTON'S KANDY,F,TWIRLING CANDY,RAVIONETTA,TOUCH GOLD,TAYLOR MADE SALES AGENCY AGENT XLVII,KEN KACHEL,15000,,03/21/2018,KENTUCKY,1&2,,,RB,,https://youtu.be/J4iTJP5L19Q
Kentucky Winter Mixed (2022),2022-02-09,587,B,WHISPERED KISS,F,GHOSTZAPPER,TELL ALL,BROKEN VOW,TAYLOR MADE SALES AGENCY AGENT XLVIII,THORO VENTURES,72000,,03/07/2018,KENTUCKY,1&2,,,RB,,https://youtu.be/jVG1b3-yT7M
Kentucky Winter Mixed (2022),2022-02-09,588,DKB,MOTHER'S PRIDE,F,GORMLEY,PLEASANT MATE,PLEASANT TAP,CROWNING POINT FARM AGENT,E J HUBEL,4000,,02/09/2019,KENTUCKY,12,,,RB,,
Kentucky Winter Mixed (2022),2022-02-09,589,B,LA BELLE DE JOUR,F,STRONG MANDATE,REVE D'AMOUR,WARRIOR'S REWARD,TAYLOR MADE SALES AGENCY AGENT XLIX,ALLIED RACING BY MY STANDARDS,100000,,02/18/2019,KENTUCKY,1&2,,,RB,,
Kentucky Winter Mixed (2022),2022-02-09,590,B,JOKE BOOK,F,DISTORTED HUMOR,MINEFUL,MINESHAFT,TAYLOR MADE SALES AGENCY AGENT IV,COUNTRY BRO STABLES,22000,,01/14/2019,KENTUCKY,1&2,,,RB,,https://youtu.be/OqgxbiREHbM
Kentucky Winter Mixed (2022),2022-02-09,591,DKB,BID FAREWELL (IRE),F,NO NAY NEVER,A BID IN TIME (IRE),FASTNET ROCK (AUS),TAYLOR MADE SALES AGENCY AGENT V,TITLETOWN RACING STABLES,11000,,03/09/2019,IRE,1&2,,,RB,,https://youtu.be/CFSjY9GoVZ8
Kentucky Winter Mixed (2022),2022-02-09,592,B,ROAD TO ROMANCE,F,QUALITY ROAD,ROMANTIC FROLIC,VINDICATION,BLUEWATER SALES LLC AGENT III,SHEAMUS MILLS BLOODSTOCK,160000,,05/11/2018,KENTUCKY,8,,,BP,,
Kentucky Winter Mixed (2022),2022-02-09,593,B,GREAT WARRIOR (IRE),F,WAR FRONT,GREAT PAGE (IRE),RODERIC O'CONNOR (IRE),BLUEWATER SALES LLC AGENT III,OUT,0,,03/13/2018,IRE,8,,,BP,,
Kentucky Winter Mixed (2022),2022-02-09,594,B,SMARTLY AGREE,M,SMART STRIKE,TABOO,FORESTRY,TAYLOR MADE SALES AGENCY AGENT V,NOT SOLD,117000,,02/15/2013,KENTUCKY,1&2,CONSTITUTION,2021-05-06,B,,https://youtu.be/yPEatQ8TX48
Kentucky Winter Mixed (2022),2022-02-09,595,DKB,EMILION,F,CONSTITUTION,RUTHERFORD RD,FIRST SAMURAI,ST GEORGE SALES AGENT IX,GUILLERMO BERRIOS MELENDEZ,16000,,03/17/2019,PENNSYLVANIA,8,,,RB,,
Kentucky Winter Mixed (2022),2022-02-09,596,CH,ALL IN JEST,F,MASTERY,ALL IN FUN,TAPIT,ST GEORGE SALES AGENT X,COBILAR LLC,10000,,01/20/2019,KENTUCKY,8,,,RB,,
Kentucky Winter Mixed (2022),2022-02-09,597,GRR,MAGGI O'PRADO,M,PADDY O'PRADO,AFLEET MAGGI,AFLEET ALEX,TAYLOR MADE SALES AGENCY AGENT IX,THORO VENTURES,30000,,01/21/2013,KENTUCKY,1&2,MORE THAN READY,2022-06-04,B,,
Kentucky Winter Mixed (2022),2022-02-09,598,B,REGAL RETORT,M,JIMMY CREED,ROYAL SWEETPEA,FAVORITE TRICK,HILL 'N' DALE SALES AGENCY AGENT,OUT,0,,05/08/2016,KENTUCKY,3,,,RB,,
Kentucky Winter Mixed (2022),2022-02-09,599,DKB,TAYLOR AVENUE,F,MSHAWISH,AQUALANE SHORES,FRIENDS LAKE,GAINESWAY AGENT IX,UNION MILL INVESTMENTS,10000,,01/31/2018,LOUISIANA,6,,,BP,,
Kentucky Winter Mixed (2022),2022-02-09,600,B,GYPSY ANGEL,M,SILVER TRAIN,MICHIGAN BLUFF,SKYWALKER,GAINESWAY AGENT X,APSG BLOODSTOCK,50000,,03/12/2010,KENTUCKY,6,SPUN TO RUN,2021-04-02,B,,
Kentucky Winter Mixed (2022),2022-02-09,601,B,MADERA,M,GHOSTZAPPER,MI HERMANA,DISTORTED HUMOR,HARRY L. LANDRY BLOODSTOCK LLC AGENT,NOT SOLD,24000,,04/22/2017,KENTUCKY,13,,,BP,,
Kentucky Winter Mixed (2022),2022-02-09,602,DKB,CHIPS AND SALSA,F,TWO STEP SALSA,HOMESTEADER,PIONEERING,TAYLOR MADE SALES AGENCY AGENT L,TROPICAL RACING,15000,,02/27/2018,FLORIDA,1&2,,,BP,,https://youtu.be/U6Pc3ZL-Gnk
Kentucky Winter Mixed (2022),2022-02-09,603,DKB,QUICK AND DIRTY,F,PALACE MALICE,NAUGHTYNAUGHTYGIRL,BERNARDINI,DENALI STUD AGENT VI,DOUGLAS MAROUN,8000,,04/17/2018,KENTUCKY,1,,,RB,,
Kentucky Winter Mixed (2022),2022-02-09,604,B,LATE BLOOM,F,AMERICAN PHAROAH,FLASHY AMERICAN,FLASHY BULL,DENALI STUD AGENT VII,BLACKRIDGE STABLES LLC,18000,,04/26/2018,FLORIDA,1,,,BP,,
Kentucky Winter Mixed (2022),2022-02-09,605,B,DANCING GAL,F,NYQUIST,DANCING SECRETARY,PERFECT SOUL (IRE),DENALI STUD AGENT VII,CORSER THOROUGHBREDS LLC,10000,,01/29/2018,FLORIDA,1,,,BP,,
Kentucky Winter Mixed (2022),2022-02-09,606,B,PARADISE MISCHIEF,F,INTO MISCHIEF,PARADISE ALLEY,FLOWER ALLEY,DENALI STUD AGENT VII,NICK NOSOWENKO,10000,,01/26/2019,FLORIDA,1,,,BP,,
Kentucky Winter Mixed (2022),2022-02-09,607,B,RAVENS DELIGHT,G,GREAT NOTION,DARN THAT RAVEN,DANCE WITH RAVENS,HIDDEN BROOK AGENT X,PONDER HILL FARM,13000,,05/05/2015,PENNSYLVANIA,3,,,RP,,https://youtu.be/_BbEiXnTaYI
Kentucky Winter Mixed (2022),2022-02-09,608,B,HITECH IS BACK,F,OUTWORK,HITECHNOWEENIE,HARLAN'S HOLIDAY,TAYLOR MADE SALES AGENCY AGENT LI,GEMMA BEAR STABLES,38000,,04/22/2018,KENTUCKY,1&2,,,BP,,https://youtu.be/x-KjsAFFxWA
