SALE TITLE,SESSION,HIP,COLOR,NAME,SEX,SIRE,DAM,SIRE OF DAM,PROPERTY LINE,PURCHASER,PRICE,PRIVATE SALE,YEAR OF BIRTH,FOALED,BARN,COVERING SIRE,COVER DATE,CONSIGNOR NAME,SOLD AS CODE,SOLD AS DESCRIPTION,VIRTUAL INSPECTION
Kentucky Winter Mixed (2015),2015-02-08,1,B,CALLE VISTA,M,PLEASANTLY PERFECT,CAMPAGNARDE (ARG),OAK DANCER (GB),TAYLOR MADE SALES AGENCY AGENT IV,KEN WILLIAMS,10000,,2006-04-10,KENTUCKY,1&2,,,TAYLOR MADE SALES AGENCY AGENT IV,B,,
Kentucky Winter Mixed (2015),2015-02-08,2,B,CANARYINACOALMINE,F,BIRDSTONE,TAPPIN FOR GOLD,PLEASANT TAP,HIDDEN BROOK AGENT VII,F. GALVIN AGT FOR M. DETAMPEL,17000,,2011-03-02,KENTUCKY,3,,,HIDDEN BROOK AGENT VII,RB,,
Kentucky Winter Mixed (2015),2015-02-08,3,CH,CANDY AND THUNDER,M,CANDY RIDE (ARG),START THE THUNDER,THUNDER GULCH,TAYLOR MADE SALES AGENCY AGENT XV,STUART ANGUSAGT/SEVEN ISLANDS,40000,Y,2009-04-05,KENTUCKY,1&2,,,TAYLOR MADE SALES AGENCY AGENT XV,BP,,
Kentucky Winter Mixed (2015),2015-02-08,4,B,CAROUSING,M,HENNESSY,JET SET BROAD,ARTAX,DENALI STUD (CRAIG & HOLLY BANDOROFF) AGENT IX,KRISTINE KAUFELD,3000,,2008-01-20,KENTUCKY,1,,,DENALI STUD (CRAIG & HOLLY BANDOROFF) AGENT IX,B,,
Kentucky Winter Mixed (2015),2015-02-08,5,CH,,C,MUNNINGS,CASEYS IRISH PRIDE,SALT LAKE,ST GEORGE SALES AGENT VI,JAMES BREDIN AGENT,65000,,2014-04-22,KENTUCKY,8,,,ST GEORGE SALES AGENT VI,Y,,
Kentucky Winter Mixed (2015),2015-02-08,6,B,,C,GEMOLOGIST,CASSANDRA J,BLUEGRASS CAT,TAYLOR MADE SALES AGENCY AGENT XIII,BILL & CORINNE HEILIGBRODT,25000,,2014-01-30,KENTUCKY,1&2,,,TAYLOR MADE SALES AGENCY AGENT XIII,Y,,
Kentucky Winter Mixed (2015),2015-02-08,7,B,CAUSE TO CELEBRATE,F,GIANT'S CAUSEWAY,BEAR WEST,GONE WEST,BONA TERRA STUD LLC AGENT,NOT SOLD,22000,,2010-04-22,KENTUCKY,6,,,BONA TERRA STUD LLC AGENT,BP,,
Kentucky Winter Mixed (2015),2015-02-08,8,DKB,CAYANNA,M,CAYOKE (FR),JUST LIKE THAT (FR),STARBOROUGH (GB),CATALYST BLOODSTOCK LLC AGENT FOR PRESTIGE WORLDWIDE,MURRAY STROUD,10000,Y,2008-02-13,CALIFORNIA,11,,,CATALYST BLOODSTOCK LLC AGENT FOR PRESTIGE WORLDWIDE,BP,,
Kentucky Winter Mixed (2015),2015-02-08,9,DKB,CELEBRIAN,M,DANCE MASTER,GALADRIEL,ASCOT KNIGHT,SELECT SALES AGENT I,TUSCARORA,60000,,2007-04-17,FLORIDA,6,INTO MISCHIEF,2014-06-13,SELECT SALES AGENT I,B,,
Kentucky Winter Mixed (2015),2015-02-08,10,B,CENTRIQUE,M,MALIBU MOON,PENNY MARIE,SKY CLASSIC,TAYLOR MADE SALES AGENCY AGENT XV,OUT,0,,2009-04-20,VIRGINIA,1&2,,,TAYLOR MADE SALES AGENCY AGENT XV,RB,,
Kentucky Winter Mixed (2015),2015-02-08,11,B,,C,AMERICAN LION,CHAMELA (IRE),DANEHILL,PARAMOUNT SALES AGENT XX,D C RANCH,5000,,2014-03-12,KENTUCKY,5,,,PARAMOUNT SALES AGENT XX,Y,,
Kentucky Winter Mixed (2015),2015-02-08,12,DKB,CHAMPIONSHIPSEASON,F,BERNARDINI,ROYAL CORREDOR,EL CORREDOR,DENALI STUD (CRAIG & HOLLY BANDOROFF) AGENT I,OUT,0,,2010-04-06,ONTARIO,1,ESKENDEREYA,2014-02-24,DENALI STUD (CRAIG & HOLLY BANDOROFF) AGENT I,B,,
Kentucky Winter Mixed (2015),2015-02-08,13,B,CHARMING BAY,M,SILVER CHARM,GWAY,SEACLIFF,NORTH SHORE TRACTOR,EYES OF A CHILD STABLE,3000,,2005-02-25,ILLINOIS,14,WILKO,2014-05-05,NORTH SHORE TRACTOR,B,,
Kentucky Winter Mixed (2015),2015-02-08,14,DKB,CHERRYFUL LADY,M,YES IT'S TRUE,CHERRY HILL LADY,GRAND SLAM,SOUTH POINT SALES AGENCY AGENT,4 M RANCH,9000,,2009-03-18,KENTUCKY,9,,,SOUTH POINT SALES AGENCY AGENT,BP,,
Kentucky Winter Mixed (2015),2015-02-08,15,B,CIMBRIA,M,WAR FRONT,BRIG,TWO PUNCH,SHAWHAN PLACE LLC AGENT I,ATREIDES PARTNERSHIP,27000,,2009-04-06,KENTUCKY,6,,,SHAWHAN PLACE LLC AGENT I,BP,,
Kentucky Winter Mixed (2015),2015-02-08,16,CH,CINNAMON GIRL,M,MEADOWLAKE,LIKE AN EXPLOSION,EXPLODENT,ROSILYN POLAN (SUNDAY MORNING THOROUGHBREDS) AGENT,DAVID SOBLICK,80000,,2002-03-27,KENTUCKY,3,QUALITY ROAD,2014-05-03,ROSILYN POLAN (SUNDAY MORNING THOROUGHBREDS) AGENT,B,,
Kentucky Winter Mixed (2015),2015-02-08,17,DKB,,C,SPANISH STEPS,CINNAMON LIGHT,COLONY LIGHT,BLAKE-ALBINA THOROUGHBRED SERVICES LLC AGENT,DENIS CLULEY,3500,,2014-04-10,INDIANA,10,,,BLAKE-ALBINA THOROUGHBRED SERVICES LLC AGENT,Y,,
Kentucky Winter Mixed (2015),2015-02-08,18,DKB,CITY ANGEL,F,CITY ZIP,MAGICAL MAIDEN,LORD AVIE,VINERY SALES AGENT III,SPOTTED PONY STABLES,46000,,2011-03-22,KENTUCKY,12,,,VINERY SALES AGENT III,BP,,
Kentucky Winter Mixed (2015),2015-02-08,19,CH,CITY IN SKY,F,CITY ZIP,SKEENA,WILD RUSH,TAYLOR MADE SALES AGENCY AGENT VII,AVERILL RACING LLC,26000,,2011-04-20,KENTUCKY,1&2,,,TAYLOR MADE SALES AGENCY AGENT VII,BP,,
Kentucky Winter Mixed (2015),2015-02-08,20,DKB,CLASS OF TWENTYTEN,F,JOHANNESBURG,GOOD STUDENT (ARG),LOUIS QUATORZE,HUNTER VALLEY FARM AGENT,PILLAR PROPERTY/D NARDIELLOAG,3500,,2010-04-02,KENTUCKY,7,,,HUNTER VALLEY FARM AGENT,BP,,
Kentucky Winter Mixed (2015),2015-02-08,21,B,CLASS WITH A K,M,TAPIT,SURPRISE K,GREAT ABOVE,LEGACY BLOODSTOCK (TOMMY & WYNDEE EASTHAM) AGENT IV,BGT LLC,32000,,2008-03-18,FLORIDA,10,,,LEGACY BLOODSTOCK (TOMMY & WYNDEE EASTHAM) AGENT IV,BP,,
Kentucky Winter Mixed (2015),2015-02-08,22,DKB,CLASSY STUDENT,F,STUDENT COUNCIL,FIELDABEAT,EVANSVILLE SLEW,BLUEWATER SALES LLC AGENT III,CHAMPION RACING STABLE,10000,,2012-03-17,KENTUCKY,8,,,BLUEWATER SALES LLC AGENT III,RB,,
Kentucky Winter Mixed (2015),2015-02-08,23,B,CLEAN ELEVEN,F,OFFICER,AMERICAN SKIPPER,QUIET AMERICAN,TAYLOR MADE SALES AGENCY AGENT XVI,IN THE BLACK VENTURES,18000,,2010-05-29,NEW YORK,1&2,,,TAYLOR MADE SALES AGENCY AGENT XVI,RB,,
Kentucky Winter Mixed (2015),2015-02-08,24,DKB,CLEARBROOK,F,SMART STRIKE,COHERENT,DANZIG,TAYLOR MADE SALES AGENCY AGENT XXIII,F THOMAS CONWAY,235000,,2010-04-08,KENTUCKY,1&2,,,TAYLOR MADE SALES AGENCY AGENT XXIII,RB,,
Kentucky Winter Mixed (2015),2015-02-08,25,DKB,CLEVELAND,F,EMPIRE MAKER,JEUX DE DANSE,GRAND SLAM,TAYLOR MADE SALES AGENCY AGENT XV,OUT,0,,2011-02-03,FLORIDA,1&2,,,TAYLOR MADE SALES AGENCY AGENT XV,RB,,
Kentucky Winter Mixed (2015),2015-02-08,26,B,COLOUR THE WIND,M,STORM CAT,GOLDEN REEF,MR. PROSPECTOR,PARAMOUNT SALES AGENT IX,FRED HERTRICH,52000,,2007-03-26,KENTUCKY,5,,,PARAMOUNT SALES AGENT IX,B,,
Kentucky Winter Mixed (2015),2015-02-08,27,DKB,COMIC DEBUT,M,BERTRANDO,CENTURY SWEETHEART,PIRATE'S BOUNTY,NORTH SHORE TRACTOR,TIMOTHY COLLINS,1500,,2006-03-23,CALIFORNIA,14,WILKO,2014-06-02,NORTH SHORE TRACTOR,B,,
Kentucky Winter Mixed (2015),2015-02-08,28,CH,COMPETE,M,EL PRADO (IRE),PETE'S HEIRESS,PETESKI,DENALI STUD (CRAIG & HOLLY BANDOROFF) AGENT I,OUT,0,,2000-02-15,KENTUCKY,1,STREET SENSE,2014-04-17,DENALI STUD (CRAIG & HOLLY BANDOROFF) AGENT I,B,,
Kentucky Winter Mixed (2015),2015-02-08,29,CH,CONGA GOLD,M,CONGAREE,ADDED GOLD,GILDED TIME,SELECT SALES AGENT IV,NOT SOLD,15000,,2006-01-25,KENTUCKY,6,SONGANDAPRAYER,2014-04-22,SELECT SALES AGENT IV,B,,
Kentucky Winter Mixed (2015),2015-02-08,30,B,,C,WARRIOR'S REWARD,CONTRITION,PULPIT,MAINE CHANCE FARM (UNIVERSITY OF KENTUCKY),MACHMER HALL & PONY WORLD FARM,25000,,2014-04-09,KENTUCKY,13,,,MAINE CHANCE FARM (UNIVERSITY OF KENTUCKY),Y,,
Kentucky Winter Mixed (2015),2015-02-08,31,DKB,COOL JOHANNA,M,JOHANNESBURG,COOL CITY,CARSON CITY,FOUR STAR SALES AGENT,PILLAR PROPERTY/D NARDIELLOAG,3000,,2007-03-12,KENTUCKY,4,,,FOUR STAR SALES AGENT,BP,,
Kentucky Winter Mixed (2015),2015-02-08,32,CH,CORDOBA,M,UNBRIDLED,RUSSIAN FLIGHT (IRE),SIBERIAN EXPRESS,JAMES B. KEOGH (GROVENDALE) AGENT IV,AARON SONES,15000,,1999-03-19,KENTUCKY,11,,,JAMES B. KEOGH (GROVENDALE) AGENT IV,B,,
Kentucky Winter Mixed (2015),2015-02-08,33,CH,COUNTRY CONCERT,F,CANDY RIDE (ARG),THEME SONG,DIXIELAND BAND,WATERFORD-MILLFORD FARM (MR. & MRS. ROBERT S. WEST JR.) AGENT,JOHN O'MEARA AGENT,8000,,2010-04-06,KENTUCKY,7,,,WATERFORD-MILLFORD FARM (MR. & MRS. ROBERT S. WEST JR.) AGENT,RB,,
Kentucky Winter Mixed (2015),2015-02-08,34,CH,CRAFTY CONI,M,CRAFTY SHAW,BIANARMA,BIANCONI,MCMILLIN SALES AGENT FOR JOHN M. BAKER,NOT SOLD,1000,,2009-04-14,KENTUCKY,11,,,MCMILLIN SALES AGENT FOR JOHN M. BAKER,BP,,
Kentucky Winter Mixed (2015),2015-02-08,35,CH,CRY AT MY WEDDING,M,STREET CRY (IRE),WEDDING JITTERS,RUNAWAY GROOM,TAYLOR MADE SALES AGENCY AGENT IX,BOBBY JONES EQUINE,25000,,2004-05-15,FLORIDA,1&2,OLD FASHIONED,2014-04-04,TAYLOR MADE SALES AGENCY AGENT IX,B,,
Kentucky Winter Mixed (2015),2015-02-08,36,B,CRYPTIC SKY,M,CRYPTOCLEARANCE,SUSUE SUE,SKY CLASSIC,NORTH SHORE TRACTOR,JIM DOYLE,1500,,2007-02-27,TEXAS,14,MUSKETIER,2014-06-30,NORTH SHORE TRACTOR,B,,
Kentucky Winter Mixed (2015),2015-02-08,37,B,CRYSTAL HALO,M,HALO,CRYSTANY,BATES MOTEL,NORTH SHORE TRACTOR,NOT SOLD,37000,,1997-03-02,KENTUCKY,14,CAPE CANAVERAL,2014-03-14,NORTH SHORE TRACTOR,B,,
Kentucky Winter Mixed (2015),2015-02-08,38,CH,CRYSTAL PANACHE,F,OLD FASHIONED,MAKIN A STATEMENT,STAGE DOOR JOHNNY,LEGACY BLOODSTOCK (TOMMY & WYNDEE EASTHAM) AGENT I,IN THE BLACK VENTURES,13000,,2012-03-12,KENTUCKY,10,,,LEGACY BLOODSTOCK (TOMMY & WYNDEE EASTHAM) AGENT I,RB,,
Kentucky Winter Mixed (2015),2015-02-08,39,DKB,CUTE CADET,M,OFFICER,AZUCAA,FUTURE STORM,JAMES B. KEOGH (GROVENDALE) AGENT V,NOT SOLD,5000,,2009-05-10,NEW YORK,11,,,JAMES B. KEOGH (GROVENDALE) AGENT V,BP,,
Kentucky Winter Mixed (2015),2015-02-08,40,B,CYNICAL STORM,F,SKY MESA,ALINA,CAME HOME,HUNTER VALLEY FARM AGENT,BTA STABLE,25000,,2011-01-16,KENTUCKY,7,,,HUNTER VALLEY FARM AGENT,RB,,
Kentucky Winter Mixed (2015),2015-02-08,41,DKB,DADDY APPROVES,F,SCAT DADDY,SEALEDWITHAPPROVAL,WITH APPROVAL,HIGHCLERE AGENT II,IN THE BLACK VENTURES,25000,,2010-04-11,KENTUCKY,4,,,HIGHCLERE AGENT II,BP,,
Kentucky Winter Mixed (2015),2015-02-08,42,DKB,DAFINA,M,AWESOME AGAIN,BELLE'S APPEAL,VALID APPEAL,TAYLOR MADE SALES AGENCY AGENT III,CHANTAL ARNOLD,2800,,2009-04-23,KENTUCKY,1&2,FLASHPOINT,2014-04-28,TAYLOR MADE SALES AGENCY AGENT III,B,,
Kentucky Winter Mixed (2015),2015-02-08,43,B,DANCE CHIC TO CHIC,F,FORESTRY,CHIC DANCER,JOYEUX DANSEUR,STUART MORRIS AGENT,ELITE MARES,30000,,2010-03-19,KENTUCKY,5,HORSE GREELEY,2014-04-15,STUART MORRIS AGENT,B,,
Kentucky Winter Mixed (2015),2015-02-08,44,DKB,DARK DOUBLE,M,KAFWAIN,HEAVENLY HALO,GRINDSTONE,NORTH SHORE TRACTOR,JOSEPH TOSTERUD,1700,,2008-01-29,KENTUCKY,14,,,NORTH SHORE TRACTOR,BP,,
Kentucky Winter Mixed (2015),2015-02-08,45,B,DEBONAIR DANCER,M,SUAVE,DANCE OF SUNSHINE,SUNSHINE FOREVER,LEGACY BLOODSTOCK (TOMMY & WYNDEE EASTHAM) AGENT FOR POINTER BLOODSTOCK,PILLAR PROPERTY/D NARDIELLOAG,2000,,2009-02-09,KENTUCKY,10,,,LEGACY BLOODSTOCK (TOMMY & WYNDEE EASTHAM) AGENT FOR POINTER BLOODSTOCK,BP,,
Kentucky Winter Mixed (2015),2015-02-08,46,DKB,DELICIOUSLY,M,DISTINCTIVE PRO,COUNTESS REALITY,IN REALITY,DENALI STUD (CRAIG & HOLLY BANDOROFF) AGENT III,MERSAD METANOVIC BLOODSTOCK,8000,,2002-04-19,NEW JERSEY,1,BLUEGRASS CAT,2014-03-02,DENALI STUD (CRAIG & HOLLY BANDOROFF) AGENT III,B,,
Kentucky Winter Mixed (2015),2015-02-08,47,B,DELTA FLOWER,F,A. P. DELTA,BROKEN FLOWER,EL PRADO (IRE),TAYLOR MADE SALES AGENCY AGENT XIV,OUT,0,,2011-02-15,ARKANSAS,1&2,,,TAYLOR MADE SALES AGENCY AGENT XIV,RB,,
Kentucky Winter Mixed (2015),2015-02-08,48,B,DEREK'S GIRL,F,BROTHER DEREK,SISSLING HOLIDAY,HARLAN'S HOLIDAY,TAYLOR MADE SALES AGENCY AGENT XV,NOT SOLD,47000,,2011-04-05,KENTUCKY,1&2,,,TAYLOR MADE SALES AGENCY AGENT XV,RB,,
Kentucky Winter Mixed (2015),2015-02-08,49,DKB,,F,WARRIOR'S REWARD,DIABLO'S CLOSER,DIABLO,JAMES M. HERBENER JR. AGENT II,THOMAS A DRASAL,4000,,2014-03-26,KENTUCKY,9,,,JAMES M. HERBENER JR. AGENT II,Y,,
Kentucky Winter Mixed (2015),2015-02-08,50,B,DIA XENIA,M,HARLAN'S HOLIDAY,XTREME BID,DIXIE BRASS,IADORA FARM LLC AGENT,C. HIRSCH/BERKEY BLDSTK AGT,14000,,2009-04-08,KENTUCKY,11,LINE OF DAVID,2014-04-13,IADORA FARM LLC AGENT,B,,
Kentucky Winter Mixed (2015),2015-02-08,51,B,DISCREET GIRL,F,DISCREET CAT,TEMPLEMARTIN,WOLF POWER (SAF),TAYLOR MADE SALES AGENCY AGENT XXVIII,LOS LOBOS,22000,,2011-02-09,TEXAS,1&2,,,TAYLOR MADE SALES AGENCY AGENT XXVIII,RB,,
Kentucky Winter Mixed (2015),2015-02-08,52,CH,,C,HAYNESFIELD,DISTANT VISION,DISTANT VIEW,MAINE CHANCE FARM (UNIVERSITY OF KENTUCKY),SJT RACING STABLES LLC,15000,,2014-03-19,KENTUCKY,13,,,MAINE CHANCE FARM (UNIVERSITY OF KENTUCKY),Y,,
Kentucky Winter Mixed (2015),2015-02-08,53,CH,DIVINE DORIS,F,DIVINE PARK,HOTUNDERTHECOLLAR,YOUNG RALPH,QUIET TIME FARM,SHELTOWEE FARM,1500,,2010-03-27,KENTUCKY,13,,,QUIET TIME FARM,BP,,
Kentucky Winter Mixed (2015),2015-02-08,54,DKB,DIXIE LYRICS,M,DIXIE UNION,KATE'S HURRAHY,RAHY,JAMES M. HERBENER JR. AGENT III,BARRY OSTRAGER,33000,,2004-03-04,KENTUCKY,9,LOOKIN AT LUCKY,2014-06-06,JAMES M. HERBENER JR. AGENT III,B,,
Kentucky Winter Mixed (2015),2015-02-08,55,B,DIXIE OCEAN,M,INDIAN OCEAN,DIXIELAND EVENT,WILD EVENT,FOUR STAR SALES AGENT,DARRELL RUSH,90000,,2007-03-02,FLORIDA,4,TREASURE BEACH,2014-05-13,FOUR STAR SALES AGENT,B,,
Kentucky Winter Mixed (2015),2015-02-08,56,DKB,,F,UNCLE MO,DIXIETWOSTEPPER,MORE THAN READY,TAYLOR MADE SALES AGENCY AGENT XXI,OUT,0,,2014-04-19,KENTUCKY,1&2,,,TAYLOR MADE SALES AGENCY AGENT XXI,Y,,
Kentucky Winter Mixed (2015),2015-02-08,57,B,,C,U S RANGER,DONNA MIRA,DIESIS (GB),VINERY SALES AGENT XI,NOT SOLD,4700,,2014-03-25,NEW YORK,12,,,VINERY SALES AGENT XI,Y,,
Kentucky Winter Mixed (2015),2015-02-08,58,DKB,DON'T BLAME ME,F,BLAME,FORESTIER,FORESTRY,PARAMOUNT SALES AGENT XXV,OUT,0,,2012-03-18,MARYLAND,5,,,PARAMOUNT SALES AGENT XXV,RB,,
Kentucky Winter Mixed (2015),2015-02-08,59,CH,DOOLITTLE DAISY,M,VAN NISTELROOY,LUIA,FORTY NINER,TAYLOR MADE SALES AGENCY AGENT I,EQUUS FARM,5000,,2009-02-03,KENTUCKY,1&2,ASTROLOGY,2014-04-10,TAYLOR MADE SALES AGENCY AGENT I,B,,
Kentucky Winter Mixed (2015),2015-02-08,60,DKB,,F,FLATTER,DORYPHAR,GONE WEST,POPE MCLEAN (CRESTWOOD FARM) AGENT FOR KENDALL E. HANSEN M.D. RACING LLC,HORSESHOE VALLEY EQUINE CENTER,6000,,2013-05-04,KENTUCKY,12,,,POPE MCLEAN (CRESTWOOD FARM) AGENT FOR KENDALL E. HANSEN M.D. RACING LLC,RA,,
Kentucky Winter Mixed (2015),2015-02-08,61,B,,F,KITTEN'S JOY,DYNACIELO,DYNAFORMER,JAMES B. KEOGH (GROVENDALE) AGENT IX,KINGSPORT FARM,3000,,2013-05-05,KENTUCKY,11,,,JAMES B. KEOGH (GROVENDALE) AGENT IX,RB,,
Kentucky Winter Mixed (2015),2015-02-08,62,B,,F,MACLEAN'S MUSIC,DYNACIELO,DYNAFORMER,HILL 'N' DALE SALES AGENCY AGENT,WING FOOT STABLE,1500,,2014-04-28,KENTUCKY,4,,,HILL 'N' DALE SALES AGENCY AGENT,Y,,
Kentucky Winter Mixed (2015),2015-02-08,63,DKB,DYNADOLL,M,DYNAFORMER,ZAKALAK,VILZAK,ASHWOOD TRINITY (MARC C. RICKER) AGENT,MERSAD METANOVIC BLOODSTOCK,6700,,2002-05-01,OKLAHOMA,12,BELLAMY ROAD,2014-03-31,ASHWOOD TRINITY (MARC C. RICKER) AGENT,B,,
Kentucky Winter Mixed (2015),2015-02-08,64,B,DYNAGREEN,F,DYNAFORMER,PRIMA GREEN,GREEN DANCER,TAYLOR MADE SALES AGENCY AGENT VIII,HIGH FLY STABLES,5000,Y,2010-02-20,KENTUCKY,1&2,,,TAYLOR MADE SALES AGENCY AGENT VIII,BP,,
Kentucky Winter Mixed (2015),2015-02-08,65,DKB,DYNASHEALS,F,DONERAILE COURT,ACHNASHEALS,BROKEN VOW,NORTH SHORE TRACTOR,OUT,0,,2010-05-28,KENTUCKY,14,,,NORTH SHORE TRACTOR,BP,,
Kentucky Winter Mixed (2015),2015-02-08,66,DKB,EAST INDIA,F,MIZZEN MAST,RIGHT SPICE,SALT LAKE,WARRENDALE SALES AGENT III,ROBERT B TILLYER,23000,,2012-05-05,KENTUCKY,3,,,WARRENDALE SALES AGENT III,RB,,
Kentucky Winter Mixed (2015),2015-02-08,67,DKB,EBBYCALVIN LALOOSH,F,CANDY RIDE (ARG),PROPOSED,BENCHMARK,HINKLE FARMS AGENT,CATALYST BLOODSTOCK AGENT,24000,,2010-03-21,KENTUCKY,11,,,HINKLE FARMS AGENT,BP,,
Kentucky Winter Mixed (2015),2015-02-08,68,CH,,C,DUNKIRK,EDGE SWEEP,END SWEEP,WOODARD BLOODSTOCK AGENT,BELLA RACING STABLES,5000,,2014-04-12,KENTUCKY,7,,,WOODARD BLOODSTOCK AGENT,Y,,
Kentucky Winter Mixed (2015),2015-02-08,69,GRR,ELLEN'S CHOICE,M,TACTICAL CAT,CONCORDE'S GOLD,CONCORDE BOUND,STUART MORRIS AGENT,BLIND HOG STABLES,70000,,2004-03-10,FLORIDA,5,TREASURE BEACH (GB),2014-05-25,STUART MORRIS AGENT,B,,
Kentucky Winter Mixed (2015),2015-02-08,70,B,ELL'S ACADIA,F,DIVINE PARK,ELLS APPLAUSE,CONGRATS,STUART MORRIS AGENT FOR JUSTAPLAIN FARM,OUT,0,,2014-01-19,PENNSYLVANIA,5,,,STUART MORRIS AGENT FOR JUSTAPLAIN FARM,Y,,
Kentucky Winter Mixed (2015),2015-02-08,71,CH,,C,ANY GIVEN SATURDAY,EMERALD BUDDHA,BUDDHA,MAINE CHANCE FARM (UNIVERSITY OF KENTUCKY),CHAD SUMMERS AGENT,35000,,2014-04-26,KENTUCKY,13,,,MAINE CHANCE FARM (UNIVERSITY OF KENTUCKY),Y,,
Kentucky Winter Mixed (2015),2015-02-08,72,CH,,F,D'WILDCAT,EM N EMMY,SKY MESA,PARAMOUNT SALES AGENT XXII,MCMAHON & HILL BLOODSTOCK AGT,12500,,2014-05-11,OHIO,5,,,PARAMOUNT SALES AGENT XXII,Y,,
Kentucky Winter Mixed (2015),2015-02-08,73,DKB,,F,EINSTEIN (BRZ),EMPRESS DAISY,MILWAUKEE BREW,VINERY SALES AGENT XII,NOT SOLD,5000,,2013-02-17,KENTUCKY,12,,,VINERY SALES AGENT XII,RA,,
Kentucky Winter Mixed (2015),2015-02-08,74,DKB,,C,JERSEY TOWN,ENCOURAGEMENT,BERTRANDO,DENALI STUD (CRAIG & HOLLY BANDOROFF) AGENT VII,MACHMER HALL,97000,,2014-02-24,KENTUCKY,1,,,DENALI STUD (CRAIG & HOLLY BANDOROFF) AGENT VII,Y,,
Kentucky Winter Mixed (2015),2015-02-08,75,DKB,,C,COURT VISION,ENDING WELL,END SWEEP,CARA BLOODSTOCK (BERNARD MCCORMACK) AGENT FOR BRUNO BROS FARMS DISPERSAL OF BREEDING STOCK,BLARNEY BLOODSTOCK,20000,,2014-04-24,ONTARIO,12,,,CARA BLOODSTOCK (BERNARD MCCORMACK) AGENT FOR BRUNO BROS FARMS DISPERSAL OF BREEDING STOCK,Y,,
Kentucky Winter Mixed (2015),2015-02-08,76,B,ENSIGN APPEAL,M,SUCCESSFUL APPEAL,HONORABLE ENSIGN,BLUE ENSIGN,GAINESWAY AGENT I,OUT,0,,2003-02-01,FLORIDA,6,TRAPPE SHOT,2014-04-22,GAINESWAY AGENT I,B,,
Kentucky Winter Mixed (2015),2015-02-08,77,DKB,ERMA'S GOLD,F,NOBIZ LIKE SHOBIZ,FISCAL GOLD,SLEW O' GOLD,WARRENDALE SALES AGENT V,NOT SOLD,20000,,2012-02-28,KENTUCKY,3,,,WARRENDALE SALES AGENT V,BP,,
Kentucky Winter Mixed (2015),2015-02-08,78,GRR,E. SCHIFTY,F,E DUBAI,HOLY SCHIFTY,HOLY BULL,NORTH SHORE TRACTOR,MARY DEL/D NARDIELLO AGENT,1700,,2010-03-07,NEW YORK,14,,,NORTH SHORE TRACTOR,BP,,
Kentucky Winter Mixed (2015),2015-02-08,79,CH,,C,HANSEN,ESKIMO'S BEST,BEST OF LUCK,POPE MCLEAN (CRESTWOOD FARM) AGENT FOR KENDALL E. HANSEN M.D. RACING LLC,OUT,0,,2014-02-21,KENTUCKY,12,,,POPE MCLEAN (CRESTWOOD FARM) AGENT FOR KENDALL E. HANSEN M.D. RACING LLC,Y,,
Kentucky Winter Mixed (2015),2015-02-08,80,B,,F,HANSEN,ESPANA,CHEROKEE RUN,POPE MCLEAN (CRESTWOOD FARM) AGENT FOR KENDALL E. HANSEN M.D. RACING LLC,OUT,0,,2014-03-19,KENTUCKY,12,,,POPE MCLEAN (CRESTWOOD FARM) AGENT FOR KENDALL E. HANSEN M.D. RACING LLC,Y,,
Kentucky Winter Mixed (2015),2015-02-08,81,CH,EVANGELINE'S HOPE,F,CITY ZIP,ELUSIVE HOPE,ELUSIVE QUALITY,JAMES B. KEOGH (GROVENDALE) AGENT V,BARRY OSTRAGER,17000,,2010-05-13,ONTARIO,11,,,JAMES B. KEOGH (GROVENDALE) AGENT V,BP,,
Kentucky Winter Mixed (2015),2015-02-08,82,B,EVEN SONG,F,STREET CRY (IRE),BROWNIE POINTS,FOREST WILDCAT,SOUTH POINT SALES AGENCY AGENT,WOODFORD THOROUGHBREDS,38000,,2010-03-21,KENTUCKY,9,,,SOUTH POINT SALES AGENCY AGENT,BP,,
Kentucky Winter Mixed (2015),2015-02-08,83,DKB,,F,TIZNOW,EX CAELIS,FUSAICHI PEGASUS,TAYLOR MADE SALES AGENCY AGENT XXX,MURRAY STROUD,30000,,2013-05-01,KENTUCKY,1&2,,,TAYLOR MADE SALES AGENCY AGENT XXX,RB,,
Kentucky Winter Mixed (2015),2015-02-08,84,DKB,EXQUISITE CASSIE,M,KING OF KINGS (IRE),LOVE ALLEGED,ALLEGED,ROYAL OAK FARM (DAMIAN & BRAXTON LYNCH) AGENT,OUT,0,,2000-04-26,KENTUCKY,7,UNION RAGS,2014-05-12,ROYAL OAK FARM (DAMIAN & BRAXTON LYNCH) AGENT,B,,
Kentucky Winter Mixed (2015),2015-02-08,85,DKB,EYE DUBAI,F,E DUBAI,TRUSTBUSTER,HOUSEBUSTER,NORTH SHORE TRACTOR,OUT,0,,2010-04-16,KENTUCKY,14,,,NORTH SHORE TRACTOR,BP,,
Kentucky Winter Mixed (2015),2015-02-08,86,CH,FABULOUS FRANCES,M,LION HEART,SWISH,SONGANDAPRAYER,IADORA FARM LLC AGENT,NOT SOLD,4500,,2008-02-05,FLORIDA,11,BULLET TRAIN,2014-04-13,IADORA FARM LLC AGENT,B,,
Kentucky Winter Mixed (2015),2015-02-08,87,B,,C,REGAL RANSOM,FABULOUS FRANCES,LION HEART,IADORA FARM LLC AGENT,NOT SOLD,4500,,2014-03-23,KENTUCKY,11,,,IADORA FARM LLC AGENT,Y,,
Kentucky Winter Mixed (2015),2015-02-08,88,B,FALBALA,M,GHOSTZAPPER,FREEPORT FLIGHT,CONQUISTADOR CIELO,HIDDEN BROOK AGENT IV,KINGSPORT FARM,7500,,2008-06-03,KENTUCKY,3,FROST GIANT,2014-04-21,HIDDEN BROOK AGENT IV,B,,
Kentucky Winter Mixed (2015),2015-02-08,89,B,FAMILY CHANCE,F,EL CORREDOR,RANSOMED BRIDE,PRIVATE ACCOUNT,QUIET TIME FARM,MATT BOWLING,4000,Y,2011-02-15,KENTUCKY,13,,,QUIET TIME FARM,BP,,
Kentucky Winter Mixed (2015),2015-02-08,90,B,FASHIONATION,F,CITY ZIP,ACES,HOUSEBUSTER,SOUTH POINT SALES AGENCY AGENT,AVERILL RACING LLC,25000,,2011-02-12,NEW YORK,9,,,SOUTH POINT SALES AGENCY AGENT,BP,,
Kentucky Winter Mixed (2015),2015-02-08,91,CH,,F,DISCREETLY MINE,FAST N' SASSY,BROKEN VOW,DARBY DAN FARM AGENT,ERNESTO PEREZ,8000,Y,2014-05-05,NEW YORK,8,,,DARBY DAN FARM AGENT,Y,,
Kentucky Winter Mixed (2015),2015-02-08,92,DKB,FEATURPRESENTATION,F,HARLINGTON,FAIR AND LIVELY,LIVELY ONE,PARAMOUNT SALES AGENT X,SCOTT CONLEE & BENJI REYNOLDS,1500,,2010-05-28,KENTUCKY,5,,,PARAMOUNT SALES AGENT X,BP,,
Kentucky Winter Mixed (2015),2015-02-08,93,DKB,FIERCELY,F,HARD SPUN,ISLAND HOP,DYNAFORMER,TAYLOR MADE SALES AGENCY AGENT XXIX,BRANDYWINE FARM LLC,9500,,2012-05-12,KENTUCKY,1&2,,,TAYLOR MADE SALES AGENCY AGENT XXIX,RB,,
Kentucky Winter Mixed (2015),2015-02-08,95,CH,FINE TIME TO LEAVE,M,EVEN THE SCORE,T. LUCY FLYER,CARSON CITY,DENALI STUD (CRAIG & HOLLY BANDOROFF) AGENT VIII,OUT,0,,2006-04-18,KENTUCKY,1,STREET BOSS,2014-03-09,DENALI STUD (CRAIG & HOLLY BANDOROFF) AGENT VIII,B,,
Kentucky Winter Mixed (2015),2015-02-08,96,GRR,FIRENZE FEELING,M,MACHO UNO,ELUSIVE,ELMAAMUL,PARAMOUNT SALES AGENT XXIII,OUT,0,,2010-02-13,VIRGINIA,5,,,PARAMOUNT SALES AGENT XXIII,BP,,
Kentucky Winter Mixed (2015),2015-02-08,97,B,FIZZY PINK (GB),F,SINGSPIEL (IRE),LADY HEN (GB),EFISIO (GB),WINTER QUARTER FARM AGENT,BRANDYWINE FARM LLC,3500,,2010-03-31,GB,3,,,WINTER QUARTER FARM AGENT,BP,,
Kentucky Winter Mixed (2015),2015-02-08,98,B,FLASHY RIDE,F,CANDY RIDE (ARG),FLASHY FOUR,STORM CAT,HIGHCLERE AGENT II,NOT SOLD,28000,,2011-02-20,KENTUCKY,4,,,HIGHCLERE AGENT II,BP,,
Kentucky Winter Mixed (2015),2015-02-08,99,CH,FLATBOW,F,BROKEN VOW,KOOTENAI,DEPUTY MINISTER,SOUTH POINT SALES AGENCY AGENT,OUT,0,,2011-05-26,KENTUCKY,9,,,SOUTH POINT SALES AGENCY AGENT,BP,,
Kentucky Winter Mixed (2015),2015-02-08,100,B,FLATTER ME UP,M,FLATTER,RESERVATION,CRYPTOCLEARANCE,CATALYST BLOODSTOCK LLC AGENT II,MCMAHON & HILL BLOODSTOCK AGT,2000,,2008-04-28,KENTUCKY,11,,,CATALYST BLOODSTOCK LLC AGENT II,BP,,
Kentucky Winter Mixed (2015),2015-02-08,101,CH,FOLLOW MY LUCK,F,ELUSIVE QUALITY,TACTICMOVE,DEPUTY MINISTER,VINERY SALES AGENT XIV,KINGSPORT FARM,20000,,2011-02-27,KENTUCKY,12,,,VINERY SALES AGENT XIV,BP,,
Kentucky Winter Mixed (2015),2015-02-08,102,B,,F,KEYED ENTRY,FOND,OLD TRIESTE,WATERFORD-MILLFORD FARM (MR. & MRS. ROBERT S. WEST JR.) AGENT,TODD FORTUNE,3000,,2013-02-25,KENTUCKY,7,,,WATERFORD-MILLFORD FARM (MR. & MRS. ROBERT S. WEST JR.) AGENT,RB,,
Kentucky Winter Mixed (2015),2015-02-08,103,B,FONEPFERESH (IRE),F,HOLY ROMAN EMPEROR (IRE),VEE GITA (IRE),VETTORI (IRE),DENALI STUD (CRAIG & HOLLY BANDOROFF) AGENT VIII,NOT SOLD,40000,,2011-03-10,IRE,1,,,DENALI STUD (CRAIG & HOLLY BANDOROFF) AGENT VIII,RB,,
Kentucky Winter Mixed (2015),2015-02-08,104,B,,C,PROUD CITIZEN,FOR FREE,FORESTRY,SUMMERFIELD (FRANCIS & BARBARA VANLANGENDONCK) AGENT,OUT,0,,2014-01-21,FLORIDA,3,,,SUMMERFIELD (FRANCIS & BARBARA VANLANGENDONCK) AGENT,Y,,
Kentucky Winter Mixed (2015),2015-02-08,105,DKB,FORTHELOVEOF ANNA,M,PLEASANT TAP,SMARTULLAH,SMARTEN,NORTH SHORE TRACTOR,MCMAHON & HILL BLOODSTOCK AGT,10000,,2008-02-16,NEW YORK,14,,,NORTH SHORE TRACTOR,BP,,
Kentucky Winter Mixed (2015),2015-02-08,106,DKB,FORTRESS HILL,M,FOREST WILDCAT,ACADIA,SILVER DEPUTY,SELECT SALES AGENT V,BREANDAN DRAPER AGENT,7500,,2001-04-18,ONTARIO,6,ASTROLOGY,2014-04-14,SELECT SALES AGENT V,B,,
Kentucky Winter Mixed (2015),2015-02-08,107,B,,C,COLONEL JOHN,FORTRESS HILL,FOREST WILDCAT,SELECT SALES AGENT V,OUT,0,,2014-03-15,KENTUCKY,6,,,SELECT SALES AGENT V,Y,,
Kentucky Winter Mixed (2015),2015-02-08,108,CH,FOXBEAU,F,BLUEGRASS CAT,TIZPRECIOUS,JADE HUNTER,ROMAR LLC,HURRICANE HILLS,40000,,2011-04-22,KENTUCKY,13,,,ROMAR LLC,BP,,
Kentucky Winter Mixed (2015),2015-02-08,109,CH,FREEBIE'S SISTER,F,INDY WIND,HONOR N' CHARM,HONOR GRADES,WOODARD BLOODSTOCK AGENT,JOHN O'MEARA AGENT,1700,,2010-03-30,FLORIDA,7,,,WOODARD BLOODSTOCK AGENT,BP,,
Kentucky Winter Mixed (2015),2015-02-08,110,DKB,FREUDS ON HOLIDAYS,M,FREUD,J'S HAPPY HOLIDAY,POLISH PRO,SELECT SALES AGENT IV,NOT SOLD,5000,,2008-05-15,NEW YORK,6,EL CORREDOR,2014-04-13,SELECT SALES AGENT IV,B,,
Kentucky Winter Mixed (2015),2015-02-08,111,DKB,FROSTY BAY,F,FROST GIANT,BAYMONT,WILD AGAIN,PARAMOUNT SALES AGENT XIII,WOODFORD THOROUGHBREDS,32000,,2010-03-05,NEW YORK,5,,,PARAMOUNT SALES AGENT XIII,BP,,
Kentucky Winter Mixed (2015),2015-02-08,112,B,GAMAY NOIR,F,HARLAN'S HOLIDAY,UNCORK,UNBRIDLED,TAYLOR MADE SALES AGENCY AGENT XV,JUSTIN CASSE,375000,,2010-03-28,KENTUCKY,1&2,,,TAYLOR MADE SALES AGENCY AGENT XV,RB,,
Kentucky Winter Mixed (2015),2015-02-08,113,CH,GATOR FAN FESTIVAL,F,EL CORREDOR,MARGAY,CONQUISTADOR CIELO,SOUTH POINT SALES AGENCY AGENT,NOT SOLD,9500,,2011-03-07,KENTUCKY,9,,,SOUTH POINT SALES AGENCY AGENT,BP,,
Kentucky Winter Mixed (2015),2015-02-08,114,B,GIMMESUMSUGAR,F,ORIENTATE,CLEVER TISH,CLEVER TRICK,NORTH SHORE TRACTOR,OUT,0,,2010-02-24,KENTUCKY,14,,,NORTH SHORE TRACTOR,BP,,
Kentucky Winter Mixed (2015),2015-02-08,115,DKB,GINGER MY LOVE,F,MUTAKDDIM,LOH COLLADO,MORE THAN READY,DENALI STUD (CRAIG & HOLLY BANDOROFF) AGENT X,RUSTY ROBERTS,1300,,2010-03-05,KENTUCKY,1,,,DENALI STUD (CRAIG & HOLLY BANDOROFF) AGENT X,BP,,
Kentucky Winter Mixed (2015),2015-02-08,116,B,GINGER SWIRL,F,HARD SPUN,GINGER BAY,GOLDEN MISSILE,SUMMERFIELD (FRANCIS & BARBARA VANLANGENDONCK) AGENT,KENNETH L & SARAH K RAMSEY,24000,,2011-03-31,KENTUCKY,3,,,SUMMERFIELD (FRANCIS & BARBARA VANLANGENDONCK) AGENT,BP,,
Kentucky Winter Mixed (2015),2015-02-08,117,DKB,GIRL CODE,F,TEUFLESBERG,CODE SATAN,LOST CODE,SOUTH POINT SALES AGENCY AGENT,JUSTIN CASSE,18000,Y,2010-04-20,KENTUCKY,9,,,SOUTH POINT SALES AGENCY AGENT,BP,,
Kentucky Winter Mixed (2015),2015-02-08,118,CH,,C,TASTE OF PARADISE,GIRL SECRETS,TWIN SPIRES,POPE MCLEAN (CRESTWOOD FARM) AGENT II,JEANNE MOE,2000,,2014-05-13,KENTUCKY,12,,,POPE MCLEAN (CRESTWOOD FARM) AGENT II,Y,,
Kentucky Winter Mixed (2015),2015-02-08,119,GRR,GIRLS' GETAWAY,M,SKIP AWAY,AERIAL MEETING,GENERAL MEETING,FOUR STAR SALES AGENT,CALUMET FARM,20000,,2005-05-04,KENTUCKY,4,,,FOUR STAR SALES AGENT,B,,
Kentucky Winter Mixed (2015),2015-02-08,120,B,GLITTERING TAX,M,ARTAX,NANCY'S GLITTER,GLITTERMAN,SELECT SALES AGENT VI,OUT,0,,2002-04-07,FLORIDA,6,,,SELECT SALES AGENT VI,B,,
Kentucky Winter Mixed (2015),2015-02-08,121,DKB,GLORIOUS ANGEL,F,PUT IT BACK,GENUINE GOER,GREAT ABOVE,NORTH SHORE TRACTOR,OUT,0,,2010-03-03,FLORIDA,14,,,NORTH SHORE TRACTOR,BP,,
Kentucky Winter Mixed (2015),2015-02-08,122,B,GO KITTEN GO,F,KITTEN'S JOY,GO CHEROKEE GO,CHEROKEE RUN,TOUCH OF IRISH RACING LLC,CALUMET FARM,40000,,2010-01-17,PENNSYLVANIA,7,,,TOUCH OF IRISH RACING LLC,BP,,
Kentucky Winter Mixed (2015),2015-02-08,123,B,GOLDEN ENCORE,M,ARTIE SCHILLER,GOLDEN DISK,DIESIS (GB),LISA & TIM TURNEY AGENT II,NOT SOLD,2700,,2009-03-21,OKLAHOMA,5,,,LISA & TIM TURNEY AGENT II,BP,,
Kentucky Winter Mixed (2015),2015-02-08,124,B,GOLDEN PRODUCTION,M,EXCHANGE RATE,DYNA TWO,DYNAFORMER,TAYLOR MADE SALES AGENCY AGENT XV,WINSTAR FARM LLC,160000,,2009-03-06,PENNSYLVANIA,1&2,,,TAYLOR MADE SALES AGENCY AGENT XV,RB,,
Kentucky Winter Mixed (2015),2015-02-08,125,B,GOOD GOSH GIRLY,M,PAYNES BAY,LIST O'GOLD,SLEW O' GOLD,SELECT SALES AGENT IV,PAUL W HONEYCUTT,3000,,2009-01-31,LOUISIANA,6,PROUDINSKY,2014-05-18,SELECT SALES AGENT IV,B,,
Kentucky Winter Mixed (2015),2015-02-08,126,CH,GRAND LELY DRIVE,F,GRAND SLAM,DUTCH ONE'S STORM,STORMIN FEVER,STUART MORRIS AGENT,ED PRICE,5000,,2010-02-21,NEW YORK,5,O'PRADO AGAIN,2014-03-29,STUART MORRIS AGENT,B,,
Kentucky Winter Mixed (2015),2015-02-08,127,GRR,GREEK CITIZEN,M,PROUD CITIZEN,FORMAL PROCESS,DIABLO,MULHOLLAND SPRINGS AGENT FOR 3480 EQUINE LLP,BRANDYWINE FARM LLC AGENT,30000,,2009-02-10,KENTUCKY,10,FLAT OUT,2014-04-19,MULHOLLAND SPRINGS AGENT FOR 3480 EQUINE LLP,B,,
Kentucky Winter Mixed (2015),2015-02-08,128,B,GREELEY'S ROCKET,M,MR. GREELEY,CLAY'S ROCKET,AMERICAN CHANCE,WOODFORD THOROUGHBREDS AGENT,NOT SOLD,70000,,2007-02-15,KENTUCKY,9,TIZWAY,2014-05-23,WOODFORD THOROUGHBREDS AGENT,B,,
Kentucky Winter Mixed (2015),2015-02-08,129,B,GRENOBLOISE,F,HENRYTHENAVIGATOR,GREAT CONNECTION,DAYJUR,DENALI STUD (CRAIG & HOLLY BANDOROFF) AGENT XI,NOT SOLD,22000,,2012-02-08,KENTUCKY,1,,,DENALI STUD (CRAIG & HOLLY BANDOROFF) AGENT XI,BP,,
Kentucky Winter Mixed (2015),2015-02-08,130,CH,GREYSTONE,M,DEHERE,DISTURBING,DYNAFORMER,INDIAN CREEK AGENT FOR LONGFIELD AGENT,OUT,0,,2007-05-01,KENTUCKY,3,,,INDIAN CREEK AGENT FOR LONGFIELD AGENT,B,,
Kentucky Winter Mixed (2015),2015-02-08,131,B,,C,MAJESTICPERFECTION,GULCHIC,GULCH,BROOKDALE SALES AGENT FOR VOSSFELD BLOODSTOCK,NOT SOLD,11000,,2014-04-18,KENTUCKY,1,,,BROOKDALE SALES AGENT FOR VOSSFELD BLOODSTOCK,Y,,
Kentucky Winter Mixed (2015),2015-02-08,132,B,GYPSY ANGEL,F,SILVER TRAIN,MICHIGAN BLUFF,SKYWALKER,JAMES B. KEOGH (GROVENDALE) AGENT XV,M METANOVIC BLOODSTOCK AGENT,55000,,2010-03-12,KENTUCKY,11,ORB,2014-05-19,JAMES B. KEOGH (GROVENDALE) AGENT XV,B,,
Kentucky Winter Mixed (2015),2015-02-08,133,DKB,HALDANE,M,RAFFIE'S MAJESTY,TREASURE ALWAYS,SUMMER SQUALL,SHAWHAN PLACE LLC AGENT I,ROBERT H ZOELLNER,20000,,2009-03-23,NEW YORK,6,,,SHAWHAN PLACE LLC AGENT I,BP,,
Kentucky Winter Mixed (2015),2015-02-08,134,CH,HALLIE GAY,F,SUMMER BIRD,JOSTLE,BROCCO,JAMES B. KEOGH (GROVENDALE) AGENT X,BTA STABLE,25000,,2012-04-17,KENTUCKY,11,,,JAMES B. KEOGH (GROVENDALE) AGENT X,RB,,
Kentucky Winter Mixed (2015),2015-02-08,135,B,HANKERING,M,LEROIDESANIMAUX (BRZ),WINGS OF DREAMS,SOVEREIGN DANCER,TAYLOR MADE SALES AGENCY AGENT XXV,NOT SOLD,3500,,2008-02-14,KENTUCKY,1&2,,,TAYLOR MADE SALES AGENCY AGENT XXV,RB,,
Kentucky Winter Mixed (2015),2015-02-08,136,DKB,,F,WARRIOR'S REWARD,HARBOR CRUISE,BOSTON HARBOR,BLUEWATER SALES LLC AGENT VI,BELLA RACING STABLES,17000,,2014-03-21,PENNSYLVANIA,8,,,BLUEWATER SALES LLC AGENT VI,Y,,
Kentucky Winter Mixed (2015),2015-02-08,137,DKB,HARETHA (IRE),M,ALHAARTH (IRE),WALESIANA (GER),STAR APPEAL,ST GEORGE SALES AGENT III,NOT SOLD,1000,,2003-03-15,IRE,8,,,ST GEORGE SALES AGENT III,B,,
Kentucky Winter Mixed (2015),2015-02-08,138,B,HARLAN LIGHT,M,ARTIE SCHILLER,CURIOUS CONUNDRUM,HARLAN,PAUL TACKETT AGENT FOR VICKY GUINN,WOODFORD THOROUGHBREDS,5000,,2008-04-21,KENTUCKY,10,,,PAUL TACKETT AGENT FOR VICKY GUINN,BP,,
Kentucky Winter Mixed (2015),2015-02-08,139,B,HEATED EXCHANGE,F,EXCHANGE RATE,ONE EMOTION,SKY CLASSIC,MULHOLLAND SPRINGS AGENT FOR 3480 EQUINE LLP,KENNETH L & SARAH K RAMSEY,24000,,2010-04-30,PENNSYLVANIA,10,,,MULHOLLAND SPRINGS AGENT FOR 3480 EQUINE LLP,BP,,
Kentucky Winter Mixed (2015),2015-02-08,140,GRR,HEAVENLY SKY,F,SKY MESA,FOUR GIFTS,EVEN THE SCORE,MILLENNIUM FARMS AGENT,OUT,0,,2011-04-27,KENTUCKY,10,,,MILLENNIUM FARMS AGENT,RB,,
Kentucky Winter Mixed (2015),2015-02-08,141,CH,,C,DUBLIN,HEAVEN'S GRACE,UNTUTTABLE,CATALYST BLOODSTOCK LLC AGENT I,ALLIED RACING STABLES LLC,18000,,2014-01-19,KENTUCKY,11,,,CATALYST BLOODSTOCK LLC AGENT I,Y,,
Kentucky Winter Mixed (2015),2015-02-08,142,B,HEDY,F,TOUCH GOLD,SALVADORIA,MACHO UNO,DARBY DAN FARM AGENT FOR FOR HNR NOTHHAFT HORSERACING LLC,NOT SOLD,3800,,2010-03-18,KENTUCKY,8,EL PADRINO,2014-04-21,DARBY DAN FARM AGENT FOR FOR HNR NOTHHAFT HORSERACING LLC,B,,
Kentucky Winter Mixed (2015),2015-02-08,143,DKB,HERE'S BELLA,F,HARLAN'S HOLIDAY,ALFONSINA,GRAND SLAM,HIGHCLERE AGENT II,OUT,0,,2011-04-23,KENTUCKY,4,,,HIGHCLERE AGENT II,BP,,
Kentucky Winter Mixed (2015),2015-02-08,144,DKB,HOBNOBSNOB,M,MOBIL,DANCING LEAVES,KIRIDASHI,HUNTER VALLEY FARM AGENT,BERNARD MCCORMACK AGENT,2500,,2009-02-13,ONTARIO,7,,,HUNTER VALLEY FARM AGENT,BP,,
Kentucky Winter Mixed (2015),2015-02-08,145,B,HOLIDAY N NEWPORT,F,HARLAN'S HOLIDAY,STAR OF GLORY,UNBRIDLED,PATRICIA CLARK AGENT I,ED PRICE,5000,,2010-02-10,KENTUCKY,9,,,PATRICIA CLARK AGENT I,BP,,
Kentucky Winter Mixed (2015),2015-02-08,146,GRR,HOLLYWOOD AND WINE,M,TACTICAL CAT,MELROSE WINE,DESERT WINE,STEEPLE HILL FARM,HARRY L LANDRY BLOODSTOCK LLC,6000,,2001-04-21,IOWA,9,COUNTRY DAY,2014-04-13,STEEPLE HILL FARM,B,,
Kentucky Winter Mixed (2015),2015-02-08,147,B,HOLY ACADEMY,M,ROYAL ACADEMY,MISS HOLY BULL,HOLY BULL,PARAMOUNT SALES AGENT XII,ADENA SPRINGS,30000,,2008-02-26,KENTUCKY,5,,,PARAMOUNT SALES AGENT XII,BP,,
Kentucky Winter Mixed (2015),2015-02-08,148,DKB,,C,MUSKETIER (GER),HOLY BLITZER,HOLY BULL,NORTH SHORE TRACTOR,JEANNE MOE,2500,,2014-04-10,KENTUCKY,14,,,NORTH SHORE TRACTOR,Y,,
Kentucky Winter Mixed (2015),2015-02-08,149,B,HONG KONG SILVER,M,BADGE OF SILVER,HONG KONG JADE,ALYSHEBA,TAYLOR MADE SALES AGENCY AGENT XIII,BEAU LANE BLOODSTOCK,30000,,2009-03-29,KENTUCKY,1&2,,,TAYLOR MADE SALES AGENCY AGENT XIII,BP,,
Kentucky Winter Mixed (2015),2015-02-08,150,CH,HONOURABLE MOMENT,F,JAZIL,SPLASHA,TWINING,SOUTH POINT SALES AGENCY AGENT,NOT SOLD,3700,,2011-04-30,ONTARIO,9,,,SOUTH POINT SALES AGENCY AGENT,BP,,
Kentucky Winter Mixed (2015),2015-02-08,151,GRR,HOW'S THE MARKET,F,EXCHANGE RATE,MADAM MOYRA,SEATTLE SLEW,ROMAR LLC,KENNETH L & SARAH K RAMSEY,30000,,2010-04-17,PENNSYLVANIA,13,,,ROMAR LLC,BP,,
Kentucky Winter Mixed (2015),2015-02-08,152,DKB,HYMN NOTE,M,CHAPEL ROYAL,NOTE TO SELF,NOTEBOOK,SOUTH POINT SALES AGENCY AGENT,WOLVERTON MOUNTAIN FARM LLC,25000,,2009-03-15,ONTARIO,9,,,SOUTH POINT SALES AGENCY AGENT,BP,,
Kentucky Winter Mixed (2015),2015-02-08,153,B,,F,BLUEGRASS CAT,IDEAL SCENARIO,SAINT BALLADO,BLUEWATER SALES LLC AGENT IV,GOLDEN LEGACY STABLE,5000,,2014-04-12,KENTUCKY,8,,,BLUEWATER SALES LLC AGENT IV,Y,,
Kentucky Winter Mixed (2015),2015-02-08,154,DKB,IDONTKNOW MAYBE,M,DONERAILE COURT,CALLADA,QUIET AMERICAN,NORTH SHORE TRACTOR,DENIS CLULEY,2000,,2005-04-12,KENTUCKY,14,WILKO,2014-06-03,NORTH SHORE TRACTOR,B,,
Kentucky Winter Mixed (2015),2015-02-08,155,DKB,I FLY HIGH,M,HIGH FLY,SHESABULLWINKLE,HESABULL,TAYLOR MADE SALES AGENCY AGENT II,WINSTAR FARM LLC,35000,,2008-01-25,FLORIDA,1&2,OLD FASHIONED,2014-04-10,TAYLOR MADE SALES AGENCY AGENT II,B,,
Kentucky Winter Mixed (2015),2015-02-08,156,DKB,ILIKECANDY,F,MALIBU MOON,REAL CANDY,REAL QUIET,LANE'S END AGENT,WINSTAR FARM LLC,200000,,2010-03-07,VIRGINIA,7,,,LANE'S END AGENT,BP,,
Kentucky Winter Mixed (2015),2015-02-08,157,DKB,IMAGE OF HONOR,M,HONOUR AND GLORY,DECORATED IMAGE,WELL DECORATED,ASHWOOD TRINITY (MARC C. RICKER) AGENT,NOT SOLD,29000,,2001-05-24,KENTUCKY,12,TAPIZAR,2014-04-04,ASHWOOD TRINITY (MARC C. RICKER) AGENT,B,,
Kentucky Winter Mixed (2015),2015-02-08,158,CH,I'M A LUCKY LADY,F,EXCHANGE RATE,MARIEVAL,EL PRADO (IRE),PATRICIA CLARK AGENT III,SERENA LLC,7000,,2010-02-17,KENTUCKY,9,,,PATRICIA CLARK AGENT III,BP,,
Kentucky Winter Mixed (2015),2015-02-08,159,B,IN FULL COMPLIANCE,F,SMART STRIKE,FIDDLIN DEVON,DEPUTY MINISTER,LANE'S END AGENT,KENNETH L & SARAH K RAMSEY,65000,,2011-04-14,KENTUCKY,7,,,LANE'S END AGENT,BP,,
Kentucky Winter Mixed (2015),2015-02-08,160,B,IN KELLY'S DEFENSE,M,FIRST DEFENCE,CYBER CAT,STORM CAT,JAMES B. KEOGH (GROVENDALE) AGENT VI,LLOYD FARM,30000,,2010-02-09,KENTUCKY,11,,,JAMES B. KEOGH (GROVENDALE) AGENT VI,BP,,
Kentucky Winter Mixed (2015),2015-02-08,161,GRR,INNER PEACE,F,VALUE PLUS,STELLUCHELLA,HONOR GRADES,STUART MORRIS AGENT,4 M RANCH,10000,,2010-05-01,NEW YORK,5,HORSE GREELEY,2014-04-19,STUART MORRIS AGENT,B,,
Kentucky Winter Mixed (2015),2015-02-08,162,DKB,INTO THE STORM,F,GIANT'S CAUSEWAY,HIGH ON THE HILL,FUSAICHI PEGASUS,GAINESWAY AGENT III,RANDY MILES,12000,,2012-02-02,KENTUCKY,6,,,GAINESWAY AGENT III,RB,,
Kentucky Winter Mixed (2015),2015-02-08,163,DKB,IRISH CONNECTION,M,MR. GREELEY,GAMBADER,HOLY BULL,ROBERT E. COURTNEY JR. (STONEBRIDGE LLC) AGENT FOR ROBERT COURTNEY & THE ESTATE OF EVELYN COURTNEY,OUT,0,,2002-03-14,KENTUCKY,4,ALGORITHMS,2014-02-28,ROBERT E. COURTNEY JR. (STONEBRIDGE LLC) AGENT FOR ROBERT COURTNEY & THE ESTATE OF EVELYN COURTNEY,B,,
Kentucky Winter Mixed (2015),2015-02-08,164,DKB,IRISH PRESENCE,F,MIDNIGHT LUTE,PROPER FORM,DEPUTY MINISTER,DARBY DAN FARM AGENT,FORGING OAKS FARM,310000,,2010-03-28,KENTUCKY,8,,,DARBY DAN FARM AGENT,BP,,
Kentucky Winter Mixed (2015),2015-02-08,165,GRR,,C,TWIRLING CANDY,ITALIAN OPERA,MARINO MARINI,MAINE CHANCE FARM (UNIVERSITY OF KENTUCKY),NORTH FACE RACING,50000,,2014-04-11,KENTUCKY,13,,,MAINE CHANCE FARM (UNIVERSITY OF KENTUCKY),Y,,
Kentucky Winter Mixed (2015),2015-02-08,166,,,C,ANY GIVEN SATURDAY,JANA D,APTITUDE,FOUR STAR SALES AGENT,SJT RACING STABLES LLC,20000,,2014-04-01,KENTUCKY,4,,,FOUR STAR SALES AGENT,Y,,
Kentucky Winter Mixed (2015),2015-02-08,167,B,JANIS'S JOY,M,BROKEN VOW,EVER ELUSIVE,FORESTRY,RHINELAND FARM AGENT,ATREIDES PARTNERSHIP,75000,,2009-04-02,KENTUCKY,11,,,RHINELAND FARM AGENT,RB,,
Kentucky Winter Mixed (2015),2015-02-08,168,DKB,JOCK'S GIRL,F,BELONG TO ME,NANYEHI,CHEROKEE RUN,WOODARD BLOODSTOCK AGENT,TIM ROSIN,2500,,2010-04-25,KENTUCKY,7,,,WOODARD BLOODSTOCK AGENT,BP,,
Kentucky Winter Mixed (2015),2015-02-08,169,B,JOHANNA HONEY,F,JOHANNESBURG,SARATOGA HONEY,BOUNDARY,DENALI STUD (CRAIG & HOLLY BANDOROFF) AGENT II,NOT SOLD,9500,,2010-04-24,KENTUCKY,1,,,DENALI STUD (CRAIG & HOLLY BANDOROFF) AGENT II,BP,,
Kentucky Winter Mixed (2015),2015-02-08,170,B,JOURNALISTE (ARG),M,SKY MESA,JORDANESQUE,MR. PROSPECTOR,LANE'S END AGENT,CONOR DOYLE,20000,Y,2008-03-26,ARG,7,TWIRLING CANDY,2014-03-18,LANE'S END AGENT,B,,
Kentucky Winter Mixed (2015),2015-02-08,171,DKB,JOVANI,M,BROAD BRUSH,DIXIE PEARL,DIXIELAND BAND,POPE MCLEAN (CRESTWOOD FARM) AGENT FOR KENDALL E. HANSEN M.D. RACING LLC,NOT SOLD,39000,,2004-03-08,KENTUCKY,12,MORE THAN READY,2014-04-16,POPE MCLEAN (CRESTWOOD FARM) AGENT FOR KENDALL E. HANSEN M.D. RACING LLC,B,,
Kentucky Winter Mixed (2015),2015-02-08,172,GRR,,F,HANSEN,JOVANI,BROAD BRUSH,POPE MCLEAN (CRESTWOOD FARM) AGENT FOR KENDALL E. HANSEN M.D. RACING LLC,OUT,0,,2014-03-16,KENTUCKY,12,,,POPE MCLEAN (CRESTWOOD FARM) AGENT FOR KENDALL E. HANSEN M.D. RACING LLC,Y,,
Kentucky Winter Mixed (2015),2015-02-08,173,DKB,,C,TALENT SEARCH,KATHERN'S KITTEN,KITTEN'S JOY,BONA TERRA STUD LLC AGENT,OUT,0,,2014-01-19,KENTUCKY,6,,,BONA TERRA STUD LLC AGENT,Y,,
Kentucky Winter Mixed (2015),2015-02-08,174,B,KATLYN LIL,F,EDDINGTON,GAIL'S BRUSH,BROAD BRUSH,SHAWHAN PLACE LLC AGENT I,NOT SOLD,7000,,2011-05-10,KENTUCKY,6,,,SHAWHAN PLACE LLC AGENT I,BP,,
Kentucky Winter Mixed (2015),2015-02-08,175,GRR,KELLEY MARIE,F,BERNSTEIN,REGAL APPROVAL,WITH APPROVAL,NORTH SHORE TRACTOR,GREG BEGLEY,2500,,2010-03-10,KENTUCKY,14,,,NORTH SHORE TRACTOR,BP,,
Kentucky Winter Mixed (2015),2015-02-08,176,B,KERFUFFLE,M,HENNY HUGHES,STORMY BLUES,CURE THE BLUES,SELECT SALES AGENT V,BRANDYWINE FARM LLC,23000,,2008-02-02,KENTUCKY,6,OVERANALYZE,2014-05-18,SELECT SALES AGENT V,B,,
Kentucky Winter Mixed (2015),2015-02-08,177,CH,,F,DIALED IN,KHASAYL (IRE),LYCIUS,GAINESWAY AGENT V,NOT SOLD,14000,,2014-03-08,KENTUCKY,6,,,GAINESWAY AGENT V,Y,,
Kentucky Winter Mixed (2015),2015-02-08,178,DKB,KIAMA,M,GHOSTZAPPER,WEDDED WOMAN,SIPHON (BRZ),BROOKDALE SALES AGENT,NOT SOLD,52000,,2009-03-05,KENTUCKY,1,,,BROOKDALE SALES AGENT,RB,,
Kentucky Winter Mixed (2015),2015-02-08,179,CH,KIKI CHACER,M,STORMELLO,ELIOT CHACER,CLEVER TRICK,QUIET TIME FARM,SCOTT CONLEE & BENJI REYNOLDS,1500,,2009-04-21,KENTUCKY,13,,,QUIET TIME FARM,BP,,
Kentucky Winter Mixed (2015),2015-02-08,180,GRR,KIMBERLY JEAN,F,MORE THAN READY,GREY SONG,UNBRIDLED'S SONG,VINERY SALES AGENT I,OUT,0,,2010-02-16,KENTUCKY,12,,,VINERY SALES AGENT I,RB,,
Kentucky Winter Mixed (2015),2015-02-08,181,B,KIPLING'S JOY,F,KIPLING,COSMIC SECRETS,STALWARS,TAYLOR MADE SALES AGENCY AGENT XV,OUT,0,,2010-05-12,KENTUCKY,1&2,,,TAYLOR MADE SALES AGENCY AGENT XV,RB,,
Kentucky Winter Mixed (2015),2015-02-08,182,DKB,KISS IN THE CITY,F,CITY ZIP,NO SMOOCHIN,DYNAFORMER,NORTH SHORE TRACTOR,NOT SOLD,2000,,2010-03-15,KENTUCKY,14,,,NORTH SHORE TRACTOR,BP,,
Kentucky Winter Mixed (2015),2015-02-08,184,GRR,,C,EVEN THE SCORE,KLAGENFURT,IRGUN,BONA TERRA STUD LLC AGENT,NOT SOLD,18000,,2014-04-05,KENTUCKY,6,,,BONA TERRA STUD LLC AGENT,Y,,
Kentucky Winter Mixed (2015),2015-02-08,185,DKB,KNOXVILLE,M,IN EXCESS (IRE),KITS PEAK,PINE BLUFF,JAMES B. KEOGH (GROVENDALE) AGENT V,NOT SOLD,14000,,2009-03-14,ARIZONA,11,,,JAMES B. KEOGH (GROVENDALE) AGENT V,BP,,
Kentucky Winter Mixed (2015),2015-02-08,186,CH,K'S BAR BEE,F,PRIDE OF BURKAAN,MY TWILIGHT DANCER,TWILIGHT AGENDA,KEITH LANCASTER AGENT I,NOT SOLD,4700,,2011-05-03,WEST VIRGINIA,10,,,KEITH LANCASTER AGENT I,BP,,
Kentucky Winter Mixed (2015),2015-02-08,187,B,LA BELLE EPOQUE,F,TAPIT,CATLIKE DANCER,TALE OF THE CAT,DENALI STUD (CRAIG & HOLLY BANDOROFF) AGENT VIII,OUT,0,,2010-02-23,KENTUCKY,1,STREET BOSS,2014-03-14,DENALI STUD (CRAIG & HOLLY BANDOROFF) AGENT VIII,B,,
Kentucky Winter Mixed (2015),2015-02-08,188,DKB,,C,WILBURN,LADY SONYA,TWILIGHT AGENDA,TAYLOR MADE SALES AGENCY AGENT XXII,OUT,0,,2014-03-09,KENTUCKY,1&2,,,TAYLOR MADE SALES AGENCY AGENT XXII,Y,,
Kentucky Winter Mixed (2015),2015-02-08,189,DKB,LA GAUCHA,M,SEATTLE FITZ (ARG),COPEWITHTHEFUTURE,COPELAN,NORTH SHORE TRACTOR,OUT,0,,2006-01-18,KENTUCKY,14,WILKO,2014-04-11,NORTH SHORE TRACTOR,B,,
Kentucky Winter Mixed (2015),2015-02-08,190,B,,F,WILKO,LA GAUCHA,SEATTLE FITZ (ARG),NORTH SHORE TRACTOR,PAN AM RACING,10000,,2014-03-08,OHIO,14,,,NORTH SHORE TRACTOR,Y,,
Kentucky Winter Mixed (2015),2015-02-08,191,B,,C,FIRST DEFENCE,LA MINA,MINESHAFT,HIGHCLERE AGENT I,RODERICK WACHMAN AGENT,36000,,2014-03-06,KENTUCKY,4,,,HIGHCLERE AGENT I,Y,,
Kentucky Winter Mixed (2015),2015-02-08,192,B,,F,INTO MISCHIEF,LANAI CITY,CARSON CITY,BLAKE-ALBINA THOROUGHBRED SERVICES LLC AGENT,BILL & CORINNE HEILIGBRODT,180000,,2014-02-03,KENTUCKY,10,,,BLAKE-ALBINA THOROUGHBRED SERVICES LLC AGENT,Y,,
Kentucky Winter Mixed (2015),2015-02-08,193,CH,LANIDA,M,LION HEART,SETH'S CHOICE,RAHY,NORTH SHORE TRACTOR,MURRAY STROUD,11000,,2008-03-27,KENTUCKY,14,,,NORTH SHORE TRACTOR,BP,,
Kentucky Winter Mixed (2015),2015-02-08,194,B,,F,TOUCH GOLD,LANTERN GLOW,MINESHAFT,BLUEWATER SALES LLC AGENT IV,DOUGLAS S ARNOLD AGENT,19000,,2014-04-02,KENTUCKY,8,,,BLUEWATER SALES LLC AGENT IV,Y,,
Kentucky Winter Mixed (2015),2015-02-08,195,GRR,LATIFA ONE,F,DUNKIRK,DR. KATHY,POLISH NUMBERS,CIRCLE O FARM (ARLENE O'NEILL) AGENT FOR MR. FAISAL AL MUTAWA,CARYN VECCHIO,5000,,2012-02-15,KENTUCKY,8,,,CIRCLE O FARM (ARLENE O'NEILL) AGENT FOR MR. FAISAL AL MUTAWA,RB,,
Kentucky Winter Mixed (2015),2015-02-08,196,DKB,LENDERS WAY,M,HOOK AND LADDER,STELLAR MAIDEN,RAFFIE'S MAJESTY,TAYLOR MADE SALES AGENCY AGENT VII,CALUMET FARM,15000,,2009-04-06,NEW YORK,1&2,,,TAYLOR MADE SALES AGENCY AGENT VII,BP,,
Kentucky Winter Mixed (2015),2015-02-08,197,B,LETSHOOTPOOL,M,FREUD,UNBRIDLED CYCLONE,JUDGE T C,POPE MCLEAN (CRESTWOOD FARM) AGENT,OUT,0,,2008-03-13,NEW YORK,12,CITY ZIP,2014-03-23,POPE MCLEAN (CRESTWOOD FARM) AGENT,B,,
Kentucky Winter Mixed (2015),2015-02-08,198,DKB,LIDO LADY,M,LIDO PALACE (CHI),BERCHTA,ROCKY MOUNTAIN,BLUEWATER SALES LLC AGENT I,JOHN LINK,20000,,2007-02-13,FLORIDA,8,SIDNEY'S CANDY,2014-06-06,BLUEWATER SALES LLC AGENT I,B,,
Kentucky Winter Mixed (2015),2015-02-08,199,B,LIL'BELLA,M,CORINTHIAN,PATRIOTISM,PLEASANT COLONY,QUIET TIME FARM,BOWLING BLOODSTOCK,7000,,2009-03-16,NEW YORK,13,,,QUIET TIME FARM,BP,,
Kentucky Winter Mixed (2015),2015-02-08,200,B,LILBOURNE ELIZA (IRE),F,ELUSIVE CITY,MIDNIGHT PARTNER (IRE),MARJU (IRE),TAYLOR MADE SALES AGENCY AGENT XV,FRED HERTRICH,100000,,2010-04-28,IRE,1&2,,,TAYLOR MADE SALES AGENCY AGENT XV,RB,,
Kentucky Winter Mixed (2015),2015-02-09,201,B,LILLY BELLE B,M,PLEASANT TAP,TASSIE BELLE,TASSO,QUIET TIME FARM,LA GRANGE,10000,,2009-02-23,KENTUCKY,13,,,QUIET TIME FARM,BP,,
Kentucky Winter Mixed (2015),2015-02-09,202,B,LITTLE GINA,M,KITTEN'S JOY,GRINDSTONE LASSIE,GRINDSTONE,GORDON GILLIAM AGENT,NOT SOLD,9000,,2008-04-09,PENNSYLVANIA,13,HOLD ME BACK,2014-04-18,GORDON GILLIAM AGENT,B,,
Kentucky Winter Mixed (2015),2015-02-09,203,GRR,LITTLE NELLIE,F,MIZZEN MAST,MRS. MARCOS,PRIVATE ACCOUNT,FOUR STAR SALES AGENT FOR JSM EQUINE LLC & GREATHOUSE HORSE PROPERTIES LLC,CORONATION INVESTMENTS,85000,,2012-05-11,KENTUCKY,4,,,FOUR STAR SALES AGENT FOR JSM EQUINE LLC & GREATHOUSE HORSE PROPERTIES LLC,RB,,
Kentucky Winter Mixed (2015),2015-02-09,204,DKB,LITTLE WIDOW MAKER,M,ORIENTATE,IN LOVE AGAIN,AWESOME AGAIN,JAMES B. KEOGH (GROVENDALE) AGENT XV,OUT,0,,2008-04-09,KENTUCKY,11,VIOLENCE,2014-02-14,JAMES B. KEOGH (GROVENDALE) AGENT XV,B,,
Kentucky Winter Mixed (2015),2015-02-09,205,DKB,LIVIN' A PRAYER,F,SONGANDAPRAYER,MONROW,FOOL THE EXPERTS,STUART MORRIS AGENT,TAHOMA FARM,4000,,2011-04-22,KENTUCKY,5,,,STUART MORRIS AGENT,RB,,
Kentucky Winter Mixed (2015),2015-02-09,206,B,,C,ALBERTUS MAXIMUS,LIZZY VAN LEW,WAR CHANT,MAINE CHANCE FARM (UNIVERSITY OF KENTUCKY),SJT RACING STABLES LLC,20000,,2014-04-21,KENTUCKY,13,,,MAINE CHANCE FARM (UNIVERSITY OF KENTUCKY),Y,,
Kentucky Winter Mixed (2015),2015-02-09,207,B,LOADHERUPLETHERRIP,F,STEPHEN GOT EVEN,SILENZIA,QUIET AMERICAN,HUNTER VALLEY FARM AGENT,MARTIN BROTHERS RACING STABLES,2000,,2011-04-30,KENTUCKY,7,,,HUNTER VALLEY FARM AGENT,BP,,
Kentucky Winter Mixed (2015),2015-02-09,208,B,LOLLOBRIGIDA,F,MALIBU MOON,LADY TIZ,TIZNOW,TAYLOR MADE SALES AGENCY AGENT XI,KINGSPORT FARM,11000,,2011-02-23,KENTUCKY,1&2,,,TAYLOR MADE SALES AGENCY AGENT XI,BP,,
Kentucky Winter Mixed (2015),2015-02-09,209,B,LOOKSGOODFROMHERE,F,FREUD,BROAD EXPECTATIONS,BROAD BRUSH,HIDDEN BROOK AGENT I,OUT,0,,2011-02-18,NEW YORK,3,,,HIDDEN BROOK AGENT I,BP,,
Kentucky Winter Mixed (2015),2015-02-09,210,B,,F,CANDY RIDE (ARG),LOTTO TICKET,INVISIBLE INK,PARAMOUNT SALES AGENT III,OUT,0,,2014-06-02,KENTUCKY,5,,,PARAMOUNT SALES AGENT III,Y,,
Kentucky Winter Mixed (2015),2015-02-09,211,CH,LOVELY DAUGHTER,F,BIG BROWN,BOBBIE USE,NOT FOR LOVE,MULHOLLAND SPRINGS AGENT I,NOT SOLD,120000,,2010-05-06,KENTUCKY,10,GHOSTZAPPER,2014-05-28,MULHOLLAND SPRINGS AGENT I,B,,
Kentucky Winter Mixed (2015),2015-02-09,212,B,LOVE MY GIRL,M,EL CORREDOR,LANTERN GLOW,MINESHAFT,ST GEORGE SALES AGENT IV,OUT,0,,2009-02-04,KENTUCKY,8,,,ST GEORGE SALES AGENT IV,BP,,
Kentucky Winter Mixed (2015),2015-02-09,213,DKB,,F,YES IT'S TRUE,LOVES TO GLANCE,NOT FOR LOVE,RED GABLES STUD LLC AGENT,ALEXANDER GORDON-WATSON,25000,,2013-03-01,PENNSYLVANIA,3,,,RED GABLES STUD LLC AGENT,RP,,
Kentucky Winter Mixed (2015),2015-02-09,214,B,LOVE THE BREEDING,F,HENNY HUGHES,UNBRIDLED GLORY,UNBRIDLED,MILLENNIUM FARMS AGENT,J GOEBEL AGT FOR KIM HEYTENS,28000,,2010-05-12,KENTUCKY,10,,,MILLENNIUM FARMS AGENT,RB,,
Kentucky Winter Mixed (2015),2015-02-09,215,B,LOVE THE CHIEF,M,NOT FOR LOVE,CECELIA TUDOR,CHIEF'S CROWN,BUCK POND FARM (DOUGLAS S. ARNOLD) AGENT,TOMMY IVES,5000,Y,2005-05-17,NEW YORK,12,DAAHER,2014-04-25,BUCK POND FARM (DOUGLAS S. ARNOLD) AGENT,B,,
Kentucky Winter Mixed (2015),2015-02-09,216,GRR,LOVE TO SCORE,F,EVEN THE SCORE,LOVE TO GAMBLE,BRAHMS,JAMES B. KEOGH (GROVENDALE) AGENT VII,COVE SPSRINGS LLC,27000,,2010-04-26,KENTUCKY,11,,,JAMES B. KEOGH (GROVENDALE) AGENT VII,BP,,
Kentucky Winter Mixed (2015),2015-02-09,217,DKB,LOVE YOU BABY,F,PETIONVILLE,KATRINA'S FURY,INCLUDE,WARRENDALE SALES AGENT I,WOODFORD THOROUGHBREDS,4500,,2010-04-15,LOUISIANA,3,,,WARRENDALE SALES AGENT I,BP,,
Kentucky Winter Mixed (2015),2015-02-09,218,DKB,LOVING EMBRACE,M,GOLDEN MISSILE,STRONG EMBRACE,REGAL EMBRACE,STUART MORRIS AGENT,NOT SOLD,1000,,2005-04-09,KENTUCKY,5,,,STUART MORRIS AGENT,B,,
Kentucky Winter Mixed (2015),2015-02-09,219,DKB,LUCKY LIZA,M,CHAPEL ROYAL,SALTWATER SILENCE,NO LOUDER,NORTH SHORE TRACTOR,OUT,0,,2006-04-05,KENTUCKY,14,WILKO,2014-05-08,NORTH SHORE TRACTOR,B,,
Kentucky Winter Mixed (2015),2015-02-09,220,DKB,LUCY B,F,MORE THAN READY,KRESGEVILLE,BERTRANDO,GAINESWAY AGENT IV,GENARO GARCIA,9500,,2011-04-06,KENTUCKY,6,,,GAINESWAY AGENT IV,RB,,
Kentucky Winter Mixed (2015),2015-02-09,221,B,LUXURY TO SHARE,M,CHEROKEE RUN,BANDEAU,QUIET AMERICAN,NORTH SHORE TRACTOR,JOEL CARINO,2000,Y,2008-02-23,KENTUCKY,14,,,NORTH SHORE TRACTOR,BP,,
Kentucky Winter Mixed (2015),2015-02-09,222,CH,MAC N MAYO,M,MEADOW MONSTER,SAYITWITHDIAMONDS,PIONEERING,NORTH SHORE TRACTOR,CALUMET FARM,15000,,2004-05-01,PENNSYLVANIA,14,MUSKETIER,2014-05-26,NORTH SHORE TRACTOR,B,,
Kentucky Winter Mixed (2015),2015-02-09,223,B,MAEVE,M,VALID WAGER,EXCLUSIVE REPORT,PRIVATE ACCOUNT,NORTH SHORE TRACTOR,NOT SOLD,1200,,2006-04-05,CALIFORNIA,14,SILENT NAME,2014-04-24,NORTH SHORE TRACTOR,B,,
Kentucky Winter Mixed (2015),2015-02-09,224,DKB,MAJESTIQUE,F,MAJESTIC WARRIOR,QUIET WORD,QUIET AMERICAN,HINKLE FARMS AGENT,DAVID E HAGER II AGENT,47000,,2010-03-20,KENTUCKY,11,,,HINKLE FARMS AGENT,BP,,
Kentucky Winter Mixed (2015),2015-02-09,225,B,MALALA'S DIARY,F,HAT TRICK (JPN),TO BE A LOVER,THE MINSTREL,LANE'S END AGENT,PRISCILLA DIEGO-VILLAGRAN,2000,,2011-04-09,KENTUCKY,7,,,LANE'S END AGENT,BP,,
Kentucky Winter Mixed (2015),2015-02-09,226,DKB,MALIBU MUDSLIDE,M,MALIBU MOON,CAT MINSTREL,STORM CAT,TAYLOR MADE SALES AGENCY AGENT XV,V & R HOLDINGS,87000,,2009-04-19,VIRGINIA,1&2,,,TAYLOR MADE SALES AGENCY AGENT XV,BP,,
Kentucky Winter Mixed (2015),2015-02-09,227,CH,MALIBU RED,M,MALIBU MOON,EXPLOSIVE BEAUTY,PROUDEST ROMEO,TAYLOR MADE SALES AGENCY AGENT XV,FRED ALLOR,82000,,2009-03-07,KENTUCKY,1&2,,,TAYLOR MADE SALES AGENCY AGENT XV,BP,,
Kentucky Winter Mixed (2015),2015-02-09,228,DKB,MAME'S FLAME,F,HEATSEEKER (IRE),SOCIETY COLUMN,SEEKING THE GOLD,JAMES B. KEOGH (GROVENDALE) AGENT XII,NOT SOLD,9500,,2010-02-28,KENTUCKY,11,,,JAMES B. KEOGH (GROVENDALE) AGENT XII,BP,,
Kentucky Winter Mixed (2015),2015-02-09,229,B,MCJAN,M,POSSE,GASTRONOMICAL,SUNSHINE FOREVER,NORTH SHORE TRACTOR,RACHID BROTHERS,2500,,2009-01-27,KENTUCKY,14,MUSKETIER,2014-05-05,NORTH SHORE TRACTOR,B,,
Kentucky Winter Mixed (2015),2015-02-09,230,CH,MISS ARRANGEMENT,F,MR. GREELEY,SHY GREETING (ARG),SHY TOM,HUNTER VALLEY FARM AGENT,DOUGLAS S ARNOLD AGENT,132000,,2011-05-07,KENTUCKY,7,ORB,2014-04-29,HUNTER VALLEY FARM AGENT,B,,
Kentucky Winter Mixed (2015),2015-02-09,231,CH,MISS CHEEKTOWAGA,M,CRAFTY FRIEND,SAUNTER,STROLLING ALONG,SELECT SALES AGENT II,OUT,0,,2001-03-28,KENTUCKY,6,POSSE,2014-04-17,SELECT SALES AGENT II,B,,
Kentucky Winter Mixed (2015),2015-02-09,232,B,MISS DEREK,F,BROTHER DEREK,QUICK TEXT,TIZNOW,SOUTH POINT SALES AGENCY AGENT,WOLVERTON MOUNTAIN FARM LLC,30000,Y,2010-04-05,FLORIDA,9,,,SOUTH POINT SALES AGENCY AGENT,BP,,
Kentucky Winter Mixed (2015),2015-02-09,233,CH,MISS FORESTER,F,OLD FORESTER,BLONDE MISS,LANGFUHR,CARA BLOODSTOCK (BERNARD MCCORMACK) AGENT FOR BRUNO BROS FARMS DISPERSAL OF BREEDING STOCK,R BIAMONTE AGT FOR CEC FARMS,27000,,2013-01-26,ONTARIO,12,,,CARA BLOODSTOCK (BERNARD MCCORMACK) AGENT FOR BRUNO BROS FARMS DISPERSAL OF BREEDING STOCK,RA,,
Kentucky Winter Mixed (2015),2015-02-09,234,B,,C,ARTIE SCHILLER,MISS HISSY FIT,ALDEBARAN,MAINE CHANCE FARM (UNIVERSITY OF KENTUCKY),GLEASON EAKIN,5500,,2014-04-17,KENTUCKY,13,,,MAINE CHANCE FARM (UNIVERSITY OF KENTUCKY),Y,,
Kentucky Winter Mixed (2015),2015-02-09,235,DKB,MISS LECH,F,GIANT'S CAUSEWAY,MYSTERIEUSE ETOILE,QUIET AMERICAN,HIDDEN BROOK AGENT III,HUBERT GUY BLOODSTOCK,115000,,2011-03-18,KENTUCKY,3,,,HIDDEN BROOK AGENT III,RB,,
Kentucky Winter Mixed (2015),2015-02-09,236,DKB,,F,YES IT'S TRUE,MISS SAND BAR,GLITTERMAN,VINERY SALES AGENT XIII,RANDY LOCKLEAR,4000,,2013-02-25,KENTUCKY,12,,,VINERY SALES AGENT XIII,RA,,
Kentucky Winter Mixed (2015),2015-02-09,237,GRR,MISS TEXARKANA,F,STUDENT COUNCIL,CLASSY IRENE,EL BABA,SOUTH POINT SALES AGENCY AGENT,IN THE BLACK VENTURES,12000,,2010-06-07,KENTUCKY,9,,,SOUTH POINT SALES AGENCY AGENT,BP,,
Kentucky Winter Mixed (2015),2015-02-09,238,DKB,,F,PROUDINSKY (GER),MISS WINED UP,ROMAN RULER,PARAMOUNT SALES AGENT XV,OUT,0,,2014-03-31,KENTUCKY,5,,,PARAMOUNT SALES AGENT XV,Y,,
Kentucky Winter Mixed (2015),2015-02-09,239,B,MISS WONDERLY,F,PIONEEROF THE NILE,SILVESTER LADY (GB),PIVOTAL (GB),TAYLOR MADE SALES AGENCY AGENT XI,GREY FLIGHT,22000,,2012-04-20,KENTUCKY,1&2,,,TAYLOR MADE SALES AGENCY AGENT XI,BP,,
Kentucky Winter Mixed (2015),2015-02-09,240,B,MISS WOODS,M,STORMY ATLANTIC,LORIE DARLIN,WEST BY WEST,POPE MCLEAN (CRESTWOOD FARM) AGENT,OUT,0,,2008-04-25,KENTUCKY,12,BRIDGETOWN,2014-03-02,POPE MCLEAN (CRESTWOOD FARM) AGENT,B,,
Kentucky Winter Mixed (2015),2015-02-09,241,B,MORE THAN BEAUTY,F,MORE THAN READY,BROWN EYED BEAUTY,MISWAKI,VINERY SALES AGENT II,RANDY GULLATT AGENT,70000,,2011-02-04,KENTUCKY,12,,,VINERY SALES AGENT II,BP,,
Kentucky Winter Mixed (2015),2015-02-09,242,B,MORGAN ALYSSA,F,PRIVATE VOW,SEZ CITY,CARSON CITY,DENALI STUD (CRAIG & HOLLY BANDOROFF) AGENT IX,MIKE CAMPBELL,1000,,2010-03-28,LOUISIANA,1,,,DENALI STUD (CRAIG & HOLLY BANDOROFF) AGENT IX,B,,
Kentucky Winter Mixed (2015),2015-02-09,243,B,MOUNTAIN ECHO,M,TEMPERED APPEAL,MISS CONTINENTAL,FLYING CONTINENTAL,ROMAR LLC,JIM DOYLE,6000,,2006-03-15,OREGON,13,,,ROMAR LLC,BP,,
Kentucky Winter Mixed (2015),2015-02-09,244,B,MS BATTLE CAT,F,PROUD CITIZEN,TWISTED TALE,TALE OF THE CAT,ROMAR LLC,ATHENS WOODS LLC,6500,,2010-01-23,KENTUCKY,13,,,ROMAR LLC,BP,,
Kentucky Winter Mixed (2015),2015-02-09,245,DKB,MS. BIRD WATCH,M,BIRDSTONE,WITH HOLLANDAISE,BROCCO,HIGHCLERE AGENT II,COVE SRPINGS LLC,10000,,2007-01-24,KENTUCKY,4,,,HIGHCLERE AGENT II,BP,,
Kentucky Winter Mixed (2015),2015-02-09,246,CH,MS. PICKFORD,M,FAIRBANKS,SO SMASHING,TWO PUNCH,HIGHCLERE AGENT II,RUEL COWLES / T/C STABLE,1000,,2010-05-10,PENNSYLVANIA,4,,,HIGHCLERE AGENT II,BP,,
Kentucky Winter Mixed (2015),2015-02-09,247,CH,,C,GEMOLOGIST,MS. THANKSGIVING,FORMAL DINNER,MULHOLLAND SPRINGS,NOT SOLD,23000,,2014-03-24,KENTUCKY,10,,,MULHOLLAND SPRINGS,Y,,
Kentucky Winter Mixed (2015),2015-02-09,248,CH,,C,BIG BROWN,MULLINS BEACH,SPEIGHTSTOWN,LEGACY BLOODSTOCK (TOMMY & WYNDEE EASTHAM) AGENT III,CLAY SCHERER,40000,,2014-05-15,KENTUCKY,10,,,LEGACY BLOODSTOCK (TOMMY & WYNDEE EASTHAM) AGENT III,Y,,
Kentucky Winter Mixed (2015),2015-02-09,249,B,MUSIC MISS,M,PROSPECTOR'S MUSIC,RUNAWAY FLAME,RUNAWAY GROOM,NIKNAR FARM LLC AGENT FOR NANCY J. LAVRICH,NOT SOLD,20000,,2000-05-18,OHIO,7,KETTLE CORN,2014-05-23,NIKNAR FARM LLC AGENT FOR NANCY J. LAVRICH,B,,
Kentucky Winter Mixed (2015),2015-02-09,250,B,MUSIC OF ARABIA,M,BERNSTEIN,QUIET EXUBERANCE,QUIET AMERICAN,PARAMOUNT SALES AGENT VIII,MERSAD METANOVIC BLOODSTOCK,3000,,2008-03-24,KENTUCKY,5,BELLAMY ROAD,2014-05-28,PARAMOUNT SALES AGENT VIII,B,,
Kentucky Winter Mixed (2015),2015-02-09,251,B,MY CAT LILY,M,KITTEN'S JOY,LILY ELSIE (IRE),DANEHILL,BLUEWATER SALES LLC AGENT I,KINGSPORT FARM,30000,,2009-03-01,KENTUCKY,8,MUNNINGS,2014-03-30,BLUEWATER SALES LLC AGENT I,B,,
Kentucky Winter Mixed (2015),2015-02-09,252,CH,MY CURLINA,F,BELONG TO ME,DAISYAGO,AFFIRMED,ROMAR LLC,TRACKSIDE FARM,15000,,2010-03-09,KENTUCKY,13,,,ROMAR LLC,BP,,
Kentucky Winter Mixed (2015),2015-02-09,253,DKB,MY FAIR ASHTON,F,SKY MESA,VERMONT CONNECTION,ALYSHEBA,LEGACY BLOODSTOCK (TOMMY & WYNDEE EASTHAM) AGENT I,IN THE BLACK VENTURES,20000,Y,2011-03-12,OKLAHOMA,10,,,LEGACY BLOODSTOCK (TOMMY & WYNDEE EASTHAM) AGENT I,RB,,
Kentucky Winter Mixed (2015),2015-02-09,254,B,MY GIRL ANDY,F,EMPIRE MAKER,GO FIRST CLASS,EASY GOER,JAMES B. KEOGH (GROVENDALE) AGENT V,CORONATION INVESTMENTS,40000,,2010-04-20,ONTARIO,11,,,JAMES B. KEOGH (GROVENDALE) AGENT V,BP,,
Kentucky Winter Mixed (2015),2015-02-09,255,DKB,MYLUVFORUGROWSDALY,F,MEDAGLIA D'ORO,CABANISS,GIANT'S CAUSEWAY,DENALI STUD (CRAIG & HOLLY BANDOROFF) AGENT VIII,NOT SOLD,20000,,2010-03-30,KENTUCKY,1,,,DENALI STUD (CRAIG & HOLLY BANDOROFF) AGENT VIII,RB,,
Kentucky Winter Mixed (2015),2015-02-09,256,CH,,C,MUNNINGS,MY NAMES NICOLE,CHARISMATIC,ST GEORGE SALES AGENT I,SPRINGDELL FARM LLC,34000,,2014-02-04,KENTUCKY,8,,,ST GEORGE SALES AGENT I,Y,,
Kentucky Winter Mixed (2015),2015-02-09,257,B,,F,PADDY O'PRADO,MY SATURDAY GIRL,ANY GIVEN SATURDAY,TAYLOR MADE SALES AGENCY AGENT II,OUT,0,,2014-03-14,FLORIDA,1&2,,,TAYLOR MADE SALES AGENCY AGENT II,Y,,
Kentucky Winter Mixed (2015),2015-02-09,258,B,MYSTIC CRYSTAL,M,ROCK HARD TEN,MEADOW MYSTIC,MEADOWLAKE,WARRENDALE SALES AGENT IV,JOHN B PENN,7500,,2007-01-12,KENTUCKY,3,STAY THIRSTY,2014-04-10,WARRENDALE SALES AGENT IV,B,,
Kentucky Winter Mixed (2015),2015-02-09,259,B,,F,ARCHARCHARCH,MY SWEET WESTLY,WEST BY WEST,SOUTH POINT SALES AGENCY AGENT,XIB AGENT,22000,,2014-05-14,PENNSYLVANIA,9,,,SOUTH POINT SALES AGENCY AGENT,Y,,
Kentucky Winter Mixed (2015),2015-02-09,260,B,NANNY GOAT,M,DIESIS (GB),CAPRACOTTA (IRE),SHERNAZAR (IRE),LISA & TIM TURNEY AGENT,EYES OF A CHILD STABLE,2000,,2000-03-31,KENTUCKY,5,U S RANGER,2014-04-23,LISA & TIM TURNEY AGENT,B,,
Kentucky Winter Mixed (2015),2015-02-09,261,DKB,NAUGHTY MATILDA,F,INDIAN CHARLIE,OILGONEWILE,MONTBROOK,HIGHCLERE AGENT II,NOT SOLD,14000,,2011-04-07,KENTUCKY,4,,,HIGHCLERE AGENT II,BP,,
Kentucky Winter Mixed (2015),2015-02-09,262,GRR,NICE AGAIN,M,AWESOME AGAIN,BAL D'ARGENT,SILVER BUCK,VINERY SALES AGENT IX,OUT,0,,2005-03-26,ONTARIO,12,SIDNEY'S CANDY,2014-02-22,VINERY SALES AGENT IX,B,,
Kentucky Winter Mixed (2015),2015-02-09,263,DKB,NORCARL,F,EMPIRE MAKER,SWEET PROBLEM,IS IT TRUE,HILL 'N' DALE SALES AGENCY AGENT,NOT SOLD,48000,,2011-05-07,KENTUCKY,4,,,HILL 'N' DALE SALES AGENCY AGENT,RB,,
Kentucky Winter Mixed (2015),2015-02-09,264,CH,NO SATIS ACTION,M,ACTION THIS DAY,SHE LOVES ME NOT,NOT FOR LOVE,DARBY DAN FARM AGENT,CARY FROMMER,4500,Y,2008-03-13,MARYLAND,8,,,DARBY DAN FARM AGENT,BP,,
Kentucky Winter Mixed (2015),2015-02-09,265,CH,OELECTRA,M,GULCH,OEDY'S APPEAL,VALID APPEAL,BILL MURPHY AGENT I,H & E RANCH,65000,,2003-04-26,KENTUCKY,13,SHANGHAI BOBBY,2014-05-23,BILL MURPHY AGENT I,B,,
Kentucky Winter Mixed (2015),2015-02-09,266,B,OH BOO HOO,F,KAFWAIN,HAITIAN VACATION,PETIONVILLE,KINGSWOOD FARM AGENT,WOODFORD THOROUGHBREDS,17000,,2011-01-19,CALIFORNIA,9,,,KINGSWOOD FARM AGENT,BP,,
Kentucky Winter Mixed (2015),2015-02-09,267,B,OH RAMBLIN ROSE,M,NOT FOR LOVE,BRING ME FLOWERS,PRIVATE TERMS,QUIET TIME FARM,P & D MARTIN/ NICOMA AGT,16500,,2009-02-09,NEW JERSEY,13,,,QUIET TIME FARM,BP,,
Kentucky Winter Mixed (2015),2015-02-09,268,CH,ONE LUCKY STORM,M,TALE OF THE CAT,SHAMEEM,NUREYEV,SELECT SALES AGENT V,RUSTY ROBERTS,4500,,2001-05-15,KENTUCKY,6,PADDY O'PRADO,2014-05-16,SELECT SALES AGENT V,B,,
Kentucky Winter Mixed (2015),2015-02-09,269,B,ONE MORE WILD RIDE,F,WILDCAT HEIR,TIGRESS EXPRESS,POLISH NUMBERS,JAMES B. KEOGH (GROVENDALE) AGENT VII,JOHN P HICKS,20000,,2011-05-06,FLORIDA,11,,,JAMES B. KEOGH (GROVENDALE) AGENT VII,BP,,
Kentucky Winter Mixed (2015),2015-02-09,270,DKB,ONMYWAYTOSAVETHEDA,F,INTO MISCHIEF,FINE TIME TO LEAVE,EVEN THE SCORE,DENALI STUD (CRAIG & HOLLY BANDOROFF) AGENT VIII,OUT,0,,2014-02-06,KENTUCKY,1,,,DENALI STUD (CRAIG & HOLLY BANDOROFF) AGENT VIII,Y,,
Kentucky Winter Mixed (2015),2015-02-09,271,DKB,OONAGH,M,WILD AGAIN,ESCROW AGENT,EL GRAN SENOR,PARAMOUNT SALES AGENT I,RACHID BROTHERS,10000,,2000-04-13,KENTUCKY,5,SPRING AT LAST,2014-05-20,PARAMOUNT SALES AGENT I,B,,
Kentucky Winter Mixed (2015),2015-02-09,272,B,OPEN YOUR HEART,M,LION HEART,WHO'S SORRY NOW,OGYGIAN,CONSIDINE FARM AGENT FOR OLYMPIA STAR,DAN WHITE AGENT,1200,,2007-04-20,KENTUCKY,13,SKIPSHOT,2014-04-27,CONSIDINE FARM AGENT FOR OLYMPIA STAR,B,,
Kentucky Winter Mixed (2015),2015-02-09,273,B,,F,ICE BOX,ORAL ARGUMENT,OUTOFTHEBOX,MILLENNIUM FARMS AGENT FOR DOUBLE INFINITY RANCH,NOT SOLD,45000,,2014-01-23,KENTUCKY,10,,,MILLENNIUM FARMS AGENT FOR DOUBLE INFINITY RANCH,Y,,
Kentucky Winter Mixed (2015),2015-02-09,274,CH,OUR IRISH LASSIE'S,F,YES IT'S TRUE,TWO FOXIE,FAIR SKIES,STUART MORRIS AGENT,HIGHCLERE INC,30000,,2012-03-08,KENTUCKY,5,,,STUART MORRIS AGENT,BP,,
Kentucky Winter Mixed (2015),2015-02-09,275,CH,,F,LINE OF DAVID,OUR MARIELLA,VICTORY GALLOP,BLUEWATER SALES LLC AGENT IV,CHESTER STABLES LLC AGENT,45000,,2014-03-06,KENTUCKY,8,,,BLUEWATER SALES LLC AGENT IV,Y,,
Kentucky Winter Mixed (2015),2015-02-09,276,B,PAJAMA BOTTOM,M,INCLUDE,GLORY GLORY,HONOUR AND GLORY,PARAMOUNT SALES AGENT XI,JOHN E LITTLE,2500,,2009-01-31,KENTUCKY,5,,,PARAMOUNT SALES AGENT XI,B,,
Kentucky Winter Mixed (2015),2015-02-09,277,B,PART THE SEAS,M,STORMY ATLANTIC,GO MARCHING THRU,SMART STRIKE,FOUR STAR SALES AGENT FOR GLENCREST FARM,NOT SOLD,250000,,2009-06-08,ONTARIO,4,,,FOUR STAR SALES AGENT FOR GLENCREST FARM,BP,,
Kentucky Winter Mixed (2015),2015-02-09,278,CH,PATRICIA'S KITTEN,F,KITTEN'S JOY,MADAME DU LAC,LEMON DROP KID,KINGSWOOD FARM AGENT,BRERETON C JONES,35000,,2011-04-21,KENTUCKY,9,,,KINGSWOOD FARM AGENT,BP,,
Kentucky Winter Mixed (2015),2015-02-09,279,CH,PEACHEZ'N'KREME,M,GOLDEN MISSILE,ALWAYS SURE,LORD AT WAR (ARG),FOUR STAR SALES AGENT,NOT SOLD,9000,,2005-01-30,KENTUCKY,4,CAPE BLANCO (IRE),2014-04-04,FOUR STAR SALES AGENT,B,,
Kentucky Winter Mixed (2015),2015-02-09,280,B,PEEP SHOW,M,SILVER DEPUTY,CATCH A GLIMPSE,GULCH,TAYLOR MADE SALES AGENCY AGENT XXXI,HUBBARD HILL,30000,,2005-03-25,KENTUCKY,1&2,TAPIZAR,2014-05-18,TAYLOR MADE SALES AGENCY AGENT XXXI,B,,
Kentucky Winter Mixed (2015),2015-02-09,281,DKB,PEMBER,M,THEATRICAL (IRE),KATES DELIMMA,TANK'S PROSPECT,SOUTH POINT SALES AGENCY AGENT,OUT,0,,2000-03-22,KENTUCKY,9,STREET BOSS,2014-04-22,SOUTH POINT SALES AGENCY AGENT,B,,
Kentucky Winter Mixed (2015),2015-02-09,282,DKB,,C,COWBOY CAL,PERLA WISDOM,UNBRIDLED'S SONG,BLUEWATER SALES LLC AGENT IV,MTC INC. AGENT,11000,,2014-05-06,KENTUCKY,8,,,BLUEWATER SALES LLC AGENT IV,Y,,
Kentucky Winter Mixed (2015),2015-02-09,283,DKB,PERSONALIZED,M,SUCCESSFUL APPEAL,GO ANNA,STORM CAT,WATERFORD-MILLFORD FARM (MR. & MRS. ROBERT S. WEST JR.) AGENT,JOHN O'MEARA AGENT,5000,,2009-03-17,KENTUCKY,7,,,WATERFORD-MILLFORD FARM (MR. & MRS. ROBERT S. WEST JR.) AGENT,RB,,
Kentucky Winter Mixed (2015),2015-02-09,284,B,PHANTOM ROMANCE,M,GHOSTZAPPER,COUNTRY ROMANCE,SAINT BALLADO,INDIAN CREEK AGENT,OUT,0,,2007-01-18,KENTUCKY,3,STAY THIRSTY,2014-04-20,INDIAN CREEK AGENT,B,,
Kentucky Winter Mixed (2015),2015-02-09,285,GRR,,F,MUSKETIER (GER),PHOTOGRAPHIC,SIPHON (BRZ),NORTH SHORE TRACTOR,CALUMET FARM,15000,,2014-02-07,KENTUCKY,14,,,NORTH SHORE TRACTOR,Y,,
Kentucky Winter Mixed (2015),2015-02-09,286,DKB,PIGRAM,C,LEMON DROP KID,DANSETTA LIGHT,COLONY LIGHT,DENALI STUD (CRAIG & HOLLY BANDOROFF) AGENT VIII,OUT,0,,2014-01-28,KENTUCKY,1,,,DENALI STUD (CRAIG & HOLLY BANDOROFF) AGENT VIII,Y,,
Kentucky Winter Mixed (2015),2015-02-09,287,B,PILL JAM,M,MALABAR GOLD,ICEE SARA,ESKIMO,JAMES B. KEOGH (GROVENDALE) AGENT XVII,RACHID BROTHERS,3000,,2005-04-13,PENNSYLVANIA,11,HOLD ME BACK,2014-05-26,JAMES B. KEOGH (GROVENDALE) AGENT XVII,B,,
Kentucky Winter Mixed (2015),2015-02-09,289,GRR,PLATINUM SONG,F,MY GOLDEN SONG,ROCKET LAUNCH,RELAUNCH,HIDDEN BROOK AGENT V,OUT,0,,2010-03-29,TEXAS,3,,,HIDDEN BROOK AGENT V,RB,,
Kentucky Winter Mixed (2015),2015-02-09,290,DKB,ROUGHING,F,ESKENDEREYA,PLAYCALLER,SARATOGA SIX,BLAKE-ALBINA THOROUGHBRED SERVICES LLC AGENT,OUT,0,,2012-06-04,KENTUCKY,10,,,BLAKE-ALBINA THOROUGHBRED SERVICES LLC AGENT,RB,,
Kentucky Winter Mixed (2015),2015-02-09,291,B,,F,STORMY ATLANTIC,PLEASANT QUALITY,ELUSIVE QUALITY,DENALI STUD (CRAIG & HOLLY BANDOROFF) AGENT VIII,OUT,0,,2014-01-07,KENTUCKY,1,,,DENALI STUD (CRAIG & HOLLY BANDOROFF) AGENT VIII,Y,,
Kentucky Winter Mixed (2015),2015-02-09,292,CH,PLENTY OF STARS,M,SALT LAKE,STARRY MISS,STAR DE NASKRA,TAYLOR MADE SALES AGENCY AGENT XXII,OUT,0,,1997-05-13,KENTUCKY,1&2,LIAISON,2014-04-26,TAYLOR MADE SALES AGENCY AGENT XXII,B,,
Kentucky Winter Mixed (2015),2015-02-09,293,,POLAR FOXX,F,SILVER MOUNTAIN,P D F SNOW DRIFT,AIRDRIE APACHE,SUNDANCE THOROUGHBREDS,CALUMET FARM,25000,,2013-04-14,INDIANA,7,,,SUNDANCE THOROUGHBREDS,RB,,
Kentucky Winter Mixed (2015),2015-02-09,294,B,POLITICAL PUPIL,M,STUDENT COUNCIL,CALMA PRADO,EL PRADO (IRE),PARAMOUNT SALES AGENT XXVII,OUT,0,,2010-03-20,KENTUCKY,5,,,PARAMOUNT SALES AGENT XXVII,BP,,
Kentucky Winter Mixed (2015),2015-02-09,295,B,PRECILLE,M,DAYJUR,CRAFTY PERSONALITY,CRAFTY PROSPECTOR,PATRICIA CLARK AGENT II,TINA STONE,1500,,1999-03-26,KENTUCKY,9,COWBOY CAL,2014-03-22,PATRICIA CLARK AGENT II,B,,
Kentucky Winter Mixed (2015),2015-02-09,296,B,PRECISE LADY,M,PRECISE END,TIMELY LADY,TIME FOR A CHANGE,DARBY DAN FARM AGENT,NOT SOLD,8000,,2003-05-22,NEW YORK,8,DISCREETLY MINE,2014-06-14,DARBY DAN FARM AGENT,B,,
Kentucky Winter Mixed (2015),2015-02-09,297,DKB,,C,ASTROLOGY,PRESUMED INNOCENT,SHUAILAAN,JAMES B. KEOGH (GROVENDALE) AGENT XIV,NOT SOLD,13000,,2014-02-20,INDIANA,11,,,JAMES B. KEOGH (GROVENDALE) AGENT XIV,Y,,
Kentucky Winter Mixed (2015),2015-02-09,298,B,PRETTY SQUALL,M,RIVER SQUALL,PRETTY MISWAKI,MISWAKI,VINERY SALES AGENT IV,MARY ELLEN COENEN/ R DAILEY AG,7000,,2004-03-20,TEXAS,12,AMERICAN LION,2014-05-05,VINERY SALES AGENT IV,B,,
Kentucky Winter Mixed (2015),2015-02-09,299,DKB,PRINCESS WILMA,M,ERLTON,D' WILMA,D'ACCORD,NORTH SHORE TRACTOR,OUT,0,,2005-02-26,LOUISIANA,14,,,NORTH SHORE TRACTOR,BP,,
Kentucky Winter Mixed (2015),2015-02-09,300,B,,F,WARRIOR'S REWARD,PRIOR LAKE LADY,PRIZED,JAMES B. KEOGH (GROVENDALE) AGENT I,LANTERN HILL FARM LLC AGENT,13000,,2014-04-01,KENTUCKY,11,,,JAMES B. KEOGH (GROVENDALE) AGENT I,Y,,
Kentucky Winter Mixed (2015),2015-02-09,301,DKB,PRIVATE SPANISH,M,SPANISH STEPS,PRIVATE EYES,PRIVATE TERMS,LEGACY BLOODSTOCK (TOMMY & WYNDEE EASTHAM) AGENT IV,NOT SOLD,1000,,2008-02-17,FLORIDA,10,,,LEGACY BLOODSTOCK (TOMMY & WYNDEE EASTHAM) AGENT IV,BP,,
Kentucky Winter Mixed (2015),2015-02-09,302,B,,C,DESERT PARTY,PRONTO PRONTO,FUSAICHI PEGASUS,BLUEWATER SALES LLC AGENT VII,OUT,0,,2014-03-02,NEW YORK,8,,,BLUEWATER SALES LLC AGENT VII,Y,,
Kentucky Winter Mixed (2015),2015-02-09,303,DKB,PROSPECTING PEG,F,FUSAICHI PEGASUS,STRONGERTHANPRIDE,PROUD BIRDIE,TAYLOR MADE SALES AGENCY AGENT VII,T.S.B. FARM,20000,,2011-05-13,KENTUCKY,1&2,,,TAYLOR MADE SALES AGENCY AGENT VII,BP,,
Kentucky Winter Mixed (2015),2015-02-09,304,CH,QUALITY LASS,M,EXCLUSIVE QUALITY,ON THE PODIUM,BOLD EXECUTIVE,DARBY DAN FARM AGENT,CALUMET FARM,105000,,2009-02-07,ONTARIO,8,,,DARBY DAN FARM AGENT,BP,,
Kentucky Winter Mixed (2015),2015-02-09,305,GRR,QUEEN COBRA,M,COBRA KING,CHEYENNE RIVER,NORTHERN JOVE,ASHWOOD TRINITY (MARC C. RICKER) AGENT,BRUCE TACKETT & GARY TACKETT,8000,,2000-03-28,KENTUCKY,12,HAYNESFIELD,2014-04-20,ASHWOOD TRINITY (MARC C. RICKER) AGENT,B,,
Kentucky Winter Mixed (2015),2015-02-09,306,DKB,QUEEN KALYRRA,F,GIANT'S CAUSEWAY,KALYRRA,CHESTER HOUSE,TAYLOR MADE SALES AGENCY AGENT XI,SERENA LLC,11000,,2011-04-28,KENTUCKY,1&2,,,TAYLOR MADE SALES AGENCY AGENT XI,BP,,
Kentucky Winter Mixed (2015),2015-02-09,307,GRR,QUEEN OFTHE EMPIRE,M,EMPIRE MAKER,ELECTRIC SHOCK,CURE THE BLUES,PARAMOUNT SALES AGENT VII,GERALD BABCHISHIN,20000,,2008-05-10,KENTUCKY,5,,,PARAMOUNT SALES AGENT VII,B,,
Kentucky Winter Mixed (2015),2015-02-09,308,DKB,QUESTION PERIOD,M,GILDED TIME,ASK THE QUESTION,SILVER DEPUTY,DARBY DAN FARM AGENT,ALL OUT,18000,,2009-02-16,AB,8,,,DARBY DAN FARM AGENT,BP,,
Kentucky Winter Mixed (2015),2015-02-09,310,B,QUIET HOUR,F,QUIET AMERICAN,GONE TO UTAH,SALT LAKE,TAYLOR MADE SALES AGENCY AGENT XV,OUT,0,,2010-04-10,VIRGINIA,1&2,,,TAYLOR MADE SALES AGENCY AGENT XV,RB,,
Kentucky Winter Mixed (2015),2015-02-09,311,GRR,,F,ROMAN RULER,RADON DANCER,ROBYN DANCER,JAMES B. KEOGH (GROVENDALE) AGENT XIV,MCMAHON & HILL BLOODSTOCK AGT,10000,,2014-04-01,INDIANA,11,,,JAMES B. KEOGH (GROVENDALE) AGENT XIV,Y,,
Kentucky Winter Mixed (2015),2015-02-09,312,B,,F,INTO MISCHIEF,RARE RIBBON,PROUDEST ROMEO,JAMES B. KEOGH (GROVENDALE) AGENT VIII,RICHARD SCHRAG,9000,,2014-03-12,KENTUCKY,11,,,JAMES B. KEOGH (GROVENDALE) AGENT VIII,Y,,
Kentucky Winter Mixed (2015),2015-02-09,313,GRR,RATE CHANGE,M,EXCHANGE RATE,COMMERCIALIZE,ROBYN DANCER,HIGHCLERE AGENT II,NOT SOLD,24000,,2010-01-27,KENTUCKY,4,,,HIGHCLERE AGENT II,BP,,
Kentucky Winter Mixed (2015),2015-02-09,314,CH,,C,TASTE OF PARADISE,RATTRAPEE (IRE),SWAIN (IRE),POPE MCLEAN (CRESTWOOD FARM) AGENT II,SUE TRIERWEILER,2300,,2014-05-17,KENTUCKY,12,,,POPE MCLEAN (CRESTWOOD FARM) AGENT II,Y,,
Kentucky Winter Mixed (2015),2015-02-09,315,CH,READY'S LEGEND,F,MORE THAN READY,THE LEGEND GROWS,SIPHON (BRZ),TARLETON FARM AGENT,NOT SOLD,38000,,2011-03-29,KENTUCKY,10,,,TARLETON FARM AGENT,RB,,
Kentucky Winter Mixed (2015),2015-02-09,316,B,REATA'S VIXEN,M,SLIGO BAY (IRE),TOP OF THE LEAGUE,LITE THE FUSE,HIDDEN BROOK AGENT IV,WILLIAM NICKS,1000,,2005-03-02,KENTUCKY,3,,,HIDDEN BROOK AGENT IV,B,,
Kentucky Winter Mixed (2015),2015-02-09,317,DKB,,C,TEMPLE CITY,REBA'S CAT,CONSOLIDATOR,MAINE CHANCE FARM (UNIVERSITY OF KENTUCKY),M.B. STABLE,3500,,2014-05-16,KENTUCKY,13,,,MAINE CHANCE FARM (UNIVERSITY OF KENTUCKY),Y,,
Kentucky Winter Mixed (2015),2015-02-09,318,DKB,RED BOTTOMS,F,CANDY RIDE (ARG),BEAUTIFUL CRAZY,CAPOTE,WOODARD BLOODSTOCK AGENT,TRACKSIDE FARM,4000,,2011-05-01,KENTUCKY,7,,,WOODARD BLOODSTOCK AGENT,BP,,
Kentucky Winter Mixed (2015),2015-02-09,319,DKB,RELATIVE SILENCE,F,EINSTEIN (BRZ),SILENT RUN,SILENT NAME (JPN),SELECT SALES AGENT IV,NOT SOLD,2000,,2014-04-11,KENTUCKY,6,,,SELECT SALES AGENT IV,Y,,
Kentucky Winter Mixed (2015),2015-02-09,320,DKB,REMSONG,M,BERNSTEIN,REMSHEG,UNBRIDLED,WATERFORD-MILLFORD FARM (MR. & MRS. ROBERT S. WEST JR.) AGENT,STAR OF THE NORTH,7000,,2009-03-22,ONTARIO,7,,,WATERFORD-MILLFORD FARM (MR. & MRS. ROBERT S. WEST JR.) AGENT,RB,,
Kentucky Winter Mixed (2015),2015-02-09,321,B,RENE'S KISSES,M,INDIAN CHARLIE,KISSIN RENE,KISSIN KRIS,BROOKDALE SALES AGENT,ALLIED RACING STABLES LLC,25000,,2007-04-21,KENTUCKY,1,,,BROOKDALE SALES AGENT,B,,
Kentucky Winter Mixed (2015),2015-02-09,322,B,,F,ALGORITHMS,RESERVATION BLUES,INDIAN CHARLIE,JAMES M. HERBENER JR. AGENT III,RON DOWDY,5000,,2014-04-28,NEW YORK,9,,,JAMES M. HERBENER JR. AGENT III,Y,,
Kentucky Winter Mixed (2015),2015-02-09,323,DKB,RIBBON CUTTER,F,ELUSIVE QUALITY,COUTURE CAT,STORM CAT,HUNTER VALLEY FARM AGENT,NOT SOLD,24000,,2011-05-07,KENTUCKY,7,,,HUNTER VALLEY FARM AGENT,RB,,
Kentucky Winter Mixed (2015),2015-02-09,324,DKB,RIDDLE ME THIS,F,ESKENDEREYA,QUEEN JOANNE,MR. GREELEY,SOUTH POINT SALES AGENCY AGENT,OUT,0,,2012-02-11,KENTUCKY,9,,,SOUTH POINT SALES AGENCY AGENT,BP,,
Kentucky Winter Mixed (2015),2015-02-09,325,DKB,RIDGEWAY CRESCENT,M,STORMY ATLANTIC,FEATHERS,CHEROKEE RUN,QUIET TIME FARM,MIKE CAMPBELL,1000,,2009-05-17,KENTUCKY,13,,,QUIET TIME FARM,BP,,
Kentucky Winter Mixed (2015),2015-02-09,326,DKB,ROOTS RUN DEEP,M,FORESTRY,INDY GLORY,A.P. INDY,PARAMOUNT SALES AGENT IV,NOT SOLD,39000,,2008-03-24,NEW YORK,5,,,PARAMOUNT SALES AGENT IV,B,,
Kentucky Winter Mixed (2015),2015-02-09,327,GRR,ROSEE IS COZEE,M,COZZENE,SIXTY FIVE ROSES,VICTORY GALLOP,NARDELLI SALES AGENT I,OUT,0,,2009-04-07,KENTUCKY,9,,,NARDELLI SALES AGENT I,RB,,
Kentucky Winter Mixed (2015),2015-02-09,328,B,ROYAL EMBASSY,M,ROYAL ANTHEM,ROSSARD (DEN),GLACIAL (DEN),SOUTH POINT SALES AGENCY AGENT,FISHER RACING,1000,Y,2002-03-10,KENTUCKY,9,LINE OF DAVID,2014-06-03,SOUTH POINT SALES AGENCY AGENT,B,,
Kentucky Winter Mixed (2015),2015-02-09,329,B,,F,AFLEET ALEX,ROYAL OPPORTUNITY,KINGMAMBO,DARBY DAN FARM AGENT,BEN P WALDEN JR,8500,,2013-04-09,PENNSYLVANIA,8,,,DARBY DAN FARM AGENT,RB,,
Kentucky Winter Mixed (2015),2015-02-09,330,DKB,,F,MUTAKDDIM,ROYAL PASSION,YANKEE VICTOR,HURSTLAND FARM (ALFRED H. NUCKOLS JR.) AGENT I,RUSTY J NEAL,5500,Y,2012-02-22,KENTUCKY,3,,,HURSTLAND FARM (ALFRED H. NUCKOLS JR.) AGENT I,RP,,
Kentucky Winter Mixed (2015),2015-02-09,331,B,,C,ARCHARCHARCH,RUMPUS ROOM,EDDINGTON,BLAKE-ALBINA THOROUGHBRED SERVICES LLC AGENT,RAFAEL GARCIA,12000,Y,2014-02-05,KENTUCKY,10,,,BLAKE-ALBINA THOROUGHBRED SERVICES LLC AGENT,Y,,
Kentucky Winter Mixed (2015),2015-02-09,332,B,RUN A ROUND,F,BROKEN VOW,BIRD CAGE,KRIS S.,ROMAR LLC,NOT SOLD,15000,,2012-03-26,KENTUCKY,13,,,ROMAR LLC,BP,,
Kentucky Winter Mixed (2015),2015-02-09,333,DKB,,C,ALGORITHMS,RUN JAMAICAN'S RUN,CHEROKEE RUN,MILLENNIUM FARMS AGENT FOR DOUBLE INFINITY RANCH,NOT SOLD,24000,,2014-03-21,TEXAS,10,,,MILLENNIUM FARMS AGENT FOR DOUBLE INFINITY RANCH,Y,,
Kentucky Winter Mixed (2015),2015-02-09,334,CH,SALLYPORT,F,FLOWER ALLEY,LISIEUX,STEADY GROWTH,WOODFORD THOROUGHBREDS AGENT,OUT,0,,2011-04-08,KENTUCKY,9,,,WOODFORD THOROUGHBREDS AGENT,BP,,
Kentucky Winter Mixed (2015),2015-02-09,335,CH,SAMURAI JESS,M,FIRST SAMURAI,GILDED DIABLO,DIABLO,WARRENDALE SALES AGENT I,TROY & AUDREY REED,43000,,2009-04-22,KENTUCKY,3,FLATTER,2014-04-28,WARRENDALE SALES AGENT I,B,,
Kentucky Winter Mixed (2015),2015-02-09,336,CH,,C,ALGORITHMS,SAUDI SERENADE,FORESTRY,CHAPEL HILL,DAVANT LATHAM AGENT,12000,,2014-04-29,KENTUCKY,12,,,CHAPEL HILL,Y,,
Kentucky Winter Mixed (2015),2015-02-09,337,B,,C,TAPIZAR,SAX APPEAL,SUCCESSFUL APPEAL,JAMES M. HERBENER JR. AGENT III,OUT,0,,2014-05-26,NEW YORK,9,,,JAMES M. HERBENER JR. AGENT III,Y,,
Kentucky Winter Mixed (2015),2015-02-09,338,DKB,SCARLET GOLD,M,UNBRIDLED'S SONG,STORMING HEAVEN,HENNESSY,TAYLOR MADE SALES AGENCY AGENT XIII,MARTIN BROTHERS RACING STABLES,10500,,2003-02-16,FLORIDA,1&2,DROSSELMEYER,2014-03-26,TAYLOR MADE SALES AGENCY AGENT XIII,B,,
Kentucky Winter Mixed (2015),2015-02-09,339,DKB,SCORCHING,M,DYNAFORMER,TURCOMEDY,TURKOMAN,BLUEWATER SALES LLC AGENT I,CHESTER STABLES LLC,7000,,1999-05-21,FLORIDA,8,,,BLUEWATER SALES LLC AGENT I,B,,
Kentucky Winter Mixed (2015),2015-02-09,340,B,SCRIBBLING SARAH,F,FREUD,PLINKING,TALKIN MAN,SOUTH POINT SALES AGENCY AGENT,BOBBY JONES EQUINE,7500,,2010-04-29,NEW YORK,9,,,SOUTH POINT SALES AGENCY AGENT,BP,,
Kentucky Winter Mixed (2015),2015-02-09,341,DKB,SEASIDE,M,ALDEBARAN,CLASSIC CONTENDER,BUCKFINDER,PARAMOUNT SALES AGENT XIV,ALFONSO MAZZETTI,5500,,2007-03-31,VIRGINIA,5,,,PARAMOUNT SALES AGENT XIV,BP,,
Kentucky Winter Mixed (2015),2015-02-09,342,DKB,SECOND BASE,F,ROCK HARD TEN,AMICUS,ATTICUS,TAYLOR MADE SALES AGENCY AGENT XV,OUT,0,,2011-04-20,FLORIDA,1&2,,,TAYLOR MADE SALES AGENCY AGENT XV,RB,,
Kentucky Winter Mixed (2015),2015-02-09,343,B,SECOND OFFENSE,M,JOHANNESBURG,HARD EVIDENCE,ALLEGED,SUMMERFIELD (FRANCIS & BARBARA VANLANGENDONCK) AGENT,KEITH BRACKPOOL,30000,,2004-02-17,KENTUCKY,3,YES IT'S TRUE,2014-04-24,SUMMERFIELD (FRANCIS & BARBARA VANLANGENDONCK) AGENT,B,,
Kentucky Winter Mixed (2015),2015-02-09,344,B,,F,MACLEAN'S MUSIC,SECRET SCHEME,PRECOCITY,HILL 'N' DALE SALES AGENCY AGENT,OUT,0,,2014-02-23,INDIANA,4,,,HILL 'N' DALE SALES AGENCY AGENT,Y,,
Kentucky Winter Mixed (2015),2015-02-09,345,GRR,SEDGE POND,F,BROKEN VOW,TREASURE BEACH,SILVER DEPUTY,TAYLOR MADE SALES AGENCY AGENT XXXII,SILVER FERN FARM,20000,,2012-02-07,FLORIDA,1&2,,,TAYLOR MADE SALES AGENCY AGENT XXXII,BP,,
Kentucky Winter Mixed (2015),2015-02-09,346,B,,C,BULLET TRAIN (GB),SENORITA CAUTELOSA,KAFWAIN,VINERY SALES AGENT V,NOT SOLD,9000,,2014-04-27,KENTUCKY,12,,,VINERY SALES AGENT V,Y,,
Kentucky Winter Mixed (2015),2015-02-09,347,B,,C,PIONEEROF THE NILE,SHADIA,DISTORTED HUMOR,MILLENNIUM FARMS AGENT FOR DOUBLE INFINITY RANCH,CAROLYN R VOGEL,40000,,2014-03-11,TEXAS,10,,,MILLENNIUM FARMS AGENT FOR DOUBLE INFINITY RANCH,Y,,
Kentucky Winter Mixed (2015),2015-02-09,348,CH,SHANON NICOLE,F,MAJESTIC WARRIOR,CRAFTY WAC,PATTON,PARAMOUNT SALES AGENT XXI,EDMOND A. HUDON,220000,,2011-04-15,KENTUCKY,5,,,PARAMOUNT SALES AGENT XXI,RB,,
Kentucky Winter Mixed (2015),2015-02-09,349,CH,SHEDRIVESMEUPATREE,F,FORESTRY,MISS ELSIE,GOLDEN GEAR,STUART MORRIS AGENT,RANDY ALDERSON,2000,,2010-04-10,KENTUCKY,5,AMERICAN LION,2014-05-02,STUART MORRIS AGENT,B,,
Kentucky Winter Mixed (2015),2015-02-09,350,DKB,,C,MINESHAFT,SHE'S A BLUE DEVIL,ORIENTATE,JAMES B. KEOGH (GROVENDALE) AGENT XIII,OUT,0,,2014-03-27,KENTUCKY,11,,,JAMES B. KEOGH (GROVENDALE) AGENT XIII,Y,,
Kentucky Winter Mixed (2015),2015-02-09,351,B,SHESATOPATTRACTION,F,OLD TOPPER,ROYAL ATTRACTION,ROYAL ACADEMY,JAMES B. KEOGH (GROVENDALE) AGENT V,NOT SOLD,19000,,2010-01-31,CALIFORNIA,11,,,JAMES B. KEOGH (GROVENDALE) AGENT V,BP,,
Kentucky Winter Mixed (2015),2015-02-09,352,B,SHE SPARXZ,F,MORE THAN READY,PIANO,PENTELICUS,FOUR STAR SALES AGENT,NANCY BAKER,115000,,2011-02-23,KENTUCKY,4,PAYNTER,2014-04-02,FOUR STAR SALES AGENT,B,,
Kentucky Winter Mixed (2015),2015-02-09,353,CH,SHE'S SCARY,M,CONGRATS,SILVER SPOOK,SILVER DEPUTY,SOUTH POINT SALES AGENCY AGENT,CARY FROMMER,7000,,2009-01-28,FLORIDA,9,,,SOUTH POINT SALES AGENCY AGENT,BP,,
Kentucky Winter Mixed (2015),2015-02-09,354,DKB,SHE'S THE MAN,F,CITY ZIP,IN ROME,SAINT BALLADO,SUSAN M. FORRESTER AGENT,OMEGA FARM,15000,,2012-02-21,KENTUCKY,6,,,SUSAN M. FORRESTER AGENT,BP,,
Kentucky Winter Mixed (2015),2015-02-09,355,B,SHEZA DISH,F,MAJESTIC WARRIOR,KAYGEE ESS FREE,LEMON DROP KID,FOUR STAR SALES AGENT,XIB AGENT,13000,,2010-03-03,KENTUCKY,4,,,FOUR STAR SALES AGENT,RB,,
Kentucky Winter Mixed (2015),2015-02-09,356,B,SHEZA SMOKE SHOW,F,WILKO,AVERY HALL,A. P JET,TAYLOR MADE SALES AGENCY AGENT XXVII,BLOODSTOCK INVESTMENT II,205000,,2011-02-01,KENTUCKY,1&2,,,TAYLOR MADE SALES AGENCY AGENT XXVII,RB,,
Kentucky Winter Mixed (2015),2015-02-09,357,CH,SHOW YOUR COLORS,M,DISTORTED HUMOR,COLCON,PLEASANT COLONY,HIDDEN BROOK AGENT II,JULIO RADA,20000,,2006-01-31,KENTUCKY,3,POWER BROKER,2014-05-15,HIDDEN BROOK AGENT II,B,,
Kentucky Winter Mixed (2015),2015-02-09,358,B,SILENT SARA,F,QUIET AMERICAN,ICEE SARA,ESKIMO,JAMES B. KEOGH (GROVENDALE) AGENT XVI,HUGH MAHAN,6000,,2011-04-10,PENNSYLVANIA,11,,,JAMES B. KEOGH (GROVENDALE) AGENT XVI,RB,,
Kentucky Winter Mixed (2015),2015-02-09,359,CH,SILKY SMOOTH,M,MR. GREELEY,SAPPHIRE N' SILK,PLEASANT TAP,ROYAL OAK FARM (DAMIAN & BRAXTON LYNCH) AGENT,OUT,0,,2004-04-23,KENTUCKY,7,GIANT'S CAUSEWAY,2014-05-16,ROYAL OAK FARM (DAMIAN & BRAXTON LYNCH) AGENT,B,,
Kentucky Winter Mixed (2015),2015-02-09,360,DKB,SILVER MARKET,M,AFTER MARKET,SOMETHING SILVER,SILVER DEPUTY,TAYLOR MADE SALES AGENCY AGENT XX,H ALLEN POINDEXTER,10000,Y,2009-04-19,KENTUCKY,1&2,,,TAYLOR MADE SALES AGENCY AGENT XX,BP,,
Kentucky Winter Mixed (2015),2015-02-09,361,CH,SIMPLY EXCITING,M,LIL TYLER,EXCITEMENT,DANZIG CONNECTION,MCMILLIN SALES AGENT FOR JOHN M. BAKER,DENIS CLULEY,1500,,2001-04-17,CALIFORNIA,11,PLEASANTLY PERFECT,2014-07-03,MCMILLIN SALES AGENT FOR JOHN M. BAKER,B,,
Kentucky Winter Mixed (2015),2015-02-09,362,DKB,SIMPLY SENSATIONAL,F,COLONEL JOHN,FLEET BALLADO,SAINT BALLADO,MILLENNIUM FARMS AGENT,TOMMY IVES/ D WHITE AGENT,2000,,2011-01-13,KENTUCKY,10,,,MILLENNIUM FARMS AGENT,RB,,
Kentucky Winter Mixed (2015),2015-02-09,363,DKB,SINGING SOUL,F,PERFECT SOUL (IRE),GONE SINGING,GONE WEST,HUNTER VALLEY FARM AGENT,DAVE WASHER,2200,,2011-03-03,KENTUCKY,7,,,HUNTER VALLEY FARM AGENT,RB,,
Kentucky Winter Mixed (2015),2015-02-09,364,B,,C,TIZDEJAVU,SIROCCO DREAM,GONE WEST,MAINE CHANCE FARM (UNIVERSITY OF KENTUCKY),BILL SMITH,3500,,2014-05-18,KENTUCKY,13,,,MAINE CHANCE FARM (UNIVERSITY OF KENTUCKY),Y,,
Kentucky Winter Mixed (2015),2015-02-09,365,DKB,SISTER FRIEND,M,MINESHAFT,MY PAL LANA,KRIS S.,SHAWHAN PLACE LLC AGENT I,JOHN P HICKS,20000,,2007-02-20,ONTARIO,6,,,SHAWHAN PLACE LLC AGENT I,BP,,
Kentucky Winter Mixed (2015),2015-02-09,366,DKB,SISTER GLADY OH LA,M,STRONG HOPE,MISS SMART STRIKE,SMART STRIKE,POPE MCLEAN (CRESTWOOD FARM) AGENT,NOT SOLD,34000,,2008-02-12,KENTUCKY,12,FORESTRY,2014-05-19,POPE MCLEAN (CRESTWOOD FARM) AGENT,B,,
Kentucky Winter Mixed (2015),2015-02-09,367,B,SKINNY MARGARITA,F,STREET SENSE,LISMORE LADY,OGYGIAN,HINKLE FARMS AGENT,IN THE BLACK VENTURES,16000,,2010-04-02,KENTUCKY,11,,,HINKLE FARMS AGENT,BP,,
Kentucky Winter Mixed (2015),2015-02-09,368,CH,SKY MIRAGE,F,SKY MESA,FLAMING MIRAGE,WOODMAN,TAYLOR MADE SALES AGENCY AGENT XXIX,ROY AND JANA BARBE,30000,,2011-02-21,KENTUCKY,1&2,,,TAYLOR MADE SALES AGENCY AGENT XXIX,RB,,
Kentucky Winter Mixed (2015),2015-02-09,369,B,SLIPPERY ROSE,F,WAR FRONT,BLUSHING ISSUE,BLUSHING JOHN,VANMETER SALES AGENT,OUT,0,,2011-04-24,KENTUCKY,8,,,VANMETER SALES AGENT,BP,,
Kentucky Winter Mixed (2015),2015-02-09,370,B,SMART INDEED,F,SMART STRIKE,TORRID AFFAIR,ALYDEED,GAINESWAY AGENT III,ATREIDES PARTNERSHIP,140000,,2012-02-20,KENTUCKY,6,,,GAINESWAY AGENT III,RB,,
Kentucky Winter Mixed (2015),2015-02-09,371,CH,SMARTY'S DREAM,M,SMARTY JONES,DREAM REGALLY,VICE REGENT,CONSIDINE FARM AGENT FOR OLYMPIA STAR,CALUMET FARM,15000,,2007-03-27,KENTUCKY,13,SKIPSHOT,2014-06-04,CONSIDINE FARM AGENT FOR OLYMPIA STAR,B,,
Kentucky Winter Mixed (2015),2015-02-09,372,B,SMOKEN DREAMS,M,SMOKE GLACKEN,BRUANNA,HOUSEBUSTER,VINERY SALES AGENT X,MARK WALLACE,1800,,2006-04-24,KENTUCKY,12,,,VINERY SALES AGENT X,B,,
Kentucky Winter Mixed (2015),2015-02-09,373,CH,,F,PARADING,SO BEAUTIFUL,ARCH,MAINE CHANCE FARM (UNIVERSITY OF KENTUCKY),GLEASON EAKIN,3500,,2014-03-28,KENTUCKY,13,,,MAINE CHANCE FARM (UNIVERSITY OF KENTUCKY),Y,,
Kentucky Winter Mixed (2015),2015-02-09,374,DKB,SOPHIE GOT EVEN,F,STEPHEN GOT EVEN,BIANARMA,BIANCONI,MCMILLIN SALES AGENT FOR JOHN M. BAKER,DENIS CLULEY,1000,,2010-04-25,KENTUCKY,11,HOLD ME BACK,2014-06-20,MCMILLIN SALES AGENT FOR JOHN M. BAKER,B,,
Kentucky Winter Mixed (2015),2015-02-09,375,B,SOUL OF VERVE,F,PERFECT SOUL (IRE),VERVE,UNBRIDLED,DARBY DAN FARM AGENT,WAYWARD WIND STABLES,4000,,2010-03-16,KENTUCKY,8,,,DARBY DAN FARM AGENT,BP,,
Kentucky Winter Mixed (2015),2015-02-09,376,CH,SO WHAT,F,AFLEET ALEX,YOU ASKED,YES IT'S TRUE,TARLETON FARM AGENT,PHILIP A SIMS,9000,,2012-04-21,KENTUCKY,10,,,TARLETON FARM AGENT,RB,,
Kentucky Winter Mixed (2015),2015-02-09,377,GRR,SPECIAL DANCER,M,TAPIT,DANCELIKETHEDEVIL,DEVIL'S BAG,SELECT SALES AGENT IV,RUEL COWLES / T/C STABLE,30000,,2008-03-05,NEW YORK,6,SONGANDAPRAYER,2014-04-29,SELECT SALES AGENT IV,B,,
Kentucky Winter Mixed (2015),2015-02-09,378,CH,,F,MAJESTICPERFECTION,SPEED HAS VALUE,VALUE PLUS,HIGHCLERE AGENT II,NOT SOLD,29000,,2014-04-10,NEW YORK,4,,,HIGHCLERE AGENT II,Y,,
Kentucky Winter Mixed (2015),2015-02-09,379,B,SPIKES,M,DIXIE UNION,SAFE AT THE PLATE,DOUBLE ZEUS,BURLESON FARMS AGENT,OUT,0,,2002-02-15,MARYLAND,6,,,BURLESON FARMS AGENT,B,,
Kentucky Winter Mixed (2015),2015-02-09,380,DKB,,C,NOONMARK,SPIKES,DIXIE UNION,BURLESON FARMS AGENT,OUT,0,,2014-03-07,NEW YORK,6,,,BURLESON FARMS AGENT,Y,,
Kentucky Winter Mixed (2015),2015-02-09,381,DKB,SPIN THE WHEEL,M,PLEASANT TAP,ARTISTE,NORQUESTOR,NORTH SHORE TRACTOR,CALUMET FARM,14000,,2003-03-05,NEW YORK,14,MUSKETIER,2014-05-13,NORTH SHORE TRACTOR,B,,
Kentucky Winter Mixed (2015),2015-02-09,382,CH,,F,SPEIGHTSTOWN,SPLIT TROIS (FR),DUBAWI (IRE),SOUTH POINT SALES AGENCY AGENT,BERYL N STOKES JR,25000,,2014-03-18,KENTUCKY,9,,,SOUTH POINT SALES AGENCY AGENT,Y,,
Kentucky Winter Mixed (2015),2015-02-09,383,B,SPRING BREEZE,M,CONGRATS,SPRING,STRAVINSKY,HINKLE FARMS AGENT,OUT,0,,2009-03-04,FLORIDA,11,,,HINKLE FARMS AGENT,BP,,
Kentucky Winter Mixed (2015),2015-02-09,384,CH,STARSHIP DUCHESS,M,SPEIGHTSTOWN,HEIR TO THE QUEEN,KING OF KINGS (IRE),JAMES B. KEOGH (GROVENDALE) AGENT III,OUT,0,,2009-02-10,KENTUCKY,11,,,JAMES B. KEOGH (GROVENDALE) AGENT III,BP,,
Kentucky Winter Mixed (2015),2015-02-09,385,DKB,STARSHIP SCARLETT,F,DIXIE UNION,PORT ROBERTO,DYNAFORMER,HINKLE FARMS AGENT,WILLOW WOOD,26000,,2011-03-19,KENTUCKY,11,,,HINKLE FARMS AGENT,RB,,
Kentucky Winter Mixed (2015),2015-02-09,386,B,,F,LANGFUHR,STERLING VOW,BROKEN VOW,HIDDEN BROOK AGENT VI,XIB AGENT,32000,,2014-02-22,KENTUCKY,3,,,HIDDEN BROOK AGENT VI,Y,,
Kentucky Winter Mixed (2015),2015-02-09,387,CH,STORM BANK,F,STORMY ATLANTIC,BANKSTRISS,FUSAICHI PEGASUS,SHAWHAN PLACE LLC AGENT FOR POCKET ACRES RACING LLC: TO DISSOLVE A PARTNERSHIP,TRINITY RACING STABLE LLC,7000,,2011-01-15,KENTUCKY,6,,,SHAWHAN PLACE LLC AGENT FOR POCKET ACRES RACING LLC: TO DISSOLVE A PARTNERSHIP,BP,,
Kentucky Winter Mixed (2015),2015-02-09,388,DKB,STORM BURST,M,STORMIN FEVER,TIMOTARA,SECRETARIAT,VINERY SALES AGENT VII,BILL MOREFIELD,10000,,2004-04-07,KENTUCKY,12,GEMOLOGIST,2014-06-07,VINERY SALES AGENT VII,B,,
Kentucky Winter Mixed (2015),2015-02-09,389,B,STORMY ADIEU,F,SILIC (FR),STORM BIRDIE,TROPICAL STORM,TAYLOR MADE SALES AGENCY AGENT XXIV,NOT SOLD,10000,,2012-03-20,CALIFORNIA,1&2,,,TAYLOR MADE SALES AGENCY AGENT XXIV,BP,,
Kentucky Winter Mixed (2015),2015-02-09,390,B,STREET SIS,F,STREET SENSE,MINDY,A.P. INDY,TAYLOR MADE SALES AGENCY AGENT VIII,MIKE CAMPBELL,4200,,2010-02-12,KENTUCKY,1&2,REGAL RANSOM,2014-05-18,TAYLOR MADE SALES AGENCY AGENT VIII,B,,
Kentucky Winter Mixed (2015),2015-02-09,391,B,STREET SURPRISE,M,STREET SENSE,SLEEPOVERWITHGREER,A.P. INDY,LANE'S END AGENT,BROUSSARD HUNDLEY/ SAXONY AGT,20000,,2009-03-13,KENTUCKY,7,ENGLISH CHANNEL,2014-04-15,LANE'S END AGENT,B,,
Kentucky Winter Mixed (2015),2015-02-09,392,B,STREET TRICK,F,STREET SENSE,BRIEF BLISS,NAVARONE,LANTERN HILL FARM LLC AGENT,HUNTER VALLEY FARM,40000,,2010-05-06,FLORIDA,3,,,LANTERN HILL FARM LLC AGENT,BP,,
Kentucky Winter Mixed (2015),2015-02-09,393,CH,SUN PENNIES,M,SPEIGHTSTOWN,UNBRIDLED LADY,UNBRIDLED,POPE MCLEAN (CRESTWOOD FARM) AGENT I,GREEN STUD,19000,,2007-02-05,MARYLAND,12,MORNING LINE,2014-04-23,POPE MCLEAN (CRESTWOOD FARM) AGENT I,B,,
Kentucky Winter Mixed (2015),2015-02-09,394,B,,F,PLEASANTLY PERFECT,SUN PENNIES,SPEIGHTSTOWN,POPE MCLEAN (CRESTWOOD FARM) AGENT I,BRUCE WALTERMIRE,2200,,2014-03-24,KENTUCKY,12,,,POPE MCLEAN (CRESTWOOD FARM) AGENT I,Y,,
Kentucky Winter Mixed (2015),2015-02-09,395,B,SURPRISEINTHEBOX,M,OUTOFTHEBOX,TIE TALK,BLACK TIE AFFAIR (IRE),BROOKDALE SALES AGENT,OUT,0,,2004-01-30,ONTARIO,1,SUPER SAVER,2014-04-09,BROOKDALE SALES AGENT,B,,
Kentucky Winter Mixed (2015),2015-02-09,396,B,SUSHI EMPIRE,F,EMPIRE MAKER,DOWELL HOUSE,DANZIG,PARAMOUNT SALES AGENT XVI,OUT,0,,2011-04-19,KENTUCKY,5,,,PARAMOUNT SALES AGENT XVI,RB,,
Kentucky Winter Mixed (2015),2015-02-09,397,B,SWEET CAPER,M,CAPE TOWN,CRYSTAL LADY,STOP THE MUSIC,SELECT SALES AGENT III,MILLENNIUM FARMS,17000,,2001-02-25,KENTUCKY,6,OVERDRIVEN,2014-04-30,SELECT SALES AGENT III,B,,
Kentucky Winter Mixed (2015),2015-02-09,398,DKB,,F,MAIMONIDES,SWEET CHAMPAGNE,FIVE STAR DAY,MAINE CHANCE FARM (UNIVERSITY OF KENTUCKY),BRYAN KELLY,3000,,2014-05-19,KENTUCKY,13,,,MAINE CHANCE FARM (UNIVERSITY OF KENTUCKY),Y,,
Kentucky Winter Mixed (2015),2015-02-09,399,B,TACIT APPROVAL,F,TAPIT,PUNCH APPEAL,SUCCESSFUL APPEAL,DARBY DAN FARM AGENT,JAMES CULVER,62000,,2011-05-08,KENTUCKY,8,,,DARBY DAN FARM AGENT,RB,,
Kentucky Winter Mixed (2015),2015-02-09,400,CH,TACTICAL GIFT,F,TACTICAL CAT,IDOL GIFT,MINER'S MARK,CHAPEL HILL,WOODFORD THOROUGHBREDS,13000,,2010-04-01,LOUISIANA,12,,,CHAPEL HILL,BP,,
Kentucky Winter Mixed (2015),2015-02-09,401,CH,TAJOL,F,SPRING AT LAST,BARE IT PROPERLY,PROPER REALITY,QUIET TIME FARM,ALFONSO MAZZETTI,1500,,2010-05-30,KENTUCKY,13,,,QUIET TIME FARM,BP,,
Kentucky Winter Mixed (2015),2015-02-09,402,DKB,TAKE IT OUT,F,PUT IT BACK,DIXIELAND GULCH,GULCH,KEITH LANCASTER AGENT I,CHRIS MELTON,1700,,2010-05-10,FLORIDA,10,,,KEITH LANCASTER AGENT I,BP,,
Kentucky Winter Mixed (2015),2015-02-09,403,DKB,TALES OF PARADISE,M,TALE OF THE CAT,FOREVER PARADISE,TOUR D'OR,FOUNDATIONS FARM AGENT,NOT SOLD,3200,,2009-04-30,KENTUCKY,13,,,FOUNDATIONS FARM AGENT,BP,,
Kentucky Winter Mixed (2015),2015-02-09,404,CH,TANASI,M,HIGH COTTON,APACHE PINES,PANCHO VILLA,HIDDEN BROOK AGENT VIII,BROOKSTONE FARM,20000,,2009-03-25,FLORIDA,3,,,HIDDEN BROOK AGENT VIII,B,,
Kentucky Winter Mixed (2015),2015-02-09,405,B,,C,TIZDEJAVU,TAXI TO PARADISE,TASTE OF PARADISE,POPE MCLEAN (CRESTWOOD FARM) AGENT II,ALFRED ROGERS SMITHWICK,5000,,2014-04-10,KENTUCKY,12,,,POPE MCLEAN (CRESTWOOD FARM) AGENT II,Y,,
Kentucky Winter Mixed (2015),2015-02-09,406,GRR,,F,DUNKIRK,TENACIOUS,MARIA'S MON,BLUEWATER SALES LLC AGENT V,BRAD MILLER,15000,,2014-05-08,KENTUCKY,8,,,BLUEWATER SALES LLC AGENT V,Y,,
Kentucky Winter Mixed (2015),2015-02-09,407,DKB,TEXT ME A DEAR JON,F,MINGUN,DANCEWITHTHEBRIDE,BELONG TO ME,BEL FARMS,JOSEPH TOSTERUD,3500,,2010-04-05,KENTUCKY,8,,,BEL FARMS,RB,,
Kentucky Winter Mixed (2015),2015-02-09,408,B,THE AMATEUR,M,QUIET AMERICAN,LUVINA,FOREST WILDCAT,HARTWELL FARM AGENT FOR M K CHO STABLES,WOODFORD THOROUGHBREDS,20000,,2007-05-09,PENNSYLVANIA,9,STREET HERO,2014-05-08,HARTWELL FARM AGENT FOR M K CHO STABLES,B,,
Kentucky Winter Mixed (2015),2015-02-09,409,B,,C,WILKO,THUMPERS FLOWER,GENERAL ROYAL,NORTH SHORE TRACTOR,PAN AM RACING,9500,,2014-03-12,OHIO,14,,,NORTH SHORE TRACTOR,Y,,
Kentucky Winter Mixed (2015),2015-02-09,410,B,THUMPERS FLOWER,M,GENERAL ROYAL,BANBURY FAIR,OUR MICHAEL,NORTH SHORE TRACTOR,TIMOTHY COLLINS,1500,,2005-05-14,KENTUCKY,14,WILKO,2014-05-05,NORTH SHORE TRACTOR,B,,
Kentucky Winter Mixed (2015),2015-02-09,411,GRR,TIFFANY,F,UNBRIDLED'S SONG,A FOOTSTEP AWAY,GIANT'S CAUSEWAY,PAUL TACKETT,ASHVIEW FARM LLC,100000,,2011-05-14,KENTUCKY,10,,,PAUL TACKETT,BP,,
Kentucky Winter Mixed (2015),2015-02-09,412,DKB,TOMICA'S SPIRIT,M,OFFICER,SILVERCITY LADY,SILVER CHARM,PARAMOUNT SALES AGENT VI,CALUMET FARM,35000,,2008-02-25,PENNSYLVANIA,5,,,PARAMOUNT SALES AGENT VI,BP,,
Kentucky Winter Mixed (2015),2015-02-09,413,CH,TOMISUE GOT EVEN,M,STEPHEN GOT EVEN,TOMISUE'S DANCER,DANZIG,NORTH SHORE TRACTOR,OUT,0,,2007-05-09,KENTUCKY,14,,,NORTH SHORE TRACTOR,BP,,
Kentucky Winter Mixed (2015),2015-02-09,414,DKB,TRANSPLENDID,F,ELUSIVE QUALITY,DOYENNE,DEPUTY MINISTER,HIGHCLERE AGENT II,OUT,0,,2010-02-01,NEW YORK,4,,,HIGHCLERE AGENT II,BP,,
Kentucky Winter Mixed (2015),2015-02-09,415,B,TRAVEL PLANS,M,NOTEBOOK,ESCAPING,IN THE SLAMMER,PAUL TACKETT,EQUUS FARM,4200,,2003-03-14,FLORIDA,10,ALTERNATION,2014-06-02,PAUL TACKETT,B,,
Kentucky Winter Mixed (2015),2015-02-09,416,DKB,TRISHA,M,FOREST CAMP,TRISHA RUNS,SHARKEY,DARBY DAN FARM AGENT,OUT,0,,2007-02-03,FLORIDA,8,INTO MISCHIEF,2014-05-21,DARBY DAN FARM AGENT,B,,
Kentucky Winter Mixed (2015),2015-02-09,417,B,,C,MAJESTIC WARRIOR,TRISHA,FOREST CAMP,DARBY DAN FARM AGENT,OUT,0,,2014-04-27,FLORIDA,8,,,DARBY DAN FARM AGENT,Y,,
Kentucky Winter Mixed (2015),2015-02-09,418,DKB,TROUBLESAMACON,M,PERSONAL FLAG,CLASSIC IMP,HIS MAJESTY,NORTH SHORE TRACTOR,TIMOTHY COLLINS,1400,,2001-03-29,NEW YORK,14,WILKO,2014-05-25,NORTH SHORE TRACTOR,B,,
Kentucky Winter Mixed (2015),2015-02-09,419,B,,F,INTO MISCHIEF,TRUE BREEZE,YES IT'S TRUE,JAMES B. KEOGH (GROVENDALE) AGENT I,NOT SOLD,7500,,2014-04-23,KENTUCKY,11,,,JAMES B. KEOGH (GROVENDALE) AGENT I,Y,,
Kentucky Winter Mixed (2015),2015-02-09,420,B,TULIRA STORM,F,STORMY ATLANTIC,TULIRA,GENERAL ASSEMBLY,MULHOLLAND SPRINGS AGENT FOR MULHOLLAND SPRINGS & 3480 EQUINE LLP,MARY COX,15000,,2011-02-21,KENTUCKY,10,,,MULHOLLAND SPRINGS AGENT FOR MULHOLLAND SPRINGS & 3480 EQUINE LLP,RB,,
Kentucky Winter Mixed (2015),2015-02-09,421,CH,TURBULENT AIR,M,MONTBROOK,AIR FRANCE,FRENCH DEPUTY,PARAMOUNT SALES AGENT IV,HURRICANE PLACE,10000,,2006-03-11,KENTUCKY,5,,,PARAMOUNT SALES AGENT IV,B,,
Kentucky Winter Mixed (2015),2015-02-09,422,B,TWICE CHARMED,F,MAGNA GRADUATE,FOREVER AFTER (GB),SADLER'S WELLS,PARAMOUNT SALES AGENT XVII,BRENDA STEWART,6200,,2011-02-04,KENTUCKY,5,,,PARAMOUNT SALES AGENT XVII,RB,,
Kentucky Winter Mixed (2015),2015-02-09,423,B,,C,WILKO,TWO BRIGHT,BRIGHT LAUNCH,NORTH SHORE TRACTOR,PAN AM RACING,10000,,2014-03-10,OHIO,14,,,NORTH SHORE TRACTOR,Y,,
Kentucky Winter Mixed (2015),2015-02-09,424,B,TWO BRIGHT,M,BRIGHT LAUNCH,DOUBLE'S LASS,MR. LEADER,NORTH SHORE TRACTOR,SALLUSTO/ALBINA AGT/ A ITANI,4000,,2006-04-20,KENTUCKY,14,WILKO,2014-03-10,NORTH SHORE TRACTOR,B,,
Kentucky Winter Mixed (2015),2015-02-09,425,B,UNATTENDED,F,QUALITY ROAD,GO GO,FALSTAFF,LANE'S END AGENT,JOHN P HICKS,15000,,2012-02-18,KENTUCKY,7,,,LANE'S END AGENT,BP,,
Kentucky Winter Mixed (2015),2015-02-09,426,B,,C,BERNARDINI,UNDERGROUND,INDIAN CHARLIE,HILL 'N' DALE SALES AGENCY AGENT,WILLIAM NICKS,1200,,2014-04-12,KENTUCKY,4,,,HILL 'N' DALE SALES AGENCY AGENT,Y,,
Kentucky Winter Mixed (2015),2015-02-09,427,B,UNSIGHTED,F,SONGANDAPRAYER,VILLACORA,PULPIT,FOUNDATIONS FARM AGENT,NOT SOLD,6000,,2010-02-11,ONTARIO,13,,,FOUNDATIONS FARM AGENT,BP,,
Kentucky Winter Mixed (2015),2015-02-09,428,CH,UNTAINTED,F,SPEIGHTSTOWN,LIZZY COOL,SAINT BALLADO,SOUTH POINT SALES AGENCY AGENT,DAVID A ROSS/ J BREDIN AGT,65000,,2010-03-24,KENTUCKY,9,SIDNEY'S CANDY,2014-05-17,SOUTH POINT SALES AGENCY AGENT,B,,
Kentucky Winter Mixed (2015),2015-02-09,429,B,,C,MIDNIGHT LUTE,UPSIDE,UNACCOUNTED FOR,JAMES M. HERBENER JR. AGENT IV,TAYLOR MADE SALES AGENT,60000,,2014-03-15,KENTUCKY,9,,,JAMES M. HERBENER JR. AGENT IV,Y,,
Kentucky Winter Mixed (2015),2015-02-09,430,DKB,UPTOWN GAL,F,DON'T GET MAD,GREAT GOIN ROSE,ALBERT THE GREAT,NIKNAR FARM LLC AGENT FOR NANCY J. LAVRICH & ELIZABETH B. RANKIN,NOT SOLD,20000,,2010-04-06,OHIO,7,,,NIKNAR FARM LLC AGENT FOR NANCY J. LAVRICH & ELIZABETH B. RANKIN,RB,,
Kentucky Winter Mixed (2015),2015-02-09,431,GRR,,C,PADDY O'PRADO,URBANA FIZZ (ARG),SLEW GIN FIZZ,ST GEORGE SALES AGENT I,OUT,0,,2014-03-05,KENTUCKY,8,,,ST GEORGE SALES AGENT I,Y,,
Kentucky Winter Mixed (2015),2015-02-09,432,B,USEEWHATIMSAYING,M,A.P. INDY,LUCINDA K,RED RANSOM,GAINESWAY AGENT II,CALUMET FARM,210000,,2004-05-07,KENTUCKY,6,PIONEEROF THE NILE,2014-05-27,GAINESWAY AGENT II,B,,
Kentucky Winter Mixed (2015),2015-02-09,433,B,,F,MACLEAN'S MUSIC,VEGAS BABE,BERNARDINI,HILL 'N' DALE SALES AGENCY AGENT,OUT,0,,2014-01-30,ONTARIO,4,,,HILL 'N' DALE SALES AGENCY AGENT,Y,,
Kentucky Winter Mixed (2015),2015-02-09,434,CH,VERUSCHKA,F,TAPIT,EXPRESS CHICK,HENNESSY,TAYLOR MADE SALES AGENCY AGENT XI,BRANDYWINE FARM LLC,15000,,2011-04-08,KENTUCKY,1&2,,,TAYLOR MADE SALES AGENCY AGENT XI,BP,,
Kentucky Winter Mixed (2015),2015-02-09,435,CH,VESTED IN TOWN,M,SPEIGHTSTOWN,SHE'S VESTED,BOUNDARY,ROMAR LLC,ED PRICE,4500,,2007-04-08,MARYLAND,13,,,ROMAR LLC,BP,,
Kentucky Winter Mixed (2015),2015-02-09,436,DKB,VICTORIAVANQUISHER,F,WITH DISTINCTION,PORT ISABEL,TIME TO EXPLODE,ROMAR LLC,WOODFORD THOROUGHBREDS,19000,,2011-04-28,FLORIDA,13,,,ROMAR LLC,BP,,
Kentucky Winter Mixed (2015),2015-02-09,437,B,VILLACORA,M,PULPIT,TUNE IN TO THE CAT,TUNERUP,MILLENNIUM FARMS AGENT,W D CUBBEDGE,45000,,2005-04-16,KENTUCKY,10,EXCHANGE RATE,2014-05-08,MILLENNIUM FARMS AGENT,B,,
Kentucky Winter Mixed (2015),2015-02-09,438,B,VIOLATE,F,BROKEN VOW,KADIRA,KAFWAIN,LISA & TIM TURNEY AGENT FOR JAMES J. VINCE (EAST/WEST BLOODSTOCK),BERKEY BLOODSTOCK,20000,,2011-02-22,KENTUCKY,5,,,LISA & TIM TURNEY AGENT FOR JAMES J. VINCE (EAST/WEST BLOODSTOCK),BP,,
Kentucky Winter Mixed (2015),2015-02-09,439,CH,VUKOVAR,M,FOREST WILDCAT,NYANZA,MONTBROOK,PARAMOUNT SALES AGENT V,CLARENCE SCHARBAUER III,15000,,2009-04-03,KENTUCKY,5,,,PARAMOUNT SALES AGENT V,B,,
Kentucky Winter Mixed (2015),2015-02-09,440,DKB,WALTZING BALLA,M,LOUIS QUATORZE,BALLA BALLA,BOLGER,STUART MORRIS AGENT,NOT SOLD,1000,,2003-05-09,KENTUCKY,5,GET STORMY,2014-05-27,STUART MORRIS AGENT,B,,
Kentucky Winter Mixed (2015),2015-02-09,441,B,WELL POLISHED,M,BERNSTEIN,BRUSH OVER,BROAD BRUSH,HINKLE FARMS AGENT,BERKEY BLOODSTOCK,14000,,2009-04-12,PENNSYLVANIA,11,,,HINKLE FARMS AGENT,BP,,
Kentucky Winter Mixed (2015),2015-02-09,442,CH,WELLSONG,M,EL PRADO (IRE),DIAL A SONG,MINING,LANTERN HILL FARM LLC AGENT,MAURICE CASEY III,5000,,2008-03-10,KENTUCKY,3,,,LANTERN HILL FARM LLC AGENT,B,,
Kentucky Winter Mixed (2015),2015-02-09,443,DKB,WEST AFRICA,M,GONE WEST,CORACLE,EXBOURNE,HURSTLAND FARM (ALFRED H. NUCKOLS JR.) AGENT II,OUT,0,,2005-03-10,KENTUCKY,3,KEEP UP,2014-05-21,HURSTLAND FARM (ALFRED H. NUCKOLS JR.) AGENT II,B,,
Kentucky Winter Mixed (2015),2015-02-09,444,B,,C,FLOWER ALLEY,WEST AFRICA,GONE WEST,HURSTLAND FARM (ALFRED H. NUCKOLS JR.) AGENT II,NOT SOLD,19000,,2014-03-27,KENTUCKY,3,,,HURSTLAND FARM (ALFRED H. NUCKOLS JR.) AGENT II,Y,,
Kentucky Winter Mixed (2015),2015-02-09,445,B,WHERE THERE'S LOVE,M,ALDEBARAN,HAZEL'S HONOR,HONOR GRADES,QUIET TIME FARM,GOOD LUCK FARM,6500,,2008-04-05,KENTUCKY,13,,,QUIET TIME FARM,BP,,
Kentucky Winter Mixed (2015),2015-02-09,446,DKB,WHITEY'S GOLD,M,PETIONVILLE,WHITE ANGELICA,QUIET AMERICAN,NORTH SHORE TRACTOR,NOT SOLD,4700,,2007-05-10,KENTUCKY,14,SILENT NAME,2014-06-19,NORTH SHORE TRACTOR,B,,
Kentucky Winter Mixed (2015),2015-02-09,447,CH,WHYNOTTAKEACHANCE,M,STREET CRY (IRE),MARIA'S ONLY ONE,MARIA'S MON,POPE MCLEAN (CRESTWOOD FARM) AGENT I,BRANDYWINE FARM LLC,4000,,2006-02-26,KENTUCKY,12,DISCREETLY MINE,2014-03-04,POPE MCLEAN (CRESTWOOD FARM) AGENT I,B,,
Kentucky Winter Mixed (2015),2015-02-09,448,DKB,WILD HICKORY,M,TERRELL,HICKORY (CHI),DUSHYANTOR,CATALYST BLOODSTOCK LLC AGENT II,BRAD AUGER,15000,,2009-04-07,BRITISH COLUMBI,11,,,CATALYST BLOODSTOCK LLC AGENT II,BP,,
Kentucky Winter Mixed (2015),2015-02-09,449,B,,C,SIDNEY'S CANDY,WINNING BET,DIXIE UNION,FOUR STAR SALES AGENT FOR DASH GOFF,NOT SOLD,38000,,2014-02-15,KENTUCKY,4,,,FOUR STAR SALES AGENT FOR DASH GOFF,Y,,
Kentucky Winter Mixed (2015),2015-02-09,450,B,WORTHWHILEPURSUIT,M,HARLAN'S HOLIDAY,MY CANADA,WITH APPROVAL,WOODFORD THOROUGHBREDS AGENT,MICHAEL HORNING,75000,,2010-05-03,KENTUCKY,9,CONGRATS,2014-03-14,WOODFORD THOROUGHBREDS AGENT,B,,
Kentucky Winter Mixed (2015),2015-02-09,451,CH,,C,DIALED IN,WREATH OF GOLD,LUCKY NORTH,BONA TERRA STUD LLC AGENT,SUGAR VALLEY FARM,14000,,2014-02-23,KENTUCKY,6,,,BONA TERRA STUD LLC AGENT,Y,,
Kentucky Winter Mixed (2015),2015-02-09,452,DKB,YELLOW FLAG,M,OUR EMBLEM,PLAYCALLER,SARATOGA SIX,TAYLOR MADE SALES AGENCY AGENT VI,M METANOVIC AGT/RHAPSODY FARM,17000,,2004-04-13,KENTUCKY,1&2,I WANT REVENGE,2014-04-23,TAYLOR MADE SALES AGENCY AGENT VI,B,,
Kentucky Winter Mixed (2015),2015-02-09,453,B,YES IT'S JACKIE,M,YES IT'S TRUE,VARGAS GIRL,DEPUTY MINISTER,MULHOLLAND SPRINGS AGENT FOR 3480 EQUINE LLP,OUT,0,,2008-02-28,KENTUCKY,10,,,MULHOLLAND SPRINGS AGENT FOR 3480 EQUINE LLP,BP,,
Kentucky Winter Mixed (2015),2015-02-09,454,B,YOUTOOKMYBOYSMONEY,F,CANDY RIDE (ARG),HEN PARTY,HENNESSY,TAYLOR MADE SALES AGENCY AGENT XVIII,IN THE BLACK VENTURES,15000,,2010-04-07,KENTUCKY,1&2,,,TAYLOR MADE SALES AGENCY AGENT XVIII,BP,,
Kentucky Winter Mixed (2015),2015-02-09,455,DKB,ZENDERELLA,F,ZENSATIONAL,SAILOR PLUTO,YOU AND I,MILLENNIUM FARMS AGENT FOR DOUBLE INFINITY RANCH,NOT SOLD,47000,,2011-04-12,KENTUCKY,10,UNCLE MO,2014-03-04,MILLENNIUM FARMS AGENT FOR DOUBLE INFINITY RANCH,B,,
Kentucky Winter Mixed (2015),2015-02-09,456,B,ZIPOLINA,M,CITY ZIP,RUVOLINA (IRE),CAERLEON,NORTH SHORE TRACTOR,LUIS F BOUZA AGENT,6000,,2006-05-20,NEW YORK,14,MUSKETIER,2014-06-03,NORTH SHORE TRACTOR,B,,
Kentucky Winter Mixed (2015),2015-02-09,457,B,ZIPPITY GOOMBA,M,CITY ZIP,GOOMADA BYDA SEA,SEA HERO,BLUEWATER SALES LLC AGENT VIII,NOT SOLD,64000,,2009-03-01,PENNSYLVANIA,8,,,BLUEWATER SALES LLC AGENT VIII,RB,,
Kentucky Winter Mixed (2015),2015-02-09,458,DKB,ACHALAYA,F,BELLAMY ROAD,WILD HEART DANCING,FARMA WAY,PARAMOUNT SALES AGENT XI,SJ BLOODSTOCK,4000,,2012-05-02,KENTUCKY,5,,,PARAMOUNT SALES AGENT XI,RB,,
Kentucky Winter Mixed (2015),2015-02-09,459,CH,A CUT AHEAD,F,TIZ WONDERFUL,SAPHIRIA,TOUCH GOLD,ST GEORGE SALES AGENT V,SF BLOODSTOCK LLC,27000,,2011-05-04,KENTUCKY,8,,,ST GEORGE SALES AGENT V,BP,,
Kentucky Winter Mixed (2015),2015-02-09,460,B,ADMITIT,M,E DUBAI,FINE DAY (GB),FANTASTIC LIGHT,TARLETON FARM AGENT,CALUMET FARM,25000,,2008-04-08,KENTUCKY,10,,,TARLETON FARM AGENT,BP,,
Kentucky Winter Mixed (2015),2015-02-09,461,B,ADONICA,F,AFLEET ALEX,LA PORTA,DISTORTED HUMOR,DENALI STUD (CRAIG & HOLLY BANDOROFF) AGENT IX,CHRIS MELTON,3200,,2010-04-24,KENTUCKY,1,,,DENALI STUD (CRAIG & HOLLY BANDOROFF) AGENT IX,BP,,
Kentucky Winter Mixed (2015),2015-02-09,462,DKB,AESCULUS,M,HORSE CHESTNUT (SAF),CRAFTY BUZZ,CRAFTY PROSPECTOR,WAR HORSE PLACE LLC AGENT,OUT,0,,2001-03-19,KENTUCKY,6,DUNKIRK,2014-06-19,WAR HORSE PLACE LLC AGENT,B,,
Kentucky Winter Mixed (2015),2015-02-09,463,B,,C,WARRIOR'S REWARD,AFFAIR AT DAWN,BLACK TIE AFFAIR (IRE),JAMES M. HERBENER JR. AGENT I,TOMMY WENTE,1000,,2014-05-06,KENTUCKY,9,,,JAMES M. HERBENER JR. AGENT I,Y,,
Kentucky Winter Mixed (2015),2015-02-09,465,B,AIRIZON,M,BOSTON HARBOR,AIRISTAR,PROSPECTIVE STAR,TAYLOR MADE SALES AGENCY AGENT XXI,OUT,0,,2002-02-26,KENTUCKY,1&2,JIMMY CREED,2014-04-13,TAYLOR MADE SALES AGENCY AGENT XXI,B,,
Kentucky Winter Mixed (2015),2015-02-09,466,B,ALLAMANDA,F,AFLEET ALEX,SONG OF THE SAINTS,SAINT BALLADO,DENALI STUD (CRAIG & HOLLY BANDOROFF) AGENT VI,PAUL OVERHOLT,1500,,2012-02-13,KENTUCKY,1,,,DENALI STUD (CRAIG & HOLLY BANDOROFF) AGENT VI,BP,,
Kentucky Winter Mixed (2015),2015-02-09,467,GRR,ALLUMEUSE,M,ROCKPORT HARBOR,ATLANTIC FROST,STORMY ATLANTIC,SELECT SALES AGENT V,MERSAD METANOVIC BLOODSTOCK,19000,,2008-01-23,FLORIDA,6,WARRIOR'S REWARD,2014-03-27,SELECT SALES AGENT V,B,,
Kentucky Winter Mixed (2015),2015-02-09,468,B,,F,DISCREET CAT,AMERICASSWEETHEART,QUIET AMERICAN,WARRENDALE SALES AGENT II,TED CURTIS,5000,,2014-04-12,KENTUCKY,3,,,WARRENDALE SALES AGENT II,Y,,
Kentucky Winter Mixed (2015),2015-02-09,469,DKB,AN ABSOLUTE TEN,M,ROCK HARD TEN,BEAUTIFUL CRAZY,CAPOTE,WOODFORD THOROUGHBREDS AGENT,CLOYCE CLARK / J GOODWIN AGT,12000,Y,2008-05-06,KENTUCKY,9,SOLDAT,2014-04-01,WOODFORD THOROUGHBREDS AGENT,B,,
Kentucky Winter Mixed (2015),2015-02-09,470,DKB,ANNIESGOTHEBEAT,M,PLEASANT TAP,SONG FOR ANNIE,SULTRY SONG,POPE MCLEAN (CRESTWOOD FARM) AGENT FOR KENDALL E. HANSEN M.D. RACING LLC,MERSAD METANOVIC BLOODSTOCK,20000,,2005-03-14,FLORIDA,12,SUCCESSFUL APPEAL,2014-04-16,POPE MCLEAN (CRESTWOOD FARM) AGENT FOR KENDALL E. HANSEN M.D. RACING LLC,B,,
Kentucky Winter Mixed (2015),2015-02-09,471,B,,F,KODIAK KOWBOY,ANNIESGOTHEBEAT,PLEASANT TAP,POPE MCLEAN (CRESTWOOD FARM) AGENT FOR KENDALL E. HANSEN M.D. RACING LLC,GLEASON EAKIN,2000,,2014-01-28,FLORIDA,12,,,POPE MCLEAN (CRESTWOOD FARM) AGENT FOR KENDALL E. HANSEN M.D. RACING LLC,Y,,
Kentucky Winter Mixed (2015),2015-02-09,472,DKB,ANOTHER HERITAGE,F,MR. GREELEY,HERITAGE OF GOLD,GOLD LEGEND,DARBY DAN FARM AGENT,CRAIG L MINTEN,10000,,2010-03-28,KENTUCKY,8,,,DARBY DAN FARM AGENT,BP,,
Kentucky Winter Mixed (2015),2015-02-09,473,CH,AQUIFOLIA,M,SMARTY JONES,AGARITA,DANZIG,NORTH SHORE TRACTOR,PLEASANT CREST,3500,,2008-03-07,NEW YORK,14,,,NORTH SHORE TRACTOR,BP,,
Kentucky Winter Mixed (2015),2015-02-09,474,CH,ARAKSIA,F,LANGFUHR,STORMY SEA,STORM CAT,CONSIDINE FARM AGENT FOR OLYMPIA STAR,CALUMET FARM,2500,,2011-03-04,KENTUCKY,13,SKIPSHOT,2014-04-16,CONSIDINE FARM AGENT FOR OLYMPIA STAR,B,,
Kentucky Winter Mixed (2015),2015-02-09,475,B,ARTIE R R,M,ARTIE SCHILLER,DEAREST GULCH,GULCH,JAMES B. KEOGH (GROVENDALE) AGENT XI,NOT SOLD,24000,,2009-03-20,NEW YORK,11,,,JAMES B. KEOGH (GROVENDALE) AGENT XI,BP,,
Kentucky Winter Mixed (2015),2015-02-09,476,CH,,C,ALBERTUS MAXIMUS,A SPIRE A DREAM,MARQUETRY,MICHAEL RUE,NOT SOLD,1000,,2014-03-06,KENTUCKY,9,,,MICHAEL RUE,Y,,
Kentucky Winter Mixed (2015),2015-02-09,477,B,ATLANTIC ZIP,F,STORMY ATLANTIC,SENTEBALE,VINDICATION,HINKLE FARMS AGENT,DANIEL J YATES,2500,,2011-01-25,ONTARIO,11,EINSTEIN,2014-03-17,HINKLE FARMS AGENT,B,,
Kentucky Winter Mixed (2015),2015-02-09,478,CH,,C,TO HONOR AND SERVE,AUNT BETH,DEVIL'S BAG,SELECT SALES AGENT III,OUT,0,,2014-04-09,KENTUCKY,6,,,SELECT SALES AGENT III,Y,,
Kentucky Winter Mixed (2015),2015-02-09,479,B,AUSPICIOUS,M,INDIAN CHARLIE,HANNAH'S DOLL,BOSTON HARBOR,WARRENDALE SALES AGENT VI,OUT,0,,2006-02-22,KENTUCKY,3,FLATTER,2014-02-17,WARRENDALE SALES AGENT VI,B,,
Kentucky Winter Mixed (2015),2015-02-09,480,B,AUSTA,F,NORTHERN AFLEET,GLENARCY,FORESTRY,TAYLOR MADE SALES AGENCY AGENT FOR AARON & MARIE JONES,J TAYLOR AGT FOR MYLOR RIDER,12000,,2011-02-18,KENTUCKY,1&2,,,TAYLOR MADE SALES AGENCY AGENT FOR AARON & MARIE JONES,RB,,
Kentucky Winter Mixed (2015),2015-02-09,481,CH,,C,GEMOLOGIST,AWESOME CHIC,AWESOME AGAIN,DROMOLAND FARM INC. (GERRY DILGER) AGENT I,TOMMY WENTE,1000,,2014-03-29,KENTUCKY,3,,,DROMOLAND FARM INC. (GERRY DILGER) AGENT I,Y,,
Kentucky Winter Mixed (2015),2015-02-09,482,GRR,,C,PADDY O'PRADO,AWESOME FROLIC,ALPHABET SOUP,SUMMERFIELD (FRANCIS & BARBARA VANLANGENDONCK) AGENT,JOEY RADOSEVICH (JEW STABLES),3000,,2014-05-29,KENTUCKY,3,,,SUMMERFIELD (FRANCIS & BARBARA VANLANGENDONCK) AGENT,Y,,
Kentucky Winter Mixed (2015),2015-02-09,483,B,AWESOME MARKIZA,F,AWESOME AGAIN,VALID LEADER,VALID APPEAL,CONSIDINE FARM AGENT FOR OLYMPIA STAR,TIMOTHY COLLINS,1200,,2010-03-01,KENTUCKY,13,SKIPSHOT,2014-04-02,CONSIDINE FARM AGENT FOR OLYMPIA STAR,B,,
Kentucky Winter Mixed (2015),2015-02-09,484,B,AWESOME STORY,M,AWESOME AGAIN,DREXEL MONORAIL,GLITTERMAN,GORDON GILLIAM AGENT,PAUL M KING,2000,,2009-04-19,KENTUCKY,13,MAIMONIDES,2014-03-15,GORDON GILLIAM AGENT,B,,
Kentucky Winter Mixed (2015),2015-02-09,485,CH,BAJAN RED,F,SPEIGHTSTOWN,MOCCASIN GAP,GIANT'S CAUSEWAY,PARAMOUNT SALES AGENT XI,GAYLE VAN LEER,12000,,2012-05-30,KENTUCKY,5,,,PARAMOUNT SALES AGENT XI,RB,,
Kentucky Winter Mixed (2015),2015-02-09,486,CH,BE HAPPY (BRZ),M,GHADEER (FR),HONEY CHRIS,APOLLON (BRZ),SELECT SALES AGENT V,MERSAD METANOVIC BLOODSTOCK,7000,,1999-08-02,BRZ,6,TEMPLE CITY,2014-05-22,SELECT SALES AGENT V,B,,
Kentucky Winter Mixed (2015),2015-02-09,487,DKB,BELLE OF FREEDOM,F,OFFICER,LA BELLE,DIXIE UNION,NORTH SHORE TRACTOR,RACHID BROTHERS,20000,,2010-03-07,KENTUCKY,14,MILWAUKEE BREW,2014-05-07,NORTH SHORE TRACTOR,B,,
Kentucky Winter Mixed (2015),2015-02-09,488,B,BEST BEHAVIOR,F,INTO MISCHIEF,QUEENSHIP,LINE IN THE SAND,TAYLOR MADE SALES AGENCY AGENT XV,OUT,0,,2010-04-10,ONTARIO,1&2,,,TAYLOR MADE SALES AGENCY AGENT XV,RB,,
Kentucky Winter Mixed (2015),2015-02-09,489,B,BET ON SOUP,F,ALPHABET SOUP,LADY GLACKEN,SMOKE GLACKEN,KINGSWOOD FARM AGENT,CLARKLAND FARM,8000,,2011-01-15,AB,9,,,KINGSWOOD FARM AGENT,BP,,
Kentucky Winter Mixed (2015),2015-02-09,490,B,BETTY'S STORM,F,STORMY ATLANTIC,BETTY'S WISH,GOLD CASE,DARBY DAN FARM AGENT FOR HNR NOTHHAFT HORSERACING LLC,NOT SOLD,18000,,2010-05-21,PENNSYLVANIA,8,,,DARBY DAN FARM AGENT FOR HNR NOTHHAFT HORSERACING LLC,BP,,
Kentucky Winter Mixed (2015),2015-02-09,491,CH,BEVERLY THE BOSS,F,STREET BOSS,SIGATOO,BLACK MINNALOUSHE,TAYLOR MADE SALES AGENCY AGENT XII,GEORGE IACOVACCI,1500,,2011-04-24,KENTUCKY,1&2,,,TAYLOR MADE SALES AGENCY AGENT XII,BP,,
Kentucky Winter Mixed (2015),2015-02-09,492,DKB,,F,FIRST SAMURAI,BIJOU BELLE,CRYPTOCLEARANCE,BLUEWATER SALES LLC AGENT II,SUSAN MCBRIDE,19500,,2014-04-29,PENNSYLVANIA,8,,,BLUEWATER SALES LLC AGENT II,Y,,
Kentucky Winter Mixed (2015),2015-02-09,493,CH,BINT SEDDIQ,F,CAPE BLANCO (IRE),DR. KATHY,POLISH NUMBERS,CIRCLE O FARM (ARLENE O'NEILL) AGENT FOR MR. FAISAL AL MUTAWA,JOHN F HARAN,4000,,2013-05-12,KENTUCKY,8,,,CIRCLE O FARM (ARLENE O'NEILL) AGENT FOR MR. FAISAL AL MUTAWA,RA,,
Kentucky Winter Mixed (2015),2015-02-09,494,DKB,BIRDGIRL,M,STRAVINSKY,SIGN HERE,PRIVATE TERMS,CONSIDINE FARM AGENT FOR OLYMPIA STAR,DAVID W HORNSBY,1000,,2005-02-22,KENTUCKY,13,SKIPSHOT,2014-04-18,CONSIDINE FARM AGENT FOR OLYMPIA STAR,B,,
Kentucky Winter Mixed (2015),2015-02-09,495,B,BIRDS NEST,M,PETIONVILLE,UNTANGLED,UNBRIDLED,LEGACY BLOODSTOCK (TOMMY & WYNDEE EASTHAM) AGENT II,DUBLIN RACING & BREEDING,18000,,2006-02-21,KENTUCKY,10,SUPER SAVER,2014-04-12,LEGACY BLOODSTOCK (TOMMY & WYNDEE EASTHAM) AGENT II,B,,
Kentucky Winter Mixed (2015),2015-02-09,496,B,,F,U S RANGER,BIRDS NEST,PETIONVILLE,LEGACY BLOODSTOCK (TOMMY & WYNDEE EASTHAM) AGENT II,MARTIN BROTHERS RACING STABLES,1500,,2013-02-22,KENTUCKY,10,,,LEGACY BLOODSTOCK (TOMMY & WYNDEE EASTHAM) AGENT II,RA,,
Kentucky Winter Mixed (2015),2015-02-09,497,B,,F,SUPER SAVER,BIRDS NEST,PETIONVILLE,LEGACY BLOODSTOCK (TOMMY & WYNDEE EASTHAM) AGENT II,J RODGERS,25000,Y,2014-03-09,KENTUCKY,10,,,LEGACY BLOODSTOCK (TOMMY & WYNDEE EASTHAM) AGENT II,Y,,
Kentucky Winter Mixed (2015),2015-02-09,498,CH,BLONDE MISS,M,LANGFUHR,BLONDE EXECUTIVE,BOLD EXECUTIVE,CARA BLOODSTOCK (BERNARD MCCORMACK) AGENT FOR BRUNO BROS FARMS DISPERSAL OF BREEDING STOCK,PHILIP AND DONNA HEALEY,9000,,2008-01-25,ONTARIO,12,,,CARA BLOODSTOCK (BERNARD MCCORMACK) AGENT FOR BRUNO BROS FARMS DISPERSAL OF BREEDING STOCK,B,,
Kentucky Winter Mixed (2015),2015-02-09,499,DKB,,C,COURT VISION,BLONDE MISS,LANGFUHR,CARA BLOODSTOCK (BERNARD MCCORMACK) AGENT FOR BRUNO BROS FARMS DISPERSAL OF BREEDING STOCK,CAROLYN R VOGEL,23000,,2014-04-10,ONTARIO,12,,,CARA BLOODSTOCK (BERNARD MCCORMACK) AGENT FOR BRUNO BROS FARMS DISPERSAL OF BREEDING STOCK,Y,,
Kentucky Winter Mixed (2015),2015-02-09,500,B,BLUES IN THE GRASS,M,BLUEGRASS CAT,WALTZING WITH DEB,ROBYN DANCER,LEGACY BLOODSTOCK (TOMMY & WYNDEE EASTHAM) AGENT III,BRANDYWINE FARM LLC,30000,,2008-05-22,KENTUCKY,10,GAFF,2014-04-15,LEGACY BLOODSTOCK (TOMMY & WYNDEE EASTHAM) AGENT III,B,,
Kentucky Winter Mixed (2015),2015-02-09,501,DKB,,F,GIROLAMO,BOCA BELLE,SILVER DEPUTY,BURLESON FARMS AGENT,NOT SOLD,14000,,2014-02-11,NEW YORK,6,,,BURLESON FARMS AGENT,Y,,
Kentucky Winter Mixed (2015),2015-02-09,502,CH,BODACIOUS BETS,M,AFTER MARKET,BEAUTIFUL BETS,ALPHABET SOUP,LANE'S END AGENT,RICHARD HARTER,2500,,2009-04-12,KENTUCKY,7,,,LANE'S END AGENT,BP,,
Kentucky Winter Mixed (2015),2015-02-09,503,B,,C,POSSE,BOLD ARRIVAL,GILDED TIME,BURLESON FARMS AGENT,TOM GRETHER FARMS INC,11000,,2014-05-26,NEW YORK,6,,,BURLESON FARMS AGENT,Y,,
Kentucky Winter Mixed (2015),2015-02-09,504,CH,BOND BEAUTY,M,HIGH YIELD,GLORY HALLELUJAH,HONOUR AND GLORY,BLAKE-ALBINA THOROUGHBRED SERVICES LLC AGENT,TIMOTHY COLLINS,1500,,2003-04-22,INDIANA,10,WILBURN,2014-03-27,BLAKE-ALBINA THOROUGHBRED SERVICES LLC AGENT,B,,
Kentucky Winter Mixed (2015),2015-02-09,505,B,BOUNDING AWAY (IRE),F,GALILEO (IRE),FLEETING SPIRIT (IRE),INVINCIBLE SPIRIT (IRE),TAYLOR MADE SALES AGENCY AGENT XXVI,CALUMET FARM,90000,,2012-02-11,IRE,1&2,,,TAYLOR MADE SALES AGENCY AGENT XXVI,BP,,
Kentucky Winter Mixed (2015),2015-02-09,506,GRR,BOZIQUE,F,HARLAN'S HOLIDAY,BIG SHOES,PETIONVILLE,SOUTH POINT SALES AGENCY AGENT,J.T.C. FARM,20000,,2010-05-22,KENTUCKY,9,,,SOUTH POINT SALES AGENCY AGENT,BP,,
Kentucky Winter Mixed (2015),2015-02-09,507,DKB,,F,ARCHARCHARCH,BRAUN 'N GOLD,FORESTRY,PARAMOUNT SALES AGENT XXII,NOT SOLD,4500,,2014-04-20,OHIO,5,,,PARAMOUNT SALES AGENT XXII,Y,,
Kentucky Winter Mixed (2015),2015-02-09,508,DKB,BRAVA DARBY,M,BRAVO BULL,ONE NIGHT WONDER,LORD AVIE,NORTH SHORE TRACTOR,RACHID BROTHERS,3200,,2006-03-17,IOWA,14,WILKO,2014-06-04,NORTH SHORE TRACTOR,B,,
Kentucky Winter Mixed (2015),2015-02-09,509,DKB,BRONZE BEAUTY,M,LATENT HEAT,BRONZE AUTUMN,MR. GREELEY,TAYLOR MADE SALES AGENCY AGENT X,OUT,0,,2009-03-20,KENTUCKY,1&2,INTO MISCHIEF,2014-04-30,TAYLOR MADE SALES AGENCY AGENT X,B,,
Kentucky Winter Mixed (2015),2015-02-09,510,CH,BROWN MELLISA,F,BIG BROWN,GENERAL'S MISTRESS,GENERAL MEETING,ROMAR LLC,LENA HEDBERG,4500,,2011-03-19,INDIANA,13,,,ROMAR LLC,BP,,
Kentucky Winter Mixed (2015),2015-02-09,511,DKB,BURNDOWNTHETOWN,F,CITY ZIP,RIOTOUS MISS,BRIEF RUCKUS,ST GEORGE SALES AGENT II,ED PRICE,5000,,2011-05-18,NEW YORK,8,,,ST GEORGE SALES AGENT II,BP,,
Kentucky Winter Mixed (2015),2015-02-09,512,CH,BURNS TURN,F,HENNY HUGHES,MEADOW VICTORY,OGYGIAN,HIGHCLERE AGENT II,OUT,0,,2010-05-15,KENTUCKY,4,,,HIGHCLERE AGENT II,BP,,
Kentucky Winter Mixed (2015),2015-02-09,513,B,,F,ASTROLOGY,BUY OUT TIME,DEHERE,HILL 'N' DALE SALES AGENCY AGENT,FATHER-SON STABLE,35000,,2014-05-12,KENTUCKY,4,,,HILL 'N' DALE SALES AGENCY AGENT,Y,,
Kentucky Winter Mixed (2015),2015-02-09,514,CH,,C,SCAT DADDY,DRAW A BLANK,SAINT LIAM,HURSTLAND FARM (ALFRED H. NUCKOLS JR.) AGENT I,CARLOS S E MOORE AGENT,9000,,2013-03-07,KENTUCKY,3,,,HURSTLAND FARM (ALFRED H. NUCKOLS JR.) AGENT I,RP,,
Kentucky Winter Mixed (2015),2015-02-09,515,CH,GOLDEN RINGS,C,BIRDSTONE,FIVE GOLD RINGS,TOUCH GOLD,HILL 'N' DALE SALES AGENCY AGENT,NOT SOLD,70000,,2011-03-15,KENTUCKY,4,,,HILL 'N' DALE SALES AGENCY AGENT,RP,,
Kentucky Winter Mixed (2015),2015-02-09,516,B,LITTLE ROBBIE D,G,PERFECT SOUL (IRE),TIMBER ICE,WOODMAN,ALASTAR THOROUGHBRED CO LLC,OUT,0,,2011-03-26,ONTARIO,3,,,ALASTAR THOROUGHBRED CO LLC,RP,,
Kentucky Winter Mixed (2015),2015-02-09,517,B,SIZZLING QUATORZE,C,CONCORD POINT,HOPE'S DIAMOND,LOUIS QUATORZE,HILL 'N' DALE SALES AGENCY AGENT,OUT,0,,2012-02-18,KENTUCKY,4,,,HILL 'N' DALE SALES AGENCY AGENT,RP,,
Kentucky Winter Mixed (2015),2015-02-09,518,B,,C,DROSSELMEYER,SWEPT BAYOU,DYNAFORMER,HURSTLAND FARM (ALFRED H. NUCKOLS JR.) AGENT I,PEDRO AGUSTIN,2500,,2013-05-08,KENTUCKY,3,,,HURSTLAND FARM (ALFRED H. NUCKOLS JR.) AGENT I,RP,,
Kentucky Winter Mixed (2015),2015-02-09,519,CH,,C,BIG BROWN,AUNT FAN,REAL QUIET,FOUR STAR SALES AGENT,JOHN C AUER JR,13000,,2013-04-03,ILLINOIS,4,,,FOUR STAR SALES AGENT,RA,,
Kentucky Winter Mixed (2015),2015-02-09,520,GRR,CONQUERING HERO,C,SMART STRIKE,TEAMMATE,A.P. INDY,TAYLOR MADE SALES AGENCY AGENT XXXIII,OUT,0,,2013-03-27,KENTUCKY,1&2,,,TAYLOR MADE SALES AGENCY AGENT XXXIII,RS,,
Kentucky Winter Mixed (2015),2015-02-09,521,B,EASTER GIFT,H,HARD SPUN,ANGEL GIFT,ALLEN'S PROSPECT,LANE'S END AGENT,ED PRICE,11000,,2009-04-13,KENTUCKY,7,,,LANE'S END AGENT,RS,,
Kentucky Winter Mixed (2015),2015-02-09,522,B,FIRST AIRBORNE,C,MEDAGLIA D'ORO,MY ANNETTE,RED RANSOM,TAYLOR MADE SALES AGENCY AGENT XXXIII,OUT,0,,2011-03-20,KENTUCKY,1&2,,,TAYLOR MADE SALES AGENCY AGENT XXXIII,RS,,
Kentucky Winter Mixed (2015),2015-02-09,523,B,INDY'S ILLUSION,C,A.P. INDY,MISS ILLUSION,MR. PROSPECTOR,HUNTER VALLEY FARM AGENT,NOT SOLD,35000,,2010-04-09,KENTUCKY,7,,,HUNTER VALLEY FARM AGENT,RS,,
Kentucky Winter Mixed (2015),2015-02-09,524,DKB,INTEGRITY,H,HARD SPUN,GENEROSITY,UNBRIDLED'S SONG,LANE'S END AGENT,OUT,0,,2010-02-18,KENTUCKY,7,,,LANE'S END AGENT,RS,,
Kentucky Winter Mixed (2015),2015-02-09,525,B,MARCAVELLY,H,JOHANNESBURG,DARK JEWEL,MAJESTIC LIGHT,TAYLOR MADE SALES AGENCY AGENT XIX,POCOLO STABLE,5500,,2004-02-20,KENTUCKY,1&2,,,TAYLOR MADE SALES AGENCY AGENT XIX,S,,
Kentucky Winter Mixed (2015),2015-02-09,526,GRR,NOT AN ILLUSION,C,NOT BOURBON,MISS ILLUSION,MR. PROSPECTOR,FOUR STAR SALES AGENT,M.C. ROBERTS FARM,6700,,2012-04-16,ONTARIO,4,,,FOUR STAR SALES AGENT,RS,,
Kentucky Winter Mixed (2015),2015-02-09,527,B,PEQUOT,C,INDIAN CHARLIE,SLUICE,SEEKING THE GOLD,PARAMOUNT SALES AGENT XXVI,RANDY HAFFNER,2200,,2012-05-12,KENTUCKY,5,,,PARAMOUNT SALES AGENT XXVI,RS,,
Kentucky Winter Mixed (2015),2015-02-09,528,B,PERFECT TITLE,C,PERFECT SOUL (IRE),TITLE SEEKER,MONARCHOS,FOUR STAR SALES AGENT,BRENDAN HEENEY EQUIX,50000,,2010-03-26,KENTUCKY,4,,,FOUR STAR SALES AGENT,RS,,
Kentucky Winter Mixed (2015),2015-02-09,529,CH,PRINTINGMONEY,C,INDY WIND,SHE'S THE LAW,OFFICER,FOUR STAR SALES AGENT FOR SWEET DIXIE FARMS,OUT,0,,2013-03-16,TENNESSEE,4,,,FOUR STAR SALES AGENT FOR SWEET DIXIE FARMS,RS,,
Kentucky Winter Mixed (2015),2015-02-09,530,B,RED DRUM,C,CANDY RIDE (ARG),RED HERRING,EMPIRE MAKER,FOUR STAR SALES AGENT,M.C. ROBERTS FARM,22000,,2012-04-16,KENTUCKY,4,,,FOUR STAR SALES AGENT,RS,,
Kentucky Winter Mixed (2015),2015-02-09,531,B,RONDOLINO,C,BERNARDINI,EXCITING TIMES (FR),JEUNE HOMME,CONSIDINE FARM AGENT FOR OLYMPIA STAR,BLAINE DAVIDSON,2000,,2012-04-27,KENTUCKY,13,,,CONSIDINE FARM AGENT FOR OLYMPIA STAR,S,,
Kentucky Winter Mixed (2015),2015-02-09,532,GRR,WIRED BRYAN,C,STORMY ATLANTIC,RED MELODY,RUNAWAY GROOM,PARAMOUNT SALES AGENT XXIV,THOROUGHBRED BLOODSTOCK BUREAU,30000,Y,2011-02-06,NEW YORK,5,,,PARAMOUNT SALES AGENT XXIV,S,,
Kentucky Winter Mixed (2015),2015-02-09,533,DKB,BARYSHNIKOV,H,EMPIRE MAKER,SKI DANCER,BALDSKI,PARAMOUNT SALES AGENT XXI,BLAINE DAVIDSON,7000,,2006-03-07,KENTUCKY,5,,,PARAMOUNT SALES AGENT XXI,S,,
Kentucky Winter Mixed (2015),2015-02-09,534,B,BATTLEFRONT,C,WAR FRONT,BARONESS RICHTER (IRE),MONTJEU (IRE),TAYLOR MADE SALES AGENCY AGENT XXXIII,OUT,0,,2011-05-16,KENTUCKY,1&2,,,TAYLOR MADE SALES AGENCY AGENT XXXIII,RS,,
Kentucky Winter Mixed (2015),2015-02-09,535,CH,CANDY SWAP,F,CANDY RIDE (ARG),FAIR EXCHANGE,STORM CAT,LANE'S END AGENT,OUT,0,,2012-02-13,KENTUCKY,7,,,LANE'S END AGENT,RB,,
Kentucky Winter Mixed (2015),2015-02-09,536,B,,F,NORTHERN AFLEET,LIL MINNLET,BLACK MINNALOUSHE,DENALI STUD (CRAIG & HOLLY BANDOROFF) AGENT XII,HIDDEN HORSE BLOODSTOCK LLC,20000,,2014-04-02,ILLINOIS,1,,,DENALI STUD (CRAIG & HOLLY BANDOROFF) AGENT XII,Y,,
Kentucky Winter Mixed (2015),2015-02-09,537,B,,F,NORTHERN AFLEET,MARGIES CONNECTION,JUST A CAT,DENALI STUD (CRAIG & HOLLY BANDOROFF) AGENT XII,RICKY HIGGS,20000,,2014-03-30,ILLINOIS,1,,,DENALI STUD (CRAIG & HOLLY BANDOROFF) AGENT XII,Y,,
Kentucky Winter Mixed (2015),2015-02-09,538,DKB,,C,GEMOLOGIST,WAR DRUM,WAR FRONT,JAMES B. KEOGH (GROVENDALE) AGENT XVIII,TOLLGATE FARM,2000,,2014-04-20,KENTUCKY,11,,,JAMES B. KEOGH (GROVENDALE) AGENT XVIII,Y,,
Kentucky Winter Mixed (2015),2015-02-09,539,B,,F,SPRING AT LAST,FIRE OF FREEDOM,STREET CRY (IRE),JAMES B. KEOGH (GROVENDALE) AGENT XVIII,GLEASON EAKIN,1700,,2014-03-11,KENTUCKY,11,,,JAMES B. KEOGH (GROVENDALE) AGENT XVIII,Y,,
Kentucky Winter Mixed (2015),2015-02-09,540,CH,,F,CAL NATION,NOBLE MAZ,STORM BOOT,JAMES B. KEOGH (GROVENDALE) AGENT XVIII,J.C.R. RACING,30000,,2014-02-18,MARYLAND,11,,,JAMES B. KEOGH (GROVENDALE) AGENT XVIII,Y,,
Kentucky Winter Mixed (2015),2015-02-09,541,B,A PRETTYDIXIE,M,DIXIE UNION,A. P. TEST,A.P. INDY,WARRENDALE SALES AGENT VIII,OUT,0,,2010-02-11,NEW YORK,3,,,WARRENDALE SALES AGENT VIII,BP,,
Kentucky Winter Mixed (2015),2015-02-09,542,B,CURLINS QUEEN,F,CURLIN,CATBABY,A.P. INDY,WARRENDALE SALES AGENT VII,KENNETH L & SARAH K RAMSEY,50000,,2011-04-05,KENTUCKY,3,,,WARRENDALE SALES AGENT VII,RB,,
Kentucky Winter Mixed (2015),2015-02-09,543,B,,C,MACLEAN'S MUSIC,INDIAN SUNSET,STORM BIRD,HILL 'N' DALE SALES AGENCY AGENT,NOT SOLD,7500,,2014-04-01,KENTUCKY,4,,,HILL 'N' DALE SALES AGENCY AGENT,Y,,
Kentucky Winter Mixed (2015),2015-02-09,544,B,,C,MACLEAN'S MUSIC,TOY INDIAN,INDIAN CHARLIE,HILL 'N' DALE SALES AGENCY AGENT,XIB AGENT,45000,,2014-02-12,INDIANA,4,,,HILL 'N' DALE SALES AGENCY AGENT,Y,,
Kentucky Winter Mixed (2015),2015-02-09,545,B,,C,MACLEAN'S MUSIC,CAT NEWS,STORM CAT,HILL 'N' DALE SALES AGENCY AGENT,DIRTY MIKE AND THE BOYS,10000,,2014-03-12,KENTUCKY,4,,,HILL 'N' DALE SALES AGENCY AGENT,Y,,
Kentucky Winter Mixed (2015),2015-02-09,546,B,,C,SHACKLEFORD,COUNSELOR CABOT,INDIAN CHARLIE,HILL 'N' DALE SALES AGENCY AGENT,D C I,1000,,2014-02-05,KENTUCKY,4,,,HILL 'N' DALE SALES AGENCY AGENT,Y,,
Kentucky Winter Mixed (2015),2015-02-09,547,DKB,,C,AFTER MARKET,FURUSATO,SENDAWAR (IRE),HILL 'N' DALE SALES AGENCY AGENT,NOT SOLD,1000,,2014-02-24,KENTUCKY,4,,,HILL 'N' DALE SALES AGENCY AGENT,Y,,
Kentucky Winter Mixed (2015),2015-02-09,548,B,,F,MAJESTIC WARRIOR,LOVESTEALER,ARTIE SCHILLER,HILL 'N' DALE SALES AGENCY AGENT,JOHN H MULHOLLAND,15000,,2014-04-19,KENTUCKY,4,,,HILL 'N' DALE SALES AGENCY AGENT,Y,,
Kentucky Winter Mixed (2015),2015-02-09,549,CH,FOOTSTEPS,F,ESKENDEREYA,CHIMICHURRI,ELUSIVE QUALITY,HILL 'N' DALE SALES AGENCY AGENT,FOX STRAUS,5500,,2012-02-08,KENTUCKY,4,,,HILL 'N' DALE SALES AGENCY AGENT,BP,,
Kentucky Winter Mixed (2015),2015-02-09,550,GRR,,F,D' FUNNYBONE,TRIMMED IN BLACK,SILVER GHOST,FOUR STAR SALES AGENT,OUT,0,,2014-03-14,NEW YORK,4&15,,,FOUR STAR SALES AGENT,Y,,
Kentucky Winter Mixed (2015),2015-02-09,551,CH,,F,ALGORITHMS,G. BEVERLY,HENNESSY,FOUR STAR SALES AGENT,OUT,0,,2014-03-05,NEW YORK,4&15,,,FOUR STAR SALES AGENT,Y,,
Kentucky Winter Mixed (2015),2015-02-09,552,CH,,F,D' FUNNYBONE,STAR FORTY NINE,LUHUK,FOUR STAR SALES AGENT,OUT,0,,2014-01-27,NEW YORK,4&15,,,FOUR STAR SALES AGENT,Y,,
Kentucky Winter Mixed (2015),2015-02-09,553,CH,,C,FLASHY BULL,DIVINE WINE,FATHER STEVE,FOUR STAR SALES AGENT,OUT,0,,2014-04-09,NEW YORK,4&15,,,FOUR STAR SALES AGENT,Y,,
Kentucky Winter Mixed (2015),2015-02-09,554,B,,C,POSSE,HOWL AT THE MOON,DYNAFORMER,FOUR STAR SALES AGENT,OUT,0,,2014-03-04,NEW YORK,4&15,,,FOUR STAR SALES AGENT,Y,,
Kentucky Winter Mixed (2015),2015-02-09,555,B,GALA AWARD,C,BERNARDINI,WILSHEWED,CARSON CITY,HUNTER VALLEY FARM AGENT,GOLDEN LEGACY STABLE,60000,,2011-02-22,KENTUCKY,7,,,HUNTER VALLEY FARM AGENT,S,,
Kentucky Winter Mixed (2015),2015-02-09,556,CH,MISS PRYTANIA,F,ESKENDEREYA,BRISQUETTE,UNBRIDLED'S SONG,SELECT SALES AGENT VIII,J R WARD STABLES,40000,,2012-04-18,KENTUCKY,6,,,SELECT SALES AGENT VIII,BP,,
Kentucky Winter Mixed (2015),2015-02-09,557,B,DESIRABLE LADY,M,EXCLUSIVE QUALITY,SASSY BEAR,CHEROKEE RUN,BILL MURPHY AGENT II,OUT,0,,2010-01-28,FLORIDA,13,,,BILL MURPHY AGENT II,BP,,
Kentucky Winter Mixed (2015),2015-02-09,558,CH,MISS JUNE,M,MORE THAN READY,POSEIDA (CHI),PICK UP (CHI),MILL RIDGE SALES AGENT,OUT,0,,2010-01-28,FLORIDA,7,,,MILL RIDGE SALES AGENT,BP,,
Kentucky Winter Mixed (2015),2015-02-09,559,B,LOOK OF A STAR,F,EXCLUSIVE QUALITY,NOVEMBER MOON,REGAL CLASSIC,HINKLE FARMS AGENT,DAVANT LATHAM AGENT,4500,,2011-02-10,FLORIDA,11,,,HINKLE FARMS AGENT,BP,,
Kentucky Winter Mixed (2015),2015-02-09,560,B,FRENCH STYLE,M,BROKEN VOW,FRENCH GRAND,FRENCH DEPUTY,TAYLOR MADE SALES AGENCY AGENT XXXIV,HARRY ARSLANIAN,9000,,2007-01-29,KENTUCKY,1&2,STREET BOSS,2014-04-03,TAYLOR MADE SALES AGENCY AGENT XXXIV,B,,
Kentucky Winter Mixed (2015),2015-02-09,561,CH,CORPORATE CULTURE,M,ENGLISH CHANNEL,TREYSTA,BELONG TO ME,WOODFORD THOROUGHBREDS AGENT,GERALD BABCHISHIN,16000,,2010-02-26,KENTUCKY,9,,,WOODFORD THOROUGHBREDS AGENT,BP,,
Kentucky Winter Mixed (2015),2015-02-09,562,DKB,SOUTH SEA PEARL,M,FOREST CAMP,SOUTH SEA BLUES,CURE THE BLUES,PARAMOUNT SALES AGENT XXVIII,BRAD AUGER,12500,,2007-04-28,ONTARIO,5,RULER'S COURT,2014-03-02,PARAMOUNT SALES AGENT XXVIII,B,,
Kentucky Winter Mixed (2015),2015-02-09,563,B,PORT AUTHORITY,F,STORMY ATLANTIC,FROSTY PROMISE,FROSTY THE SNOWMAN,VINERY SALES AGENT XVI,DAYBREAK STABLES INC,21000,,2013-03-21,LOUISIANA,12,,,VINERY SALES AGENT XVI,RB,,
Kentucky Winter Mixed (2015),2015-02-09,564,CH,MISS DRAKE,F,AFLEET ALEX,CLASSY MIRAGE,STORM BIRD,DROMOLAND FARM INC. (GERRY DILGER) AGENT II,PETER E BLUM THOROUGHBRDS LLC,130000,,2012-04-29,KENTUCKY,3,,,DROMOLAND FARM INC. (GERRY DILGER) AGENT II,BP,,
Kentucky Winter Mixed (2015),2015-02-09,565,B,,C,SOARING EMPIRE,BIMINI ROAD,BELONG TO ME,FOUR STAR SALES AGENT,OUT,0,,2014-03-15,NEW YORK,4&15,,,FOUR STAR SALES AGENT,Y,,
Kentucky Winter Mixed (2015),2015-02-09,566,B,ZIP QUIK,H,CITY ZIP,SENITA LANE,ASCOT KNIGHT,PARAMOUNT SALES AGENT XXIX,NOT SOLD,5700,,2007-04-03,NEW YORK,5,,,PARAMOUNT SALES AGENT XXIX,S,,
Kentucky Winter Mixed (2015),2015-02-09,567,DKB,SUPER WOMAN,F,SUPER SAVER,ORAL ARGUMENT,OUTOFTHEBOX,VINERY SALES AGENT XVII,CHAMPION RACING STABLE,10000,,2012-04-13,FLORIDA,12,,,VINERY SALES AGENT XVII,RB,,
Kentucky Winter Mixed (2015),2015-02-09,568,CH,CONFLICTOFINTEREST,M,MT. LIVERMORE,SAILING MINSTREL,THE MINSTREL,MILLENNIUM FARMS AGENT,OUT,0,,2002-02-08,KENTUCKY,10,CONCORD POINT,2014-05-22,MILLENNIUM FARMS AGENT,B,,
Kentucky Winter Mixed (2015),2015-02-09,569,CH,ZIA ZIA ZIA,M,DEHERE,ZIA PHILOMENA,CORONADO'S QUEST,TAYLOR MADE SALES AGENCY AGENT XXXV,OUT,0,,2010-04-24,KENTUCKY,1&2,,,TAYLOR MADE SALES AGENCY AGENT XXXV,RB,,
Kentucky Winter Mixed (2015),2015-02-09,570,B,HUA,F,COLONEL JOHN,TAP'N TANGO,ELUSIVE QUALITY,VANMETER SALES AGENT II,JOHN O'MEARA AGENT,7000,,2012-04-10,KENTUCKY,8,,,VANMETER SALES AGENT II,RB,,
Kentucky Winter Mixed (2015),2015-02-09,571,B,,F,COLONEL JOHN,MERE JUSTICE,VINDICATION,FOUR STAR SALES AGENT,ALWAYS RESOLUTIONS LLC,3000,,2014-03-21,KENTUCKY,4&15,,,FOUR STAR SALES AGENT,Y,,
Kentucky Winter Mixed (2015),2015-02-09,572,B,,C,COLONEL JOHN,GEM MINT,JOHAR,FOUR STAR SALES AGENT,ALWAYS RESOLUTIONS LLC,3500,,2014-03-17,KENTUCKY,4&15,,,FOUR STAR SALES AGENT,Y,,
Kentucky Winter Mixed (2015),2015-02-09,573,B,,C,HARD SPUN,SHOW ME THE ROSES,STORM CAT,FOUR STAR SALES AGENT,NOT SOLD,35000,,2014-03-31,KENTUCKY,4&15,,,FOUR STAR SALES AGENT,Y,,
Kentucky Winter Mixed (2015),2015-02-09,574,CH,CRYSTAL LAKE DRIVE,F,GIANT'S CAUSEWAY,AWESOME FLEET,AWESOME AGAIN,FOUR STAR SALES AGENT,OUT,0,,2011-03-22,FLORIDA,4&15,MORE THAN READY,2014-04-09,FOUR STAR SALES AGENT,B,,
Kentucky Winter Mixed (2015),2015-02-09,575,B,MISS BONNIE,M,OFFICER,DEACONESS BONNIE,PULPIT,FOUR STAR SALES AGENT,OUT,0,,2008-01-23,KENTUCKY,4&15,LOOKIN AT LUCKY,2014-03-10,FOUR STAR SALES AGENT,B,,
Kentucky Winter Mixed (2015),2015-02-09,576,B,SHOW ME THE ROSES,M,STORM CAT,MYTH,OGYGIAN,FOUR STAR SALES AGENT,OUT,0,,2001-02-24,KENTUCKY,4&15,LOOKIN AT LUCKY,2014-05-17,FOUR STAR SALES AGENT,B,,
Kentucky Winter Mixed (2015),2015-02-09,577,DKB,,F,PORTOBELLO ROAD,ROBIN'S N BEAU'S,BOLD ANTHONY,FOUR STAR SALES AGENT,OUT,0,,2014-04-12,NEW YORK,4&15,,,FOUR STAR SALES AGENT,Y,,
Kentucky Winter Mixed (2015),2015-02-09,578,DKB,STREET CHANT,M,STREET CRY (IRE),JAVA DRUMS,JAVA GOLD,SELECT SALES AGENT VII,OUT,0,,2004-02-28,KENTUCKY,6,ARTIE SCHILLER,2014-05-17,SELECT SALES AGENT VII,B,,
Kentucky Winter Mixed (2015),2015-02-09,579,DKB,DARK WOMAN,M,BIG BROWN,JAVA DRUMS,JAVA GOLD,SELECT SALES AGENT VII,OUT,0,,2010-03-31,KENTUCKY,6,,,SELECT SALES AGENT VII,BP,,
Kentucky Winter Mixed (2015),2015-02-09,580,B,JAVA'S DRUMBEAT,F,DISCREET CAT,JAVA DRUMS,JAVA GOLD,SELECT SALES AGENT VII,NOT SOLD,4300,,2012-03-07,KENTUCKY,6,,,SELECT SALES AGENT VII,RB,,
Kentucky Winter Mixed (2015),2015-02-09,581,CH,SHORT ROUTE,M,MUD ROUTE,SHORT CALL,PHONE TRICK,BLUEWATER SALES LLC AGENT X,TOMMY IVES/ DAN WHITE AGENT,5000,,2002-03-03,CALIFORNIA,8,,,BLUEWATER SALES LLC AGENT X,B,,
Kentucky Winter Mixed (2015),2015-02-09,582,CH,CALL IT LUCK,F,LOOKIN AT LUCKY,SHORT ROUTE,MUD ROUTE,BLUEWATER SALES LLC AGENT X,I LEE LANGE,7000,,2014-02-28,KENTUCKY,8,,,BLUEWATER SALES LLC AGENT X,Y,,
Kentucky Winter Mixed (2015),2015-02-09,583,CH,VIA PAVION,M,MR. GREELEY,REDASPEN,BIANCONI,BILL MURPHY AGENT III,JOHN B PENN,40000,,2009-02-20,KENTUCKY,13,SHANGHAI BOBBY,2014-04-18,BILL MURPHY AGENT III,B,,
Kentucky Winter Mixed (2015),2015-02-09,584,B,NOSPEIGHTINTENDED,M,SPEIGHTSTOWN,LADY GAMER,GAME PLAN,SUMMERFIELD (FRANCIS & BARBARA VANLANGENDONCK) AGENT,TAYLOR MADE SALES AGENT,12000,,2009-03-16,KENTUCKY,3,,,SUMMERFIELD (FRANCIS & BARBARA VANLANGENDONCK) AGENT,BP,,
Kentucky Winter Mixed (2015),2015-02-09,585,CH,LEMON GOLD,F,LEMON DROP KID,FIRED GOLD,TOUCH GOLD,LANTERN HILL FARM LLC AGENT I,OUT,0,,2012-03-15,KENTUCKY,3,,,LANTERN HILL FARM LLC AGENT I,RB,,
Kentucky Winter Mixed (2015),2015-02-09,586,B,BEYOND PARADISE,M,LANGFUHR,VICTORY TRICK,CLEVER TRICK,BILL MURPHY AGENT III,NOT SOLD,16000,,2003-03-01,KENTUCKY,13,MACLEAN'S MUSIC,2014-04-08,BILL MURPHY AGENT III,B,,
Kentucky Winter Mixed (2015),2015-02-09,587,GRR,TASMONA,F,UNBRIDLED'S SONG,PFEIFFER,STORM CAT,WINTER QUARTER FARM AGENT,SUNG YEOUN LIM,13000,,2011-01-27,KENTUCKY,3,,,WINTER QUARTER FARM AGENT,BP,,
Kentucky Winter Mixed (2015),2015-02-09,588,DKB,CAJUN DIVA,M,TOUCH GOLD,EVENING HUSH,SAINT BALLADO,CHAPEL HILL,ARIKA EVERATT,10000,,2009-03-30,LOUISIANA,12,,,CHAPEL HILL,BP,,
Kentucky Winter Mixed (2015),2015-02-09,589,B,PUTITINMYPOCKET,M,PUT IT BACK,IRISH DROP,WAY WEST (FR),CHAPEL HILL,NOT SOLD,9500,,2010-03-21,FLORIDA,12,,,CHAPEL HILL,BP,,
Kentucky Winter Mixed (2015),2015-02-09,590,B,LE CAIRE,M,COZZENE,MRS. WEST,GONE WEST,TAYLOR MADE SALES AGENCY AGENT XXXVI,KEITH BRACKPOOL,30000,,2005-04-06,KENTUCKY,1&2,CAPE BLANCO (IRE),2014-05-14,TAYLOR MADE SALES AGENCY AGENT XXXVI,B,,
Kentucky Winter Mixed (2015),2015-02-09,591,B,MONEY FOR MAKEUP,M,FORESTRY,TANGO FOR TIPS,SEEKING THE GOLD,ROMAR LLC,BEECH SPRING AGENT,5000,,2009-02-23,LOUISIANA,13,,,ROMAR LLC,BP,,
Kentucky Winter Mixed (2015),2015-02-09,592,B,LANTERN GLOW,M,MINESHAFT,PACHECA,STORM CREEK,BLUEWATER SALES LLC AGENT IV,OUT,0,,2005-03-24,KENTUCKY,8,INTO MISCHIEF,2014-06-14,BLUEWATER SALES LLC AGENT IV,B,,
Kentucky Winter Mixed (2015),2015-02-09,593,DKB,NEW ATTRACTION,M,HONOUR AND GLORY,CELMIS,BOLD RUCKUS,SOUTH POINT SALES AGENCY AGENT,J PARICK MORELL AGENT,19000,,2004-04-01,ONTARIO,9,MAJESTICPERFECTION,2014-04-27,SOUTH POINT SALES AGENCY AGENT,B,,
Kentucky Winter Mixed (2015),2015-02-09,594,CH,EZMOVES,M,MASTER COMMAND,AMERICAN FLIER,QUIET AMERICAN,SOUTH POINT SALES AGENCY AGENT,KEITH BRACKPOOL,48000,,2010-02-11,KENTUCKY,9,SHANGHAI BOBBY,2014-04-12,SOUTH POINT SALES AGENCY AGENT,B,,
Kentucky Winter Mixed (2015),2015-02-09,595,B,BROAD SPECTRUM,F,INDIAN CHARLIE,FEATHERBED,SMART STRIKE,DARBY DAN FARM AGENT,OUT,0,,2012-05-01,KENTUCKY,8,,,DARBY DAN FARM AGENT,BP,,
Kentucky Winter Mixed (2015),2015-02-09,596,CH,KATIE IT'S FINE,M,SPEIGHTSTOWN,MELINA'S FUSE,LITE THE FUSE,TAYLOR MADE SALES AGENCY AGENT XXXVIII,MERSAD METANOVIC BLOODSTOCK,10000,Y,2009-03-26,KENTUCKY,1&2,,,TAYLOR MADE SALES AGENCY AGENT XXXVIII,BP,,
Kentucky Winter Mixed (2015),2015-02-09,597,B,ANGELICA ZAPATA,M,SHARP HUMOR,TWO DOT SLEW,EVANSVILLE SLEW,BUCK POND FARM (DOUGLAS S. ARNOLD) AGENT,MILLENNIUM FARMS,180000,Y,2008-03-19,KENTUCKY,12,,,BUCK POND FARM (DOUGLAS S. ARNOLD) AGENT,RB,,
Kentucky Winter Mixed (2015),2015-02-09,598,DKB,RAESUNBRIDLEDFAITH,M,AFTER MARKET,UNBRIDLED HOPE,UNBRIDLED,TAYLOR MADE SALES AGENCY AGENT XXXVII,TAYLOR MADE SALES AGENT,24000,,2009-05-07,CALIFORNIA,1&2,,,TAYLOR MADE SALES AGENCY AGENT XXXVII,BP,,
Kentucky Winter Mixed (2015),2015-02-09,599,B,ROSE OF HARLAN,F,HARLAN'S HOLIDAY,NTOMBI,QUIET AMERICAN,HIGHCLERE AGENT II,OUT,0,,2011-05-04,KENTUCKY,4,UNION RAGS,2014-04-05,HIGHCLERE AGENT II,B,,
Kentucky Winter Mixed (2015),2015-02-09,600,CH,EVERY WAY,M,CITY ZIP,EVER AFTER,KRIS S.,HIDDEN BROOK AGENT IX,PETER BERGLAR,150000,,2010-02-13,KENTUCKY,3,,,HIDDEN BROOK AGENT IX,RB,,
Kentucky Winter Mixed (2015),2015-02-09,601,B,MIGHTY MARTHA,M,CHESTER HOUSE,FANNY FORGOT,DIXIELAND BAND,MULHOLLAND SPRINGS AGENT II,NOT SOLD,70000,,2003-04-25,KENTUCKY,10,UNION RAGS,2014-04-29,MULHOLLAND SPRINGS AGENT II,B,,
Kentucky Winter Mixed (2015),2015-02-09,602,DKB,MADAM GRACE,M,BIRDSTONE,LADY GRACE,WITH APPROVAL,ST GEORGE SALES AGENT V,GEORGE IACOVACCI,1000,,2010-04-15,FLORIDA,8,,,ST GEORGE SALES AGENT V,BP,,
Kentucky Winter Mixed (2015),2015-02-09,603,CH,IDEAL SCENARIO,M,SAINT BALLADO,PERFECT ISN'T EASY,SARATOGA SIX,BLUEWATER SALES LLC AGENT IV,OUT,0,,2001-02-19,KENTUCKY,8,INTO MISCHIEF,2014-05-08,BLUEWATER SALES LLC AGENT IV,B,,
Kentucky Winter Mixed (2015),2015-02-09,604,CH,,C,MUNNINGS,HICKORY HEIFER,FORESTRY,BUCK POND FARM (DOUGLAS S. ARNOLD) AGENT,BO BROMAGEN AGENT,55000,,2014-05-31,KENTUCKY,12,,,BUCK POND FARM (DOUGLAS S. ARNOLD) AGENT,Y,,
Kentucky Winter Mixed (2015),2015-02-09,605,GRR,TENACIOUS,M,MARIA'S MON,WATCHFULL,NOTEBOOK,BLUEWATER SALES LLC AGENT V,J PARICK MORELL AGENT,41000,,2005-03-11,KENTUCKY,8,DROSSELMEYER,2014-05-31,BLUEWATER SALES LLC AGENT V,B,,
Kentucky Winter Mixed (2015),2015-02-09,606,DKB,EFFIE TRINKET,M,FREUD,MAYA'S NOTE,EDITOR'S NOTE,DENALI STUD (CRAIG & HOLLY BANDOROFF) AGENT XIII,OUT,0,,2010-03-20,NEW YORK,1,,,DENALI STUD (CRAIG & HOLLY BANDOROFF) AGENT XIII,RB,,
Kentucky Winter Mixed (2015),2015-02-09,607,DKB,LILLY FA POOTZ,M,GILDED TIME,DARK RHYTHM,FIT TO FIGHT,BLAKE-ALBINA THOROUGHBRED SERVICES LLC AGENT,OUT,0,,2005-03-11,KENTUCKY,10,VIOLENCE,2014-03-24,BLAKE-ALBINA THOROUGHBRED SERVICES LLC AGENT,B,,
Kentucky Winter Mixed (2015),2015-02-09,608,DKB,STELLA'S DREAM,F,PIONEEROF THE NILE,MEADOW DREAM,MEADOWLAKE,BLAKE-ALBINA THOROUGHBRED SERVICES LLC AGENT,ROCK RIDGE THOROUGHBREDS LLC,115000,,2011-04-29,KENTUCKY,10,VIOLENCE,2014-04-15,BLAKE-ALBINA THOROUGHBRED SERVICES LLC AGENT,B,,
Kentucky Winter Mixed (2015),2015-02-09,609,DKB,READY LOVE,M,MORE THAN READY,HE LOVES ME,NOT FOR LOVE,BLAKE-ALBINA THOROUGHBRED SERVICES LLC AGENT,NOT SOLD,70000,,2008-01-10,KENTUCKY,10,VIOLENCE,2014-04-29,BLAKE-ALBINA THOROUGHBRED SERVICES LLC AGENT,B,,
Kentucky Winter Mixed (2015),2015-02-09,610,GRR,,F,HANSEN,DELIGHTFUL NICOLE,MONARCHOS,BUCK POND FARM (DOUGLAS S. ARNOLD),GOLDEN LEGACY STABLE,22000,Y,2014-04-06,KENTUCKY,12,,,BUCK POND FARM (DOUGLAS S. ARNOLD),Y,,
Kentucky Winter Mixed (2015),2015-02-09,611,B,,C,INCLUDE,GOOD WITCH GLINDA,UNBRIDLED'S SONG,CONSIDINE FARM AGENT,ANDY SMITH,16000,,2014-05-21,KENTUCKY,13,,,CONSIDINE FARM AGENT,Y,,
Kentucky Winter Mixed (2015),2015-02-09,612,DKB,HELENA'S TRIOMPHE,F,ARCH,HELENA BAY (GB),JOHANNESBURG,FOUR STAR SALES AGENT,IN THE BLACK VENTURES,7500,,2011-02-25,KENTUCKY,4&15,,,FOUR STAR SALES AGENT,BP,,
Kentucky Winter Mixed (2015),2015-02-09,613,B,WILD EYED,F,INDIAN CHARLIE,WILLOW BUNCH,AFFIRMED,TAYLOR MADE SALES AGENCY AGENT IV,THORNMAR FARM LLC,45000,,2011-01-25,KENTUCKY,1&2,,,TAYLOR MADE SALES AGENCY AGENT IV,BP,,
Kentucky Winter Mixed (2015),2015-02-09,614,CH,ROSE TO GOLD,M,FRIENDS LAKE,SAUCY,TABASCO CAT,HIDDEN BROOK AGENT X,WINSTAR FARM LLC,450000,,2010-03-06,KENTUCKY,3,,,HIDDEN BROOK AGENT X,BP,,
Kentucky Winter Mixed (2015),2015-02-09,615,CH,TOPAZIO,M,MORE THAN READY,GYPSY HOLLOW,DIXIELAND BAND,HIDDEN BROOK AGENT X,THORNMAR FARM LLC,60000,,2009-03-15,KENTUCKY,3,,,HIDDEN BROOK AGENT X,BP,,
Kentucky Winter Mixed (2015),2015-02-09,616,DKB,DNIEPER,C,GIANT'S CAUSEWAY,VOLGA (IRE),CAERLEON,TAYLOR MADE SALES AGENCY AGENT XXXIII,CHRISTOPHER BRITTON,10000,,2011-03-26,KENTUCKY,1&2,,,TAYLOR MADE SALES AGENCY AGENT XXXIII,RS,,
