SALE TITLE,SESSION,HIP,COLOR,SEX,SIRE,DAM,SIRE OF DAM,PROPERTY LINE,PURCHASER,PRICE,PRIVATE SALE,YEAR OF BIRTH,FOALED,BARN,COVER DATE,SOLD AS DESCRIPTION,VIRTUAL INSPECTION
Kentucky October Yearlings (2023),2023-10-23,1,DKB,F,JIMMY CREED,YADDO CANARY,MINESHAFT,MAINE CHANCE FARM (UNIVERSITY OF KENTUCKY),J ASENCION MONTEAGUDO,5000,,04/23/2022,KENTUCKY,19,,,
Kentucky October Yearlings (2023),2023-10-23,2,DKB,C,IMPROBABLE,YAHILWA,MEDAGLIA D'ORO,GROVENDALE SALES AGENT II,NOT SOLD,60000,,04/19/2022,KENTUCKY,17,,,
Kentucky October Yearlings (2023),2023-10-23,3,DKB,C,INSTILLED REGARD,YOU DON'T KNOW ME (IRE),ZOFFANY (IRE),SUSAN Y. FOREMAN AGENT,NOT SOLD,22000,,04/09/2022,ONTARIO,21,,,
Kentucky October Yearlings (2023),2023-10-23,4,DKB,F,BEE JERSEY,YOU MAKE LUVIN FUN,A.P. INDY,HUNTER VALLEY FARM AGENT,OFF THE HOOK,11000,,04/22/2022,ONTARIO,9,,,
Kentucky October Yearlings (2023),2023-10-23,5,DKB,C,WORLD OF TROUBLE,YOUNGNFLASHY,FLASHY BULL,FOUR STAR SALES AGENT,JON JAZDZEWSKI,8000,,05/17/2022,KENTUCKY,17&18,,,
Kentucky October Yearlings (2023),2023-10-23,6,DKB,F,CAIRO PRINCE,YOUR TIME IS UP,FREUD,HIBISCUS SALES,OUT,0,,05/05/2022,NEW YORK,22,,,
Kentucky October Yearlings (2023),2023-10-23,7,CH,F,VINO ROSSO,ZEENUT,MINGUN,MIKELLE FARM AGENT,ECLIPSE THOROUGHBRED PARTNERS & ST ELIAS STABLES,90000,,05/13/2022,KENTUCKY,23,,,https://vimeo.com/876777418?share=copy
Kentucky October Yearlings (2023),2023-10-23,8,GRR,F,THE FACTOR,ZENSATIONAL BEAUTY,ZENSATIONAL,VINERY SALES AGENT XVIII,KAT KIRK & WAYNE SANDERS,30000,,02/12/2022,KENTUCKY,21&22,,,
Kentucky October Yearlings (2023),2023-10-23,9,DKB,C,MASTERY,ZESTINA,SILENT NAME (JPN),FRANKFORT PARK FARM AGENT,PAUL CAIRNS RACING,20000,,01/16/2022,KENTUCKY,23,,,
Kentucky October Yearlings (2023),2023-10-23,10,DKB,F,STREET SENSE,ZETTA Z,BERNARDINI,DENALI STUD AGENT XXVIII,HARTLEY/DE RENZO THOROUGHBREDS,170000,,04/23/2022,KENTUCKY,1&2,,,
Kentucky October Yearlings (2023),2023-10-23,11,DKB,C,HIGHER POWER,ZIFENA (GB),ZAMINDAR,SENNEBEC SOUTH FARM,OUT,0,,03/05/2022,KENTUCKY,23,,,
Kentucky October Yearlings (2023),2023-10-23,12,B,C,ALWAYS DREAMING,ZINTELLE,KITTEN'S JOY,TAYLOR MADE SALES AGENCY AGENT LXXVI,OUT,0,,03/17/2022,KENTUCKY,12&13&16,,,
Kentucky October Yearlings (2023),2023-10-23,13,B,C,MO TOWN,ZIPPY SPEED,CITY ZIP,WARRENDALE SALES AGENT FOR SILESIA FARM,KAT KIRK & WAYNE SANDERS,55000,,05/01/2022,KENTUCKY,21,,,
Kentucky October Yearlings (2023),2023-10-23,14,B,C,BEE JERSEY,ZO BOW,OXBOW,WESTBROOK STABLES LLC,SANDER BLANCO,13000,,03/08/2022,KENTUCKY,19,,,
Kentucky October Yearlings (2023),2023-10-23,15,CH,F,CATALINA CRUISER,ZORALLY,WISEMAN'S FERRY,LEGACY BLOODSTOCK AGENT FOR FOREVER SPRING FARM LLC,CAM ZIPRICK & JARED BROWN,8000,,03/25/2022,KENTUCKY,22,,,
Kentucky October Yearlings (2023),2023-10-23,16,B,F,CITY OF LIGHT,ZULTANITE,EL CORREDOR,TAYLOR MADE SALES AGENCY AGENT XXVIII,NOT SOLD,10000,,02/14/2022,KENTUCKY,12&13&16,,,
Kentucky October Yearlings (2023),2023-10-23,17,CH,C,GLOBAL CAMPAIGN,ABOVE HEAVEN,MR. GREELEY,TAYLOR MADE SALES AGENCY AGENT XXVII,OUT,0,,03/25/2022,KENTUCKY,12&13&16,,,
Kentucky October Yearlings (2023),2023-10-23,18,B,C,ECHO TOWN,ABOVE IT,HOLY BULL,BRANDYWINE FARM (JIM & PAM ROBINSON),K.O.I.D.,25000,,01/19/2022,KENTUCKY,15,,,
Kentucky October Yearlings (2023),2023-10-23,19,B,F,VINO ROSSO,ABUNTIA,OLMODAVOR,LEGACY BLOODSTOCK AGENT XI,NOT SOLD,22000,,03/02/2022,KENTUCKY,22,,,
Kentucky October Yearlings (2023),2023-10-23,20,CH,F,GORMLEY,ACCELEBRATE,NORTHERN AFLEET,BLANDFORD STUD (PADRAIG CAMPION) AGENT,SIMMONS & ASSOCIATES INC,17000,,02/25/2022,KENTUCKY,21,,,
Kentucky October Yearlings (2023),2023-10-23,21,DKB,F,GOOD SAMARITAN,ACCESSORIZING,OLD FASHIONED,VINERY SALES AGENT LVII,NOT SOLD,10000,,02/27/2022,INDIANA,21&22,,,
Kentucky October Yearlings (2023),2023-10-23,22,GRR,C,CLASSIC EMPIRE,ACCOLADY,KITTEN'S JOY,STRAIGHT LINE EQUINE SALES AGENT,NOT SOLD,27000,,03/01/2022,LOUISIANA,20,,,
Kentucky October Yearlings (2023),2023-10-23,23,DKB,F,CONNECT,ACCOMPLISH FIRST,FIRST DEFENCE,TAYLOR MADE SALES AGENCY AGENT XL,MARK KORNEGAY,70000,,02/19/2022,KENTUCKY,12&13&16,,,
Kentucky October Yearlings (2023),2023-10-23,24,CH,F,VEKOMA,A CHANGE OF HEART,UNBRIDLED'S SONG,FOUR STAR SALES AGENT FOR D.C. GOFF,MIKE RYAN AGENT,160000,,04/29/2022,KENTUCKY,17&18,,,https://vimeo.com/874533778?share=copy
Kentucky October Yearlings (2023),2023-10-23,25,B,C,CROSS TRAFFIC,AD LITEM,SUCCESSFUL APPEAL,GAINESWAY AGENT XIX,S.R.O.A (K.O.I.D.),25000,,02/05/2022,KENTUCKY,5&6,,,
Kentucky October Yearlings (2023),2023-10-23,26,CH,F,LIAM'S MAP,ADVENTUROUS LADY,KANTHAROS,ST GEORGE SALES AGENT III,TRAVIS MURPHY,17000,,01/26/2022,KENTUCKY,10,,,
Kentucky October Yearlings (2023),2023-10-23,27,B,C,DISTORTED HUMOR,AERIAL ASSETS,INTO MISCHIEF,PARAMOUNT SALES AGENT XXV,THOROBIZ,25000,,04/04/2022,KENTUCKY,20,,,
Kentucky October Yearlings (2023),2023-10-23,28,B,F,MO TOWN,AFLEET LEXI,AFLEET ALEX,FOUR STAR SALES AGENT,SHELLEY BROWN,4000,,04/06/2022,KENTUCKY,17&18,,,
Kentucky October Yearlings (2023),2023-10-23,29,B,F,COLLECTED,AFLEET LILY,AFLEET ALEX,EQUUS FARM (JERRY CUMMINS/PAUL ADAMS) AGENT I,BOBBY RANKIN,12000,,04/16/2022,KENTUCKY,14,,,
Kentucky October Yearlings (2023),2023-10-23,30,B,F,HIGHER POWER,AINTAFRAIDOFGHOSTS,GHOSTZAPPER,WESTBROOK STABLES LLC,EUCLIDES BALBAS,7000,,02/01/2022,KENTUCKY,19,,,
Kentucky October Yearlings (2023),2023-10-23,31,DKB,C,UNCLE MO,AIRS,HARLAN'S HOLIDAY,FOUR STAR SALES AGENT FOR SPENDTHRIFT FARM LLC,BJI RACING AGENT,16000,,03/16/2022,KENTUCKY,17&18,,,
Kentucky October Yearlings (2023),2023-10-23,32,B,F,GET STORMY,ALABAMA BOUND,PROUD CITIZEN,BLANDFORD STUD (PADRAIG CAMPION) AGENT,WOODBERRY PAYNE,5000,,03/17/2022,NEW YORK,21,,,
Kentucky October Yearlings (2023),2023-10-23,33,B,F,ALWAYS DREAMING,ALEC'S MOON,MALIBU MOON,MACHMER HALL SALES AGENT IV,SHELLEY BROWN,5000,,03/23/2022,KENTUCKY,5&6,,,
Kentucky October Yearlings (2023),2023-10-23,34,B,F,BRODY'S CAUSE,ALGOWILD,ALGORITHMS,BUCKLAND SALES (ZACH MADDEN) AGENT XXXII,NOT SOLD,12000,,03/05/2022,KENTUCKY,20,,,
Kentucky October Yearlings (2023),2023-10-23,35,DKB,C,CONNECT,ALISA'S CATCH,HAL'S IMAGE,FOUR STAR SALES AGENT,FXP CORP,10000,,05/17/2022,KENTUCKY,17&18,,,
Kentucky October Yearlings (2023),2023-10-23,36,B,F,NYQUIST,ALJULJALAH,EXCHANGE RATE,HIDDEN BROOK AGENT I,NOT SOLD,47000,,05/05/2022,KENTUCKY,22,,,
Kentucky October Yearlings (2023),2023-10-23,37,GRR,C,LIAM'S MAP,ALLANAH,SCAT DADDY,WOODS EDGE FARM AGENT,OUT,0,,04/22/2022,KENTUCKY,3,,,
Kentucky October Yearlings (2023),2023-10-23,38,GRR,C,CARACARO,ALL DAY DONNA,VALUE PLUS,BRANDYWINE FARM (JIM & PAM ROBINSON),NOT SOLD,12000,,03/20/2022,KENTUCKY,15,,,
Kentucky October Yearlings (2023),2023-10-23,39,B,C,JUSTIFY,ALLEGHENY ANGEL,MEDAGLIA D'ORO,PARAMOUNT SALES AGENT IV,DE MERIC SALES,300000,,05/03/2022,KENTUCKY,20,,,
Kentucky October Yearlings (2023),2023-10-23,40,CH,F,AUDIBLE,ALLHAPPYANDBRIGHT,ALTERNATION,WARRENDALE SALES AGENT XIV,OUT,0,,02/01/2022,KENTUCKY,21,,,
Kentucky October Yearlings (2023),2023-10-23,41,B,C,OMAHA BEACH,ALLITERATION,CONGRATS,VINERY SALES AGENT LIX,EDDIE KENNEALLY,60000,,02/16/2022,KENTUCKY,21&22,,,
Kentucky October Yearlings (2023),2023-10-23,42,B,C,DEMARCHELIER (GB),ALL OTHERS FOLLOW (GB),SEA THE STARS (IRE),CLAIBORNE FARM AGENT,KIM SMITH AGENT,2000,Y,02/13/2022,KENTUCKY,8,,,
Kentucky October Yearlings (2023),2023-10-23,43,CH,C,GORMLEY,ALTA LOVE,GONE WEST,SCOTT MALLORY AGENT III,NOT SOLD,24000,,05/11/2022,KENTUCKY,12,,,
Kentucky October Yearlings (2023),2023-10-23,44,DKB,F,TEMPLE CITY,ALTOON,SPEIGHTSTOWN,HILL 'N' DALE AT XALAPA AGENT,TOM MCCROCKLIN AGENT,10000,,02/12/2022,KENTUCKY,4,,,
Kentucky October Yearlings (2023),2023-10-23,45,B,C,STREET BOSS,ALWAYSINSTILETTOS,BANDINI,BLANDFORD STUD (PADRAIG CAMPION) AGENT,G J RACING,5000,,05/20/2022,NEW YORK,21,,,
Kentucky October Yearlings (2023),2023-10-23,46,CH,C,FIRST SAMURAI,ALWAYS PLEASANT,AWESOME AGAIN,HERMITAGE FARM AGENT,NOT SOLD,14000,,05/20/2022,KENTUCKY,20,,,
Kentucky October Yearlings (2023),2023-10-23,47,B,C,NYQUIST,AMANI (CHI),MORNING RAIDER (IRE),TAYLOR MADE SALES AGENCY AGENT XXXV,RAUL GONZALEZ RAMIREZ,5000,,01/27/2022,KENTUCKY,12&13&16,,,
Kentucky October Yearlings (2023),2023-10-23,48,B,C,THOUSAND WORDS,AMARIAH GRACE,SKY MESA,PARAMOUNT SALES AGENT VIII,TRAVIS MURPHY,30000,,03/22/2022,IOWA,20,,,
Kentucky October Yearlings (2023),2023-10-23,49,B,C,UNCLE MO,AMERICA,A.P. INDY,STONE FARM AGENT,NOT SOLD,345000,,03/19/2022,KENTUCKY,10,,,
Kentucky October Yearlings (2023),2023-10-23,50,B,F,MACLEAN'S MUSIC,AMERICAN CLEOPATRA,PIONEEROF THE NILE,ST GEORGE SALES AGENT FOR BERYL N. STOKES JR. FAMILY TRUST,NAROLA LLC,30000,,04/12/2022,KENTUCKY,10,,,
Kentucky October Yearlings (2023),2023-10-23,51,CH,C,JUSTIFY,AMERICAN WEST,CURLIN,CLAIBORNE FARM AGENT,OUT,0,,05/03/2022,KENTUCKY,8,,,
Kentucky October Yearlings (2023),2023-10-23,52,B,F,HONOR A. P.,AMERICA'S FRIEND,UNUSUAL HEAT,HILL 'N' DALE AT XALAPA AGENT,SHELLEY BROWN,8000,,03/16/2022,KENTUCKY,4,,,
Kentucky October Yearlings (2023),2023-10-23,53,B,F,KLIMT,ANABRANCH,CONGAREE,MULHOLLAND SPRINGS AGENT,NICK J HINES AGENT,14000,,01/23/2022,KENTUCKY,14,,,
Kentucky October Yearlings (2023),2023-10-23,54,B,F,THOUSAND WORDS,ANDAPINKCARNATION,UNCLE MO,SCOTT MALLORY AGENT I,ANTHONY GRANITZ,21000,,03/18/2022,INDIANA,12,,,
Kentucky October Yearlings (2023),2023-10-23,55,B,F,GOLDENCENTS,ANDREA'S PRIDE,GIO PONTI,STRAIGHT LINE EQUINE SALES AGENT,SHELLEY BROWN,2000,,03/21/2022,KENTUCKY,20,,,
Kentucky October Yearlings (2023),2023-10-23,56,DKB,F,GOOD SAMARITAN,ANDRI,A. P. WARRIOR,GAINESWAY AGENT XIX,JAMES BUTCHER,5000,,04/01/2022,KENTUCKY,5&6,,,
Kentucky October Yearlings (2023),2023-10-23,57,B,F,DANISH DYNAFORMER,ANGEL,DISTORTED HUMOR,PARAMOUNT SALES AGENT XXIII,LAUREN CARLISLE AGENT,1600,,04/27/2022,ONTARIO,20,,,
Kentucky October Yearlings (2023),2023-10-23,58,GRR,F,IRONICUS,ANGEL GOODMORNING,MORNING LINE,POPE MCLEAN (CRESTWOOD FARM) AGENT FOR ALANDALE STABLE,JOE DAVIS,10000,,03/30/2022,KENTUCKY,20,,,
Kentucky October Yearlings (2023),2023-10-23,59,DKB,C,TOM'S D'ETAT,ANGELS N HEAVEN,BELLAMY ROAD,VINERY SALES AGENT XV,NOT SOLD,30000,,04/13/2022,NEW YORK,21&22,,,
Kentucky October Yearlings (2023),2023-10-23,60,DKB,F,DIALED IN,ANNIVERSARY KITTY,TRIBAL RULE,BUCKLAND SALES (ZACH MADDEN) AGENT XII,ALLAN MCCAMON/SIX K'S AGENT,40000,,03/08/2022,KENTUCKY,20,,,
Kentucky October Yearlings (2023),2023-10-23,61,DKB,C,BERNARDINI,ANTIANARA,MEDAGLIA D'ORO,EATON SALES AGENT,CF BLOODSTOCK,30000,,02/08/2022,KENTUCKY,7,,,
Kentucky October Yearlings (2023),2023-10-23,62,DKB,F,QUALITY ROAD,ANUKIS,PIONEEROF THE NILE,LANE'S END AGENT,OUT,0,,02/27/2022,KENTUCKY,1&2,,,
Kentucky October Yearlings (2023),2023-10-23,63,B,F,AUTHENTIC,ANYHOW,TIZNOW,BROOKDALE SALES AGENT FOR JACK SWAIN,NOT SOLD,115000,,03/07/2022,KENTUCKY,18,,,
Kentucky October Yearlings (2023),2023-10-23,64,CH,F,OMAHA BEACH,ANY KIND,PIONEEROF THE NILE,BUCKLAND SALES (ZACH MADDEN) AGENT XXXVII,NOT SOLD,39000,,03/20/2022,ONTARIO,20,,,
Kentucky October Yearlings (2023),2023-10-23,65,B,C,CROSS TRAFFIC,ANYTHINGICANDOFORU,TEMPLE CITY,EATON SALES AGENT,STUD LA ALIANZA,12000,,02/19/2022,MARYLAND,7,,,
Kentucky October Yearlings (2023),2023-10-23,66,B,F,MITOLE,A. P. DOUBLE CAT,A.P. INDY,VINERY SALES AGENT II,NOT SOLD,15000,,04/15/2022,KENTUCKY,21&22,,,
Kentucky October Yearlings (2023),2023-10-23,67,B,C,OMAHA BEACH,A P MINK,A.P. INDY,HUNTER VALLEY FARM AGENT,EXLINE BORDER RACING,200000,,02/28/2022,KENTUCKY,9,,,
Kentucky October Yearlings (2023),2023-10-23,68,DKB,C,NOT THIS TIME,APPLAUDING,CONGRATS,HUNTER VALLEY FARM AGENT,TOM MCCROCKLIN AGENT,220000,,02/24/2022,KENTUCKY,9,,,
Kentucky October Yearlings (2023),2023-10-23,69,B,F,FLAMEAWAY,A PRETTY HANSEN,HANSEN,BLUEWATER SALES LLC AGENT XI,NOT SOLD,27000,,02/20/2022,KENTUCKY,8,,,
Kentucky October Yearlings (2023),2023-10-23,70,B,C,WAR OF WILL,AQUA REGIA,POLLARD'S VISION,KNOCKGRIFFIN FARM AGENT,CHRISTIAN CRUZ,20000,,04/20/2022,VIRGINIA,14,,,
Kentucky October Yearlings (2023),2023-10-23,71,DKB,C,TAPWRIT,ARCH ALMIGHTY,ARCH,BLUEWATER SALES LLC AGENT XIII,NOT SOLD,9000,,03/05/2022,KENTUCKY,8,,,
Kentucky October Yearlings (2023),2023-10-23,72,B,F,KLIMT,ARCHERS POST,SMART STRIKE,GAINESWAY AGENT XXII,CAM ZIPRICK & JARED BROWN,1000,,02/24/2022,KENTUCKY,5&6,,,
Kentucky October Yearlings (2023),2023-10-23,73,DKB,F,OMAHA BEACH,ARCH OF TROY,ARCHARCHARCH,ENDEAVOR FARM AGENT,CAM ZIPRICK & JARED BROWN,7000,,03/08/2022,KENTUCKY,19,,,
Kentucky October Yearlings (2023),2023-10-23,74,B,F,THE FACTOR,ARCINA,ARCH,WARRENDALE SALES AGENT XIII,JASON RICHEY,15000,,04/15/2022,KENTUCKY,21,,,
Kentucky October Yearlings (2023),2023-10-23,75,CH,C,FREE DROP BILLY,AREDHEL,ARAGORN (IRE),BLUEWATER SALES LLC AGENT II,NOT SOLD,9000,,04/18/2022,KENTUCKY,8,,,
Kentucky October Yearlings (2023),2023-10-23,76,B,F,DAAHER,ARE U READY YET,TANNERSMYMAN,LEGACY BLOODSTOCK AGENT XXVII,MIGUEL SILVA,2000,,03/24/2022,INDIANA,22,,,
Kentucky October Yearlings (2023),2023-10-23,77,B,F,STREET SENSE,AREYOUCOMINGHERE,BERNARDINI,PARAMOUNT SALES AGENT XIII,OUT,0,,02/25/2022,KENTUCKY,20,,,
Kentucky October Yearlings (2023),2023-10-23,78,CH,C,CATALINA CRUISER,ARISTRA,AFLEET ALEX,SEQUEL NEW YORK AGENT I,CARLOS MORALES AGENT FOR   LARRY MEJIAS,20000,,03/20/2022,NEW YORK,4,,,
Kentucky October Yearlings (2023),2023-10-23,79,B,C,INTO MISCHIEF,ARRIFANA,CURLIN,GAINESWAY AGENT X,OUT,0,,03/03/2022,KENTUCKY,5&6,,,
Kentucky October Yearlings (2023),2023-10-23,80,CH,C,VINO ROSSO,ARTEMUS KITTEN,KITTEN'S JOY,TAYLOR MADE SALES AGENCY AGENT XLV,KADEN CLARY,50000,,02/20/2022,KENTUCKY,12&13&16,,,
Kentucky October Yearlings (2023),2023-10-23,81,B,C,BRODY'S CAUSE,ARTISTIC CHARM (GB),DUTCH ART (GB),LEGACY BLOODSTOCK AGENT XXVII,OUT,0,,04/20/2022,INDIANA,22,,,
Kentucky October Yearlings (2023),2023-10-23,82,B,C,BERNARDINI,ARTISTIC LIFE,DISTORTED HUMOR,DENALI STUD AGENT VIII,KNOCKOUT THOROUGHBREDS,18000,,04/24/2022,KENTUCKY,1&2,,,
Kentucky October Yearlings (2023),2023-10-23,83,GRR,F,TAPWRIT,ARTISTIC QUALITY,LEMON DROP KID,VINERY SALES AGENT X,CHRIS MELTON,3000,,02/26/2022,KENTUCKY,21&22,,,
Kentucky October Yearlings (2023),2023-10-23,84,DKB,C,WORLD OF TROUBLE,ARTY'S SECRET,SECRET CIRCLE,BEAU LANE BLOODSTOCK AGENT FOR BEAU LANE,NOT SOLD,3000,,03/22/2022,KENTUCKY,23,,,
Kentucky October Yearlings (2023),2023-10-23,85,B,C,COMPLEXITY,ASEELAH,CANDY RIDE (ARG),HUNTER VALLEY FARM AGENT,LEGION BLOODSTOCK AGENT,60000,,01/31/2022,KENTUCKY,9,,,
Kentucky October Yearlings (2023),2023-10-23,86,CH,C,JUSTIFY,ASHLEE'S LADY,GILDED TIME,PARAMOUNT SALES AGENT XXI,RSB STABLE,150000,,03/10/2022,FLORIDA,20,,,
Kentucky October Yearlings (2023),2023-10-23,87,DKB,F,HONEST MISCHIEF,ASSAULT AND PEPPER,VIOLENCE,JONATHAN W. MEREDITH AGENT,G J RACING,3000,,01/22/2022,NEW YORK,13,,,
Kentucky October Yearlings (2023),2023-10-23,88,B,F,CATHOLIC BOY,ASTORIA KITTEN,KITTEN'S JOY,RUNNYMEDE FARM LLC AGENT,DUBB/ELKSTONE/FARR,50000,,01/24/2022,KENTUCKY,1,,,
Kentucky October Yearlings (2023),2023-10-23,89,DKB,C,NOT THIS TIME,ATHENA'S AEGIS (IRE),ACCLAMATION (GB),WARRENDALE SALES AGENT XX,NOT SOLD,97000,,05/08/2022,KENTUCKY,21,,,
Kentucky October Yearlings (2023),2023-10-23,90,DKB,F,CLOUD COMPUTING,ATLANTIC ZIP,STORMY ATLANTIC,DANIEL & PATRICIA YATES,CARAWAY RACING LLC,14000,,04/07/2022,OHIO,21,,,
Kentucky October Yearlings (2023),2023-10-23,91,CH,C,VOLATILE,ATTEMPT TO NAME,CONSOLIDATOR,WYNNSTAY SALES AGENT,MATHEW ROBERT,160000,,04/17/2022,KENTUCKY,12,,,
Kentucky October Yearlings (2023),2023-10-23,92,DKB,F,GIRVIN,AUNT TINSEY,UNCLE MO,SUMMERFIELD (FRANCIS & BARBARA VANLANGENDONCK) AGENT,DJ STABLE,50000,,02/20/2022,FLORIDA,3,,,
Kentucky October Yearlings (2023),2023-10-23,93,B,C,COMPLEXITY,AUSPICIOUSLY,MALIBU MOON,HIGHGATE SALES AGENT FOR HREH ET AL RAISED AT SPRINGHILL EQUINE,BULLITT BLOODSTOCK,62000,,03/11/2022,KENTUCKY,15,,,
Kentucky October Yearlings (2023),2023-10-23,94,DKB,F,CONSTITUTION,AUTONOMIC,HARD SPUN,MILL RIDGE SALES AGENT X,NOT SOLD,70000,,02/05/2022,KENTUCKY,11,,,
Kentucky October Yearlings (2023),2023-10-23,95,B,C,LOOKIN AT LUCKY,AVIDDIVA,WILKO,DIXIANA FARMS LLC AGENT,ROBERT WEBB,8000,,04/17/2022,KENTUCKY,17,,,
Kentucky October Yearlings (2023),2023-10-23,96,B,C,INSTAGRAND,AVIE'S TALE,TALE OF THE CAT,BUCKLAND SALES (ZACH MADDEN) AGENT X,S.R.O.A (K.O.I.D.),12000,,05/05/2022,KENTUCKY,20,,,
Kentucky October Yearlings (2023),2023-10-23,97,DKB,F,SHANCELOT,AVOREE NOEL,LION TAMER,BUCKLAND SALES (ZACH MADDEN) AGENT II,NOT SOLD,13000,,03/14/2022,KENTUCKY,20,,,
Kentucky October Yearlings (2023),2023-10-23,98,CH,F,TOM'S D'ETAT,AWESOME ELVERA,AWESOME AGAIN,LEGACY BLOODSTOCK AGENT XXII,FRANCISCO LOZA CANO,1000,,04/03/2022,KENTUCKY,22,,,
Kentucky October Yearlings (2023),2023-10-23,99,DKB,F,MACLEAN'S MUSIC,AWESOME FIGURE,PAYNTER,MULHOLLAND FARM,GORTROE EQUINE,45000,,03/26/2022,KENTUCKY,23,,,
Kentucky October Yearlings (2023),2023-10-23,100,CH,F,COLLECTED,AWESOME MARY,AWESOME AGAIN,BEAU LANE BLOODSTOCK AGENT FOR BEAU LANE,NOT SOLD,19000,,04/29/2022,KENTUCKY,23,,,
Kentucky October Yearlings (2023),2023-10-23,101,CH,C,AUTHENTIC,AWESOME PRAYER,AWESOME AGAIN,STUART MORRIS AGENT IV,OUT,0,,03/27/2022,NEW YORK,23,,,
Kentucky October Yearlings (2023),2023-10-23,102,DKB,F,PASS RUSH,AWESOME PRINCESS,AWESOME AGAIN,HERMITAGE FARM AGENT,NOT SOLD,1000,,04/03/2022,INDIANA,20,,,
Kentucky October Yearlings (2023),2023-10-23,103,B,C,SKY MESA,AWESOMETASTIC,HARLAN'S HOLIDAY,EATON SALES AGENT,S.R.O.A (K.O.I.D.),24000,,04/22/2022,KENTUCKY,7,,,
Kentucky October Yearlings (2023),2023-10-23,104,GRR,C,MOHAYMEN,AZAAHEER,UNION RAGS,NICKY DRION THOROUGHBREDS AGENT I,ALK STABLES,7000,,02/21/2022,KENTUCKY,23,,,
Kentucky October Yearlings (2023),2023-10-23,105,B,C,PRACTICAL JOKE,BABY ECLAIR,MEDAGLIA D'ORO,FOUNDATIONS FARM,NOT SOLD,25000,,02/03/2022,ONTARIO,19,,,
Kentucky October Yearlings (2023),2023-10-23,106,CH,C,IMPROBABLE,BACHATA,KINGMAMBO,PARAMOUNT SALES AGENT XLIII,KENNETH MCPEEK AGENT,100000,,03/23/2022,KENTUCKY,20,,,
Kentucky October Yearlings (2023),2023-10-23,107,DKB,C,VEKOMA,BAGH OF JEWELZ,A.P. INDY,BROOKDALE SALES AGENT,DJ STABLE,30000,,02/10/2022,KENTUCKY,18,,,
Kentucky October Yearlings (2023),2023-10-23,108,B,C,UNIFIED,BALBINA,LEMON DROP KID,DOUBLE R CONSIGNMENT,NOT SOLD,9500,,03/16/2022,KENTUCKY,22,,,
Kentucky October Yearlings (2023),2023-10-23,109,B,F,PRACTICAL JOKE,BALLETTE (IRE),GIANT'S CAUSEWAY,EATON SALES AGENT,HARLEY BLOODSTOCK,60000,Y,05/14/2022,KENTUCKY,7,,,
Kentucky October Yearlings (2023),2023-10-23,110,B,C,TWIRLING CANDY,BAMA MO,UNCLE MO,LANE'S END AGENT FOR COTEAU GROVE FARMS,NOT SOLD,85000,,06/03/2022,LOUISIANA,1&2,,,
Kentucky October Yearlings (2023),2023-10-23,111,B,C,FOG OF WAR,BAMBOISELLE (IRE),MUHTATHIR (GB),CLAIBORNE FARM AGENT,OUT,0,,04/13/2022,NEW YORK,8,,,
Kentucky October Yearlings (2023),2023-10-23,112,DKB,C,UNIFIED,BAMBOLA DI PEZZA,EMPIRE MAKER,BLACKBURN FARM AGENT,NOT SOLD,8000,,05/07/2022,KENTUCKY,22,,,
Kentucky October Yearlings (2023),2023-10-23,113,CH,C,KITTEN'S JOY,BAMBOLINA,WAR CHANT,BLAKE-ALBINA THOROUGHBRED SERVICES LLC AGENT I,PEG INVESTMENTS,40000,,05/04/2022,KENTUCKY,11,,,
Kentucky October Yearlings (2023),2023-10-23,114,DKB,C,MIDNIGHT STORM,BAND OF AMBER,GHOSTZAPPER,TAYLOR MADE SALES AGENCY AGENT XXIV,S.R.O.A (K.O.I.D.),16000,,02/22/2022,INDIANA,12&13&16,,,
Kentucky October Yearlings (2023),2023-10-23,115,B,F,MACLEAN'S MUSIC,BANGA RIDGE,SNOW RIDGE,CARA BLOODSTOCK (BERNARD MCCORMACK) AGENT II,OUT,0,,03/16/2022,ONTARIO,10,,,
Kentucky October Yearlings (2023),2023-10-23,116,DKB,F,WEST COAST,BARBADOLLA,STREET SENSE,VINERY SALES AGENT XL,OUT,0,,01/13/2022,KENTUCKY,21&22,,,
Kentucky October Yearlings (2023),2023-10-23,117,GRR,F,LIAM'S MAP,BASAATA,DIXIELAND BAND,SHAWHAN PLACE LLC AGENT IV,MWG LLC,85000,,03/20/2022,KENTUCKY,23,,,
Kentucky October Yearlings (2023),2023-10-23,118,B,C,BOLT D'ORO,BAY FINN,HARLAN'S HOLIDAY,WARRENDALE SALES AGENT XVI,NOT SOLD,85000,,05/10/2022,NEW YORK,21,,,
Kentucky October Yearlings (2023),2023-10-23,119,B,F,GOOD MAGIC,BEACH WALTZ,TREASURE BEACH (GB),PARAMOUNT SALES AGENT XXVII,OUT,0,,03/08/2022,KENTUCKY,20,,,
Kentucky October Yearlings (2023),2023-10-23,120,B,F,PRESERVATIONIST,BEAR IT,MAJESTICPERFECTION,AIRDRIE STUD RAISED & OFFERED,FRANCISCO LOZA CANO,1000,,04/13/2022,KENTUCKY,3,,,
Kentucky October Yearlings (2023),2023-10-23,121,B,F,HIGHER POWER,BEAR ON THE RUN,EMPIRE MAKER,LEGACY BLOODSTOCK AGENT II,JOHN SERVIS AGENT,15000,,04/10/2022,KENTUCKY,22,,,
Kentucky October Yearlings (2023),2023-10-23,122,B,C,BOLT D'ORO,BEAUTIFUL BECCA,ELUSIVE QUALITY,TAYLOR MADE SALES AGENCY AGENT LXI,OUT,0,,04/27/2022,KENTUCKY,12&13&16,,,
Kentucky October Yearlings (2023),2023-10-23,123,CH,F,FLAMEAWAY,BEAUTIFUL MEMORIES,HARD SPUN,DARBY DAN FARM AGENT I,KINDRED THOROUGHBREDS LLC,15000,,04/26/2022,KENTUCKY,17,,,
Kentucky October Yearlings (2023),2023-10-23,124,DKB,F,SEEKING THE SOUL,BEAUTIFUL TALE,TALE OF THE CAT,HUNTER VALLEY FARM AGENT,NOT SOLD,1500,,05/09/2022,FLORIDA,9,,,
Kentucky October Yearlings (2023),2023-10-23,125,CH,F,CINCO CHARLIE,BEAUTIFUL WIFE,TO HONOR AND SERVE,PARAMOUNT SALES AGENT II,PAUL MAGEE,5000,,02/11/2022,OHIO,20,,,
Kentucky October Yearlings (2023),2023-10-23,126,B,C,MIDNIGHT LUTE,BEAUTY N BALANCE,LOOKIN AT LUCKY,HILL 'N' DALE AT XALAPA AGENT,JOSE MUNOZ,20000,,04/25/2022,KENTUCKY,4,,,
Kentucky October Yearlings (2023),2023-10-23,127,CH,F,FLAMEAWAY,BEAUTY STAR,SKY MESA,DARBY DAN FARM AGENT I,GRASSROOTS TRN & SALES LLC,15000,,05/08/2022,KENTUCKY,17,,,
Kentucky October Yearlings (2023),2023-10-23,128,B,C,OUTWORK,BEBINN,BERNARDINI,MULHOLLAND FARM,SULIMAN BLOODSTOCK,15000,,03/03/2022,KENTUCKY,23,,,
Kentucky October Yearlings (2023),2023-10-23,129,B,C,TIZ THE LAW,BEHIND THE LINES,MUNNINGS,MIKELLE FARM AGENT,NOT SOLD,24000,,02/11/2022,KENTUCKY,23,,,
Kentucky October Yearlings (2023),2023-10-23,130,DKB,C,VINO ROSSO,BELIEVE AGAIN,AWESOME AGAIN,MIKELLE FARM AGENT,NICK ESLER AGENT,32000,,05/13/2022,KENTUCKY,23,,,
Kentucky October Yearlings (2023),2023-10-23,131,DKB,F,CLOUD COMPUTING,BELLA CARDONA,BERTRANDO,TRACKSIDE FARM (TOM EVANS) AGENT III,JAMES BUTCHER,2000,,04/30/2022,KENTUCKY,21,,,
Kentucky October Yearlings (2023),2023-10-23,132,B,C,YOSHIDA (JPN),BELLADONNIA,BAYERN,GREENFIELD FARMS AGENT I,FRANCISCO LOZA CANO,1000,,05/06/2022,NEW YORK,18,,,
Kentucky October Yearlings (2023),2023-10-23,133,B,C,BOLT D'ORO,BELLAZZERIA,HENNY HUGHES,FOUR STAR SALES AGENT,OUT,0,,04/03/2022,KENTUCKY,17&18,,,
Kentucky October Yearlings (2023),2023-10-23,134,B,C,MCKINZIE,BELLE'S FINALE,GHOSTZAPPER,TAYLOR MADE SALES AGENCY AGENT LXXXI,WYCOMBE HOUSE STUD,200000,,04/22/2022,KENTUCKY,12&13&16,,,
Kentucky October Yearlings (2023),2023-10-23,135,B,C,WAR OF WILL,BELLEZZA ROSSO,TAPIT,WARRENDALE SALES AGENT V,E G R,80000,,05/04/2022,KENTUCKY,21,,,
Kentucky October Yearlings (2023),2023-10-23,136,DKB,C,LAOBAN,BELLUCCI,AMERICAN PHAROAH,WARRENDALE SALES AGENT XII,OUT,0,,03/04/2022,KENTUCKY,21,,,
Kentucky October Yearlings (2023),2023-10-23,137,DKB,C,GLOBAL CAMPAIGN,BEMUS POINT,BERNARDINI,STRAIGHT LINE EQUINE SALES AGENT,S.R.O.A (K.O.I.D.),27000,,04/27/2022,KENTUCKY,20,,,
Kentucky October Yearlings (2023),2023-10-23,138,B,F,OUTWORK,BERTIE'S IMAGE,READY'S IMAGE,BRANDYWINE FARM (JIM & PAM ROBINSON),NOT SOLD,14000,,04/23/2022,KENTUCKY,15,,,
Kentucky October Yearlings (2023),2023-10-23,139,B,C,WAR OF WILL,BERT'S ALTARCATION,BERTRANDO,LANE'S END AGENT,JOHN FOX,14000,,04/22/2022,KENTUCKY,1&2,,,
Kentucky October Yearlings (2023),2023-10-23,140,CH,F,AUDIBLE,BE SMART,SMARTY JONES,ST GEORGE SALES AGENT XX,RICHARD PERKINS,27000,,03/07/2022,KENTUCKY,10,,,
Kentucky October Yearlings (2023),2023-10-23,141,DKB,F,VINO ROSSO,BEST PRESENT EVER,UNUSUAL HEAT,GAINESWAY AGENT XI,FRANCISCO LOZA CANO,1000,,03/31/2022,KENTUCKY,5&6,,,
Kentucky October Yearlings (2023),2023-10-23,142,B,F,GOOD SAMARITAN,BETTER AGAIN,THUNDER GULCH,BRANDYWINE FARM (JIM & PAM ROBINSON),NOT SOLD,22000,,02/27/2022,KENTUCKY,15,,,
Kentucky October Yearlings (2023),2023-10-23,143,B,F,GLOBAL CAMPAIGN,BID IT UP,STORMY ATLANTIC,FOUR STAR SALES AGENT,CHRIS MELTON,10000,,04/28/2022,KENTUCKY,17&18,,,
Kentucky October Yearlings (2023),2023-10-23,144,DKB,F,TOM'S D'ETAT,BID N ASK,MUNNINGS,VINERY SALES AGENT XXXI,CHERRY RUN FARM,2000,,04/04/2022,KENTUCKY,21&22,,,
Kentucky October Yearlings (2023),2023-10-23,145,B,F,NYQUIST,BIG BIRTHDAY,MINESHAFT,LANE'S END AGENT,SAM AGUIAR,10000,,04/30/2022,KENTUCKY,1&2,,,
Kentucky October Yearlings (2023),2023-10-23,146,CH,C,JUSTIFY,BIG MEESH (IRE),HIGH CHAPARRAL (IRE),BALLYSAX BLOODSTOCK AGENT FOR GRANTLEY ACRES,NOT SOLD,255000,,05/09/2022,KENTUCKY,22,,,
Kentucky October Yearlings (2023),2023-10-23,147,DKB,C,ARMY MULE,BIG ROSE,PIONEEROF THE NILE,MACHMER HALL SALES AGENT FOR MACHMER HALL ET AL III,BLUE CORNER,50000,,03/06/2022,KENTUCKY,5&6,,,
Kentucky October Yearlings (2023),2023-10-23,148,B,F,BAYERN,BIG TIME GIRL,REFORMER RALLY,HUNTER VALLEY FARM AGENT,K.O.I.D.,14000,,04/16/2022,KENTUCKY,9,,,
Kentucky October Yearlings (2023),2023-10-23,149,CH,C,VOLATILE,BIRKIN BAG (BRZ),ELUSIVE QUALITY,TAYLOR MADE SALES AGENCY AGENT LI,OUT,0,,03/12/2022,KENTUCKY,12&13&16,,,
Kentucky October Yearlings (2023),2023-10-23,150,DKB,C,MORE THAN READY,BITACORA,DOMINUS,STUART MORRIS AGENT FOR HIGHCLERE,NOT SOLD,105000,,01/21/2022,NEW YORK,23,,,
Kentucky October Yearlings (2023),2023-10-23,151,CH,C,GOOD SAMARITAN,BIT OF JOY,KITTEN'S JOY,WESTBROOK STABLES LLC,NOT SOLD,6000,,03/02/2022,KENTUCKY,19,,,
Kentucky October Yearlings (2023),2023-10-23,152,B,C,CENTRAL BANKER,BITTER GOLD,MIDAS EYES,HUNTER VALLEY FARM AGENT,G J RACING,1000,,04/22/2022,NEW YORK,9,,,
Kentucky October Yearlings (2023),2023-10-23,153,DKB,F,GAME WINNER,BLACK CORONAS,CURLIN,FOUR STAR SALES AGENT,NOT SOLD,48000,,03/28/2022,KENTUCKY,17&18,,,
Kentucky October Yearlings (2023),2023-10-23,154,CH,F,ANCHOR DOWN,BLAZING BELLA,YONAGUSKA,BLUEWATER SALES LLC AGENT VIII,JAMES ALESSI,1000,,04/04/2022,KENTUCKY,8,,,
Kentucky October Yearlings (2023),2023-10-23,155,DKB,F,OMAHA BEACH,BLENHEIM PALACE,MEDAGLIA D'ORO,INDIAN CREEK AGENT,KINDRED STABLES INC,240000,,04/26/2022,KENTUCKY,2,,,
Kentucky October Yearlings (2023),2023-10-23,156,B,C,DISTORTED HUMOR,BLESSINGS FIRST,PIONEEROF THE NILE,BURLESON FARMS AGENT,OUT,0,,04/13/2022,KENTUCKY,23,,,
Kentucky October Yearlings (2023),2023-10-23,157,B,F,GUN RUNNER,BLING ON THE MUSIC,TOO MUCH BLING,TAYLOR MADE SALES AGENCY AGENT XXXV,NOT SOLD,390000,,01/23/2022,KENTUCKY,12&13&16,,,
Kentucky October Yearlings (2023),2023-10-23,158,DKB,C,OUTWORK,BLIP SAYS BYE,FED BIZ,BEAU LANE BLOODSTOCK AGENT FOR BEAU LANE,DARRS INC,7000,,04/11/2022,KENTUCKY,23,,,
Kentucky October Yearlings (2023),2023-10-23,159,B,C,VIOLENCE,BLOCK,DYNAFORMER,LEGACY BLOODSTOCK AGENT XXXII,CARABAJI RACING,62000,,03/14/2022,KENTUCKY,22,,,
Kentucky October Yearlings (2023),2023-10-23,160,B,F,AUTHENTIC,BLUE,PIONEEROF THE NILE,FOUR STAR SALES AGENT FOR WESTBURY STABLES,NOT SOLD,120000,,03/02/2022,FLORIDA,17&18,,,
Kentucky October Yearlings (2023),2023-10-23,161,CH,F,CONSTITUTION,BLUEJEANS,GHOSTZAPPER,MULHOLLAND SPRINGS AGENT III,OUT,0,,03/22/2022,KENTUCKY,14,,,
Kentucky October Yearlings (2023),2023-10-23,162,CH,F,FLAMEAWAY,BLUE SAMURAI,ORIENTATE,WYNNSTAY SALES AGENT I,MIKE G RUTHERFORD,40000,,03/21/2022,KENTUCKY,12,,,
Kentucky October Yearlings (2023),2023-10-23,163,B,F,GET STORMY,BODEGA KAT,CITY ZIP,BLANDFORD STUD (PADRAIG CAMPION) AGENT,NOT SOLD,14000,,03/18/2022,NEW YORK,21,,,
Kentucky October Yearlings (2023),2023-10-23,164,DKB,F,DAREDEVIL,BODE'S PRINCESS,BODEMEISTER,DENALI STUD AGENT FOR BRIDLEWOOD FARM,OUT,0,,04/04/2022,FLORIDA,1&2,,,
Kentucky October Yearlings (2023),2023-10-23,165,CH,C,LORD NELSON,BONJOUR BELLE,ELUSIVE QUALITY,BALLYSAX BLOODSTOCK AGENT VI,K.O.I.D.,28000,,03/15/2022,KENTUCKY,22,,,
Kentucky October Yearlings (2023),2023-10-23,166,B,C,MIDSHIPMAN,BONNIE ROSE,HANSEL,WARRENDALE SALES AGENT FOR LAZY LANE FARM,CHAD SCHUMER AGENT,25000,,04/14/2022,VIRGINIA,21,,,
Kentucky October Yearlings (2023),2023-10-23,167,B,C,VIOLENCE,BOOM BOOM VROOM,ZENSATIONAL,PREFERRED EQUINE AGENT,LOUIS DUBOIS AGENT,15000,,05/28/2022,NEW YORK,23,,,
Kentucky October Yearlings (2023),2023-10-23,168,DKB,F,FIRST SAMURAI,BOSTON MINE,MINESHAFT,BEAU LANE BLOODSTOCK AGENT FOR BEAU LANE,THOROUGHBRED ACADIANA,5000,,04/11/2022,KENTUCKY,23,,,
Kentucky October Yearlings (2023),2023-10-23,169,DKB,F,THOUSAND WORDS,BOURBON AND A KISS,SKY MESA,VINERY SALES AGENT XVI,MCCUTCHEN TRAINING CENTER,2500,,03/02/2022,KENTUCKY,21&22,,,
Kentucky October Yearlings (2023),2023-10-23,170,B,C,SPUN TO RUN,BOURBON COWGIRL,INTO MISCHIEF,GAINESWAY AGENT XIII,KAT KIRK & WAYNE SANDERS,47000,,02/24/2022,KENTUCKY,5&6,,,
Kentucky October Yearlings (2023),2023-10-23,171,B,C,WORLD OF TROUBLE,BOXFORD BELLE,AFLEET ALEX,SHELTOWEE SALES AGENT,NOT SOLD,28000,,02/01/2022,OHIO,23,,,
Kentucky October Yearlings (2023),2023-10-23,172,B,F,ARMY MULE,B POSITIVE,THEWAYYOUARE,BUCKLAND SALES (ZACH MADDEN) AGENT V,NOT SOLD,24000,,03/24/2022,KENTUCKY,20,,,
Kentucky October Yearlings (2023),2023-10-23,173,DKB,F,UNCLE MO,BRABBLE,BERNARDINI,TAYLOR MADE SALES AGENCY AGENT V,OUT,0,,03/01/2022,KENTUCKY,12&13&16,,,
Kentucky October Yearlings (2023),2023-10-23,174,GRR,F,GIRVIN,BRANDENBURG,DUNKIRK,ST GEORGE SALES AGENT XXIX,D & D SALE,75000,,01/25/2022,FLORIDA,10,,,
Kentucky October Yearlings (2023),2023-10-23,175,DKB,F,TAPITURE,BRASS BONNET,SKY MESA,DENALI STUD AGENT XV,CARLA GULICK,3000,,05/14/2022,INDIANA,1&2,,,
Kentucky October Yearlings (2023),2023-10-23,176,B,F,CONNECT,BREACH OF DUTY,BROKEN VOW,ENDEAVOR FARM AGENT FOR CIRCLE BAR H,NOT SOLD,29000,,02/07/2022,KENTUCKY,19,,,
Kentucky October Yearlings (2023),2023-10-23,177,DKB,C,COUNTRY HOUSE,BRENDA'S GOLD,SCAT DADDY,VINERY SALES AGENT XXII,NOT SOLD,4500,,03/08/2022,INDIANA,21&22,,,
Kentucky October Yearlings (2023),2023-10-23,178,B,C,WAR OF WILL,BRIANNA ROSE,DISTORTED HUMOR,TAYLOR MADE SALES AGENCY AGENT V,OUT,0,,05/03/2022,KENTUCKY,12&13&16,,,
Kentucky October Yearlings (2023),2023-10-23,179,B,C,ALWAYS DREAMING,BRIDGE GAME,GIANT'S CAUSEWAY,PARAMOUNT SALES AGENT XV,ELOY QUINONEZ,7500,,04/30/2022,KENTUCKY,20,,,
Kentucky October Yearlings (2023),2023-10-23,180,DKB,F,CLOUD COMPUTING,BRISCO,THE FACTOR,PETER SHEPPELL THOROUGHBREDS,LAUREN CARLISLE AGENT,10000,,05/04/2022,OHIO,20,,,
Kentucky October Yearlings (2023),2023-10-23,181,DKB,F,INSTAGRAND,BRITTNEY BRAT,PIKEPASS,TAYLOR MADE SALES AGENCY AGENT LXXXV,NOT SOLD,29000,,04/26/2022,KENTUCKY,12&13&16,,,
Kentucky October Yearlings (2023),2023-10-23,182,B,C,MAXIMUM SECURITY,BROADWAY DINER,TAPIZAR,SHAWHAN PLACE LLC AGENT III,S.R.O.A (K.O.I.D.),30000,,03/21/2022,KENTUCKY,23,,,
Kentucky October Yearlings (2023),2023-10-23,183,DKB,F,FLAMEAWAY,BROWN LACE,BIG BROWN,GROVENDALE SALES AGENT IV,NOT SOLD,4000,,04/27/2022,KENTUCKY,17,,,
Kentucky October Yearlings (2023),2023-10-23,184,GRR,F,CARAVAGGIO,BRUSH UP,BROKEN VOW,TAYLOR MADE SALES AGENCY AGENT XXV,NOT SOLD,4000,,03/15/2022,PENNSYLVANIA,12&13&16,,,
Kentucky October Yearlings (2023),2023-10-23,185,DKB,F,COUNTRY HOUSE,BUD'S LITTLE EDGE,VALID EXPECTATIONS,FOUR STAR SALES AGENT,JAMES LAYDEN AGENT,15000,,03/06/2022,INDIANA,17&18,,,
Kentucky October Yearlings (2023),2023-10-23,186,B,F,LAOBAN,BULLISH SENTIMENT,STORMY ATLANTIC,HUNTER VALLEY FARM AGENT FOR MCMAHON OF SARATOGA,JEFFREY ENGLEHART,11000,Y,03/29/2022,NEW YORK,9,,,
Kentucky October Yearlings (2023),2023-10-23,187,GRR,C,VOLATILE,BURNING BROW,WAR FRONT,DENALI STUD AGENT I,OUT,0,,04/01/2022,KENTUCKY,1&2,,,
Kentucky October Yearlings (2023),2023-10-23,188,DKB,C,CAIRO PRINCE,CABARET STARLET,TALE OF THE CAT,HIBISCUS SALES,NOT SOLD,2000,,03/24/2022,NEW YORK,22,,,
Kentucky October Yearlings (2023),2023-10-23,189,B,C,INSTAGRAND,CAFE,MEDAGLIA D'ORO,BRANDYWINE FARM (JIM & PAM ROBINSON),SHIRLEY CAMILLERI,25000,,03/26/2022,KENTUCKY,15,,,
Kentucky October Yearlings (2023),2023-10-23,190,B,C,BAYERN,CAGED MISTRESS,MINISTERS WILD CAT,BALLYSAX BLOODSTOCK AGENT FOR GLOBAL EQUINE PRODUCTIONS,OUT,0,,03/06/2022,KENTUCKY,22,,,
Kentucky October Yearlings (2023),2023-10-23,191,CH,C,FLAMEAWAY,CALENTE (CHI),STRONG MANDATE,VINERY SALES AGENT XLI,FORM INVESTMENTS,60000,,05/10/2022,KENTUCKY,21&22,,,
Kentucky October Yearlings (2023),2023-10-23,192,DKB,F,CARAVAGGIO,CALIDEZ,SPRING AT LAST,HUNTER VALLEY FARM AGENT,NOT SOLD,9000,,05/01/2022,KENTUCKY,9,,,
Kentucky October Yearlings (2023),2023-10-23,193,CH,C,TAPWRIT,CALIFORNIA SPIRIT,TALE OF THE CAT,TAYLOR MADE SALES AGENCY AGENT XXXV,AVK BLOODSTOCK,45000,,03/20/2022,KENTUCKY,12&13&16,,,
Kentucky October Yearlings (2023),2023-10-23,194,B,C,WAR OF WILL,CALLISTA,TAPIT,DENALI STUD AGENT V,GARY BARBER,230000,,05/13/2022,KENTUCKY,1&2,,,
Kentucky October Yearlings (2023),2023-10-23,195,B,F,STREET SENSE,CALLMETHESQUEEZE,AWESOME AGAIN,EATON SALES AGENT,LANE RICHARDSON,50000,,04/18/2022,KENTUCKY,7,,,
Kentucky October Yearlings (2023),2023-10-23,196,CH,F,GIFT BOX,CAMILLE'S STORM,STORMY ATLANTIC,GREENFIELD FARMS AGENT VII,BREANDAN DRAPER AGENT FOR SPAN INVESTMENT,8000,,05/08/2022,KENTUCKY,18,,,
Kentucky October Yearlings (2023),2023-10-23,197,DKB,C,CONNECT,CAMPBELL'S CLASS,ALGORITHMS,HILL 'N' DALE AT XALAPA AGENT,ELOY QUINONEZ,3000,,02/18/2022,KENTUCKY,4,,,
Kentucky October Yearlings (2023),2023-10-23,198,CH,F,MASTERY,CANCEL,BLAME,CLAIBORNE FARM AGENT,FRANCISCO LOZA CANO,1000,,02/04/2022,KENTUCKY,8,,,
Kentucky October Yearlings (2023),2023-10-23,199,B,C,WAR DANCER,CANDELABRA,PURGE,ELITE AGENT,CEDAR MEADOW,1000,,03/05/2022,NEW YORK,7,,,
Kentucky October Yearlings (2023),2023-10-23,200,B,C,AMERICAN PHAROAH,CANDY CAT CAN,LANGFUHR,MULHOLLAND SPRINGS AGENT I,JOSE MUNOZ,13000,,03/14/2022,KENTUCKY,14,,,
Kentucky October Yearlings (2023),2023-10-23,201,GRR,C,LIAM'S MAP,CANDY SIOUX,INDIAN CHARLIE,TRACKSIDE FARM (TOM EVANS) AGENT FOR TOM EVANS & MARJAC FARMS & DR. TED FORREST,PRESTIGE WORLDWIDE,145000,,06/02/2022,KENTUCKY,21,,,
Kentucky October Yearlings (2023),2023-10-23,202,B,F,ECHO TOWN,CANTALOUPE ISLAND,GHOSTZAPPER,GROVENDALE SALES AGENT I,DUBB/ELKSTONE/FARR,60000,,03/04/2022,KENTUCKY,17,,,
Kentucky October Yearlings (2023),2023-10-23,203,B,F,SPEIGHTSTOWN,CAP DE CREUS,TAPIT,GAINESWAY AGENT X,GREGORY MARTIN AGENT,25000,,03/12/2022,KENTUCKY,5&6,,,
Kentucky October Yearlings (2023),2023-10-23,204,DKB,C,MAXIMUS MISCHIEF,CAPE DISCOVERY,CAPE TOWN,BRANDYWINE FARM (JIM & PAM ROBINSON),NOT SOLD,22000,,03/22/2022,KENTUCKY,15,,,
Kentucky October Yearlings (2023),2023-10-23,205,B,C,BRAVAZO,CAPTION,DISTORTED HUMOR,VINERY SALES AGENT XXIX,NOT SOLD,20000,,05/08/2022,KENTUCKY,21&22,,,
Kentucky October Yearlings (2023),2023-10-23,206,DKB,F,CANDY RIDE (ARG),CARADINI,BERNARDINI,WARRENDALE SALES AGENT V,NOT SOLD,122000,,03/13/2022,KENTUCKY,21,,,
Kentucky October Yearlings (2023),2023-10-23,207,CH,C,CONNECT,CAROLINA COTTON,MAJESTICPERFECTION,BROOKDALE SALES AGENT,JOHN BROCKLEBANK AGENT,25000,,02/14/2022,KENTUCKY,18,,,
Kentucky October Yearlings (2023),2023-10-23,208,CH,C,OMAHA BEACH,CARRINGTON EVENT,STREET BOSS,BURLESON FARMS AGENT,JOE DAVIS,5000,,05/02/2022,INDIANA,23,,,
Kentucky October Yearlings (2023),2023-10-23,209,B,C,ENTICED,CASCABELLA,AFLEET ALEX,TAYLOR MADE SALES AGENCY AGENT XV,NOT SOLD,5000,,05/12/2022,KENTUCKY,12&13&16,,,
Kentucky October Yearlings (2023),2023-10-23,210,B,F,TWIRLING CANDY,CASHMERE,COWBOY CAL,GAINESWAY AGENT XXXI,MUSTANG FARM,140000,,02/22/2022,KENTUCKY,5&6,,,
Kentucky October Yearlings (2023),2023-10-23,211,B,C,OMAHA BEACH,CASH OUT,STREET CRY (IRE),LANE'S END AGENT,OUT,0,,01/27/2022,KENTUCKY,1&2,,,
Kentucky October Yearlings (2023),2023-10-23,212,CH,C,WEST COAST,CASTING CALL,BODEMEISTER,CLIFTON FARM LLC,WAKE FOREST STABLE,4000,,02/08/2022,KENTUCKY,9,,,
Kentucky October Yearlings (2023),2023-10-23,213,CH,C,PRESERVATIONIST,CASUAL COCKTAIL,MAGNA GRADUATE,AIRDRIE STUD RAISED & OFFERED,NOT SOLD,35000,,05/15/2022,KENTUCKY,3,,,
Kentucky October Yearlings (2023),2023-10-23,214,B,F,WAR OF WILL,CATCH A THRILL,CITY ZIP,SHELTOWEE SALES AGENT,OUT,0,,05/11/2022,KENTUCKY,23,,,
Kentucky October Yearlings (2023),2023-10-23,215,CH,F,MASTERY,CAT'S HOLIDAY,HARLAN'S HOLIDAY,BROOKDALE SALES AGENT FOR MINEOLA FARM,ITAL-CAL HORSE MANAGEMENT INC,5000,,04/01/2022,KENTUCKY,18,,,
Kentucky October Yearlings (2023),2023-10-23,216,B,C,THOUSAND WORDS,CAT WALK,UNION RAGS,MULHOLLAND FARM,SULIMAN BLOODSTOCK,15000,,05/25/2022,KENTUCKY,23,,,
Kentucky October Yearlings (2023),2023-10-23,217,B,F,MCKINZIE,CAUSEY,GIANT'S CAUSEWAY,MACHMER HALL SALES AGENT FOR ST. SIMON PLACE,LEGION BLOODSTOCK AGENT,60000,,05/19/2022,KENTUCKY,5&6,,,
Kentucky October Yearlings (2023),2023-10-23,218,B,F,MAXIMUS MISCHIEF,CAVALLINA,WILL TAKE CHARGE,MULHOLLAND SPRINGS AGENT VI,FAST HORSES,20000,,01/16/2022,KENTUCKY,14,,,
Kentucky October Yearlings (2023),2023-10-23,219,GRR,F,BERNARDINI,CAYMAN CROC,BOB AND JOHN,PARAMOUNT SALES AGENT XXV,OUT,0,,04/29/2022,KENTUCKY,20,,,
Kentucky October Yearlings (2023),2023-10-23,220,CH,C,GOOD SAMARITAN,CAYUGA'S WATERS,LANGFUHR,HURSTLAND FARM (ALFRED H. NUCKOLS JR.) AGENT II,OUT,0,,04/08/2022,KENTUCKY,8,,,
Kentucky October Yearlings (2023),2023-10-23,221,DKB,G,AFLEET ALEX,C C EINSTEIN,EINSTEIN (BRZ),GROVENDALE SALES AGENT,JOHN BROCKLEBANK AGENT,6000,,03/11/2022,INDIANA,17,,,
Kentucky October Yearlings (2023),2023-10-23,222,B,C,GOOD MAGIC,CEEME RUN WILD,TIZNOW,DENALI STUD AGENT I,C F FARM,100000,,03/31/2022,KENTUCKY,1&2,,,
Kentucky October Yearlings (2023),2023-10-23,223,B,C,LIAM'S MAP,CELTIC HONOR,HONOR CODE,TAYLOR MADE SALES AGENCY AGENT XXXVII,GARY ANDERSON,150000,,02/20/2022,NEW YORK,12&13&16,,,
Kentucky October Yearlings (2023),2023-10-23,224,B,C,SPUN TO RUN,CELTIC TIGRESS,GIANT'S CAUSEWAY,TAYLOR MADE SALES AGENCY AGENT XXXVIII,NOT SOLD,9000,,04/24/2022,KENTUCKY,12&13&16,,,
Kentucky October Yearlings (2023),2023-10-23,225,B,C,ECHO TOWN,CHAMADE,FLATTER,MILESTONE FARM,ITAL-CAL HORSE MANAGEMENT INC,18000,,03/19/2022,KENTUCKY,19,,,
Kentucky October Yearlings (2023),2023-10-23,226,CH,F,AUTHENTIC,CHAMPAGNE HUMOR,DISTORTED HUMOR,GAINESWAY AGENT IV,LYNWOOD STABLES,90000,,02/17/2022,KENTUCKY,5&6,,,
Kentucky October Yearlings (2023),2023-10-23,227,GRR,C,JUSTIFY,CHAMPAGNE ROYALE,FRENCH DEPUTY,WOODS EDGE FARM AGENT,GAVIN O'CONNOR AGENT FOR JOHN STEWART,500000,,05/25/2022,KENTUCKY,3,,,
Kentucky October Yearlings (2023),2023-10-23,228,B,C,KING FOR A DAY,CHAMPAGNE SALUTE,RUNHAPPY,PARAMOUNT SALES AGENT XXII,ROBERT NORMAN,10000,,05/26/2022,NEW YORK,20,,,
Kentucky October Yearlings (2023),2023-10-23,229,GRR,F,MITOLE,CHAMPAGNE SPARKLE,STREET BOSS,BRANDYWINE FARM (JIM & PAM ROBINSON),NOT SOLD,15000,,04/16/2022,KENTUCKY,15,,,
Kentucky October Yearlings (2023),2023-10-23,230,B,F,PERFECT TIMBER,CHAMPAGNE TALE,TALE OF EKATI,FOUR STAR SALES AGENT,LEGION BLOODSTOCK AGENT FOR BARB MINSHALL,10000,,03/14/2022,ONTARIO,17&18,,,
Kentucky October Yearlings (2023),2023-10-23,231,B,F,UNION RAGS,CHANNEL REGATTA,ENGLISH CHANNEL,SHELTOWEE SALES AGENT,NOT SOLD,34000,,02/15/2022,OKLAHOMA,23,,,
Kentucky October Yearlings (2023),2023-10-23,232,B,C,HIGHER POWER,CHANNEL THE GREEN,ENGLISH CHANNEL,VINERY SALES AGENT XXXIII,SHIRLEY CAMILLERI,50000,,03/07/2022,ONTARIO,21&22,,,
Kentucky October Yearlings (2023),2023-10-23,233,DKB,C,LAOBAN,CHAOTIC CAT,TALE OF THE CAT,BLUEWATER SALES LLC AGENT XIII,THOMAS HAUGHEY,150000,,04/16/2022,KENTUCKY,8,,,
Kentucky October Yearlings (2023),2023-10-23,234,B,C,KARAKONTIE (JPN),CHARCUTERIE,SOLDAT,GAINESWAY AGENT XII,NOT SOLD,57000,,03/31/2022,KENTUCKY,5&6,,,
Kentucky October Yearlings (2023),2023-10-23,235,B,F,CANDY RIDE (ARG),CHARGE BACK,TAKE CHARGE INDY,TERRAZAS THOROUGHBREDS AGENT FOR CORSER THOROUGHBREDS LLC,BARRY BERKELHAMMER AGENT,100000,,03/06/2022,KENTUCKY,21,,,
Kentucky October Yearlings (2023),2023-10-23,236,CH,F,VEKOMA,CHARLIES LOVE,INDIAN CHARLIE,GAINESWAY AGENT VI,HECTOR RAMOS,14000,,04/17/2022,KENTUCKY,5&6,,,
Kentucky October Yearlings (2023),2023-10-23,237,CH,C,LIAM'S MAP,CH CH CHERRY BOMB,NOT FOR LOVE,FOUR STAR SALES AGENT,BARRY BERKELHAMMER AGENT,50000,,03/29/2022,KENTUCKY,17&18,,,
Kentucky October Yearlings (2023),2023-10-23,238,B,C,TWIRLING CANDY,CHEERS TO THAT,SPEIGHTSTOWN,CLAIBORNE FARM AGENT,CHAMPION RACING STABLE,10000,,02/07/2022,KENTUCKY,8,,,
Kentucky October Yearlings (2023),2023-10-23,239,DKB,F,INSTAGRAND,CHEESECAKE,DYNAFORMER,SCOTT MALLORY AGENT,NOT SOLD,9000,,03/23/2022,KENTUCKY,12,,,
Kentucky October Yearlings (2023),2023-10-23,240,B,C,LAOBAN,CHEROKEE JEWEL,CHEROKEE RUN,TAYLOR MADE SALES AGENCY AGENT FOR WINSTAR FARM BRED & RAISED,OUT,0,,05/02/2022,KENTUCKY,12&13&16,,,
Kentucky October Yearlings (2023),2023-10-23,241,B,F,BOLT D'ORO,CHERRY POINT,POINT GIVEN,SHELTOWEE SALES AGENT,ALL IN INVESTORS LLC,27000,,05/05/2022,KENTUCKY,23,,,
Kentucky October Yearlings (2023),2023-10-23,242,DKB,F,MACLEAN'S MUSIC,CHEVAL BLANCHE,STAY THIRSTY,BROOKDALE SALES AGENT,NOT SOLD,170000,,05/03/2022,KENTUCKY,18,,,
Kentucky October Yearlings (2023),2023-10-23,243,DKB,C,MCKINZIE,CHIC,ORB,MACHMER HALL SALES AGENT FOR MACHMER HALL I,KADEN CLARY,125000,,05/15/2022,KENTUCKY,5&6,,,
Kentucky October Yearlings (2023),2023-10-23,244,CH,F,HARD SPUN,CHIFA,ORIENTATE,TAYLOR MADE SALES AGENCY AGENT LXXII,JAMES LAYDEN AGENT,22000,,02/18/2022,KENTUCKY,12&13&16,,,
Kentucky October Yearlings (2023),2023-10-23,245,GRR,C,LIAM'S MAP,CHILLY START,JUMP START,VINERY SALES AGENT XLV,CASH IS KING LLC,65000,,04/26/2022,PENNSYLVANIA,21&22,,,
Kentucky October Yearlings (2023),2023-10-23,246,CH,F,THOUSAND WORDS,CHIQUIEM,ROCK HARD TEN,GROVENDALE SALES AGENT IV,NOT SOLD,2000,,04/22/2022,KENTUCKY,17,,,
Kentucky October Yearlings (2023),2023-10-23,247,CH,F,VIOLENCE,CHOCOLATE SOUFFLE,TAPIT,THOROSTOCK LLC AGENT,OUT,0,,04/13/2022,KENTUCKY,5,,,
Kentucky October Yearlings (2023),2023-10-23,248,B,C,INSTAGRAND,CHOCOLATE SWIRL,TWIRLING CANDY,PARAMOUNT SALES AGENT XXV,KADEN CLARY,10000,,04/03/2022,KENTUCKY,20,,,
Kentucky October Yearlings (2023),2023-10-23,249,DKB,F,MITOLE,CHOICE PLAY,VINDICATION,FOUR STAR SALES AGENT,OUT,0,,04/01/2022,NEW YORK,17&18,,,
Kentucky October Yearlings (2023),2023-10-23,250,GRR,C,CANDY RIDE (ARG),CIAO BELLA,GIANT'S CAUSEWAY,SUMMERFIELD (FRANCIS & BARBARA VANLANGENDONCK) AGENT,T R FARMS,30000,,01/29/2022,KENTUCKY,3,,,
Kentucky October Yearlings (2023),2023-10-23,251,B,C,SHANCELOT,CICADA'S SONG,TWIRLING CANDY,PREFERRED EQUINE AGENT,JOSE MUNOZ,17000,,03/22/2022,KENTUCKY,23,,,
Kentucky October Yearlings (2023),2023-10-23,252,DKB,F,CENTRAL BANKER,CIMBRIA,WAR FRONT,ELITE AGENT,CASH IS KING LLC,42000,,04/19/2022,NEW YORK,7,,,
Kentucky October Yearlings (2023),2023-10-23,253,DKB,F,BRODY'S CAUSE,CINCO ZIPPY,CITY ZIP,KEITH LANCASTER AGENT I,JOSE M GALLEGOS,5000,,02/14/2022,KENTUCKY,23,,,
Kentucky October Yearlings (2023),2023-10-23,255,B,F,SPEIGHTSTOWN,CINDERELLA TIME,STEPHEN GOT EVEN,TAYLOR MADE SALES AGENCY AGENT XLIX,NOT SOLD,110000,,05/25/2022,NEW YORK,12&13&16,,,
Kentucky October Yearlings (2023),2023-10-23,256,B,C,STREET BOSS,CIRCLE THE SUN,UNION RAGS,BRANDYWINE FARM (JIM & PAM ROBINSON),FRANKLIN AVE EQUINE LLC,50000,,02/26/2022,KENTUCKY,15,,,
Kentucky October Yearlings (2023),2023-10-23,257,CH,C,MOR SPIRIT,CITIZEN EMMA,PROUD CITIZEN,BLACKBURN FARM AGENT,S.R.O.A (K.O.I.D.),35000,,04/29/2022,INDIANA,22,,,
Kentucky October Yearlings (2023),2023-10-23,258,CH,C,GOLDENCENTS,CITY IN THE SKY,SKY CLASSIC,GAINESWAY AGENT VI,BELLA RACING,7500,,05/01/2022,NEW YORK,5&6,,,
Kentucky October Yearlings (2023),2023-10-23,259,DKB,F,OMAHA BEACH,CLAIR DE LUNE,MALIBU MOON,SHELTOWEE SALES AGENT,HIDDEN BROOK AGT.,65000,,04/06/2022,KENTUCKY,23,,,
Kentucky October Yearlings (2023),2023-10-23,260,GRR,F,CAIRO PRINCE,CLARA BARTON,UNION RAGS,ENDEAVOR FARM AGENT,CM THOROUGHBREDS,27000,,03/09/2022,KENTUCKY,19,,,
Kentucky October Yearlings (2023),2023-10-23,261,B,F,MAXIMUM SECURITY,CLASSIC BRIT,TO HONOR AND SERVE,HIGHGATE SALES AGENT II,TEAM FORSTER,50000,,03/18/2022,KENTUCKY,15,,,
Kentucky October Yearlings (2023),2023-10-23,262,B,F,SKY MESA,CLASSIC GIRL,CANDY RIDE (ARG),DARBY DAN FARM AGENT I,DJ STABLE,30000,,03/13/2022,KENTUCKY,17,,,
Kentucky October Yearlings (2023),2023-10-23,263,B,F,MAXIMUS MISCHIEF,CLASSIC JUSTICE,BANDINI,PARAMOUNT SALES AGENT I,MATT KWIATKOWSKI,28000,,04/06/2022,INDIANA,20,,,
Kentucky October Yearlings (2023),2023-10-23,264,B,C,UNION RAGS,CLAUDELLE,CANDY RIDE (ARG),WINTER QUARTER FARM AGENT,OUT,0,,02/07/2022,KENTUCKY,7,,,
Kentucky October Yearlings (2023),2023-10-23,265,DKB,F,STREET SENSE,CLEAR THE CLOUDS,GHOSTZAPPER,BURLESON FARMS AGENT,NICE GUYS STABLES LLC,150000,,04/30/2022,KENTUCKY,23,,,
Kentucky October Yearlings (2023),2023-10-23,266,CH,F,GOOD MAGIC,CLEVER GIRL,BIONDETTI,INDIAN CREEK AGENT,GAVIN O'CONNOR AGENT FOR JOHN STEWART,150000,,03/09/2022,MARYLAND,2,,,
Kentucky October Yearlings (2023),2023-10-23,267,DKB,C,SHAGAF,CLEVER GRETEL,BLUEGRASS CAT,S & G THOROUGHBREDS AGENT,NOT SOLD,4500,,03/02/2022,INDIANA,19,,,
Kentucky October Yearlings (2023),2023-10-23,268,DKB,F,UNIFIED,CLEVER RUN,SMART STRIKE,BLAKE-ALBINA THOROUGHBRED SERVICES LLC AGENT I,TERRY BRENNAN AGENT FOR D.K. STRICKLAND,20000,,02/06/2022,KENTUCKY,11,,,
Kentucky October Yearlings (2023),2023-10-23,269,GRR,C,CAIRO PRINCE,CLOUDBURST,STORM CAT,ST GEORGE SALES AGENT III,K.O.I.D.,50000,,04/13/2022,KENTUCKY,10,,,
Kentucky October Yearlings (2023),2023-10-23,270,CH,C,TALE OF VERVE,CO,CANDY RIDE (ARG),HUNTER VALLEY FARM AGENT,J ASENCION,2000,,05/01/2022,ONTARIO,9,,,
Kentucky October Yearlings (2023),2023-10-23,271,CH,C,KITTEN'S JOY,COCKTAIL HOUR,DYNAFORMER,DIXIANA FARMS LLC,OUT,0,,05/12/2022,KENTUCKY,17,,,
Kentucky October Yearlings (2023),2023-10-23,272,B,F,QUALITY ROAD,COCONUT GROVE,EMPIRE MAKER,LANE'S END AGENT,WEST BLDSTK AGT FOR F.F.,3000,,03/11/2022,KENTUCKY,1&2,,,
Kentucky October Yearlings (2023),2023-10-23,273,DKB,F,ROWAYTON,CODE VARIANCE,AWESOME AGAIN,KNOCKGRIFFIN FARM AGENT FOR HANNAH ADARE FITZGERALD,JAGGER INC,18000,,05/07/2022,PENNSYLVANIA,14,,,
Kentucky October Yearlings (2023),2023-10-23,274,DKB,F,HIGHER POWER,COLARFUL SONG,SONGANDAPRAYER,BUCKLAND SALES (ZACH MADDEN) AGENT VII,JOSE MUNOZ,10000,,03/13/2022,KENTUCKY,20,,,
Kentucky October Yearlings (2023),2023-10-23,275,B,C,MALIBU MOON,COLLAR,CANDY RIDE (ARG),FOUR STAR SALES AGENT,FORGE AHEAD STABLES,55000,,03/27/2022,KENTUCKY,17&18,,,
Kentucky October Yearlings (2023),2023-10-23,276,CH,C,INSTAGRAND,COLONEL MIST,COLONEL JOHN,VINERY SALES AGENT XXI,G J RACING,4000,,04/30/2022,MARYLAND,21&22,,,
Kentucky October Yearlings (2023),2023-10-23,277,B,C,MUNNINGS,COLORFUL SENSE,STREET SENSE,TAYLOR MADE SALES AGENCY AGENT XXXV,NOT SOLD,95000,,03/21/2022,KENTUCKY,12&13&16,,,
Kentucky October Yearlings (2023),2023-10-23,278,B,F,GIFT BOX,COMANCHE PRINCESS,INDIAN CHARLIE,GAINESWAY AGENT XII,OUT,0,,04/13/2022,KENTUCKY,5&6,,,
Kentucky October Yearlings (2023),2023-10-23,279,B,F,HONOR A. P.,COME ON COZZENE,DEVINE COZZENE,VINERY SALES AGENT XIX,NOT SOLD,11000,,04/11/2022,INDIANA,21&22,,,
Kentucky October Yearlings (2023),2023-10-23,280,B,F,MCKINZIE,COMIC CITY,CITY ZIP,TAYLOR MADE SALES AGENCY AGENT XXXVII,PRESTIGE WORLDWIDE,70000,,03/12/2022,NEW YORK,12&13&16,,,
Kentucky October Yearlings (2023),2023-10-23,281,B,C,STREET SENSE,COMING ATTRACTION,TAPIT,BROOKDALE SALES AGENT FOR AUDLEY FARM EQUINE LLC,DJ STABLE,130000,,03/20/2022,VIRGINIA,18,,,
Kentucky October Yearlings (2023),2023-10-23,282,DKB,C,TWIRLING CANDY,COMPETITION,DIXIE UNION,MACHMER HALL SALES AGENT FOR MACHMER HALL,ERIC AQUINO,30000,,05/07/2022,KENTUCKY,5&6,,,
Kentucky October Yearlings (2023),2023-10-23,283,DKB,C,SPUN TO RUN,CONCERT STRIKE,SMART STRIKE,VINERY SALES AGENT XXV,RIDETHECOATTAILS,40000,,04/09/2022,KENTUCKY,21&22,,,
Kentucky October Yearlings (2023),2023-10-23,284,DKB,C,NOT THIS TIME,CONQUEST DYNASTY,COURT VISION,BALLYSAX BLOODSTOCK AGENT FOR GRANTLEY ACRES,GRANTLEY ACRES,200000,,03/20/2022,KENTUCKY,22,,,
Kentucky October Yearlings (2023),2023-10-23,285,DKB,C,TIZ THE LAW,CONQUEST STRATE UP,NOT BOURBON,BILL MURPHY AGENT X,THORO VENTURES,100000,,03/25/2022,KENTUCKY,22,,,
Kentucky October Yearlings (2023),2023-10-23,286,DKB,F,JUSTIFY,CONTRIBUTING,MEDAGLIA D'ORO,HILL 'N' DALE AT XALAPA AGENT FOR COTEAU GROVE FARMS,OUT,0,,03/28/2022,LOUISIANA,4,,,
Kentucky October Yearlings (2023),2023-10-23,287,DKB,F,CATHOLIC BOY,COOL JAZZ,HENNY HUGHES,HERMITAGE FARM AGENT,NESTOR CHACIN,9000,,04/11/2022,KENTUCKY,20,,,
Kentucky October Yearlings (2023),2023-10-23,288,DKB,C,MUNNINGS,COPPER BAY,FAST ANNA,PARAMOUNT SALES AGENT XXVIII,RICE HORSE FUTURE STAR,28000,,03/31/2022,KENTUCKY,20,,,
Kentucky October Yearlings (2023),2023-10-23,289,B,C,THOUSAND WORDS,CORE DESTINATION,EL CORREDOR,PARKWAY FARM AGENT,OUT,0,,01/26/2022,KENTUCKY,21,,,
Kentucky October Yearlings (2023),2023-10-23,290,B,C,MAXIMUS MISCHIEF,CORFE CASTLE,WINDSOR CASTLE,FAIRYTAIL FARMS AGENT,HUGO ANDRADE,15000,,02/21/2022,KENTUCKY,21,,,
Kentucky October Yearlings (2023),2023-10-23,291,DKB,C,FROSTED,CORONADO ROSE,CORONADO'S QUEST,BROOKDALE SALES AGENT FOR MINEOLA FARM,JACK AND ELEANOR RACING,15000,,05/20/2022,KENTUCKY,18,,,
Kentucky October Yearlings (2023),2023-10-23,292,DKB,C,TAPITURE,CORONETTE,EMPIRE MAKER,PARAMOUNT SALES AGENT IX,CAM ZIPRICK & JARED BROWN,7000,,04/11/2022,KENTUCKY,20,,,
Kentucky October Yearlings (2023),2023-10-23,293,B,C,OMAHA BEACH,COSMIC CODE,INTO MISCHIEF,WOODS EDGE FARM AGENT III,NOT SOLD,120000,,03/03/2022,OKLAHOMA,3,,,
Kentucky October Yearlings (2023),2023-10-23,294,B,F,ALWAYS DREAMING,COTTON LANE,ENGLISH CHANNEL,SERENDIPITY FARM AGENT II,NOT SOLD,4500,,02/22/2022,KENTUCKY,23,,,
Kentucky October Yearlings (2023),2023-10-23,295,CH,F,ECHO TOWN,COUNTRY CAFE,LION HEART,EATON SALES AGENT,BCE STABLES,150000,,03/13/2022,KENTUCKY,7,,,
Kentucky October Yearlings (2023),2023-10-23,296,CH,C,CONNECT,COUNTRY WOMAN,STREET CRY (IRE),ST GEORGE SALES AGENT XXII,MAHMUD MOUNI,4000,,02/19/2022,KENTUCKY,10,,,
Kentucky October Yearlings (2023),2023-10-23,297,B,C,PRACTICAL JOKE,COUP,EMPIRE MAKER,DENALI STUD AGENT XVIII,LEGION BLOODSTOCK AGENT,75000,,03/25/2022,KENTUCKY,1&2,,,
Kentucky October Yearlings (2023),2023-10-23,298,DKB,F,UNIFIED,COURAGEOUS HEART,BODEMEISTER,CHUCK GIVENS,NOT SOLD,2000,,05/05/2022,KENTUCKY,11,,,
Kentucky October Yearlings (2023),2023-10-23,299,B,C,TWIRLING CANDY,COURT DRESS,SPEIGHTSTOWN,INDIAN CREEK AGENT,OUT,0,,05/09/2022,NEW YORK,2,,,
Kentucky October Yearlings (2023),2023-10-23,300,DKB,F,TEMPLE CITY,COZINNETA,COZZENE,WARRENDALE SALES AGENT VIII,CENTER STAGE FARM AGENT,2200,,02/12/2022,KENTUCKY,21,,,
Kentucky October Yearlings (2023),2023-10-23,301,B,C,TIZ THE LAW,COZZE UP LADY,COZZENE,TAYLOR MADE SALES AGENCY AGENT XXXVI,POWERSTOWN STUD,60000,,03/15/2022,KENTUCKY,12&13&16,,,
Kentucky October Yearlings (2023),2023-10-23,302,CH,C,FREE DROP BILLY,CRAZY CAT WOMAN,KITTEN'S JOY,HILL 'N' DALE AT XALAPA AGENT,FRANCISCO LOZA CANO,1000,,04/18/2022,KENTUCKY,4,,,
Kentucky October Yearlings (2023),2023-10-23,303,B,C,NO NAY NEVER,CREATIVE DIRECTOR,WAR FRONT,GAINESWAY AGENT XXIX,FERGUS GALVIN AGENT,25000,,02/23/2022,IRE,5&6,,,
Kentucky October Yearlings (2023),2023-10-23,304,B,F,MO TOWN,CREATIVE ELEMENT,CREATIVE CAUSE,VINERY SALES AGENT VII,WAKE FOREST STABLE,3000,,04/01/2022,FLORIDA,21&22,,,
Kentucky October Yearlings (2023),2023-10-23,305,CH,F,COLLECTED,CREATIVE THINKING,CREATIVE CAUSE,AIRDRIE STUD RAISED & OFFERED,NOT SOLD,57000,,04/12/2022,KENTUCKY,3,,,
Kentucky October Yearlings (2023),2023-10-23,306,B,C,CATHOLIC BOY,CROSS,MIGHTY,CLAIBORNE FARM AGENT,NOT SOLD,23000,,05/17/2022,KENTUCKY,8,,,
Kentucky October Yearlings (2023),2023-10-23,307,B,F,MCKINZIE,CROSSING THE TAPE,JOHANNESBURG,EATON SALES AGENT,GREGORY MARTIN AGENT,70000,,03/27/2022,KENTUCKY,7,,,
Kentucky October Yearlings (2023),2023-10-23,308,GRR,C,CARAVAGGIO,CROWN D' ORO,MEDAGLIA D'ORO,MULHOLLAND SPRINGS AGENT IV,LUIS A SHIRLEY,15000,,04/29/2022,NEW YORK,14,,,
Kentucky October Yearlings (2023),2023-10-23,309,B,C,WAR OF WILL,CROWN IT,TAPIT,POPE MCLEAN (CRESTWOOD FARM) AGENT,KEIBER RENGIFO,50000,,04/30/2022,KENTUCKY,20,,,
Kentucky October Yearlings (2023),2023-10-23,310,DKB,F,ENTICED,CRUZETTE,WAR PASS,EQUUS FARM (JERRY CUMMINS/PAUL ADAMS) AGENT I,ABC RACING,11000,Y,04/26/2022,KENTUCKY,14,,,
Kentucky October Yearlings (2023),2023-10-23,311,GRR,C,OMAHA BEACH,CRYSTAL GRIT,TAPIT,TAYLOR MADE SALES AGENCY AGENT XXXVII,NOT SOLD,39000,,05/18/2022,KENTUCKY,12&13&16,,,
Kentucky October Yearlings (2023),2023-10-23,312,B,F,AUTHENTIC,C. S. ROYCE,UNBRIDLED'S SONG,EATON SALES AGENT,JONES AND EVERETT AGENT,225000,,05/10/2022,KENTUCKY,7,,,
Kentucky October Yearlings (2023),2023-10-23,313,B,F,VINO ROSSO,CUE THE MOON,MALIBU MOON,SERENDIPITY FARM AGENT,PHILIP A SIMS,8000,,02/28/2022,KENTUCKY,23,,,
Kentucky October Yearlings (2023),2023-10-23,314,DKB,C,GLOBAL CAMPAIGN,CULOTTE,SKY MESA,FOUR STAR SALES AGENT,BRYAN RICE,27000,,02/10/2022,KENTUCKY,17&18,,,
Kentucky October Yearlings (2023),2023-10-23,315,CH,C,GORMLEY,CURLIN'S APPLE,CURLIN,FOUR STAR SALES AGENT,MCCUTCHEN TRAINING CENTER,3000,,02/26/2022,KENTUCKY,17&18,,,
Kentucky October Yearlings (2023),2023-10-23,316,B,F,HIGHER POWER,CURLITA,CURLIN,BURLESON FARMS AGENT,KCA STABLES,8500,,01/26/2022,KENTUCKY,23,,,
Kentucky October Yearlings (2023),2023-10-23,317,DKB,F,ALWAYS DREAMING,CURLY NELLIE,CURLIN,FRANKFORT PARK FARM AGENT,JAMES BUTCHER,2500,,05/09/2022,KENTUCKY,23,,,
Kentucky October Yearlings (2023),2023-10-23,318,CH,C,VEKOMA,DAD'SSILVERPITCHER,GIANT'S CAUSEWAY,FOUR STAR SALES AGENT,BARRY BERKELHAMMER AGENT,65000,,04/08/2022,KENTUCKY,17&18,,,
Kentucky October Yearlings (2023),2023-10-23,319,B,C,BOLT D'ORO,DALEELATY,DAAHER,PREFERRED EQUINE AGENT,PARRISH FARMS,12000,,04/22/2022,KENTUCKY,23,,,
Kentucky October Yearlings (2023),2023-10-23,320,GRR,F,CUPID,DAME WICKED,STORMELLO,ECHO VALLEY HORSE FARM,CIRILO GOROSTIETA,5000,,03/17/2022,KENTUCKY,19,,,
Kentucky October Yearlings (2023),2023-10-23,321,B,C,HONOR A. P.,DANCE COSTUME,UNION RAGS,HILL 'N' DALE AT XALAPA AGENT,SIX SIX FOUR,17000,,01/29/2022,KENTUCKY,4,,,
Kentucky October Yearlings (2023),2023-10-23,322,B,C,CARACARO,DANCE PLAY,MALIBU MOON,SUSAN Y. FOREMAN AGENT,AVK BLOODSTOCK,30000,,03/19/2022,ONTARIO,21,,,
Kentucky October Yearlings (2023),2023-10-23,323,CH,C,BEE JERSEY,DANCE SECRETARY (IRE),DANEHILL DANCER (IRE),HUNTER VALLEY FARM AGENT,NOT SOLD,1500,,05/08/2022,KENTUCKY,9,,,
Kentucky October Yearlings (2023),2023-10-23,324,B,C,GLOBAL CAMPAIGN,DANCE STUDIO,BERTRANDO,BLUEWATER SALES LLC AGENT XIV,NOT SOLD,22000,,03/03/2022,KENTUCKY,8,,,
Kentucky October Yearlings (2023),2023-10-23,325,B,C,MEDAGLIA D'ORO,DANCE WITH ANOTHER (IRE),DANEHILL DANCER (IRE),HUNTER VALLEY FARM AGENT,R.T. STABLE,72000,,05/04/2022,FR,9,,,
Kentucky October Yearlings (2023),2023-10-23,326,CH,C,IMPROBABLE,DANCING ALLSTAR,MILLENNIUM ALLSTAR,TAYLOR MADE SALES AGENCY AGENT XXI,CODASCA CONSTRUCTION,11000,,04/08/2022,TEXAS,12&13&16,,,https://youtu.be/QzHNsxGc42I
Kentucky October Yearlings (2023),2023-10-23,327,B,F,TAPITURE,DANDY CANDY,CANDY RIDE (ARG),VINERY SALES AGENT XXIII,MIGUEL SILVA,4000,,04/28/2022,INDIANA,21&22,,,
Kentucky October Yearlings (2023),2023-10-23,328,DKB,C,UNION RAGS,DARING PROSPECT,MINESHAFT,FOUR STAR SALES AGENT,ROSE PETAL STABLE,50000,,02/10/2022,KENTUCKY,17&18,,,
Kentucky October Yearlings (2023),2023-10-23,329,CH,C,IMPROBABLE,DARK CORNER,INTO MISCHIEF,SHELTOWEE SALES AGENT,HUGO ANDRADE,3500,,01/10/2022,KENTUCKY,23,,,
Kentucky October Yearlings (2023),2023-10-23,330,B,F,LAOBAN,DARYANNA,FRIENDS LAKE,EATON SALES AGENT,KENNETH MCPEEK AGENT,150000,,03/17/2022,KENTUCKY,7,,,
Kentucky October Yearlings (2023),2023-10-23,331,CH,C,VEKOMA,DASHING ANGEL,SUPER SAVER,WYNNSTAY SALES AGENT II,MUIR HUT STABLES LLC,150000,,05/30/2022,KENTUCKY,12,,,
Kentucky October Yearlings (2023),2023-10-23,332,B,F,COMPLEXITY,DATA ANALYTICS,INTO MISCHIEF,HILL 'N' DALE AT XALAPA AGENT,MLV INVESTMENT,25000,,03/18/2022,KENTUCKY,4,,,
Kentucky October Yearlings (2023),2023-10-23,333,CH,C,JUSTIFY,DATA DEPENDENT,MORE THAN READY,BLANDFORD STUD (PADRAIG CAMPION) AGENT,AL PIKE AGENT,220000,,04/16/2022,KENTUCKY,21,,,
Kentucky October Yearlings (2023),2023-10-23,334,B,C,COLLECTED,DATTT ECHO,STORMY ATLANTIC,HUNTER VALLEY FARM AGENT,NOT SOLD,3500,,05/09/2022,NEW YORK,9,,,
Kentucky October Yearlings (2023),2023-10-23,335,B,C,FLAMEAWAY,DAWDLE,OXBOW,HILL 'N' DALE AT XALAPA AGENT,MIKE AKERS AGENT FOR MALMSTROM FAMILY TRUST,85000,,02/13/2022,KENTUCKY,4,,,
Kentucky October Yearlings (2023),2023-10-23,336,CH,C,VINO ROSSO,DEANAALLEN'SKITTEN,KITTEN'S JOY,VINERY SALES AGENT I,NOT SOLD,67000,,05/09/2022,KENTUCKY,21&22,,,
Kentucky October Yearlings (2023),2023-10-23,337,B,C,MUNNINGS,DEAREST GIRL (IRE),GALILEO (IRE),HILL 'N' DALE AT XALAPA AGENT,MICHAEL P DEPAULO AGENT,50000,,04/30/2022,ONTARIO,4,,,
Kentucky October Yearlings (2023),2023-10-23,338,B,F,MALIBU MOON,DEARLY DECLARED,DECLARATION OF WAR,SUMMERFIELD (FRANCIS & BARBARA VANLANGENDONCK) AGENT,OUT,0,,02/18/2022,NEW YORK,3,,,
Kentucky October Yearlings (2023),2023-10-23,339,B,F,VINO ROSSO,DEAR TO ALL,TALE OF THE CAT,FOUR STAR SALES AGENT,NO GUTS NO GLORY FARM,5000,,05/08/2022,KENTUCKY,17&18,,,
Kentucky October Yearlings (2023),2023-10-23,340,DKB,F,CENTRAL BANKER,DEAR WILLA,HERE COMES BEN,HUNTER VALLEY FARM AGENT FOR MCMAHON OF SARATOGA,AP STABLE,20000,,03/04/2022,NEW YORK,9,,,
Kentucky October Yearlings (2023),2023-10-23,341,B,C,LAOBAN,DEB'S CANDY GIRL,CANDY RIDE (ARG),HUNTER VALLEY FARM AGENT,WOODGATE FARM,15000,,04/09/2022,KENTUCKY,9,,,
Kentucky October Yearlings (2023),2023-10-23,342,B,C,PAYNTER,DEEP IN DECEMBER,THE DADDY,VINERY SALES AGENT LII,TOM MCCROCKLIN AGENT,30000,,02/27/2022,INDIANA,21&22,,,
Kentucky October Yearlings (2023),2023-10-23,343,B,C,VINO ROSSO,DEFINING MOMENT,KANTHAROS,VINERY SALES AGENT XXVIII,Z S C,7000,,02/14/2022,FLORIDA,21&22,,,
Kentucky October Yearlings (2023),2023-10-23,344,B,F,KING FOR A DAY,DELANTERA,BERNSTEIN,GAINESWAY AGENT IX,VINCENT CONANAN,6000,,05/24/2022,NEW YORK,5&6,,,
Kentucky October Yearlings (2023),2023-10-23,345,B,C,GUN RUNNER,DE LA SOUL,MORE THAN READY,FOUR STAR SALES AGENT,WEST BLDSTK AGT FOR REPOLE STABLE,42000,,02/18/2022,PENNSYLVANIA,17&18,,,
Kentucky October Yearlings (2023),2023-10-23,346,DKB,C,MIDNIGHT LUTE,DELITEFUL DIVA,CONGRATS,HILL 'N' DALE AT XALAPA AGENT,CASH IS KING LLC,100000,,05/01/2022,KENTUCKY,4,,,
Kentucky October Yearlings (2023),2023-10-23,347,B,C,MACLEAN'S MUSIC,DENIED,UNCLE MO,EATON SALES AGENT,OUT,0,,04/19/2022,KENTUCKY,7,,,
Kentucky October Yearlings (2023),2023-10-23,348,GRR,C,FROSTED,DERBY EVE,TIZNOW,TAYLOR MADE SALES AGENCY AGENT XLVI,ED & SUSIE ORR,105000,,05/20/2022,KENTUCKY,12&13&16,,,
Kentucky October Yearlings (2023),2023-10-23,349,DKB,C,GORMLEY,DEREK'S GIRL,BROTHER DEREK,FORBUSH FARM,NOT SOLD,17000,,05/04/2022,KENTUCKY,19,,,
Kentucky October Yearlings (2023),2023-10-23,350,CH,F,MUNNINGS,DESERT DUCHESS,HARD SPUN,SCOTT MALLORY AGENT X,AIN'T RICH,130000,,03/29/2022,KENTUCKY,12,,,
Kentucky October Yearlings (2023),2023-10-23,351,B,C,PRACTICAL JOKE,DESHA,MIZZEN MAST,TAYLOR MADE SALES AGENCY AGENT XLIII,SIX SIX FOUR,12000,,04/16/2022,KENTUCKY,12&13&16,,,
Kentucky October Yearlings (2023),2023-10-23,352,CH,F,GOOD MAGIC,DESIGNER LEGS,GRAEME HALL,CARA BLOODSTOCK AGENT FOR SAINTSBURY FARM (JAY & CHRISTINE HAYDEN),JOE REEVES AGT FOR BRAD STONECIPHER & BILL KERLEY,140000,,05/07/2022,ONTARIO,10,,,
Kentucky October Yearlings (2023),2023-10-23,353,B,F,UNIFIED,DESTINATION LOVE,FRIESAN FIRE,HUNTER VALLEY FARM AGENT,JON JAZDZEWSKI,5000,,02/20/2022,KENTUCKY,9,,,
Kentucky October Yearlings (2023),2023-10-23,354,B,C,GET STORMY,DESTINY'S REWARD,HORSE CHESTNUT (SAF),HURSTLAND FARM (ALFRED H. NUCKOLS JR.) AGENT I,GERRY O'MEARA AGENT,24000,,04/29/2022,KENTUCKY,8,,,
Kentucky October Yearlings (2023),2023-10-23,355,CH,C,CATALINA CRUISER,DETERMINED YANKEE,YANKEE GENTLEMAN,LEDGELANDS LLC AGENT,KORINA STABLE,10000,,04/25/2022,KENTUCKY,19,,,
Kentucky October Yearlings (2023),2023-10-23,356,DKB,C,TEMPLE CITY,DEVILENA,OXBOW,EQUUS FARM (JERRY CUMMINS/PAUL ADAMS) AGENT I,CARY BROOKS,10000,,04/01/2022,KENTUCKY,14,,,
Kentucky October Yearlings (2023),2023-10-23,357,B,F,HONOR A. P.,DEVOTED,AFLEET ALEX,VINERY SALES AGENT XLVI,FUN TO RUN,13000,,05/26/2022,TEXAS,21&22,,,
Kentucky October Yearlings (2023),2023-10-23,358,CH,F,FLAMEAWAY,DIAMANTE,GIANT'S CAUSEWAY,DENALI STUD AGENT XV,NOT SOLD,13000,,02/15/2022,INDIANA,1&2,,,
Kentucky October Yearlings (2023),2023-10-23,359,B,F,MCKINZIE,DIAMANTINE,GHOSTZAPPER,FOUR STAR SALES AGENT,OUT,0,,03/05/2022,KENTUCKY,17&18,,,
Kentucky October Yearlings (2023),2023-10-23,360,DKB,C,THOUSAND WORDS,DIAMOND FANCY FREE,CHEROKEE RUN,BALLYSAX BLOODSTOCK AGENT II,BRAYHAN CRUZ,5000,,04/17/2022,KENTUCKY,22,,,
Kentucky October Yearlings (2023),2023-10-23,361,B,C,LAOBAN,DIAMOND RING,MALIBU MOON,BRIDIE HARRISON AGENT FOR PETER E. BLUM THOROUGHBREDS,LOCO BLOODSTOCK,17000,,03/23/2022,KENTUCKY,13,,,
Kentucky October Yearlings (2023),2023-10-23,362,DKB,C,PRACTICAL JOKE,DIAMONDSANDPEARLS,CONGRATS,DENALI STUD AGENT I,NOT SOLD,95000,,04/08/2022,KENTUCKY,1&2,,,
Kentucky October Yearlings (2023),2023-10-23,363,B,C,VINO ROSSO,DICEY GIRL,YONAGUSKA,SUSAN Y. FOREMAN AGENT,OUT,0,,04/28/2022,ONTARIO,21,,,
Kentucky October Yearlings (2023),2023-10-23,364,B,F,FOG OF WAR,DIME A DOZEN,MORE THAN READY,HIBISCUS SALES,C&Y INVESTMENT GROUP,1000,Y,04/18/2022,NEW YORK,22,,,
Kentucky October Yearlings (2023),2023-10-23,365,B,F,HIGHER POWER,DIRTY SHAME,AENEAS,LEGACY BLOODSTOCK AGENT XXV,GRASSROOTS TRN & SALES LLC,25000,,05/13/2022,INDIANA,22,,,
Kentucky October Yearlings (2023),2023-10-23,366,B,C,CLASSIC EMPIRE,DISCREET LADY,DISCREET CAT,BLAKE-ALBINA THOROUGHBRED SERVICES LLC AGENT IV,NICK PALMER AGENT,30000,,05/07/2022,NEW YORK,11,,,
Kentucky October Yearlings (2023),2023-10-23,367,DKB,F,MITOLE,DISCREETLY GRAND,DISCREETLY MINE,PARKWAY FARM AGENT,OUT,0,,02/27/2022,KENTUCKY,21,,,
Kentucky October Yearlings (2023),2023-10-23,368,DKB,F,TALE OF VERVE,DISTINCTIVE CURLIN,CURLIN,FOUR STAR SALES AGENT,NOT SOLD,1500,,04/25/2022,KENTUCKY,17&18,,,
Kentucky October Yearlings (2023),2023-10-23,369,B,C,TALE OF VERVE,DISTINCTIVELY,AWESOME AGAIN,PARAMOUNT SALES AGENT XXIII,RAUL GONZALEZ RAMIREZ,2000,,02/08/2022,KENTUCKY,20,,,
Kentucky October Yearlings (2023),2023-10-23,370,DKB,C,BOLT D'ORO,DISTORTED POINT,DISTORTED HUMOR,TAYLOR MADE SALES AGENCY AGENT,NOT SOLD,45000,,05/25/2022,KENTUCKY,12&13&16,,,
Kentucky October Yearlings (2023),2023-10-23,371,B,C,DEMARCHELIER (GB),DIVALARIOUS,DISTORTED HUMOR,CLAIBORNE FARM AGENT,RASHAD & AMZADALI JEHALUDI,2000,,04/04/2022,KENTUCKY,8,,,https://vimeo.com/874980696
Kentucky October Yearlings (2023),2023-10-23,372,CH,C,GUN RUNNER,DIVA SPIRIT,A.P. INDY,GAINESWAY AGENT XVIII,OUT,0,,04/26/2022,KENTUCKY,5&6,,,
Kentucky October Yearlings (2023),2023-10-23,373,GRR,F,CAIRO PRINCE,DIVINE BEAUTY,DIVINE PARK,AIRDRIE STUD RAISED & OFFERED,NOT SOLD,35000,,04/11/2022,KENTUCKY,3,,,
Kentucky October Yearlings (2023),2023-10-23,374,B,F,BRODY'S CAUSE,DIVINE FRIENDS,DIVINE PARK,BUCKLAND SALES (ZACH MADDEN) AGENT I,KYLE ZORN RACING,2000,,04/23/2022,KENTUCKY,20,,,
Kentucky October Yearlings (2023),2023-10-23,375,DKB,C,COMPLEXITY,DIXIE UNIONESS,DIXIE UNION,INDIAN CREEK AGENT,GREG JAMES,75000,,02/28/2022,KENTUCKY,2,,,
Kentucky October Yearlings (2023),2023-10-23,376,CH,C,CURLIN,DOLL COLLECTION,TAPIT,GAINESWAY AGENT XXVII,OUT,0,,05/01/2022,KENTUCKY,5&6,,,
Kentucky October Yearlings (2023),2023-10-23,377,DKB,C,MEDAGLIA D'ORO,DONA BRUJA (ARG),STORM EMBRUJADO (ARG),GREENFIELD FARMS AGENT VIII,NOT SOLD,145000,,04/08/2022,KENTUCKY,18,,,
Kentucky October Yearlings (2023),2023-10-23,378,DKB,C,TOM'S D'ETAT,DONE AND DUSTED,BODEMEISTER,LEGACY BLOODSTOCK AGENT XXVI,DJ STABLE,30000,,03/15/2022,NEW YORK,22,,,
Kentucky October Yearlings (2023),2023-10-23,379,DKB,F,GOOD SAMARITAN,DON'TEATMYCOOKIES,ALTERNATION,POPE MCLEAN (CRESTWOOD FARM) AGENT VIII,ANDRY BLANCO,2000,,03/03/2022,KENTUCKY,20,,,
Kentucky October Yearlings (2023),2023-10-23,380,DKB,C,AUTHENTIC,DONTMESSWITHJOANNE,PIONEEROF THE NILE,TAYLOR MADE SALES AGENCY AGENT LXVI,BCE STABLES,100000,,04/19/2022,KENTUCKY,12&13&16,,,
Kentucky October Yearlings (2023),2023-10-23,381,CH,F,INSTAGRAND,D' ORSAY,MEDAGLIA D'ORO,HIGHGATE SALES AGENT VII,NEWBRIDGE PARTNERS,45000,,04/22/2022,KENTUCKY,15,,,
Kentucky October Yearlings (2023),2023-10-23,382,DKB,F,TIZ THE LAW,DOTHRAKI QUEEN,PURE PRIZE,STRAIGHT LINE EQUINE SALES AGENT FOR LOVE'S EQUINE,DOUGLAS S ARNOLD AGENT,170000,,05/05/2022,KENTUCKY,20,,,
Kentucky October Yearlings (2023),2023-10-23,383,CH,F,MITOLE,DOWN THE ROAD,QUALITY ROAD,MULHOLLAND SPRINGS AGENT IV,HABLAN LOS CABALLOS LLC,3000,,02/03/2022,NEW YORK,14,,,
Kentucky October Yearlings (2023),2023-10-23,384,CH,C,AMERICAN FREEDOM,DOXOLOGY,SONGANDAPRAYER,LEGACY BLOODSTOCK AGENT XXVII,MIGUEL SILVA,2000,,04/15/2022,INDIANA,22,,,
Kentucky October Yearlings (2023),2023-10-23,385,B,F,HIGHER POWER,DO YOU LIKE ME NOW,KITTEN'S JOY,BLUEWATER SALES LLC AGENT XIV,NOT SOLD,1500,,05/07/2022,KENTUCKY,8,,,
Kentucky October Yearlings (2023),2023-10-23,386,B,F,WEST COAST,DREAM DANCE,AFLEET ALEX,PARAMOUNT SALES AGENT XXV,OUT,0,,04/25/2022,KENTUCKY,20,,,
Kentucky October Yearlings (2023),2023-10-23,387,DKB,C,CARACARO,DREAM INDY,TAKE CHARGE INDY,BLANDFORD STUD (PADRAIG CAMPION) AGENT,C&Y INVESTMENT GROUP,12000,,03/12/2022,FLORIDA,21,,,
Kentucky October Yearlings (2023),2023-10-23,388,B,C,CONSTITUTION,DREAMING OF YOU,PIONEEROF THE NILE,DENALI STUD AGENT I,GOP RACING STABLE,20000,,03/13/2022,KENTUCKY,1&2,,,
Kentucky October Yearlings (2023),2023-10-23,389,B,C,CAIRO PRINCE,DREAM OF BERTIE,READY'S IMAGE,AIRDRIE STUD RAISED & OFFERED,MERIDIAN BLOODSTOCK AGENT,80000,,05/01/2022,KENTUCKY,3,,,
Kentucky October Yearlings (2023),2023-10-23,390,CH,C,FLAMEAWAY,DREAMS ON TAP,TAPIT,MAPLE RUN SOUTH AGENT,NOT SOLD,9000,,05/02/2022,INDIANA,23,,,
Kentucky October Yearlings (2023),2023-10-23,391,GRR,F,FROSTED,DREAM SPINNER,HARD SPUN,TAYLOR MADE SALES AGENCY AGENT LV,C&Y INVESTMENT GROUP,15000,Y,05/10/2022,KENTUCKY,12&13&16,,,
Kentucky October Yearlings (2023),2023-10-23,392,DKB,F,TIZ THE LAW,DREAM WALKING,MIDNIGHT LUTE,LEGACY BLOODSTOCK AGENT XXXIII,AMERICAS PASTIME STABLES,15000,Y,03/20/2022,NEW YORK,22,,,
Kentucky October Yearlings (2023),2023-10-23,393,DKB,C,FLATTER,DREAMY LADY,GIANT'S CAUSEWAY,BURLESON FARMS AGENT,OUT,0,,04/30/2022,KENTUCKY,23,,,
Kentucky October Yearlings (2023),2023-10-23,394,B,C,ALWAYS DREAMING,DRESSED UP GYPSY,LIAM'S MAP,CARA BLOODSTOCK (BERNARD MCCORMACK) AGENT III,BCE STABLES,80000,,02/04/2022,KENTUCKY,10,,,
Kentucky October Yearlings (2023),2023-10-23,395,CH,C,MENDELSSOHN,DROP OFF,CANDY RIDE (ARG),NICKY DRION THOROUGHBREDS AGENT III,THOMAS HAUGHEY FOR PTK LLC,150000,,04/07/2022,KENTUCKY,23,,,
Kentucky October Yearlings (2023),2023-10-23,396,CH,F,BEE JERSEY,DROP YOUR JERSEY,LEMON DROP KID,PARAMOUNT SALES AGENT XXIII,ELADIO ACEVEDO,2000,,04/18/2022,FLORIDA,20,,,
Kentucky October Yearlings (2023),2023-10-23,397,B,F,OUTWORK,DRUIDESS,MALIBU MOON,CARA BLOODSTOCK (BERNARD MCCORMACK) AGENT I,OUT,0,,04/30/2022,ONTARIO,10,,,
Kentucky October Yearlings (2023),2023-10-23,398,CH,F,COLLECTED,DRUNK PHILOSOPHY,SCAT DADDY,TAYLOR MADE SALES AGENCY AGENT XVII,ALISTAIR RODEN AGENT FOR ROBERT HESS,15000,,03/28/2022,CALIFORNIA,12&13&16,,,
Kentucky October Yearlings (2023),2023-10-23,399,B,C,MENDELSSOHN,DYNASLEW,DYNAFORMER,MACHMER HALL SALES AGENT VI,PHILLIP WARD,20000,,04/03/2022,KENTUCKY,5&6,,,
Kentucky October Yearlings (2023),2023-10-23,400,DKB,F,SPUN TO RUN,EBONY ORO,BOB AND JOHN,SCOTT MALLORY AGENT FOR SEA JAY FARM,HECTOR H BARAJAS,9000,,03/01/2022,KENTUCKY,12,,,
Kentucky October Yearlings (2023),2023-10-24,401,CH,C,CARACARO,ECHO STORM,THUNDER GULCH,MOREAU BLOODSTOCK INTERNATIONAL,THOMAS HAUGHEY,70000,,04/27/2022,KENTUCKY,10,,,
Kentucky October Yearlings (2023),2023-10-24,402,CH,F,IMPROBABLE,EDIT,UNBRIDLED'S SONG,TAYLOR MADE SALES AGENCY AGENT XIII,NOT SOLD,17000,,04/26/2022,KENTUCKY,12&13&16,,,
Kentucky October Yearlings (2023),2023-10-24,403,GRR,F,UNBRIDLED EXPRESS,EDUCATING,ELUSIVE QUALITY,LEGACY BLOODSTOCK AGENT III,NOT SOLD,12000,,04/16/2022,INDIANA,22,,,
Kentucky October Yearlings (2023),2023-10-24,404,B,F,OSCAR PERFORMANCE,EFFECTIVE,BLAME,MILL RIDGE SALES AGENT II,RAUL GONZALEZ RAMIREZ,1000,,03/24/2022,KENTUCKY,11,,,
Kentucky October Yearlings (2023),2023-10-24,405,B,F,TOM'S D'ETAT,EIGHTH COMMANDMENT,BROKEN VOW,VINERY SALES AGENT XII,ELOY QUINONEZ,2000,,04/11/2022,KENTUCKY,21&22,,,
Kentucky October Yearlings (2023),2023-10-24,406,B,F,SPUN TO RUN,EILEEN'S GIRL,MEDAGLIA D'ORO,BUCKLAND SALES (ZACH MADDEN) AGENT VI,OUT,0,,03/30/2022,ONTARIO,20,,,
Kentucky October Yearlings (2023),2023-10-24,407,DKB,F,TWIRLING CANDY,EILEEN'S SONG,KITTEN'S JOY,ST GEORGE SALES AGENT IV,KADEN CLARY,30000,,02/25/2022,KENTUCKY,10,,,
Kentucky October Yearlings (2023),2023-10-24,408,B,C,DANISH DYNAFORMER,EKATI MORNING,TALE OF EKATI,FOUR STAR SALES AGENT,FROSTY BLOODSTOCK,4000,,05/10/2022,ONTARIO,17&18,,,
Kentucky October Yearlings (2023),2023-10-24,409,B,C,AMERICAN PHAROAH,EKATI'S PHAETON,TALE OF EKATI,BALLYSAX BLOODSTOCK AGENT VII,NOT SOLD,95000,,05/03/2022,KENTUCKY,22,,,
Kentucky October Yearlings (2023),2023-10-24,410,B,F,MAXIMUS MISCHIEF,ELBA'S FIRST,TIZ WONDERFUL,MULHOLLAND SPRINGS AGENT,ALL STARS,10000,,03/06/2022,KENTUCKY,14,,,
Kentucky October Yearlings (2023),2023-10-24,411,DKB,F,HIGHER POWER,ELLA'S DREAMING,FIRST DUDE,MOREAU BLOODSTOCK INTERNATIONAL,CHRIS MELTON,5000,,05/08/2022,KENTUCKY,10,,,
Kentucky October Yearlings (2023),2023-10-24,412,CH,F,PROMISES FULFILLED,ELOWEASEL,CITY ZIP,DENALI STUD AGENT XXIII,HTC & VORIC STABLES,60000,,01/31/2022,KENTUCKY,1&2,,,
Kentucky October Yearlings (2023),2023-10-24,413,B,F,BOLT D'ORO,ELUSIVE CHAMPAGNE,ELUSIVE QUALITY,EATON SALES AGENT,NOT SOLD,35000,,04/01/2022,KENTUCKY,7,,,
Kentucky October Yearlings (2023),2023-10-24,414,B,F,MEDAGLIA D'ORO,ELUSIVE LUCI,ELUSIVE QUALITY,ANDERSON FARMS AGENT,DJ STABLE,350000,,05/19/2022,ONTARIO,3,,,
Kentucky October Yearlings (2023),2023-10-24,415,DKB,C,VEKOMA,ELUSIVELY,PIONEEROF THE NILE,WARRENDALE SALES AGENT XVI,CHAD SCHUMER AGENT,60000,,05/10/2022,NEW JERSEY,21,,,
Kentucky October Yearlings (2023),2023-10-24,416,DKB,C,TALE OF VERVE,ELUSIVE SURPRISE,ELUSIVE QUALITY,FOUR STAR SALES AGENT,NOT SOLD,1500,,04/29/2022,KENTUCKY,17&18,,,
Kentucky October Yearlings (2023),2023-10-24,417,CH,F,COLLECTED,ELYSIAN,SMART STRIKE,TAYLOR MADE SALES AGENCY AGENT XL,NOT SOLD,45000,,03/23/2022,KENTUCKY,12&13&16,,,
Kentucky October Yearlings (2023),2023-10-24,418,B,F,LAOBAN,E MOON,MALIBU MOON,LEGACY BLOODSTOCK AGENT VII,NOT SOLD,19000,,04/04/2022,KENTUCKY,22,,,
Kentucky October Yearlings (2023),2023-10-24,419,B,C,MUNNINGS,EMPRESS CATHERINE,NYQUIST,FOUR STAR SALES AGENT,OUT,0,,02/23/2022,KENTUCKY,17&18,,,
Kentucky October Yearlings (2023),2023-10-24,420,B,F,MCKINZIE,EMRATA,TAPIT,ELITE AGENT,BCE STABLES,90000,,02/21/2022,KENTUCKY,7,,,
Kentucky October Yearlings (2023),2023-10-24,421,B,C,UNCLE MO,ENCHANTE,BLUEGRASS CAT,EATON SALES AGENT,OUT,0,,04/18/2022,KENTUCKY,7,,,
Kentucky October Yearlings (2023),2023-10-24,422,DKB,C,HIGHER POWER,ENCORE BELLE,LEMON DROP KID,LEGACY BLOODSTOCK AGENT XXV,WAKE FOREST STABLE,16000,,05/07/2022,KENTUCKY,22,,,
Kentucky October Yearlings (2023),2023-10-24,423,DKB,F,TWIRLING CANDY,ENOREE,MORE THAN READY,WOODS EDGE FARM AGENT II,JOHN FOX,62000,,03/11/2022,ONTARIO,3,,,
Kentucky October Yearlings (2023),2023-10-24,424,B,C,TIZ THE LAW,ENOUGH,ARCH,HUNTER VALLEY FARM AGENT,RIDETHECOATTAILS,30000,,02/25/2022,KENTUCKY,9,,,
Kentucky October Yearlings (2023),2023-10-24,425,B,C,MOR SPIRIT,EPIC LADY,TIZNOW,LEGACY BLOODSTOCK AGENT III,ARCADIO ESCAMILLA,5000,,03/04/2022,KENTUCKY,22,,,
Kentucky October Yearlings (2023),2023-10-24,426,B,F,MORE THAN READY,EPISCOPAL,CARPE DIEM,TAYLOR MADE SALES AGENCY AGENT XXXVII,GAVIN O'CONNOR AGENT FOR JOHN STEWART,110000,Y,02/14/2022,KENTUCKY,12&13&16,,,
Kentucky October Yearlings (2023),2023-10-24,427,B,F,MITOLE,ESCAPEPROOF,WICKED STRONG,VINERY SALES AGENT LVIII,CALUMET FARM,50000,,03/15/2022,KENTUCKY,21&22,,,
Kentucky October Yearlings (2023),2023-10-24,428,DKB,F,CONSTITUTION,ESKENFORMONEY,ESKENDEREYA,GROVENDALE SALES AGENT FOR WINSTAR FARM BRED & RAISED,TRAVIS MURPHY,27000,,01/28/2022,KENTUCKY,17,,,
Kentucky October Yearlings (2023),2023-10-24,429,B,F,MENDELSSOHN,ESPRIT DE VIE,STREET CRY (IRE),RUNNYMEDE FARM LLC AGENT,BAMFAN,10000,,03/02/2022,KENTUCKY,1,,,
Kentucky October Yearlings (2023),2023-10-24,430,B,F,LIAM'S MAP,ESTORIL,INTO MISCHIEF,SUMMERFIELD (FRANCIS & BARBARA VANLANGENDONCK) AGENT,OUT,0,,02/22/2022,KENTUCKY,3,,,
Kentucky October Yearlings (2023),2023-10-24,431,CH,F,MACLEAN'S MUSIC,ETINCELLE,DYNAFORMER,MULHOLLAND SPRINGS AGENT IV,LARSON & ORDONEZ,25000,,02/13/2022,NEW YORK,14,,,
Kentucky October Yearlings (2023),2023-10-24,432,B,C,COMPLEXITY,ETSU,SMART STRIKE,AIRDRIE STUD RAISED & OFFERED,GREG FOLEY,95000,,05/13/2022,KENTUCKY,3,,,
Kentucky October Yearlings (2023),2023-10-24,433,DKB,C,NOT THIS TIME,EURO K SHOTGUN,EUROEARS,TAYLOR MADE SALES AGENCY AGENT LXXXIII,NOT SOLD,105000,,03/07/2022,KENTUCKY,12&13&16,,,
Kentucky October Yearlings (2023),2023-10-24,434,B,C,UPSTART,EVANGELINE'S HOPE,CITY ZIP,LEDGELANDS LLC AGENT FOR TWIN OAKS BLOODSTOCK LLC,NOT SOLD,22000,,01/15/2022,NEW YORK,19,,,
Kentucky October Yearlings (2023),2023-10-24,435,B,F,THOUSAND WORDS,EVENING GARDEN,UNBRIDLED'S SONG,PARAMOUNT SALES AGENT I,NOT SOLD,7000,,04/07/2022,INDIANA,20,,,
Kentucky October Yearlings (2023),2023-10-24,436,CH,F,GAME WINNER,EVEN SONG,STREET CRY (IRE),MULHOLLAND SPRINGS AGENT II,OUT,0,,03/06/2022,KENTUCKY,14,,,
Kentucky October Yearlings (2023),2023-10-24,437,B,F,SUMMER FRONT,EXAGGERATED,BLAME,MULHOLLAND FARM AGENT,NOT SOLD,42000,,04/05/2022,KENTUCKY,23,,,
Kentucky October Yearlings (2023),2023-10-24,438,DKB,F,LIAM'S MAP,EXCESSIVE LADY,UNCLE MO,LISA & TIM TURNEY AGENT II,NOT SOLD,8500,,04/11/2022,KENTUCKY,19,,,
Kentucky October Yearlings (2023),2023-10-24,439,B,C,MITOLE,EXES N OHS,STREET SENSE,BRIDIE HARRISON AGENT,KELLY VON HEMEL,45000,,02/21/2022,KENTUCKY,13,,,
Kentucky October Yearlings (2023),2023-10-24,440,B,F,HONEST MISCHIEF,EXPOSURE,COLONEL JOHN,SUMMERFIELD (FRANCIS & BARBARA VANLANGENDONCK) AGENT,AUGUST DAWN FARM,40000,,03/24/2022,NEW YORK,3,,,
Kentucky October Yearlings (2023),2023-10-24,441,DKB,F,VINO ROSSO,EXTRA IMPACT,HONOUR AND GLORY,BLAKE-ALBINA THOROUGHBRED SERVICES LLC AGENT III,LBB STABLES,35000,,03/31/2022,NEW YORK,11,,,
Kentucky October Yearlings (2023),2023-10-24,442,DKB,F,HONOR A. P.,EXTRA SHARP,CHEROKEE RUN,TAYLOR MADE SALES AGENCY AGENT XLVI,SHELLEY BROWN,9000,,04/26/2022,KENTUCKY,12&13&16,,,
Kentucky October Yearlings (2023),2023-10-24,443,CH,C,COLLECTED,EXTRAVAGANTLY,LEA,BUCKLAND SALES (ZACH MADDEN) AGENT XVLI,S.R.O.A (K.O.I.D.),14000,,04/10/2022,KENTUCKY,20,,,
Kentucky October Yearlings (2023),2023-10-24,444,CH,F,GUN RUNNER,EYE OF TAURUS,ALDEBARAN,GAINESWAY AGENT V,LUGAMO RACING STABLE,150000,,04/26/2022,KENTUCKY,5&6,,,
Kentucky October Yearlings (2023),2023-10-24,445,B,C,INSTAGRAND,E Z PASSER,SOUTHERN IMAGE,BALLYSAX BLOODSTOCK AGENT I,NOT SOLD,49000,,02/10/2022,NEW YORK,22,,,
Kentucky October Yearlings (2023),2023-10-24,446,B,F,GLOBAL CAMPAIGN,EZPZYLEMONSQUEEZY,LEMON DROP KID,HILL 'N' DALE AT XALAPA AGENT,H R BLOODSTOCK,67000,,04/13/2022,KENTUCKY,4,,,
Kentucky October Yearlings (2023),2023-10-24,447,DKB,F,UNIFIED,FACETHEFRONT,WAR FRONT,GREENFIELD FARMS AGENT II,CHRIS MELTON,2000,,04/13/2022,KENTUCKY,18,,,
Kentucky October Yearlings (2023),2023-10-24,448,GRR,C,CITY OF LIGHT,FACT OF LIFE,THE FACTOR,ST GEORGE SALES AGENT XXIII,NOVOGRATZ RACING/ ERIN WISMER AGENT,300000,,03/09/2022,KENTUCKY,10,,,
Kentucky October Yearlings (2023),2023-10-24,449,GRR,C,MASTERY,FACTOROFWON,THE FACTOR,BETZ THOROUGHBREDS INC. AGENT,GLENN PURYEAR,28000,,02/22/2022,KENTUCKY,8,,,
Kentucky October Yearlings (2023),2023-10-24,450,DKB,C,CONNECT,FAIRWAY LUCK,UNION RAGS,CHUCK GIVENS,NOT SOLD,24000,,04/16/2022,KENTUCKY,11,,,
Kentucky October Yearlings (2023),2023-10-24,451,B,F,MAXIMUS MISCHIEF,FAITHFUL PRAYER,WITH DISTINCTION,JOHNSON CROSS AGENT IV,JOHN SERVIS AGENT,50000,,04/12/2022,KENTUCKY,23,,,
Kentucky October Yearlings (2023),2023-10-24,452,B,F,CITY OF LIGHT,FASCINATE,CURLIN,INDIAN CREEK AGENT,OUT,0,,01/24/2022,KENTUCKY,2,,,
Kentucky October Yearlings (2023),2023-10-24,453,CH,C,WEST COAST,FASHION MODEL,TIZNOW,PARAMOUNT SALES AGENT VII,ARCADIO ESCAMILLA,1500,,03/02/2022,KENTUCKY,20,,,
Kentucky October Yearlings (2023),2023-10-24,454,B,F,JUSTIFY,FASHION ROYALTY (GB),WAR FRONT,GAINESWAY AGENT IX,BRADLEY THOROUGHBREDS AGT.,290000,,02/19/2022,KENTUCKY,5&6,,,
Kentucky October Yearlings (2023),2023-10-24,455,DKB,C,GOOD MAGIC,FASHION TAP,TAPIT,TAYLOR MADE SALES AGENCY AGENT XLI,NOT SOLD,200000,,01/27/2022,KENTUCKY,12&13&16,,,
Kentucky October Yearlings (2023),2023-10-24,456,GRR,F,BLAME,FASTBRIDLED,UNBRIDLED'S SONG,MILL RIDGE SALES AGENT IV,GRACIE BLOODSTOCK,23000,,04/11/2022,KENTUCKY,11,,,
Kentucky October Yearlings (2023),2023-10-24,457,CH,F,VEKOMA,FAY NA NA,MAJESTIC WARRIOR,HUNTER VALLEY FARM AGENT,MUIR HUT STABLES LLC,270000,,02/08/2022,KENTUCKY,9,,,
Kentucky October Yearlings (2023),2023-10-24,458,DKB,C,FLAMEAWAY,FERVENT,FIRST SAMURAI,VINERY SALES AGENT LVII,JAY MCKEE,12000,,05/05/2022,INDIANA,21&22,,,
Kentucky October Yearlings (2023),2023-10-24,459,CH,C,DAREDEVIL,FIANCEE,WILL TAKE CHARGE,BRIDIE HARRISON AGENT FOR PETER E. BLUM THOROUGHBREDS,JOSE MIGUEL ALEMAN,17000,,02/18/2022,KENTUCKY,13,,,
Kentucky October Yearlings (2023),2023-10-24,460,CH,C,NYQUIST,FIFTH AVENUE BALL,DEPUTY MINISTER,TAYLOR MADE SALES AGENCY AGENT XXXVII,PEG INVESTMENTS,45000,,04/28/2022,KENTUCKY,12&13&16,,,
Kentucky October Yearlings (2023),2023-10-24,461,DKB,F,CONSTITUTION,FIFTY FOOT WOMAN,GIANT'S CAUSEWAY,TAYLOR MADE SALES AGENCY AGENT XXXVII,TITO GUEVARA,30000,,05/07/2022,KENTUCKY,12&13&16,,,
Kentucky October Yearlings (2023),2023-10-24,462,DKB,C,STREET SENSE,FILM IDOL,BERNARDINI,CANDY MEADOWS SALES,OUT,0,,03/18/2022,KENTUCKY,21,,,
Kentucky October Yearlings (2023),2023-10-24,463,DKB,C,WAR OF WILL,FINANCIAL RECOVERY,STREET CRY (IRE),BROOKDALE SALES AGENT FOR MESINGW FARM LLC,RICHARD PERKINS,65000,,05/04/2022,KENTUCKY,18,,,
Kentucky October Yearlings (2023),2023-10-24,464,B,C,COAL FRONT,FINE CUT,POSSE,BLUEWATER SALES LLC AGENT IX,MIAMI RACING,8000,,03/01/2022,KENTUCKY,8,,,
Kentucky October Yearlings (2023),2023-10-24,465,DKB,C,PRACTICAL JOKE,FIRE ASSAY,MEDAGLIA D'ORO,DENALI STUD AGENT III,BRUCE N. LEVINE,65000,,05/24/2022,NEW YORK,1&2,,,
Kentucky October Yearlings (2023),2023-10-24,466,CH,C,VEKOMA,FIRE OF FREEDOM,STREET CRY (IRE),WOODS EDGE FARM AGENT,DOUG ANDERSON,30000,,05/03/2022,KENTUCKY,3,,,
Kentucky October Yearlings (2023),2023-10-24,467,DKB,F,COAL FRONT,FIRST KISS,SMART STRIKE,GROVENDALE SALES AGENT I,ROSE PETAL STABLE,45000,,03/28/2022,KENTUCKY,17,,,
Kentucky October Yearlings (2023),2023-10-24,468,CH,C,BRODY'S CAUSE,FISHERS ISLAND,LEMON DROP KID,WYNNSTAY SALES AGENT III,FAST HORSES,18000,,05/01/2022,KENTUCKY,12,,,
Kentucky October Yearlings (2023),2023-10-24,469,B,F,UNIFIED,FIT FOR A LADY,AFTER MARKET,CARA BLOODSTOCK (BERNARD MCCORMACK) AGENT IV,OUT,0,,03/14/2022,KENTUCKY,10,,,
Kentucky October Yearlings (2023),2023-10-24,470,DKB,C,PRACTICAL JOKE,FITZROVIA,UNCLE MO,ST GEORGE SALES AGENT V,B B B,75000,,04/06/2022,KENTUCKY,10,,,
Kentucky October Yearlings (2023),2023-10-24,471,CH,C,VOLATILE,FIZZY PINK (GB),SINGSPIEL (IRE),BRANDYWINE FARM (JIM & PAM ROBINSON),LUIS A SHIRLEY,30000,,05/11/2022,KENTUCKY,15,,,
Kentucky October Yearlings (2023),2023-10-24,472,DKB,F,MCKINZIE,FLASHLY,DENMAN (AUS),BLAKE-ALBINA THOROUGHBRED SERVICES LLC AGENT I,CHRIS MELTON,12000,,04/23/2022,KENTUCKY,11,,,
Kentucky October Yearlings (2023),2023-10-24,473,CH,F,PROMISES FULFILLED,FLASHY G,NOTIONAL,DANIEL & PATRICIA YATES,RIVERA RACING STABLE,15000,,01/19/2022,OHIO,21,,,
Kentucky October Yearlings (2023),2023-10-24,474,B,C,MENDELSSOHN,FLAUTIST,FIRST DEFENCE,LISA & TIM TURNEY AGENT I,NOT SOLD,40000,,03/01/2022,KENTUCKY,19,,,
Kentucky October Yearlings (2023),2023-10-24,475,DKB,C,ALWAYS DREAMING,FLIRTATIOUS,HARD SPUN,MAINE CHANCE FARM (UNIVERSITY OF KENTUCKY),RIDETHECOATTAILS,25000,,03/15/2022,KENTUCKY,19,,,
Kentucky October Yearlings (2023),2023-10-24,476,B,F,FLAMEAWAY,FLOATING DREAM,GHOSTZAPPER,VINERY SALES AGENT XLIV,OUT,0,,03/12/2022,PENNSYLVANIA,21&22,,,
Kentucky October Yearlings (2023),2023-10-24,477,B,F,KHOZAN,FLOR DE LINDA,TAPIZAR,EATON SALES AGENT,DR ROBERT TUCKER,42000,,01/06/2022,FLORIDA,7,,,
Kentucky October Yearlings (2023),2023-10-24,478,B,F,FIRST SAMURAI,FLORIAN,STREET CRY (IRE),WINTER QUARTER FARM AGENT,ELODIE DUNE,24000,,03/10/2022,KENTUCKY,7,,,
Kentucky October Yearlings (2023),2023-10-24,479,CH,F,MITOLE,FLOSS DANCER,SHAKIN IT UP,TAYLOR MADE SALES AGENCY AGENT XL,ARCADIO ESCAMILLA,2000,,04/19/2022,KENTUCKY,12&13&16,,,
Kentucky October Yearlings (2023),2023-10-24,480,DKB,F,ECHO TOWN,FLOTUS,ESKENDEREYA,TAYLOR MADE SALES AGENCY AGENT LIII,GRASSROOTS TRN & SALES LLC,72000,,04/25/2022,KENTUCKY,12&13&16,,,
Kentucky October Yearlings (2023),2023-10-24,481,DKB,C,LORD NELSON,FLOWERFUL,OVERANALYZE,SCOTT MALLORY AGENT V,ED & SUSIE ORR,35000,,03/21/2022,KENTUCKY,12,,,
Kentucky October Yearlings (2023),2023-10-24,482,CH,C,KANTHAROS,FLY PAST (GB),ZAMINDAR,DIXIANA FARMS LLC,NOT SOLD,24000,,03/24/2022,KENTUCKY,17,,,
Kentucky October Yearlings (2023),2023-10-24,483,CH,F,PRACTICAL JOKE,FOLKLORE,TIZNOW,TAYLOR MADE SALES AGENCY AGENT LVII,OUT,0,,03/01/2022,KENTUCKY,12&13&16,,,
Kentucky October Yearlings (2023),2023-10-24,484,B,C,DANISH DYNAFORMER,FOLLOW,SEEKING THE GOLD,FOUR STAR SALES AGENT,FXP CORP,1500,,05/09/2022,KENTUCKY,17&18,,,
Kentucky October Yearlings (2023),2023-10-24,485,B,F,HONEST MISCHIEF,FORGET IT,DISTORTED HUMOR,GREENFIELD FARMS AGENT III,JESSE HOPPEL,40000,,05/03/2022,NEW YORK,18,,,
Kentucky October Yearlings (2023),2023-10-24,486,B,C,LIAM'S MAP,FORTUNE PLAY,FIVE STAR DAY,FOUR STAR SALES AGENT,NOT SOLD,55000,,03/09/2022,KENTUCKY,17&18,,,
Kentucky October Yearlings (2023),2023-10-24,487,B,F,MCKINZIE,FOURSCOREANDSEVEN,COLONEL JOHN,STRAIGHT LINE EQUINE SALES AGENT,NOT SOLD,37000,,04/07/2022,NEW YORK,20,,,
Kentucky October Yearlings (2023),2023-10-24,488,B,C,AUDIBLE,FOUR STAR NINJA,DROSSELMEYER,MACHMER HALL SALES AGENT FOR MACHMER HALL ET AL I,GREG JAMES,45000,,05/17/2022,KENTUCKY,5&6,,,
Kentucky October Yearlings (2023),2023-10-24,489,B,C,MEDAGLIA D'ORO,FOXY DANSEUR,MR. GREELEY,TAYLOR MADE SALES AGENCY AGENT LXXXIII,OUT,0,,03/08/2022,KENTUCKY,12&13&16,,,
Kentucky October Yearlings (2023),2023-10-24,490,B,F,MOHAYMEN,FOXY LILLY,AMERICAN LION,MAINE CHANCE FARM (UNIVERSITY OF KENTUCKY),STUD LA ALIANZA,5000,,03/26/2022,KENTUCKY,19,,,
Kentucky October Yearlings (2023),2023-10-24,491,B,F,DIALED IN,FOXY POSSE,POSSE,POPE MCLEAN (CRESTWOOD FARM) AGENT X,ANTONIO SANO,5000,,05/16/2022,KENTUCKY,20,,,
Kentucky October Yearlings (2023),2023-10-24,492,B,F,KLIMT,FOXY SARA,EVEN THE SCORE,JOHNSON CROSS AGENT VI,NOT SOLD,9000,,03/16/2022,KENTUCKY,23,,,
Kentucky October Yearlings (2023),2023-10-24,493,CH,C,COMPLEXITY,FRANDERELLA,HENNY HUGHES,BRANDYWINE FARM (JIM & PAM ROBINSON) AGENT,GRASSROOTS TRN & SALES LLC,85000,,03/10/2022,KENTUCKY,15,,,
Kentucky October Yearlings (2023),2023-10-24,494,DKB,F,HONOR A. P.,FRAZIER'S FINEST,FORMAL DINNER,VINERY SALES AGENT XLVII,J B I C RACING LLC,25000,,04/08/2022,KENTUCKY,21&22,,,
Kentucky October Yearlings (2023),2023-10-24,495,CH,F,CATALINA CRUISER,FREE BELIEF,JIMMY CREED,LANE'S END AGENT,NOT SOLD,14000,,03/02/2022,KENTUCKY,1&2,,,
Kentucky October Yearlings (2023),2023-10-24,496,GRR,F,STREET SENSE,FREE COVER,CONGRATS,EATON SALES AGENT FOR COTEAU GROVE FARMS,NOT SOLD,120000,,04/29/2022,LOUISIANA,7,,,
Kentucky October Yearlings (2023),2023-10-24,497,B,C,MCKINZIE,FREE FLYING SOUL,QUIET AMERICAN,GAINESWAY AGENT XIV,FORGE AHEAD STABLES,125000,,05/06/2022,KENTUCKY,5&6,,,
Kentucky October Yearlings (2023),2023-10-24,498,B,F,VOLATILE,FRENCH LEGACY,MIDNIGHT LUTE,TAYLOR MADE SALES AGENCY AGENT XXIV,MIKE G RUTHERFORD,40000,,04/07/2022,INDIANA,12&13&16,,,
Kentucky October Yearlings (2023),2023-10-24,499,CH,F,COLLECTED,FRENCH PARK,ECTON PARK,MACHMER HALL SALES AGENT FOR MACHMER HALL ET AL,MWG LLC,57000,,03/01/2022,KENTUCKY,5&6,,,
Kentucky October Yearlings (2023),2023-10-24,500,CH,F,CATALINA CRUISER,FREUD'S NOTEBOOK,FREUD,TAYLOR MADE SALES AGENCY AGENT VIII,OUT,0,,04/24/2022,NEW YORK,12&13&16,,,
Kentucky October Yearlings (2023),2023-10-24,501,GRR,F,KARAKONTIE (JPN),FRIEND OF LIBERTY,DOMINUS,CLIFTON FARM LLC,OUT,0,,03/13/2022,KENTUCKY,9,,,
Kentucky October Yearlings (2023),2023-10-24,502,B,C,SPUN TO RUN,FRISKY KITTEN,KITTEN'S JOY,PARAMOUNT SALES AGENT XXII,OUT,0,,02/20/2022,NEW YORK,20,,,
Kentucky October Yearlings (2023),2023-10-24,503,B,F,KING FOR A DAY,FROLIC'S CANDY,CANDY RIDE (ARG),VINERY SALES AGENT III,NATHAN SQUIRES AGT FOR CARY SPRINGER,2000,,02/06/2022,NEW YORK,21&22,,,
Kentucky October Yearlings (2023),2023-10-24,504,B,C,LAOBAN,FROLIC'S REVENGE,VINDICATION,MILL RIDGE SALES AGENT X,LEGION BLOODSTOCK AGENT,21000,,03/07/2022,KENTUCKY,11,,,
Kentucky October Yearlings (2023),2023-10-24,505,DKB,F,MO TOWN,FROM JUMP STREET,JUMP START,PREFERRED EQUINE AGENT,NOT SOLD,4000,,02/28/2022,OKLAHOMA,23,,,
Kentucky October Yearlings (2023),2023-10-24,506,B,F,INTO MISCHIEF,FROM THE HOOD,STREET SENSE,EATON SALES AGENT,NOT SOLD,170000,,04/09/2022,KENTUCKY,7,,,
Kentucky October Yearlings (2023),2023-10-24,507,CH,C,GUN RUNNER,FULL HOUSE,DISCREETLY MINE,LISA & TIM TURNEY AGENT II,GRASSROOTS TRN & SALES LLC,75000,Y,04/07/2022,KENTUCKY,19,,,
Kentucky October Yearlings (2023),2023-10-24,508,CH,C,TIZ THE LAW,FUN FINDER,CROSS TRAFFIC,HIDDEN BROOK AGENT III,ECLIPSE THOROUGHBRED PARTNERS,40000,,03/20/2022,NEW YORK,22,,,
Kentucky October Yearlings (2023),2023-10-24,509,GRR,F,TAPWRIT,FUNNY HOLIDAY,HARLAN'S HOLIDAY,LEGACY BLOODSTOCK AGENT XX,S.R.O.A (K.O.I.D.),30000,,03/05/2022,KENTUCKY,22,,,
Kentucky October Yearlings (2023),2023-10-24,510,DKB,F,TIZ THE LAW,FUNNY MOON,MALIBU MOON,WARRENDALE SALES AGENT X,BBA IRELAND,72000,,03/05/2022,KENTUCKY,21,,,
Kentucky October Yearlings (2023),2023-10-24,511,B,C,CATHOLIC BOY,GABEIRA,MEDAGLIA D'ORO,MILL RIDGE SALES AGENT IX,OUT,0,,03/06/2022,KENTUCKY,11,,,
Kentucky October Yearlings (2023),2023-10-24,512,B,F,UNCLE MO,GABRIELLESTOBLAME,BLAME,GAINESWAY AGENT XXVIII,NOT SOLD,290000,,03/23/2022,FLORIDA,5&6,,,
Kentucky October Yearlings (2023),2023-10-24,513,B,F,GORMLEY,GAEILIC WONDER,TIZ WONDERFUL,ENDEAVOR FARM AGENT FOR TEXATA BLOODSTOCK LLC,BIG EASY RACING & SALES,1000,,04/02/2022,KENTUCKY,19,,,
Kentucky October Yearlings (2023),2023-10-24,514,B,C,MO TOWN,GALLERY GIRL,GIO PONTI,BEAU LANE BLOODSTOCK AGENT FOR BEAU LANE,TRAVIS MURPHY,20000,,04/11/2022,KENTUCKY,23,,,
Kentucky October Yearlings (2023),2023-10-24,515,GRR,F,BOLT D'ORO,GARAVOGUE COLLEEN,SLIGO BAY (IRE),INDIAN CREEK AGENT,C. DAY PHILLIPS AGT FOR BRACONCREST INC.,75000,,04/30/2022,ONTARIO,2,,,
Kentucky October Yearlings (2023),2023-10-24,516,DKB,F,UPSTART,GARDEN AFFAIR,STREET BOSS,GAINESWAY AGENT XII,NOT SOLD,28000,,02/09/2022,KENTUCKY,5&6,,,
Kentucky October Yearlings (2023),2023-10-24,517,DKB,C,INSTAGRAND,GARDEN DISTRICT,DIXIE UNION,FOUR STAR SALES AGENT,PICK VIEW,285000,,03/21/2022,KENTUCKY,17&18,,,
Kentucky October Yearlings (2023),2023-10-24,518,B,F,MENDELSSOHN,GARDENISTA,CURLIN,FLY BY THOROUGHBREDS AGENT,OUT,0,,02/14/2022,FLORIDA,23,,,
Kentucky October Yearlings (2023),2023-10-24,519,GRR,C,THOUSAND WORDS,GATEAU ST HONORE,DON GATO,HUNTER VALLEY FARM AGENT,ANTONIO VILLAGRAN,9500,,03/02/2022,KENTUCKY,9,,,
Kentucky October Yearlings (2023),2023-10-24,520,CH,F,VINO ROSSO,GEISHA GAL,AGNES TACHYON (JPN),EATON SALES AGENT,KINGS EQUINE,42000,,02/09/2022,FLORIDA,7,,,
Kentucky October Yearlings (2023),2023-10-24,521,DKB,C,SIGNATURE RED,GEMINI,BLAME,SHAWHAN PLACE LLC AGENT FOR NORSEMAN RACING STABLE,SILVERTON HILL,105000,,02/11/2022,ONTARIO,23,,,
Kentucky October Yearlings (2023),2023-10-24,522,DKB,C,FLAMEAWAY,GEM THIEF,SHANGHAI BOBBY,SUSAN Y. FOREMAN AGENT,NOT SOLD,47000,,04/15/2022,ONTARIO,21,,,
Kentucky October Yearlings (2023),2023-10-24,523,B,F,MEDAGLIA D'ORO,GENTLE RULER,COLONEL JOHN,CLAIBORNE FARM AGENT,MIKE RYAN AGENT,200000,,04/12/2022,KENTUCKY,8,,,
Kentucky October Yearlings (2023),2023-10-24,524,B,F,AIR FORCE BLUE,GERMAN EDITION (GB),CAPE CROSS (IRE),VINERY SALES AGENT LVI,EDDIE KENNEALLY,20000,,03/05/2022,KENTUCKY,21&22,,,
Kentucky October Yearlings (2023),2023-10-24,525,B,F,JIMMY CREED,GETUPBABYGETUP,FIRST DEFENCE,HIGHGATE SALES AGENT XI,SHEPHERD EQUINE ADVISORS AGT FOR LARRY HIRSCH,87000,,04/12/2022,KENTUCKY,15,,,
Kentucky October Yearlings (2023),2023-10-24,526,B,F,MITOLE,GHOST INTHE MIRROR,GHOSTZAPPER,LANE'S END AGENT,OUT,0,,02/07/2022,KENTUCKY,1&2,,,
Kentucky October Yearlings (2023),2023-10-24,527,B,F,MITOLE,GHOSTSTONE,GHOSTZAPPER,TAYLOR MADE SALES AGENCY AGENT XXIV,RICHARD PERKINS,57000,,04/28/2022,INDIANA,12&13&16,,,
Kentucky October Yearlings (2023),2023-10-24,528,B,F,INSTAGRAND,GIA LULA,GIO PONTI,SUSAN Y. FOREMAN AGENT,JAMES LAYDEN AGENT,25000,,04/20/2022,ONTARIO,21,,,
Kentucky October Yearlings (2023),2023-10-24,529,DKB,C,TAPITURE,GIGI JEAN,TEMPLE CITY,SHELTOWEE SALES AGENT,OUT,0,,04/10/2022,KENTUCKY,23,,,
Kentucky October Yearlings (2023),2023-10-24,530,B,F,WAR OF WILL,GIOVANNA BLUES,GIO PONTI,FOUR STAR SALES AGENT FOR WESTBURY STABLES,ALL IN INVESTORS LLC,48000,,03/30/2022,FLORIDA,17&18,,,
Kentucky October Yearlings (2023),2023-10-24,531,B,F,AUDIBLE,GIRLNTHEYELLOWTAXI,ELUSIVE QUALITY,PREFERRED EQUINE AGENT,JORGE GONZALEZ REY,3500,,03/23/2022,NEW YORK,23,,,
Kentucky October Yearlings (2023),2023-10-24,532,B,C,WEST COAST,GIRLS LIFE,COLONEL JOHN,BILL MURPHY AGENT IV,ERNESTO MARTINEZ,7000,,04/24/2022,KENTUCKY,22,,,
Kentucky October Yearlings (2023),2023-10-24,533,DKB,C,MACLEAN'S MUSIC,GIVEHERDALUTE,MIDNIGHT LUTE,BUCKLAND SALES (ZACH MADDEN) AGENT XV,MR. & MRS. ERIC W. DEMMERS,42000,,05/15/2022,KENTUCKY,20,,,
Kentucky October Yearlings (2023),2023-10-24,534,DKB,F,CONNECT,GLAMANATION,POINT OF ENTRY,TAYLOR MADE SALES AGENCY AGENT XL,RAUL GONZALEZ RAMIREZ,3000,,04/05/2022,KENTUCKY,12&13&16,,,
Kentucky October Yearlings (2023),2023-10-24,535,B,F,IMPROBABLE,GLAMOUR AND STYLE,DYNAFORMER,MULHOLLAND SPRINGS AGENT IV,THOROSTOCK LLC,13000,,05/08/2022,NEW YORK,14,,,
Kentucky October Yearlings (2023),2023-10-24,536,DKB,F,COAL FRONT,GLAMOUR LADY,MORE THAN READY,KEITH LANCASTER AGENT I,KENNETH MCPEEK AGENT,25000,,03/19/2022,KENTUCKY,23,,,
Kentucky October Yearlings (2023),2023-10-24,537,DKB,F,MO TOWN,GLAMOUR STAR,DYNAFORMER,HILL 'N' DALE AT XALAPA AGENT,MIKE AKERS AGENT,25000,,05/12/2022,KENTUCKY,4,,,
Kentucky October Yearlings (2023),2023-10-24,538,B,F,NOT THIS TIME,GLORIFIED,HONOUR AND GLORY,TAYLOR MADE SALES AGENCY AGENT LXXI,SAINTS OR SINNERS,190000,,03/11/2022,KENTUCKY,12&13&16,,,
Kentucky October Yearlings (2023),2023-10-24,539,B,C,FOG OF WAR,GOIAS (IRE),HARD SPUN,BALLYSAX BLOODSTOCK AGENT VI,DON ARIENZO STABLE LLC,6500,,02/25/2022,NEW YORK,22,,,
Kentucky October Yearlings (2023),2023-10-24,540,B,F,AUTHENTIC,GOLD ARROW,MEDAGLIA D'ORO,GAINESWAY AGENT XV,STEVE DWOSKIN,47000,,03/18/2022,KENTUCKY,5&6,,,
Kentucky October Yearlings (2023),2023-10-24,541,B,F,TAPWRIT,GOLDENA PODKOVE,WAR PASS,PARAMOUNT SALES AGENT XX,AVK BLOODSTOCK,5000,,05/10/2022,KENTUCKY,20,,,
Kentucky October Yearlings (2023),2023-10-24,542,CH,C,AMERICAN PHAROAH,GOLDEN AWARD,MEDAGLIA D'ORO,LANE'S END AGENT,ELLEN EPSTEIN,10000,,03/24/2022,KENTUCKY,1&2,,,
Kentucky October Yearlings (2023),2023-10-24,543,CH,F,SPEIGHTSTER,GOLDEN JASMINE,GOLDENCENTS,TERRAZAS THOROUGHBREDS AGENT II,KINGS EQUINE,20000,,04/21/2022,KENTUCKY,21,,,
Kentucky October Yearlings (2023),2023-10-24,544,CH,C,COLLECTED,GOLDEN ORB,ORB,DOUBLE R CONSIGNMENT AGENT,TOM MCCROCKLIN AGENT,42000,,03/28/2022,KENTUCKY,22,,,
Kentucky October Yearlings (2023),2023-10-24,545,DKB,F,CLOUD COMPUTING,GOLDEN PIONEER,PIONEEROF THE NILE,PARAMOUNT SALES AGENT I,NOT SOLD,8000,,04/06/2022,INDIANA,20,,,
Kentucky October Yearlings (2023),2023-10-24,546,CH,F,FLAMEAWAY,GOLDEN PO,GOLD FEVER,EQUUS FARM (JERRY CUMMINS/PAUL ADAMS) AGENT IV,DON ARIENZO STABLE LLC,3000,,04/20/2022,KENTUCKY,14,,,
Kentucky October Yearlings (2023),2023-10-24,547,CH,F,JUSTIFY,GOLDEN STAR LADY,CANDY RIDE (ARG),LEDGELANDS LLC AGENT FOR TWIN OAKS BLOODSTOCK LLC,SCANLON TRAINING AND SALES,150000,,03/27/2022,KENTUCKY,19,,,
Kentucky October Yearlings (2023),2023-10-24,548,DKB,F,BOLT D'ORO,GOLDEN STATE,ELUSIVE QUALITY,GROVENDALE SALES AGENT FOR WINSTAR FARM BRED & RAISED,JUAN CANO,4000,,05/17/2022,KENTUCKY,17,,,
Kentucky October Yearlings (2023),2023-10-24,549,B,F,CLASSIC EMPIRE,GOLDSTRYKE GLORY,SECOND IN COMMAND,SUSAN Y. FOREMAN AGENT,MEAH/LLOYD BLOODSTOCK AGENT STARRY NIGHT RACING,55000,,05/06/2022,ONTARIO,21,,,
Kentucky October Yearlings (2023),2023-10-24,550,B,F,RUNHAPPY,GOLD VAULT,ARCH,CLAIBORNE FARM AGENT,NOT SOLD,14000,,04/26/2022,KENTUCKY,8,,,
Kentucky October Yearlings (2023),2023-10-24,551,B,C,DAREDEVIL,GOMOGOTCHA,MEDAGLIA D'ORO,DENALI STUD AGENT FOR BRIDLEWOOD FARM,STEFANIA FARM,50000,Y,02/26/2022,FLORIDA,1&2,,,
Kentucky October Yearlings (2023),2023-10-24,552,B,F,MAXIMUM SECURITY,GONE TO BALI,GONE ASTRAY,BLACKBURN FARM AGENT,NOT SOLD,10000,,03/27/2022,KENTUCKY,22,,,
Kentucky October Yearlings (2023),2023-10-24,553,B,C,CLASSIC EMPIRE,GOODBYE CAT,TALE OF THE CAT,BLUEWATER SALES LLC AGENT IV,MICHAEL A FOSTER,175000,,02/01/2022,KENTUCKY,8,,,
Kentucky October Yearlings (2023),2023-10-24,554,B,C,UNION RAGS,GOOD CREATION,CREATIVE CAUSE,WARRENDALE SALES AGENT XVIII,NOT SOLD,49000,,03/17/2022,CALIFORNIA,21,,,
Kentucky October Yearlings (2023),2023-10-24,555,B,F,DIALED IN,GOODY TWO SHOES,ORIENTATE,BRANDYWINE FARM (JIM & PAM ROBINSON),JOHN SERVIS AGENT,35000,,02/07/2022,KENTUCKY,15,,,
Kentucky October Yearlings (2023),2023-10-24,556,DKB,F,MITOLE,GOT BLING,LANGFUHR,PETER SHEPPELL THOROUGHBREDS,FUN TO RUN,6500,,03/18/2022,OHIO,20,,,
Kentucky October Yearlings (2023),2023-10-24,557,DKB,F,QUALITY ROAD,GOTTAHAVEAHOLIDAY,HARLAN'S HOLIDAY,TAYLOR MADE SALES AGENCY AGENT FOR COTEAU GROVE FARMS,NOT SOLD,195000,,02/11/2022,LOUISIANA,12&13&16,,,
Kentucky October Yearlings (2023),2023-10-24,558,DKB,C,COMPLEXITY,GRACEFUL RAGE,TIZNOW,PARAMOUNT SALES AGENT XXXVII,OUT,0,,03/31/2022,NEW YORK,20,,,
Kentucky October Yearlings (2023),2023-10-24,559,GRR,C,TAPIT,GRACE HALL,EMPIRE MAKER,LANE'S END AGENT,OUT,0,,04/11/2022,KENTUCKY,1&2,,,
Kentucky October Yearlings (2023),2023-10-24,560,CH,F,PRACTICAL JOKE,GRACE IS GONE,MALIBU MOON,FOUR STAR SALES AGENT,ST VENTURES,110000,,01/26/2022,KENTUCKY,17&18,,,
Kentucky October Yearlings (2023),2023-10-24,561,B,C,YOSHIDA (JPN),GRANDEZZA,SCAT DADDY,GREENFIELD FARMS AGENT V,OUT,0,,04/18/2022,KENTUCKY,18,,,
Kentucky October Yearlings (2023),2023-10-24,562,B,F,UNCLE MO,GRATEFUL,HARD SPUN,LANE'S END AGENT,WILDRIDGE BLOODSTOCK,10000,,04/15/2022,KENTUCKY,1&2,,,
Kentucky October Yearlings (2023),2023-10-24,563,DKB,F,MIDNIGHT LUTE,GRAY STORM A'COMIN,TROPICAL STORM,HILL 'N' DALE AT XALAPA AGENT,BREANDAN DRAPER AGENT FOR SPAN INVESTMENT,15000,,04/29/2022,KENTUCKY,4,,,
Kentucky October Yearlings (2023),2023-10-24,564,CH,C,TAPITURE,GREAT DAY,ACTION THIS DAY,PETER SHEPPELL THOROUGHBREDS,NOT SOLD,22000,,04/12/2022,OHIO,20,,,
Kentucky October Yearlings (2023),2023-10-24,565,CH,C,MUNNINGS,GREAT EMMY M,LEMON DROP KID,WARRENDALE SALES AGENT XXI,LDC LLC,85000,,03/31/2022,KENTUCKY,21,,,
Kentucky October Yearlings (2023),2023-10-24,566,GRR,C,GIFT BOX,GROUP TEXT,INCLUDE,MACHMER HALL SALES AGENT VI,K.O.I.D.,30000,,05/09/2022,MARYLAND,5&6,,,
Kentucky October Yearlings (2023),2023-10-24,567,DKB,F,INSTAGRAND,GYPSY PRINCESS,UNBRIDLED'S SONG,STRAIGHT LINE EQUINE SALES AGENT FOR COTEAU GROVE FARMS,OUT,0,,03/15/2022,LOUISIANA,20,,,
Kentucky October Yearlings (2023),2023-10-24,568,GRR,F,CUPID,HAILEIGH'S COMET,BELONG TO ME,LEGACY BLOODSTOCK AGENT XXX,JAMES ALESSI,1000,,04/16/2022,KENTUCKY,22,,,
Kentucky October Yearlings (2023),2023-10-24,569,DKB,C,OMAHA BEACH,HAILSTORM SLEW,MUNNINGS,BUCKLAND SALES (ZACH MADDEN) AGENT IX,NOT SOLD,25000,,04/21/2022,KENTUCKY,20,,,
Kentucky October Yearlings (2023),2023-10-24,570,DKB,F,AUTHENTIC,HALO DOLLY,POPULAR,LEGACY BLOODSTOCK AGENT VII,NOT SOLD,145000,,05/20/2022,NEW YORK,22,,,
Kentucky October Yearlings (2023),2023-10-24,571,B,C,MORE THAN READY,HALO'S VERSE,UNBRIDLED'S SONG,ANDERSON FARMS AGENT,TED HOLDER,15000,,05/20/2022,ONTARIO,3,,,
Kentucky October Yearlings (2023),2023-10-24,572,B,C,TWIRLING CANDY,HANNAHANNA,MALIBU MOON,FOUR STAR SALES AGENT FOR WESTBURY STABLES,ABBYVSGOLF,40000,,03/17/2022,FLORIDA,17&18,,,
Kentucky October Yearlings (2023),2023-10-24,573,B,C,FLAMEAWAY,HAPPY HARMONY,RUNHAPPY,HIGHGATE SALES AGENT X,GRACIE BLOODSTOCK AGENT,53000,,03/03/2022,KENTUCKY,15,,,
Kentucky October Yearlings (2023),2023-10-24,574,B,C,UNION RAGS,HAPPY HONEYMOON,HONOUR AND GLORY,POPE MCLEAN (CRESTWOOD FARM) AGENT VII,NOT SOLD,27000,,03/29/2022,FLORIDA,20,,,
Kentucky October Yearlings (2023),2023-10-24,575,DKB,C,BRODY'S CAUSE,HAPPY'S ARM CANDY,CANDY RIDE (ARG),GAINESWAY AGENT XXIII,PATIENCE JAZDZEWSKI,3000,,05/05/2022,KENTUCKY,5&6,,,
Kentucky October Yearlings (2023),2023-10-24,576,B,F,BOLT D'ORO,HARD LOVIN WOMAN,ROCK HARD TEN,TAYLOR MADE SALES AGENCY AGENT LXI,OUT,0,,05/14/2022,KENTUCKY,12&13&16,,,
Kentucky October Yearlings (2023),2023-10-24,577,B,F,HONOR A. P.,HARD MYSTERY,HARD SPUN,VINERY SALES AGENT XLVI,FUN TO RUN,12000,,04/08/2022,TEXAS,21&22,,,
Kentucky October Yearlings (2023),2023-10-24,578,GRR,C,CONSTITUTION,HARD NOT TO LIKE,HARD SPUN,DENALI STUD AGENT VII,ANTONIO SANO,19000,,05/07/2022,KENTUCKY,1&2,,,
Kentucky October Yearlings (2023),2023-10-24,579,B,C,IMPROBABLE,HARLINGTON'S ROSE,HARLINGTON,WARRENDALE SALES AGENT FOR WINSTAR FARM BRED & RAISED,SCANLON TRAINING AND SALES,38000,,03/29/2022,KENTUCKY,21,,,
Kentucky October Yearlings (2023),2023-10-24,580,B,C,WAR OF WILL,HARMONY VICTORY,MORE THAN READY,MILL RIDGE SALES AGENT X,GRASSROOTS TRN & SALES LLC,50000,,02/08/2022,KENTUCKY,11,,,
Kentucky October Yearlings (2023),2023-10-24,581,DKB,C,MO TOWN,HASHTAGSID,SCAT DADDY,TAYLOR MADE SALES AGENCY AGENT XLII,CHRIS MELTON,1000,,03/07/2022,KENTUCKY,12&13&16,,,
Kentucky October Yearlings (2023),2023-10-24,582,B,F,PRACTICAL JOKE,HATPIN,SMART STRIKE,HIGHGATE SALES AGENT IV,OUT,0,,03/31/2022,LOUISIANA,15,,,
Kentucky October Yearlings (2023),2023-10-24,583,B,C,BERNARDINI,HAWANA,WAR FRONT,HIDDEN BROOK AGENT I,NOT SOLD,27000,,04/05/2022,KENTUCKY,22,,,
Kentucky October Yearlings (2023),2023-10-24,584,CH,C,WORLD OF TROUBLE,HEAD FOR HOME,WHISKEY WISDOM,VINERY SALES AGENT XXXV,S.R.O.A (K.O.I.D.),20000,,05/10/2022,KENTUCKY,21&22,,,
Kentucky October Yearlings (2023),2023-10-24,585,B,F,KLIMT,HEART BEAT AWAY,BODEMEISTER,WESTBROOK STABLES LLC,NOT SOLD,1000,,03/07/2022,KENTUCKY,19,,,
Kentucky October Yearlings (2023),2023-10-24,586,B,C,TWIRLING CANDY,HEART STEALER,SPEIGHTSTOWN,HIGHGATE SALES AGENT XV,BACCARI BLOODSTOCK FOR DWF,100000,Y,03/23/2022,KENTUCKY,15,,,
Kentucky October Yearlings (2023),2023-10-24,587,CH,C,GOLDENCENTS,HEATHER'S VISION,ZENSATIONAL,WARRENDALE SALES AGENT VII,CM THOROUGHBREDS,7000,,02/11/2022,KENTUCKY,21,,,
Kentucky October Yearlings (2023),2023-10-24,588,B,C,NYQUIST,HEAVENLY LOVE,MALIBU MOON,GAINESWAY AGENT XVI,MIKE RYAN AGENT,250000,,05/18/2022,KENTUCKY,5&6,,,
Kentucky October Yearlings (2023),2023-10-24,589,CH,C,MIDSHIPMAN,HEAVENLY LUCKY,LOOKIN AT LUCKY,DARBY DAN FARM AGENT II,NOT SOLD,22000,,04/30/2022,WEST VIRGINIA,17,,,
Kentucky October Yearlings (2023),2023-10-24,590,B,C,DIALED IN,HEAVENLY VISION,FORESTRY,HIBISCUS SALES,MARK GLATT AGENT,52000,,03/19/2022,NEW YORK,22,,,
Kentucky October Yearlings (2023),2023-10-24,591,B,C,DIALED IN,HEDONISM,CURLIN,MACHMER HALL SALES AGENT FOR GREY DAWN STABLES,NOT SOLD,57000,,04/30/2022,KENTUCKY,5&6,,,
Kentucky October Yearlings (2023),2023-10-24,592,B,C,FLAMEAWAY,HEDY HOPPER,VICTORY GALLOP,MACHMER HALL SALES AGENT FOR MACHMER HALL,P413 RACING,25000,,05/06/2022,NEW YORK,5&6,,,
Kentucky October Yearlings (2023),2023-10-24,593,B,F,DEMARCHELIER (GB),HELEN,GIO PONTI,WESTBROOK STABLES LLC,ANTHONY HILL,2000,,03/14/2022,KENTUCKY,19,,,
Kentucky October Yearlings (2023),2023-10-24,594,GRR,C,HONEST MISCHIEF,HELEN'S TIGER,SMILING TIGER,HIGHGATE SALES AGENT I,JOSE ARROYO,15000,,05/02/2022,NEW YORK,15,,,
Kentucky October Yearlings (2023),2023-10-24,595,CH,C,CATHOLIC BOY,HELENSVALE,ELUSIVE QUALITY,RUNNYMEDE FARM LLC AGENT,ERIC AQUINO,15000,,02/10/2022,KENTUCKY,1,,,
Kentucky October Yearlings (2023),2023-10-24,596,GRR,F,CUPID,HEN HOUSE,HENNY HUGHES,ELISE W. KENDALL AGENT,NOT SOLD,17000,,02/06/2022,VIRGINIA,15,,,
Kentucky October Yearlings (2023),2023-10-24,597,B,F,VEKOMA,HERE'S TO LIFE,INTO MISCHIEF,TAYLOR MADE SALES AGENCY AGENT VI,KINGS EQUINE,27000,,04/14/2022,KENTUCKY,12&13&16,,,
Kentucky October Yearlings (2023),2023-10-24,598,B,C,LIAM'S MAP,HESSONITE,FREUD,ST GEORGE SALES AGENT XV,OUT,0,,04/05/2022,KENTUCKY,10,,,
Kentucky October Yearlings (2023),2023-10-24,599,CH,C,AUTHENTIC,HEYKITTYKITTYKITTY,TACTICAL CAT,EATON SALES AGENT,OUT,0,,04/27/2022,KENTUCKY,7,,,
Kentucky October Yearlings (2023),2023-10-24,600,CH,C,COMPLEXITY,HEY NIKI,INCLUDE,AIRDRIE STUD RAISED & OFFERED,OUT,0,,04/15/2022,KENTUCKY,3,,,
Kentucky October Yearlings (2023),2023-10-24,601,CH,C,FLAMEAWAY,HICKORY BELLE,UNBRIDLED TIME,VINERY SALES AGENT IV,W.P.T.,30000,,04/05/2022,KENTUCKY,21&22,,,
Kentucky October Yearlings (2023),2023-10-24,602,B,F,THOUSAND WORDS,HIDDEN PRINCESS,SIGNATURE RED,BTE STABLES,NOT SOLD,27000,,03/24/2022,KENTUCKY,4,,,
Kentucky October Yearlings (2023),2023-10-24,603,DKB,C,VEKOMA,HIDDEN REWARD,GRAYDAR,ST GEORGE SALES AGENT VI,MIGUEL SILVA,10000,,02/25/2022,KENTUCKY,10,,,
Kentucky October Yearlings (2023),2023-10-24,604,GRR,F,CAIRO PRINCE,HIDDEN ROSIE,SIGNATURE RED,BILL MURPHY AGENT III,ALLAN MCCAMON/SIX K'S AGENT,50000,,04/14/2022,KENTUCKY,22,,,
Kentucky October Yearlings (2023),2023-10-24,605,B,C,FOG OF WAR,HIGH QUAIL,TIZNOW,PREFERRED EQUINE AGENT,NOT SOLD,9000,,03/19/2022,NEW YORK,23,,,
Kentucky October Yearlings (2023),2023-10-24,606,DKB,C,BOLT D'ORO,HIP HOP N JAZZ,SPEIGHTSTOWN,VINERY SALES AGENT XX,NOT SOLD,47000,,03/16/2022,ONTARIO,21&22,,,
Kentucky October Yearlings (2023),2023-10-24,607,B,C,MAXIMUS MISCHIEF,HISSE,BUDDHA,STUART MORRIS AGENT VI,MEAH/LLOYD BLOODSTOCK AGENT STARRY NIGHT RACING,47000,,04/11/2022,KENTUCKY,23,,,
Kentucky October Yearlings (2023),2023-10-24,608,DKB,C,CATHOLIC BOY,HISTORY SUPREME,SPEIGHTSTOWN,BURLESON FARMS AGENT,NOT SOLD,42000,,03/27/2022,KENTUCKY,23,,,
Kentucky October Yearlings (2023),2023-10-24,609,GRR,F,TAPIT,HITECHNOWEENIE,HARLAN'S HOLIDAY,GAINESWAY AGENT III,NO GUTS NO GLORY FARM,100000,,02/23/2022,KENTUCKY,5&6,,,
Kentucky October Yearlings (2023),2023-10-24,610,B,F,MITOLE,H. L. HUNLEY,ROMAN RULER,TAYLOR MADE SALES AGENCY AGENT VI,JOSHUA GALINDO,2000,,04/03/2022,KENTUCKY,12&13&16,,,
Kentucky October Yearlings (2023),2023-10-24,611,B,C,MCKINZIE,HOLDERS SEASON,SPEIGHTSTOWN,TAYLOR MADE SALES AGENCY AGENT LXXXII,NOT SOLD,195000,,03/01/2022,KENTUCKY,12&13&16,,,
Kentucky October Yearlings (2023),2023-10-24,612,B,C,AMERICAN FREEDOM,HOLD HER TIGHT,PROUD CITIZEN,AIRDRIE STUD RAISED & OFFERED,LINDSAY SCHULTZ RACING STABLE,27000,,03/23/2022,KENTUCKY,3,,,
Kentucky October Yearlings (2023),2023-10-24,613,B,C,CONSTITUTION,HOLIDAY DISGUISE,HARLAN'S HOLIDAY,DENALI STUD AGENT FOR LADY SHEILA STABLE III LLC,NOT SOLD,19000,,04/30/2022,NEW YORK,1&2,,,
Kentucky October Yearlings (2023),2023-10-24,614,B,F,MACLEAN'S MUSIC,HOLIDAYS SARATOGA,HARLAN'S HOLIDAY,PETER SHEPPELL THOROUGHBREDS AGENT,NOT SOLD,40000,,05/15/2022,OHIO,20,,,
Kentucky October Yearlings (2023),2023-10-24,615,DKB,C,CLOUD COMPUTING,HOLIDAY TRUFFLES,HARLAN'S HOLIDAY,BLUEWATER SALES LLC AGENT XI,NOT SOLD,14000,,05/07/2022,KENTUCKY,8,,,
Kentucky October Yearlings (2023),2023-10-24,616,B,C,MAXIMUS MISCHIEF,HOLIDEJAVU,TIZDEJAVU,FORBUSH FARM,FAST HORSES,28000,,04/19/2022,KENTUCKY,19,,,
Kentucky October Yearlings (2023),2023-10-24,617,GRR,F,MAXIMUS MISCHIEF,HOLY PRINCESS,HOLY BULL,MULHOLLAND SPRINGS AGENT,OUT,0,,03/10/2022,NEW YORK,14,,,
Kentucky October Yearlings (2023),2023-10-24,618,DKB,F,MACLEAN'S MUSIC,HOMEFIELDADVANTAGE,GHOSTZAPPER,DENALI STUD AGENT XXIV,JOHN BROCKLEBANK AGENT,20000,,03/22/2022,KENTUCKY,1&2,,,
Kentucky October Yearlings (2023),2023-10-24,619,CH,C,MITOLE,HONEST TO BETSY,YONAGUSKA,LANE'S END AGENT,NOT SOLD,23000,,04/30/2022,NEW YORK,1&2,,,
Kentucky October Yearlings (2023),2023-10-24,620,CH,C,VEKOMA,HONOR INDY,TO HONOR AND SERVE,GAINESWAY AGENT XI,JONES/EVERETTAGT FOR R A HILL,100000,,03/01/2022,KENTUCKY,5&6,,,
Kentucky October Yearlings (2023),2023-10-24,621,B,F,LIAM'S MAP,HOPEFUL GROWTH,TAPITURE,DARBY DAN FARM AGENT III,STONEWAY,170000,,03/27/2022,KENTUCKY,17,,,
Kentucky October Yearlings (2023),2023-10-24,622,B,C,BOLT D'ORO,HOPEFUL JOY,KITTEN'S JOY,VINERY SALES AGENT VI,FAST TRACK WELLNESS,27000,Y,04/25/2022,KENTUCKY,21&22,,,
Kentucky October Yearlings (2023),2023-10-24,623,DKB,F,MITOLE,HOPEFUL UNION,DIXIE UNION,TRACKSIDE FARM (TOM EVANS) AGENT FOR TENLANE FARM,HINES/CB,30000,,04/17/2022,KENTUCKY,21,,,https://vimeo.com/875525659?share=copy
Kentucky October Yearlings (2023),2023-10-24,624,CH,F,AUTHENTIC,HOT AUTUMN,TIZ WONDERFUL,LANE'S END AGENT FOR COTEAU GROVE FARMS,NOT SOLD,145000,,02/12/2022,LOUISIANA,1&2,,,
Kentucky October Yearlings (2023),2023-10-24,625,B,F,NYQUIST,HOT BLOODED GIRL,TAPIT,CLAIBORNE FARM AGENT FOR WILD AIRE PARTNERS LLC,NEW DAY TRAINING CENTER,55000,,02/27/2022,KENTUCKY,8,,,
Kentucky October Yearlings (2023),2023-10-24,626,B,F,UNCLE MO,HOT CITY GIRL,CITY ZIP,LEDGELANDS LLC AGENT FOR TWIN OAKS BLOODSTOCK LLC,NOT SOLD,345000,,02/18/2022,NEW YORK,19,,,
Kentucky October Yearlings (2023),2023-10-24,627,CH,C,MITOLE,HOT STREET,STREET BOSS,VINERY SALES AGENT XLVIII,OUT,0,,03/11/2022,KENTUCKY,21&22,,,
Kentucky October Yearlings (2023),2023-10-24,628,CH,C,AUDIBLE,HOW FAR TO HEAVEN,DISTORTED HUMOR,SHELTOWEE SALES AGENT,CAM ZIPRICK & JARED BROWN,11000,,05/06/2022,KENTUCKY,23,,,
Kentucky October Yearlings (2023),2023-10-24,629,CH,F,THOUSAND WORDS,HUCKLEBERRY,LIAM'S MAP,ENDEAVOR FARM AGENT,JAYDE J. GELNER,1500,,02/17/2022,TEXAS,19,,,
Kentucky October Yearlings (2023),2023-10-24,630,B,C,GORMLEY,HUG IT OUT,MEDAGLIA D'ORO,TERRAZAS THOROUGHBREDS AGENT VI,LEGION BLOODSTOCK AGENT FOR LONNIE COWLES,22000,,03/22/2022,KENTUCKY,21,,,
Kentucky October Yearlings (2023),2023-10-24,631,CH,F,VOLATILE,HUMMINGBIRD HILL,TAPIT,MULHOLLAND SPRINGS AGENT IV,III BEAUTYS THOROUGHBREDS LLC,25000,,04/22/2022,NEW YORK,14,,,https://vimeo.com/874528306?share=copy
Kentucky October Yearlings (2023),2023-10-24,632,B,C,QUALITY ROAD,HUNGRY ISLAND,MORE THAN READY,GAINESWAY AGENT XXIV,NOT SOLD,195000,,04/04/2022,KENTUCKY,5&6,,,
Kentucky October Yearlings (2023),2023-10-24,633,B,F,MORE THAN READY,HURRYUPANDCOMEBACK,MIZZEN MAST,MILL RIDGE SALES AGENT VIII,OUT,0,,04/05/2022,MARYLAND,11,,,
Kentucky October Yearlings (2023),2023-10-24,634,B,C,INSTAGRAND,I AM MISS BROWN,BIG BROWN,TERRAZAS THOROUGHBREDS AGENT V,CECIL PETERS,15000,,04/09/2022,KENTUCKY,21,,,
Kentucky October Yearlings (2023),2023-10-24,635,CH,C,MACLEAN'S MUSIC,ICANCEECLEARLYNOW,TIZNOW,GAINESWAY AGENT XI,TOM MCCROCKLIN AGENT,57000,,03/13/2022,KENTUCKY,5&6,,,
Kentucky October Yearlings (2023),2023-10-24,636,DKB,F,SEEKING THE SOUL,ICY TALES,TALE OF EKATI,FOUR STAR SALES AGENT,PRORACING STABLE/ JOSE DIANGELO AGENT,30000,,04/20/2022,FLORIDA,17&18,,,
Kentucky October Yearlings (2023),2023-10-24,637,CH,C,COUNTRY HOUSE,IDONOWIDONT,BROKEN VOW,LEGACY BLOODSTOCK AGENT XXVII,MIGUEL SILVA,3000,,02/23/2022,INDIANA,22,,,
Kentucky October Yearlings (2023),2023-10-24,638,GRR,F,VOLATILE,IGNITE,JUMP START,PARAMOUNT SALES AGENT XXXVI,KENNETH MCPEEK AGENT,150000,,03/18/2022,NEW YORK,20,,,
Kentucky October Yearlings (2023),2023-10-24,639,DKB,F,TOURIST,IGOTTAWHITEFACE,STROLL,BILL MURPHY AGENT III,STUD LA ALIANZA,3000,,03/27/2022,KENTUCKY,22,,,
Kentucky October Yearlings (2023),2023-10-24,640,DKB,C,GOLDENCENTS,I GOT THE BOY,CANDY RIDE (ARG),DIXIANA FARMS LLC,ROBERTO CHAVEZ,5000,,04/06/2022,KENTUCKY,17,,,
Kentucky October Yearlings (2023),2023-10-24,641,B,F,GUN RUNNER,IL BRIGANTE,KELA,TAYLOR MADE SALES AGENCY AGENT LXXII,C F FARM,200000,,03/03/2022,KENTUCKY,12&13&16,,,
Kentucky October Yearlings (2023),2023-10-24,642,DKB,F,PERFECT TIMBER,IM A DIXIE GIRL,DIXIE UNION,HUNTER VALLEY FARM AGENT,FROSTY BLOODSTOCK,8000,,05/03/2022,ONTARIO,9,,,
Kentucky October Yearlings (2023),2023-10-24,643,DKB,F,HONOR A. P.,IMAGE OF MOM,HALO'S IMAGE,GAINESWAY AGENT XXIII,NOT SOLD,12000,,04/28/2022,KENTUCKY,5&6,,,
Kentucky October Yearlings (2023),2023-10-24,644,GRR,C,LEOFRIC,IMAGE OF NOON,DISCO RICO,WOODS EDGE FARM AGENT,LAUREN ROBSON AGT FOR RODDY VALENTE,62000,,05/07/2022,NEW YORK,3,,,
Kentucky October Yearlings (2023),2023-10-24,645,B,C,CLOUD COMPUTING,IMAGINE A STAR,CAN THE MAN,VINERY SALES AGENT XXX,OUT,0,,03/24/2022,MARYLAND,21&22,,,
Kentucky October Yearlings (2023),2023-10-24,646,B,C,IMPROBABLE,I'M BETTY G,INTO MISCHIEF,STONERIGGS FARM,DKW RACING,50000,Y,03/28/2022,KENTUCKY,6,,,
Kentucky October Yearlings (2023),2023-10-24,647,B,F,PRACTICAL JOKE,IMPLY,E DUBAI,BALLYSAX BLOODSTOCK AGENT IV,OUT,0,,03/06/2022,PENNSYLVANIA,22,,,
Kentucky October Yearlings (2023),2023-10-24,648,DKB,C,STREET SENSE,IMPOSSIBLE TALE,TALE OF EKATI,HUNTER VALLEY FARM AGENT,M T STABLE,5000,,04/29/2022,ONTARIO,9,,,
Kentucky October Yearlings (2023),2023-10-24,649,B,C,AUTHENTIC,INCREDIBLE YOU,UNCLE MO,FOUR STAR SALES AGENT,MARK GLATT AGENT,85000,,02/06/2022,KENTUCKY,17&18,,,
Kentucky October Yearlings (2023),2023-10-24,650,GRR,C,TAPIT,INDIA,HENNESSY,LANE'S END AGENT,CHARLIE ALLEN,105000,,04/04/2022,KENTUCKY,1&2,,,
Kentucky October Yearlings (2023),2023-10-24,651,B,C,INTO MISCHIEF,INDY PUNCH,PULLING PUNCHES,BLAKE-ALBINA THOROUGHBRED SERVICES LLC AGENT I,M & T RACING LLC,325000,,03/17/2022,KENTUCKY,11,,,
Kentucky October Yearlings (2023),2023-10-24,652,DKB,F,TALE OF VERVE,INDY'S MILLION,A.P. INDY,HUNTER VALLEY FARM AGENT,IDA SPAGNOLA,2000,,03/22/2022,KENTUCKY,9,,,
Kentucky October Yearlings (2023),2023-10-24,653,CH,C,GAME WINNER,INFORMATION MOSAIC,BERNARDINI,TAYLOR MADE SALES AGENCY AGENT V,AVK BLOODSTOCK,20000,,04/23/2022,KENTUCKY,12&13&16,,,
Kentucky October Yearlings (2023),2023-10-24,654,B,F,MITOLE,IN MY GLORY,HONOUR AND GLORY,LISA & TIM TURNEY AGENT V,OUT,0,,04/07/2022,KENTUCKY,19,,,
Kentucky October Yearlings (2023),2023-10-24,655,B,F,CITY OF LIGHT,INSIDE STORY,ALTERNATION,LISA & TIM TURNEY AGENT I,LANCE RUTLEDGE,15000,,01/21/2022,KENTUCKY,19,,,
Kentucky October Yearlings (2023),2023-10-24,656,CH,C,AIR FORCE BLUE,INTENSIFIED,YANKEE GENTLEMAN,LEGACY BLOODSTOCK AGENT XXVII,MATT KWIATKOWSKI,7000,,03/18/2022,INDIANA,22,,,
Kentucky October Yearlings (2023),2023-10-24,657,DKB,F,INSTILLED REGARD,INTEREST,PIONEEROF THE NILE,SCOTT MALLORY AGENT III,OUT,0,,03/17/2022,KENTUCKY,12,,,
Kentucky October Yearlings (2023),2023-10-24,658,DKB,F,PERFECT TIMBER,INTERNALLYFLAWLESS,GIANT'S CAUSEWAY,HUNTER VALLEY FARM AGENT,LLOYD MACKINNON AGENT,2000,,05/03/2022,KENTUCKY,9,,,
Kentucky October Yearlings (2023),2023-10-24,659,DKB,C,GIFT BOX,INVIGOR,MEDAGLIA D'ORO,PARAMOUNT SALES AGENT XIX,LITTLE FARM,7000,,05/11/2022,KENTUCKY,20,,,
Kentucky October Yearlings (2023),2023-10-24,660,CH,C,TAPITURE,INVITE,INCLUDE,HILL 'N' DALE AT XALAPA AGENT,PHILLIP WARD,2000,,03/20/2022,KENTUCKY,4,,,
Kentucky October Yearlings (2023),2023-10-24,661,B,C,AUDIBLE,INVOLVED,SPEIGHTSTOWN,BETZ THOROUGHBREDS INC. AGENT,BBA IRELAND,70000,,02/28/2022,KENTUCKY,8,,,
Kentucky October Yearlings (2023),2023-10-24,662,DKB,F,ALTERNATION,IRREVOCABLE TRUST,STAY THIRSTY,VINERY SALES AGENT XXII,NOT SOLD,4500,,02/26/2022,INDIANA,21&22,,,
Kentucky October Yearlings (2023),2023-10-24,663,DKB,C,CAIRO PRINCE,ITS A DATE,DOMINUS,ST GEORGE SALES AGENT XXIV,NOVOGRATZ RACING/ ERIN WISMER AGENT,75000,,03/18/2022,KENTUCKY,10,,,
Kentucky October Yearlings (2023),2023-10-24,664,CH,F,INSTAGRAND,ITSINTHESTARS,ASTROLOGY,ST GEORGE SALES AGENT XIV,SCANLON TRAINING AND SALES,50000,Y,03/11/2022,KENTUCKY,10,,,
Kentucky October Yearlings (2023),2023-10-24,665,GRR,F,UNBRIDLED EXPRESS,ITZACOLDCASE,GOLD CASE,DENALI STUD AGENT X,OUT,0,,04/05/2022,INDIANA,1&2,,,
Kentucky October Yearlings (2023),2023-10-24,667,B,C,GOLDENCENTS,I'VE GOT GRACE,SMOKE GLACKEN,WARRENDALE SALES AGENT VI,NOT SOLD,4500,,04/08/2022,KENTUCKY,21,,,
Kentucky October Yearlings (2023),2023-10-24,668,CH,F,LORD NELSON,I WANT TO DUST HER,MASS MARKET,MAPLE RUN SOUTH,RICEHORSE AGENT,14000,,02/20/2022,INDIANA,23,,,
Kentucky October Yearlings (2023),2023-10-24,669,B,F,UNCLE MO,JACARANDA,CONGRATS,MILL RIDGE SALES AGENT I,TOM MCCROCKLIN AGENT FOR CHAMPION EQUINE LLC,380000,,05/16/2022,KENTUCKY,11,,,
Kentucky October Yearlings (2023),2023-10-24,670,B,F,LORD NELSON,JADE,COLONEL JOHN,LEGACY BLOODSTOCK AGENT XVII,CHRIS MELTON,4000,,03/23/2022,OHIO,22,,,
Kentucky October Yearlings (2023),2023-10-24,671,B,F,IMPROBABLE,JADWA,INVASOR (ARG),ST GEORGE SALES AGENT XIX,HABLAN LOS CABALLOS LLC,10000,,04/22/2022,KENTUCKY,10,,,
Kentucky October Yearlings (2023),2023-10-24,672,CH,G,GOLDENCENTS,JAVACANDY,SIDNEY'S CANDY,BTE STABLES AGENT,NOT SOLD,1000,,03/20/2022,KENTUCKY,4,,,
Kentucky October Yearlings (2023),2023-10-24,673,CH,C,KITTEN'S JOY,JAYLAN,SCAT DADDY,PARAMOUNT SALES AGENT V,OUT,0,,03/21/2022,TEXAS,20,,,
Kentucky October Yearlings (2023),2023-10-24,674,DKB,C,AUTHENTIC,JEANNIE S,SKY MESA,TAYLOR MADE SALES AGENCY AGENT XX,OUT,0,,01/25/2022,KENTUCKY,12&13&16,,,
Kentucky October Yearlings (2023),2023-10-24,675,DKB,F,TALE OF VERVE,JERSEY BEE'S,JERSEY TOWN,PARAMOUNT SALES AGENT XXIII,NOT SOLD,1500,,05/17/2022,KENTUCKY,20,,,
Kentucky October Yearlings (2023),2023-10-24,676,CH,F,CUPID,JERUSALEM STONE,DESERT WARRIOR,SHANAWAY FARM,GUILLERMO BERRIOS,18000,,03/29/2022,KENTUCKY,21,,,
Kentucky October Yearlings (2023),2023-10-24,677,GRR,F,TAPWRIT,JETE ETE,SUMMER BIRD,POPE MCLEAN (CRESTWOOD FARM) AGENT XI,AVK BLOODSTOCK,10000,,01/13/2022,KENTUCKY,20,,,
Kentucky October Yearlings (2023),2023-10-24,678,B,F,INTO MISCHIEF,JEWEL OF A CAT,WILDCAT HEIR,HILL 'N' DALE AT XALAPA AGENT,FAST HORSES,122000,,03/01/2022,KENTUCKY,4,,,
Kentucky October Yearlings (2023),2023-10-24,679,B,C,THOUSAND WORDS,JOE'S GIFT,SKY MESA,TAYLOR MADE SALES AGENCY AGENT LXV,DOUBLE D SALES,72000,,05/07/2022,MARYLAND,12&13&16,,,
Kentucky October Yearlings (2023),2023-10-24,680,DKB,C,VOLATILE,JOE'SGOLDENHOLIDAY,HARLAN'S HOLIDAY,DENALI STUD AGENT I,OUT,0,,03/15/2022,KENTUCKY,1&2,,,
Kentucky October Yearlings (2023),2023-10-24,681,B,C,GLOBAL CAMPAIGN,JOHANSSON,PIONEEROF THE NILE,CARA BLOODSTOCK AGENT FOR APRICOT VALLEY THOROUGHBREDS,JIM BRUCE,60000,,02/10/2022,ONTARIO,10,,,
Kentucky October Yearlings (2023),2023-10-24,682,CH,C,HARD SPUN,JO MARIE,ELUSIVE QUALITY,GAINESWAY AGENT VII,THOROSTOCK LLC,32000,,01/29/2022,KENTUCKY,5&6,,,
Kentucky October Yearlings (2023),2023-10-24,683,B,C,UNIFIED,JOONBI,POLLARD'S VISION,PAUL TACKETT AGENT,NOT SOLD,19000,,04/29/2022,KENTUCKY,14,,,
Kentucky October Yearlings (2023),2023-10-24,684,B,F,BERNARDINI,JOYSOME,CAIRO PRINCE,STONE FARM,WEST BLOODSTOCK,50000,,01/29/2022,KENTUCKY,10,,,
Kentucky October Yearlings (2023),2023-10-24,685,B,C,LIAM'S MAP,JULIA'S READY,MORE THAN READY,LANE'S END AGENT,NOT SOLD,95000,,04/04/2022,KENTUCKY,1&2,,,
Kentucky October Yearlings (2023),2023-10-24,686,CH,C,FIRST SAMURAI,JUST HOPING,GULCH,LISA & TIM TURNEY AGENT IV,OUT,0,,05/21/2022,KENTUCKY,19,,,
Kentucky October Yearlings (2023),2023-10-24,687,DKB,C,WIN WIN WIN,JYLES,YES IT'S TRUE,SUMMERFIELD (FRANCIS & BARBARA VANLANGENDONCK) AGENT,OUT,0,,05/02/2022,FLORIDA,3,,,
Kentucky October Yearlings (2023),2023-10-24,688,CH,C,ENGLISH CHANNEL,KAHRUMANA,SHAMARDAL,MIKELLE FARM AGENT,JOHN SERVIS AGT FOR CAR GUYS,30000,,04/25/2022,KENTUCKY,23,,,
Kentucky October Yearlings (2023),2023-10-24,689,GRR,C,AUDIBLE,KASHAMI,MIZZEN MAST,BLAKE-ALBINA THOROUGHBRED SERVICES LLC AGENT I,HAPPY VALLEY FARM,14000,,03/20/2022,NEW YORK,11,,,
Kentucky October Yearlings (2023),2023-10-24,690,DKB,F,CONNECT,KASSIDY'S KISS,BELONG TO ME,CHUCK GIVENS,CHRIS MELTON,3000,,05/16/2022,KENTUCKY,11,,,
Kentucky October Yearlings (2023),2023-10-24,691,B,C,CURLIN,KATERI,INDIAN CHARLIE,BLAKE-ALBINA THOROUGHBRED SERVICES LLC AGENT I,NOT SOLD,320000,,05/02/2022,KENTUCKY,11,,,
Kentucky October Yearlings (2023),2023-10-24,692,B,F,LORD NELSON,KATIE'S GARDEN,ELUSIVE QUALITY,LANE'S END AGENT,KAT KIRK & WAYNE SANDERS,20000,,04/14/2022,KENTUCKY,1&2,,,
Kentucky October Yearlings (2023),2023-10-24,693,DKB,C,TONALIST,KAT NAN DO,FORMAL GOLD,FRANKFORT PARK FARM AGENT,MICHELLE HUBBS AGENT,5000,,05/02/2022,KENTUCKY,23,,,
Kentucky October Yearlings (2023),2023-10-24,694,GRR,C,VOLATILE,KATS GIRL CALA,LEMON DROP KID,BTE STABLES AGENT,HAPPY VALLEY FARM,16000,,03/30/2022,NEW YORK,4,,,
Kentucky October Yearlings (2023),2023-10-24,695,DKB,C,TONALIST,KATY LIED,KELA,JOHNSON CROSS AGENT II,FXP CORP,3000,,04/21/2022,KENTUCKY,23,,,
Kentucky October Yearlings (2023),2023-10-24,696,DKB,C,TAKE CHARGE INDY,K C'S SONGOFPRAYER,SONGANDAPRAYER,BLACKBURN FARM AGENT,ANTHONY GRANITZ,42000,,04/13/2022,INDIANA,22,,,
Kentucky October Yearlings (2023),2023-10-24,697,CH,C,KARAKONTIE (JPN),KEEP THE RING,BROKEN VOW,MILL RIDGE SALES AGENT FOR JAMES A. AND JANE N. FRASER,FRANCISCO LOZA CANO,1500,,04/11/2022,OHIO,11,,,
Kentucky October Yearlings (2023),2023-10-24,698,CH,F,COLLECTED,KELL PASO,DIVINE PARK,AIRDRIE STUD RAISED & OFFERED,DUBB/ELKSTONE/FARR,200000,,03/12/2022,KENTUCKY,3,,,
Kentucky October Yearlings (2023),2023-10-24,699,CH,F,OMAHA BEACH,KELLY'S HUMOR,MIDNIGHT LUTE,FOUR STAR SALES AGENT FOR SPENDTHRIFT FARM LLC,OUT,0,,04/24/2022,KENTUCKY,17&18,,,
Kentucky October Yearlings (2023),2023-10-24,700,DKB,F,MENDELSSOHN,KELSA,EMPIRE MAKER,JOHNSON CROSS AGENT III,NOT SOLD,9500,,02/16/2022,KENTUCKY,23,,,
Kentucky October Yearlings (2023),2023-10-24,701,B,C,CLASSIC EMPIRE,KETTLE VALLEY,CITY ZIP,FOUR STAR SALES AGENT,GOP RACING STABLE,40000,,04/20/2022,KENTUCKY,17&18,,,
Kentucky October Yearlings (2023),2023-10-24,702,GRR,C,SPUN TO RUN,KEY ACCOUNT,CANDY RIDE (ARG),HIGHGATE SALES AGENT XIII,ERIC AQUINO,15000,,02/21/2022,KENTUCKY,15,,,
Kentucky October Yearlings (2023),2023-10-24,703,CH,F,DAREDEVIL,KEY COMPONENT,INDIAN CHARLIE,TAYLOR MADE SALES AGENCY AGENT LXXIII,NOT SOLD,10000,,03/30/2022,KENTUCKY,12&13&16,,,
Kentucky October Yearlings (2023),2023-10-24,704,B,F,MASTERY,KINSLEY,PULPIT,CANDY MEADOWS SALES,EQUINOX INC. AGENT FOR GEORGE SHARP,5000,,03/24/2022,KENTUCKY,21,,,
Kentucky October Yearlings (2023),2023-10-24,705,B,F,JIMMY CREED,KIPLING'S JOY,KIPLING,ELITE AGENT,NECTALIER GONZALEZ,10000,,04/18/2022,NEW YORK,7,,,
Kentucky October Yearlings (2023),2023-10-24,706,DKB,C,FROSTED,KISS AT MIDNIGHT,DECARCHY,GROVENDALE SALES AGENT VII,RUBIN M SANCHEZ,15000,,05/29/2022,KENTUCKY,17,,,
Kentucky October Yearlings (2023),2023-10-24,707,B,F,CLASSIC EMPIRE,KISS MO,UNCLE MO,DOUBLE R CONSIGNMENT AGENT,Z S Z,11000,,04/30/2022,KENTUCKY,22,,,
Kentucky October Yearlings (2023),2023-10-24,708,B,F,COUNTRY HOUSE,KITTENISTIC,KITTEN'S JOY,BLAKE-ALBINA THOROUGHBRED SERVICES LLC AGENT I,NOT SOLD,1000,,03/24/2022,NEW YORK,11,,,
Kentucky October Yearlings (2023),2023-10-24,709,DKB,F,SPEIGHTSONG,KITTEN'S APPROACH,KITTEN'S JOY,TAYLOR MADE SALES AGENCY AGENT XXIV,OUT,0,,02/16/2022,INDIANA,12&13&16,,,
Kentucky October Yearlings (2023),2023-10-24,710,CH,F,ENGLISH CHANNEL,KITTEN'S POINT,KITTEN'S JOY,STONE FARM AGENT,X-MEN RACING,40000,,05/07/2022,KENTUCKY,10,,,
Kentucky October Yearlings (2023),2023-10-24,711,DKB,C,COMPLEXITY,KITTERY POINT,INCLUDE,AIRDRIE STUD RAISED & OFFERED,OUT,0,,04/01/2022,KENTUCKY,3,,,
Kentucky October Yearlings (2023),2023-10-24,712,B,F,THOUSAND WORDS,KITTY FOILLE,BLACK MINNALOUSHE,VINERY SALES AGENT IX,CHRIS MELTON,6000,,03/05/2022,KENTUCKY,21&22,,,
Kentucky October Yearlings (2023),2023-10-24,713,B,C,GIRVIN,K J WARRIOR,TAPIT,ST GEORGE SALES AGENT XXIX,LYNWOOD STABLES,50000,,03/25/2022,FLORIDA,10,,,
Kentucky October Yearlings (2023),2023-10-24,714,B,C,BERNARDINI,KNARSDALE,MEDAGLIA D'ORO,SCOTT MALLORY AGENT FOR DETERMINED STUD,JESSIE LONGORIA AGENT FOR KIEHNE & BRUNSON,500000,,03/09/2022,KENTUCKY,12,,,https://vimeo.com/875524268?share=copy
Kentucky October Yearlings (2023),2023-10-24,715,CH,C,PRESERVATIONIST,KNEEL AT THE CROSS,KIPLING,EATON SALES AGENT,KIRKWOOD ADVISORY AGENT FOR B. DAVIS & M. FALLON,20000,,03/01/2022,KENTUCKY,7,,,
Kentucky October Yearlings (2023),2023-10-24,716,GRR,C,LORD NELSON,KODIAK'S DANCER,KODIAK KOWBOY,FOUR STAR SALES AGENT,NOT SOLD,8500,,03/15/2022,KENTUCKY,17&18,,,
Kentucky October Yearlings (2023),2023-10-24,717,B,C,PRACTICAL JOKE,KRISSYS MANICURE,TWIRLING CANDY,DENALI STUD AGENT XVII,FUN TO RUN,15000,,02/08/2022,KENTUCKY,1&2,,,
Kentucky October Yearlings (2023),2023-10-24,718,CH,C,ARMY MULE,LA DAME BLANCHE,POINT OF ENTRY,SHAWHAN PLACE LLC AGENT I,TOM MCCROCKLIN AGENT FOR CHAMPION EQUINE LLC,18000,,03/29/2022,KENTUCKY,23,,,
Kentucky October Yearlings (2023),2023-10-24,719,B,C,GOOD SAMARITAN,LADY AMBASSADOR,CROWN AMBASSADOR,BRANDYWINE FARM (JIM & PAM ROBINSON),HABLAN LOS CABALLOS LLC & CAMACHO STABLES,30000,,03/16/2022,KENTUCKY,15,,,
Kentucky October Yearlings (2023),2023-10-24,720,CH,C,CLASSIC EMPIRE,LADY ASPEN,GRAND REWARD,TAYLOR MADE SALES AGENCY AGENT LIV,KEVIN STEDMAN,55000,,03/18/2022,KENTUCKY,12&13&16,,,
Kentucky October Yearlings (2023),2023-10-24,721,B,C,RUNHAPPY,LADY CITADEL,HONOR CODE,MACHMER HALL SALES AGENT III,K.O.I.D.,15000,,05/13/2022,KENTUCKY,5&6,,,
Kentucky October Yearlings (2023),2023-10-24,722,CH,C,TALE OF VERVE,LADY EMPRESS,EMPIRE MAKER,HUNTER VALLEY FARM AGENT,NOT SOLD,1500,,04/20/2022,KENTUCKY,9,,,
Kentucky October Yearlings (2023),2023-10-24,723,CH,F,TOM'S D'ETAT,LADY GAYLE,SCAT DADDY,INDIAN CREEK AGENT,KCA STABLES,23000,,03/26/2022,KENTUCKY,2,,,
Kentucky October Yearlings (2023),2023-10-24,724,GRR,C,INTO MISCHIEF,LADY GODIVA,UNBRIDLED'S SONG,TAYLOR MADE SALES AGENCY AGENT LXXI,NOT SOLD,195000,,03/09/2022,KENTUCKY,12&13&16,,,
Kentucky October Yearlings (2023),2023-10-24,725,B,C,BOLT D'ORO,LADY KESWICK,FLATTER,MULHOLLAND SPRINGS AGENT VIII,ONE HAPPY STABLE,22000,,06/01/2022,KENTUCKY,14,,,
Kentucky October Yearlings (2023),2023-10-24,726,DKB,G,MSHAWISH,LADY MOLLY,BROTHER DEREK,GROVENDALE SALES AGENT,OUT,0,,04/21/2022,INDIANA,17,,,
Kentucky October Yearlings (2023),2023-10-24,727,CH,C,JUSTIFY,LADY OF KYUSHU,SMART STRIKE,HIGHGATE SALES AGENT FOR HREH RAISED AT SPRINGHILL EQUINE,TOM MCCROCKLIN AGENT FOR CHAMPION EQUINE LLC,180000,,03/28/2022,KENTUCKY,15,,,
Kentucky October Yearlings (2023),2023-10-24,728,CH,F,VINO ROSSO,LADY RACER,BIONDETTI,CANDY MEADOWS SALES AGENT FOR THREE LYONS,KAT KIRK & WAYNE SANDERS,45000,,05/21/2022,KENTUCKY,21,,,
Kentucky October Yearlings (2023),2023-10-24,729,B,C,INSTILLED REGARD,LADY TAMARA,CROSS TRAFFIC,TAYLOR MADE SALES AGENCY AGENT XI,RAUL GONZALEZ RAMIREZ,3000,,02/19/2022,KENTUCKY,12&13&16,,,
Kentucky October Yearlings (2023),2023-10-24,730,DKB,C,TAPIT,LAKE NAIVASHA,EMPIRE MAKER,PARAMOUNT SALES AGENT XL,DJ STABLE,170000,,04/28/2022,KENTUCKY,20,,,
Kentucky October Yearlings (2023),2023-10-24,731,DKB,F,DIALED IN,LA LUNA LATTE,CANDY RIDE (ARG),LEDGELANDS LLC AGENT FOR TWIN OAKS BLOODSTOCK LLC,WYATT GOODIN AGENT FOR ROLLING FIELDS,50000,,01/26/2022,KENTUCKY,19,,,
Kentucky October Yearlings (2023),2023-10-24,732,DKB,F,NYQUIST,LA MADRINA,TAPIT,GAINESWAY AGENT XXIV,NOT SOLD,39000,,03/14/2022,KENTUCKY,5&6,,,
Kentucky October Yearlings (2023),2023-10-24,733,B,F,PRACTICAL JOKE,LA MILANESA,MR. GREELEY,FOUR STAR SALES AGENT,SPRINGBORO STABLES,200000,,05/06/2022,KENTUCKY,17&18,,,
Kentucky October Yearlings (2023),2023-10-24,734,DKB,C,DIALED IN,LA MONEDA,FREUD,MILL RIDGE SALES AGENT IX,OUT,0,,02/25/2022,KENTUCKY,11,,,
Kentucky October Yearlings (2023),2023-10-24,735,DKB,F,COAL FRONT,LANDS DOWN STREET,SCAT DADDY,LANE'S END AGENT,VICTOR JIMENEZ,7500,,02/07/2022,KENTUCKY,1&2,,,
Kentucky October Yearlings (2023),2023-10-24,736,B,C,GORMLEY,LAPINSKI,STREET CRY (IRE),LEGACY BLOODSTOCK AGENT VII,MCCUTCHEN TRAINING CENTER,1000,,04/20/2022,NEW YORK,22,,,
Kentucky October Yearlings (2023),2023-10-24,737,CH,F,STREET BOSS,LA RIGNANA,GALILEO (IRE),HIBISCUS SALES,JOHN BROCKLEBANK,12000,,03/21/2022,NEW YORK,22,,,
Kentucky October Yearlings (2023),2023-10-24,738,DKB,F,UNCLE MO,LASEEN (IRE),DYLAN THOMAS (IRE),TAYLOR MADE SALES AGENCY AGENT X,MAYBERRY FARM,150000,,04/25/2022,KENTUCKY,12&13&16,,,
Kentucky October Yearlings (2023),2023-10-24,739,B,F,JUSTIFY,LAST DANCE,REVOLUTIONARY,TAYLOR MADE SALES AGENCY AGENT FOR WINSTAR FARM BRED & RAISED,PEG INVESTMENTS,275000,Y,05/06/2022,KENTUCKY,12&13&16,,,
Kentucky October Yearlings (2023),2023-10-24,740,B,C,SILENT NAME (JPN),LASTING MEMORY,DECLARATION OF WAR,TAYLOR MADE SALES AGENCY AGENT LXIV,OUT,0,,03/21/2022,ONTARIO,12&13&16,,,
Kentucky October Yearlings (2023),2023-10-24,741,CH,F,TAPITURE,LASTING UNION,UNION RAGS,DENALI STUD AGENT XVI,MAHMUD MOUNI,3500,,02/07/2022,KENTUCKY,1&2,,,
Kentucky October Yearlings (2023),2023-10-24,742,GRR,F,LIAM'S MAP,LAZARIA LASS,EDDINGTON,FOUR STAR SALES AGENT,OUT,0,,04/25/2022,KENTUCKY,17&18,,,
Kentucky October Yearlings (2023),2023-10-24,743,DKB,F,HIGHER POWER,LAZULITE,HARLAN'S HOLIDAY,GAINESWAY AGENT VI,JOSHUA GALINDO,1000,,04/24/2022,KENTUCKY,5&6,,,
Kentucky October Yearlings (2023),2023-10-24,744,DKB,F,UNIFIED,LEAD ME NOT,SPEIGHTSTOWN,CHUCK GIVENS,JACK AND ELEANOR RACING,3000,,04/01/2022,KENTUCKY,11,,,
Kentucky October Yearlings (2023),2023-10-24,745,CH,F,MOHAYMEN,LEAR'S PRINCESS,LEAR FAN,MIKELLE FARM AGENT,NOT SOLD,22000,,03/22/2022,KENTUCKY,23,,,
Kentucky October Yearlings (2023),2023-10-24,746,B,F,MASTERY,LEAVE,PULPIT,CLAIBORNE FARM AGENT,CODY DURR,2500,,04/05/2022,KENTUCKY,8,,,
Kentucky October Yearlings (2023),2023-10-24,747,B,F,HIGHER POWER,LEE ANN W,MR. GREELEY,VINERY SALES AGENT XIII,JOSE MUNOZ,12000,,04/07/2022,KENTUCKY,21&22,,,
Kentucky October Yearlings (2023),2023-10-24,748,B,F,GLOBAL CAMPAIGN,LEFREAKCESTCHIC,BELLAMY ROAD,VINERY SALES AGENT XXXVII,OUT,0,,02/17/2022,NEW YORK,21&22,,,
Kentucky October Yearlings (2023),2023-10-24,749,DKB,F,ROWAYTON,LEGEND OF LORELEI,GIROLAMO,C & S THOROUGHBREDS AGENT,JOHN BROCKLEBANK,12000,,04/01/2022,PENNSYLVANIA,13,,,
Kentucky October Yearlings (2023),2023-10-24,750,CH,F,MITOLE,LE MOINE,CURLIN,BETZ THOROUGHBREDS INC. AGENT,GRADE ONE INVESTMENTS,95000,,03/02/2022,KENTUCKY,8,,,
Kentucky October Yearlings (2023),2023-10-24,751,CH,F,COLLECTED,LEMON AVOCADO,LEMON DROP KID,FLY BY THOROUGHBREDS AGENT,OUT,0,,04/15/2022,FLORIDA,23,,,
Kentucky October Yearlings (2023),2023-10-24,752,B,C,MAXIMUS MISCHIEF,LEMON GAL,LEMON DROP KID,WESTBROOK STABLES LLC,SAM AGUIAR,20000,,04/07/2022,KENTUCKY,19,,,
Kentucky October Yearlings (2023),2023-10-24,753,CH,F,VIOLENCE,LEMON SPLENDOR,LEMON DROP KID,MILL RIDGE SALES AGENT XI,BO BROMAGEN,80000,,03/27/2022,KENTUCKY,11,,,
Kentucky October Yearlings (2023),2023-10-24,754,DKB,F,CATHOLIC BOY,LEMON SUGAR,LEMON DROP KID,BEAU LANE BLOODSTOCK AGENT FOR BEAU LANE,NOT SOLD,1000,,04/22/2022,KENTUCKY,23,,,
Kentucky October Yearlings (2023),2023-10-24,755,B,F,HIGHER POWER,LENTINI,BERNARDINI,VINERY SALES AGENT XIV,JOSE MEJIAS,6000,,02/15/2022,KENTUCKY,21&22,,,
Kentucky October Yearlings (2023),2023-10-24,756,B,C,MORE THAN READY,LETCHWORTH,TIZNOW,ST GEORGE SALES AGENT XIII,HENLEY FARMS INC.,40000,,05/14/2022,KENTUCKY,10,,,
Kentucky October Yearlings (2023),2023-10-24,757,DKB,C,KANTHAROS,LETHAL LEGACY,UNUSUAL HEAT,HILL 'N' DALE AT XALAPA AGENT,ALL IN INVESTORS LLC,32000,,05/20/2022,KENTUCKY,4,,,
Kentucky October Yearlings (2023),2023-10-24,758,B,C,SPEIGHTSTER,LET IT SNOW,TAPIT,GREENFIELD FARMS AGENT II,ROBERT WEBB,2000,,03/24/2022,KENTUCKY,18,,,
Kentucky October Yearlings (2023),2023-10-24,759,B,C,VOLATILE,LETS DANCE CHARLIE,INDIAN CHARLIE,SUMMERFIELD (FRANCIS & BARBARA VANLANGENDONCK) AGENT,NOT SOLD,45000,,03/15/2022,KENTUCKY,3,,,
Kentucky October Yearlings (2023),2023-10-24,760,GRR,C,VOLATILE,LEXINGTON GIRL,STORM CAT,MULHOLLAND SPRINGS AGENT V,L.G. AGENT,27000,,05/07/2022,NEW YORK,14,,,
Kentucky October Yearlings (2023),2023-10-24,761,DKB,F,LIAM'S MAP,LEXINTONIA,MALIBU MOON,PARAMOUNT SALES AGENT XIII,RAUL GONZALEZ RAMIREZ,3500,,04/23/2022,KENTUCKY,20,,,
Kentucky October Yearlings (2023),2023-10-24,762,CH,F,FLAMEAWAY,LEXI TAP,PLEASANT TAP,SUSAN Y. FOREMAN AGENT,X-MEN RACING,47000,,02/16/2022,ONTARIO,21,,,
Kentucky October Yearlings (2023),2023-10-24,763,CH,F,GLOBAL CAMPAIGN,LIENAU,GIO PONTI,HUNTER VALLEY FARM AGENT,OUT,0,,02/04/2022,NEW YORK,9,,,
Kentucky October Yearlings (2023),2023-10-24,764,DKB,F,WEST COAST,LIFE LESSON,UNBRIDLED'S SONG,ST GEORGE SALES AGENT XXIV,NOT SOLD,5000,,03/12/2022,KENTUCKY,10,,,
Kentucky October Yearlings (2023),2023-10-24,765,B,F,UPSTART,LIFETIME MEMORY,ISTAN,AIRDRIE STUD RAISED & OFFERED,ECLIPSE THOROUGHBRED PARTNERS,50000,,05/21/2022,KENTUCKY,3,,,
Kentucky October Yearlings (2023),2023-10-24,766,B,F,GOOD SAMARITAN,LIGHT FESTIVAL,AWESOME AGAIN,SUSAN Y. FOREMAN AGENT,BOKATAN,10000,,03/24/2022,ONTARIO,21,,,
Kentucky October Yearlings (2023),2023-10-24,767,B,C,GHOSTZAPPER,LIGHT GREEN,PLEASANTLY PERFECT,WOODS EDGE FARM AGENT,LARSON & ORDONEZ,35000,,03/21/2022,KENTUCKY,3,,,
Kentucky October Yearlings (2023),2023-10-24,768,DKB,F,TALE OF EKATI,LIGHT OF CONGRATS,CONGRATS,FOUR STAR SALES AGENT,YOVAN SAMARDZICH,4000,,03/13/2022,KENTUCKY,17&18,,,
Kentucky October Yearlings (2023),2023-10-24,769,DKB,C,FLAMEAWAY,LIGHTS OUT (AUS),WAY OF LIGHT,VINERY SALES AGENT XLIX,CENTOFANTI TB AGENT FOR FIVE STAR RACING,36000,,04/20/2022,KENTUCKY,21&22,,,
Kentucky October Yearlings (2023),2023-10-24,770,GRR,F,LEOFRIC,LIGHT THE CAUSEWAY,GIANT'S CAUSEWAY,VINERY SALES AGENT XLII,OUT,0,,02/10/2022,NEW YORK,21&22,,,
Kentucky October Yearlings (2023),2023-10-24,771,DKB,C,UNIFIED,LILLY'S DREAM,WAR CHANT,FRANKFORT PARK FARM AGENT,K.O.I.D.,20000,,03/17/2022,KENTUCKY,23,,,
Kentucky October Yearlings (2023),2023-10-24,772,B,F,AUDIBLE,LIL MO GOLD,UNCLE MO,LEGACY BLOODSTOCK AGENT XXXI,OUT,0,,04/04/2022,NEW YORK,22,,,
Kentucky October Yearlings (2023),2023-10-24,773,GRR,F,FAR FROM OVER,LIME BEACH,GIANT'S CAUSEWAY,THOROSTOCK LLC AGENT,OUT,0,,02/14/2022,KENTUCKY,5,,,
Kentucky October Yearlings (2023),2023-10-24,774,B,F,AMERICAN PHAROAH,LINDA MIMI,CONGRATS,FOUR STAR SALES AGENT,NOT SOLD,39000,,05/03/2022,KENTUCKY,17&18,,,
Kentucky October Yearlings (2023),2023-10-24,775,B,F,BLAME,LINE,WAR FRONT,CLAIBORNE FARM AGENT,OMG RACING,1500,,02/01/2022,KENTUCKY,8,,,
Kentucky October Yearlings (2023),2023-10-24,776,GRR,C,LIAM'S MAP,LIQUORICE MARILYN,CANDY RIDE (ARG),TAYLOR MADE SALES AGENCY AGENT XXVII,BARRY BERKELHAMMER AGENT,100000,,05/08/2022,KENTUCKY,12&13&16,,,
Kentucky October Yearlings (2023),2023-10-24,777,CH,C,TAPWRIT,LIRICA,KANTHAROS,BLANDFORD STUD (PADRAIG CAMPION) AGENT,AVK BLOODSTOCK,27000,,02/01/2022,KENTUCKY,21,,,
Kentucky October Yearlings (2023),2023-10-24,778,CH,C,ALLIANCE,LISTEN IN,WISEMAN'S FERRY,BALLYSAX BLOODSTOCK AGENT IV,MCCUTCHEN TRAINING CENTER,4000,,03/27/2022,MARYLAND,22,,,
Kentucky October Yearlings (2023),2023-10-24,779,DKB,C,SHANCELOT,LISTENUPNOW,HARD SPUN,PREFERRED EQUINE AGENT,FREDRICKTOWN  FARMS,10000,,05/07/2022,KENTUCKY,23,,,
Kentucky October Yearlings (2023),2023-10-24,780,B,C,NOT THIS TIME,LITERARY CRITIC,CITY ZIP,WOODS EDGE FARM AGENT,MIKE AKERS FOR MALMSTROM FAMILY TRUST,80000,,04/06/2022,FLORIDA,3,,,
Kentucky October Yearlings (2023),2023-10-24,781,DKB,F,AUDIBLE,LITTLE BULLET,UNCLE MO,PARAMOUNT SALES AGENT X,LEGION BLOODSTOCK AGENT FOR JCE RACING,82000,,04/10/2022,NEW YORK,20,,,
Kentucky October Yearlings (2023),2023-10-24,782,DKB,C,MCKINZIE,LITTLE DANCER,SUCCESSFUL APPEAL,GAINESWAY AGENT II,NICK J HINES AGENT,19000,,03/31/2022,KENTUCKY,5&6,,,
Kentucky October Yearlings (2023),2023-10-24,783,GRR,F,ENTICED,LITTLEGRAYWITCH,OLD FASHIONED,TERRAZAS THOROUGHBREDS AGENT,G J RACING,5000,,03/26/2022,KENTUCKY,21,,,
Kentucky October Yearlings (2023),2023-10-24,784,GRR,C,CARAVAGGIO,LITTLE MARYRUTH,BADGE OF SILVER,BILL MURPHY AGENT IX,REBECCA JOHNSTON,4500,,03/22/2022,KENTUCKY,22,,,
Kentucky October Yearlings (2023),2023-10-24,785,DKB,C,HONEST MISCHIEF,LITTLE MISS BROWN,BIG BROWN,PARAMOUNT SALES AGENT XXII,J ASENCION,2500,,05/16/2022,NEW YORK,20,,,
Kentucky October Yearlings (2023),2023-10-24,786,DKB,C,MCKINZIE,LITTLE MISS ZAPP,GHOSTZAPPER,GAINESWAY AGENT FOR COTEAU GROVE FARMS,CALUMET FARM,80000,,04/22/2022,LOUISIANA,5&6,,,
Kentucky October Yearlings (2023),2023-10-24,787,CH,C,NYQUIST,LITTLE MS PROTOCOL,EL CORREDOR,STRAIGHT LINE EQUINE SALES AGENT FOR COTEAU GROVE FARMS,OUT,0,,05/21/2022,LOUISIANA,20,,,
Kentucky October Yearlings (2023),2023-10-24,788,B,C,INTO MISCHIEF,LIVE FOR NOW,TIZNOW,TAYLOR MADE SALES AGENCY AGENT XLVI,DONATO LANNI AGT FOR SF BLSK STARLIGHT & MADAKET,500000,,04/18/2022,KENTUCKY,12&13&16,,,
Kentucky October Yearlings (2023),2023-10-24,789,B,C,SPUN TO RUN,LIVE TO DANCE,EMCEE,STRAIGHT LINE EQUINE SALES AGENT,OUT,0,,05/02/2022,KENTUCKY,20,,,
Kentucky October Yearlings (2023),2023-10-24,790,B,F,MCKINZIE,LIVIN LOVIN,BIRDSTONE,ROSILYN POLAN (SUNDAY MORNING FARM) AGENT,OUT,0,,04/29/2022,KENTUCKY,4,,,
Kentucky October Yearlings (2023),2023-10-24,791,DKB,F,GORMLEY,LOCALLY KNOWN,TIZ WONDERFUL,ENDEAVOR FARM AGENT FOR TEXATA BLOODSTOCK LLC,C&Y INVESTMENT GROUP,3000,,02/18/2022,KENTUCKY,19,,,
Kentucky October Yearlings (2023),2023-10-24,792,B,F,GOOD MAGIC,LOGIC OF ABSURDITY,BODEMEISTER,PARAMOUNT SALES AGENT XLIV,FMQ STABLES,95000,,05/06/2022,KENTUCKY,20,,,
Kentucky October Yearlings (2023),2023-10-24,793,B,C,UNION RAGS,LONE TIGRESS,TALE OF THE CAT,FOUNDATIONS FARM,NOT SOLD,14000,,02/08/2022,KENTUCKY,19,,,
Kentucky October Yearlings (2023),2023-10-24,794,CH,C,MIDSHIPMAN,LONGSTOCKING,INTO MISCHIEF,TAYLOR MADE SALES AGENCY AGENT LV,GRASSROOTS TRN & SALES LLC,22000,,02/24/2022,KENTUCKY,12&13&16,,,
Kentucky October Yearlings (2023),2023-10-24,795,DKB,C,LAOBAN,LONGTIME LOVE,SMART STRIKE,LANE'S END AGENT,CHESTNUT HILL STABLE,22000,,04/01/2022,KENTUCKY,1&2,,,
Kentucky October Yearlings (2023),2023-10-24,796,DKB,C,LOOKIN AT LUCKY,LONGWING LILY,CONCORD POINT,LISA & TIM TURNEY AGENT III,CALUMET FARM,85000,,03/16/2022,KENTUCKY,19,,,
Kentucky October Yearlings (2023),2023-10-24,797,B,F,NOT THIS TIME,LOOKIN SHARP,LOOKIN AT LUCKY,WINTER QUARTER FARM AGENT I,NOT SOLD,95000,,02/13/2022,NEW YORK,7,,,
Kentucky October Yearlings (2023),2023-10-24,798,B,F,IMPROBABLE,LOPHORINA (GB),KING'S BEST,MULHOLLAND SPRINGS AGENT IV,JORGE GONZALEZ REY,2000,,05/21/2022,NEW YORK,14,,,
Kentucky October Yearlings (2023),2023-10-24,799,CH,C,VINO ROSSO,LOST RAVEN,UNCLE MO,GAINESWAY AGENT I,SJB STABLE TRUST,37000,,04/27/2022,NEW YORK,5&6,,,
Kentucky October Yearlings (2023),2023-10-24,800,CH,C,AUDIBLE,LOTTA ATTITUDE,SHARP HUMOR,SHELTOWEE SALES AGENT,MAHMUD MOUNI,13000,,04/10/2022,KENTUCKY,23,,,
Kentucky October Yearlings (2023),2023-10-25,801,B,C,MALIBU MOON,LOU DOCTOR LOU,QUIET AMERICAN,FOUR STAR SALES AGENT,GEORGE LEONARD,5000,,03/19/2022,KENTUCKY,17&18,,,
Kentucky October Yearlings (2023),2023-10-25,802,DKB,C,NOT THIS TIME,LOUGH NA MONA,QUALITY ROAD,TERRAZAS THOROUGHBREDS AGENT FOR CORSER THOROUGHBREDS LLC,GOP RACING,65000,,04/18/2022,KENTUCKY,21,,,
Kentucky October Yearlings (2023),2023-10-25,803,B,F,VEKOMA,LOVE BLUES,BLUEGRASS CAT,FOUR STAR SALES AGENT,OUT,0,,04/13/2022,KENTUCKY,17&18,,,
Kentucky October Yearlings (2023),2023-10-25,804,GRR,C,MENDELSSOHN,LOVE CO,NOT FOR LOVE,SUSAN Y. FOREMAN AGENT,NOT SOLD,22000,,02/16/2022,KENTUCKY,21,,,
Kentucky October Yearlings (2023),2023-10-25,805,B,C,MASTERY,LOVE FOR SCARLETT,NOT FOR LOVE,STUART MORRIS AGENT VII,NOT SOLD,34000,,03/08/2022,KENTUCKY,23,,,
Kentucky October Yearlings (2023),2023-10-25,806,B,C,HIGHER POWER,LOVELY GIFT,MINESHAFT,FOUR STAR SALES AGENT,NOT SOLD,1000,,02/20/2022,KENTUCKY,17&18,,,
Kentucky October Yearlings (2023),2023-10-25,807,B,C,CARAVAGGIO,LOVELY GIRL,BODEMEISTER,BILL MURPHY AGENT V,PILTOWN BOUND,40000,,03/21/2022,KENTUCKY,22,,,
Kentucky October Yearlings (2023),2023-10-25,808,B,C,PALACE MALICE,LOVELY RATE,EXCHANGE RATE,TAYLOR MADE SALES AGENCY AGENT L,THOROSTOCK LLC,45000,,05/03/2022,KENTUCKY,12&13&16,,,
Kentucky October Yearlings (2023),2023-10-25,809,CH,C,CURLIN,LOVE THE CHASE,NOT FOR LOVE,HUNTER VALLEY FARM AGENT,DONATO LANNI AGENT FOR FRANK FLETCHER RACING OPERATIONS,460000,,05/23/2022,KENTUCKY,9,,,
Kentucky October Yearlings (2023),2023-10-25,810,B,F,AUDIBLE,LUCKY MUFFIN,MUNNINGS,VINERY SALES AGENT L,BIG EASY,2200,,02/12/2022,KENTUCKY,21&22,,,
Kentucky October Yearlings (2023),2023-10-25,811,B,C,BOLT D'ORO,LUCKY SWITCH,LOOKIN AT LUCKY,WOODS EDGE FARM AGENT,MERIDIAN BLOODSTOCK,160000,,03/11/2022,KENTUCKY,3,,,
Kentucky October Yearlings (2023),2023-10-25,812,DKB,C,GLOBAL CAMPAIGN,LUNA RISING,STAY THIRSTY,JOHNSON CROSS AGENT V,NAVAS EQUINE,27000,,03/17/2022,KENTUCKY,23,,,
Kentucky October Yearlings (2023),2023-10-25,813,B,F,CLASSIC EMPIRE,LUNCH HOUR,MEDAGLIA D'ORO,BUCKLAND SALES (ZACH MADDEN) AGENT VI,C. DAY PHILLIPS AGT,120000,,04/27/2022,ONTARIO,20,,,
Kentucky October Yearlings (2023),2023-10-25,814,DKB,F,HONOR CODE,L X SUNRISE,KODIAK KOWBOY,EQUUS FARM (JERRY CUMMINS/PAUL ADAMS) AGENT I,ANTHONY MERLINO,2000,,04/09/2022,KENTUCKY,14,,,
Kentucky October Yearlings (2023),2023-10-25,815,CH,C,GOOD MAGIC,MABSOTA,SHAMARDAL,CARA BLOODSTOCK AGENT FOR SAINTSBURY FARM (JAY & CHRISTINE HAYDEN),KINDRED STABLES,125000,,03/10/2022,ONTARIO,10,,,
Kentucky October Yearlings (2023),2023-10-25,816,B,F,SPUN TO RUN,MADAME BOURBON,GOLDENCENTS,HIDDEN BROOK AGENT IV,RIDETHECOATTAILS,25000,,02/27/2022,NEW YORK,22,,,
Kentucky October Yearlings (2023),2023-10-25,817,DKB,F,SHANCELOT,MADAME DUBOIS (SAF),COUNT DUBOIS (GB),BUCK POND FARM (DOUGLAS S. ARNOLD) AGENT,NOT SOLD,47000,,02/21/2022,KENTUCKY,14,,,
Kentucky October Yearlings (2023),2023-10-25,818,CH,F,CARACARO,MADAME MOON,MALIBU MOON,EATON SALES AGENT,OUT,0,,04/06/2022,KENTUCKY,7,,,
Kentucky October Yearlings (2023),2023-10-25,819,B,F,TWIRLING CANDY,MADAME PELE,SALT LAKE,WOODS EDGE FARM AGENT,MEAH/LLOYD BLOODSTOCK LLC,4500,,05/12/2022,KENTUCKY,3,,,
Kentucky October Yearlings (2023),2023-10-25,820,B,F,VOLATILE,MADAME X.,EXCHANGE RATE,WARRENDALE SALES AGENT X,BROCIOLE STABLES,50000,Y,02/02/2022,KENTUCKY,21,,,
Kentucky October Yearlings (2023),2023-10-25,821,CH,C,NYQUIST,MADERA DANCER,RAHY,HUNTER VALLEY FARM AGENT,ARROYO BLSKAGT MARCUS SCOTT,65000,,02/18/2022,KENTUCKY,9,,,
Kentucky October Yearlings (2023),2023-10-25,822,DKB,F,MEDAGLIA D'ORO,MAGICAL,TAPIT,PARAMOUNT SALES AGENT XXVI,MAYBERRY FARM,380000,,05/06/2022,KENTUCKY,20,,,
Kentucky October Yearlings (2023),2023-10-25,823,DKB,C,PAYNTER,MAGICAL DANCER,FLAT OUT,BRIDIE HARRISON AGENT FOR PETER E. BLUM THOROUGHBREDS,NESTOR CHACIN,12000,,04/03/2022,KENTUCKY,13,,,
Kentucky October Yearlings (2023),2023-10-25,824,B,C,GOOD MAGIC,MAGICAL MOON,MALIBU MOON,CLAIBORNE FARM AGENT,OUT,0,,03/10/2022,KENTUCKY,8,,,
Kentucky October Yearlings (2023),2023-10-25,825,DKB,C,COAL FRONT,MAGIC APPOINTMENT,GRAND APPOINTMENT,VINERY SALES AGENT XVI,CHRIS MELTON,4000,,04/08/2022,KENTUCKY,21&22,,,
Kentucky October Yearlings (2023),2023-10-25,826,GRR,C,LIAM'S MAP,MAGSAMELIA,MINESHAFT,NICKY DRION THOROUGHBREDS AGENT II,JOHN J. ROBB FOR PHIL WARD,80000,,03/18/2022,KENTUCKY,23,,,
Kentucky October Yearlings (2023),2023-10-25,827,DKB,C,INSTILLED REGARD,MAG'S HOLIDAY,HARLAN'S HOLIDAY,STUART MORRIS AGENT I,NOT SOLD,47000,,03/30/2022,KENTUCKY,23,,,
Kentucky October Yearlings (2023),2023-10-25,828,B,C,CARAVAGGIO,MAHBADIHA,MORE THAN READY,STUART MORRIS AGENT FOR HIGHCLERE,PILTOWN BOUND,60000,,04/29/2022,KENTUCKY,23,,,
Kentucky October Yearlings (2023),2023-10-25,829,B,F,AUDIBLE,MAHNA,CANDY RIDE (ARG),C & S THOROUGHBREDS AGENT,NOT SOLD,24000,,05/12/2022,KENTUCKY,13,,,
Kentucky October Yearlings (2023),2023-10-25,830,B,F,MUNNINGS,MAJESTIC DAWN,KITTEN'S JOY,TAYLOR MADE SALES AGENCY AGENT XXXV,NOT SOLD,47000,,04/10/2022,KENTUCKY,12&13&16,,,
Kentucky October Yearlings (2023),2023-10-25,831,GR,C,CAIRO PRINCE,MAKES PERFECTSENSE,STREET SENSE,TRACKSIDE FARM (TOM EVANS) AGENT IV,DJ STABLE,50000,,03/29/2022,KENTUCKY,21,,,
Kentucky October Yearlings (2023),2023-10-25,832,CH,F,FLAMEAWAY,MAKE THE SUN SHINE,MALIBU MOON,DARBY DAN FARM AGENT I,KINGS EQUINE,42000,,02/24/2022,KENTUCKY,17,,,
Kentucky October Yearlings (2023),2023-10-25,833,B,F,BERNARDINI,MAKIN' SENSE,STREET SENSE,MILL RIDGE SALES AGENT III,OUT,0,,04/14/2022,KENTUCKY,11,,,
Kentucky October Yearlings (2023),2023-10-25,834,B,F,CANDY RIDE (ARG),MALIBEAUTY,MALIBU MOON,CLAIBORNE FARM AGENT,MIGUEL SILVA,2000,,03/23/2022,KENTUCKY,8,,,
Kentucky October Yearlings (2023),2023-10-25,835,CH,F,MUNNINGS,MALIBU COUGAR,MALIBU MOON,VINERY SALES AGENT LIV,KINGS EQUINE,42000,,04/07/2022,KENTUCKY,21&22,,,
Kentucky October Yearlings (2023),2023-10-25,836,CH,F,GUN RUNNER,MALIBU DRIVE,MALIBU MOON,TERRAZAS THOROUGHBREDS AGENT FOR CORSER THOROUGHBREDS LLC,WEST BLDSTK AGT FOR REPOLE STABLE,150000,,04/13/2022,KENTUCKY,21,,,
Kentucky October Yearlings (2023),2023-10-25,837,DKB,C,SHANCELOT,MALIBU YANKEE,MALIBU MOON,TAYLOR MADE SALES AGENCY AGENT XL,NOT SOLD,7000,,04/22/2022,KENTUCKY,12&13&16,,,
Kentucky October Yearlings (2023),2023-10-25,838,B,F,CLASSIC EMPIRE,MAMASEZ,GIANT'S CAUSEWAY,HUNTER VALLEY FARM AGENT,NOT SOLD,1000,,02/11/2022,KENTUCKY,9,,,
Kentucky October Yearlings (2023),2023-10-25,839,B,F,OMAHA BEACH,MARDI GRAS,TIZNOW,TAYLOR MADE SALES AGENCY AGENT XXXIV,OUT,0,,03/04/2022,KENTUCKY,12&13&16,,,
Kentucky October Yearlings (2023),2023-10-25,840,CH,C,FLATTER,MARGARITA MISTRESS,NAEVUS,VINERY SALES AGENT FOR STONEVIEW FARM INC.,NOT SOLD,30000,,04/10/2022,TEXAS,21&22,,,
Kentucky October Yearlings (2023),2023-10-25,841,DKB,C,CLOUD COMPUTING,MARIA WHO,SKY MESA,DOUBLE R CONSIGNMENT,NOT SOLD,4000,,05/17/2022,KENTUCKY,22,,,
Kentucky October Yearlings (2023),2023-10-25,842,B,C,STREET SENSE,MARJAYOUN,GHOSTZAPPER,LANE'S END AGENT,OUT,0,,02/01/2022,KENTUCKY,1&2,,,
Kentucky October Yearlings (2023),2023-10-25,843,GRR,F,CARAVAGGIO,MARKET MAGIC,AFTER MARKET,HERMITAGE FARM AGENT,STONEWAY,7000,,03/21/2022,KENTUCKY,20,,,
Kentucky October Yearlings (2023),2023-10-25,844,B,F,CAIRO PRINCE,MARKETWAY,AFTER MARKET,BLANDFORD STUD (PADRAIG CAMPION) AGENT,ROBERT GORHAM,30000,,04/11/2022,KENTUCKY,21,,,
Kentucky October Yearlings (2023),2023-10-25,845,B,F,GLOBAL CAMPAIGN,MARRAKESH EXPRESS,UNION RAGS,TAYLOR MADE SALES AGENCY AGENT LXII,PAID TOO MUCH STABLE,16000,,03/22/2022,KENTUCKY,12&13&16,,,
Kentucky October Yearlings (2023),2023-10-25,846,B,C,DISTORTED HUMOR,MARY BERNICE,BERNARDINI,TAYLOR MADE SALES AGENCY AGENT XXVI,OUT,0,,03/10/2022,PENNSYLVANIA,12&13&16,,,
Kentucky October Yearlings (2023),2023-10-25,847,B,C,WORLD OF TROUBLE,MARY LEE AND ME,PAYNTER,BRANDYWINE FARM (JIM & PAM ROBINSON),S.R.O.A (K.O.I.D.),20000,,02/15/2022,KENTUCKY,15,,,
Kentucky October Yearlings (2023),2023-10-25,848,B,F,LOOKIN AT LUCKY,MAXINKUCKEE MISS,LANGFUHR,CLAIBORNE FARM AGENT,LUCKY STABLE,6000,,04/26/2022,KENTUCKY,8,,,
Kentucky October Yearlings (2023),2023-10-25,849,DKB,F,SPEIGHTSTOWN,MAYBE WICKED,MIZZEN MAST,EATON SALES AGENT,OUT,0,,01/13/2022,KENTUCKY,7,,,
Kentucky October Yearlings (2023),2023-10-25,850,B,C,UPSTART,MAYHAW,LION HEART,HILL 'N' DALE AT XALAPA AGENT,AVK BLOODSTOCK,20000,,04/15/2022,KENTUCKY,4,,,
Kentucky October Yearlings (2023),2023-10-25,851,B,C,CLOUD COMPUTING,MAY WHO,LION HEART,POPE MCLEAN (CRESTWOOD FARM) AGENT X,AVK BLOODSTOCK,35000,,02/09/2022,KENTUCKY,20,,,
Kentucky October Yearlings (2023),2023-10-25,852,B,F,BLAME,MEISTER LEGEND,BODEMEISTER,SHAWHAN PLACE LLC AGENT VII,NOT SOLD,45000,,04/16/2022,KENTUCKY,23,,,
Kentucky October Yearlings (2023),2023-10-25,853,CH,C,GOOD MAGIC,MELLONBROOK,DISCREET CAT,HILL 'N' DALE AT XALAPA AGENT,SUPERFINE FARM,220000,,04/07/2022,KENTUCKY,4,,,
Kentucky October Yearlings (2023),2023-10-25,854,GRR,C,INTO MISCHIEF,MELODY LADY,UNBRIDLED'S SONG,GAINESWAY AGENT XXVII,OUT,0,,05/17/2022,KENTUCKY,5&6,,,
Kentucky October Yearlings (2023),2023-10-25,855,B,F,UNCLE MO,MELODY'S SPIRIT,SCAT DADDY,TAYLOR MADE SALES AGENCY AGENT LXXX,CHARLIE ALLEN,75000,,04/08/2022,KENTUCKY,12&13&16,,,
Kentucky October Yearlings (2023),2023-10-25,856,B,C,SPUN TO RUN,MENSA MEMBER,FLATTER,PAUL TACKETT,JOHN BROCKLEBANK AGENT,45000,,04/29/2022,KENTUCKY,14,,,
Kentucky October Yearlings (2023),2023-10-25,857,B,C,AMERICAN PHAROAH,MERCILLA,ARCH,HUNTER VALLEY FARM AGENT,MIKE AKERS FOR MALMSTROM FAMILY TRUST,100000,,04/27/2022,KENTUCKY,9,,,
Kentucky October Yearlings (2023),2023-10-25,858,DKB,F,THOUSAND WORDS,MERMAID SARA,STORMY ATLANTIC,MACHMER HALL SALES AGENT II,LUIS VON CHONG,6000,,04/27/2022,NEW YORK,5&6,,,
Kentucky October Yearlings (2023),2023-10-25,859,DKB,C,VINO ROSSO,MEU AMOR,BERNARDINI,FOUR STAR SALES AGENT,CHESTNUT HILL STABLE,15000,,04/25/2022,KENTUCKY,17&18,,,
Kentucky October Yearlings (2023),2023-10-25,860,CH,C,GAME WINNER,MIA AND MOLLY,GIANT'S CAUSEWAY,PARAMOUNT SALES AGENT XXXIX,OUT,0,,05/14/2022,KENTUCKY,20,,,
Kentucky October Yearlings (2023),2023-10-25,861,DKB,C,MCKINZIE,MIA TORRI,GENERAL QUARTERS,GAINESWAY AGENT XVII,OUT,0,,05/09/2022,KENTUCKY,5&6,,,
Kentucky October Yearlings (2023),2023-10-25,862,CH,F,GAME WINNER,MIDNIGHT GIRL,DROSSELMEYER,LANE'S END AGENT,PRO RACING STABLE LLC,3000,,01/27/2022,KENTUCKY,1&2,,,
Kentucky October Yearlings (2023),2023-10-25,863,B,C,FLATTER,MIDNIGHT MILEY,MIDNIGHT LUTE,WARRENDALE SALES AGENT XI,NOT SOLD,23000,,05/02/2022,KENTUCKY,21,,,
Kentucky October Yearlings (2023),2023-10-25,864,DKB,C,MIDNIGHT STORM,MIDNIGHT PARTY,GHOSTZAPPER,VINERY SALES AGENT,OUT,0,,02/24/2022,KENTUCKY,21&22,,,
Kentucky October Yearlings (2023),2023-10-25,865,B,F,CONSTITUTION,MIDNIGHT SOIREE,INCLUDE,KATIERICH FARMS,MIKE RYAN AGENT,220000,,02/16/2022,KENTUCKY,1,,,
Kentucky October Yearlings (2023),2023-10-25,866,CH,F,KANTHAROS,MIDNIGHT WATCH,STORMY ATLANTIC,MULHOLLAND SPRINGS AGENT IV,BAMFAN,1000,,02/20/2022,NEW YORK,14,,,
Kentucky October Yearlings (2023),2023-10-25,867,B,C,CANDY RIDE (ARG),MIGHTY EROS,FREUD,TAYLOR MADE SALES AGENCY AGENT LXXXIX,NOT SOLD,110000,,04/18/2022,KENTUCKY,12&13&16,,,
Kentucky October Yearlings (2023),2023-10-25,868,B,F,KLIMT,MILDRED,HARD SPUN,LEGACY BLOODSTOCK AGENT III,ROBERT GORHAM,4000,,02/22/2022,INDIANA,22,,,
Kentucky October Yearlings (2023),2023-10-25,869,CH,C,MUNNINGS,MINCE,WAR FRONT,PARAMOUNT SALES AGENT XXXV,OUT,0,,03/28/2022,KENTUCKY,20,,,
Kentucky October Yearlings (2023),2023-10-25,870,B,C,FREE DROP BILLY,MINE MINE MINE,MINESHAFT,HILL 'N' DALE AT XALAPA AGENT,LUZ MARIA SALAS B,1000,Y,02/19/2022,KENTUCKY,4,,,
Kentucky October Yearlings (2023),2023-10-25,871,DKB,F,GLOBAL CAMPAIGN,MINERTIME,MINESHAFT,ST GEORGE SALES AGENT,JUAN CORTES,5000,,03/04/2022,FLORIDA,10,,,
Kentucky October Yearlings (2023),2023-10-25,872,B,C,AUTHENTIC,MINKS APRISE,NORTHERN AFLEET,BUCK POND FARM (DOUGLAS S. ARNOLD) AGENT,NOT SOLD,240000,,05/20/2022,KENTUCKY,14,,,
Kentucky October Yearlings (2023),2023-10-25,873,CH,F,VIOLENCE,MINNIE BLIP,ALGORITHMS,BEAU LANE BLOODSTOCK AGENT FOR BEAU LANE,10 FLAT THOROUGHBREDS LLC,90000,,04/24/2022,KENTUCKY,23,,,
Kentucky October Yearlings (2023),2023-10-25,874,GRR,C,GIFT BOX,MIRACULOUSLY,HAT TRICK (JPN),VINERY SALES AGENT XXXVI,L.G. AGENT,20000,,03/04/2022,KENTUCKY,21&22,,,
Kentucky October Yearlings (2023),2023-10-25,875,CH,F,JIMMY CREED,MISELLY,JACK MILTON,STUART MORRIS AGENT FOR HIGHCLERE,NICK J HINES AGENT,10000,Y,03/13/2022,KENTUCKY,23,,,
Kentucky October Yearlings (2023),2023-10-25,876,DKB,C,DAREDEVIL,MISS A. BOMB,LEMON DROP KID,DENALI STUD AGENT V,KENNETH MCPEEK AGENT,140000,,04/17/2022,KENTUCKY,1&2,,,
Kentucky October Yearlings (2023),2023-10-25,877,CH,C,VINO ROSSO,MISS ANNA MARIE,POSSE,FOUR STAR SALES AGENT,CHRIS MELTON,3000,,04/21/2022,KENTUCKY,17&18,,,
Kentucky October Yearlings (2023),2023-10-25,878,B,C,VINO ROSSO,MISSBIGTIMES,FLATTER,BURLESON FARMS AGENT,ANTHONY GRANITZ,35000,,05/05/2022,INDIANA,23,,,
Kentucky October Yearlings (2023),2023-10-25,879,B,C,LOOKIN AT LUCKY,MISS BONNIE,OFFICER,HUNTER VALLEY FARM AGENT,OUT,0,,04/28/2022,NEW YORK,9,,,
Kentucky October Yearlings (2023),2023-10-25,880,B,C,MO TOWN,MISS CENTERFOLD,TIZNOW,BURLESON FARMS AGENT,PRESTIGE WORLDWIDE,60000,,04/23/2022,NEW YORK,23,,,
Kentucky October Yearlings (2023),2023-10-25,881,B,F,MUCHO MACHO MAN,MISS CHERRYBLOSSOM,AMERICAN PHAROAH,TAYLOR MADE SALES AGENCY AGENT LXVIII,OUT,0,,01/27/2022,ONTARIO,12&13&16,,,
Kentucky October Yearlings (2023),2023-10-25,882,B,F,MIDNIGHT STORM,MISS COBBLESTONE,AFLEET ALEX,TAYLOR MADE SALES AGENCY AGENT VII,JOHN BROCKLEBANK AGENT,45000,,02/13/2022,KENTUCKY,12&13&16,,,
Kentucky October Yearlings (2023),2023-10-25,883,CH,C,MAXIMUM SECURITY,MISS DEL GALLO,HENNESSY,SHELTOWEE SALES AGENT,ME II RACING,10000,,02/03/2022,KENTUCKY,23,,,
Kentucky October Yearlings (2023),2023-10-25,884,B,F,CANDY RIDE (ARG),MISS FROST,CURLIN,GAINESWAY AGENT X,OUT,0,,03/19/2022,KENTUCKY,5&6,,,
Kentucky October Yearlings (2023),2023-10-25,885,DKB,F,VOLATILE,MISS GOSSIP (IRE),BIG BAD BOB (IRE),SUMMERFIELD (FRANCIS & BARBARA VANLANGENDONCK) AGENT,NOT SOLD,44000,,04/10/2022,NEW YORK,3,,,
Kentucky October Yearlings (2023),2023-10-25,886,B,C,VOLATILE,MISS HERMES,LEMON DROP KID,STUART MORRIS AGENT,NOT SOLD,72000,,04/03/2022,KENTUCKY,23,,,
Kentucky October Yearlings (2023),2023-10-25,887,B,F,MIDNIGHT STORM,MISS IMPERFECTION,MAJESTICPERFECTION,FOUR STAR SALES AGENT,OUT,0,,04/26/2022,KENTUCKY,17&18,,,
Kentucky October Yearlings (2023),2023-10-25,888,CH,F,ARMY MULE,MISSION UP,NOBLE MISSION (GB),SHAWHAN PLACE LLC AGENT V,FUN TO RUN,7500,,03/23/2022,KENTUCKY,23,,,
Kentucky October Yearlings (2023),2023-10-25,889,DKB,C,CARAVAGGIO,MISS LIBERTY (FR),STATUE OF LIBERTY,BALLYSAX BLOODSTOCK AGENT V,OUT,0,,05/10/2022,TEXAS,22,,,
Kentucky October Yearlings (2023),2023-10-25,890,B,C,THE FACTOR,MISS LOVELY,SMART STRIKE,HILL 'N' DALE AT XALAPA AGENT,CUADRA BARROGAN,21000,,05/28/2022,ONTARIO,4,,,
Kentucky October Yearlings (2023),2023-10-25,891,DKB,C,WAR OF WILL,MISS LUNA,HENNY HUGHES,CLAIBORNE FARM AGENT,NOT SOLD,37000,,05/03/2022,KENTUCKY,8,,,
Kentucky October Yearlings (2023),2023-10-25,892,CH,F,AUDIBLE,MISS MATZO,ROYAL ACADEMY,TAYLOR MADE SALES AGENCY AGENT XCI,OUT,0,,02/19/2022,ONTARIO,12&13&16,,,
Kentucky October Yearlings (2023),2023-10-25,893,B,C,DANISH DYNAFORMER,MISS MEDAGLIA,MEDAGLIA D'ORO,HUNTER VALLEY FARM AGENT,CANUCK RACING CLUB LP2,2000,,05/13/2022,ONTARIO,9,,,
Kentucky October Yearlings (2023),2023-10-25,894,DKB,F,TIZ THE LAW,MISS NANCY,ARCH,HUNTER VALLEY FARM AGENT,ALISTAR FYFE RACING,85000,,02/27/2022,NEW YORK,9,,,
Kentucky October Yearlings (2023),2023-10-25,895,CH,F,FLATTER,MISS VALENTINE,AFLEET ALEX,WINTER QUARTER FARM AGENT,NOT SOLD,1000,,05/06/2022,NEW YORK,7,,,
Kentucky October Yearlings (2023),2023-10-25,896,DKB,C,GHOSTZAPPER,MISSY CRISSY,COURT VISION,HILL 'N' DALE AT XALAPA AGENT,ITAL-CAL HORSE MANAGEMENT INC,20000,,04/12/2022,ONTARIO,4,,,
Kentucky October Yearlings (2023),2023-10-25,897,B,C,COPPER BULLET,MISS ZIPPY,CITY ZIP,PARAMOUNT SALES AGENT XVI,NESTOR CHACIN,10000,,02/25/2022,KENTUCKY,20,,,
Kentucky October Yearlings (2023),2023-10-25,898,DKB,C,SHARP AZTECA,MISTY SKY,MINESHAFT,MACHMER HALL SALES AGENT I,CHAD SCHUMER AGENT,22000,,04/18/2022,KENTUCKY,5&6,,,
Kentucky October Yearlings (2023),2023-10-25,899,DKB,F,PERFECT TIMBER,MISTY TOWN,JERSEY TOWN,HUNTER VALLEY FARM AGENT,NOT SOLD,1000,,02/24/2022,ONTARIO,9,,,
Kentucky October Yearlings (2023),2023-10-25,900,B,C,HIT IT A BOMB,MIXOLOGY,OLD FASHIONED,MAPLE RUN SOUTH AGENT,STUD LA ALIANZA,12000,,04/19/2022,INDIANA,23,,,
Kentucky October Yearlings (2023),2023-10-25,901,B,F,THOUSAND WORDS,MIZ LIZ,STORMY ATLANTIC,LEGACY BLOODSTOCK AGENT III,NOT SOLD,1000,,03/14/2022,KENTUCKY,22,,,
Kentucky October Yearlings (2023),2023-10-25,902,GRR,C,UNION RAGS,MIZZEN MOON,MIZZEN MAST,FOUR STAR SALES AGENT,NOT SOLD,30000,,03/22/2022,KENTUCKY,17&18,,,
Kentucky October Yearlings (2023),2023-10-25,903,B,C,LIAM'S MAP,MOARIA,UNCLE MO,STONERIGGS FARM,GRANDVIEW EQUINE,240000,,04/14/2022,KENTUCKY,6,,,
Kentucky October Yearlings (2023),2023-10-25,904,DKB,F,THE FACTOR,MOCHA CHIP,TRAPPE SHOT,ST GEORGE SALES AGENT VII,DANBRO FARMS LLC,42000,,03/27/2022,KENTUCKY,10,,,
Kentucky October Yearlings (2023),2023-10-25,905,B,F,MACLEAN'S MUSIC,MO CHEEKS,UNCLE MO,VINERY SALES AGENT VI,NOT SOLD,60000,,05/13/2022,KENTUCKY,21&22,,,
Kentucky October Yearlings (2023),2023-10-25,906,B,C,GOLDENCENTS,MOCHI,STREET BOSS,BRANDYWINE FARM (JIM & PAM ROBINSON),S.R.O.A (K.O.I.D.),25000,,01/26/2022,KENTUCKY,15,,,
Kentucky October Yearlings (2023),2023-10-25,907,B,C,AUTHENTIC,MO CITY,UNCLE MO,TAYLOR MADE SALES AGENCY AGENT XXXVI,MIKE RYAN AGENT,235000,,03/24/2022,KENTUCKY,12&13&16,,,
Kentucky October Yearlings (2023),2023-10-25,908,B,C,COLLECTED,MOLLY MEISTER,BODEMEISTER,ANDERSON FARMS AGENT,RICARDO GUTIERREZ,23000,,02/24/2022,ONTARIO,3,,,
Kentucky October Yearlings (2023),2023-10-25,909,DKB,F,TOM'S D'ETAT,MO ME MO MY,UNCLE MO,PARAMOUNT SALES AGENT XXVII,NOT SOLD,28000,,03/11/2022,KENTUCKY,20,,,
Kentucky October Yearlings (2023),2023-10-25,910,DKB,F,GLOBAL CAMPAIGN,MOMS MABLEY,NOTIONAL,LANE'S END AGENT,OUT,0,,04/17/2022,KENTUCKY,1&2,,,
Kentucky October Yearlings (2023),2023-10-25,911,DKB,C,HONEST MISCHIEF,MOM'S NIGHT OUT,FIRST DUDE,PARAMOUNT SALES AGENT XXII,MY PURPLE HAZE STABLES,10000,,04/28/2022,NEW YORK,20,,,
Kentucky October Yearlings (2023),2023-10-25,912,B,C,CATALINA CRUISER,MOMS PRIDE (FR),INTO MISCHIEF,MAINE CHANCE FARM (UNIVERSITY OF KENTUCKY),GOOD GAMES,20000,,04/26/2022,KENTUCKY,19,,,
Kentucky October Yearlings (2023),2023-10-25,913,DKB,F,OMAHA BEACH,MONARCHIA,ARCH,HIGHGATE SALES AGENT FOR HREH RAISED AT SPRINGHILL EQUINE,JIMMY KAHIG LLC,67000,,04/14/2022,KENTUCKY,15,,,
Kentucky October Yearlings (2023),2023-10-25,914,DKB,F,DANISH DYNAFORMER,MONARCH RECOLETA,MONARCHOS,FOUR STAR SALES AGENT,FRANK HUARTE,2000,,04/04/2022,ONTARIO,17&18,,,
Kentucky October Yearlings (2023),2023-10-25,915,DKB,C,AUDIBLE,MONDAYMORNINGBLUES,MORNING LINE,HILL 'N' DALE AT XALAPA AGENT,FRANK HUARTE,2000,,05/04/2022,ONTARIO,4,,,
Kentucky October Yearlings (2023),2023-10-25,916,DKB,F,MCKINZIE,MONTANA NATIVE,YES IT'S TRUE,GAINESWAY AGENT X,THOROSTOCK LLC & SETH MORRIS THOROUGHBREDS,265000,,03/27/2022,KENTUCKY,5&6,,,
Kentucky October Yearlings (2023),2023-10-25,917,GRR,C,AMERICAN PHAROAH,MONTANA PRETTY,FROSTED,TAYLOR MADE SALES AGENCY AGENT LXX,NOT SOLD,27000,,02/27/2022,KENTUCKY,12&13&16,,,
Kentucky October Yearlings (2023),2023-10-25,918,B,C,AMERICAN PHAROAH,MONTHLY,MALIBU MOON,VINERY SALES AGENT XIII,NOT SOLD,50000,,01/30/2022,KENTUCKY,21&22,,,
Kentucky October Yearlings (2023),2023-10-25,919,CH,F,FLAMEAWAY,MOONCITO,STAY THIRSTY,BLACKBURN FARM AGENT,DON ARIENZO STABLE LLC,3000,,02/13/2022,NEW YORK,22,,,
Kentucky October Yearlings (2023),2023-10-25,920,DKB,C,SHANCELOT,MOON DATE,MALIBU MOON,PETER SHEPPELL THOROUGHBREDS,ERBR,20000,,04/29/2022,OHIO,20,,,
Kentucky October Yearlings (2023),2023-10-25,921,DKB,F,MO TOWN,MOONLIGHT KISS,MALIBU MOON,LEDGELANDS LLC AGENT,NOT SOLD,6500,,02/28/2022,KENTUCKY,19,,,
Kentucky October Yearlings (2023),2023-10-25,922,GRR,C,THE FACTOR,MOONLIGHT LADY,MALIBU MOON,WARRENDALE SALES AGENT FOR LAZY LANE FARM,GOP RACING STABLE,30000,,05/27/2022,VIRGINIA,21,,,
Kentucky October Yearlings (2023),2023-10-25,923,DKB,F,MITOLE,MOON PIE (IRE),MR. GREELEY,GAINESWAY AGENT XIX,FAST HORSES,17000,,02/22/2022,KENTUCKY,5&6,,,
Kentucky October Yearlings (2023),2023-10-25,924,B,C,AMERICAN PHAROAH,MORE ROSES,UNCLE MO,FOUR STAR SALES AGENT FOR D.C. GOFF,PILTOWN BOUND,115000,,02/07/2022,KENTUCKY,17&18,,,
Kentucky October Yearlings (2023),2023-10-25,925,CH,C,AMERICAN FREEDOM,MORE STORMYWEATHER,MORE THAN READY,TAYLOR MADE SALES AGENCY AGENT VII,SULIMAN BLOODSTOCK,12000,,03/06/2022,KENTUCKY,12&13&16,,,
Kentucky October Yearlings (2023),2023-10-25,926,CH,F,MACLEAN'S MUSIC,MORE THAN LOVE,MORE THAN READY,MULHOLLAND SPRINGS AGENT VII,OUT,0,,05/04/2022,NEW YORK,14,,,
Kentucky October Yearlings (2023),2023-10-25,927,DKB,C,BERNARDINI,MORILLES (GB),MONTJEU (IRE),KEITH LANCASTER AGENT,J B BLOODSTOCK,62000,,03/27/2022,ONTARIO,23,,,
Kentucky October Yearlings (2023),2023-10-25,928,B,C,CONNECT,MORNING GOLD,MORNING LINE,FOUR STAR SALES AGENT,OUT,0,,05/02/2022,ONTARIO,17&18,,,
Kentucky October Yearlings (2023),2023-10-25,929,CH,F,TALE OF EKATI,MORNING STRIKE,SMART STRIKE,FOUR STAR SALES AGENT,BREANDAN DRAPER AGENT FOR SPAN INVESTMENT,3000,,04/03/2022,ONTARIO,17&18,,,
Kentucky October Yearlings (2023),2023-10-25,930,B,F,DANISH DYNAFORMER,MORNING TALE,TALE OF EKATI,PARAMOUNT SALES AGENT XXIII,TED HOLDER,4000,,04/08/2022,ONTARIO,20,,,
Kentucky October Yearlings (2023),2023-10-25,931,B,F,AUTHENTIC,MO'S M V P,UNCLE MO,HUNTER VALLEY FARM AGENT,NOT SOLD,97000,,05/06/2022,NEW YORK,9,,,
Kentucky October Yearlings (2023),2023-10-25,932,B,C,PRACTICAL JOKE,MOTOWN GIRL,UNCLE MO,FOUR STAR SALES AGENT FOR BAYNE & CHRISTINA WELKER,GW MCCLINTOCK,145000,,03/19/2022,KENTUCKY,17&18,,,
Kentucky October Yearlings (2023),2023-10-25,933,DKB,F,AMERICAN PHAROAH,MOTOWN LADY,UNCLE MO,GAINESWAY AGENT XIV,KNOCKOUT THOROUGHBREDS,7500,,04/18/2022,KENTUCKY,5&6,,,
Kentucky October Yearlings (2023),2023-10-25,934,DKB,C,AUDIBLE,MOVIEMAKER,CURLIN,LANE'S END AGENT,OUT,0,,04/12/2022,KENTUCKY,1&2,,,
Kentucky October Yearlings (2023),2023-10-25,935,B,F,HARD SPUN,MOYNE ABBEY,CHARISMATIC,CLAIBORNE FARM AGENT,KIM NARDELLI AGENT,10000,,04/27/2022,KENTUCKY,8,,,
Kentucky October Yearlings (2023),2023-10-25,936,GRR,F,TAPIT,MOYO HONEY,MIZZEN MAST,PARAMOUNT SALES AGENT XXXII,CHERIE DEVAUX AGENT,195000,,01/24/2022,KENTUCKY,20,,,
Kentucky October Yearlings (2023),2023-10-25,937,B,F,FLATTER,MRS. APPEAL,SUCCESSFUL APPEAL,ST GEORGE SALES AGENT VIII,FRANK HUARTE,5000,,04/30/2022,ONTARIO,10,,,
Kentucky October Yearlings (2023),2023-10-25,938,DKB,F,GLOBAL CAMPAIGN,MRS. AWESOME,AWESOME AGAIN,SHAWHAN PLACE LLC AGENT FOR ASCOT THOROUGHBREDS,ALL STARS,10000,,02/13/2022,KENTUCKY,23,,,
Kentucky October Yearlings (2023),2023-10-25,939,CH,F,HARD SPUN,MRS. ROSA,MR. GREELEY,EATON SALES AGENT,NOT SOLD,29000,,02/14/2022,KENTUCKY,7,,,
Kentucky October Yearlings (2023),2023-10-25,940,B,F,CITY OF LIGHT,MS. CHARACTER,GHOSTZAPPER,STRAIGHT LINE EQUINE SALES AGENT FOR COTEAU GROVE FARMS,NOT SOLD,19000,,05/19/2022,LOUISIANA,20,,,
Kentucky October Yearlings (2023),2023-10-25,941,B,F,MACLEAN'S MUSIC,MS. SHORT FUZE,ZENSATIONAL,DENALI STUD AGENT IX,LUCKY PENNY BLOODSTOCK,180000,,01/19/2022,KENTUCKY,1&2,,,
Kentucky October Yearlings (2023),2023-10-25,942,CH,C,TAMARKUZ,MUMTAAZAH,TAPIT,BALLYSAX BLOODSTOCK AGENT VI,IDA SPAGNOLA,2500,,01/31/2022,KENTUCKY,22,,,
Kentucky October Yearlings (2023),2023-10-25,943,B,F,CURLIN,MUNCHKIN MONEY,FREUD,DENALI STUD AGENT XXI,DONATO LANNI AGENT FOR MICHAEL LUND PETERSEN,460000,,03/18/2022,KENTUCKY,1&2,,,
Kentucky October Yearlings (2023),2023-10-25,944,DKB,C,AUTHENTIC,MUNNINGS' FINEST,MUNNINGS,ELITE AGENT FOR COTEAU GROVE FARMS,NOT SOLD,145000,,01/24/2022,LOUISIANA,7,,,
Kentucky October Yearlings (2023),2023-10-25,945,GRR,C,GET STORMY,MUSIC IN THE AIR,CREATIVE CAUSE,POPE MCLEAN (CRESTWOOD FARM) AGENT II,VICTOR JIMENEZ,4000,,02/21/2022,KENTUCKY,20,,,
Kentucky October Yearlings (2023),2023-10-25,946,DKB,F,MO TOWN,MUSIC TEACHER,COMMISSIONER,BLAKE-ALBINA THOROUGHBRED SERVICES LLC AGENT II,RODOLPHE BRISSET AGENT FOR SEPTEMBER FARM LLC,30000,,01/09/2022,INDIANA,11,,,
Kentucky October Yearlings (2023),2023-10-25,947,GRR,C,FROSTED,MY AWESOME MOM,AWESOME AGAIN,GAINESWAY AGENT XXIII,JAMES W ROGERS,27000,,04/17/2022,KENTUCKY,5&6,,,
Kentucky October Yearlings (2023),2023-10-25,948,DKB,F,TAPIT,MY BELLAMY,BELLAMY ROAD,BLAKE-ALBINA THOROUGHBRED SERVICES LLC AGENT I,OUT,0,,04/22/2022,KENTUCKY,11,,,
Kentucky October Yearlings (2023),2023-10-25,949,DKB,F,DIALED IN,MY BETHANY,BERNSTEIN,VINERY SALES AGENT XXXIV,NOT SOLD,34000,,05/19/2022,KENTUCKY,21&22,,,
Kentucky October Yearlings (2023),2023-10-25,950,DKB,C,TAKE CHARGE INDY,MY EKATI CAT,TALE OF EKATI,ST GEORGE SALES AGENT XXXII,OUT,0,,02/25/2022,KENTUCKY,10,,,
Kentucky October Yearlings (2023),2023-10-25,951,B,F,VEKOMA,MY FAIR LILY,SMOKE GLACKEN,GAINESWAY AGENT XXXIV,KENNETH MCPEEK AGENT,80000,,03/22/2022,KENTUCKY,5&6,,,
Kentucky October Yearlings (2023),2023-10-25,952,DKB,C,THE FACTOR,MY FOOLISH HEART,SKY MESA,LANE'S END AGENT,LEGION BLOODSTOCK AGENT,10000,,03/31/2022,KENTUCKY,1&2,,,
Kentucky October Yearlings (2023),2023-10-25,953,CH,F,LORD NELSON,MY FRIEND C. Z.,SEEKING THE GOLD,EATON SALES AGENT,L.G. AGENT,4500,,04/03/2022,KENTUCKY,7,,,
Kentucky October Yearlings (2023),2023-10-25,954,B,F,MALIBU MOON,MY HEART GOES ON,ALBERTUS MAXIMUS,ENDEAVOR FARM AGENT,ARCADIO ESCAMILLA,1500,,02/03/2022,KENTUCKY,19,,,
Kentucky October Yearlings (2023),2023-10-25,955,B,C,CONSTITUTION,MY LADY LUCK,HARD SPUN,DARBY DAN FARM AGENT I,MIAMI INVESTMENTS,60000,,04/23/2022,KENTUCKY,17,,,
Kentucky October Yearlings (2023),2023-10-25,956,DKB,C,GAME WINNER,MY LADY MUNNINGS,MUNNINGS,GAINESWAY AGENT IX,OUT,0,,04/01/2022,KENTUCKY,5&6,,,
Kentucky October Yearlings (2023),2023-10-25,957,GRR,C,SILENT NAME (JPN),MYRTLE'S GRAY,ORATORY,HUNTER VALLEY FARM AGENT,OUT,0,,04/13/2022,ONTARIO,9,,,
Kentucky October Yearlings (2023),2023-10-25,958,DKB,F,ECHO TOWN,MY SAVING GRACE,SUPER SAVER,TWIN OAKS AGENCY & SALES AGENT,MEAH/LLOYD BLOODSTOCK AGENT STARRY NIGHT RACING,32000,,04/13/2022,KENTUCKY,14,,,
Kentucky October Yearlings (2023),2023-10-25,959,CH,F,HARD SPUN,MYTHOLOGIST,GEMOLOGIST,GROVENDALE SALES AGENT III,LIBERTY MERE RACING/ SIX K'S AGENT,35000,,02/16/2022,KENTUCKY,17,,,
Kentucky October Yearlings (2023),2023-10-25,960,GRR,C,TAPIT,MY WANDY'S GIRL,FLOWER ALLEY,SUMMERFIELD (FRANCIS & BARBARA VANLANGENDONCK) AGENT FOR STONESTREET BRED & RAISED,NOT SOLD,145000,,03/08/2022,KENTUCKY,3,,,
Kentucky October Yearlings (2023),2023-10-25,961,DKB,F,CARACARO,NAKED BOOTLEG,PASS RUSH,LEGACY BLOODSTOCK AGENT III,THOROSTOCK LLC,20000,,04/20/2022,KENTUCKY,22,,,
Kentucky October Yearlings (2023),2023-10-25,962,B,C,TIZ THE LAW,NATURAL RUSH,INDIAN CHARLIE,WARRENDALE SALES AGENT XXII,YEOMANSTOWN STUD,40000,,02/24/2022,KENTUCKY,21,,,
Kentucky October Yearlings (2023),2023-10-25,963,GRR,C,THE FACTOR,NECK OF THE MOON,MORE THAN READY,ST GEORGE SALES AGENT XXX,RONALD J BROCKMEYER,22000,,05/07/2022,KENTUCKY,10,,,
Kentucky October Yearlings (2023),2023-10-25,964,CH,C,UNION JACKSON,NEHANTIC KAT,TOMORROWS CAT,BLANDFORD STUD (PADRAIG CAMPION) AGENT,GRASSROOTS TRN & SALES LLC,5000,,05/09/2022,NEW YORK,21,,,
Kentucky October Yearlings (2023),2023-10-25,965,B,F,TAPIT,NEMORALIA,MORE THAN READY,ELITE AGENT,LUGAMO RACING STABLE,60000,,05/01/2022,KENTUCKY,7,,,
Kentucky October Yearlings (2023),2023-10-25,966,DKB,F,GET STORMY,NEW REGIME,DECLARATION OF WAR,MILESTONE FARM,PILTOWN BOUND,28000,,02/12/2022,KENTUCKY,19,,,
Kentucky October Yearlings (2023),2023-10-25,967,B,C,UNION RAGS,NICHOLESLUCKYCHARM,TIZNOW,BUCKLAND SALES (ZACH MADDEN) AGENT XII,OUT,0,,04/24/2022,KENTUCKY,20,,,
Kentucky October Yearlings (2023),2023-10-25,968,B,F,CARAVAGGIO,NICKI KNEW,TETHRA,TAYLOR MADE SALES AGENCY AGENT LXXIV,OUT,0,,04/13/2022,ONTARIO,12&13&16,,,
Kentucky October Yearlings (2023),2023-10-25,969,CH,F,IMPROBABLE,NICOLE'S DREAM,NORTHERN TREND,NARDELLI SALES AGENT II,MEAH/LLOYD AGENT FOR SWEEZEY RACING,40000,,03/22/2022,KENTUCKY,8,,,
Kentucky October Yearlings (2023),2023-10-25,970,DKB,C,AUTHENTIC,NIGHT AND DAY,UNBRIDLED'S SONG,DENALI STUD AGENT XXII,III BEAUTYS THOROUGHBREDS LLC,12000,,03/23/2022,KENTUCKY,1&2,,,
Kentucky October Yearlings (2023),2023-10-25,971,GRR,F,AUDIBLE,NILE RISING,PIONEEROF THE NILE,PREFERRED EQUINE AGENT,RACHEL BOYER,5000,,03/07/2022,NEW YORK,23,,,
Kentucky October Yearlings (2023),2023-10-25,972,CH,F,MENDELSSOHN,NIMBLE FOOT (IRE),DANEHILL DANCER (IRE),C & S THOROUGHBREDS AGENT,DONA LICHA STABLES,35000,,01/18/2022,KENTUCKY,13,,,
Kentucky October Yearlings (2023),2023-10-25,973,B,F,AIR FORCE BLUE,NISHARORA (IRE),EXCELLENT ART (GB),LISA & TIM TURNEY AGENT VI,OUT,0,,04/06/2022,KENTUCKY,19,,,
Kentucky October Yearlings (2023),2023-10-25,974,DKB,F,GOLDENCENTS,NOBLE BEAUTY,KITTEN'S JOY,GREENFIELD FARMS AGENT III,ALISTAR RODEN AGENT FOR ROBERT HESS,75000,,05/17/2022,KENTUCKY,18,,,
Kentucky October Yearlings (2023),2023-10-25,975,DKB,C,CLOUD COMPUTING,NO KNOCKS,A.P. INDY,VINERY SALES AGENT XVI,CHRIS MELTON,2000,,01/23/2022,KENTUCKY,21&22,,,
Kentucky October Yearlings (2023),2023-10-25,976,DKB,F,HARD SPUN,NONCOMMITAL,SPEIGHTSTOWN,PARAMOUNT SALES AGENT VI,OUT,0,,04/27/2022,KENTUCKY,20,,,
Kentucky October Yearlings (2023),2023-10-25,977,DKB,C,QUALITY ROAD,NO QUESTIONS ASKED,AWESOME AGAIN,TAYLOR MADE SALES AGENCY AGENT XXIII,WEST BLDSTK AGT FOR REPOLE STABLE,95000,,03/04/2022,ONTARIO,12&13&16,,,
Kentucky October Yearlings (2023),2023-10-25,978,B,C,PRACTICAL JOKE,NORTHERN GRAYSTAR,GRAYDAR,ENDEAVOR FARM AGENT FOR CIRCLE BAR H,NOT SOLD,55000,,04/29/2022,KENTUCKY,19,,,
Kentucky October Yearlings (2023),2023-10-25,979,CH,C,SKY MESA,NORTHERN PASSION,FIRST SAMURAI,DARBY DAN FARM AGENT I,LARSON & ORDONEZ,12000,,02/26/2022,KENTUCKY,17,,,
Kentucky October Yearlings (2023),2023-10-25,980,B,C,WAR FRONT,NO SWEAT,BLAME,WARRENDALE SALES AGENT XXII,ELKDALE FARM,17000,,02/21/2022,KENTUCKY,21,,,
Kentucky October Yearlings (2023),2023-10-25,981,DKB,C,UNIFIED,NOT A PEEP,SUCCESSFUL APPEAL,DENALI STUD AGENT VI,PAUL MAGEE,1000,,05/01/2022,NEW YORK,1&2,,,
Kentucky October Yearlings (2023),2023-10-25,982,B,F,REDESDALE,NOTHIN BUT A SMILE,GRAZEN,BLACKBURN FARM AGENT,OUT,0,,04/16/2022,NEW YORK,22,,,
Kentucky October Yearlings (2023),2023-10-25,983,GRR,F,INTO MISCHIEF,NOT IN JEST,UNBRIDLED'S SONG,TAYLOR MADE SALES AGENCY AGENT,KADEN CLARY,150000,,04/15/2022,KENTUCKY,12&13&16,,,
Kentucky October Yearlings (2023),2023-10-25,984,B,C,HONOR A. P.,NOW BLESSED,TIZNOW,BURLESON FARMS AGENT,MAHMUD MOUNI,5500,,03/05/2022,KENTUCKY,23,,,
Kentucky October Yearlings (2023),2023-10-25,985,B,F,MACLEAN'S MUSIC,OBAASAN,STORMY ATLANTIC,HILL 'N' DALE AT XALAPA AGENT,JOHN BROCKLEBANK,75000,,02/06/2022,ONTARIO,4,,,
Kentucky October Yearlings (2023),2023-10-25,986,B,C,VINO ROSSO,OBLIVIOUS,COZZENE,BRANDYWINE FARM (JIM & PAM ROBINSON) AGENT,GRASSROOTS TRN & SALES LLC,50000,,03/29/2022,KENTUCKY,15,,,
Kentucky October Yearlings (2023),2023-10-25,987,DKB,C,BRODY'S CAUSE,OCEANIC QUEEN,INVASOR (ARG),JOHNSON CROSS AGENT I,TRAVIS SHORT,1000,,04/09/2022,KENTUCKY,23,,,
Kentucky October Yearlings (2023),2023-10-25,988,CH,F,UNION RAGS,OCEAN VIEW,CANDY RIDE (ARG),PARAMOUNT SALES AGENT VI,JAYDE GELNER,50000,,04/06/2022,LOUISIANA,20,,,
Kentucky October Yearlings (2023),2023-10-25,989,DKB,F,GLOBAL CAMPAIGN,OFF MY STAGE,MORE THAN READY,LEGACY BLOODSTOCK AGENT XV,BREANDAN DRAPER AGENT FOR SPAN INVESTMENT,23000,,04/18/2022,KENTUCKY,22,,,
Kentucky October Yearlings (2023),2023-10-25,990,B,C,KARAKONTIE (JPN),OF ONE HEART,PERFECT SOUL (IRE),GAINESWAY AGENT XIX,MAGNOLIA LANE FARM,41000,,02/05/2022,KENTUCKY,5&6,,,
Kentucky October Yearlings (2023),2023-10-25,991,DKB,F,TALE OF VERVE,OH MRS. G,OFFLEE WILD,PARAMOUNT SALES AGENT XXIII,NORTHERN DAWN STABLES,10000,,02/17/2022,KENTUCKY,20,,,
Kentucky October Yearlings (2023),2023-10-25,992,B,C,HONOR A. P.,OKBYECYA,INTO MISCHIEF,LEGACY BLOODSTOCK AGENT VIII,SKULL STABLE,28000,,03/19/2022,KENTUCKY,22,,,
Kentucky October Yearlings (2023),2023-10-25,993,B,F,KEEN ICE,ON A ROLL,A.P. INDY,BROOKDALE SALES AGENT FOR MESINGW FARM LLC,CALL ROCK,20000,,05/16/2022,KENTUCKY,18,,,
Kentucky October Yearlings (2023),2023-10-25,994,B,C,HIGHER POWER,ONE FOR YOU,DAYJUR,ENDEAVOR FARM AGENT,GOP RACING,40000,,02/19/2022,KENTUCKY,19,,,
Kentucky October Yearlings (2023),2023-10-25,995,CH,C,GET STORMY,ONE IN A ROMP,CRYPTOCLEARANCE,RUNNYMEDE FARM LLC AGENT,SIMMONS & ASSOCIATES INC,2000,,05/21/2022,KENTUCKY,1,,,
Kentucky October Yearlings (2023),2023-10-25,996,B,C,MCKINZIE,ONE LOOK,HENNY HUGHES,VINERY SALES AGENT LIII,KENNETH MCPEEK AGENT,80000,,02/25/2022,NEW YORK,21&22,,,
Kentucky October Yearlings (2023),2023-10-25,997,B,C,MAXIMUS MISCHIEF,ONE PLAYFUL ACT,FLAT OUT,BRANDYWINE FARM (JIM & PAM ROBINSON),TOM MCCROCKLIN AGENT,100000,,01/18/2022,KENTUCKY,15,,,
Kentucky October Yearlings (2023),2023-10-25,998,CH,C,DAREDEVIL,ONE TIME ONLY,LEMON DROP KID,MILL RIDGE SALES AGENT I,MAHMUD MOUNI,4500,,04/30/2022,KENTUCKY,11,,,
Kentucky October Yearlings (2023),2023-10-25,999,B,F,QUALITY ROAD,ON MY WAY,GIANT'S CAUSEWAY,LANE'S END AGENT,OUT,0,,02/06/2022,KENTUCKY,1&2,,,
Kentucky October Yearlings (2023),2023-10-25,1000,B,C,BOLT D'ORO,ON RAINBOW BRIDGE,BOLD EXECUTIVE,TAYLOR MADE SALES AGENCY AGENT LXI,CAMACHO STABLE LLC,40000,,01/23/2022,KENTUCKY,12&13&16,,,
Kentucky October Yearlings (2023),2023-10-25,1001,B,C,WAR FRONT,ORATE,A.P. INDY,CLAIBORNE FARM AGENT,WILSON THOROUGHBRED RACING LLC,200000,Y,04/04/2022,KENTUCKY,8,,,
Kentucky October Yearlings (2023),2023-10-25,1002,B,C,AMERICAN FREEDOM,ORIOLE,MEDAGLIA D'ORO,SHAWHAN PLACE LLC AGENT VI,MCCUTCHEN TRAINING CENTER,2000,,04/08/2022,KENTUCKY,23,,,
Kentucky October Yearlings (2023),2023-10-25,1003,DKB,F,CAIRO PRINCE,ORSA,BERNARDINI,BROOKDALE SALES AGENT FOR MINEOLA FARM,NOT SOLD,13000,,02/09/2022,KENTUCKY,18,,,
Kentucky October Yearlings (2023),2023-10-25,1004,GRR,C,VINO ROSSO,ORTIGA (IRE),DARK ANGEL (IRE),VINERY SALES AGENT VII,NOT SOLD,19000,,03/18/2022,KENTUCKY,21&22,,,
Kentucky October Yearlings (2023),2023-10-25,1005,B,C,MORE THAN READY,OSCILLATION,FIRST DEFENCE,GAINESWAY AGENT FOR BOYD T. BROWNING JR. & PARTNERS,AVK BLOODSTOCK,60000,,05/24/2022,KENTUCKY,5&6,,,
Kentucky October Yearlings (2023),2023-10-25,1006,DKB,C,GUN RUNNER,O' TOOLE,DISTORTED HUMOR,STUART MORRIS AGENT IX,GEORGE SHARP,160000,,02/27/2022,FLORIDA,23,,,
Kentucky October Yearlings (2023),2023-10-25,1007,DKB,F,MCKINZIE,OUCHY NIGHT,CACTUS RIDGE,DENALI STUD AGENT FOR EDITION FARM,ALEJANDRO CONTRERAS,2500,,03/22/2022,NEW YORK,1&2,,,
Kentucky October Yearlings (2023),2023-10-25,1008,DKB,F,ECHO TOWN,OUR ELEANOR,SUCCESSFUL APPEAL,PARKWAY FARM AGENT,ESTABLO RAFANIL,11000,,03/28/2022,KENTUCKY,21,,,
Kentucky October Yearlings (2023),2023-10-25,1009,B,F,ALWAYS DREAMING,OUR MARISOL,FUSAICHI PEGASUS,BLANDFORD STUD (PADRAIG CAMPION) AGENT,NOT SOLD,3000,,05/04/2022,KENTUCKY,21,,,
Kentucky October Yearlings (2023),2023-10-25,1010,B,C,FREE DROP BILLY,OUR WHISKEY GIRLS,FORESTRY,LEGACY BLOODSTOCK AGENT XVI,OUT,0,,01/30/2022,KENTUCKY,22,,,
Kentucky October Yearlings (2023),2023-10-25,1011,GRR,F,VOLATILE,OUT OF TROUBLE,INTO MISCHIEF,WYNNSTAY SALES AGENT III,KAT KIRK & WAYNE SANDERS,50000,,04/25/2022,KENTUCKY,12,,,
Kentucky October Yearlings (2023),2023-10-25,1012,B,F,SPEIGHTSTOWN,OVERJOYED,MEDAGLIA D'ORO,BROOKDALE SALES AGENT FOR JACK SWAIN,NOT SOLD,67000,,03/05/2022,KENTUCKY,18,,,
Kentucky October Yearlings (2023),2023-10-25,1013,B,F,MAXIMUS MISCHIEF,OVERNEGOTIATE,OVERDRIVEN,FLY BY THOROUGHBREDS AGENT,OUT,0,,03/22/2022,FLORIDA,23,,,
Kentucky October Yearlings (2023),2023-10-25,1014,B,C,WEST COAST,OVERPREPARED,QUALITY ROAD,STUART MORRIS AGENT III,OMAR RAMIREZ,14000,,04/10/2022,KENTUCKY,23,,,
Kentucky October Yearlings (2023),2023-10-25,1015,CH,F,COLLECTED,OVERVALUED,FOREST GROVE,SHANAWAY FARM,KATIERICH FARMS,5000,,04/29/2022,KENTUCKY,21,,,
Kentucky October Yearlings (2023),2023-10-25,1016,B,C,STREET SENSE,OWLETTE,FRAC DADDY,WOODS EDGE FARM AGENT,ST ELIAS STABLES LLC,150000,,03/13/2022,KENTUCKY,3,,,
Kentucky October Yearlings (2023),2023-10-25,1017,B,C,FROSTED,PACIFIC CALM,CANDY RIDE (ARG),TRACKSIDE FARM (TOM EVANS) AGENT,WAKE FOREST STABLE,5000,,04/21/2022,KENTUCKY,21,,,
Kentucky October Yearlings (2023),2023-10-25,1018,DKB,F,IMPROBABLE,PACIFIC PINK,PRIVATE VOW,DENALI STUD AGENT I,SAM F HENDERSON,45000,,03/01/2022,KENTUCKY,1&2,,,
Kentucky October Yearlings (2023),2023-10-25,1019,DKB,F,VIOLENCE,PACIFY,TAPIT,HILL 'N' DALE AT XALAPA AGENT,TWIN SPORTS,35000,,05/09/2022,ONTARIO,4,,,
Kentucky October Yearlings (2023),2023-10-25,1020,B,F,VINO ROSSO,PADDY'S CHANT,PADDY O'PRADO,DENALI STUD AGENT XI,JORGE GONZALEZ REY,20000,,04/26/2022,KENTUCKY,1&2,,,
Kentucky October Yearlings (2023),2023-10-25,1021,B,F,THOUSAND WORDS,PAINTED WOMAN,FOREST WILDCAT,FOUR STAR SALES AGENT,TITO GUEVARA,13000,,04/16/2022,KENTUCKY,17&18,,,
Kentucky October Yearlings (2023),2023-10-25,1022,B,F,MENDELSSOHN,PAINTER'S MUSE (GB),SMART STRIKE,CLAIBORNE FARM AGENT,NOT SOLD,95000,,04/29/2022,KENTUCKY,8,,,
Kentucky October Yearlings (2023),2023-10-25,1023,CH,C,JUSTIFY,PALACE PRINCESS,HARD SPUN,HUNTER VALLEY FARM AGENT,JESSIE LONGORIA AGENT FOR KIEHNE & BRUNSON,725000,,05/08/2022,KENTUCKY,9,,,
Kentucky October Yearlings (2023),2023-10-25,1024,DKB,F,STREET SENSE,PALACIO DE AMOR,DIXIELAND BAND,BLAKE-ALBINA THOROUGHBRED SERVICES LLC AGENT I,THOMAS HAUGHEY FOR PTK LLC,240000,,03/18/2022,KENTUCKY,11,,,
Kentucky October Yearlings (2023),2023-10-25,1025,CH,F,MORE THAN READY,PALE MOON (GB),DANSILI (GB),CLAIBORNE FARM AGENT,ANDREA STABLES,17000,,02/07/2022,KENTUCKY,8,,,
Kentucky October Yearlings (2023),2023-10-25,1026,DKB,F,YOSHIDA (JPN),PALUXY PRINCESS,GHOSTZAPPER,MULHOLLAND SPRINGS AGENT IV,ARCADIO ESCAMILLA,3000,,03/06/2022,NEW YORK,14,,,
Kentucky October Yearlings (2023),2023-10-25,1027,DKB,C,CANDY RIDE (ARG),PAMINA,STREET CRY (IRE),STONE FARM AGENT,NOT SOLD,120000,,05/02/2022,KENTUCKY,10,,,
Kentucky October Yearlings (2023),2023-10-25,1028,B,C,AUTHENTIC,PANTANAL,CONGRATS,GAINESWAY AGENT XI,OUT,0,,03/03/2022,KENTUCKY,5&6,,,
Kentucky October Yearlings (2023),2023-10-25,1029,CH,C,GIFT BOX,PARDONMECOMINGTHRU,CHATAIN,SUMMERFIELD (FRANCIS & BARBARA VANLANGENDONCK) AGENT,KINGS EQUINE,15000,,04/30/2022,KENTUCKY,3,,,
Kentucky October Yearlings (2023),2023-10-25,1030,DKB,C,MCKINZIE,PAST AS PRELUDE,BERNARDINI,BETZ THOROUGHBREDS INC. AGENT,OUT,0,,05/12/2022,VIRGINIA,8,,,
Kentucky October Yearlings (2023),2023-10-25,1031,B,F,BOLT D'ORO,PATRONCITA,UNCLE MO,TAYLOR MADE SALES AGENCY AGENT LXI,LEGION BLOODSTOCK AGENT,100000,,05/15/2022,KENTUCKY,12&13&16,,,
Kentucky October Yearlings (2023),2023-10-25,1032,B,F,MAXIMUM SECURITY,PATSY'S KIM,DIXIE UNION,MACHMER HALL SALES AGENT FOR MACHMER HALL,ISRAEL CHAVEZ,9000,,05/08/2022,KENTUCKY,5&6,,,
Kentucky October Yearlings (2023),2023-10-25,1033,GRR,C,UNCLE MO,PAULISTINHA,TAPIT,DENALI STUD AGENT XII,OUT,0,,04/29/2022,KENTUCKY,1&2,,,
Kentucky October Yearlings (2023),2023-10-25,1034,CH,F,NOT THIS TIME,PAVATI,UNBRIDLED'S SONG,TAYLOR MADE SALES AGENCY AGENT XXXVII,WEST BLDSTK AGT FOR REPOLE STABLE,190000,,05/06/2022,KENTUCKY,12&13&16,,,
Kentucky October Yearlings (2023),2023-10-25,1035,DKB,F,CATHOLIC BOY,PAY THE KITTEN,KITTEN'S JOY,BLAKE-ALBINA THOROUGHBRED SERVICES LLC AGENT I,NOT SOLD,1000,,02/24/2022,KENTUCKY,11,,,
Kentucky October Yearlings (2023),2023-10-25,1036,DKB,C,TEMPLE CITY,PEA,NOBIZ LIKE SHOBIZ,TRACKSIDE FARM (TOM EVANS) AGENT III,RIMROC FARM,1000,Y,04/25/2022,KENTUCKY,21,,,
Kentucky October Yearlings (2023),2023-10-25,1037,B,C,GORMLEY,PEACEFUL SPLENDOR,HONOUR AND GLORY,FORBUSH FARM,S.R.O.A (K.O.I.D.),25000,,04/16/2022,KENTUCKY,19,,,
Kentucky October Yearlings (2023),2023-10-25,1038,CH,C,LIAM'S MAP,PECHANGA (IRE),CAMELOT (GB),C & S THOROUGHBREDS AGENT,DK STRICKLAND,30000,,03/26/2022,KENTUCKY,13,,,
Kentucky October Yearlings (2023),2023-10-25,1039,CH,C,GLOBAL CAMPAIGN,PEGGY RING,GHOSTZAPPER,LEGACY BLOODSTOCK AGENT VII,GRASSROOTS TRN & SALES LLC,20000,,02/19/2022,KENTUCKY,22,,,
Kentucky October Yearlings (2023),2023-10-25,1040,B,F,AMERICAN FREEDOM,PELT,CANADIAN FRONTIER,SHAWHAN PLACE LLC AGENT FOR MR. THEODORE R. KUSTER,MCCUTCHEN TRAINING CENTER,2000,,05/14/2022,KENTUCKY,23,,,
Kentucky October Yearlings (2023),2023-10-25,1041,CH,F,VIOLENCE,PERDY,TALE OF THE CAT,HILL 'N' DALE AT XALAPA AGENT,REBECCA JOHNSTON,6000,,04/27/2022,KENTUCKY,4,,,
Kentucky October Yearlings (2023),2023-10-25,1042,CH,C,YOSHIDA (JPN),PERFECT IMPRESSION,SHACKLEFORD,WARRENDALE SALES AGENT XV,ITAL-CAL HORSE MANAGEMENT INC,8000,,03/01/2022,KENTUCKY,21,,,
Kentucky October Yearlings (2023),2023-10-25,1043,CH,F,JERSEY TOWN,PERFECTION CAT,TALE OF THE CAT,PARAMOUNT SALES AGENT XXIII,JORGE AMEGLIO,6000,,03/24/2022,KENTUCKY,20,,,
Kentucky October Yearlings (2023),2023-10-25,1044,CH,F,OMAHA BEACH,PERFECTION LADY,MAJESTICPERFECTION,TAYLOR MADE SALES AGENCY AGENT LXIII,SBM TRAINING & SALES,100000,Y,04/14/2022,KENTUCKY,12&13&16,,,
Kentucky October Yearlings (2023),2023-10-25,1045,DKB,F,HONEST MISCHIEF,PERFECT LEGACY,PERFECT SOUL (IRE),VINERY SALES AGENT XIII,NOT SOLD,14000,,05/09/2022,TEXAS,21&22,,,
Kentucky October Yearlings (2023),2023-10-25,1046,B,F,SEEKING THE SOUL,PERFECT MINE,MINESHAFT,PARAMOUNT SALES AGENT XXIII,NOT SOLD,1500,,03/25/2022,KENTUCKY,20,,,
Kentucky October Yearlings (2023),2023-10-25,1047,B,C,PROTONICO,PERFECT SISTER,PERFECT SOUL (IRE),GROVENDALE SALES AGENT I,NADIR KHASSANOV,6000,,04/22/2022,KENTUCKY,17,,,
Kentucky October Yearlings (2023),2023-10-25,1048,B,C,BRAVAZO,PERPETUAL NOVENA,MAJESTIC WARRIOR,TRACKSIDE FARM (TOM EVANS) AGENT V,MAHMUD MOUNI,1000,,04/17/2022,KENTUCKY,21,,,
Kentucky October Yearlings (2023),2023-10-25,1049,B,F,QUALITY ROAD,PHOTOGRAPHER,WAR FRONT,DIXIANA FARMS LLC,OUT,0,,05/25/2022,KENTUCKY,17,,,
Kentucky October Yearlings (2023),2023-10-25,1050,DKB,F,JACK MILTON,PICK OF THE PACK,LIL'S LAD,TRACKSIDE FARM (TOM EVANS) AGENT II,TOM MCCROCKLIN AGENT,37000,,05/03/2022,KENTUCKY,21,,,
Kentucky October Yearlings (2023),2023-10-25,1051,B,F,DEMARCHELIER (GB),PIC THREE BERTIE,FOREST DANGER,CLAIBORNE FARM AGENT,KIM SMITH AGENT,1000,Y,04/06/2022,KENTUCKY,8,,,
Kentucky October Yearlings (2023),2023-10-25,1052,B,C,GUN RUNNER,PICTON,LIAM'S MAP,WARRENDALE SALES AGENT XIX,OUT,0,,02/28/2022,KENTUCKY,21,,,
Kentucky October Yearlings (2023),2023-10-25,1053,GRR,C,CARAVAGGIO,PINK CASHMERE,ESKENDEREYA,COLETTE FARM,MEAH/LLOYD AGENT FOR SWEEZEY RACING,25000,,02/28/2022,KENTUCKY,23,,,
Kentucky October Yearlings (2023),2023-10-25,1054,B,C,KARAKONTIE (JPN),PINK LENINADE,LEMON DROP KID,WESTBROOK STABLES LLC,BIG EASY,12000,,04/10/2022,KENTUCKY,19,,,
Kentucky October Yearlings (2023),2023-10-25,1055,DKB,C,CARAVAGGIO,PINK PIGEON,ANIMAL KINGDOM,BLACKBURN FARM AGENT,OUT,0,,03/20/2022,KENTUCKY,22,,,
Kentucky October Yearlings (2023),2023-10-25,1056,B,F,DISTORTED HUMOR,PINK PRINCESS,WEIGELIA,MILL RIDGE SALES AGENT VII,NOT SOLD,75000,,04/11/2022,PENNSYLVANIA,11,,,
Kentucky October Yearlings (2023),2023-10-25,1057,CH,F,JUSTIFY,PINK TWIST,MALIBU MOON,HIGHGATE SALES AGENT XII,DE MERIC SALES,240000,,04/30/2022,KENTUCKY,15,,,
Kentucky October Yearlings (2023),2023-10-25,1058,GRR,F,GIFT BOX,PINOT,INTO MISCHIEF,MULHOLLAND FARM AGENT,JACK AND ELEANOR RACING,17000,,05/06/2022,KENTUCKY,23,,,
Kentucky October Yearlings (2023),2023-10-25,1059,B,C,ARMY MULE,PIN UP (IRE),LOOKIN AT LUCKY,FOUNDATIONS FARM,TATE SHAW,30000,Y,04/13/2022,KENTUCKY,19,,,
Kentucky October Yearlings (2023),2023-10-25,1060,DKB,C,GIRVIN,PIPPAS POPPY,SOLDAT,ELITE AGENT,OUT,0,,02/28/2022,FLORIDA,7,,,
Kentucky October Yearlings (2023),2023-10-25,1061,DKB,C,BOLT D'ORO,PLACE CARD,LEMON DROP KID,VINERY SALES AGENT XIV,III BEAUTYS THOROUGHBREDS LLC,30000,,04/25/2022,KENTUCKY,21&22,,,
Kentucky October Yearlings (2023),2023-10-25,1062,CH,F,COUNTRY HOUSE,PLANETA,GIANT'S CAUSEWAY,SARINANA RACING (JOSE C. SARINANA),ROLANDO GIHA,5500,,04/22/2022,KENTUCKY,23,,,
Kentucky October Yearlings (2023),2023-10-25,1063,CH,F,TAPITURE,PLASTIQUE,CITY ZIP,PETER SHEPPELL THOROUGHBREDS,NOT SOLD,5000,,04/16/2022,OHIO,20,,,
Kentucky October Yearlings (2023),2023-10-25,1064,GRR,C,PRESERVATIONIST,PLAY FOR GOLD,CAIRO PRINCE,AIRDRIE STUD RAISED & OFFERED,CHRIS MELTON,2500,,05/11/2022,KENTUCKY,3,,,
Kentucky October Yearlings (2023),2023-10-25,1065,DKB,F,HONOR A. P.,PLAYFUL DANCER,INTO MISCHIEF,LANE'S END AGENT FOR COTEAU GROVE FARMS,BECKY THOMAS AGENT,57000,,03/08/2022,LOUISIANA,1&2,,,
Kentucky October Yearlings (2023),2023-10-25,1066,B,C,IMPROBABLE,PLAYMATES ARCH,ARCH,WARRENDALE SALES AGENT FOR SILESIA FARM,OUT,0,,02/16/2022,KENTUCKY,21,,,
Kentucky October Yearlings (2023),2023-10-25,1067,CH,C,MUNNINGS,PLEASANT DRIVE,STRONG MANDATE,TAYLOR MADE SALES AGENCY AGENT XLVIII,OUT,0,,02/15/2022,KENTUCKY,12&13&16,,,
Kentucky October Yearlings (2023),2023-10-25,1068,DKB,C,JUSTIFY,PLEASANT EKATI,TALE OF EKATI,PARAMOUNT SALES AGENT XXIII,NOT SOLD,28000,,02/20/2022,KENTUCKY,20,,,
Kentucky October Yearlings (2023),2023-10-25,1069,B,C,INTO MISCHIEF,K P DREAMIN,UNION RAGS,BLANDFORD STUD (PADRAIG CAMPION) AGENT,MIKE RYAN AGENT,220000,,02/14/2022,KENTUCKY,21,,,
Kentucky October Yearlings (2023),2023-10-25,1070,DKB,C,MACLEAN'S MUSIC,PLEIN AIR (IRE),MANDURO (GER),STONE FARM AGENT,ABIGAIL GOTICO,30000,,04/27/2022,KENTUCKY,10,,,
Kentucky October Yearlings (2023),2023-10-25,1071,CH,C,CATHOLIC BOY,PLINKING,TALKIN MAN,MULHOLLAND SPRINGS AGENT V,AP STABLE,1000,,04/15/2022,NEW YORK,14,,,
Kentucky October Yearlings (2023),2023-10-25,1072,CH,C,TAPIT,PLUS ONE,BLUEGRASS CAT,GAINESWAY AGENT XXX,AL PIKE AGENT,55000,,02/21/2022,KENTUCKY,5&6,,,
Kentucky October Yearlings (2023),2023-10-25,1073,B,F,LAOBAN,POETIC JUSTICE,PIONEEROF THE NILE,BURLESON FARMS AGENT,OUT,0,,02/22/2022,NEW YORK,23,,,
Kentucky October Yearlings (2023),2023-10-25,1074,DKB,F,YOSHIDA (JPN),POLITICAL ACT,POLITICAL FORCE,VINERY SALES AGENT XXXV,BINGO RACING STABLE,2000,,05/13/2022,KENTUCKY,21&22,,,
Kentucky October Yearlings (2023),2023-10-25,1075,GRR,F,FROSTED,POLLY FREEZE,SUPER SAVER,TAYLOR MADE SALES AGENCY AGENT XXXVII,NICE GUYS STABLES LLC,155000,,03/09/2022,KENTUCKY,12&13&16,,,
Kentucky October Yearlings (2023),2023-10-25,1076,DKB,C,KARAKONTIE (JPN),POP BY,CITY ZIP,TERRAZAS THOROUGHBREDS AGENT IV,OUT,0,,05/16/2022,KENTUCKY,21,,,
Kentucky October Yearlings (2023),2023-10-25,1077,CH,C,CUPID,PORT AUTHORITY,STORMY ATLANTIC,KNOCKGRIFFIN FARM AGENT,K.O.I.D.,20000,,04/16/2022,VIRGINIA,14,,,
Kentucky October Yearlings (2023),2023-10-25,1078,DKB,C,OMAHA BEACH,PORTOFINA,MALIBU MOON,BALLYSAX BLOODSTOCK AGENT FOR GRANTLEY ACRES,OUT,0,,03/15/2022,KENTUCKY,22,,,
Kentucky October Yearlings (2023),2023-10-25,1079,CH,C,MACLEAN'S MUSIC,PORT OF INDY,CONGRATS,BILL MURPHY AGENT,III BEAUTYS THOROUGHBREDS LLC,125000,,03/11/2022,KENTUCKY,22,,,
Kentucky October Yearlings (2023),2023-10-25,1080,B,C,ECHO TOWN,PORTO MARMAY (IRE),CHOISIR (AUS),GAINESWAY AGENT XIV,GRANDVIEW EQUINE,60000,,04/23/2022,KENTUCKY,5&6,,,
Kentucky October Yearlings (2023),2023-10-25,1081,B,C,MUNNINGS,POSSESSIVE,BERNARDINI,KNOCKGRIFFIN FARM AGENT,GRASSROOTS TRN & SALES LLC,50000,,04/05/2022,NEW YORK,14,,,
Kentucky October Yearlings (2023),2023-10-25,1082,GRR,F,NOT THIS TIME,POUND STERLING,EXCHANGE RATE,WARRENDALE SALES AGENT XVII,JACOB WARDEN,180000,Y,03/14/2022,KENTUCKY,21,,,
Kentucky October Yearlings (2023),2023-10-25,1083,DKB,F,THOUSAND WORDS,PRAY BABY PRAY,VIOLENCE,PETER SHEPPELL THOROUGHBREDS,RIVERA RACING STABLE,4500,,04/01/2022,OHIO,20,,,
Kentucky October Yearlings (2023),2023-10-25,1084,B,C,UNIFIED,PREACHER JOPLIN,SONGANDAPRAYER,TAYLOR MADE SALES AGENCY AGENT LVIII,OUT,0,,03/19/2022,KENTUCKY,12&13&16,,,
Kentucky October Yearlings (2023),2023-10-25,1085,CH,C,HARD SPUN,PRECISION FARMING,SMART STRIKE,HIGHGATE SALES AGENT IV,OUT,0,,05/21/2022,LOUISIANA,15,,,
Kentucky October Yearlings (2023),2023-10-25,1086,B,C,FOG OF WAR,PRET,MORE THAN READY,PREFERRED EQUINE AGENT,ARCADIO ESCAMILLA,1500,,02/22/2022,NEW YORK,23,,,
Kentucky October Yearlings (2023),2023-10-25,1087,B,F,COUNTRY HOUSE,PRETTY GRITTY,MERCER MILL,SHELTOWEE SALES AGENT,OUT,0,,03/16/2022,OHIO,23,,,
Kentucky October Yearlings (2023),2023-10-25,1088,B,F,GOOD SAMARITAN,PRETTY IN PLATINUM,UNBRIDLED'S SONG,BILL MURPHY AGENT III,NOT SOLD,2500,,01/26/2022,KENTUCKY,22,,,
Kentucky October Yearlings (2023),2023-10-25,1089,GRR,C,FROSTED,PRETTY POINT,POINT OF ENTRY,BLAKE-ALBINA THOROUGHBRED SERVICES LLC AGENT I,NICK PALMER AGENT,23000,,03/10/2022,NEW YORK,11,,,
Kentucky October Yearlings (2023),2023-10-25,1090,CH,C,SOLOMINI,PRETTYPRICEYGIRL,SCAT DADDY,RICKY HIGGS AGENT FOR LEANDRO CORTES,ARCADIO ESCAMILLA,2000,,04/24/2022,NEW YORK,15,,,
Kentucky October Yearlings (2023),2023-10-25,1091,B,C,STREET SENSE,PRIDE'S GOLD,ANIMAL KINGDOM,HIDDEN BROOK AGENT I,SHAUNA FORD,1000,,02/24/2022,KENTUCKY,22,,,
Kentucky October Yearlings (2023),2023-10-25,1092,B,F,TEXAS RED,PRIME RISK,GRAND REWARD,BILL MURPHY AGENT II,NOT SOLD,2500,,03/31/2022,KENTUCKY,22,,,
Kentucky October Yearlings (2023),2023-10-25,1093,B,F,UNIFIED,PRINCESS ADDY,QUALITY ROAD,PARAMOUNT SALES AGENT XXX,DON'T YOU WORRY RACING,10000,,03/06/2022,KENTUCKY,20,,,
Kentucky October Yearlings (2023),2023-10-25,1094,B,F,MAXIMUS MISCHIEF,PRINCESS NICOLE,DISCREETLY MINE,TAYLOR MADE SALES AGENCY AGENT LIX,ORACLE BLOODSTOCK AGENT,65000,,03/07/2022,KENTUCKY,12&13&16,,,
Kentucky October Yearlings (2023),2023-10-25,1095,B,F,MAXIMUM SECURITY,PRINCESS PAO,SKY KINGDOM,CANDY MEADOWS SALES AGENT FOR THREE LYONS,W.P.T.,38000,,04/09/2022,KENTUCKY,21,,,
Kentucky October Yearlings (2023),2023-10-25,1096,B,C,COMPLEXITY,PRIVY COUNCIL,MAJESTICPERFECTION,AIRDRIE STUD RAISED & OFFERED,REMINGTON SALES,52000,,05/03/2022,KENTUCKY,3,,,
Kentucky October Yearlings (2023),2023-10-25,1097,CH,C,MORE THAN READY,PROFOUND MOMENT,HAYNESFIELD,LANE'S END AGENT,PRESTIGE WORLDWIDE,160000,,05/05/2022,KENTUCKY,1&2,,,
Kentucky October Yearlings (2023),2023-10-25,1098,B,F,NYQUIST,PROJECT WHISKEY,TAPIZAR,DENALI STUD AGENT XVIII,ARROYO BLSKAGT MARCUS SCOTT,45000,,02/18/2022,KENTUCKY,1&2,,,
Kentucky October Yearlings (2023),2023-10-25,1099,B,C,WAR OF WILL,PROMENADE REVIEW,WARRIOR'S REWARD,BRANDYWINE FARM (JIM & PAM ROBINSON) AGENT,C F BLOODSTOCK,50000,,03/20/2022,KENTUCKY,15,,,
Kentucky October Yearlings (2023),2023-10-25,1100,GRR,C,FLATTER,PROMINENT,EL PRADO (IRE),BLAKE-ALBINA THOROUGHBRED SERVICES LLC AGENT I,ANDREA STABLES,2000,,02/16/2022,KENTUCKY,11,,,
Kentucky October Yearlings (2023),2023-10-25,1101,DKB,F,HIGHER POWER,PROMISE ME ROSES,LEMON DROP KID,LEGACY BLOODSTOCK AGENT XV,NOT SOLD,1000,,02/08/2022,KENTUCKY,22,,,
Kentucky October Yearlings (2023),2023-10-25,1102,B,F,LOST TREASURE (IRE),PROPRIETAIRE,PROUD CITIZEN,MAINE CHANCE FARM (UNIVERSITY OF KENTUCKY),FLY BY,1000,Y,05/10/2022,KENTUCKY,19,,,
Kentucky October Yearlings (2023),2023-10-25,1103,DKB,C,MO TOWN,PROSPECTIVE DIVA,PROSPECTIVE,FOUR STAR SALES AGENT,JAYDE GELNER,20000,,05/03/2022,KENTUCKY,17&18,,,
Kentucky October Yearlings (2023),2023-10-25,1104,B,F,MCKINZIE,PROSPERITY,TAPIT,GAINESWAY AGENT X,JEFFREY ENGLEHART,3000,,01/25/2022,KENTUCKY,5&6,,,
Kentucky October Yearlings (2023),2023-10-25,1105,DKB,C,FROSTED,PROUD AND CHARMING,PROUD CITIZEN,TAYLOR MADE SALES AGENCY AGENT XXII,OUT,0,,04/07/2022,FLORIDA,12&13&16,,,
Kentucky October Yearlings (2023),2023-10-25,1106,CH,C,OMAHA BEACH,PSEUDONYM,HARD SPUN,BUCKLAND SALES (ZACH MADDEN) AGENT XI,FORGE AHEAD STABLES,100000,,03/24/2022,KENTUCKY,20,,,
Kentucky October Yearlings (2023),2023-10-25,1107,GRR,F,FLATTER,PURE ELATION,KITTEN'S JOY,TAYLOR MADE SALES AGENCY AGENT LXX,NOT SOLD,24000,,04/10/2022,KENTUCKY,12&13&16,,,
Kentucky October Yearlings (2023),2023-10-25,1108,CH,C,PROMISES FULFILLED,PURE LEGACY,SIMON PURE,JOHNSON CROSS AGENT V,RAN RACING,55000,,04/05/2022,KENTUCKY,23,,,
Kentucky October Yearlings (2023),2023-10-25,1109,B,C,BLAME,PURE RHYTHM,HARD SPUN,CLAIBORNE FARM AGENT,NOT SOLD,1000,,02/09/2022,KENTUCKY,8,,,
Kentucky October Yearlings (2023),2023-10-25,1110,DKB,F,LAOBAN,PURE SARAH,PURE PRIZE,BEAU LANE BLOODSTOCK AGENT FOR BEAU LANE,RUSTY ROBERTS AGENT FOR DOYLE WILLIAMS,6000,,04/18/2022,KENTUCKY,23,,,
Kentucky October Yearlings (2023),2023-10-25,1111,B,F,GLOBAL CAMPAIGN,PURR,BLUEGRASS CAT,LEGACY BLOODSTOCK AGENT VIII,DAVID DONK,60000,,05/17/2022,KENTUCKY,22,,,
Kentucky October Yearlings (2023),2023-10-25,1112,CH,F,AMERICAN PHAROAH,PUSHKINSKAYA (IRE),GALILEO (IRE),HIGHGATE SALES AGENT XIV,GAVIN O'CONNOR AGENT FOR JOHN STEWART,100000,,02/16/2022,KENTUCKY,15,,,
Kentucky October Yearlings (2023),2023-10-25,1113,DKB,F,NOT THIS TIME,QASWARA,PIONEEROF THE NILE,GAINESWAY AGENT XVIII,MIKE RYAN AGENT,200000,,02/09/2022,KENTUCKY,5&6,,,
Kentucky October Yearlings (2023),2023-10-25,1114,CH,C,WILL TAKE CHARGE,QUADRILLE,CURLIN,HIGHGATE SALES AGENT IX,SMART BUG STABLE,36000,,03/11/2022,KENTUCKY,15,,,
Kentucky October Yearlings (2023),2023-10-25,1115,DKB,F,AUTHENTIC,QUALITY RESPONSE,QUALITY ROAD,BUCKLAND SALES (ZACH MADDEN) AGENT XV,NOT SOLD,105000,,02/10/2022,KENTUCKY,20,,,
Kentucky October Yearlings (2023),2023-10-25,1116,CH,C,MORE THAN READY,QUALITY ROSE,QUALITY ROAD,LANE'S END AGENT,AVK BLOODSTOCK,50000,,05/16/2022,KENTUCKY,1&2,,,
Kentucky October Yearlings (2023),2023-10-25,1117,B,C,INSTAGRAND,QUANIQUE,MORE THAN READY,BLUEWATER SALES LLC AGENT I,TRAVIS MURPHY,18000,,05/10/2022,KENTUCKY,8,,,
Kentucky October Yearlings (2023),2023-10-25,1118,CH,F,PROMISES FULFILLED,QUEEN JOANNE,MR. GREELEY,SCOTT MALLORY AGENT III,LEGION BLOODSTOCK AGENT FOR GENE COX,35000,,03/30/2022,KENTUCKY,12,,,
Kentucky October Yearlings (2023),2023-10-25,1119,B,C,YOSHIDA (JPN),QUEEN SCHEHERAZADE,SMART STRIKE,TAYLOR MADE SALES AGENCY AGENT XXVI,GO RACING,6000,,03/16/2022,PENNSYLVANIA,12&13&16,,,
Kentucky October Yearlings (2023),2023-10-25,1120,B,F,MCKINZIE,QUEENS EMBRACE,REAL SOLUTION,STRAIGHT LINE EQUINE SALES AGENT,NOT SOLD,44000,,02/24/2022,KENTUCKY,20,,,
Kentucky October Yearlings (2023),2023-10-25,1121,CH,C,AUTHENTIC,QUEEN'S WOOD,TIZNOW,GAINESWAY AGENT XI,OUT,0,,03/11/2022,KENTUCKY,5&6,,,
Kentucky October Yearlings (2023),2023-10-25,1122,B,F,VINO ROSSO,QUI,OUTWORK,TAYLOR MADE SALES AGENCY AGENT XXXVII,TITO GUEVARA,14000,,05/04/2022,KENTUCKY,12&13&16,,,
Kentucky October Yearlings (2023),2023-10-25,1123,CH,C,AUTHENTIC,QUICK FLIP,SPEIGHTSTOWN,FOUR STAR SALES AGENT FOR SPENDTHRIFT FARM LLC,WHITE BIRCH FARM,300000,,04/22/2022,KENTUCKY,17&18,,,
Kentucky October Yearlings (2023),2023-10-25,1124,B,F,TAKE CHARGE INDY,QUICK LIL LADY,RUNNING STAG,TAYLOR MADE SALES AGENCY AGENT XXVI,OUT,0,,02/28/2022,PENNSYLVANIA,12&13&16,,,
Kentucky October Yearlings (2023),2023-10-25,1125,DKB,C,SPUN TO RUN,QUICK THINKER,MORE THAN READY,BLAKE-ALBINA THOROUGHBRED SERVICES LLC AGENT II,K.O.I.D.,27000,,02/20/2022,KENTUCKY,11,,,
Kentucky October Yearlings (2023),2023-10-25,1126,B,C,SHANCELOT,QUIET DIGNITY,KITTEN'S JOY,PREFERRED EQUINE AGENT,ANTIGO RANCH,3000,,04/20/2022,KENTUCKY,23,,,
Kentucky October Yearlings (2023),2023-10-25,1127,CH,C,VINO ROSSO,QUITE A RUCKUS,RICHTER SCALE,TAYLOR MADE SALES AGENCY AGENT LXXIV,OUT,0,,04/30/2022,ONTARIO,12&13&16,,,
Kentucky October Yearlings (2023),2023-10-25,1128,DKB,F,PERFECT TIMBER,RAGING TOWN,JERSEY TOWN,FOUR STAR SALES AGENT,LEGION BLOODSTOCK AGENT,6000,,02/13/2022,ONTARIO,17&18,,,
Kentucky October Yearlings (2023),2023-10-25,1129,B,F,GOOD MAGIC,RAGTIME HOPE,DIXIELAND BAND,SUMMERFIELD (FRANCIS & BARBARA VANLANGENDONCK) AGENT FOR STONESTREET BRED & RAISED,BUD'S TEAM LLC,165000,,03/18/2022,KENTUCKY,3,,,
Kentucky October Yearlings (2023),2023-10-25,1130,B,F,PERFECT TIMBER,RAHFEE JERSEY,JERSEY TOWN,FOUR STAR SALES AGENT,NOT SOLD,1500,,04/21/2022,KENTUCKY,17&18,,,
Kentucky October Yearlings (2023),2023-10-25,1131,B,F,HIGHER POWER,RAINBOW DREAMS,EMPIRE MAKER,VINERY SALES AGENT XIV,KINGSLAND AVE,40000,,04/17/2022,KENTUCKY,21&22,,,
Kentucky October Yearlings (2023),2023-10-25,1132,DKB,C,AUDIBLE,RAMDHAA,MORE THAN READY,FOUR STAR SALES AGENT,OUT,0,,03/08/2022,KENTUCKY,17&18,,,
Kentucky October Yearlings (2023),2023-10-25,1133,CH,F,MOR SPIRIT,RARE LOVE,CLOSING ARGUMENT,TAYLOR MADE SALES AGENCY AGENT FOR SPENDTHRIFT FARM LLC,MAHMUD MOUNI,2000,,02/11/2022,KENTUCKY,12&13&16,,,
Kentucky October Yearlings (2023),2023-10-25,1134,B,C,ECHO TOWN,RAVENIST,SURVIVALIST,HUNTER VALLEY FARM AGENT,FROSTY BLOODSTOCK,5000,,03/11/2022,ONTARIO,9,,,
Kentucky October Yearlings (2023),2023-10-25,1135,DKB,C,UNIFIED,RAVE REVIEWS,PERFECT SOUL (IRE),HUNTER VALLEY FARM AGENT,NOT SOLD,1000,,04/20/2022,KENTUCKY,9,,,
Kentucky October Yearlings (2023),2023-10-25,1136,B,F,THOUSAND WORDS,RAVISH,CALEB'S POSSE,CANDY MEADOWS SALES AGENT FOR THREE LYONS,NOT SOLD,8000,,04/28/2022,KENTUCKY,21,,,
Kentucky October Yearlings (2023),2023-10-25,1137,B,C,BOLT D'ORO,RAZIA SULTANA,HARLAN'S HOLIDAY,TAYLOR MADE SALES AGENCY AGENT LXI,KENNETH MCPEEK AGENT,90000,,02/04/2022,KENTUCKY,12&13&16,,,
Kentucky October Yearlings (2023),2023-10-25,1138,DKB,F,GORMLEY,REACH FOR A STAR,HENNY HUGHES,VINERY SALES AGENT LI,NOT SOLD,6500,,05/07/2022,KENTUCKY,21&22,,,
Kentucky October Yearlings (2023),2023-10-25,1139,CH,C,MIDSHIPMAN,REAL CHARM,SPEIGHTSTOWN,TAYLOR MADE SALES AGENCY AGENT XXX,GRASSROOTS TRN & SALES LLC,40000,,02/28/2022,KENTUCKY,12&13&16,,,
Kentucky October Yearlings (2023),2023-10-25,1140,B,C,COLLECTED,REASON,QUIET AMERICAN,FOUR STAR SALES AGENT,AMADOR SANCHEZ,2000,,05/12/2022,KENTUCKY,17&18,,,
Kentucky October Yearlings (2023),2023-10-25,1141,CH,C,THOUSAND WORDS,REBOOTED,MR. GREELEY,HIGHGATE SALES AGENT,ANTONIO SANO,23000,,01/26/2022,FLORIDA,15,,,
Kentucky October Yearlings (2023),2023-10-25,1142,CH,F,MUNNINGS,RED EXPLOSION,SIGNATURE RED,SHAWHAN PLACE LLC AGENT FOR NORSEMAN RACING STABLE,MIKE RYAN AGENT,150000,,04/03/2022,ONTARIO,23,,,
Kentucky October Yearlings (2023),2023-10-25,1143,B,F,AUDIBLE,RED MOON GIRL,MALIBU MOON,SENNEBEC SOUTH FARM,TRAVIS MURPHY,10000,,04/21/2022,KENTUCKY,23,,,
Kentucky October Yearlings (2023),2023-10-25,1144,B,C,MENDELSSOHN,RED ROBE (GB),NATHANIEL (IRE),FLY BY THOROUGHBREDS AGENT,OUT,0,,01/08/2022,FLORIDA,23,,,
Kentucky October Yearlings (2023),2023-10-25,1145,B,F,HONOR A. P.,RED TABBY,BLUEGRASS CAT,HIGHGATE SALES AGENT FOR NO ESCAPE RANCH,MIKE G RUTHERFORD,60000,,03/21/2022,TEXAS,15,,,
Kentucky October Yearlings (2023),2023-10-25,1146,CH,C,OMAHA BEACH,REGAL SERENADE,BROKEN VOW,TAYLOR MADE SALES AGENCY AGENT LV,WEST BLOODSTOCK,90000,,02/25/2022,KENTUCKY,12&13&16,,,
Kentucky October Yearlings (2023),2023-10-25,1147,CH,C,TAPITURE,REIGN SUZANNE,STREET HERO,LEGACY BLOODSTOCK AGENT FOR HEDBERG HALL,TOM POJAR,9500,,04/11/2022,KENTUCKY,22,,,
Kentucky October Yearlings (2023),2023-10-25,1148,B,C,INTO MISCHIEF,REINA MARIA,SONGANDAPRAYER,MULHOLLAND SPRINGS AGENT,LUCKY PENNY BLOODSTOCK,220000,,03/16/2022,KENTUCKY,14,,,
Kentucky October Yearlings (2023),2023-10-25,1149,B,C,INSTILLED REGARD,REIN IN AVARICITY,INCLUDE,CANDY MEADOWS SALES AGENT FOR THREE LYONS,RICE HORSE FUTURE STAR,25000,,03/18/2022,KENTUCKY,21,,,
Kentucky October Yearlings (2023),2023-10-25,1150,B,C,MAXIMUS MISCHIEF,RELIQUARY,PULPIT,BILL MURPHY AGENT IV,SHIRLEY CAMILLERI,30000,,04/28/2022,KENTUCKY,22,,,
Kentucky October Yearlings (2023),2023-10-25,1151,DKB,F,GLOBAL CAMPAIGN,REMINGTON ROSE,TAKE CHARGE INDY,SUMMERFIELD (FRANCIS & BARBARA VANLANGENDONCK) AGENT,MIKE G RUTHERFORD,100000,,04/19/2022,FLORIDA,3,,,
Kentucky October Yearlings (2023),2023-10-25,1152,GRR,F,FROSTED,RENARDS LAPIN,TIZNOW,SERENDIPITY FARM AGENT,ERIC AQUINO,20000,,03/21/2022,KENTUCKY,23,,,
Kentucky October Yearlings (2023),2023-10-25,1153,DKB,F,TEMPLE CITY,RENEGADE HEAT,UNUSUAL HEAT,HILL 'N' DALE AT XALAPA AGENT,MIGUEL SILVA,1000,,03/19/2022,KENTUCKY,4,,,
Kentucky October Yearlings (2023),2023-10-25,1154,B,C,HIGHER POWER,RENE'S FAST CAT,BIG TOP CAT,GAINESWAY AGENT VI,VICTOR JIMENEZ,11000,,04/03/2022,KENTUCKY,5&6,,,
Kentucky October Yearlings (2023),2023-10-25,1155,DKB,F,SHANCELOT,RENEWAL,SPEIGHTSTOWN,PETER SHEPPELL THOROUGHBREDS,NOT SOLD,14000,,04/27/2022,OHIO,20,,,
Kentucky October Yearlings (2023),2023-10-25,1156,B,C,THE FACTOR,REPROACH,BLAME,TAYLOR MADE SALES AGENCY AGENT XIX,MICHAEL LANGFORD,17000,,04/25/2022,KENTUCKY,12&13&16,,,
Kentucky October Yearlings (2023),2023-10-25,1157,CH,C,MASTERY,RESCUE,FIRST SAMURAI,LEGACY BLOODSTOCK AGENT XXI,SIX SIX FOUR,12000,,02/16/2022,KENTUCKY,22,,,
Kentucky October Yearlings (2023),2023-10-25,1158,B,F,DEMARCHELIER (GB),RESERVED INDIAN,INDIAN CHARLIE,ST GEORGE SALES AGENT IX,SANDER BLANCO,6500,,03/27/2022,KENTUCKY,10,,,
Kentucky October Yearlings (2023),2023-10-25,1159,CH,F,NYQUIST,RETRACEABLE,MEDAGLIA D'ORO,BETZ THOROUGHBREDS INC. AGENT,RYAN ZABROWSKI,150000,,03/23/2022,KENTUCKY,8,,,
Kentucky October Yearlings (2023),2023-10-25,1160,B,F,KEEN ICE,REVENUE,EXCHANGE RATE,ROBINHURST FARM,NOT SOLD,20000,,04/20/2022,KENTUCKY,14,,,
Kentucky October Yearlings (2023),2023-10-25,1161,GRR,C,LIAM'S MAP,R FROSTY ONE,SOUTHERN SUCCESS,MULHOLLAND SPRINGS AGENT I,JAMES LAYDEN AGENT,30000,,04/18/2022,NEW YORK,14,,,
Kentucky October Yearlings (2023),2023-10-25,1162,DKB,F,TWIRLING CANDY,RHO CASSIOPEIAE,TIZWAY,BLAKE-ALBINA THOROUGHBRED SERVICES LLC AGENT I,GRASSROOTS TRN & SALES LLC,80000,,02/22/2022,KENTUCKY,11,,,
Kentucky October Yearlings (2023),2023-10-25,1163,B,C,MEDAGLIA D'ORO,RISKY RIDE,CANDY RIDE (ARG),TAYLOR MADE SALES AGENCY AGENT XLIV,JUAN CANO,15000,,04/05/2022,KENTUCKY,12&13&16,,,
Kentucky October Yearlings (2023),2023-10-25,1164,DKB,F,YOSHIDA (JPN),RITZ AND GLITZ,DESERT PARTY,BRANDYWINE FARM (JIM & PAM ROBINSON),ITAL-CAL HORSE MANAGEMENT INC,5000,,04/20/2022,KENTUCKY,15,,,
Kentucky October Yearlings (2023),2023-10-25,1165,GRR,F,TWIRLING CANDY,RIVERINE,UNBRIDLED'S SONG,HILL 'N' DALE AT XALAPA AGENT,LUCKY STABLE LLC,25000,,02/14/2022,ONTARIO,4,,,
Kentucky October Yearlings (2023),2023-10-25,1166,CH,F,MUNNINGS,ROADRUNNER'S HONOR,HONOR CODE,BURLESON FARMS AGENT,OUT,0,,01/31/2022,KENTUCKY,23,,,
Kentucky October Yearlings (2023),2023-10-25,1167,DKB,C,COLLECTED,ROBI JO,LEMON DROP KID,GREENFIELD FARMS AGENT VI,ROBERTO CHAVEZ,3000,,05/07/2022,KENTUCKY,18,,,
Kentucky October Yearlings (2023),2023-10-25,1168,DKB,F,ENTICED,ROCK HARD CAT,ROCK HARD TEN,EQUUS FARM (JERRY CUMMINS/PAUL ADAMS) AGENT I,KENNETH MCPEEK AGENT,37000,,05/11/2022,KENTUCKY,14,,,
Kentucky October Yearlings (2023),2023-10-25,1169,B,C,BOLT D'ORO,ROCKPORT BABE,ROCKPORT HARBOR,TAYLOR MADE SALES AGENCY AGENT LXI,PADDY VAUGHAN/BARRY NOLAN,30000,Y,05/02/2022,KENTUCKY,12&13&16,,,
Kentucky October Yearlings (2023),2023-10-25,1170,DKB,F,OMAHA BEACH,ROCKS THAT I GOT,AMERICAN PHAROAH,TAYLOR MADE SALES AGENCY AGENT XLIV,DONA LICHA STABLES,12000,,02/07/2022,KENTUCKY,12&13&16,,,
Kentucky October Yearlings (2023),2023-10-25,1171,DKB,C,GOOD MAGIC,RONTOS LILY,BIG DRAMA,GAINESWAY AGENT IX,NOT SOLD,145000,,03/28/2022,KENTUCKY,5&6,,,
Kentucky October Yearlings (2023),2023-10-25,1172,B,C,GUN RUNNER,ROSALIE ROAD,STREET CRY (IRE),LANE'S END AGENT,OUT,0,,05/14/2022,KENTUCKY,1&2,,,
Kentucky October Yearlings (2023),2023-10-25,1173,DKB,C,OMAHA BEACH,ROSE GARDEN,PIONEEROF THE NILE,SCOTT MALLORY AGENT VIII,MORAN RACING STABLES,15000,,05/06/2022,KENTUCKY,12,,,
Kentucky October Yearlings (2023),2023-10-25,1174,CH,F,NYQUIST,ROSE SAPPHIRE,CONGRATS,HIDDEN BROOK AGENT I,OUT,0,,03/07/2022,KENTUCKY,22,,,
Kentucky October Yearlings (2023),2023-10-25,1175,CH,F,VINO ROSSO,ROSY HUMOR,DISTORTED HUMOR,WARRENDALE SALES AGENT I,NOT SOLD,75000,,04/25/2022,KENTUCKY,21,,,
Kentucky October Yearlings (2023),2023-10-25,1176,CH,F,VINO ROSSO,ROUSSALKA,SKIPSHOT,TAYLOR MADE SALES AGENCY AGENT LX,ALLAN MCCAMON/SIX K'S AGENT,40000,,03/31/2022,KENTUCKY,12&13&16,,,
Kentucky October Yearlings (2023),2023-10-25,1177,B,F,VEKOMA,ROXANNE O,ROCK HARD TEN,PETER SHEPPELL THOROUGHBREDS,L.G. AGENT,35000,,05/13/2022,OHIO,20,,,
Kentucky October Yearlings (2023),2023-10-25,1178,B,F,PAYNTER,ROYAL CLASS,TIZ WONDERFUL,POPE MCLEAN (CRESTWOOD FARM) AGENT XI,LEGION BLOODSTOCK AGENT FOR JCE RACING,14000,,05/21/2022,KENTUCKY,20,,,
Kentucky October Yearlings (2023),2023-10-25,1179,B,F,INSTAGRAND,ROYALE HARBOR,ROCKPORT HARBOR,BILL MURPHY AGENT IX,JEFF HILES,17000,,04/13/2022,KENTUCKY,22,,,
Kentucky October Yearlings (2023),2023-10-25,1180,DKB,F,AMERICAN FREEDOM,ROYAL FEATHER,PALACE,FOUR STAR SALES AGENT,KEVIN STEDMAN,10000,,05/01/2022,KENTUCKY,17&18,,,
Kentucky October Yearlings (2023),2023-10-25,1181,CH,C,FLAMEAWAY,ROYAL MARQUE,CHAPEL ROYAL,LEGACY BLOODSTOCK AGENT XXVII,S.R.O.A (K.O.I.D.),12000,,04/24/2022,INDIANA,22,,,
Kentucky October Yearlings (2023),2023-10-25,1182,DKB,F,VEKOMA,ROYAL ROAD,QUALITY ROAD,EATON SALES AGENT,LADY MATILDA,35000,,04/22/2022,KENTUCKY,7,,,
Kentucky October Yearlings (2023),2023-10-25,1183,B,C,YOSHIDA (JPN),R SMARTY PANTS,SMART STRIKE,SCOTT MALLORY AGENT V,ALEJANDRO CONTRERAS,1000,,05/03/2022,KENTUCKY,12,,,
Kentucky October Yearlings (2023),2023-10-25,1184,DKB,C,SOLOMINI,RUBELLITE,MORE THAN READY,BLACKBURN FARM AGENT,OUT,0,,04/30/2022,KENTUCKY,22,,,
Kentucky October Yearlings (2023),2023-10-25,1185,DKB,F,BERNARDINI,RUBIES ARE RED,MEDAGLIA D'ORO,FOUR STAR SALES AGENT,OUT,0,,02/19/2022,KENTUCKY,17&18,,,
Kentucky October Yearlings (2023),2023-10-25,1186,B,F,INSTAGRAND,RUBIN,DOMINUS,TERRAZAS THOROUGHBREDS AGENT I,OUT,0,,03/04/2022,KENTUCKY,21,,,
Kentucky October Yearlings (2023),2023-10-25,1187,B,C,SPUN TO RUN,RUBY ROAN,JIMMY CREED,BROOKDALE SALES AGENT,LITTLE FARM,8000,,05/04/2022,KENTUCKY,18,,,
Kentucky October Yearlings (2023),2023-10-25,1188,DKB,C,WAR OF WILL,RUE DE L'ANGE,STREET SENSE,BLAKE-ALBINA THOROUGHBRED SERVICES LLC AGENT II,OUT,0,,04/08/2022,KENTUCKY,11,,,
Kentucky October Yearlings (2023),2023-10-25,1189,B,C,CATALINA CRUISER,RUMORS OF GLORY,STORM CAT,SEQUEL NEW YORK AGENT FOR CHESTER & MARY BROMAN,KEY POINT FARM,60000,,03/20/2022,NEW YORK,4,,,
Kentucky October Yearlings (2023),2023-10-25,1190,DKB,C,CLOUD COMPUTING,RUNAWAY CAT,FOREST WILDCAT,PETER SHEPPELL THOROUGHBREDS,NOT SOLD,1000,,03/04/2022,OHIO,20,,,
Kentucky October Yearlings (2023),2023-10-25,1191,B,F,INSTAGRAND,RUNAWAY RENEE,MUNNINGS,TAYLOR MADE SALES AGENCY AGENT LXXXIV,AIN'T RICH,70000,,03/26/2022,KENTUCKY,12&13&16,,,
Kentucky October Yearlings (2023),2023-10-25,1192,DKB,C,ARMY MULE,RUN CARRIE RUN,ORIENTATE,WYNNSTAY SALES AGENT IV,MIKE TOMLINSON AGENT FOR MARK FARRAR,45000,,05/04/2022,KENTUCKY,12,,,
Kentucky October Yearlings (2023),2023-10-25,1193,CH,F,THOUSAND WORDS,RUN LADY RUN,CHEROKEE RUN,ELISE W. KENDALL AGENT,SANDER BLANCO,25000,,03/18/2022,KENTUCKY,15,,,
Kentucky October Yearlings (2023),2023-10-25,1194,B,C,PRACTICAL JOKE,RUNNINWITHTHEWIND,MEDAGLIA D'ORO,HUNTER VALLEY FARM AGENT,MAYBERRY FARM,500000,,03/22/2022,KENTUCKY,9,,,
Kentucky October Yearlings (2023),2023-10-25,1195,DKB,F,ALWAYS DREAMING,RUSH TO WAR,MAJESTIC WARRIOR,DANIEL & PATRICIA YATES,GREG JAMES,45000,,05/03/2022,OHIO,21,,,
Kentucky October Yearlings (2023),2023-10-25,1196,B,C,LORD NELSON,RUSTIC CHIC,ORB,MAPLE RUN SOUTH,NOT SOLD,22000,,03/20/2022,INDIANA,23,,,
Kentucky October Yearlings (2023),2023-10-25,1197,DKB,F,GLOBAL CAMPAIGN,RUTHERFORD RD,FIRST SAMURAI,WARRENDALE SALES AGENT II,BEST OF LUCK FARM,60000,,03/30/2022,PENNSYLVANIA,21,,,
Kentucky October Yearlings (2023),2023-10-25,1198,CH,C,GOLDENCENTS,SACRED HEART,SUPER SAVER,TAYLOR MADE SALES AGENCY AGENT XXIV,OUT,0,,02/21/2022,INDIANA,12&13&16,,,
Kentucky October Yearlings (2023),2023-10-25,1199,DKB,F,MCKINZIE,SACRISTY,PULPIT,DENALI STUD AGENT XXVI,ALL IN INVESTORS LLC,60000,,04/14/2022,KENTUCKY,1&2,,,
Kentucky October Yearlings (2023),2023-10-25,1200,GRR,C,CAIRO PRINCE,SADIE BE GOOD,BIG DRAMA,SUMMERFIELD (FRANCIS & BARBARA VANLANGENDONCK) AGENT,TRAVIS MURPHY,13000,,04/25/2022,FLORIDA,3,,,
Kentucky October Yearlings (2023),2023-10-26,1201,DKB,C,MUCHO MACHO MAN,SAHARA BREEZE,MORE THAN READY,ST GEORGE SALES AGENT XVIII,GREG MARTIN,3000,,03/05/2022,KENTUCKY,10,,,
Kentucky October Yearlings (2023),2023-10-26,1202,GRR,C,MORE THAN READY,SAILONSILVERGIRL,MIZZEN MAST,BROOKDALE SALES AGENT,KINGS EQUINE,22000,,03/10/2022,NEW YORK,18,,,
Kentucky October Yearlings (2023),2023-10-26,1203,B,C,SHANCELOT,SAINT MOON,THE FACTOR,PREFERRED EQUINE AGENT,SAM AGUIAR,13000,,05/02/2022,KENTUCKY,23,,,
Kentucky October Yearlings (2023),2023-10-26,1204,CH,F,AUDIBLE,SALLYPORT,FLOWER ALLEY,BROOKDALE SALES AGENT FOR SOMEWHERE STABLES KY LLC,BAMFAN,1000,,03/08/2022,KENTUCKY,18,,,
Kentucky October Yearlings (2023),2023-10-26,1205,CH,C,LIAM'S MAP,SALLY RIDE,TAPIT,TAYLOR MADE SALES AGENCY AGENT LXXXVII,ENGLISH RANGE FARM,85000,,03/12/2022,KENTUCKY,12&13&16,,,
Kentucky October Yearlings (2023),2023-10-26,1206,DKB,C,STREET BOSS,SALT WATER REIGN,SALT LAKE,HIBISCUS SALES,OUT,0,,04/28/2022,NEW YORK,22,,,
Kentucky October Yearlings (2023),2023-10-26,1207,CH,C,BRODY'S CAUSE,SALUTE THE WARRIOR,WARRIOR'S REWARD,BUCKLAND SALES (ZACH MADDEN) AGENT III,JOHN ENNIS AGENT,12000,,03/14/2022,KENTUCKY,20,,,
Kentucky October Yearlings (2023),2023-10-26,1208,DKB,C,DEMARCHELIER (GB),SAMAMTHA WHO,SULTRY SONG,TARLETON FARM,NOT SOLD,7000,,05/07/2022,KENTUCKY,11,,,
Kentucky October Yearlings (2023),2023-10-26,1209,B,F,CONNECT,SAM'S BLISS,WAR FRONT,ST GEORGE SALES AGENT XXV,B & B STABLE,37000,,03/14/2022,KENTUCKY,10,,,
Kentucky October Yearlings (2023),2023-10-26,1210,B,C,MEDAGLIA D'ORO,SAM'S SISTER,BROTHER DEREK,HILL 'N' DALE AT XALAPA AGENT,OUT,0,,05/05/2022,KENTUCKY,4,,,
Kentucky October Yearlings (2023),2023-10-26,1211,B,C,COMPLEXITY,SANDSARITA,STREET BOSS,FOUR STAR SALES AGENT,THOROSTOCK LLC,75000,,02/01/2022,KENTUCKY,17&18,,,
Kentucky October Yearlings (2023),2023-10-26,1212,CH,C,VINO ROSSO,SANTACAFE,EARLY FLYER,TAYLOR MADE SALES AGENCY AGENT XXXI,AVK BLOODSTOCK,27000,,04/02/2022,TEXAS,12&13&16,,,
Kentucky October Yearlings (2023),2023-10-26,1213,DKB,F,SHARP AZTECA,SARA SARA,AENEAS,LEGACY BLOODSTOCK AGENT XXV,MIGUEL SILVA,2500,,05/10/2022,INDIANA,22,,,
Kentucky October Yearlings (2023),2023-10-26,1214,GRR,C,FRAC DADDY,SARASOTA SUNRISE,THUNDER GULCH,HILL 'N' DALE AT XALAPA AGENT,CANUCK RACING CLUB LP2,30000,,04/15/2022,ONTARIO,4,,,
Kentucky October Yearlings (2023),2023-10-26,1215,B,F,MALIBU MOON,SARAVATI,GIANT'S CAUSEWAY,TAYLOR MADE SALES AGENCY AGENT XXXIII,NOT SOLD,52000,,02/13/2022,KENTUCKY,12&13&16,,,
Kentucky October Yearlings (2023),2023-10-26,1216,GRR,F,FROSTED,SAROOD,TIZNOW,HUNTER VALLEY FARM AGENT,THOROSTOCK LLC,57000,,03/29/2022,KENTUCKY,9,,,
Kentucky October Yearlings (2023),2023-10-26,1217,CH,F,LORD NELSON,SASSY REDHEAD,HENNY HUGHES,NICKY DRION THOROUGHBREDS AGENT IV,RICEHORSE AGENT,12000,,05/18/2022,KENTUCKY,23,,,
Kentucky October Yearlings (2023),2023-10-26,1218,B,C,FLATTER,SATISFY,CANDY RIDE (ARG),BLANDFORD STUD (PADRAIG CAMPION) AGENT,ANTONIO SANO,12000,,04/06/2022,NEW YORK,21,,,
Kentucky October Yearlings (2023),2023-10-26,1219,CH,C,CATALINA CRUISER,SAUCY SYMPHONY,FIRST SAMURAI,LANE'S END AGENT,OUT,0,,03/17/2022,KENTUCKY,1&2,,,
Kentucky October Yearlings (2023),2023-10-26,1220,B,C,QUALITY ROAD,SCARLET FLUTTER,SMART STRIKE,LANE'S END AGENT,DS BLOODSTOCK,120000,,03/06/2022,KENTUCKY,1&2,,,
Kentucky October Yearlings (2023),2023-10-26,1221,B,F,TOM'S D'ETAT,SCARLET HALL,GRAEME HALL,STUART MORRIS AGENT V,NOT SOLD,1000,,04/24/2022,KENTUCKY,23,,,
Kentucky October Yearlings (2023),2023-10-26,1222,GRR,F,VOLATILE,SCARLET LIPS,MALIBU MOON,DENALI STUD AGENT I,MIKE RYAN AGENT,250000,,04/23/2022,KENTUCKY,1&2,,,
Kentucky October Yearlings (2023),2023-10-26,1223,CH,F,OSCAR PERFORMANCE,SCARLETT MADELEINE,SMART STRIKE,MILL RIDGE SALES AGENT VI,OUT,0,,04/29/2022,KENTUCKY,11,,,
Kentucky October Yearlings (2023),2023-10-26,1224,B,F,CITY OF LIGHT,SCAT MEANS GO,SCAT DADDY,GAINESWAY AGENT XVIII,NOT SOLD,140000,,02/20/2022,KENTUCKY,5&6,,,
Kentucky October Yearlings (2023),2023-10-26,1225,CH,F,COUNTRY HOUSE,SCAT SCAN,SCAT DADDY,HUNTER VALLEY FARM AGENT,OUT,0,,03/29/2022,KENTUCKY,9,,,
Kentucky October Yearlings (2023),2023-10-26,1226,DKB,C,OMAHA BEACH,SCREWGIE,SMART STRIKE,ELITE AGENT,FAST HORSES,110000,,05/31/2022,KENTUCKY,7,,,
Kentucky October Yearlings (2023),2023-10-26,1227,DKB,F,GET STORMY,SEA PEGASUS,FUSAICHI PEGASUS,MAINE CHANCE FARM (UNIVERSITY OF KENTUCKY),RAFAEL REYES,4000,,05/07/2022,KENTUCKY,19,,,
Kentucky October Yearlings (2023),2023-10-26,1228,CH,C,BEE JERSEY,SEA THE AWESOME (IRE),SEA THE STARS (IRE),PARAMOUNT SALES AGENT XXIII,TOM MCCROCKLIN AGENT,62000,,05/08/2022,ONTARIO,20,,,
Kentucky October Yearlings (2023),2023-10-26,1229,CH,F,JIMMY CREED,SEATTLE SASS,CHIEF SEATTLE,VINERY SALES AGENT XLIII,PRO SELECTION STABLE,37000,,03/13/2022,KENTUCKY,21&22,,,
Kentucky October Yearlings (2023),2023-10-26,1230,CH,F,PRACTICAL JOKE,SEAYOUATHEBREAKERS,HARD SPUN,BURLESON FARMS AGENT,CHECKMATE INC,2000,,04/26/2022,KENTUCKY,23,,,
Kentucky October Yearlings (2023),2023-10-26,1231,B,F,COLLECTED,SECRET CANDY,CANDY RIDE (ARG),BLAKE-ALBINA THOROUGHBRED SERVICES LLC AGENT IV,MICHAEL GORHAM,17000,,02/24/2022,NEW YORK,11,,,
Kentucky October Yearlings (2023),2023-10-26,1232,DKB,F,DIALED IN,SECRET HAUL,DUNKIRK,DANIEL & PATRICIA YATES,NOT SOLD,17000,,04/21/2022,OHIO,21,,,
Kentucky October Yearlings (2023),2023-10-26,1233,B,C,HIGHER POWER,SECRET MISSION,MISSION IMPAZIBLE,BLAKE-ALBINA THOROUGHBRED SERVICES LLC AGENT IV,MY PURPLE HAZE STABLES,55000,,02/18/2022,NEW YORK,11,,,
Kentucky October Yearlings (2023),2023-10-26,1234,DKB,C,CANDY RIDE (ARG),SECRET PASSION,ARCHARCHARCH,BALLYSAX BLOODSTOCK AGENT VII,NOT SOLD,70000,,05/22/2022,KENTUCKY,22,,,
Kentucky October Yearlings (2023),2023-10-26,1235,CH,C,RELOAD,SELEMBAO,KINSHASA,TAYLOR MADE SALES AGENCY AGENT III,K.O.I.D.,17000,,05/10/2022,ONTARIO,12&13&16,,,
Kentucky October Yearlings (2023),2023-10-26,1236,B,C,BLAME,SENIOR PROM,MR. GREELEY,CLAIBORNE FARM AGENT,RICE HORSE FUTURE STAR,40000,,04/22/2022,KENTUCKY,8,,,
Kentucky October Yearlings (2023),2023-10-26,1237,GRR,C,TOM'S D'ETAT,SERIOUSLY SILVER,ZENSATIONAL,BUCKLAND SALES (ZACH MADDEN) AGENT VII,OUT,0,,03/28/2022,KENTUCKY,20,,,
Kentucky October Yearlings (2023),2023-10-26,1238,B,F,BRODY'S CAUSE,SET'N ON READY,MORE THAN READY,WYNNSTAY SALES AGENT VI,TRAVIS MURPHY,7000,,04/23/2022,KENTUCKY,12,,,
Kentucky October Yearlings (2023),2023-10-26,1239,CH,F,CLASSIC EMPIRE,SEVEN ARROWS,SUPER SAVER,LEGACY BLOODSTOCK AGENT II,MCCUTCHEN TRAINING CENTER,9500,,04/07/2022,KENTUCKY,22,,,
Kentucky October Yearlings (2023),2023-10-26,1240,DKB,C,MASTERY,SEVERN SHORE,PURE PRIZE,FRANKFORT PARK FARM AGENT,PETE REIMAN,11000,,05/08/2022,KENTUCKY,23,,,
Kentucky October Yearlings (2023),2023-10-26,1241,DKB,C,SPUN TO RUN,SHABANG BABY,HORSE GREELEY,GAINESWAY AGENT III,OUT,0,,01/30/2022,KENTUCKY,5&6,,,
Kentucky October Yearlings (2023),2023-10-26,1242,B,C,CAIRO PRINCE,SHACKIN UP,SHACKLEFORD,ST GEORGE SALES AGENT XXI,KORINA STABLE,43000,,03/04/2022,KENTUCKY,10,,,
Kentucky October Yearlings (2023),2023-10-26,1243,CH,F,VINO ROSSO,SHAHALA (AUS),BERNARDINI,FLY BY THOROUGHBREDS AGENT,OUT,0,,03/24/2022,FLORIDA,23,,,
Kentucky October Yearlings (2023),2023-10-26,1244,DKB,C,TWIRLING CANDY,SHANGHAI TARIFF,SHANGHAI BOBBY,PARAMOUNT SALES AGENT XVII,OUT,0,,04/23/2022,KENTUCKY,20,,,
Kentucky October Yearlings (2023),2023-10-26,1245,DKB,C,FROSTED,SHARED SECRET,UNCLE MO,HILL 'N' DALE AT XALAPA AGENT,COLD SPRINGS FARM,2000,,03/21/2022,KENTUCKY,4,,,
Kentucky October Yearlings (2023),2023-10-26,1246,CH,C,TIZ THE LAW,SHARP INSTINCT,AWESOME AGAIN,TAYLOR MADE SALES AGENCY AGENT XXXIV,MAHMUD MOUNI,4000,,04/08/2022,KENTUCKY,12&13&16,,,
Kentucky October Yearlings (2023),2023-10-26,1247,DKB,F,GAME WINNER,SHE BE WILD,OFFLEE WILD,BLUEWATER SALES LLC AGENT V,NOT SOLD,27000,,03/23/2022,KENTUCKY,8,,,
Kentucky October Yearlings (2023),2023-10-26,1248,CH,C,VINO ROSSO,SHELTOWEE'S POINT,CALEB'S POSSE,SHELTOWEE SALES AGENT,NOT SOLD,29000,,04/06/2022,KENTUCKY,23,,,
Kentucky October Yearlings (2023),2023-10-26,1249,CH,F,MACLEAN'S MUSIC,SHEMAKESMEHAPPY,MAJESTIC WARRIOR,FRANKFORT PARK FARM AGENT,TAPROOT FOR NICK ZAVOLAS,15000,,04/07/2022,KENTUCKY,23,,,
Kentucky October Yearlings (2023),2023-10-26,1250,B,C,TAKE CHARGE INDY,SHESACURLINMYTOES,CURLIN,FRANKFORT PARK FARM AGENT,PAPACHO STABLE,6000,,03/31/2022,KENTUCKY,23,,,
Kentucky October Yearlings (2023),2023-10-26,1251,DKB,F,LORD NELSON,SHE'S FINE TUNED,MACLEAN'S MUSIC,WARRENDALE SALES AGENT III,NOT SOLD,14000,,02/22/2022,KENTUCKY,21,,,
Kentucky October Yearlings (2023),2023-10-26,1252,DKB,F,GET STORMY,SHE'S MESSI,PURIM,POPE MCLEAN (CRESTWOOD FARM) AGENT III,OUT,0,,02/17/2022,KENTUCKY,20,,,
Kentucky October Yearlings (2023),2023-10-26,1253,B,C,IMPROBABLE,SHE'S NOT HERE,STREET CRY (IRE),HIGHGATE SALES AGENT VIII,CHESTNUT HILL STABLE,11000,,04/21/2022,KENTUCKY,15,,,
Kentucky October Yearlings (2023),2023-10-26,1254,B,F,GIRVIN,SHE'S NOT LAZY,TIZNOW,AIRDRIE STUD RAISED & OFFERED,SHOOTING STAR SALES LLC,32000,,05/09/2022,KENTUCKY,3,,,
Kentucky October Yearlings (2023),2023-10-26,1255,DKB,F,HONOR CODE,SHE'S OFFLEE GOOD,OFFLEE WILD,VINERY SALES AGENT LVI,CHRIS MELTON,3000,,05/08/2022,KENTUCKY,21&22,,,
Kentucky October Yearlings (2023),2023-10-26,1256,B,C,THOUSAND WORDS,SHEZA ROUNDER,STAR DABBLER,FORBUSH FARM,NOT SOLD,19000,,04/18/2022,KENTUCKY,19,,,
Kentucky October Yearlings (2023),2023-10-26,1257,B,C,GORMLEY,SHILAH BABY,GRAYDAR,BTE STABLES,LUIS VON CHONG,15000,,04/27/2022,KENTUCKY,4,,,
Kentucky October Yearlings (2023),2023-10-26,1258,DKB,C,ENTICED,SHIMMERING TALE,WILD AGAIN,CLIFTON FARM LLC,AHMAD ALABDULLATIF,20000,,04/20/2022,KENTUCKY,9,,,
Kentucky October Yearlings (2023),2023-10-26,1259,B,C,MASTERY,SHINE TIME,MALIBU MOON,BRANDYWINE FARM (JIM & PAM ROBINSON),RASHAD & AMZADALI JEHALUDI,18000,,01/27/2022,KENTUCKY,15,,,
Kentucky October Yearlings (2023),2023-10-26,1260,B,C,ARMY MULE,SHIPPY,MIDSHIPMAN,HUNTER VALLEY FARM AGENT,LEGION BLOODSTOCK AGENT,215000,,02/14/2022,KENTUCKY,9,,,
Kentucky October Yearlings (2023),2023-10-26,1261,GRR,C,LIAM'S MAP,SHOP AMERICAN,AMERICAN PHAROAH,STUART MORRIS AGENT II,NOT SOLD,19000,,03/05/2022,KENTUCKY,23,,,
Kentucky October Yearlings (2023),2023-10-26,1262,DKB,F,HONOR CODE,SHORT KAKES,KODIAK KOWBOY,DOUBLE R CONSIGNMENT,LARSON & ORDONEZ,6000,,02/02/2022,NEW YORK,22,,,
Kentucky October Yearlings (2023),2023-10-26,1263,DKB,F,MORE THAN READY,SHOTGUN'S STAR,INCLUDE,BUCKLAND SALES (ZACH MADDEN) AGENT VII,MEAH/LLOYD AGT CALVIN NGUYEN,30000,,03/25/2022,KENTUCKY,20,,,
Kentucky October Yearlings (2023),2023-10-26,1264,DKB,F,THOUSAND WORDS,SHOW QUEEN,GRINDSTONE,ST GEORGE SALES AGENT XXII,RIGOBERTO ACEVEDO,3500,,02/19/2022,KENTUCKY,10,,,
Kentucky October Yearlings (2023),2023-10-26,1265,DKB,F,WORLD OF TROUBLE,SH SH SHAKIN',RICHTER SCALE,MAINE CHANCE FARM (UNIVERSITY OF KENTUCKY),FROSTY BLOODSTOCK,9000,,04/21/2022,KENTUCKY,19,,,
Kentucky October Yearlings (2023),2023-10-26,1266,B,C,MO TOWN,SIDDHARTHA,BUDDHA,ST GEORGE SALES AGENT II,AVK BLOODSTOCK,15000,,05/04/2022,KENTUCKY,10,,,
Kentucky October Yearlings (2023),2023-10-26,1267,DKB,F,AMERICAN PHAROAH,SILK ASSASSIN,BERNARDINI,BALLYSAX BLOODSTOCK AGENT VII,FLYING ZEE RACING STABLE LLC,70000,,04/20/2022,KENTUCKY,22,,,
Kentucky October Yearlings (2023),2023-10-26,1268,GRR,F,FROSTED,SILKS AND TASSELS,ELUSIVE QUALITY,LANE'S END AGENT FOR COTEAU GROVE FARMS,STONEWAY,67000,,01/31/2022,LOUISIANA,1&2,,,
Kentucky October Yearlings (2023),2023-10-26,1269,GRR,F,MAXIMUM SECURITY,SILLY FACTOR,THE FACTOR,ST GEORGE SALES AGENT X,ANTONIO SANO,18000,,03/11/2022,KENTUCKY,10,,,
Kentucky October Yearlings (2023),2023-10-26,1270,B,C,MACLEAN'S MUSIC,SILLY SISTER,BROKEN VOW,PARAMOUNT SALES AGENT XXXIV,ANTONIO SANO,25000,,04/29/2022,NEW YORK,20,,,
Kentucky October Yearlings (2023),2023-10-26,1271,B,F,MO TOWN,SILVER ADVENTURE,SILVER DEPUTY,SUSAN Y. FOREMAN AGENT,EXLINE-BORDER RACING LLC,70000,,04/09/2022,ONTARIO,21,,,
Kentucky October Yearlings (2023),2023-10-26,1272,CH,C,ARMY MULE,SILVER AT MIDNIGHT,LOOKIN AT LUCKY,HILL 'N' DALE AT XALAPA AGENT,GREG FOLEY,75000,,05/13/2022,KENTUCKY,4,,,
Kentucky October Yearlings (2023),2023-10-26,1273,B,C,VINO ROSSO,SILVER BEAN,SILVER DEPUTY,SUMMERFIELD (FRANCIS & BARBARA VANLANGENDONCK) AGENT,OUT,0,,02/20/2022,KENTUCKY,3,,,
Kentucky October Yearlings (2023),2023-10-26,1274,DKB,F,MENDELSSOHN,SILVER FERN,BERNARDINI,LANE'S END AGENT,OUT,0,,03/24/2022,KENTUCKY,1&2,,,
Kentucky October Yearlings (2023),2023-10-26,1275,GRR,C,LIAM'S MAP,SILVER FRAME,NORTHERN AFLEET,LANE'S END AGENT,OUT,0,,01/29/2022,TEXAS,1&2,,,
Kentucky October Yearlings (2023),2023-10-26,1276,B,C,CROSS TRAFFIC,SILVER LA BELLE,LANGFUHR,WARRENDALE SALES AGENT VI,KENNETH MCPEEK AGENT,35000,,05/04/2022,KENTUCKY,21,,,
Kentucky October Yearlings (2023),2023-10-26,1277,DKB,C,GLOBAL CAMPAIGN,SILVER SCREAMER,COZZENE,VINERY SALES AGENT XVI,ARCADIO ESCAMILLA,2000,,04/16/2022,KENTUCKY,21&22,,,
Kentucky October Yearlings (2023),2023-10-26,1278,B,F,THOUSAND WORDS,SILVER THREADS,UNION RAGS,TAYLOR MADE SALES AGENCY AGENT LXIX,DUANE WELLS,1000,,02/21/2022,KENTUCKY,12&13&16,,,
Kentucky October Yearlings (2023),2023-10-26,1279,B,F,MCKINZIE,SIP SIP,BERNARDINI,GAINESWAY AGENT X,10 FLAT THOROUGHBREDS LLC,75000,,03/16/2022,KENTUCKY,5&6,,,https://vimeo.com/872694305/6b3672fdbd?share=copy
Kentucky October Yearlings (2023),2023-10-26,1280,B,F,MCKINZIE,SISTERHOOD,KITTEN'S JOY,HUNTER VALLEY FARM AGENT,NOT SOLD,145000,,05/08/2022,KENTUCKY,9,,,
Kentucky October Yearlings (2023),2023-10-26,1281,DKB,C,CLASSIC EMPIRE,SISTER NOVA,VERRAZANO,WOODS EDGE FARM AGENT II,OUT,0,,04/15/2022,ONTARIO,3,,,
Kentucky October Yearlings (2023),2023-10-26,1282,CH,C,MACLEAN'S MUSIC,SIX ORNAMENTS,FLATTER,SUMMERFIELD (FRANCIS & BARBARA VANLANGENDONCK) AGENT,OUT,0,,02/16/2022,KENTUCKY,3,,,
Kentucky October Yearlings (2023),2023-10-26,1283,DKB,F,SHARP AZTECA,SIXTYFIVENORTH,MIDSHIPMAN,FOUR STAR SALES AGENT,CHRIS MELTON,2500,,04/15/2022,KENTUCKY,17&18,,,
Kentucky October Yearlings (2023),2023-10-26,1284,DKB,C,CONNECT,SKATING,AWESOME AGAIN,ST GEORGE SALES AGENT XXVII,OFF THE HOOK LLC,9000,,05/02/2022,KENTUCKY,10,,,
Kentucky October Yearlings (2023),2023-10-26,1285,GRR,F,TWIRLING CANDY,SKILL,LIAM'S MAP,TAYLOR MADE SALES AGENCY AGENT LVI,ALBERTO GUBBINS,14000,,01/30/2022,KENTUCKY,12&13&16,,,
Kentucky October Yearlings (2023),2023-10-26,1286,DKB,C,ENTICED,SKINDY,SKIP AWAY,LEGACY BLOODSTOCK AGENT VI,KENNETH MCPEEK AGENT,30000,,05/11/2022,KENTUCKY,22,,,
Kentucky October Yearlings (2023),2023-10-26,1287,CH,F,GLOBAL CAMPAIGN,SKIPALONG,INCLUDE,KEITH LANCASTER AGENT I,ALEJANDRO CONTRERAS,3000,,04/20/2022,KENTUCKY,23,,,
Kentucky October Yearlings (2023),2023-10-26,1288,B,C,QUALITY ROAD,SKIPSTONE,MONTBROOK,LANE'S END AGENT,OUT,0,,02/27/2022,VIRGINIA,1&2,,,
Kentucky October Yearlings (2023),2023-10-26,1289,B,C,GUN RUNNER,SKY AMERICA,SKY MESA,HUNTER VALLEY FARM AGENT,THREE CHIMNEYS/WINCHELL & MATTMILLER,230000,,04/16/2022,KENTUCKY,9,,,
Kentucky October Yearlings (2023),2023-10-26,1290,B,F,MO TOWN,SKY AY AY AY,SKY MESA,GAINESWAY AGENT XXII,OUT,0,,03/14/2022,KENTUCKY,5&6,,,
Kentucky October Yearlings (2023),2023-10-26,1291,DKB,C,BEE JERSEY,SKY BEAM,KINGMAMBO,FOUR STAR SALES AGENT,EMBRACE THE DREAM,2000,,04/09/2022,KENTUCKY,17&18,,,
Kentucky October Yearlings (2023),2023-10-26,1292,B,C,NYQUIST,SKY GIRL,SKY MESA,LANE'S END AGENT,NOT SOLD,95000,,05/02/2022,KENTUCKY,1&2,,,
Kentucky October Yearlings (2023),2023-10-26,1293,GRR,F,BOLT D'ORO,SKY O' BLUE,HENNY HUGHES,WYNNSTAY SALES AGENT V,NOT SOLD,95000,,03/01/2022,KENTUCKY,12,,,
Kentucky October Yearlings (2023),2023-10-26,1294,DKB,C,THE BIG BEAST,SKY PALACE,PALACE,PARAMOUNT SALES AGENT XXIV,THOROUGHBRED ACADIANA,2000,,01/24/2022,FLORIDA,20,,,
Kentucky October Yearlings (2023),2023-10-26,1295,CH,F,LORD NELSON,SLAM'S HONOR,GRAND SLAM,BRANDYWINE FARM (JIM & PAM ROBINSON),FAST HORSES,35000,,04/14/2022,KENTUCKY,15,,,
Kentucky October Yearlings (2023),2023-10-26,1296,B,C,UNCLE MO,SLEWFOUNDMONEY,SEEKING THE GOLD,PARAMOUNT SALES AGENT XLII,MEAH/LLOYD BLOODSTOCK AGENT STARRY NIGHT RACING,37000,,02/07/2022,KENTUCKY,20,,,
Kentucky October Yearlings (2023),2023-10-26,1297,B,F,FLAMEAWAY,SLY BEAUTY,INTO MISCHIEF,DARBY DAN FARM AGENT I,LUIS OSCAR VON CHONG PIMENTEL,3500,,02/25/2022,KENTUCKY,17,,,
Kentucky October Yearlings (2023),2023-10-26,1298,B,C,WAR OF WILL,SMART DANCER,SMART STRIKE,HERMITAGE FARM,NOT SOLD,27000,,05/12/2022,KENTUCKY,20,,,
Kentucky October Yearlings (2023),2023-10-26,1299,B,F,UNCLE MO,SMART DEPUTY,SMART STRIKE,LEGACY BLOODSTOCK AGENT XXXIII,DONA LICHA STABLES,42000,,08/12/2022,NEW YORK,22,,,
Kentucky October Yearlings (2023),2023-10-26,1300,B,F,UNION RAGS,SMART MISSION,SMART STRIKE,LANE'S END AGENT,OUT,0,,04/30/2022,KENTUCKY,1&2,,,
Kentucky October Yearlings (2023),2023-10-26,1301,DKB,F,PRACTICAL JOKE,SMART N SOFT,SMART STRIKE,GAINESWAY AGENT X,OUT,0,,03/30/2022,KENTUCKY,5&6,,,
Kentucky October Yearlings (2023),2023-10-26,1302,CH,F,JUSTIFY,SMART SHOPPING,SMART STRIKE,MILL RIDGE SALES AGENT IV,OUT,0,,05/02/2022,KENTUCKY,11,,,
Kentucky October Yearlings (2023),2023-10-26,1303,B,F,MO TOWN,SNOW DANCER,BERNARDINI,TAYLOR MADE SALES AGENCY AGENT,OUT,0,,05/13/2022,KENTUCKY,12&13&16,,,
Kentucky October Yearlings (2023),2023-10-26,1304,CH,F,KARAKONTIE (JPN),SNOW KID,LEMON DROP KID,GAINESWAY AGENT X,NESTOR MARTINEZ,8500,,02/05/2022,KENTUCKY,5&6,,,
Kentucky October Yearlings (2023),2023-10-26,1305,CH,C,GOOD MAGIC,SNOWMASS,PIONEEROF THE NILE,C & S THOROUGHBREDS AGENT,JEFF MACKOR AGENT FOR ANTHONY SPINAZZOLA,60000,,04/11/2022,KENTUCKY,13,,,
Kentucky October Yearlings (2023),2023-10-26,1306,B,F,DIVISIDERO,SO BEAUTIFUL,ARCH,MAINE CHANCE FARM (UNIVERSITY OF KENTUCKY),AIRDRIE STUD,17000,,03/18/2022,KENTUCKY,19,,,https://youtu.be/noOgTWyalck
Kentucky October Yearlings (2023),2023-10-26,1307,B,F,ALGORITHMS,SO CUNNING,BLAME,CLAIBORNE FARM AGENT,DR JEFF ALLEN,11000,,03/27/2022,KENTUCKY,8,,,
Kentucky October Yearlings (2023),2023-10-26,1308,B,F,MAXIMUS MISCHIEF,SODOR,SHAKESPEARE,VINERY SALES AGENT XXIX,FAST HORSES,45000,,02/27/2022,KENTUCKY,21&22,,,
Kentucky October Yearlings (2023),2023-10-26,1309,DKB,F,HONOR A. P.,SOFTLY LIT,LATENT HEAT,CHUCK GIVENS,NOT SOLD,57000,,05/16/2022,PENNSYLVANIA,11,,,
Kentucky October Yearlings (2023),2023-10-26,1310,B,C,GUN RUNNER,SOLAR SURGE,BERNARDINI,SEQUEL NEW YORK AGENT FOR CHESTER & MARY BROMAN,NOVA THOROUGHBREDS,100000,,03/23/2022,NEW YORK,4,,,
Kentucky October Yearlings (2023),2023-10-26,1311,B,C,CURLIN,SOLERINA,POWERSCOURT (GB),HILL 'N' DALE AT XALAPA AGENT,CARL MCENTEE AGENT,19000,,05/05/2022,KENTUCKY,4,,,
Kentucky October Yearlings (2023),2023-10-26,1312,CH,C,SPEIGHTSTER,SOLO SURVIVOR,PLEASANT TAP,C & S THOROUGHBREDS AGENT,FAST HORSES,25000,,04/13/2022,NEW YORK,13,,,
Kentucky October Yearlings (2023),2023-10-26,1313,B,F,COMPETITIVE EDGE,SONG OF MELODY,FLAT OUT,BUCKLAND SALES (ZACH MADDEN) AGENT XXXVI,BIG EASY RACING & SALES,2000,,04/11/2022,ONTARIO,20,,,
Kentucky October Yearlings (2023),2023-10-26,1314,B,C,MAXIMUS MISCHIEF,SOUND OF THUNDER,STEPHEN GOT EVEN,VINERY SALES AGENT XVI,GARY L WILLIAMS JR,10000,,04/19/2022,KENTUCKY,21&22,,,
Kentucky October Yearlings (2023),2023-10-26,1315,CH,F,ARMY MULE,SOUTH COAST,WAR FRONT,SUMMERFIELD (FRANCIS & BARBARA VANLANGENDONCK) AGENT,OUT,0,,01/17/2022,KENTUCKY,3,,,
Kentucky October Yearlings (2023),2023-10-26,1316,DKB,C,FLATTER,SOUTHERN TRUTH,YES IT'S TRUE,FOUR STAR SALES AGENT,JASON HALL,50000,,04/02/2022,KENTUCKY,17&18,,,
Kentucky October Yearlings (2023),2023-10-26,1317,DKB,F,SUMMER FRONT,SOUTH OF THE SHORE,UNION RAGS,AIRDRIE STUD RAISED & OFFERED,BREANDAN DRAPER AGENT FOR SPAN INVESTMENT,20000,,04/09/2022,KENTUCKY,3,,,
Kentucky October Yearlings (2023),2023-10-26,1318,DKB,F,MACLEAN'S MUSIC,SPAC,GIO PONTI,SHELTOWEE SALES AGENT,NOT SOLD,27000,,02/23/2022,KENTUCKY,23,,,
Kentucky October Yearlings (2023),2023-10-26,1319,B,C,UNCLE MO,SPANISH BUNNY,UNUSUAL HEAT,GAINESWAY AGENT X,NOT SOLD,245000,,02/17/2022,KENTUCKY,5&6,,,
Kentucky October Yearlings (2023),2023-10-26,1320,B,C,MACLEAN'S MUSIC,SPA TREATMENT,BERNARDINI,BLAKE-ALBINA THOROUGHBRED SERVICES LLC AGENT II,OUT,0,,01/30/2022,KENTUCKY,11,,,
Kentucky October Yearlings (2023),2023-10-26,1321,B,F,CONNECT,SPEAK BRILEY,CLASSIC ALLIANCE,SHAWHAN PLACE LLC AGENT II,YOVAN JUAN SAMARDZICH,15000,,03/25/2022,KENTUCKY,23,,,
Kentucky October Yearlings (2023),2023-10-26,1322,B,C,WAR FRONT,SPECIAL THANKS,BROKEN VOW,BLUEWATER SALES LLC AGENT XV,OUT,0,,01/24/2022,KENTUCKY,8,,,
Kentucky October Yearlings (2023),2023-10-26,1323,CH,F,OMAHA BEACH,SPEIGHTSY HEART,SPEIGHTSTOWN,BROOKDALE SALES AGENT,OUT,0,,03/05/2022,KENTUCKY,18,,,
Kentucky October Yearlings (2023),2023-10-26,1324,CH,C,BUCCHERO,SPELLCHICK,ALPHABET SOUP,SCOTT MALLORY AGENT I,MIKE MORRISON AGT.,19000,,04/13/2022,INDIANA,12,,,
Kentucky October Yearlings (2023),2023-10-26,1325,B,C,AUDIBLE,SPELLING AGAIN,AWESOME AGAIN,TAYLOR MADE SALES AGENCY AGENT XXX,BARRY BERKELHAMMER AGENT,40000,,03/04/2022,KENTUCKY,12&13&16,,,
Kentucky October Yearlings (2023),2023-10-26,1326,B,F,INSTILLED REGARD,SPIRIT OF NIKE,INVASOR (ARG),TRACKSIDE FARM (TOM EVANS) AGENT VI,NOT SOLD,1000,,03/26/2022,KENTUCKY,21,,,
Kentucky October Yearlings (2023),2023-10-26,1327,CH,C,CLASSIC EMPIRE,SPOOKY TOOTH,GHOSTZAPPER,VINERY SALES AGENT XXXIX,OUT,0,,04/29/2022,MARYLAND,21&22,,,
Kentucky October Yearlings (2023),2023-10-26,1328,B,C,ARMY MULE,SPRINGSIDE,AWESOME AGAIN,HILL 'N' DALE AT XALAPA AGENT,TOM MCCROCKLIN AGENT,85000,,05/26/2022,KENTUCKY,4,,,
Kentucky October Yearlings (2023),2023-10-26,1329,B,F,GIRVIN,SPUN BEAUTY,HARD SPUN,AIRDRIE STUD RAISED & OFFERED,SOLIS/LITT,190000,,02/16/2022,FLORIDA,3,,,
Kentucky October Yearlings (2023),2023-10-26,1330,DKB,C,MALIBU MOON,STAMP,WAR FRONT,C & S THOROUGHBREDS AGENT,ROBERT MEIER,15000,,03/02/2022,KENTUCKY,13,,,
Kentucky October Yearlings (2023),2023-10-26,1331,B,F,JUSTIFY,STARLESS NIGHT,GRAND SLAM,LEDGELANDS LLC AGENT FOR TWIN OAKS BLOODSTOCK LLC,NOT SOLD,190000,,04/18/2022,KENTUCKY,19,,,
Kentucky October Yearlings (2023),2023-10-26,1332,DKB,C,TOM'S D'ETAT,STARRY ROSE,MACLEAN'S MUSIC,EATON SALES AGENT,LUCAN BLOODSTOCK AGENT,80000,,03/06/2022,NEW YORK,7,,,
Kentucky October Yearlings (2023),2023-10-26,1333,DKB,F,GHOSTZAPPER,STARSEEKER,ROCK HARD TEN,HILL 'N' DALE AT XALAPA AGENT,OUT,0,,03/30/2022,KENTUCKY,4,,,
Kentucky October Yearlings (2023),2023-10-26,1334,CH,C,FROSTED,STAR SILVER,ALDEBARAN,BETZ THOROUGHBREDS INC. AGENT,NICK J HINES AGENT,45000,,04/09/2022,KENTUCKY,8,,,
Kentucky October Yearlings (2023),2023-10-26,1335,CH,C,GORMLEY,STAR WHITE,NAEVUS,PARAMOUNT SALES AGENT XVIII,MIKE DEBELLA,25000,,04/05/2022,KENTUCKY,20,,,
Kentucky October Yearlings (2023),2023-10-26,1336,B,F,TOM'S D'ETAT,STATE CUP,ELUSIVE QUALITY,BUCKLAND SALES (ZACH MADDEN) AGENT VI,OUT,0,,04/20/2022,ONTARIO,20,,,
Kentucky October Yearlings (2023),2023-10-26,1337,DKB,F,MIDNIGHT LUTE,STATE JEWEL,MORE THAN READY,BUCKLAND SALES (ZACH MADDEN) AGENT VI,LARSON & ORDONEZ,10000,,03/26/2022,ONTARIO,20,,,
Kentucky October Yearlings (2023),2023-10-26,1338,CH,C,INSTAGRAND,ST. CROIX,ANY GIVEN SATURDAY,BRANDYWINE FARM (JIM & PAM ROBINSON),R T BLOODSTOCK,25000,,04/26/2022,KENTUCKY,15,,,
Kentucky October Yearlings (2023),2023-10-26,1339,CH,C,SOLOMINI,ST EDMOND'S GIRL,FREUD,ELITE AGENT,ANTONIO VILLAGRAN,5000,,03/11/2022,NEW YORK,7,,,
Kentucky October Yearlings (2023),2023-10-26,1340,DKB,F,MENDELSSOHN,STEELY MAGNOLIA,MORE THAN READY,BTE STABLES,FLYING ZEE RACING STABLE LLC,110000,,04/22/2022,KENTUCKY,4,,,
Kentucky October Yearlings (2023),2023-10-26,1341,DKB,C,MOR SPIRIT,STELLALUCE,CUVEE,TAYLOR MADE SALES AGENCY AGENT XXXIX,NOT SOLD,12000,,03/05/2022,INDIANA,12&13&16,,,
Kentucky October Yearlings (2023),2023-10-26,1342,CH,F,GLOBAL CAMPAIGN,STELLA PRIMA,EL PRADO (IRE),SERENDIPITY FARM AGENT I,EDY GONZALEZ,10000,,05/17/2022,KENTUCKY,23,,,
Kentucky October Yearlings (2023),2023-10-26,1343,DKB,F,TWIRLING CANDY,STELLIUM,EMPIRE MAKER,BROOKDALE SALES AGENT,FULL OF RUN RACING II LLC,155000,,03/26/2022,KENTUCKY,18,,,
Kentucky October Yearlings (2023),2023-10-26,1344,B,F,BOLT D'ORO,STILL A FUNNY GIRL,DISTORTED HUMOR,EATON SALES AGENT,THOROSTOCK LLC,125000,,01/09/2022,KENTUCKY,7,,,
Kentucky October Yearlings (2023),2023-10-26,1345,DKB,C,SOLOMINI,ST. MALO'S GATE,DYNAFORMER,HUNTER VALLEY FARM AGENT FOR MCMAHON OF SARATOGA,THOROUGHBRED ACADIANA,52000,,04/27/2022,NEW YORK,9,,,
Kentucky October Yearlings (2023),2023-10-26,1346,B,C,MAXIMUS MISCHIEF,STONECOLDFOX,BUSTIN STONES,FOUR STAR SALES AGENT,GS INVERSIONES HIPICAS LLC,85000,,02/28/2022,KENTUCKY,17&18,,,
Kentucky October Yearlings (2023),2023-10-26,1347,B,C,UNION RAGS,STONEWALKER,STRONG MANDATE,PARAMOUNT SALES AGENT XXV,SHERBOURNE LODGE,30000,,04/19/2022,KENTUCKY,20,,,
Kentucky October Yearlings (2023),2023-10-26,1348,CH,F,MALIBU MOON,STOPSPENDINGMARIA,MONTBROOK,GAINESWAY AGENT XXV,MERIDIAN BLOODSTOCK,225000,,02/01/2022,NEW YORK,5&6,,,
Kentucky October Yearlings (2023),2023-10-26,1349,DKB,F,HEART TO HEART,STORAGE QUEEN,PURGE,MAINE CHANCE FARM (UNIVERSITY OF KENTUCKY),ALISTAR FYFE RACING,42000,,04/18/2022,KENTUCKY,19,,,
Kentucky October Yearlings (2023),2023-10-26,1350,B,F,MAXIMUM SECURITY,STORMALINA,STORMY ATLANTIC,FOUR STAR SALES AGENT,SHERBOURNE LODGE,30000,,04/21/2022,KENTUCKY,17&18,,,
Kentucky October Yearlings (2023),2023-10-26,1351,DKB,F,MUNNINGS,STORM CROSSING,TIZNOW,DARBY DAN FARM AGENT III,HOBY KIGHT AGENT,50000,,05/23/2022,NEW YORK,17,,,
Kentucky October Yearlings (2023),2023-10-26,1352,CH,C,JUSTIFY,STORM DIXIE,CATIENUS,PARAMOUNT SALES AGENT XXXIII,TOM MCCROCKLIN AGENT,230000,,02/16/2022,KENTUCKY,20,,,
Kentucky October Yearlings (2023),2023-10-26,1353,CH,F,INSTAGRAND,STORM NOW,TIZNOW,SEQUEL NEW YORK AGENT FOR CHESTER & MARY BROMAN,RICEHORSE FOR FINAL FURLONG RACING STABLE,100000,,04/30/2022,NEW YORK,4,,,
Kentucky October Yearlings (2023),2023-10-26,1354,DKB,C,OMAHA BEACH,STORMOLOGIST,GEMOLOGIST,GAINESWAY AGENT XI,NOT SOLD,39000,,02/13/2022,KENTUCKY,5&6,,,
Kentucky October Yearlings (2023),2023-10-26,1355,B,F,WEST COAST,STORM SPELL,UNBRIDLED'S SONG,MACHMER HALL SALES AGENT FOR MACHMER HALL,10 FLAT THOROUGHBREDS LLC,10000,,01/28/2022,KENTUCKY,5&6,,,
Kentucky October Yearlings (2023),2023-10-26,1356,B,C,VINO ROSSO,STORMY ARABELLA,GET STORMY,WARRENDALE SALES AGENT IV,NEW HOPE AB LLC,11000,,03/10/2022,KENTUCKY,21,,,
Kentucky October Yearlings (2023),2023-10-26,1357,CH,F,GOOD MAGIC,STORMY GIGI,STORM BOOT,CANDY MEADOWS SALES AGENT XXIV,NOT SOLD,39000,,05/04/2022,KENTUCKY,21,,,
Kentucky October Yearlings (2023),2023-10-26,1358,B,C,THOUSAND WORDS,STORMY KRISTINE,STORM CREEK,FORBUSH FARM,NOT SOLD,29000,,03/24/2022,KENTUCKY,19,,,
Kentucky October Yearlings (2023),2023-10-26,1359,DKB,F,PERFECT TIMBER,STORMY VENUS,STORMY ATLANTIC,PARAMOUNT SALES AGENT XXIII,ARCADIO ESCAMILLA,2000,,03/22/2022,ONTARIO,20,,,
Kentucky October Yearlings (2023),2023-10-26,1360,DKB,F,MEDAGLIA D'ORO,STOWESHOE,FLATTER,EATON SALES AGENT,SOLIS/LITT,270000,,04/10/2022,KENTUCKY,7,,,
Kentucky October Yearlings (2023),2023-10-26,1361,B,C,PRACTICAL JOKE,STREET DOLL,STREET CRY (IRE),LEGACY BLOODSTOCK AGENT XXIII,NOT SOLD,39000,,05/14/2022,KENTUCKY,22,,,
Kentucky October Yearlings (2023),2023-10-26,1362,B,C,MEDAGLIA D'ORO,STREET INTEREST,STREET CRY (IRE),ST GEORGE SALES AGENT XI,SIX SIX FOUR,9000,,03/17/2022,VIRGINIA,10,,,
Kentucky October Yearlings (2023),2023-10-26,1363,B,C,GOLDENCENTS,STRIKE ACCORD,SMART STRIKE,FRANKFORT PARK FARM AGENT,KIM SMITH AGENT,3000,,03/16/2022,KENTUCKY,23,,,
Kentucky October Yearlings (2023),2023-10-26,1364,B,C,MAXIMUM SECURITY,STRIKING DAMSEL,SMART STRIKE,PARAMOUNT SALES AGENT VII,OUT,0,,05/18/2022,KENTUCKY,20,,,
Kentucky October Yearlings (2023),2023-10-26,1365,DKB,F,UPSTART,STURDY ONE,LANGFUHR,MACHMER HALL SALES AGENT VII,OUT,0,,03/03/2022,KENTUCKY,5&6,,,
Kentucky October Yearlings (2023),2023-10-26,1366,B,F,THOUSAND WORDS,STYLISH D'ORO,MEDAGLIA D'ORO,GAINESWAY AGENT XIX,BELLA RACING,4000,,04/24/2022,KENTUCKY,5&6,,,
Kentucky October Yearlings (2023),2023-10-26,1367,DKB,F,MORE THAN READY,SUCCESSFUL SLEW,SUCCESSFUL APPEAL,BUCKLAND SALES (ZACH MADDEN) AGENT VII,BLAKE SAPPINGTON,35000,,04/15/2022,KENTUCKY,20,,,
Kentucky October Yearlings (2023),2023-10-26,1368,CH,C,MACLEAN'S MUSIC,SUDDEN HEAT,CONGRATS,HILL 'N' DALE AT XALAPA AGENT,OUT,0,,05/13/2022,KENTUCKY,4,,,
Kentucky October Yearlings (2023),2023-10-26,1369,DKB,F,HARD SPUN,SUDESTADA,STREET CRY (IRE),POPE MCLEAN (CRESTWOOD FARM) AGENT I,NOT SOLD,29000,,02/20/2022,KENTUCKY,20,,,
Kentucky October Yearlings (2023),2023-10-26,1370,DKB,C,TOM'S D'ETAT,SUGAR AND TE (IRE),GALILEO (IRE),EATON SALES AGENT,KINGS EQUINE,24000,,04/11/2022,KENTUCKY,7,,,
Kentucky October Yearlings (2023),2023-10-26,1371,CH,F,HARD SPUN,SUGAR PLUM FAIRY,DROSSELMEYER,PARAMOUNT SALES AGENT XXXI,OUT,0,,05/03/2022,KENTUCKY,20,,,
Kentucky October Yearlings (2023),2023-10-26,1372,B,C,GLOBAL CAMPAIGN,SUGAR REEF,TIZWAY,MACHMER HALL SALES AGENT FOR MACHMER HALL,S.R.O.A (K.O.I.D.),45000,,01/14/2022,KENTUCKY,5&6,,,
Kentucky October Yearlings (2023),2023-10-26,1373,B,C,AUTHENTIC,SUMMER LUCK,LOOKIN AT LUCKY,BROOKDALE SALES AGENT,NOT SOLD,97000,,03/01/2022,KENTUCKY,18,,,
Kentucky October Yearlings (2023),2023-10-26,1374,DKB,C,TWIRLING CANDY,SUMMER VACATION,ESKENDEREYA,FOUR STAR SALES AGENT,NOT SOLD,170000,,03/08/2022,KENTUCKY,17&18,,,
Kentucky October Yearlings (2023),2023-10-26,1375,DKB,F,CLOUD COMPUTING,SUNCADIA,TIZNOW,MULHOLLAND FARM,SWAN VALLEY BLOODSTOCK,25000,,04/30/2022,KENTUCKY,23,,,
Kentucky October Yearlings (2023),2023-10-26,1376,B,F,AUDIBLE,SUNDAY DRIVER,QUALITY ROAD,MACHMER HALL SALES AGENT FOR ST. SIMON PLACE,LEGION BLOODSTOCK AGENT FOR HOOLIE RACING,40000,,01/15/2022,KENTUCKY,5&6,,,
Kentucky October Yearlings (2023),2023-10-26,1377,B,C,CANDY RIDE (ARG),SUNDAYSATTHEBEACH,MEDAGLIA D'ORO,FRANKFORT PARK FARM AGENT FOR SKYFALL THOROUGHBREDS,FERGUS GALVIN AGT,90000,,04/15/2022,KENTUCKY,23,,,
Kentucky October Yearlings (2023),2023-10-26,1378,DKB,C,WAR OF WILL,SUNDAY SONNET,ANY GIVEN SATURDAY,HERMITAGE FARM,GRASSROOTS TRN & SALES LLC,25000,,05/07/2022,KENTUCKY,20,,,
Kentucky October Yearlings (2023),2023-10-26,1379,GRR,F,PRACTICAL JOKE,SUNDOWN,TAPIT,BRIDIE HARRISON AGENT FOR PETER E. BLUM THOROUGHBREDS,NOT SOLD,335000,,04/23/2022,KENTUCKY,13,,,
Kentucky October Yearlings (2023),2023-10-26,1380,B,C,WAR FRONT,SUNNY DALE,MEDAGLIA D'ORO,C & S THOROUGHBREDS AGENT,JAMES LAYDEN AGENT,70000,,03/21/2022,NEW YORK,13,,,
Kentucky October Yearlings (2023),2023-10-26,1381,CH,C,GAME WINNER,SUNRISE KITTY,COWTOWN CAT,DENALI STUD AGENT II,NOT SOLD,42000,,04/29/2022,KENTUCKY,1&2,,,
Kentucky October Yearlings (2023),2023-10-26,1382,B,C,SEEKING THE SOUL,SUPER HONEY,SUPER SAVER,HUNTER VALLEY FARM AGENT,ANTONIO VILLAGRAN,5500,,03/31/2022,FLORIDA,9,,,
Kentucky October Yearlings (2023),2023-10-26,1383,B,F,MALIBU MOON,SUPERIOR SELECTION,GIANT'S CAUSEWAY,EQUUS FARM (JERRY CUMMINS/PAUL ADAMS) AGENT II,P & J RACING,37000,,04/17/2022,KENTUCKY,14,,,
Kentucky October Yearlings (2023),2023-10-26,1384,B,C,GET STORMY,SUPER PHILLY,SMOOTH JAZZ,POPE MCLEAN (CRESTWOOD FARM) AGENT IV,NOT SOLD,17000,,04/18/2022,KENTUCKY,20,,,
Kentucky October Yearlings (2023),2023-10-26,1385,B,C,MCKINZIE,SUPER SAVVY,SUPER SAVER,BLAKE-ALBINA THOROUGHBRED SERVICES LLC AGENT I,MERIDIAN BLOODSTOCK,80000,,04/19/2022,NEW YORK,11,,,
Kentucky October Yearlings (2023),2023-10-26,1386,B,F,VOLATILE,SUPER SIMPLE,SUPER SAVER,BROOKDALE SALES AGENT,TRAVIS MURPHY,12000,,04/15/2022,KENTUCKY,18,,,
Kentucky October Yearlings (2023),2023-10-26,1387,B,C,INSTAGRAND,SUPREME MAKER,EMPIRE MAKER,LEGACY BLOODSTOCK AGENT VIII,RAMIRO SALAZAR AGENT,8000,,04/19/2022,KENTUCKY,22,,,
Kentucky October Yearlings (2023),2023-10-26,1388,B,F,GOLDENCENTS,SURFACE,QUALITY ROAD,HIGHGATE SALES AGENT VI,Y G FARM,8000,,01/27/2022,KENTUCKY,15,,,
Kentucky October Yearlings (2023),2023-10-26,1389,CH,C,GAME WINNER,SURPRISE GUEST,GIANT'S CAUSEWAY,MULHOLLAND SPRINGS AGENT IV,DUANE WELLS,1000,,05/04/2022,NEW YORK,14,,,
Kentucky October Yearlings (2023),2023-10-26,1390,B,C,INTO MISCHIEF,SURPRISINGLY (IRE),GALILEO (IRE),EATON SALES AGENT,OUT,0,,04/02/2022,KENTUCKY,7,,,
Kentucky October Yearlings (2023),2023-10-26,1391,B,C,GOLDENCENTS,SUSHI GIRL,ORIENTATE,SHELTOWEE SALES AGENT,BRAD HEMBA,22000,,03/16/2022,KENTUCKY,23,,,
Kentucky October Yearlings (2023),2023-10-26,1392,B,C,THE FACTOR,SUSIE'S DADDY,SCAT DADDY,VINERY SALES AGENT V,KENNETH MCPEEK AGENT,60000,,01/31/2022,KENTUCKY,21&22,,,
Kentucky October Yearlings (2023),2023-10-26,1393,B,F,CITY OF LIGHT,SUTRO,VIOLENCE,VINERY SALES AGENT L,PRO SELECTION STABLE,30000,,01/17/2022,KENTUCKY,21&22,,,
Kentucky October Yearlings (2023),2023-10-26,1394,B,C,MAXIMUS MISCHIEF,SUTTON'S SMILE,PADDY O'PRADO,MULHOLLAND SPRINGS AGENT,OUT,0,,03/06/2022,KENTUCKY,14,,,
Kentucky October Yearlings (2023),2023-10-26,1395,GRR,C,CARAVAGGIO,SUZEE SUNRISE,CHESTER HOUSE,COLETTE FARM,NOT SOLD,90000,,02/09/2022,KENTUCKY,23,,,
Kentucky October Yearlings (2023),2023-10-26,1396,B,C,NOT THIS TIME,SWAK,SCAT DADDY,GAINESWAY AGENT IX,DEXTA BLOODSTOCK,150000,,04/26/2022,KENTUCKY,5&6,,,
Kentucky October Yearlings (2023),2023-10-26,1397,DKB,C,EXAGGERATOR,SWANKY JAS,FLAT OUT,MULHOLLAND FARM AGENT,THOROUGHBRED ACADIANA,8000,,04/30/2022,KENTUCKY,23,,,
Kentucky October Yearlings (2023),2023-10-26,1398,CH,F,LIAM'S MAP,SWAYTHISAWAY,SCAT DADDY,FOUR STAR SALES AGENT,GREG FOLEY AGENT FOR FRED SCHWARTZ,120000,,04/05/2022,KENTUCKY,17&18,,,
Kentucky October Yearlings (2023),2023-10-26,1399,CH,F,GOLDENCENTS,SWEET AUGUST LADY,CITY ZIP,MILESTONE FARM,OUT,0,,03/25/2022,KENTUCKY,19,,,
Kentucky October Yearlings (2023),2023-10-26,1400,B,C,CONNECT,SWEET BUT SASSY,SKIP TO THE STONE,EQUUS FARM (JERRY CUMMINS/PAUL ADAMS) AGENT III,NOT SOLD,2000,,03/27/2022,KENTUCKY,14,,,
Kentucky October Yearlings (2023),2023-10-26,1401,DKB,C,MORE THAN READY,SWEET CONGRATS,CONGRATS,TAYLOR MADE SALES AGENCY AGENT LXXXVIII,AVK BLOODSTOCK,60000,,05/09/2022,KENTUCKY,12&13&16,,,
Kentucky October Yearlings (2023),2023-10-26,1402,DKB,F,INSTILLED REGARD,SWEET DISPOSITION,FORESTRY,BRANDYWINE FARM (JIM & PAM ROBINSON),ROLANDO GIHA,25000,,03/14/2022,KENTUCKY,15,,,
Kentucky October Yearlings (2023),2023-10-26,1403,GRR,C,VOLATILE,SWEET FACTORY,CANDY RIDE (ARG),BRANDYWINE FARM (JIM & PAM ROBINSON),JUAN GARDUNO,35000,,05/09/2022,KENTUCKY,15,,,
Kentucky October Yearlings (2023),2023-10-26,1404,CH,C,BRODY'S CAUSE,SWEET FORCE,SIDNEY'S CANDY,FRANKFORT PARK FARM AGENT,WAKE FOREST STABLE,7000,,03/24/2022,KENTUCKY,23,,,
Kentucky October Yearlings (2023),2023-10-26,1405,B,F,VEKOMA,SWEET HALORY,HOLD ME BACK,WARRENDALE SALES AGENT V,P SEL DIAZ,17000,,03/24/2022,KENTUCKY,21,,,
Kentucky October Yearlings (2023),2023-10-26,1406,DKB,F,GLOBAL CAMPAIGN,SWEETIE DARLING,BERNARDINI,GAINESWAY AGENT IX,DK STRICKLAND,10000,,01/30/2022,NEW YORK,5&6,,,
Kentucky October Yearlings (2023),2023-10-26,1407,B,C,MAXIMUS MISCHIEF,SWEETIE TIY,LANGFUHR,VINERY SALES AGENT XXI,DALLAS DUO,80000,,04/02/2022,KENTUCKY,21&22,,,
Kentucky October Yearlings (2023),2023-10-26,1408,DKB,C,HONEST MISCHIEF,SWEET MEADOW MIST,D' FUNNYBONE,FOUR STAR SALES AGENT,FAST HORSES,23000,,03/21/2022,KENTUCKY,17&18,,,
Kentucky October Yearlings (2023),2023-10-26,1409,DKB,F,LIAM'S MAP,SWEET NINA,TIZNOW,TAYLOR MADE SALES AGENCY AGENT XXXVII,BOOTS BLOODSTOCK,110000,,04/25/2022,KENTUCKY,12&13&16,,,
Kentucky October Yearlings (2023),2023-10-26,1410,B,F,BOLT D'ORO,SWEET OFFER,CANDY RIDE (ARG),HUNTER VALLEY FARM AGENT,DENNIS O'NEILL,60000,,01/24/2022,KENTUCKY,9,,,
Kentucky October Yearlings (2023),2023-10-26,1411,B,F,AUTHENTIC,SWEET OPPORTUNITY,DISTORTED HUMOR,HILL 'N' DALE AT XALAPA AGENT,JBF BLOODSTOCK,130000,,03/13/2022,KENTUCKY,4,,,
Kentucky October Yearlings (2023),2023-10-26,1412,B,F,SOLOMINI,SWEET QUEEN,TWIRLING CANDY,HIDDEN BROOK AGENT V,MASHNEE STABLE,25000,,04/30/2022,NEW YORK,22,,,
Kentucky October Yearlings (2023),2023-10-26,1413,DKB,F,CITY OF LIGHT,SWEET REPENT,REPENT,LISA & TIM TURNEY AGENT II,DIXIE STOCK FARM,20000,,04/21/2022,KENTUCKY,19,,,
Kentucky October Yearlings (2023),2023-10-26,1414,B,F,FLAMEAWAY,SWEET SEVENTEEN,HARD SPUN,DARBY DAN FARM AGENT I,DUANE WELLS,1000,,03/19/2022,KENTUCKY,17,,,
Kentucky October Yearlings (2023),2023-10-26,1415,B,F,HARRY'S HOLIDAY,SWEPT ASHORE,HENRYTHENAVIGATOR,PARAMOUNT SALES AGENT I,VICTORY STABLES LLC & CONTRERAS STABLES,15000,,03/12/2022,INDIANA,20,,,
Kentucky October Yearlings (2023),2023-10-26,1416,CH,F,BEE JERSEY,SWIFT CLOSER,CLOSING ARGUMENT,GROVENDALE SALES AGENT,OUT,0,,05/05/2022,INDIANA,17,,,
Kentucky October Yearlings (2023),2023-10-26,1417,CH,F,ACCELERATE,SWING,SCAT DADDY,TAYLOR MADE SALES AGENCY AGENT VI,ABRAHAM BARAJAS,6000,,03/04/2022,KENTUCKY,12&13&16,,,
Kentucky October Yearlings (2023),2023-10-26,1418,B,F,ALWAYS DREAMING,SYLPHIDE,BLAME,PAUL TACKETT AGENT,TOM MCCROCKLIN AGENT,65000,,03/12/2022,KENTUCKY,14,,,
Kentucky October Yearlings (2023),2023-10-26,1419,B,C,INTO MISCHIEF,SZOLNOK,ELUSIVE QUALITY,TAYLOR MADE SALES AGENCY AGENT FOR SPENDTHRIFT FARM LLC,OUT,0,,03/27/2022,KENTUCKY,12&13&16,,,
Kentucky October Yearlings (2023),2023-10-26,1420,B,F,MACLEAN'S MUSIC,TABLE JUMPER,JUMP START,HILL 'N' DALE AT XALAPA AGENT,AARON SONES,50000,,05/30/2022,KENTUCKY,4,,,
Kentucky October Yearlings (2023),2023-10-26,1421,DKB,C,GIFT BOX,TABOR FLEET,SUPER SAVER,C & S THOROUGHBREDS AGENT,JOSE GALLEGO R & ISDEL DIAZ,8000,,03/04/2022,KENTUCKY,13,,,
Kentucky October Yearlings (2023),2023-10-26,1422,B,F,MAXIMUS MISCHIEF,TAFAASEEL,MR. GREELEY,PARKWAY FARM AGENT,OUT,0,,03/13/2022,KENTUCKY,21,,,
Kentucky October Yearlings (2023),2023-10-26,1423,B,F,CITY OF LIGHT,TAFANEEN,DYNAFORMER,HIDDEN BROOK AGENT II,NOT SOLD,47000,,04/29/2022,KENTUCKY,22,,,
Kentucky October Yearlings (2023),2023-10-26,1424,B,F,COPPER BULLET,TAHFEEZ,ALJABR,FORBUSH FARM,NOT SOLD,19000,,03/06/2022,KENTUCKY,19,,,
Kentucky October Yearlings (2023),2023-10-26,1425,B,C,HIGHER POWER,TAKE CARE BABE,FLATTER,MILESTONE FARM,DOMINIC BRENNAN,24000,,05/16/2022,KENTUCKY,19,,,
Kentucky October Yearlings (2023),2023-10-26,1426,CH,C,GOLDENCENTS,TAKE CHARGE GIRL,WILL TAKE CHARGE,PETER SHEPPELL THOROUGHBREDS,CHRIS MELTON,8000,,04/05/2022,OHIO,20,,,
Kentucky October Yearlings (2023),2023-10-26,1427,DKB,F,PAYNTER,TAKE CHARGE SISTER,TAKE CHARGE INDY,VINERY SALES AGENT LI,ROBERT GORHAM,7500,,04/22/2022,INDIANA,21&22,,,
Kentucky October Yearlings (2023),2023-10-26,1428,B,C,JIMMY CREED,TAKECHARGMATRIARCH,TAKE CHARGE INDY,WARRENDALE SALES AGENT VI,NOT SOLD,4500,,02/12/2022,KENTUCKY,21,,,
Kentucky October Yearlings (2023),2023-10-26,1429,CH,F,SPEIGHTSTOWN,TAKING AIM,TRAPPE SHOT,KATIERICH FARMS,NICE GUYS STABLES LLC,170000,,05/14/2022,KENTUCKY,1,,,
Kentucky October Yearlings (2023),2023-10-26,1430,DKB,F,JIMMY CREED,TALE,TALE OF THE CAT,POPE MCLEAN (CRESTWOOD FARM) AGENT XII,ROBERTO CHAVEZ,12000,,04/21/2022,INDIANA,20,,,
Kentucky October Yearlings (2023),2023-10-26,1431,DKB,F,DANISH DYNAFORMER,TALE OF CONDUCT,TALE OF EKATI,FOUR STAR SALES AGENT,NOT SOLD,1500,,03/30/2022,ONTARIO,17&18,,,
Kentucky October Yearlings (2023),2023-10-26,1432,DKB,C,SEEKING THE SOUL,TALE OF HOUDINI,TALE OF EKATI,PARAMOUNT SALES AGENT XXIII,NOT SOLD,1500,,05/05/2022,FLORIDA,20,,,
Kentucky October Yearlings (2023),2023-10-26,1433,DKB,F,GAME WINNER,TALKIN AND SINGING,SONGANDAPRAYER,LANE'S END AGENT,OUT,0,,03/11/2022,KENTUCKY,1&2,,,
Kentucky October Yearlings (2023),2023-10-26,1434,B,F,HIGHER POWER,TALKING AUDREY,THUNDER GULCH,HILL 'N' DALE AT XALAPA AGENT,ROBERT MEIER,22000,,04/09/2022,KENTUCKY,4,,,
Kentucky October Yearlings (2023),2023-10-26,1435,B,F,VEKOMA,TAMARACK GAL,DISCREET CAT,MULHOLLAND SPRINGS AGENT I,SUPREME,19000,,01/25/2022,KENTUCKY,14,,,
Kentucky October Yearlings (2023),2023-10-26,1436,CH,F,FLATTER,TANGO TIME (IRE),DANEHILL DANCER (IRE),BUCKLAND SALES (ZACH MADDEN) AGENT V,MADAKET STABLES LLC,55000,,03/30/2022,KENTUCKY,20,,,
Kentucky October Yearlings (2023),2023-10-26,1437,GRR,F,VOLATILE,TANTE MAUSIE,FUSAICHI PEGASUS,VINERY SALES AGENT VI,OUT,0,,04/01/2022,TEXAS,21&22,,,
Kentucky October Yearlings (2023),2023-10-26,1438,B,F,GAME WINNER,TAPARELLI,TAPIT,SCOTT MALLORY AGENT V,J C CORPORATION,16000,,04/28/2022,KENTUCKY,12,,,
Kentucky October Yearlings (2023),2023-10-26,1439,B,F,UNCLE MO,TAPITAL GAINS,TAPIT,TAYLOR MADE SALES AGENCY AGENT XXV,JAMES LAYDEN AGENT,95000,,04/12/2022,PENNSYLVANIA,12&13&16,,,
Kentucky October Yearlings (2023),2023-10-26,1440,DKB,F,HIGHER POWER,TAPPINGINTHESTREET,STREET SENSE,FOUR STAR SALES AGENT,CARY BROOKS,12000,,04/28/2022,KENTUCKY,17&18,,,
Kentucky October Yearlings (2023),2023-10-26,1441,GRR,F,CURLIN,TAPPING PEARL,TAPIT,DENALI STUD AGENT FOR STONESTREET BRED & RAISED,WEST BLDSTK AGT FOR REPOLE STABLE,275000,,02/22/2022,KENTUCKY,1&2,,,
Kentucky October Yearlings (2023),2023-10-26,1442,B,C,YORKTON,TAPRIETTA,TAPIT,POPE MCLEAN (CRESTWOOD FARM) AGENT VI,OUT,0,,05/20/2022,KENTUCKY,20,,,
Kentucky October Yearlings (2023),2023-10-26,1443,GRR,C,MACLEAN'S MUSIC,TAPTANA,TAPIT,ST GEORGE SALES AGENT XII,VICTORY RACING PARTNERS CHERIE DEVAUX AGENT,130000,,04/25/2022,KENTUCKY,10,,,
Kentucky October Yearlings (2023),2023-10-26,1444,DKB,C,UNIFIED,TARLOW,STORMIN FEVER,MILL RIDGE SALES AGENT V,OUT,0,,04/22/2022,KENTUCKY,11,,,
Kentucky October Yearlings (2023),2023-10-26,1445,GRR,F,GIFT BOX,TASHA'S DELIGHT,AFTERNOON DEELITES,BURLESON FARMS AGENT,ALEJANDRO CONTRERAS,3500,,02/02/2022,KENTUCKY,23,,,
Kentucky October Yearlings (2023),2023-10-26,1446,DKB,C,TOM'S D'ETAT,TASHIARA,EXCHANGE RATE,LEGACY BLOODSTOCK AGENT VIII,OUT,0,,03/28/2022,INDIANA,22,,,
Kentucky October Yearlings (2023),2023-10-26,1448,B,C,AUTHENTIC,TAYLOR'S SPIRIT,ALGORITHMS,STRAIGHT LINE EQUINE SALES AGENT FOR COTEAU GROVE FARMS,OUT,0,,04/29/2022,LOUISIANA,20,,,
Kentucky October Yearlings (2023),2023-10-26,1449,DKB,F,VINO ROSSO,TEA FOR TAM,MALIBU MOON,MULHOLLAND SPRINGS AGENT FOR SPENDTHRIFT FARM LLC,TEAM PENNEY RACING LLC,50000,,05/10/2022,KENTUCKY,14,,,
Kentucky October Yearlings (2023),2023-10-26,1450,B,C,OMAHA BEACH,TEA FOR TWO,VALID EXPECTATIONS,GAINESWAY AGENT IX,JEFF MACKOR AGT FOR WILLIAM SPARKS,110000,,03/18/2022,NEW YORK,5&6,,,
Kentucky October Yearlings (2023),2023-10-26,1451,B,C,NYQUIST,TEA TIME,PULPIT,BETZ THOROUGHBREDS INC. AGENT,DJ STABLE,110000,,03/26/2022,KENTUCKY,8,,,
Kentucky October Yearlings (2023),2023-10-26,1452,DKB,C,THOUSAND WORDS,TELL A GREAT STORY,BLUEGRASS CAT,VINERY SALES AGENT VI,STEVEN D KEIL,4500,,04/09/2022,KENTUCKY,21&22,,,
Kentucky October Yearlings (2023),2023-10-26,1453,GRR,C,VOLATILE,TELL ME WHY,CORINTHIAN,PARAMOUNT SALES AGENT XI,PARRISH FARMS,70000,,05/17/2022,KENTUCKY,20,,,
Kentucky October Yearlings (2023),2023-10-26,1454,B,C,OUTWORK,TEMPER MINT PATTY,CONGRATS,STRAIGHT LINE EQUINE SALES AGENT,NOT SOLD,19000,,05/30/2022,KENTUCKY,20,,,
Kentucky October Yearlings (2023),2023-10-26,1455,DKB,C,HONOR A. P.,TENAFLY,JERSEY TOWN,FOUNDATIONS FARM,NOT SOLD,32000,,03/05/2022,KENTUCKY,19,,,
Kentucky October Yearlings (2023),2023-10-26,1456,B,F,MACLEAN'S MUSIC,TENSAS COWGIRL,COWBOY CAL,STRAIGHT LINE EQUINE SALES AGENT,740 BLOODSTOCK,37000,,04/28/2022,KENTUCKY,20,,,
Kentucky October Yearlings (2023),2023-10-26,1457,B,C,CITY OF LIGHT,TENSAS HARBOR,PRIVATE VOW,ELITE AGENT,DEREK CHIN/MICHAEL COOKE AGT,50000,,05/30/2022,KENTUCKY,7,,,
Kentucky October Yearlings (2023),2023-10-26,1458,B,C,KLIMT,TERFAASHAH,DAAHER,HIGHGATE SALES AGENT FOR HREH ET AL RAISED AT SPRINGHILL EQUINE,BRAD HEMBA,5000,,04/08/2022,KENTUCKY,15,,,
Kentucky October Yearlings (2023),2023-10-26,1459,CH,C,MENDELSSOHN,TERODA,LIMEHOUSE,TAYLOR MADE SALES AGENCY AGENT LXI,OUT,0,,05/03/2022,KENTUCKY,12&13&16,,,
Kentucky October Yearlings (2023),2023-10-26,1460,GRR,C,DAREDEVIL,TEST OF TIME,UNBRIDLED'S SONG,LANE'S END AGENT,RIGOBERTO ACEVEDO,8500,,04/11/2022,KENTUCKY,1&2,,,
Kentucky October Yearlings (2023),2023-10-26,1461,DKB,F,YOSHIDA (JPN),TEXAS GEM,TIZNOW,DENALI STUD AGENT XXIII,ARCADIO ESCAMILLA,1000,,03/23/2022,KENTUCKY,1&2,,,
Kentucky October Yearlings (2023),2023-10-26,1462,DKB,F,GORMLEY,TEXT QUEEN,STRONG HOPE,STUART MORRIS AGENT VIII,NOT SOLD,35000,,01/27/2022,KENTUCKY,23,,,
Kentucky October Yearlings (2023),2023-10-26,1463,DKB,C,THOUSAND WORDS,THANK YOU NOTE,UNCLE MO,SHANAWAY FARM,NATHAN SQUIRES,12000,,02/28/2022,KENTUCKY,21,,,
Kentucky October Yearlings (2023),2023-10-26,1464,CH,C,DIALED IN,THAT'S OK,NOT FOR LOVE,BLAKE-ALBINA THOROUGHBRED SERVICES LLC AGENT I,BAIL OUT STABLE,65000,,04/26/2022,NEW YORK,11,,,
Kentucky October Yearlings (2023),2023-10-26,1465,DKB,F,HIT IT A BOMB,THEANA,UNCLE MO,DANIEL & PATRICIA YATES,KENNETH MCPEEK AGENT,25000,,01/26/2022,OHIO,21,,,
Kentucky October Yearlings (2023),2023-10-26,1466,B,F,MENDELSSOHN,THE CAT'S REACH,BERNSTEIN,FOUR STAR SALES AGENT,BOBBY RANKIN,25000,,02/11/2022,KENTUCKY,17&18,,,
Kentucky October Yearlings (2023),2023-10-26,1467,DKB,F,JUSTIFY,THE GIRL HERSELF,AMERICAN PHAROAH,ST GEORGE SALES AGENT XXXIII,OUT,0,,04/09/2022,KENTUCKY,10,,,
Kentucky October Yearlings (2023),2023-10-26,1468,DKB,C,WORLD OF TROUBLE,THE NIAGARA QUEEN,LANGFUHR,LEGACY BLOODSTOCK AGENT FOR HEDBERG HALL,SAWPINE STABLES,22000,,04/24/2022,KENTUCKY,22,,,
Kentucky October Yearlings (2023),2023-10-26,1469,DKB,F,FIRST SAMURAI,THEOBROMA,TEMPLE CITY,WESTBROOK STABLES LLC,OUT,0,,03/06/2022,KENTUCKY,19,,,
Kentucky October Yearlings (2023),2023-10-26,1470,DKB,F,MITOLE,THERE IS NO LIMIT,JOHANNESBURG,PARAMOUNT SALES AGENT XXIX,OUT,0,,03/26/2022,KENTUCKY,20,,,
Kentucky October Yearlings (2023),2023-10-26,1471,B,F,JIMMY CREED,THERE SHE IS,MEDAGLIA D'ORO,SCOTT MALLORY AGENT IV,REMINGTON SALES,3000,,05/22/2022,KENTUCKY,12,,,
Kentucky October Yearlings (2023),2023-10-26,1472,B,C,BLAME,THICKER THAN WATER,SPEIGHTSTOWN,BLAKE-ALBINA THOROUGHBRED SERVICES LLC AGENT I,NOT SOLD,57000,,04/11/2022,NEW YORK,11,,,
Kentucky October Yearlings (2023),2023-10-26,1473,DKB,C,WEST COAST,THIS IS WAR,WAR FRONT,NARDELLI SALES AGENT I,AVK BLOODSTOCK,13000,,04/15/2022,KENTUCKY,8,,,
Kentucky October Yearlings (2023),2023-10-26,1474,B,C,DEMARCHELIER (GB),THIS JUST IN,WAR FRONT,CANDY MEADOWS SALES AGENT XXIV,BOBBY SHIELDS,10000,,05/19/2022,KENTUCKY,21,,,
Kentucky October Yearlings (2023),2023-10-26,1475,B,C,MITOLE,THREE HALOS,LIAISON,TAYLOR MADE SALES AGENCY AGENT XII,CODASCA CONSTRUCTION,7500,,03/28/2022,KENTUCKY,12&13&16,,,
Kentucky October Yearlings (2023),2023-10-26,1476,CH,C,COUNTRY HOUSE,THRICE,HAT TRICK (JPN),STRAIGHT LINE EQUINE SALES AGENT,NOT SOLD,14000,,05/12/2022,KENTUCKY,20,,,
Kentucky October Yearlings (2023),2023-10-26,1477,B,C,VINO ROSSO,TICKET TO SEATTLE,CAPOTE,LEGACY BLOODSTOCK AGENT XII,NICK J HINES AGENT,10000,,02/24/2022,KENTUCKY,22,,,
Kentucky October Yearlings (2023),2023-10-26,1478,DKB,F,FLAMEAWAY,TILLIE THE HUNN,MATCHLITE,POPE MCLEAN (CRESTWOOD FARM) AGENT X,JUAN QUINONES JR,1500,,05/03/2022,KENTUCKY,20,,,
Kentucky October Yearlings (2023),2023-10-26,1479,DKB,F,CINCO CHARLIE,TIME TO ENJOY,DISTORTED HUMOR,WARRENDALE SALES AGENT VIII,OUT,0,,05/09/2022,KENTUCKY,21,,,
Kentucky October Yearlings (2023),2023-10-26,1480,GRR,F,LIAM'S MAP,TIME TO FLIRT,FLATTER,CHUCK GIVENS,NOT SOLD,95000,,02/02/2022,KENTUCKY,11,,,
Kentucky October Yearlings (2023),2023-10-26,1481,CH,C,UNION RAGS,TINABUD,LOOKIN AT LUCKY,DIXIANA FARMS LLC,MAHMUD MOUNI,2500,,05/04/2022,KENTUCKY,17,,,
Kentucky October Yearlings (2023),2023-10-26,1482,B,C,INTO MISCHIEF,TIN TYPE GAL,TAPIT,DENALI STUD AGENT XXV,MIKE RYAN AGENT,310000,,02/20/2022,KENTUCKY,1&2,,,
Kentucky October Yearlings (2023),2023-10-26,1483,B,C,UNION RAGS,TIPTOE,TIZ WONDERFUL,C & S THOROUGHBREDS AGENT,NOT SOLD,14000,,03/26/2022,KENTUCKY,13,,,
Kentucky October Yearlings (2023),2023-10-26,1484,GRR,F,PRACTICAL JOKE,TIP TOP TAP,TAPIT,MULHOLLAND SPRINGS AGENT IV,KIRKWOOD ADVISORY/LAMBHOLM,35000,,03/07/2022,NEW YORK,14,,,
Kentucky October Yearlings (2023),2023-10-26,1485,DKB,C,IMPROBABLE,TITANIUM JO,BERNSTEIN,BUCKLAND SALES (ZACH MADDEN) AGENT IV,JMC EQUINE SALES,2500,,04/15/2022,OKLAHOMA,20,,,
Kentucky October Yearlings (2023),2023-10-26,1486,B,C,MAXIMUS MISCHIEF,TITLE WINNER,TIZ WONDERFUL,FOUR STAR SALES AGENT,NOT SOLD,42000,,03/28/2022,KENTUCKY,17&18,,,
Kentucky October Yearlings (2023),2023-10-26,1487,DKB,F,NOT THIS TIME,TIZ FASHIONABLE,DISTORTED HUMOR,TAYLOR MADE SALES AGENCY AGENT XXXVII,NOT SOLD,100000,,05/21/2022,KENTUCKY,12&13&16,,,
Kentucky October Yearlings (2023),2023-10-26,1488,B,F,GLOBAL CAMPAIGN,TIZNOISE,TIZNOW,GROVENDALE SALES AGENT V,DAVID SEGIAS AGENT,14000,,01/25/2022,KENTUCKY,17,,,
Kentucky October Yearlings (2023),2023-10-26,1489,DKB,C,CONSTITUTION,TIZ SO SWEET,TIZNOW,LANE'S END AGENT,OUT,0,,03/23/2022,KENTUCKY,1&2,,,
Kentucky October Yearlings (2023),2023-10-26,1490,CH,F,ECHO TOWN,TIZ THE ARGUMENT,CLOSING ARGUMENT,TAYLOR MADE SALES AGENCY AGENT LXXVII,NOT SOLD,35000,,01/23/2022,KENTUCKY,12&13&16,,,
Kentucky October Yearlings (2023),2023-10-26,1491,B,C,SIR PRANCEALOT (IRE),TIZZY,SLEW'S TIZNOW,CASTLE PARK FARM LLC (NOEL MURPHY) AGENT II,OUT,0,,01/11/2022,CALIFORNIA,4,,,
Kentucky October Yearlings (2023),2023-10-26,1492,B,F,CITY OF LIGHT,TOAST OF MAYFAIR,SPEIGHTSTOWN,MILL RIDGE SALES AGENT X,ROBERT MARZILLI,5000,,05/01/2022,KENTUCKY,11,,,
Kentucky October Yearlings (2023),2023-10-26,1493,B,C,CLASSIC EMPIRE,TO DREAM ABOUT,MONARCHOS,GAINESWAY AGENT XVI,OUT,0,,05/16/2022,KENTUCKY,5&6,,,
Kentucky October Yearlings (2023),2023-10-26,1494,DKB,F,HARD SPUN,TOOREEN DANCER (IRE),VALE OF YORK (IRE),TAYLOR MADE SALES AGENCY AGENT XIV,THOMAS HAUGHEY FOR PTK LLC,60000,,02/26/2022,KENTUCKY,12&13&16,,,
Kentucky October Yearlings (2023),2023-10-26,1495,DKB,C,TEMPLE CITY,TOP DEPUTEE,DEPUTY STORM,VINERY SALES AGENT XXII,NOT SOLD,4500,,05/07/2022,INDIANA,21&22,,,
Kentucky October Yearlings (2023),2023-10-26,1496,B,C,FREE DROP BILLY,TOSHA,ANY GIVEN SATURDAY,TERRAZAS THOROUGHBREDS AGENT III,THOROUGHBRED ACADIANA,4000,,03/22/2022,KENTUCKY,21,,,
Kentucky October Yearlings (2023),2023-10-26,1497,B,C,NYQUIST,TOUCH THE MOON,MALIBU MOON,DENALI STUD AGENT XII,OUT,0,,03/10/2022,KENTUCKY,1&2,,,
Kentucky October Yearlings (2023),2023-10-26,1498,DKB,F,CONNECT,TOWER SMASH,CANDY RIDE (ARG),WOODS EDGE FARM AGENT,JOHN SERVIS AGENT,17000,,05/13/2022,NEW YORK,3,,,
Kentucky October Yearlings (2023),2023-10-26,1499,B,F,CANDY RIDE (ARG),TOWN FLIRT,SPEIGHTSTOWN,KATIERICH FARMS,OUT,0,,02/13/2022,KENTUCKY,1,,,
Kentucky October Yearlings (2023),2023-10-26,1500,GRR,C,FROSTED,TRADING VOLUME,ARCH,HIGHGATE SALES AGENT FOR HREH RAISED AT SPRINGHILL EQUINE,MCCUTCHEN TRAINING CENTER,23000,,03/31/2022,KENTUCKY,15,,,
Kentucky October Yearlings (2023),2023-10-26,1501,B,F,OUTWORK,TRANSLATOR,POSSE,LEGACY BLOODSTOCK AGENT III,FAST HORSES,25000,,03/24/2022,KENTUCKY,22,,,
Kentucky October Yearlings (2023),2023-10-26,1502,DKB,F,COMPLEXITY,TRAPPINGSOFSILVER,TRAPPE SHOT,HIGHGATE SALES AGENT III,NOT SOLD,42000,,04/18/2022,KENTUCKY,15,,,
Kentucky October Yearlings (2023),2023-10-26,1503,DKB,F,GAME WINNER,TRENDY CHIC,GIANT'S CAUSEWAY,PARAMOUNT SALES AGENT VII,OUT,0,,04/29/2022,KENTUCKY,20,,,
Kentucky October Yearlings (2023),2023-10-26,1504,B,F,ENTICED,TRES OSOS,MALIBU MOON,EATON SALES AGENT,PWF,62000,,04/07/2022,KENTUCKY,7,,,
Kentucky October Yearlings (2023),2023-10-26,1505,DKB,F,SHARP AZTECA,TREVI CHIC,ROMAN RULER,ELITE AGENT,MY PURPLE HAZE STABLES,17000,,03/08/2022,KENTUCKY,7,,,
Kentucky October Yearlings (2023),2023-10-26,1506,DKB,C,UNIFIED,TRIUMPHANTLY,MR. GREELEY,CHUCK GIVENS,JOSE SILVA LUNA,1000,,05/27/2022,KENTUCKY,11,,,
Kentucky October Yearlings (2023),2023-10-26,1507,DKB,C,INSTILLED REGARD,TRUE TO YOU,SCAT DADDY,MACHMER HALL SALES AGENT FOR MACHMER HALL,HIDDEN BROOK AGENT,85000,,04/09/2022,KENTUCKY,5&6,,,
Kentucky October Yearlings (2023),2023-10-26,1508,DKB,F,CONNECT,TSCHUDI'S GIRL,KANTHAROS,GAINESWAY AGENT XX,NICK PALMER AGENT,20000,,04/18/2022,KENTUCKY,5&6,,,
Kentucky October Yearlings (2023),2023-10-26,1509,CH,C,DIALED IN,TULIPMANIA,EMPIRE MAKER,DENALI STUD AGENT FOR GALLAGHER'S STUD,NOT SOLD,60000,,04/07/2022,NEW YORK,1&2,,,
Kentucky October Yearlings (2023),2023-10-26,1510,DKB,C,INSTAGRAND,TUMBADORA,AWESOME AGAIN,LEGACY BLOODSTOCK AGENT V,DUANE WELLS,1000,,02/22/2022,NEW YORK,22,,,
Kentucky October Yearlings (2023),2023-10-26,1511,DKB,F,MORE THAN READY,TUSCAN CHIANTI,ROMAN RULER,FOUR STAR SALES AGENT,ROBERT MEIER,27000,,03/08/2022,KENTUCKY,17&18,,,
Kentucky October Yearlings (2023),2023-10-26,1512,B,F,YOSHIDA (JPN),TUSTARTA,TREMPOLINO,MULHOLLAND SPRINGS AGENT VI,NOT SOLD,19000,,04/22/2022,KENTUCKY,14,,,
Kentucky October Yearlings (2023),2023-10-26,1513,CH,F,MOR SPIRIT,TUSTIN,CONQUISTADOR CIELO,FORBUSH FARM,NOT SOLD,14000,,03/21/2022,KENTUCKY,19,,,
Kentucky October Yearlings (2023),2023-10-26,1514,DKB,C,HIGHER POWER,TWIRLING DANCER,TWIRLING CANDY,LANE'S END AGENT,MANUEL CHAVEZ,5500,,02/21/2022,KENTUCKY,1&2,,,
Kentucky October Yearlings (2023),2023-10-26,1515,B,C,SHANCELOT,TWIRLING DIAMOND,TWIRLING CANDY,BUCK POND FARM (DOUGLAS S. ARNOLD) AGENT,OUT,0,,04/29/2022,KENTUCKY,14,,,
Kentucky October Yearlings (2023),2023-10-26,1516,DKB,F,DANISH DYNAFORMER,TWO ITEM MAKER,EMPIRE MAKER,HUNTER VALLEY FARM AGENT,KAREN MCCLEAVE,20000,,05/18/2022,ONTARIO,9,,,
Kentucky October Yearlings (2023),2023-10-26,1517,B,F,CONNECT,TWO QUARTERS,MR. JOHN,ST GEORGE SALES AGENT XXVI,MY PURPLE HAZE STABLES,25000,,03/12/2022,KENTUCKY,10,,,
Kentucky October Yearlings (2023),2023-10-26,1518,B,C,MINESHAFT,UCHITEL,AFLEET ALEX,BLAKE-ALBINA THOROUGHBRED SERVICES LLC AGENT I,SAM AGUIAR,20000,,05/20/2022,KENTUCKY,11,,,
Kentucky October Yearlings (2023),2023-10-26,1519,B,F,OMAHA BEACH,ULTIMATE CLASS,DURING,EATON SALES AGENT,OUT,0,,03/09/2022,FLORIDA,7,,,
Kentucky October Yearlings (2023),2023-10-26,1520,B,F,DIALED IN,ULTIMATE HOLIDAY,HARLAN'S HOLIDAY,PETER SHEPPELL THOROUGHBREDS,NOT SOLD,4500,,03/05/2022,OHIO,20,,,
Kentucky October Yearlings (2023),2023-10-26,1521,CH,C,MACLEAN'S MUSIC,ULTIMATE SHOPPER,YES IT'S TRUE,HUNTER VALLEY FARM AGENT,EQUINOX INC. AGENT FOR GEORGE SHARP,150000,,05/06/2022,NEW YORK,9,,,
Kentucky October Yearlings (2023),2023-10-26,1522,B,F,WEST COAST,UNANIMOUS DECISION,DISTORTED HUMOR,EATON SALES AGENT,MCCUTCHEN TRAINING CENTER,6000,,04/11/2022,KENTUCKY,7,,,
Kentucky October Yearlings (2023),2023-10-26,1523,B,F,MITOLE,UNBRIDLEDEXPLOSION,EDDINGTON,MACHMER HALL SALES AGENT V,EMBRACE THE DREAM,27000,,04/19/2022,KENTUCKY,5&6,,,
Kentucky October Yearlings (2023),2023-10-26,1524,DKB,C,GUN RUNNER,UNBRIDLED QUEST,UNBRIDLED'S SONG,MACHMER HALL SALES AGENT FOR MACHMER HALL & TAMME VALLEY FARMS & BLUE HORSE HOLDINGS,JULIE DAVIES AGENT,100000,,05/11/2022,KENTUCKY,5&6,,,
Kentucky October Yearlings (2023),2023-10-26,1525,DKB,F,BEE JERSEY,UNCHECKED,UNBRIDLED,FOUR STAR SALES AGENT,JOSE SILVA,2000,,05/05/2022,KENTUCKY,17&18,,,
Kentucky October Yearlings (2023),2023-10-26,1526,GRR,F,OMAHA BEACH,UNCONTROLLED,UNBRIDLED'S SONG,KATIERICH FARMS,NICK PALMER AGENT,32000,,04/12/2022,KENTUCKY,1,,,
Kentucky October Yearlings (2023),2023-10-26,1527,B,F,JIMMY CREED,UNFORGETTABLE SHOW,UNFORGETTABLE MAX,HURSTLAND FARM (ALFRED H. NUCKOLS JR.) AGENT III,JOSE SILVA,2000,,03/24/2022,KENTUCKY,8,,,
Kentucky October Yearlings (2023),2023-10-26,1528,B,F,MCKINZIE,UNOBSTRUCTED VIEW,YES IT'S TRUE,FOUR STAR SALES AGENT,MARK GLATT AGENT,60000,,02/03/2022,KENTUCKY,17&18,,,
Kentucky October Yearlings (2023),2023-10-26,1529,CH,C,JUSTIFY,UNRIVALED PRINCESS,TAPIT,GAINESWAY AGENT XXVII,CHAD SCHUMER AGENT,105000,,03/13/2022,KENTUCKY,5&6,,,
Kentucky October Yearlings (2023),2023-10-26,1530,CH,C,AMERICAN FREEDOM,UNUSUALLY TALENTED,UNUSUAL HEAT,TERRAZAS THOROUGHBREDS AGENT,ERIC AQUINO,26000,,02/24/2022,KENTUCKY,21,,,
Kentucky October Yearlings (2023),2023-10-26,1531,B,C,BERNARDINI,UPLIFTED,MEDAGLIA D'ORO,DENALI STUD AGENT XIX,OUT,0,,02/01/2022,NEW YORK,1&2,,,
Kentucky October Yearlings (2023),2023-10-26,1532,GRR,C,FROSTED,UPPER BRASS,HARD SPUN,ANDERSON FARMS AGENT,MICHAEL LAY,45000,,04/29/2022,ONTARIO,3,,,
Kentucky October Yearlings (2023),2023-10-26,1533,CH,F,GHOSTZAPPER,UPPERCUT,DISCREET CAT,SUMMERFIELD (FRANCIS & BARBARA VANLANGENDONCK) AGENT,DUBB/ELKSTONE/FARR,85000,,03/10/2022,KENTUCKY,3,,,
Kentucky October Yearlings (2023),2023-10-26,1534,B,C,INSTAGRAND,UPSTAGER,DISTORTED HUMOR,ST GEORGE SALES AGENT XIII,HENLEY FARMS INC.,25000,,04/30/2022,KENTUCKY,10,,,
Kentucky October Yearlings (2023),2023-10-26,1535,B,F,INSTAGRAND,URSOKY,OXBOW,TAYLOR MADE SALES AGENCY AGENT XVIII,OUT,0,,02/06/2022,KENTUCKY,12&13&16,,,
Kentucky October Yearlings (2023),2023-10-26,1536,B,C,MACLEAN'S MUSIC,U. S. S. O'BRIEN,EMPIRE MAKER,VINERY SALES AGENT LV,OUT,0,,04/14/2022,NEW YORK,21&22,,,
Kentucky October Yearlings (2023),2023-10-26,1537,CH,F,VINO ROSSO,UZUME,UNBRIDLED'S SONG,FORBUSH FARM,WEST BLOODSTOCK,20000,,05/11/2022,KENTUCKY,19,,,
Kentucky October Yearlings (2023),2023-10-26,1538,B,C,UNCLE MO,VALADORNA,CURLIN,DENALI STUD AGENT FOR STONESTREET BRED & RAISED,OUT,0,,04/16/2022,KENTUCKY,1&2,,,
Kentucky October Yearlings (2023),2023-10-26,1539,B,F,PRACTICAL JOKE,VALENTINES ROMANCE,ARCH,INDIAN CREEK AGENT,OUT,0,,05/13/2022,NEW YORK,2,,,
Kentucky October Yearlings (2023),2023-10-26,1540,B,C,WAR FRONT,VAULCLUSE,A.P. INDY,GAINESWAY AGENT X,WALMAC FARM,160000,,04/26/2022,KENTUCKY,5&6,,,
Kentucky October Yearlings (2023),2023-10-26,1541,CH,F,UNION RAGS,VEIL DANCE,ESKENDEREYA,BLUEWATER SALES LLC AGENT X,FERGUS BOGLE,5000,,03/10/2022,KENTUCKY,8,,,
Kentucky October Yearlings (2023),2023-10-26,1542,GRR,C,GORMLEY,VERDULA,MIZZEN MAST,WINTER QUARTER FARM AGENT,OBDULIA VEGA,4500,,05/08/2022,KENTUCKY,7,,,
Kentucky October Yearlings (2023),2023-10-26,1543,CH,C,DAREDEVIL,VERNA LEA,SUPER SAVER,FOUR STAR SALES AGENT FOR D.C. GOFF,ALISTAIR RODEN AGENT FOR ROBERT HESS,40000,,04/30/2022,KENTUCKY,17&18,,,
Kentucky October Yearlings (2023),2023-10-26,1544,CH,F,SPEIGHTSTER,VERUSCHKA,TAPIT,BRANDYWINE FARM (JIM & PAM ROBINSON),TAPROOT FOR BARLEY & BARLEY,35000,,04/01/2022,KENTUCKY,15,,,
Kentucky October Yearlings (2023),2023-10-26,1545,CH,F,GOLDENCENTS,VERY FASHIONABLE,OLD FASHIONED,BLANDFORD STUD (PADRAIG CAMPION) AGENT,NOT SOLD,11000,,04/10/2022,KENTUCKY,21,,,
Kentucky October Yearlings (2023),2023-10-26,1546,DKB,F,COLLECTED,VIA VILLAGGIO,BERNARDINI,BROOKDALE SALES AGENT,PILTOWN BOUND,135000,,02/06/2022,KENTUCKY,18,,,
Kentucky October Yearlings (2023),2023-10-26,1547,DKB,F,CLOUD COMPUTING,VIBRATION,CATIENUS,EQUUS FARM (JERRY CUMMINS/PAUL ADAMS) AGENT I,NOT SOLD,1000,,05/05/2022,KENTUCKY,14,,,
Kentucky October Yearlings (2023),2023-10-26,1548,GRR,C,GAME WINNER,VICARIOUSLY,GIANT'S CAUSEWAY,PARAMOUNT SALES AGENT VII,OUT,0,,03/08/2022,KENTUCKY,20,,,
Kentucky October Yearlings (2023),2023-10-26,1549,B,C,PRACTICAL JOKE,VICKI T,STREET SENSE,TAYLOR MADE SALES AGENCY AGENT LXVII,OUT,0,,04/08/2022,KENTUCKY,12&13&16,,,
Kentucky October Yearlings (2023),2023-10-26,1550,CH,F,VEKOMA,VIENNA'S WALTZ,FREUD,LEDGELANDS LLC AGENT FOR TWIN OAKS BLOODSTOCK LLC,NOT SOLD,24000,,04/20/2022,KENTUCKY,19,,,
Kentucky October Yearlings (2023),2023-10-26,1551,CH,F,MUNNINGS,VIEW,BIRDSTONE,BROOKDALE SALES AGENT FOR JACK SWAIN,KENNETH MCPEEK AGENT,57000,,05/25/2022,KENTUCKY,18,,,
Kentucky October Yearlings (2023),2023-10-26,1552,CH,F,FLATTER,VILLETTE,PETIONVILLE,FOUR STAR SALES AGENT,JAY MCKEE,20000,,03/12/2022,PENNSYLVANIA,17&18,,,
Kentucky October Yearlings (2023),2023-10-26,1553,B,C,FLAMEAWAY,VINYATA,VINDICATION,FOUR STAR SALES AGENT,OUT,0,,05/23/2022,KENTUCKY,17&18,,,
Kentucky October Yearlings (2023),2023-10-26,1554,DKB,F,ECHO TOWN,VIOLATION,VIOLENCE,EATON SALES AGENT,DANIEL KJORSVIK,50000,,04/22/2022,OKLAHOMA,7,,,
Kentucky October Yearlings (2023),2023-10-26,1555,DKB,C,UNIFIED,VIXEN'S ROAR,PULPIT,FOUR STAR SALES AGENT,NOT SOLD,9000,,03/18/2022,KENTUCKY,17&18,,,
Kentucky October Yearlings (2023),2023-10-26,1556,GRR,C,MACLEAN'S MUSIC,VOCAL,MALIBU MOON,STONE FARM AGENT,OUT,0,,04/10/2022,KENTUCKY,10,,,
Kentucky October Yearlings (2023),2023-10-26,1557,B,C,HIT IT A BOMB,VOIDED CONTRACT,ZENSATIONAL,MAPLE RUN SOUTH,NOT SOLD,12000,,03/07/2022,INDIANA,23,,,
Kentucky October Yearlings (2023),2023-10-26,1558,CH,C,BEE JERSEY,VOLATILITY INDEX,MIZZEN MAST,POPE MCLEAN (CRESTWOOD FARM) AGENT V,ANTHONY DIDIER,14000,,03/27/2022,ARKANSAS,20,,,
Kentucky October Yearlings (2023),2023-10-26,1559,DKB,F,THOUSAND WORDS,VOODOO'S VISION,PETIONVILLE,EQUUS FARM (JERRY CUMMINS/PAUL ADAMS) AGENT III,NOT SOLD,1000,,03/05/2022,KENTUCKY,14,,,
Kentucky October Yearlings (2023),2023-10-26,1560,DKB,F,ALWAYS DREAMING,WADIA (GER),CAMPANOLOGIST,LANE'S END AGENT,OUT,0,,03/24/2022,KENTUCKY,1&2,,,
Kentucky October Yearlings (2023),2023-10-26,1561,DKB,C,MACLEAN'S MUSIC,WALK OF STARS,STREET SENSE,BETZ THOROUGHBREDS INC. AGENT,OUT,0,,05/25/2022,VIRGINIA,8,,,
Kentucky October Yearlings (2023),2023-10-26,1562,GRR,F,LORD NELSON,WAR FOR PEACE,LIAM'S MAP,HIGHGATE SALES AGENT V,ISRAEL CHAVEZ,25000,,04/03/2022,KENTUCKY,15,,,
Kentucky October Yearlings (2023),2023-10-26,1563,DKB,F,FLATTER,WARM SUNSHINE,UNBRIDLED'S SONG,MACHMER HALL SALES AGENT FOR MACHMER HALL,OUT,0,,04/18/2022,KENTUCKY,5&6,,,
Kentucky October Yearlings (2023),2023-10-26,1564,DKB,F,GLOBAL CAMPAIGN,WAR OF THE STATES,BODEMEISTER,PAUL TACKETT AGENT,W.P.T.,36000,,04/07/2022,KENTUCKY,14,,,
Kentucky October Yearlings (2023),2023-10-26,1565,DKB,F,UNION RAGS,WARRANTY,ARTIE SCHILLER,MACHMER HALL SALES AGENT FOR MACHMER HALL,OUT,0,,04/29/2022,KENTUCKY,5&6,,,
Kentucky October Yearlings (2023),2023-10-26,1566,CH,C,OMAHA BEACH,WASABI GIRL,SHANGHAI BOBBY,PETER SHEPPELL THOROUGHBREDS,NOT SOLD,60000,,02/14/2022,OHIO,20,,,
Kentucky October Yearlings (2023),2023-10-26,1567,DKB,F,IMPROBABLE,WATLING,STREET BOSS,LEGACY BLOODSTOCK AGENT XXXIII,NOT SOLD,37000,,03/09/2022,NEW YORK,22,,,
Kentucky October Yearlings (2023),2023-10-26,1568,DKB,C,CONSTITUTION,WEB O' GOLD,HARD SPUN,FOUR STAR SALES AGENT,DONATO LANNI AGENT FOR BAOMA CORP,200000,,01/19/2022,KENTUCKY,17&18,,,
Kentucky October Yearlings (2023),2023-10-26,1569,GRR,F,MO TOWN,WE FIVE,CARPE DIEM,LEGACY BLOODSTOCK AGENT X,NOT SOLD,10000,,02/11/2022,KENTUCKY,22,,,
Kentucky October Yearlings (2023),2023-10-26,1570,CH,F,MAXIMUM SECURITY,WELCOME ADDITION,THEATRICAL (IRE),BLANDFORD STUD (PADRAIG CAMPION) AGENT,CENTER STAGE FARM AGENT,2500,,06/04/2022,KENTUCKY,21,,,
Kentucky October Yearlings (2023),2023-10-26,1571,B,C,SHANCELOT,WELL SPUN,HARD SPUN,LEGACY BLOODSTOCK AGENT III,QUARTER POLE INVESTMENTS LLC,10000,,03/06/2022,KENTUCKY,22,,,
Kentucky October Yearlings (2023),2023-10-26,1572,B,F,CLASSIC EMPIRE,WEST COAST GIRL,MEDAGLIA D'ORO,MULHOLLAND SPRINGS AGENT IV,MY PURPLE HAZE STABLES,5000,,02/16/2022,NEW YORK,14,,,
Kentucky October Yearlings (2023),2023-10-26,1573,DKB,C,OUTWORK,WHAT'S BRUIN,CURLIN,GREENFIELD FARMS AGENT IV,LUCAN BLOODSTOCK AGENT,15000,,01/25/2022,KENTUCKY,18,,,
Kentucky October Yearlings (2023),2023-10-26,1574,GRR,C,DIALED IN,WHERE'S LIAM,LIAM'S MAP,DIXIANA FARMS LLC,PARRISH FARMS,55000,,05/01/2022,KENTUCKY,17,,,
Kentucky October Yearlings (2023),2023-10-26,1575,B,C,BOLT D'ORO,WHIRL,CURLIN,KNOCKGRIFFIN FARM AGENT,LUCAN BLOODSTOCK AGENT,330000,,03/01/2022,KENTUCKY,14,,,
Kentucky October Yearlings (2023),2023-10-26,1576,DKB,C,MALIBU MOON,WHISPERING BEAUTY,ARCH,FRANKFORT PARK FARM AGENT FOR SKYFALL THOROUGHBREDS,REALLY TRULY THROUGHBREDS,40000,,02/10/2022,KENTUCKY,23,,,
Kentucky October Yearlings (2023),2023-10-26,1577,DKB,F,DIALED IN,WHISTLEBERRY,AFLEET ALEX,RICKY HIGGS AGENT FOR GALLAGHER FARMS,OUT,0,,02/26/2022,ILLINOIS,15,,,
Kentucky October Yearlings (2023),2023-10-26,1578,B,F,AUDIBLE,WHITE KNUCKLE RIDE,TWIRLING CANDY,HUNTER VALLEY FARM AGENT,EVADI FARM,2000,,04/20/2022,KENTUCKY,9,,,
Kentucky October Yearlings (2023),2023-10-26,1579,GRR,C,FOG OF WAR,WHITE MISCHIEF,INTO MISCHIEF,ELITE AGENT,MICHAEL GORHAM,17000,,02/27/2022,NEW YORK,7,,,
Kentucky October Yearlings (2023),2023-10-26,1580,B,F,VEKOMA,WHITE SLIPPERS,SILVER DEPUTY,BILL MURPHY AGENT VII,BBB,31000,,05/01/2022,NEW YORK,22,,,
Kentucky October Yearlings (2023),2023-10-26,1581,B,C,LOOKIN AT LUCKY,WHITE WINGED DOVE,KARAKONTIE (JPN),HILL 'N' DALE AT XALAPA AGENT,TRAVIS MURPHY,17000,,04/18/2022,KENTUCKY,4,,,
Kentucky October Yearlings (2023),2023-10-26,1582,GRR,F,TAPIT,WHOLELOTTASHAKIN,SCAT DADDY,TAYLOR MADE SALES AGENCY AGENT XIV,MONACO RACING,200000,,02/15/2022,KENTUCKY,12&13&16,,,
Kentucky October Yearlings (2023),2023-10-26,1583,CH,C,THOUSAND WORDS,WHY NOT FORGIVE,KITTEN'S JOY,MACHMER HALL SALES AGENT FOR MACHMER HALL ET AL II,PETE SCOTT REIMAN,6000,,02/26/2022,KENTUCKY,5&6,,,
Kentucky October Yearlings (2023),2023-10-26,1584,DKB,F,COAL FRONT,WHY THE MYSTERY,WHYWHYWHY,PARKWAY FARM AGENT,MICHAEL GORHAM,12000,,02/22/2022,KENTUCKY,21,,,
Kentucky October Yearlings (2023),2023-10-26,1585,GRR,F,THE FACTOR,WICHITA,CURLIN,HUNTER VALLEY FARM AGENT,ABOUT A THING BLOODSTOCK,20000,,04/20/2022,KENTUCKY,9,,,
Kentucky October Yearlings (2023),2023-10-26,1586,B,F,ECHO TOWN,WICKED SPEED,MACHO UNO,WARRENDALE SALES AGENT FOR SILESIA FARM,GREG FOLEY AGENT FOR FRED SCHWARTZ,70000,,04/24/2022,KENTUCKY,21,,,
Kentucky October Yearlings (2023),2023-10-26,1587,DKB,F,STREET SENSE,WIDE RANGE,MINESHAFT,DENALI STUD AGENT XXVII,NOT SOLD,27000,,04/28/2022,KENTUCKY,1&2,,,
Kentucky October Yearlings (2023),2023-10-26,1588,B,F,MCKINZIE,WILD RIDGE,TAPIT,ST GEORGE SALES AGENT XXVIII,MIACOMET FARM,24000,,03/29/2022,KENTUCKY,10,,,
Kentucky October Yearlings (2023),2023-10-26,1589,GR,F,CARAVAGGIO,WILLET,JUMP START,TAYLOR MADE SALES AGENCY AGENT XLVII,JOSE SILVA,8000,,04/18/2022,KENTUCKY,12&13&16,,,
Kentucky October Yearlings (2023),2023-10-26,1590,B,F,COMPLEXITY,WILL YE GO LASSIE,TRAPPE SHOT,HIDDEN BROOK AGENT VI,GREG JAMES,70000,,03/01/2022,KENTUCKY,22,,,
Kentucky October Yearlings (2023),2023-10-26,1591,CH,F,MUNNINGS,WILY,STREET CRY (IRE),TAYLOR MADE SALES AGENCY AGENT LXXV,OUT,0,,02/18/2022,KENTUCKY,12&13&16,,,
Kentucky October Yearlings (2023),2023-10-26,1592,GRR,F,COAL FRONT,WIND ENERGY,UNBRIDLED ENERGY,LEGACY BLOODSTOCK AGENT III,NOT SOLD,8000,,04/07/2022,KENTUCKY,22,,,
Kentucky October Yearlings (2023),2023-10-26,1593,B,F,MITOLE,WINDSAIL,GRAND APPOINTMENT,BROOKDALE SALES AGENT FOR SUSAN ANDERSON RACING LLC,NOT SOLD,37000,,02/03/2022,OHIO,18,,,
Kentucky October Yearlings (2023),2023-10-26,1594,B,C,BRODY'S CAUSE,WIND STRIKE,SMART STRIKE,VINERY SALES AGENT IX,PADARATH LUTCHMAN,5000,,04/27/2022,KENTUCKY,21&22,,,
Kentucky October Yearlings (2023),2023-10-26,1595,GRR,F,BOLT D'ORO,WINNING DOE,RUNNING STAG,SUMMERFIELD (FRANCIS & BARBARA VANLANGENDONCK) AGENT,NOT SOLD,27000,,03/27/2022,KENTUCKY,3,,,
Kentucky October Yearlings (2023),2023-10-26,1596,CH,F,VEKOMA,WINNING RHYTHM,GIANT'S CAUSEWAY,HIGHGATE SALES AGENT FOR HREH RAISED AT SPRINGHILL EQUINE,MASON SPRINGS,42000,,03/28/2022,KENTUCKY,15,,,
Kentucky October Yearlings (2023),2023-10-26,1597,B,F,MAXIMUS MISCHIEF,WISHFUL DREAMIN,OLD FASHIONED,BLUEWATER SALES LLC AGENT XII,MATT KWIATKOWSKI,55000,,04/16/2022,INDIANA,8,,,
Kentucky October Yearlings (2023),2023-10-26,1598,B,C,HARRY'S HOLIDAY,WITH WONDER,FLATTER,PARAMOUNT SALES AGENT I,GREG FOLEY AGENT FOR FRED SCHWARTZ,25000,,01/30/2022,INDIANA,20,,,
Kentucky October Yearlings (2023),2023-10-26,1599,B,C,THE FACTOR,WITHYOURPERMISSION,TAKE CHARGE INDY,VINERY SALES AGENT LI,NOT SOLD,15000,,02/18/2022,KENTUCKY,21&22,,,
Kentucky October Yearlings (2023),2023-10-26,1600,B,C,GAME WINNER,WONDRSHEGOTTHUNDR,GRAYDAR,LANE'S END AGENT FOR BAD BOY RACING LLC,OUT,0,,02/15/2022,NEW YORK,1&2,,,
Kentucky October Yearlings (2023),2023-10-26,1601,DKB,F,MACLEAN'S MUSIC,WOODFORD COUNTY,INDIAN CHARLIE,EATON SALES AGENT,OUT,0,,05/12/2022,KENTUCKY,7,,,
Kentucky October Yearlings (2023),2023-10-26,1602,B,C,WORLD OF TROUBLE,WOOD NOT,KISSIN KRIS,EATON SALES AGENT,OUT,0,,04/23/2022,MARYLAND,7,,,
Kentucky October Yearlings (2023),2023-10-26,1603,DKB,C,ENTICED,WORD ASSOCIATION,BENCHMARK,DOUBLE R CONSIGNMENT,TRIPLE J EQUINE SALES,15000,,03/19/2022,ARKANSAS,22,,,
Kentucky October Yearlings (2023),2023-10-26,1604,B,C,PRACTICAL JOKE,W W AMERICAN,QUIET AMERICAN,TAYLOR MADE SALES AGENCY AGENT XXXV,OUT,0,,04/26/2022,KENTUCKY,12&13&16,,,
Kentucky October Yearlings (2023),2023-10-26,1605,DKB,F,HARD SPUN,WYCHWOOD,TALE OF THE CAT,GAINESWAY AGENT XI,OUT,0,,05/06/2022,KENTUCKY,5&6,,,
