SALE TITLE,SESSION,HIP,COLOR,NAME,SEX,SIRE,DAM,SIRE OF DAM,PROPERTY LINE,PURCHASER,PRICE,PRIVATE SALE,YEAR OF BIRTH,FOALED,BARN,COVERING SIRE,COVER DATE,CONSIGNOR NAME,SOLD AS CODE,SOLD AS DESCRIPTION,VIRTUAL INSPECTION
Kentucky Winter Mixed (2017),2017-02-06,1,CH,OCEAN SOUND,M,PULPIT,OCEAN QUEEN,ZILZAL,ROMANS RACING & SALES AGENT,OUT,0,,2003-03-06,KENTUCKY,7,SHACKLEFORD,2016-04-11,ROMANS RACING & SALES AGENT,B,,
Kentucky Winter Mixed (2017),2017-02-06,2,DKB,,F,PADDY O'PRADO,OCEAN SOUND,PULPIT,ROMANS RACING & SALES AGENT,NOT SOLD,14000,,2016-02-22,KENTUCKY,7,,,ROMANS RACING & SALES AGENT,Y,,
Kentucky Winter Mixed (2017),2017-02-06,3,DKB,OFFICIALLY,M,OFFICER,SHEPHERD'S MOON,SILVER HAWK,FOUR STAR SALES AGENT,ROBERT GORHAM,5000,,2008-03-18,INDIANA,11,FLAT OUT,2016-03-11,FOUR STAR SALES AGENT,B,,
Kentucky Winter Mixed (2017),2017-02-06,4,DKB,OFF THE BOAT (IRE),F,MORE THAN READY,INDY BLAZE,A.P. INDY,HILL 'N' DALE SALES AGENCY AGENT,ADENA SPRINGS,27000,,2014-04-26,IRE,4,,,HILL 'N' DALE SALES AGENCY AGENT,BP,,
Kentucky Winter Mixed (2017),2017-02-06,5,CH,OKIE BLONDE,M,SERVICE STRIPE,OKIE NICOLE,BLUMIN AFFAIR,VINERY SALES AGENT FOR DISPERSAL OF ROCKIN Z RANCH,BHMFR LLC,10000,,2007-04-09,OKLAHOMA,14,NOTIONAL,2016-05-29,VINERY SALES AGENT FOR DISPERSAL OF ROCKIN Z RANCH,B,,http://www.thorostride.com/horse/fasig-tipton-florida-2018-hip-5
Kentucky Winter Mixed (2017),2017-02-06,6,GRR,,C,PADDY O'PRADO,OKIE BLONDE,SERVICE STRIPE,VINERY SALES AGENT FOR DISPERSAL OF ROCKIN Z RANCH,D LYNN FERRELL,3200,,2016-04-21,OKLAHOMA,14,,,VINERY SALES AGENT FOR DISPERSAL OF ROCKIN Z RANCH,Y,,
Kentucky Winter Mixed (2017),2017-02-06,7,GRR,OLD MOTHER GOOSE,M,SKYWALKER,BANBURY FAIR,OUR MICHAEL,FOUR STAR SALES AGENT,NOT SOLD,1000,,2000-03-11,KENTUCKY,11,,,FOUR STAR SALES AGENT,B,,http://www.thorostride.com/horse/fasig-tipton-florida-2018-hip-7
Kentucky Winter Mixed (2017),2017-02-06,8,B,OMEGA CAT,M,OMEGA CODE,HERECOMESACAT,STORM CREEK,VINERY SALES AGENT FOR DISPERSAL OF ROCKIN Z RANCH,JBB STABLE #2,1000,,2006-03-05,FLORIDA,14,NOTIONAL,2016-05-19,VINERY SALES AGENT FOR DISPERSAL OF ROCKIN Z RANCH,B,,http://www.thorostride.com/horse/fasig-tipton-florida-2018-hip-8
Kentucky Winter Mixed (2017),2017-02-06,9,DKB,OMEYA (CHI),M,MILT'S OVERTURE,ESCANDALOSA (CHI),LITIGATOR,MILL RIDGE SALES AGENT,OUT,0,,2000-11-11,CHI,1,,,MILL RIDGE SALES AGENT,B,,
Kentucky Winter Mixed (2017),2017-02-06,10,DKB,OMI ONE,F,BIG BROWN,MIA'S FIRST,MALABAR GOLD,BLAKE-ALBINA THOROUGHBRED SERVICES LLC AGENT,OUT,0,,2012-03-02,NEW YORK,12,NORMANDY INVASION,2016-03-11,BLAKE-ALBINA THOROUGHBRED SERVICES LLC AGENT,B,,
Kentucky Winter Mixed (2017),2017-02-06,11,CH,OOHLALA,F,HARD SPUN,LITTLE WARRIOR,WOODMAN,PATRICIA CLARK AGENT,RACHAEL R CRUPPER,1000,Y,2012-04-06,NEW YORK,6,,,PATRICIA CLARK AGENT,BP,,
Kentucky Winter Mixed (2017),2017-02-06,12,DKB,OUR CHOCOLATE CHIP,M,KIPLING,APICAL,BELONG TO ME,VINERY SALES AGENT VII,NOT SOLD,18000,,2010-01-15,ILLINOIS,14,WICKED STRONG,2016-04-03,VINERY SALES AGENT VII,B,,
Kentucky Winter Mixed (2017),2017-02-06,13,DKB,OUR MARISOL,M,FUSAICHI PEGASUS,UNKY AND ALLY,HEFF,BONA TERRA STUD LLC AGENT,NOT SOLD,8500,,2012-04-24,KENTUCKY,7,,,BONA TERRA STUD LLC AGENT,RB,,
Kentucky Winter Mixed (2017),2017-02-06,14,B,OUR PROMISE,F,STORMIN FEVER,BRAIDS AND BEADS,CAPOTE,TAYLOR MADE SALES AGENCY AGENT XV,THOMAS CROSS,3000,,2015-04-30,CALIFORNIA,2,,,TAYLOR MADE SALES AGENCY AGENT XV,RA,,
Kentucky Winter Mixed (2017),2017-02-06,15,CH,OURSUGARSHACK,F,SHACKLEFORD,NTOMBI,QUIET AMERICAN,DARBY DAN FARM AGENT III,ARCH BLOODSTOCK LLC AGENT,10000,,2016-01-28,KENTUCKY,15,,,DARBY DAN FARM AGENT III,Y,,http://www.thorostride.com/horse/fasig-tipton-florida-2018-hip-15
Kentucky Winter Mixed (2017),2017-02-06,16,B,CROSS THE DESERT,F,DESERT PARTY,OUTCROSS,KRIS S.,PARAMOUNT SALES AGENT XII,LOGAN JAMES STABLES LLC,9000,,2014-03-08,NEW YORK,5,,,PARAMOUNT SALES AGENT XII,RB,,
Kentucky Winter Mixed (2017),2017-02-06,17,B,,F,WILBURN,OUT OF PRADO,MR. LIVINGSTON,DENALI STUD (CRAIG & HOLLY BANDOROFF) AGENT IV,NOT SOLD,1700,,2016-04-13,KENTUCKY,1,,,DENALI STUD (CRAIG & HOLLY BANDOROFF) AGENT IV,Y,,
Kentucky Winter Mixed (2017),2017-02-06,18,DKB,,F,GOLDENCENTS,PAST DUE,DEVIL HIS DUE,MARSHALL W. SILVERMAN AGENT,OUT,0,,2016-03-10,KENTUCKY,1,,,MARSHALL W. SILVERMAN AGENT,Y,,
Kentucky Winter Mixed (2017),2017-02-06,19,DKB,PATTITUDE,F,CITY ZIP,DANCINANDSINGIN,A.P. INDY,DENALI STUD (CRAIG & HOLLY BANDOROFF) AGENT X,GAINESWAY FARM,50000,,2012-04-15,KENTUCKY,1,,,DENALI STUD (CRAIG & HOLLY BANDOROFF) AGENT X,BP,,
Kentucky Winter Mixed (2017),2017-02-06,20,DKB,PEACH BREW,M,MILWAUKEE BREW,GEORGIA OK,HICKORY RIDGE,VINERY SALES AGENT FOR DISPERSAL OF ROCKIN Z RANCH,DOUG ARNOLD,41000,Y,2006-04-05,OKLAHOMA,14,TEMPLE CITY,2016-05-01,VINERY SALES AGENT FOR DISPERSAL OF ROCKIN Z RANCH,B,,
Kentucky Winter Mixed (2017),2017-02-06,21,DKB,PERFECT ENERGY,M,SIGNAL TAP,VISIONNEUSE,VICE REGENT,MEADOWLARK VALLEY SALES AGENT,OUT,0,,1999-04-13,NEW YORK,7,,,MEADOWLARK VALLEY SALES AGENT,B,,
Kentucky Winter Mixed (2017),2017-02-06,22,CH,PERFECT LEGACY,M,PERFECT SOUL (IRE),AFFIRMED LEGACY,AFFIRMED,TIMBER TOWN (MR. & MRS. T. WAYNE SWEEZEY) AGENT,BARRY K SCHWARTZ,12000,,2009-02-14,KENTUCKY,2,MACLEAN'S MUSIC,2016-03-31,TIMBER TOWN (MR. & MRS. T. WAYNE SWEEZEY) AGENT,B,,
Kentucky Winter Mixed (2017),2017-02-06,23,B,,F,HE'S HAD ENOUGH,PERFECT LOVER,NOT FOR LOVE,STUART MORRIS AGENT IV,OUT,0,,2016-01-24,NEW YORK,4,,,STUART MORRIS AGENT IV,Y,,
Kentucky Winter Mixed (2017),2017-02-06,24,B,,C,LINE OF DAVID,PERFECT PLEASURE,APTITUDE,FORBUSH FARM,NOT SOLD,3500,,2016-03-14,KENTUCKY,6,,,FORBUSH FARM,Y,,
Kentucky Winter Mixed (2017),2017-02-06,25,CH,PERILS OF PAULINE,M,STRAVINSKY,HIDEAWAY HEROINE (IRE),HERNANDO (FR),VINERY SALES AGENT XI,NOT SOLD,24000,,2006-01-28,KENTUCKY,14,QUALITY ROAD,2016-04-07,VINERY SALES AGENT XI,B,,
Kentucky Winter Mixed (2017),2017-02-06,26,DKB,PERMANENT WAVE,M,AWESOME AGAIN,INDIA HALO (ARG),HALO SUNSHINE,TAYLOR MADE SALES AGENCY AGENT XI,OUT,0,,2009-02-28,KENTUCKY,2,BOYS AT TOSCONOVA,2016-06-10,TAYLOR MADE SALES AGENCY AGENT XI,B,,
Kentucky Winter Mixed (2017),2017-02-06,27,DKB,PICCOLO FLATS,M,A. P. WARRIOR,GOLD MUFF,TOUCH GOLD,JAMES M. HERBENER JR. AGENT III,JONATHAN THORNE,10000,,2011-05-15,NEW YORK,7,,,JAMES M. HERBENER JR. AGENT III,BP,,
Kentucky Winter Mixed (2017),2017-02-06,28,B,PLEASANT BLUE SKY,M,PLEASANT TAP,SKY MINISTER,CONQUISTADOR CIELO,BUCK POND FARM (DOUGLAS S. ARNOLD) AGENT,NOT SOLD,14000,,2010-03-26,PENNSYLVANIA,12,,,BUCK POND FARM (DOUGLAS S. ARNOLD) AGENT,BP,,
Kentucky Winter Mixed (2017),2017-02-06,29,B,PLEASUREVILLE MISS,M,CHAPEL ROYAL,DOUBLEYOURPLEASURE,DOUBLE NEGATIVE,JOHN O'MEARA AGENT FOR MILESTONE FARM,WILLOW CREEK FARM,7500,,2009-05-15,KENTUCKY,13,STAY THIRSTY,2016-06-04,JOHN O'MEARA AGENT FOR MILESTONE FARM,B,,
Kentucky Winter Mixed (2017),2017-02-06,30,DKB,POCKET ACES,F,TEMPLE CITY,SHE'S ALL IN,INCLUDE,VINERY SALES AGENT FOR DISPERSAL OF ROCKIN Z RANCH,RML AGENT,20000,,2016-03-01,OKLAHOMA,14,,,VINERY SALES AGENT FOR DISPERSAL OF ROCKIN Z RANCH,Y,,
Kentucky Winter Mixed (2017),2017-02-06,31,DKB,,F,VERRAZANO,POOH CORNER,TAPIT,MEADOWLARK VALLEY SALES AGENT,NOT SOLD,29000,,2016-03-22,KENTUCKY,7,,,MEADOWLARK VALLEY SALES AGENT,Y,,
Kentucky Winter Mixed (2017),2017-02-06,32,B,,C,NORTHERN AFLEET,POST HASTE,MR. GREELEY,TAYLOR MADE SALES AGENCY AGENT II,CLEAR RIDGE STABLES,12000,,2016-04-02,KENTUCKY,2,,,TAYLOR MADE SALES AGENCY AGENT II,Y,,
Kentucky Winter Mixed (2017),2017-02-06,33,B,PRECIOUS AUDREY,F,TRAPPE SHOT,STRIKING FLIGHT,SMART STRIKE,DENALI STUD (CRAIG & HOLLY BANDOROFF) AGENT VI,CHRISTOPHER THOMAS,3000,,2013-02-04,KENTUCKY,1,,,DENALI STUD (CRAIG & HOLLY BANDOROFF) AGENT VI,BP,,
Kentucky Winter Mixed (2017),2017-02-06,34,DKB,PREEMINENT,M,YOUR EMINENCE,SHE'S INDEPENDENT,BEHRENS,ANDREW STRONACH,OLYMPIA STAR INC,2000,,2008-02-17,FLORIDA,13,MUSKETIER,2016-03-20,ANDREW STRONACH,B,,
Kentucky Winter Mixed (2017),2017-02-06,35,B,PRESIDENTIAL PERK,M,PRESIDENTIAL ORDER,PRINCESS ROYALE (AUS),BLETCHINGLY (AUS),FOUR STAR SALES AGENT,GARY W MITCHELL,1000,Y,2001-04-24,INDIANA,11,FLAT OUT,2016-05-04,FOUR STAR SALES AGENT,B,,
Kentucky Winter Mixed (2017),2017-02-06,36,GRR,PRINCESS HILLARY,M,MARIA'S MON,KNOWN FEMINIST,KNOWN FACT,JAMES B. KEOGH (GROVENDALE) AGENT VII,SUNSEAKER STABLE,35000,,2006-04-27,KENTUCKY,15,PAYNTER,2016-03-15,JAMES B. KEOGH (GROVENDALE) AGENT VII,B,,
Kentucky Winter Mixed (2017),2017-02-06,37,B,PRINCESSOFTHENILE,M,PIONEEROF THE NILE,PRINCESS TWO,TWO PUNCH,TAYLOR MADE SALES AGENCY AGENT VII,OUT,0,,2011-03-07,FLORIDA,2,TEMPLE CITY,2016-03-29,TAYLOR MADE SALES AGENCY AGENT VII,B,,
Kentucky Winter Mixed (2017),2017-02-06,38,B,PRINCESS PALOMAR,F,MALIBU MOON,FOUR BEARS,HENNESSY,FOUR STAR SALES AGENT,OUT,0,,2013-02-13,KENTUCKY,11,,,FOUR STAR SALES AGENT,RB,,
Kentucky Winter Mixed (2017),2017-02-06,39,DKB,PROFITRESS,F,BELLAMY ROAD,PREDICTRESS,VICAR,SOUTH POINT SALES AGENCY AGENT,NOT SOLD,9000,,2012-03-29,KENTUCKY,9,,,SOUTH POINT SALES AGENCY AGENT,BP,,
Kentucky Winter Mixed (2017),2017-02-06,40,B,PROUDLY WE HAIL,F,MALIBU MOON,LADY DIGBY,GRAND SLAM,DENALI STUD (CRAIG & HOLLY BANDOROFF) AGENT II,HIDDEN BROOK FARM AGENT,22000,,2012-04-15,KENTUCKY,1,VERRAZANO,2016-05-25,DENALI STUD (CRAIG & HOLLY BANDOROFF) AGENT II,B,,
Kentucky Winter Mixed (2017),2017-02-06,41,CH,,F,MAJESTICPERFECTION,PSYCH,MAZEL TRICK,LEGACY BLOODSTOCK AGENT III,NOT SOLD,19000,,2016-05-13,KENTUCKY,10,,,LEGACY BLOODSTOCK AGENT III,Y,,
Kentucky Winter Mixed (2017),2017-02-06,42,DKB,PURE POLISHED,M,BRAHMS,SHINY PRIZE,PRIZED,FOUR STAR SALES AGENT,NOT SOLD,1700,,2006-04-07,KENTUCKY,11,CAN THE MAN,2016-05-14,FOUR STAR SALES AGENT,B,,
Kentucky Winter Mixed (2017),2017-02-06,43,B,PUTITINMYPOCKET,M,PUT IT BACK,IRISH DROP,WAY WEST (FR),CHAPEL HILL FARM,RICHARD HOGAN AGT/COLEBROOK FARMS,12000,,2010-03-21,FLORIDA,10,PAYNTER,2016-05-05,CHAPEL HILL FARM,B,,
Kentucky Winter Mixed (2017),2017-02-06,44,DKB,PYRITE BOB,M,FORMAL DINNER,BOWER'S WAY,RHINFLO,ANDREW STRONACH,DONNA HARRINGTON,2000,,2004-04-14,OHIO,13,MUSKETIER,2016-03-20,ANDREW STRONACH,B,,
Kentucky Winter Mixed (2017),2017-02-06,45,B,QUEEN RUBY,M,PIONEEROF THE NILE,NASTAR GOLD,VICTORY GALLOP,HEITZLAND FARM LLC AGENT,ALAN TOPAL DVM,5000,,2011-05-10,KENTUCKY,10,MAGICIAN,2016-04-15,HEITZLAND FARM LLC AGENT,B,,
Kentucky Winter Mixed (2017),2017-02-06,46,CH,,F,VIOLENCE,QUEEN'S LADY,STORM CAT,BLAKE-ALBINA THOROUGHBRED SERVICES LLC AGENT,BIG OAK FARMS,1200,,2015-05-05,KENTUCKY,12,,,BLAKE-ALBINA THOROUGHBRED SERVICES LLC AGENT,RB,,
Kentucky Winter Mixed (2017),2017-02-06,47,DKB,,F,REGAL RANSOM,QUESTIONEER,PIONEEROF THE NILE,PINE RIDGE FARM AGENT,OUT,0,,2016-03-11,KENTUCKY,7,,,PINE RIDGE FARM AGENT,Y,,
Kentucky Winter Mixed (2017),2017-02-06,48,B,QUICK AS A WINK,F,BROKEN VOW,WIN WITH A WINK,DIXIELAND BAND,WARRENDALE SALES AGENT FOR LIVE OAK PLANTATION,GLENDALOUGH LLC,9500,,2014-04-24,FLORIDA,3,,,WARRENDALE SALES AGENT FOR LIVE OAK PLANTATION,BP,,
Kentucky Winter Mixed (2017),2017-02-06,49,B,QUITE THE SIS,M,QUIET AMERICAN,OLE' SIS,OLE',SOUTH POINT SALES AGENCY AGENT IX,RHAPSODY FARM,10000,,2010-02-09,KENTUCKY,9,GOLDENCENTS,2016-04-08,SOUTH POINT SALES AGENCY AGENT IX,B,,
Kentucky Winter Mixed (2017),2017-02-06,50,DKB,RAINBOW'S SONG,M,UNBRIDLED'S SONG,RAINBOW PROMISE,KNOWN FACT,HILL 'N' DALE SALES AGENCY AGENT,BARRY K SCHWARTZ,13000,,2005-02-24,KENTUCKY,4,,,HILL 'N' DALE SALES AGENCY AGENT,B,,
Kentucky Winter Mixed (2017),2017-02-06,51,CH,READY AND ALLURING,M,MORE THAN READY,APALACHEE ALLURE,APALACHEE,KAIZEN SALES (RICHARD KENT) AGENT,OUT,0,,2002-05-07,ONTARIO,4,TOWN PRIZE,2016-05-15,KAIZEN SALES (RICHARD KENT) AGENT,B,,
Kentucky Winter Mixed (2017),2017-02-06,52,DKB,READY READY READY,M,MORE THAN READY,CHATTERTOWN,SPEIGHTSTOWN,BLUEWATER SALES LLC AGENT XX,V GAIL RAY,75000,,2012-01-30,KENTUCKY,8,DECLARATION OF WAR,2016-02-13,BLUEWATER SALES LLC AGENT XX,B,,
Kentucky Winter Mixed (2017),2017-02-06,53,B,READY RECALL,F,MORE THAN READY,REMEMBER,FOREST WILDCAT,DENALI STUD (CRAIG & HOLLY BANDOROFF) AGENT XIII,OUT,0,,2013-02-18,KENTUCKY,1,,,DENALI STUD (CRAIG & HOLLY BANDOROFF) AGENT XIII,BP,,
Kentucky Winter Mixed (2017),2017-02-06,54,CH,READY TO RAMBLE,M,GIANT'S CAUSEWAY,READY AND ALLURING,MORE THAN READY,KAIZEN SALES (RICHARD KENT) AGENT,OUT,0,,2009-05-15,ONTARIO,4,,,KAIZEN SALES (RICHARD KENT) AGENT,B,,
Kentucky Winter Mixed (2017),2017-02-06,55,B,,C,HE'S HAD ENOUGH,REBOOTED,MR. GREELEY,WOODFORD THOROUGHBREDS AGENT,NOT SOLD,10000,,2016-02-20,FLORIDA,4,,,WOODFORD THOROUGHBREDS AGENT,Y,,
Kentucky Winter Mixed (2017),2017-02-06,56,B,REDSTART,F,BLAME,ABSOLUTE NECTAR,CARSON CITY,TAYLOR MADE SALES AGENCY AGENT XIV,NOT SOLD,42000,,2012-03-25,OHIO,2,,,TAYLOR MADE SALES AGENCY AGENT XIV,RB,,
Kentucky Winter Mixed (2017),2017-02-06,57,CH,REIGN,M,SPEIGHTSTOWN,ANGELA'S LOVE,NOT FOR LOVE,SOUTH POINT SALES AGENCY AGENT IV,TERRY C LOVINGIER,24000,,2011-02-09,KENTUCKY,9,,,SOUTH POINT SALES AGENCY AGENT IV,BP,,
Kentucky Winter Mixed (2017),2017-02-06,58,GRR,RELAMPAGO AZUL,M,FORESTRY,BODHAVISTA,PASS THE TAB,JAMES B. KEOGH (GROVENDALE) AGENT V,OUT,0,,2007-04-16,KENTUCKY,15,,,JAMES B. KEOGH (GROVENDALE) AGENT V,B,,
Kentucky Winter Mixed (2017),2017-02-06,59,DKB,RENEE Z,F,TIZWAY,GEORGIA OK,HICKORY RIDGE,VINERY SALES AGENT FOR DISPERSAL OF ROCKIN Z RANCH,RML AGENT,19000,,2014-04-25,OKLAHOMA,14,,,VINERY SALES AGENT FOR DISPERSAL OF ROCKIN Z RANCH,RB,,
Kentucky Winter Mixed (2017),2017-02-06,60,B,RESERVATION BLUES,M,INDIAN CHARLIE,GONE FOR CHRISTMAS,GONE WEST,JAMES M. HERBENER JR. AGENT III,RHAPSODY FARM LLC,14000,,2009-04-01,VIRGINIA,7,STRONG MANDATE,2016-04-02,JAMES M. HERBENER JR. AGENT III,B,,
Kentucky Winter Mixed (2017),2017-02-06,61,CH,RICHMOND SPIDER,F,UNION RAGS,SILKY OMEGA,FUSAICHI PEGASUS,HIDDEN BROOK AGENT II,OUT,0,,2014-03-16,KENTUCKY,3,,,HIDDEN BROOK AGENT II,RB,,
Kentucky Winter Mixed (2017),2017-02-06,62,B,,C,GIROLAMO,RIP ROARIN HOLIDAY,HARLAN'S HOLIDAY,VINERY SALES AGENT V,KEITH DICKEY AGENT,4500,,2016-01-31,KENTUCKY,14,,,VINERY SALES AGENT V,Y,,
Kentucky Winter Mixed (2017),2017-02-06,63,DKB,RIVERS TO SAIL,M,CANYON CREEK (IRE),ONCE UPON A KISS,CONQUISTADOR CIELO,MILLFORD FARM (MR. & MRS. ROBERT S. WEST JR.) AGENT II,NOT SOLD,1000,,2002-02-08,ONTARIO,12,,,MILLFORD FARM (MR. & MRS. ROBERT S. WEST JR.) AGENT II,B,,
Kentucky Winter Mixed (2017),2017-02-06,64,DKB,,F,SAN PABLO,ROBIN'S N BEAU'S,BOLD ANTHONY,FOUR STAR SALES AGENT,OUT,0,,2016-05-14,KENTUCKY,11,,,FOUR STAR SALES AGENT,Y,,
Kentucky Winter Mixed (2017),2017-02-06,65,DKB,,F,TWIRLING CANDY,ROCKINWITHHER,EL CORREDOR,MARSHALL W. SILVERMAN AGENT,OUT,0,,2016-05-17,NEW YORK,1,,,MARSHALL W. SILVERMAN AGENT,Y,,
Kentucky Winter Mixed (2017),2017-02-06,66,B,,F,WILBURN,ROMAN CHESTNUT,ROMAN RULER,BILL MURPHY AGENT X,OUT,0,,2016-04-10,KENTUCKY,13,,,BILL MURPHY AGENT X,Y,,
Kentucky Winter Mixed (2017),2017-02-06,67,B,ROSEDALE ARCH,M,ARCH,LOVE COVE,NOT FOR LOVE,HURSTLAND FARM (ALFRED H. NUCKOLS JR.) AGENT,OUT,0,,2011-03-12,KENTUCKY,4,,,HURSTLAND FARM (ALFRED H. NUCKOLS JR.) AGENT,RB,,
Kentucky Winter Mixed (2017),2017-02-06,68,DKB,,F,DESERT PARTY,ROSES FOR THE STAR,NORTH LIGHT (IRE),TAYLOR MADE SALES AGENCY AGENT XI,OUT,0,,2015-03-18,NEW YORK,2,,,TAYLOR MADE SALES AGENCY AGENT XI,RB,,
Kentucky Winter Mixed (2017),2017-02-06,69,GRR,ROSIE O'PRADO,F,PADDY O'PRADO,NASHWAN ROSE (GB),NASHWAN,VINERY SALES AGENT FOR DISPERSAL OF ROCKIN Z RANCH,OUT,0,,2015-03-03,OKLAHOMA,14,,,VINERY SALES AGENT FOR DISPERSAL OF ROCKIN Z RANCH,RB,,
Kentucky Winter Mixed (2017),2017-02-06,70,B,ROUGE,F,QUALITY ROAD,MY CHANEL,GILDED TIME,WARRENDALE SALES AGENT III,OUT,0,,2013-04-09,KENTUCKY,3,DATA LINK,2016-04-26,WARRENDALE SALES AGENT III,B,,
Kentucky Winter Mixed (2017),2017-02-06,71,CH,RUBY ROMA,M,BURNING ROMA,FATAH,LORD AT WAR (ARG),MILLFORD FARM (MR. & MRS. ROBERT S. WEST JR.) AGENT II,NOT SOLD,1000,,2007-05-12,LOUISIANA,12,MONARCHOS,2016-03-08,MILLFORD FARM (MR. & MRS. ROBERT S. WEST JR.) AGENT II,B,,
Kentucky Winter Mixed (2017),2017-02-06,72,GRR,,C,ESKENDEREYA,RUNAWAY SUZANNA,RUNAWAY GROOM,DENALI STUD (CRAIG & HOLLY BANDOROFF) AGENT VII,NOT SOLD,1000,,2016-03-24,KENTUCKY,1,,,DENALI STUD (CRAIG & HOLLY BANDOROFF) AGENT VII,Y,,
Kentucky Winter Mixed (2017),2017-02-06,73,GRR,RUN FOR THE MONEY,M,MONARCHOS,RUNAWAY PRINCESS,RUNAWAY GROOM,ANDREW STRONACH,JONATHAN W MEREDITH,3000,,2010-05-02,KENTUCKY,13,MILWAUKEE BREW,2016-05-07,ANDREW STRONACH,B,,
Kentucky Winter Mixed (2017),2017-02-06,74,B,RUN THE FLAG,M,CHEROKEE RUN,HAIL THE FLAG,DEVIL'S BAG,ANDREW STRONACH,HESTE SPORT INC,5000,Y,2010-03-04,KENTUCKY,13,MUSKETIER,2016-03-30,ANDREW STRONACH,B,,
Kentucky Winter Mixed (2017),2017-02-06,75,DKB,SAHARA TOGA PARTY,F,DESERT PARTY,TRICKY MOVE,TRICKY CREEK,BROOKDALE SALES AGENT,JBB STABLE #2,1000,,2014-03-09,NEW YORK,3,,,BROOKDALE SALES AGENT,BP,,
Kentucky Winter Mixed (2017),2017-02-06,76,DKB,SABLE AND CAVIAR,F,AFLEET ALEX,SABLE STREET,STREET CRY (IRE),JOHN O'MEARA AGENT FOR MILESTONE FARM,NOT SOLD,1500,,2013-01-24,KENTUCKY,13,OVERANALYZE,2016-02-21,JOHN O'MEARA AGENT FOR MILESTONE FARM,B,,
Kentucky Winter Mixed (2017),2017-02-06,77,B,SALAMA,F,DESERT PARTY,DUCHESS MAGGIE,ROYAL ACADEMY,FOUR STAR SALES AGENT,NOT SOLD,24000,,2012-01-31,KENTUCKY,11,,,FOUR STAR SALES AGENT,RB,,
Kentucky Winter Mixed (2017),2017-02-06,78,B,SARASOTA (ARG),M,LUHUK,SANDALS (ARG),SOUTHERN HALO,BLUEWATER SALES LLC AGENT XX,OUT,0,,2000-07-30,ARG,8,CURLIN,2016-03-27,BLUEWATER SALES LLC AGENT XX,B,,
Kentucky Winter Mixed (2017),2017-02-06,79,B,SARATOGA CITIZEN,F,PROUD CITIZEN,FORTUESQUE,FORTUNATE PROSPECT,HIDDEN BROOK AGENT VIII,OUT,0,,2014-02-20,NEW YORK,3,,,HIDDEN BROOK AGENT VIII,BP,,
Kentucky Winter Mixed (2017),2017-02-06,80,B,,F,TIZ WONDERFUL,SASSY LADY ROCKET,RICHTER SCALE,MULHOLLAND FARM AGENT,NOT SOLD,1000,,2015-04-17,ILLINOIS,10,,,MULHOLLAND FARM AGENT,RB,,
Kentucky Winter Mixed (2017),2017-02-06,81,B,SAVANNAH HARBOR,M,ROCKPORT HARBOR,MISTY GINA,FOREST WILDCAT,TAYLOR MADE SALES AGENCY AGENT XI,OUT,0,,2009-03-10,ILLINOIS,2,BOYS AT TOSCONOVA,2016-06-11,TAYLOR MADE SALES AGENCY AGENT XI,B,,
Kentucky Winter Mixed (2017),2017-02-06,82,CH,SAVVY N SPEIGHTFUL,M,SPEIGHTSTOWN,GOODBYE STRANGER,BROAD BRUSH,PARAMOUNT SALES AGENT XIV,HIDDEN BROOK AGENT,7000,,2011-02-15,KENTUCKY,5,MALTESE DOG,2016-04-14,PARAMOUNT SALES AGENT XIV,B,,
Kentucky Winter Mixed (2017),2017-02-06,83,DKB,SCAMMONY,M,TIZ WONDERFUL,SCAMMER,PEMBROKE,HUNTER VALLEY FARM AGENT,XAVIER INT'L BLOODSTOCK AGENT,40000,,2010-03-04,KENTUCKY,7,CROSS TRAFFIC,2016-03-21,HUNTER VALLEY FARM AGENT,B,,
Kentucky Winter Mixed (2017),2017-02-06,84,CH,SCATLADYBDANCING,F,SCAT DADDY,LA VIOLETTE,CORONADO'S QUEST,DARBY DAN FARM AGENT VI,ATHENS WOOD,140000,,2012-04-03,ILLINOIS,15,,,DARBY DAN FARM AGENT VI,BP,,
Kentucky Winter Mixed (2017),2017-02-06,85,CH,SCAT MEANS GO,F,SCAT DADDY,SHENANDOAH VALLEY,PROUD CITIZEN,SOUTH POINT SALES AGENCY AGENT VII,INTERNATIONAL EQUITIES HOLDING,180000,,2012-04-04,KENTUCKY,9,,,SOUTH POINT SALES AGENCY AGENT VII,RB,,
Kentucky Winter Mixed (2017),2017-02-06,86,DKB,SEACRAFT,M,HENRYTHENAVIGATOR,NOCHES DE ROSA (CHI),STAGECRAFT (GB),DENALI STUD (CRAIG & HOLLY BANDOROFF) AGENT VII,NOT SOLD,9500,,2011-04-18,KENTUCKY,1,LIAISON,2016-05-03,DENALI STUD (CRAIG & HOLLY BANDOROFF) AGENT VII,B,,
Kentucky Winter Mixed (2017),2017-02-06,87,B,SECRET TWELVES,F,BORREGO,STRAPLESS,FORESTRY,MILLFORD FARM (MR. & MRS. ROBERT S. WEST JR.) AGENT II,NOT SOLD,1000,,2012-03-12,KENTUCKY,12,,,MILLFORD FARM (MR. & MRS. ROBERT S. WEST JR.) AGENT II,BP,,
Kentucky Winter Mixed (2017),2017-02-06,88,DKB,SENECA DESTINY,M,SENECA JONES,DIXIE'S DESTINY,DIXIELAND BAND,TAYLOR MADE SALES AGENCY AGENT XIII,ZIVO LTD,20000,Y,2011-01-20,TEXAS,2,,,TAYLOR MADE SALES AGENCY AGENT XIII,BP,,
Kentucky Winter Mixed (2017),2017-02-06,89,DKB,SENSEU'VBEENGONE,F,STREET SENSE,DAISY MOUNTAIN,PHONE TRICK,BRANDYWINE FARM (JIM & PAM ROBINSON) AGENT,OUT,0,,2013-05-03,KENTUCKY,12,,,BRANDYWINE FARM (JIM & PAM ROBINSON) AGENT,BP,,
Kentucky Winter Mixed (2017),2017-02-06,90,CH,SHAKE N QUAKE,M,RICHTER SCALE,PROSPECT'S DREAM,FORTUNATE PROSPECT,OAK LODGE BLOODSTOCK AGENT II,OUT,0,,2007-02-12,ILLINOIS,9,STROLL,2016-05-02,OAK LODGE BLOODSTOCK AGENT II,B,,
Kentucky Winter Mixed (2017),2017-02-06,91,DKB,,F,TEMPLE CITY,SHAMOISELLE,DONERAILE COURT,VINERY SALES AGENT II,NOT SOLD,5700,,2016-02-01,KENTUCKY,14,,,VINERY SALES AGENT II,Y,,
Kentucky Winter Mixed (2017),2017-02-06,92,CH,SHANGHAI BEAUTY,F,MUNNINGS,MISS UTADA,RAHY,JAMES M. HERBENER JR. AGENT VI,MCCAULEY FARM,14000,,2013-05-09,KENTUCKY,7,,,JAMES M. HERBENER JR. AGENT VI,BP,,
Kentucky Winter Mixed (2017),2017-02-06,93,CH,SHARP SALLY,M,POSSE,LEMON HAZE,DISTANT VIEW,FOUR STAR SALES AGENT,DOUGLAS S ARNOLD,24000,,2009-05-04,KENTUCKY,11,FLAT OUT,2016-05-31,FOUR STAR SALES AGENT,B,,
Kentucky Winter Mixed (2017),2017-02-06,94,B,,F,HE'S HAD ENOUGH,SHAUNAVON,EL PRADO (IRE),STUART MORRIS AGENT IV,OUT,0,,2016-03-21,NEW YORK,4,,,STUART MORRIS AGENT IV,Y,,
Kentucky Winter Mixed (2017),2017-02-06,95,B,SHELTOWEE'S AMOR,F,SKY MESA,RUNAWAY IN LOVE,RUNAWAY GROOM,SHELTOWEE SALES AGENT,OUT,0,,2014-03-01,KENTUCKY,6,,,SHELTOWEE SALES AGENT,RB,,
Kentucky Winter Mixed (2017),2017-02-06,96,DKB,SHE'S ALL IN,M,INCLUDE,GEORGIA OK,HICKORY RIDGE,VINERY SALES AGENT FOR DISPERSAL OF ROCKIN Z RANCH,RML AGENT,325000,,2007-04-26,OKLAHOMA,14,MAGNA GRADUATE,2016-04-17,VINERY SALES AGENT FOR DISPERSAL OF ROCKIN Z RANCH,B,,
Kentucky Winter Mixed (2017),2017-02-06,97,B,SHE'S EXCITED,F,EXHI,LADY GLACKEN,SMOKE GLACKEN,BLAKE-ALBINA THOROUGHBRED SERVICES LLC AGENT,NOT SOLD,1000,,2014-02-11,AB,12,,,BLAKE-ALBINA THOROUGHBRED SERVICES LLC AGENT,RB,,
Kentucky Winter Mixed (2017),2017-02-06,98,B,,F,JERSEY TOWN,SHE'S SCRUMPY,SQUADRON LEADER,BLUEWATER SALES LLC AGENT V,NOT SOLD,7200,,2016-03-06,KENTUCKY,8,,,BLUEWATER SALES LLC AGENT V,Y,,
Kentucky Winter Mixed (2017),2017-02-06,99,GRR,SHOCKING BEHAVIOR,M,EL PRADO (IRE),PEACHTREE CITY,CARSON CITY,BLAKE-ALBINA THOROUGHBRED SERVICES LLC AGENT,OUT,0,,2008-04-12,KENTUCKY,12,MICROMANAGE,2016-03-16,BLAKE-ALBINA THOROUGHBRED SERVICES LLC AGENT,B,,
Kentucky Winter Mixed (2017),2017-02-06,100,B,SHOOP,F,UNCLE MO,DANCE FOR DIXIE,UNACCOUNTED FOR,SHAWHAN PLACE LLC AGENT,STONEGATE STABLES LLC,19000,Y,2014-04-23,KENTUCKY,3,,,SHAWHAN PLACE LLC AGENT,RB,,
Kentucky Winter Mixed (2017),2017-02-06,101,DKB,,F,ITSMYLUCKYDAY,SIGOURNEY,SUCCESSFUL APPEAL,BUCKLAND SALES (ZACH MADDEN) AGENT,THT BLOODSTOCK AGENT,17000,Y,2016-04-16,KENTUCKY,10,,,BUCKLAND SALES (ZACH MADDEN) AGENT,Y,,
Kentucky Winter Mixed (2017),2017-02-06,102,DKB,SILVER REINA,F,MAJESTIC WARRIOR,SILVER IMPULSE,SILVER CHARM,VINERY SALES AGENT FOR DISPERSAL OF ROCKIN Z RANCH,RUSTY ROBERTS AGENT,1000,,2013-04-25,OKLAHOMA,14,,,VINERY SALES AGENT FOR DISPERSAL OF ROCKIN Z RANCH,RB,,
Kentucky Winter Mixed (2017),2017-02-06,103,DKB,,F,TIZWAY,SILVER VALLEY,SILVER TRAIN,DARBY DAN FARM AGENT VIII,RUSSELL WELCH,2000,,2016-02-24,KENTUCKY,15,,,DARBY DAN FARM AGENT VIII,Y,,
Kentucky Winter Mixed (2017),2017-02-06,104,B,SINGING DOE,M,RUNNING STAG,FACTS OF WINNING,KNOWN FACT,PARAMOUNT SALES AGENT II,HIDDEN LAKE FARM,35000,Y,2004-03-05,FLORIDA,5,VERRAZANO,2016-05-07,PARAMOUNT SALES AGENT II,B,,
Kentucky Winter Mixed (2017),2017-02-06,105,B,SISTER OF MERCY (IRE),F,AZAMOUR (IRE),GREEN TAMBOURINE (GB),GREEN DESERT,OAK LODGE BLOODSTOCK AGENT I,THOMAS CROSS,3500,,2012-02-28,IRE,9,TEMPLE CITY,2016-05-21,OAK LODGE BLOODSTOCK AGENT I,B,,
Kentucky Winter Mixed (2017),2017-02-06,106,DKB,SIX ROADS,M,MARCHFIELD,ASK THE QUESTION,SILVER DEPUTY,HILL 'N' DALE SALES AGENCY AGENT,NOT SOLD,10000,,2012-03-28,ONTARIO,4,ENGLISH CHANNEL,2016-03-13,HILL 'N' DALE SALES AGENCY AGENT,B,,
Kentucky Winter Mixed (2017),2017-02-06,107,CH,,F,GIANT OAK,SKINDY,SKIP AWAY,MAINE CHANCE FARM (UNIVERSITY OF KENTUCKY),D MIKE CAMPBELL,1000,,2016-04-09,KENTUCKY,13,,,MAINE CHANCE FARM (UNIVERSITY OF KENTUCKY),Y,,
Kentucky Winter Mixed (2017),2017-02-06,108,B,SKY GEM,M,WAR CHANT,SAPPHIRE SKY,SKY MESA,PAUL TACKETT AGENT,NOT SOLD,14000,,2012-01-31,KENTUCKY,9,,,PAUL TACKETT AGENT,BP,,
Kentucky Winter Mixed (2017),2017-02-06,109,B,SLAM CHOWDER,F,GRAND SLAM,KID SOUP,ALPHABET SOUP,BUCK POND FARM (DOUGLAS S. ARNOLD) AGENT,OUT,0,,2012-03-24,NEW YORK,12,,,BUCK POND FARM (DOUGLAS S. ARNOLD) AGENT,RB,,
Kentucky Winter Mixed (2017),2017-02-06,110,CH,SLY RIDE,F,GOOD JOURNEY,WILD N SLY,ARCH,TAYLOR MADE SALES AGENCY AGENT XV,NOT SOLD,1000,,2015-02-24,CALIFORNIA,2,,,TAYLOR MADE SALES AGENCY AGENT XV,RB,,
Kentucky Winter Mixed (2017),2017-02-06,111,DKB,,C,ATREIDES,SMART INDEED,SMART STRIKE,SELECT SALES AGENT II,OUT,0,,2016-03-10,KENTUCKY,6,,,SELECT SALES AGENT II,Y,,
Kentucky Winter Mixed (2017),2017-02-06,112,B,SNEAKY FAIR,F,ELUSIVE QUALITY,YDILLIQUE (IRE),SADLER'S WELLS,DENALI STUD (CRAIG & HOLLY BANDOROFF) AGENT V,OUT,0,,2013-04-06,KENTUCKY,1,,,DENALI STUD (CRAIG & HOLLY BANDOROFF) AGENT V,RB,,
Kentucky Winter Mixed (2017),2017-02-06,113,DKB,SOLDIER'S ANGEL,M,LOST SOLDIER,ESKIMO'S ANGEL,ESKIMO,MILLFORD FARM (MR. & MRS. ROBERT S. WEST JR.) AGENT II,NOT SOLD,1000,,2000-02-12,FLORIDA,12,RED ROCKS (IRE),2016-03-08,MILLFORD FARM (MR. & MRS. ROBERT S. WEST JR.) AGENT II,B,,
Kentucky Winter Mixed (2017),2017-02-06,114,GRR,,C,PADDY O'PRADO,SOLO LADY,ST. JOVITE,STEPPING STONE FARM,NOT SOLD,1000,,2016-04-06,KENTUCKY,8,,,STEPPING STONE FARM,Y,,
Kentucky Winter Mixed (2017),2017-02-06,115,CH,SONIC ECHO,F,THUNDER GULCH,UNBRIDLED ECHO,UNBRIDLED'S SONG,BLUEWATER SALES LLC AGENT III,OUT,0,,2012-03-20,INDIANA,8,,,BLUEWATER SALES LLC AGENT III,RB,,
Kentucky Winter Mixed (2017),2017-02-06,116,CH,SOOKIE,M,CURLIN,ISLAND ESCAPE,PETIONVILLE,SHAWHAN PLACE LLC AGENT IV,GREY FLIGHT,12000,,2011-02-28,PENNSYLVANIA,3,,,SHAWHAN PLACE LLC AGENT IV,BP,,
Kentucky Winter Mixed (2017),2017-02-06,117,B,SOUNDS FRIENDLY,M,FRIENDS LAKE,TRY A GATOR GIRL,COPELAN,ST GEORGE SALES AGENT,OUT,0,,2008-03-04,KENTUCKY,8,CAIRO PRINCE,2016-04-20,ST GEORGE SALES AGENT,B,,
Kentucky Winter Mixed (2017),2017-02-06,118,B,SOUTHERNBELLESHELL,M,MONARCHOS,IVOR'S SONNET,BATES MOTEL,ANDREW STRONACH,JENNIFER & BYRON SCHUNK,3000,,2011-04-25,KENTUCKY,13,MILWAUKEE BREW,2016-05-08,ANDREW STRONACH,B,,
Kentucky Winter Mixed (2017),2017-02-06,119,DKB,SPARKLES GOLD BAND,M,DIXIELAND BAND,SOCIETY COLUMN,SEEKING THE GOLD,SHAWHAN PLACE LLC AGENT III,OUT,0,,2007-03-18,KENTUCKY,3,PALACE,2016-02-20,SHAWHAN PLACE LLC AGENT III,B,,
Kentucky Winter Mixed (2017),2017-02-06,120,DKB,SPEAK ELOISE,M,SPEAK,URJWAN,SEATTLE SLEW,VINERY SALES AGENT FOR DISPERSAL OF ROCKIN Z RANCH,NOT SOLD,1000,,2006-05-07,OKLAHOMA,14,CAN THE MAN,2016-05-09,VINERY SALES AGENT FOR DISPERSAL OF ROCKIN Z RANCH,B,,
Kentucky Winter Mixed (2017),2017-02-06,121,CH,SPECTACULAR SKY,M,SKY MESA,LA PRINCESSE JOLIE,BOONE'S MILL,BLUEWATER SALES LLC AGENT I,OUT,0,,2008-03-16,KENTUCKY,8,UNION RAGS,2016-05-09,BLUEWATER SALES LLC AGENT I,B,,
Kentucky Winter Mixed (2017),2017-02-06,122,GRR,,F,CURLIN,SPOKEN SOFTLY,NOTEBOOK,BLAKE-ALBINA THOROUGHBRED SERVICES LLC AGENT,NOT SOLD,95000,,2016-02-10,NEW YORK,12,,,BLAKE-ALBINA THOROUGHBRED SERVICES LLC AGENT,Y,,
Kentucky Winter Mixed (2017),2017-02-06,123,DKB,STAR DYNASTY,F,MIDNIGHT LUTE,GALWAY LASS,VICTORY GALLOP,MOONESTONE SALES AGENT,NOT SOLD,7000,,2012-03-15,INDIANA,12,,,MOONESTONE SALES AGENT,BP,,
Kentucky Winter Mixed (2017),2017-02-06,124,CH,STAR FORTY NINE,M,LUHUK,STAR ACCOUNT,PRIVATE ACCOUNT,FOUR STAR SALES AGENT,OUT,0,,2004-04-30,KENTUCKY,11,SAN PABLO,2016-05-11,FOUR STAR SALES AGENT,B,,
Kentucky Winter Mixed (2017),2017-02-06,125,B,,C,SAN PABLO,STAR FORTY NINE,LUHUK,FOUR STAR SALES AGENT,NOT SOLD,1000,,2016-04-18,KENTUCKY,11,,,FOUR STAR SALES AGENT,Y,,
Kentucky Winter Mixed (2017),2017-02-06,126,CH,STARSHIP COURAGE,M,LION HEART,STORMY DIVORCE,STORM BIRD,BROOKDALE SALES AGENT FOR MOCKINGBIRD FARM,JIM TERDIK,2500,,2009-02-24,KENTUCKY,3,,,BROOKDALE SALES AGENT FOR MOCKINGBIRD FARM,B,,
Kentucky Winter Mixed (2017),2017-02-06,127,DKB,,F,STAY THIRSTY,STEALIN' CANDY,CANDY RIDE (ARG),BILL MURPHY AGENT I,OUT,0,,2016-03-21,KENTUCKY,13,,,BILL MURPHY AGENT I,Y,,
Kentucky Winter Mixed (2017),2017-02-06,128,CH,,C,HAYNESFIELD,STORMY BLISS,THUNDER GULCH,ST GEORGE SALES AGENT,KEVIN ANNEE,1000,,2016-03-25,KENTUCKY,8,,,ST GEORGE SALES AGENT,Y,,
Kentucky Winter Mixed (2017),2017-02-06,129,B,,F,DECLARATION OF WAR,STORMY TAK,STORMY ATLANTIC,TAYLOR MADE SALES AGENCY AGENT VIII,AMY N MOORE,25000,,2016-03-31,FLORIDA,2,,,TAYLOR MADE SALES AGENCY AGENT VIII,Y,,
Kentucky Winter Mixed (2017),2017-02-06,130,B,STORY LINE,F,JUMP START,TAANIS,DAYJUR,SOUTH POINT SALES AGENCY AGENT V,ROCKBRIDGE BLOODSTOCK,2000,,2012-05-12,PENNSYLVANIA,9,,,SOUTH POINT SALES AGENCY AGENT V,BP,,
Kentucky Winter Mixed (2017),2017-02-06,131,CH,STREET BLUSH,M,STREET BOSS,TIME LOST,GILDED TIME,HUNTER VALLEY FARM AGENT,JAY GOODWIN AGT/RONALD WEBB,10000,,2011-04-18,KENTUCKY,7,CROSS TRAFFIC,2016-04-24,HUNTER VALLEY FARM AGENT,B,,
Kentucky Winter Mixed (2017),2017-02-06,132,B,STUPEFACTION,M,ELUSIVE QUALITY,HALFCAUSE,GIANT'S CAUSEWAY,HILL 'N' DALE SALES AGENCY AGENT,OLYMPIA STAR INC,2500,,2013-02-04,KENTUCKY,4,ATREIDES,2016-04-22,HILL 'N' DALE SALES AGENCY AGENT,B,,
Kentucky Winter Mixed (2017),2017-02-06,133,CH,,C,MAJESTICPERFECTION,SUCHAPRETTYGIRL,MAZEL TRICK,SELECT SALES AGENT XI,SOUTHERN OAK FARM,7000,,2016-02-19,KENTUCKY,6,,,SELECT SALES AGENT XI,Y,,
Kentucky Winter Mixed (2017),2017-02-06,134,B,,C,INTO MISCHIEF,SKYGUSTY,SKYWALKER,WARRENDALE SALES AGENT IX,COUGAR RIDGE STABLES,105000,,2016-04-30,KENTUCKY,3,,,WARRENDALE SALES AGENT IX,Y,,
Kentucky Winter Mixed (2017),2017-02-06,135,DKB,SUPER SAVVY,F,SUPER SAVER,DON'T FORGET GIL,KAFWAIN,FOUR STAR SALES AGENT,OUT,0,,2012-03-12,NEW YORK,11,TIZNOW,2016-04-15,FOUR STAR SALES AGENT,B,,
Kentucky Winter Mixed (2017),2017-02-06,136,DKB,SUPERTUNIA,M,WAR CHANT,HELIOTROPE,NORTHERN SCORE,FOUR STAR SALES AGENT,NOT SOLD,4700,,2007-04-13,ONTARIO,11,FLAT OUT,2016-05-22,FOUR STAR SALES AGENT,B,,
Kentucky Winter Mixed (2017),2017-02-06,137,CH,SUPER WYATT,C,MAJESTICPERFECTION,ELUSIVE TARA,ELUSIVE QUALITY,BLAKE-ALBINA THOROUGHBRED SERVICES LLC AGENT,OUT,0,,2016-05-04,KENTUCKY,12,,,BLAKE-ALBINA THOROUGHBRED SERVICES LLC AGENT,Y,,
Kentucky Winter Mixed (2017),2017-02-06,138,B,SUSHI FOR NOAH,M,FORMAL DINNER,SPORTS WIDOW,FIT TO FIGHT,MILLFORD FARM (MR. & MRS. ROBERT S. WEST JR.) AGENT II,THOMAS CROSS,2000,,1998-04-05,FLORIDA,12,MIDNIGHT LUTE,2016-02-16,MILLFORD FARM (MR. & MRS. ROBERT S. WEST JR.) AGENT II,B,,
Kentucky Winter Mixed (2017),2017-02-06,139,B,SWEET AND FUZZY,F,CANDY RIDE (ARG),FUZZY BRITCHES,POLLARD'S VISION,SHAWHAN PLACE LLC AGENT IV,NOT SOLD,5500,,2012-02-13,KENTUCKY,3,,,SHAWHAN PLACE LLC AGENT IV,BP,,
Kentucky Winter Mixed (2017),2017-02-06,140,B,,C,MACLEAN'S MUSIC,SWEET PROBLEM,IS IT TRUE,JAMES M. HERBENER JR. AGENT IV,EAST HICKMAN BLOODSTOCK,85000,,2016-03-25,KENTUCKY,7,,,JAMES M. HERBENER JR. AGENT IV,Y,,
Kentucky Winter Mixed (2017),2017-02-06,141,DKB,SWEET QUEEN,F,TWIRLING CANDY,KIAWAH QUEEN,LORD AT WAR (ARG),PARAMOUNT SALES AGENT XVII,RICHARD KASTER,15000,Y,2013-03-20,KENTUCKY,5,,,PARAMOUNT SALES AGENT XVII,RB,,
Kentucky Winter Mixed (2017),2017-02-06,142,DKB,,F,VIOLENCE,SWEET SIZZLE,DISTORTED HUMOR,TAYLOR MADE SALES AGENCY AGENT XXI,AMY N MOORE,20000,,2016-02-01,KENTUCKY,2,,,TAYLOR MADE SALES AGENCY AGENT XXI,Y,,
Kentucky Winter Mixed (2017),2017-02-06,143,B,SWEET TART,M,LEMON DROP KID,WILLA JOE (IRE),EL GRAN SENOR,LEGACY BLOODSTOCK AGENT I,OUT,0,,2004-03-23,KENTUCKY,10,OVERANALYZE,2016-06-05,LEGACY BLOODSTOCK AGENT I,B,,
Kentucky Winter Mixed (2017),2017-02-06,144,DKB,SYDNEY FREEMAN,F,TIZWAY,PEACH BREW,MILWAUKEE BREW,VINERY SALES AGENT FOR DISPERSAL OF ROCKIN Z RANCH,OUT,0,,2015-04-09,OKLAHOMA,14,,,VINERY SALES AGENT FOR DISPERSAL OF ROCKIN Z RANCH,RB,,
Kentucky Winter Mixed (2017),2017-02-06,145,B,,C,AFLEET ALEX,TACTICAL PLAY,TACTICAL CAT,MILLFORD FARM (MR. & MRS. ROBERT S. WEST JR.) AGENT II,NOT SOLD,1000,,2016-05-10,KENTUCKY,12,,,MILLFORD FARM (MR. & MRS. ROBERT S. WEST JR.) AGENT II,Y,,
Kentucky Winter Mixed (2017),2017-02-06,146,DKB,TACTICAL PLAY,M,TACTICAL CAT,PROUD PLAYMAKER,DEHERE,MILLFORD FARM (MR. & MRS. ROBERT S. WEST JR.) AGENT II,NOT SOLD,1000,,2003-02-17,PENNSYLVANIA,12,,,MILLFORD FARM (MR. & MRS. ROBERT S. WEST JR.) AGENT II,B,,
Kentucky Winter Mixed (2017),2017-02-06,147,DKB,TALE OF THE FOX,M,TALE OF THE CAT,FOXY CONNECTION,PHONE TRICK,POPE MCLEAN (CRESTWOOD FARM) AGENT,I LEE LANGE,3000,,2004-03-22,ONTARIO,5,JACK MILTON,2016-06-01,POPE MCLEAN (CRESTWOOD FARM) AGENT,B,,
Kentucky Winter Mixed (2017),2017-02-06,148,CH,TAPIT HOME,F,TAPIT,GRAND PORTEGE,GRAND SLAM,TIMBER TOWN (MR. & MRS. T. WAYNE SWEEZEY) AGENT,OUT,0,,2012-04-27,KENTUCKY,2,VERRAZANO,2016-05-08,TIMBER TOWN (MR. & MRS. T. WAYNE SWEEZEY) AGENT,B,,
Kentucky Winter Mixed (2017),2017-02-06,149,CH,TAPIT 'N GO,M,TAPIT,STAID,SUCCESSFUL APPEAL,PERRONE SALES LTD. AGENT,NOT SOLD,24000,,2010-01-31,FLORIDA,9,GEMOLOGIST,2016-04-19,PERRONE SALES LTD. AGENT,B,,
Kentucky Winter Mixed (2017),2017-02-06,150,DKB,TAP STEP,F,STROLL,COUNT TO SIX,SARATOGA SIX,WARRENDALE SALES AGENT III,OUT,0,,2014-03-07,KENTUCKY,3,,,WARRENDALE SALES AGENT III,RB,,
Kentucky Winter Mixed (2017),2017-02-06,151,B,TARA BROOCH,M,MONTBROOK,HARTWELL'S GIFT,CLEVER TRICK,PARAMOUNT SALES AGENT XVIII,RALPH COLVILLE,2000,,2004-03-13,FLORIDA,5,SECRET CIRCLE,2016-03-07,PARAMOUNT SALES AGENT XVIII,B,,
Kentucky Winter Mixed (2017),2017-02-06,152,B,,F,YES IT'S TRUE,TARA BROOCH,MONTBROOK,PARAMOUNT SALES AGENT XVIII,OUT,0,,2016-02-21,KENTUCKY,5,,,PARAMOUNT SALES AGENT XVIII,Y,,
Kentucky Winter Mixed (2017),2017-02-06,153,DKB,,F,CAIRO PRINCE,TART'S KNICKERS,GHOSTZAPPER,ST GEORGE SALES AGENT,AUSTIN & BRENDA PAUL,90000,,2016-04-16,KENTUCKY,8,,,ST GEORGE SALES AGENT,Y,,
Kentucky Winter Mixed (2017),2017-02-06,154,CH,,C,GOLDENCENTS,TATOU,EL CORREDOR,STUART MORRIS AGENT I,OUT,0,,2016-05-07,KENTUCKY,4,,,STUART MORRIS AGENT I,Y,,
Kentucky Winter Mixed (2017),2017-02-06,155,DKB,TAXY LADY,F,BELLAMY ROAD,MAGICAL MIST,CONGAREE,SOUTH POINT SALES AGENCY AGENT VI,GINGER BROOKS RACING,20000,,2012-04-15,FLORIDA,9,GEMOLOGIST,2016-03-25,SOUTH POINT SALES AGENCY AGENT VI,B,,
Kentucky Winter Mixed (2017),2017-02-06,156,B,,F,ARTIE SCHILLER,TAYRONA,A. P. WARRIOR,DENALI STUD (CRAIG & HOLLY BANDOROFF) AGENT VII,SANFORD STABLES,15000,,2016-01-22,KENTUCKY,1,,,DENALI STUD (CRAIG & HOLLY BANDOROFF) AGENT VII,Y,,
Kentucky Winter Mixed (2017),2017-02-06,157,GRR,,C,THE FACTOR,TAZARINE,CAT THIEF,STUART MORRIS AGENT VI,BLUE SKY STABLES,135000,,2016-03-22,KENTUCKY,4,,,STUART MORRIS AGENT VI,Y,,
Kentucky Winter Mixed (2017),2017-02-06,158,DKB,T C B KIWI'S,F,AFLEET ALEX,DIVINE CAT,TALE OF THE CAT,MOONESTONE SALES AGENT,NOT SOLD,7700,,2012-01-26,KENTUCKY,12,,,MOONESTONE SALES AGENT,BP,,
Kentucky Winter Mixed (2017),2017-02-06,159,DKB,TEA FOR TWO,F,VALID EXPECTATIONS,BRIDAL TEA,GULCH,PARAMOUNT SALES AGENT XIII,MARE MADNESS I,125000,,2012-04-27,TEXAS,5,HONOR CODE,2016-06-14,PARAMOUNT SALES AGENT XIII,B,,
Kentucky Winter Mixed (2017),2017-02-06,160,DKB,TEMPLE OF HEAVEN,C,TEMPLE CITY,KISS THE QUEEN,CHIEF SEATTLE,SELECT SALES AGENT VI,MICHAEL O'QUINN AGENT FOR RICK BENTON,32000,,2016-04-23,KENTUCKY,6,,,SELECT SALES AGENT VI,Y,,
Kentucky Winter Mixed (2017),2017-02-06,161,CH,,F,ALBERTUS MAXIMUS,TEQUILAS FIRST,ASTRO,BLUEWATER SALES LLC AGENT VII,SPAN INVESTMENTS,9000,,2016-04-27,KENTUCKY,8,,,BLUEWATER SALES LLC AGENT VII,Y,,
Kentucky Winter Mixed (2017),2017-02-06,162,GRR,TERRI'S PASS,M,WAR PASS,THROBBIN' HEART,SMOKE GLACKEN,SHAWHAN PLACE LLC AGENT,JAMES & JANEANE EVERATT,6000,Y,2010-01-19,KENTUCKY,3,,,SHAWHAN PLACE LLC AGENT,BP,,
Kentucky Winter Mixed (2017),2017-02-06,163,B,THIRSTY LADY,F,STAY THIRSTY,FLASHY FROLIC,PREMIERSHIP,TAYLOR MADE SALES AGENCY AGENT XIX,MCCAULEY FARM,45000,,2014-03-26,KENTUCKY,2,,,TAYLOR MADE SALES AGENCY AGENT XIX,RB,,
Kentucky Winter Mixed (2017),2017-02-06,164,DKB,,C,DIALED IN,TILLIE THE HUNN,MATCHLITE,POPE MCLEAN (CRESTWOOD FARM) AGENT I,JOCKEY CLUB FARM,15000,,2016-03-06,OHIO,5,,,POPE MCLEAN (CRESTWOOD FARM) AGENT I,Y,,
Kentucky Winter Mixed (2017),2017-02-06,165,DKB,TIZACITY,F,TIZWAY,VINDY CITY,VINDICATION,TIMBER TOWN (MR. & MRS. T. WAYNE SWEEZEY) AGENT,MATTHEW LYONS,5000,Y,2013-01-19,FLORIDA,2,,,TIMBER TOWN (MR. & MRS. T. WAYNE SWEEZEY) AGENT,BP,,
Kentucky Winter Mixed (2017),2017-02-06,166,B,TIZ DREAMY,M,TIZNOW,DREAMS,SILVER HAWK,VINERY SALES AGENT IV,CASUAL RUN FARM,6000,,2011-04-03,ONTARIO,14,PADDY O'PRADO,2016-02-22,VINERY SALES AGENT IV,B,,
Kentucky Winter Mixed (2017),2017-02-06,167,GRR,,F,SAN PABLO,TRIMMED IN BLACK,SILVER GHOST,FOUR STAR SALES AGENT,LADY OLIVIA AT NORTH CLIFF LLC,6500,,2016-05-04,KENTUCKY,11,,,FOUR STAR SALES AGENT,Y,,
Kentucky Winter Mixed (2017),2017-02-06,168,B,TROPIC OF AQUARIUS,M,GHOSTZAPPER,WILZADA,MEADOWLAKE,MEADOWLARK VALLEY SALES AGENT,HEDBERG HALL INC.,2500,,2007-01-14,KENTUCKY,7,,,MEADOWLARK VALLEY SALES AGENT,B,,
Kentucky Winter Mixed (2017),2017-02-06,169,B,TRUELLADEVILLE,M,YES IT'S TRUE,DEVIL'S BRIDE,DEVIL'S BAG,BACCARI BLOODSTOCK LLC AGENT I,OUT,0,,2009-02-05,ONTARIO,1,SKY KINGDOM,2016-02-23,BACCARI BLOODSTOCK LLC AGENT I,B,,
Kentucky Winter Mixed (2017),2017-02-06,170,CH,,F,DIALED IN,TRUE TEAR DROPS,IS IT TRUE,MAINE CHANCE FARM (UNIVERSITY OF KENTUCKY),HARRY WEISLEDER,15000,,2016-04-23,KENTUCKY,13,,,MAINE CHANCE FARM (UNIVERSITY OF KENTUCKY),Y,,
Kentucky Winter Mixed (2017),2017-02-06,171,B,TUMMY TUCK,M,STRAIGHT LINE,LOVE HANDLES,SAHM,JANICE ELY,NOT SOLD,1000,,2011-02-22,ILLINOIS,10,,,JANICE ELY,BP,,
Kentucky Winter Mixed (2017),2017-02-06,172,DKB,,C,TIZWAY,TWILIGHT VALLEY,FOREST CAMP,BLUEWATER SALES LLC AGENT FOR SUSAN L. ANDERSON RACING LLC,FIRST FINDS,19000,,2016-04-05,OHIO,8,,,BLUEWATER SALES LLC AGENT FOR SUSAN L. ANDERSON RACING LLC,Y,,
Kentucky Winter Mixed (2017),2017-02-06,173,DKB,TWIRLING PRINCESS,F,LEROIDESANIMAUX (BRZ),TWIRL,DARN THAT ALARM,DARBY DAN FARM AGENT,NOT SOLD,1000,,2013-02-20,FLORIDA,15,,,DARBY DAN FARM AGENT,BP,,
Kentucky Winter Mixed (2017),2017-02-06,174,CH,TWISTED PURPOSE,M,HARD SPUN,GEN CORP PURPOSES,BEAU GENIUS,WATERSHED BLOODSTOCK LLC,JUSTINE HOWELL,2500,,2010-03-25,KENTUCKY,12,SIDNEY'S CANDY,2016-04-05,WATERSHED BLOODSTOCK LLC,B,,
Kentucky Winter Mixed (2017),2017-02-06,175,CH,UNDERTHEINFLUENCE,M,INDY WIND,PRETTYATTHETABLE,POINT GIVEN,SOUTH POINT SALES AGENCY AGENT IX,NOT SOLD,2700,,2011-04-25,FLORIDA,9,JIMMY CREED,2016-04-30,SOUTH POINT SALES AGENCY AGENT IX,B,,
Kentucky Winter Mixed (2017),2017-02-06,176,B,UNFORGETTABLE MARK (IRE),F,ACCLAMATION (GB),AFFIRMATIVE (GB),PIVOTAL (GB),DARBY DAN FARM AGENT VI,BOWLING BLOODSTOCK,2000,,2012-02-01,IRE,15,,,DARBY DAN FARM AGENT VI,B,,
Kentucky Winter Mixed (2017),2017-02-06,177,B,UP THE STREET,M,STREET CRY (IRE),IMPERIAL GESTURE,LANGFUHR,FOUR STAR SALES AGENT,OUT,0,,2009-01-15,KENTUCKY,11,,,FOUR STAR SALES AGENT,B,,
Kentucky Winter Mixed (2017),2017-02-06,178,B,VALENTINE'S REWARD,F,WARRIOR'S REWARD,ARE YOU KIDDING,DEMALOOT DEMASHOOT,JOHN O'MEARA AGENT FOR MILESTONE FARM,MCMAHON & HILL BLDSTOCK AGENT,8000,,2012-02-14,KENTUCKY,13,PALACE,2016-04-26,JOHN O'MEARA AGENT FOR MILESTONE FARM,B,,
Kentucky Winter Mixed (2017),2017-02-06,179,DKB,VELOX,F,TALE OF THE CAT,PUT ME IN,TAKE ME OUT,VANMETER-GENTRY SALES AGENT XI,OUT,0,,2013-04-29,KENTUCKY,8,,,VANMETER-GENTRY SALES AGENT XI,BP,,
Kentucky Winter Mixed (2017),2017-02-06,180,DKB,VELVET HAMMER,M,SMART STRIKE,NOIR VELOURS,TUNERUP,BUCKLAND SALES (ZACH MADDEN) AGENT,HIDDEN LAKE FARM LLC,12000,,2005-03-11,ONTARIO,10,DAREDEVIL,2016-05-20,BUCKLAND SALES (ZACH MADDEN) AGENT,B,,
Kentucky Winter Mixed (2017),2017-02-06,181,B,VICKIE WINS,F,UNBRIDLED'S SONG,MISTICAL PLAN,GAME PLAN,HILL 'N' DALE SALES AGENCY AGENT,BAYERN PARTNERSHIP,270000,,2013-02-23,KENTUCKY,4,,,HILL 'N' DALE SALES AGENCY AGENT,BP,,
Kentucky Winter Mixed (2017),2017-02-06,182,CH,,F,CONGRATS,VICTORIAVANQUISHER,WITH DISTINCTION,WOODFORD THOROUGHBREDS AGENT,OUT,0,,2016-02-29,FLORIDA,4,,,WOODFORD THOROUGHBREDS AGENT,Y,,
Kentucky Winter Mixed (2017),2017-02-06,183,B,WITTICISM,F,ISTAN,QUALITY INCLUDED,INCLUDE,BROOKDALE SALES AGENT,MADELYN ROYAL,1400,Y,2014-02-05,KENTUCKY,3,,,BROOKDALE SALES AGENT,RB,,
Kentucky Winter Mixed (2017),2017-02-06,184,DKB,VICTORY SQUARE,F,TIZNOW,DOWNTHEDUSTYROAD,STORM AND A HALF,BACCARI BLOODSTOCK LLC AGENT LL,PLUMLY EQUINE,40000,,2012-05-14,KENTUCKY,1,,,BACCARI BLOODSTOCK LLC AGENT LL,BP,,
Kentucky Winter Mixed (2017),2017-02-06,185,B,VOODOO'S VISION,M,PETIONVILLE,VOODOO'S SISTER,STORM BOOT,FOUR STAR SALES AGENT,RUSTY ROBERTS AGENT,8000,,2006-02-10,KENTUCKY,11,FLAT OUT,2016-03-16,FOUR STAR SALES AGENT,B,,
Kentucky Winter Mixed (2017),2017-02-06,186,DKB,VOW TO ROMANCE,F,BROKEN VOW,VICTORY ROMANCE,SLEW CITY SLEW,TAYLOR MADE SALES AGENCY AGENT X,GLENMALURE FARM AGENT,9000,,2013-02-21,ONTARIO,2,,,TAYLOR MADE SALES AGENCY AGENT X,BP,,
Kentucky Winter Mixed (2017),2017-02-06,187,DKB,WALK ON,M,FRIENDS LAKE,JUDYS WILD ROSE,WILD AGAIN,ANDREW STRONACH,NOT SOLD,1900,,2006-02-25,KENTUCKY,13,MUSKETIER,2016-04-02,ANDREW STRONACH,B,,
Kentucky Winter Mixed (2017),2017-02-06,188,B,,C,DISCREETLY MINE,WAR KILL,WAR CHANT,WARRENDALE SALES AGENT V,NOT SOLD,2500,,2016-05-15,KENTUCKY,3,,,WARRENDALE SALES AGENT V,Y,,
Kentucky Winter Mixed (2017),2017-02-06,189,B,WATER ICE (GB),M,SHAMARDAL,CUMULATE,GONE WEST,INDIAN CREEK AGENT,OUT,0,,2008-05-03,GB,3,,,INDIAN CREEK AGENT,B,,
Kentucky Winter Mixed (2017),2017-02-06,190,CH,WESTBROOK SUNSET,F,MONTBROOK,WESTERN TORNADO,PROUD CITIZEN,SOUTH POINT SALES AGENCY AGENT VII,NOT SOLD,14000,,2012-04-14,FLORIDA,9,,,SOUTH POINT SALES AGENCY AGENT VII,BP,,
Kentucky Winter Mixed (2017),2017-02-06,191,CH,WESTERN EXECUTIVE,F,BOLD EXECUTIVE,PRIZED OF THE WEST,GONE WEST,KAIZEN SALES (RICHARD KENT) AGENT,OUT,0,,2012-03-10,ONTARIO,4,SOCIETY'S CHAIRMAN,2016-05-13,KAIZEN SALES (RICHARD KENT) AGENT,B,,
Kentucky Winter Mixed (2017),2017-02-06,192,DKB,WEST POINTER,M,MILITARY,ARCHIVIST,ARCH,FOUR STAR SALES AGENT,NOT SOLD,4700,,2009-05-02,KENTUCKY,11,FLAT OUT,2016-03-25,FOUR STAR SALES AGENT,B,,
Kentucky Winter Mixed (2017),2017-02-06,193,B,WHIMMYDIDDLE,F,BLAME,TABBY,STORM CAT,DENALI STUD (CRAIG & HOLLY BANDOROFF) AGENT I,LADY OLIVIA AT NORTH CLIFF LLC,5000,,2013-03-04,KENTUCKY,1,,,DENALI STUD (CRAIG & HOLLY BANDOROFF) AGENT I,RB,,
Kentucky Winter Mixed (2017),2017-02-06,194,DKB,WHITE KNUCKLE RIDE,F,TWIRLING CANDY,SMART N CLASSY,SMART STRIKE,SHAWHAN PLACE LLC AGENT,OUT,0,,2013-02-15,NEW JERSEY,3,,,SHAWHAN PLACE LLC AGENT,BP,,
Kentucky Winter Mixed (2017),2017-02-06,195,B,WHITE ROCK LAKE,F,ROCK HARD TEN,ZEPA,THEATRICAL (IRE),VINERY SALES AGENT VI,NOT SOLD,22000,,2012-02-17,KENTUCKY,14,,,VINERY SALES AGENT VI,BP,,
Kentucky Winter Mixed (2017),2017-02-06,196,CH,,F,OVERANALYZE,WHOM SHALL I FEAR,SOTO,MAINE CHANCE FARM (UNIVERSITY OF KENTUCKY),BACCARI BLOODSTOCK,30000,,2016-05-06,KENTUCKY,13,,,MAINE CHANCE FARM (UNIVERSITY OF KENTUCKY),Y,,
Kentucky Winter Mixed (2017),2017-02-06,197,GRR,,F,PADDY O'PRADO,WICKED RAVNINA,WILD AND WICKED,PARAMOUNT SALES AGENT XIX,NOT SOLD,1000,,2016-03-29,KENTUCKY,5,,,PARAMOUNT SALES AGENT XIX,Y,,
Kentucky Winter Mixed (2017),2017-02-06,198,B,WILD ABOUT IRENE,M,OFFLEE WILD,MY BELONGING,BELONG TO ME,TWO CREEKS FARM,OUT,0,,2010-03-14,KENTUCKY,7,,,TWO CREEKS FARM,RB,,
Kentucky Winter Mixed (2017),2017-02-06,199,DKB,WILDCAT SKIER,M,FOREST WILDCAT,UPHILL SKIER,APPEALING SKIER,SHAWHAN PLACE LLC AGENT III,NOT SOLD,7500,,2007-02-27,FLORIDA,3,FLASHBACK,2016-04-03,SHAWHAN PLACE LLC AGENT III,B,,
Kentucky Winter Mixed (2017),2017-02-06,200,B,WONDERFULADVENTURE,F,TIZ WONDERFUL,A. P. PETAL,A.P. INDY,KINGSWOOD FARM AGENT I,COVE SPRINGS LLC,24000,,2012-03-19,NEW YORK,4,,,KINGSWOOD FARM AGENT I,BP,,
Kentucky Winter Mixed (2017),2017-02-06,201,B,WONDER ITTIZ,M,TIZ WONDERFUL,MAIDEN'S LANDING,DEPUTY MINISTER,ROMANS RACING & SALES AGENT,JENNIFER & BYRON SCHUNK,1000,Y,2010-01-26,FLORIDA,7,PADDY O'PRADO,2016-06-02,ROMANS RACING & SALES AGENT,B,,
Kentucky Winter Mixed (2017),2017-02-06,202,DKB,,C,DOMINUS,WONDER ITTIZ,TIZ WONDERFUL,ROMANS RACING & SALES AGENT,MJK BLOODSTOCK,1200,,2016-05-08,KENTUCKY,7,,,ROMANS RACING & SALES AGENT,Y,,
Kentucky Winter Mixed (2017),2017-02-06,203,B,WOODFORD TEA,F,STREET SENSE,OPEN WINDOW,TREMPOLINO,VINERY SALES AGENT IX,CRUPPER BLOODSTOCK,9000,,2013-05-11,NEW YORK,14,,,VINERY SALES AGENT IX,BP,,
Kentucky Winter Mixed (2017),2017-02-06,204,CH,,F,KITTEN'S JOY,WOOLLAHRA,PROUD CITIZEN,TAYLOR MADE SALES AGENCY AGENT III,OUT,0,,2016-02-20,KENTUCKY,2,,,TAYLOR MADE SALES AGENCY AGENT III,Y,,
Kentucky Winter Mixed (2017),2017-02-06,205,DKB,WRITTEN REQUEST,F,ARCH,PETITION THE LADY,PETIONVILLE,FOUR STAR SALES AGENT,LLOYD FARM,23000,,2014-03-19,KENTUCKY,11,,,FOUR STAR SALES AGENT,RB,,
Kentucky Winter Mixed (2017),2017-02-06,206,GRR,YOLLY'S CHARM,M,SILVER CHARM,HAZELCASE,MI CIELO,ANDREW STRONACH,NOT SOLD,1000,,2004-04-29,NEBRASKA,13,MUSKETIER,2016-04-02,ANDREW STRONACH,B,,
Kentucky Winter Mixed (2017),2017-02-06,207,DKB,ZADIG,M,RIO VERDE,CAUSE I'M TRICKY,NINEELEVEN,INDIAN CREEK AGENT,SF BLOODSTOCK LLC,62000,,2010-02-28,CALIFORNIA,3,MORE THAN READY,2016-04-03,INDIAN CREEK AGENT,B,,
Kentucky Winter Mixed (2017),2017-02-06,208,B,ZIP RUNNER,F,CITY ZIP,THOR'S DAUGHTER,TIZNOW,SOUTH POINT SALES AGENCY AGENT III,CHAD SCHUMER AGENT,14000,,2012-03-14,VIRGINIA,9,STAY THIRSTY,2016-03-20,SOUTH POINT SALES AGENCY AGENT III,B,,
Kentucky Winter Mixed (2017),2017-02-06,209,CH,ZIPZIPAROO,M,CITY ZIP,ROO ROO,MEADOWLAKE,LANGSEM FARM INC.,TOMMY WENTE,2000,,2010-05-05,OHIO,10,GIROLAMO,2016-04-06,LANGSEM FARM INC.,B,,
Kentucky Winter Mixed (2017),2017-02-06,210,B,Z PRINCE,C,NOTIONAL,GEORGIA OK,HICKORY RIDGE,VINERY SALES AGENT FOR DISPERSAL OF ROCKIN Z RANCH,DOUGLAS S ARNOLD,9000,,2016-04-20,OKLAHOMA,14,,,VINERY SALES AGENT FOR DISPERSAL OF ROCKIN Z RANCH,Y,,
Kentucky Winter Mixed (2017),2017-02-06,211,DKB,,F,COLONEL JOHN,ABEDNEGO,DONERAILE COURT,VINERY SALES AGENT XII,NOT SOLD,1000,,2016-03-07,KENTUCKY,14,,,VINERY SALES AGENT XII,Y,,
Kentucky Winter Mixed (2017),2017-02-06,212,B,ABSOLUTELYPOSITIVE,C,YES IT'S TRUE,COUNTESS NOEL,COUNT THE TIME,VINERY SALES AGENT III,FIRST FINDS,12000,,2016-01-05,LOUISIANA,14,,,VINERY SALES AGENT III,Y,,
Kentucky Winter Mixed (2017),2017-02-06,213,GRR,,F,CAIRO PRINCE,ACADEMIE D'AMOUR,ROYAL ACADEMY,SELECT SALES AGENT XI,NOT SOLD,37000,,2016-02-12,KENTUCKY,6,,,SELECT SALES AGENT XI,Y,,
Kentucky Winter Mixed (2017),2017-02-06,214,B,AGHAANY,M,INVASOR (ARG),SPUN SUGAR,AWESOME AGAIN,BUCKLAND SALES (ZACH MADDEN) AGENT,JON JAZDZEWSKI,1000,Y,2009-02-15,KENTUCKY,10,ICE BOX,2016-05-18,BUCKLAND SALES (ZACH MADDEN) AGENT,B,,
Kentucky Winter Mixed (2017),2017-02-06,215,CH,,F,NORTHERN AFLEET,AIDAN'S BELLA,REPRICED,MULHOLLAND FARM AGENT,NOT SOLD,1000,,2016-03-10,ILLINOIS,10,,,MULHOLLAND FARM AGENT,Y,,
Kentucky Winter Mixed (2017),2017-02-06,216,B,ALESSANDRA,M,NOTIONAL,SWEARINGEN,DEPOSIT TICKET,SOUTH POINT SALES AGENCY AGENT IX,OUT,0,,2011-03-15,KENTUCKY,9,TAPITURE,2016-05-29,SOUTH POINT SALES AGENCY AGENT IX,B,,
Kentucky Winter Mixed (2017),2017-02-06,217,B,,C,ASTROLOGY,A LITTLE OFF,DEPUTY COMMANDER,VINERY SALES AGENT VIII,KUNG POW RACING,15000,,2016-05-04,KENTUCKY,14,,,VINERY SALES AGENT VIII,Y,,
Kentucky Winter Mixed (2017),2017-02-06,218,DKB,AMORE GRAND,M,GRAND SLAM,DYNACIELO,DYNAFORMER,ROMANS RACING & SALES AGENT,NOT SOLD,1000,,2011-04-27,KENTUCKY,7,PADDY O'PRADO,2016-04-21,ROMANS RACING & SALES AGENT,B,,
Kentucky Winter Mixed (2017),2017-02-06,219,DKB,,F,GUILT TRIP,AN ABSOLUTE TEN,ROCK HARD TEN,SELECT SALES AGENT IX,BHMFR LLC,11000,,2016-03-28,LOUISIANA,6,,,SELECT SALES AGENT IX,Y,,
Kentucky Winter Mixed (2017),2017-02-06,220,B,ANDICE,F,STUDENT COUNCIL,LAMBETH WALK,SILVER DEPUTY,BUCKLAND SALES (ZACH MADDEN) AGENT,BURTON K SIPP,3200,,2014-03-23,KENTUCKY,10,,,BUCKLAND SALES (ZACH MADDEN) AGENT,RB,,
Kentucky Winter Mixed (2017),2017-02-06,221,GRR,ANGELITA,F,HARLAN'S HOLIDAY,WHAT HAPPENS,ALPHABET SOUP,WARRENDALE SALES AGENT II,RAMIRO SALAZAR,10000,Y,2013-03-09,KENTUCKY,3,,,WARRENDALE SALES AGENT II,RB,,
Kentucky Winter Mixed (2017),2017-02-06,222,B,ANGRY BIRD,M,BOB AND JOHN,TRAV N' KRIS,SNOW CHIEF,SELECT SALES AGENT I,ADRIAN GONZALEZ,12000,Y,2009-04-06,KENTUCKY,6,DAREDEVIL,2016-04-26,SELECT SALES AGENT I,B,,
Kentucky Winter Mixed (2017),2017-02-06,223,B,,C,SHACKLEFORD,ANNA BANANA,DURING,BLAKE-ALBINA THOROUGHBRED SERVICES LLC AGENT,MARK RUSSELL,47000,,2016-03-22,KENTUCKY,12,,,BLAKE-ALBINA THOROUGHBRED SERVICES LLC AGENT,Y,,
Kentucky Winter Mixed (2017),2017-02-06,224,DKB,ANNA MIA,M,UNBRIDLED'S SONG,LADY'S QUEST,RAINBOW QUEST,FOUR STAR SALES AGENT,OUT,0,,2011-03-14,KENTUCKY,11,GEMOLOGIST,2016-03-24,FOUR STAR SALES AGENT,B,,
Kentucky Winter Mixed (2017),2017-02-06,225,CH,,F,HAYNESFIELD,ANOTHER DREAM,BADGE OF SILVER,LEGACY BLOODSTOCK AGENT III,OUT,0,,2016-01-13,KENTUCKY,10,,,LEGACY BLOODSTOCK AGENT III,Y,,
Kentucky Winter Mixed (2017),2017-02-06,226,B,A P MAJETSTIC,F,MAJESTIC WARRIOR,ANNETTE'S JET,GOLDEN MISSILE,DARBY DAN FARM AGENT XXI,PHIL SCHOENTHAL AGENT,24000,,2013-04-03,PENNSYLVANIA,15,,,DARBY DAN FARM AGENT XXI,RB,,
Kentucky Winter Mixed (2017),2017-02-06,227,DKB,,F,SHAKIN IT UP,APPEALING JEWEL,SAINT BALLADO,WARRENDALE SALES AGENT I,R L GLOSSON,7000,,2016-02-13,KENTUCKY,3,,,WARRENDALE SALES AGENT I,Y,,
Kentucky Winter Mixed (2017),2017-02-06,228,CH,A. P. REALITY,M,PULPIT,HALO REALITY,PROSPECTOR'S HALO,GREENFIELD FARM (B. D. GIBBS FARM LLC) AGENT,PATRICK MORELL AGENT FOR DR ROBERTA SCHNEIDER,8000,,2004-02-27,KENTUCKY,9,LEA,2016-02-25,GREENFIELD FARM (B. D. GIBBS FARM LLC) AGENT,B,,
Kentucky Winter Mixed (2017),2017-02-06,229,DKB,AQUALANE SHORES,M,FRIENDS LAKE,WISHES COME TRUE,HONOUR AND GLORY,JAMES B. KEOGH (GROVENDALE) AGENT VIII,SUMMER HILL FARM,5200,,2007-04-14,KENTUCKY,15,FED BIZ,2016-03-19,JAMES B. KEOGH (GROVENDALE) AGENT VIII,B,,
Kentucky Winter Mixed (2017),2017-02-06,230,GRR,ARE YOU KIDDING,M,DEMALOOT DEMASHOOT,SOMMERFEST,EL PRADO (IRE),JOHN O'MEARA AGENT FOR MILESTONE FARM,OUT,0,,1999-02-28,KENTUCKY,13,STAY THIRSTY,2016-05-20,JOHN O'MEARA AGENT FOR MILESTONE FARM,B,,
Kentucky Winter Mixed (2017),2017-02-06,231,CH,ARTA B TAPPIN,M,TAPIT,ARTA,OPENING VERSE,PERRONE SALES LTD. AGENT,CALUMET FARM,30000,,2008-02-24,CALIFORNIA,9,COMPETITIVE EDGE,2016-04-27,PERRONE SALES LTD. AGENT,B,,
Kentucky Winter Mixed (2017),2017-02-06,232,DKB,ARTFUL DANCER,M,ARTIE SCHILLER,LA BELLE DANSE,BEAU GENIUS,KAIZEN SALES (RICHARD KENT) AGENT,OUT,0,,2010-04-30,KENTUCKY,4,TOWN PRIZE,2016-04-29,KAIZEN SALES (RICHARD KENT) AGENT,B,,
Kentucky Winter Mixed (2017),2017-02-06,233,CH,ATLANTIC SUNRISE,F,STORMY ATLANTIC,CLASS ABOVE,QUIET AMERICAN,HIDDEN BROOK AGENT VI,OUT,0,,2013-01-31,KENTUCKY,3,,,HIDDEN BROOK AGENT VI,RB,,
Kentucky Winter Mixed (2017),2017-02-06,234,CH,,C,BUSTIN STONES,A TRUE PUSSYCAT,YES IT'S TRUE,STUART MORRIS AGENT V,OUT,0,,2016-01-20,NEW YORK,4,,,STUART MORRIS AGENT V,Y,,
Kentucky Winter Mixed (2017),2017-02-06,235,B,AUNT GLO,M,AWESOME AGAIN,BRISQUETTE,UNBRIDLED'S SONG,VINERY SALES AGENT FOR DISPERSAL OF ROCKIN Z RANCH,WEST BROOK STABLES LLC,1000,,2009-02-14,KENTUCKY,14,ITSMYLUCKYDAY,2016-03-01,VINERY SALES AGENT FOR DISPERSAL OF ROCKIN Z RANCH,B,,
Kentucky Winter Mixed (2017),2017-02-06,236,B,,C,NOTIONAL,AUNT GLO,AWESOME AGAIN,VINERY SALES AGENT FOR DISPERSAL OF ROCKIN Z RANCH,ROBERT GORHAM,5000,,2016-02-09,OKLAHOMA,14,,,VINERY SALES AGENT FOR DISPERSAL OF ROCKIN Z RANCH,Y,,
Kentucky Winter Mixed (2017),2017-02-06,237,B,AUNTIE SPARKLES,F,MORE THAN READY,ANDUJAR,QUIET AMERICAN,SHELTOWEE SALES AGENT,MCCAULEY FARM,25000,,2014-02-16,KENTUCKY,6,,,SHELTOWEE SALES AGENT,RB,,
Kentucky Winter Mixed (2017),2017-02-06,238,B,SUPER MAJESTY,F,SUPER SAVER,GINS MAJESTY,GO FOR GIN,DARBY DAN FARM AGENT I,HILL 'N' DALE BLOODSTOCK AGT FOR BAOMA CORP,475000,,2012-03-25,KENTUCKY,15,,,DARBY DAN FARM AGENT I,BP,,
Kentucky Winter Mixed (2017),2017-02-06,239,DKB,,F,DECLARATION OF WAR,AUTUMN ASH,TAPIT,MEADOWLARK VALLEY SALES AGENT,NOT SOLD,37000,,2016-04-22,KENTUCKY,7,,,MEADOWLARK VALLEY SALES AGENT,Y,,
Kentucky Winter Mixed (2017),2017-02-06,240,B,AWESOME SONG,F,AWESOME AGAIN,SONG OF SOLOMON,UNBRIDLED'S SONG,BLUEWATER SALES LLC AGENT VI,OUT,0,,2012-04-05,KENTUCKY,8,,,BLUEWATER SALES LLC AGENT VI,RB,,
Kentucky Winter Mixed (2017),2017-02-06,241,B,,F,INTO MISCHIEF,BA BA'S BUNCH,EL CORREDOR,SELECT SALES AGENT III,OUT,0,,2016-05-09,KENTUCKY,6,,,SELECT SALES AGENT III,Y,,
Kentucky Winter Mixed (2017),2017-02-06,242,CH,BACK FLIP,F,SUPER SAVER,FOR ROYALTY,NOT FOR LOVE,SELECT SALES AGENT I,JOSH STEVENS AGENT,250000,Y,2012-02-14,KENTUCKY,6,BODEMEISTER,2016-02-20,SELECT SALES AGENT I,B,,
Kentucky Winter Mixed (2017),2017-02-06,243,B,BAMBOCHE,M,TAPIT,DIPLOMAT LADY,FORESTRY,BLUEWATER SALES LLC AGENT XX,INTERNATIONAL EQUITIES HOLD,275000,,2012-05-06,KENTUCKY,8,UNCLE MO,2016-03-30,BLUEWATER SALES LLC AGENT XX,B,,
Kentucky Winter Mixed (2017),2017-02-06,244,B,BASBOOSA,F,HENNY HUGHES,MUDREQAH,SEEKING THE GOLD,INDIAN CREEK AGENT,OUT,0,,2012-03-03,KENTUCKY,3,,,INDIAN CREEK AGENT,BP,,
Kentucky Winter Mixed (2017),2017-02-06,245,GRR,BAYSHORE DRIVE,F,UNCLE MO,NOW I KNOW,PURE PRIZE,ST GEORGE SALES AGENT III,NOT SOLD,15000,,2013-03-04,KENTUCKY,8,,,ST GEORGE SALES AGENT III,RB,,
Kentucky Winter Mixed (2017),2017-02-06,246,DKB,,C,NEW YEAR'S DAY,BAZINGA BABY,AFLEET ALEX,BUCKLAND SALES (ZACH MADDEN) AGENT,NOT SOLD,10000,,2016-04-09,KENTUCKY,10,,,BUCKLAND SALES (ZACH MADDEN) AGENT,Y,,
Kentucky Winter Mixed (2017),2017-02-06,247,CH,BEASTLIE MOON,M,THREE WONDERS,ARCTIC MOON,BRIARTIC,BUCK POND FARM (DOUGLAS S. ARNOLD) AGENT,NOT SOLD,15000,,2005-04-10,FLORIDA,12,GEMOLOGIST,2016-05-25,BUCK POND FARM (DOUGLAS S. ARNOLD) AGENT,B,,
Kentucky Winter Mixed (2017),2017-02-06,248,DKB,BELLA CARDONA,M,BERTRANDO,MIRABILIA,NEVER TABLED,TRACKSIDE FARM (TOM EVANS) AGENT II,NOT SOLD,19000,,2006-04-30,CALIFORNIA,8,OXBOW,2016-05-10,TRACKSIDE FARM (TOM EVANS) AGENT II,B,,
Kentucky Winter Mixed (2017),2017-02-06,249,CH,BELLE OF INFINITY,M,SILVER CITY,BELLE OF THE BAND,DIXIELAND BAND,BILL MURPHY AGENT,OUT,0,,2012-04-21,TEXAS,13,FLASHBACK,2016-03-13,BILL MURPHY AGENT,B,,
Kentucky Winter Mixed (2017),2017-02-06,250,CH,,C,POINT OF ENTRY,BELVEDERA,AWESOME AGAIN,VINERY SALES AGENT FOR CALLOWAY STABLES LLC,OUT,0,,2016-03-23,KENTUCKY,14,,,VINERY SALES AGENT FOR CALLOWAY STABLES LLC,Y,,
Kentucky Winter Mixed (2017),2017-02-06,251,CH,BETTY'S BARONESS,M,SMARTY JONES,FITTED CROWN,CHIEF'S CROWN,POPE MCLEAN (CRESTWOOD FARM) AGENT,OUT,0,,2007-01-22,KENTUCKY,5,WARRIOR'S REWARD,2016-02-25,POPE MCLEAN (CRESTWOOD FARM) AGENT,B,,
Kentucky Winter Mixed (2017),2017-02-06,252,B,,C,PROUD CITIZEN,BETTY'S SOLUTIONS,ELTISH,BLAKE-ALBINA THOROUGHBRED SERVICES LLC AGENT,NOT SOLD,42000,,2016-03-15,KENTUCKY,12,,,BLAKE-ALBINA THOROUGHBRED SERVICES LLC AGENT,Y,,
Kentucky Winter Mixed (2017),2017-02-06,253,B,BIG BO'S MO,F,UNCLE MO,MS. THANKSGIVING,FORMAL DINNER,TAYLOR MADE SALES AGENCY AGENT XXXIII,NOT SOLD,4500,,2013-03-17,KENTUCKY,2,,,TAYLOR MADE SALES AGENCY AGENT XXXIII,BP,,
Kentucky Winter Mixed (2017),2017-02-06,254,B,BIG BROWN BROOKSKI,M,BIG BROWN,MS BROOKSKI,MONTBROOK,PAUL TACKETT AGENT,NOT SOLD,12000,,2010-03-16,ONTARIO,9,,,PAUL TACKETT AGENT,BP,,
Kentucky Winter Mixed (2017),2017-02-06,255,DKB,BIG SIS,M,STREET CRY (IRE),SISTER STAR,LANGFUHR,SELECT SALES AGENT I,BRUNO DE JULIO,21000,Y,2009-01-15,KENTUCKY,6,DIALED IN,2016-02-29,SELECT SALES AGENT I,B,,
Kentucky Winter Mixed (2017),2017-02-06,256,GRR,BLACK POINT,M,HOLY BULL,FAT ALICE,HIS MAJESTY,ANDREW STRONACH,BOWLING BLOODSTOCK,7000,,2005-02-24,KENTUCKY,13,MILWAUKEE BREW,2016-05-04,ANDREW STRONACH,B,,
Kentucky Winter Mixed (2017),2017-02-06,257,CH,BLING QUEEN,M,FIRST SAMURAI,ISOBEL BAILLIE (GB),LOMITAS (GB),SOUTH POINT SALES AGENCY AGENT IX,WATERSHED BLOODSTOCK,2700,,2010-01-19,KENTUCKY,9,REVOLUTIONARY,2016-05-13,SOUTH POINT SALES AGENCY AGENT IX,B,,
Kentucky Winter Mixed (2017),2017-02-06,258,CH,BLUE SEA,F,KITTEN'S JOY,SHADOW OF STORM,STORM CAT,HILL 'N' DALE SALES AGENCY AGENT,ELISE W KENDALL,1000,,2013-03-31,FLORIDA,4,,,HILL 'N' DALE SALES AGENCY AGENT,BP,,
Kentucky Winter Mixed (2017),2017-02-06,259,GRR,BOB'S OBSESSION,M,TALE OF THE CAT,GEM POP,EXCLUSIVE GEM,ROMAR LLC,NOT SOLD,1000,,2008-04-03,KENTUCKY,9,,,ROMAR LLC,B,,
Kentucky Winter Mixed (2017),2017-02-06,260,B,BOMBONA,F,CANDY RIDE (ARG),PALANKA CITY,CARSON CITY,SHELTOWEE SALES AGENT,D MIKE CAMPBELL,7000,,2014-03-14,KENTUCKY,6,,,SHELTOWEE SALES AGENT,RB,,
Kentucky Winter Mixed (2017),2017-02-06,261,B,,F,GIROLAMO,BOOM BOOM BERTIE,THUNDER GULCH,PINE RIDGE FARM AGENT,OUT,0,,2016-03-20,KENTUCKY,7,,,PINE RIDGE FARM AGENT,Y,,
Kentucky Winter Mixed (2017),2017-02-06,262,B,BORN PERFECT,M,MR. PROSPECTOR,MOLLY GIRL,SEATTLE SLEW,HILL 'N' DALE SALES AGENCY AGENT,I LEE LANGE,7000,,1999-03-20,KENTUCKY,4,BAYERN,2016-05-15,HILL 'N' DALE SALES AGENCY AGENT,B,,
Kentucky Winter Mixed (2017),2017-02-06,263,DKB,BRAN BRAN,F,TIZWAY,SHE SAYS IT BEST,STORMY ATLANTIC,DARBY DAN FARM AGENT V,NOT SOLD,1000,,2013-02-22,KENTUCKY,15,CAN THE MAN,2016-05-06,DARBY DAN FARM AGENT V,B,,
Kentucky Winter Mixed (2017),2017-02-06,264,DKB,,C,BELLAMY ROAD,BRAVE BOCO,CRAFTY PROSPECTOR,MAINE CHANCE FARM (UNIVERSITY OF KENTUCKY),OUT,0,,2016-05-03,KENTUCKY,13,,,MAINE CHANCE FARM (UNIVERSITY OF KENTUCKY),Y,,
Kentucky Winter Mixed (2017),2017-02-06,265,B,,C,OVERANALYZE,BREAKSHOT,LEMON DROP KID,FORBUSH FARM,NOT SOLD,9000,,2016-04-06,KENTUCKY,6,,,FORBUSH FARM,Y,,
Kentucky Winter Mixed (2017),2017-02-06,266,B,BRENDA'S WAY,M,WEIGELIA,MALIBU MYSTIQUE,MALIBU MOON,PARAMOUNT SALES AGENT III,SMT TABLES,22000,,2010-03-07,MARYLAND,5,,,PARAMOUNT SALES AGENT III,BP,,
Kentucky Winter Mixed (2017),2017-02-06,267,DKB,,F,STAY THIRSTY,BRIAR HILL DIXIE,DIXIELAND BAND,PARAMOUNT SALES AGENT XIX,CROCKETT FARM,7500,,2016-04-17,KENTUCKY,5,,,PARAMOUNT SALES AGENT XIX,Y,,
Kentucky Winter Mixed (2017),2017-02-06,268,DKB,,F,QUALITY ROAD,BRIDLES PRAYER,UNBRIDLED'S SONG,VINERY SALES AGENT X,OUT,0,,2014-02-16,KENTUCKY,14,,,VINERY SALES AGENT X,RB,,
Kentucky Winter Mixed (2017),2017-02-06,269,DKB,,F,DIALED IN,BRISKLY,CITY ZIP,DARBY DAN FARM AGENT IV,AMY N MOORE,23000,,2016-04-21,ILLINOIS,15,,,DARBY DAN FARM AGENT IV,Y,,
Kentucky Winter Mixed (2017),2017-02-06,270,B,BROKEN TRUST FUND,M,BROKEN VOW,INHERIT,BROAD BRUSH,DENALI STUD (CRAIG & HOLLY BANDOROFF) AGENT V,COUNTRY LIFE FARM AGENT,31000,,2008-03-06,KENTUCKY,1,KITTEN'S JOY,2016-04-21,DENALI STUD (CRAIG & HOLLY BANDOROFF) AGENT V,B,,
Kentucky Winter Mixed (2017),2017-02-06,271,B,BRONXGIRL,M,CORINTHIAN,DANCE DARLING,DEVIL'S BAG,SELECT SALES AGENT I,HUME WORNALL AGENT,3200,,2009-03-24,KENTUCKY,6,TAPITURE,2016-04-10,SELECT SALES AGENT I,B,,
Kentucky Winter Mixed (2017),2017-02-06,272,CH,CABINETS INCLUDED,M,INCLUDE,CABINET POST,SILVER GHOST,ANDREW STRONACH,NOT SOLD,1700,,2010-03-20,KENTUCKY,13,MUSKETIER,2016-05-09,ANDREW STRONACH,B,,
Kentucky Winter Mixed (2017),2017-02-06,273,B,CAFTAN,M,AWESOME AGAIN,JILBAB,A.P. INDY,SELECT SALES AGENT IV,OUT,0,,2007-03-29,KENTUCKY,6,WICKED STRONG,2016-04-29,SELECT SALES AGENT IV,B,,
Kentucky Winter Mixed (2017),2017-02-06,274,DKB,CALLIE HERMOSA,F,ARCHARCHARCH,SWEET STEW,WAYNE COUNTY (IRE),POPE MCLEAN (CRESTWOOD FARM) AGENT IV,MADELYN ROYAL,2700,,2013-02-10,NEW YORK,5,,,POPE MCLEAN (CRESTWOOD FARM) AGENT IV,RB,,
Kentucky Winter Mixed (2017),2017-02-06,275,DKB,CANDIDA,F,CONGRATS,LUCKY SOPH,COZZENE,GAINESWAY AGENT II,INTERNATIONAL EQUITIES HOLD,150000,,2013-03-25,KENTUCKY,6,,,GAINESWAY AGENT II,BP,,
Kentucky Winter Mixed (2017),2017-02-06,276,DKB,CAPRICIOUS MISS (GB),M,SINGSPIEL (IRE),WHITE HOUSE (GB),PURSUIT OF LOVE (GB),HEITZLAND FARM LLC AGENT,BRUCE GROSSMAN,7000,,2009-04-28,GB,10,LANGFUHR,2016-05-10,HEITZLAND FARM LLC AGENT,B,,
Kentucky Winter Mixed (2017),2017-02-06,277,B,CAROLINA SOUTH,M,DIXIE UNION,CONTENTIOUS,GIANT'S CAUSEWAY,WATERSHED BLOODSTOCK LLC,THOMAS CHALIN,3500,,2011-02-14,KENTUCKY,12,TAPITURE,2016-03-25,WATERSHED BLOODSTOCK LLC,B,,
Kentucky Winter Mixed (2017),2017-02-06,278,GRR,,F,FLASHBACK,CARR DE MON,CARR DE NASKRA,DENALI STUD (CRAIG & HOLLY BANDOROFF) AGENT IX,GAYLE VAN LEER,5000,,2016-04-30,KENTUCKY,1,,,DENALI STUD (CRAIG & HOLLY BANDOROFF) AGENT IX,Y,,
Kentucky Winter Mixed (2017),2017-02-06,279,DKB,CARSONA CITY,F,BROTHER DEREK,CARSONA,CARSON CITY,LEGACY BLOODSTOCK AGENT III,OUT,0,,2013-05-24,KENTUCKY,10,MAJESTICPERFECTION,2016-02-25,LEGACY BLOODSTOCK AGENT III,B,,
Kentucky Winter Mixed (2017),2017-02-06,280,B,,F,DROSSELMEYER,CASANOVA KIDDO,LANGFUHR,PARAMOUNT SALES AGENT VII,CAL BRITTON,1000,,2016-02-04,KENTUCKY,5,,,PARAMOUNT SALES AGENT VII,Y,,
Kentucky Winter Mixed (2017),2017-02-06,281,DKB,,C,DIALED IN,CASEYS IRISH PRIDE,SALT LAKE,ST GEORGE SALES AGENT,WHITEHORSE STABLES LLC,130000,,2016-05-09,KENTUCKY,8,,,ST GEORGE SALES AGENT,Y,,
Kentucky Winter Mixed (2017),2017-02-06,282,GRR,,F,CAIRO PRINCE,CASH IN HAND,DIXIE UNION,SELECT SALES AGENT XII,DAVID REID,27000,,2016-02-07,KENTUCKY,6,,,SELECT SALES AGENT XII,Y,,
Kentucky Winter Mixed (2017),2017-02-06,283,CH,CELESTIAL SIGHTING,F,ESKENDEREYA,AFTERNOON STROLL,STROLL,TAYLOR MADE SALES AGENCY AGENT XVIII,MARK A SELL AGENT,40000,,2013-02-01,NEW YORK,2,,,TAYLOR MADE SALES AGENCY AGENT XVIII,RB,,
Kentucky Winter Mixed (2017),2017-02-06,284,B,,F,SHACKLEFORD,CELTIC SUNSHINE,VICTORY GALLOP,MARSHALL W. SILVERMAN AGENT,OUT,0,,2016-03-26,KENTUCKY,1,,,MARSHALL W. SILVERMAN AGENT,Y,,
Kentucky Winter Mixed (2017),2017-02-06,285,B,CHANGING VISTA,M,CHANGEINTHEWEATHER,MEADOW VISTA,MEADOWLAKE,SHAWHAN PLACE LLC AGENT III,OUT,0,,2006-03-04,KENTUCKY,3,PADDY O'PRADO,2016-03-04,SHAWHAN PLACE LLC AGENT III,B,,
Kentucky Winter Mixed (2017),2017-02-06,286,B,,F,GEMOLOGIST,CHARMING TOUTSIE,STORM CAT,BLUEWATER SALES LLC AGENT II,TUDOR GREY BLOODSTOCK,3700,,2016-05-01,KENTUCKY,8,,,BLUEWATER SALES LLC AGENT II,Y,,
Kentucky Winter Mixed (2017),2017-02-06,287,B,CHARM THE CROWD,M,THEATRICAL (IRE),ACCESSORY,ROYAL ACADEMY,FOUR STAR SALES AGENT,BARRY K SCHWARTZ,5000,,2007-05-15,KENTUCKY,11,FLAT OUT,2016-05-25,FOUR STAR SALES AGENT,B,,
Kentucky Winter Mixed (2017),2017-02-06,288,GRR,,F,CREATIVE CAUSE,CHERRY POINT,POINT GIVEN,SHELTOWEE SALES AGENT,ME II RACING,6000,,2016-03-10,KENTUCKY,6,,,SHELTOWEE SALES AGENT,Y,,
Kentucky Winter Mixed (2017),2017-02-06,289,DKB,CHEYANN'S HOPE,F,STRONG HOPE,CHEYANN UPRISING,TEXAS GLITTER,SELECT SALES AGENT XIII,OUT,0,,2013-03-28,INDIANA,6,,,SELECT SALES AGENT XIII,B,,
Kentucky Winter Mixed (2017),2017-02-06,290,DKB,CHICK CHASER,F,ELUSIVE QUALITY,TIZ TO DREAM,TIZNOW,DENALI STUD (CRAIG & HOLLY BANDOROFF) AGENT V,OUT,0,,2013-04-13,KENTUCKY,1,,,DENALI STUD (CRAIG & HOLLY BANDOROFF) AGENT V,RB,,
Kentucky Winter Mixed (2017),2017-02-06,291,DKB,CHIC STREET,F,STREET SENSE,MONDENSCHEIN,BRAHMS,FOUR STAR SALES AGENT,MILLENNIUM FARMS,20000,,2013-03-02,KENTUCKY,11,,,FOUR STAR SALES AGENT,BP,,
Kentucky Winter Mixed (2017),2017-02-06,292,CH,CIMARRONCITA GIRL,F,FLOWER ALLEY,ME AND MISS JONES,SMARTY JONES,HILL 'N' DALE SALES AGENCY AGENT,NOT SOLD,1000,,2014-02-01,KENTUCKY,4,,,HILL 'N' DALE SALES AGENCY AGENT,BP,,
Kentucky Winter Mixed (2017),2017-02-06,293,CH,CINEMATIZE,M,LION HEART,PICTURE,ROAR,SHAWHAN PLACE LLC AGENT IV,SPRINGLAND FARM,15000,,2009-04-09,NEW YORK,3,,,SHAWHAN PLACE LLC AGENT IV,BP,,
Kentucky Winter Mixed (2017),2017-02-06,294,GRR,CIRCUSTOWN ROSE,M,WIMBLEDON,CATS LEGEND,GOLD LEGEND,FOUR STAR SALES AGENT,MACHMER HALL AGT FOR TWO TURN FARM LLC,12000,,2008-01-09,TEXAS,11,FLAT OUT,2016-03-03,FOUR STAR SALES AGENT,B,,
Kentucky Winter Mixed (2017),2017-02-06,295,B,,C,SOLDAT,CLASSIC APPROVAL,WITH APPROVAL,WOODFORD THOROUGHBREDS AGENT,FIRST FINDS,20000,,2016-01-21,FLORIDA,4,,,WOODFORD THOROUGHBREDS AGENT,Y,,
Kentucky Winter Mixed (2017),2017-02-06,296,B,CLASSIC ROMANCE,F,CIRCULAR QUAY,CANDLELIGHTDINNER,SLEW GIN FIZZ,PARAMOUNT SALES AGENT XI,SF BLOODSTOCK LLC,85000,,2012-03-13,FLORIDA,5,TIZNOW,2016-05-04,PARAMOUNT SALES AGENT XI,B,,
Kentucky Winter Mixed (2017),2017-02-06,297,GRR,CLASSY GREY LASSY,F,SILVER TRAIN,CARL'S FROSTY GIRL,PULLING PUNCHES,SCOTT MALLORY AGENT I,NOT SOLD,19000,,2012-03-08,LOUISIANA,7,,,SCOTT MALLORY AGENT I,BP,,
Kentucky Winter Mixed (2017),2017-02-06,298,B,CLASSY MARLIN,M,SKY CLASSIC,FLYING MARLIN,MARLIN,ROMANS RACING & SALES AGENT,DOUGLAS S ARNOLD,35000,,2006-03-03,KENTUCKY,7,SECRET CIRCLE,2016-05-07,ROMANS RACING & SALES AGENT,B,,
Kentucky Winter Mixed (2017),2017-02-06,299,GRR,,F,PADDY O'PRADO,CLASSY MARLIN,SKY CLASSIC,ROMANS RACING & SALES AGENT,NOT SOLD,1000,,2016-03-27,KENTUCKY,7,,,ROMANS RACING & SALES AGENT,Y,,
Kentucky Winter Mixed (2017),2017-02-06,300,DKB,CLEVELAND,M,EMPIRE MAKER,JEUX DE DANSE,GRAND SLAM,SELECT SALES AGENT V,JAKE RADOSEVICH,3200,,2011-02-03,FLORIDA,6,CREATIVE CAUSE,2016-04-22,SELECT SALES AGENT V,B,,
Kentucky Winter Mixed (2017),2017-02-06,301,B,,F,MAJESTICPERFECTION,CLIMB IN BACK,READY'S IMAGE,ST GEORGE SALES AGENT,NOT SOLD,1000,,2016-03-31,KENTUCKY,8,,,ST GEORGE SALES AGENT,Y,,
Kentucky Winter Mixed (2017),2017-02-06,302,CH,CNOCANDANCER (IRE),M,DANEHILL DANCER (IRE),DANCING DIVA (FR),SADLER'S WELLS,BLAKE-ALBINA THOROUGHBRED SERVICES LLC AGENT,OUT,0,,2007-04-30,IRE,12,ALPHA,2016-02-17,BLAKE-ALBINA THOROUGHBRED SERVICES LLC AGENT,B,,
Kentucky Winter Mixed (2017),2017-02-06,303,B,,F,GEMOLOGIST,COFFEE,EL CORREDOR,THREAVE MAIN STUD AGENT,HUTCH HOLSAPPLE,1000,,2015-04-26,KENTUCKY,1,,,THREAVE MAIN STUD AGENT,BP,,
Kentucky Winter Mixed (2017),2017-02-06,304,CH,COOL TEARS,F,COOL COAL MAN,CRY AT MY WEDDING,STREET CRY (IRE),HIDDEN BROOK AGENT IV,OUT,0,,2012-04-13,FLORIDA,3,,,HIDDEN BROOK AGENT IV,RB,,
Kentucky Winter Mixed (2017),2017-02-06,305,DKB,COW CATCHER,M,CACTUS RIDGE,STOP A TRAIN,DEVIL HIS DUE,SHAWHAN PLACE LLC AGENT,NOT SOLD,7000,,2011-04-16,ILLINOIS,3,,,SHAWHAN PLACE LLC AGENT,BP,,
Kentucky Winter Mixed (2017),2017-02-06,306,B,CRAFTY PUSH,M,DIXIE UNION,LEMON BLOSSOM,LEMON DROP KID,WOODFORD THOROUGHBREDS AGENT XCII,RICHARD HOGAN AGT FOR COLEBROOK FARMS,15000,,2009-05-14,KENTUCKY,4,ALGORITHMS,2016-05-15,WOODFORD THOROUGHBREDS AGENT XCII,B,,
Kentucky Winter Mixed (2017),2017-02-06,307,B,CROSS COUNTRY,F,DIVINE PARK,HOT N' DUSTY,UNUSUAL HEAT,WARRENDALE SALES AGENT VIII,KEVIN SHEPPARD,1500,,2013-02-26,KENTUCKY,3,,,WARRENDALE SALES AGENT VIII,RB,,
Kentucky Winter Mixed (2017),2017-02-06,308,DKB,,C,PROUD CITIZEN,CROWN ME WICKED,WILD AND WICKED,PARAMOUNT SALES AGENT XIX,OUT,0,,2016-01-29,KENTUCKY,5,,,PARAMOUNT SALES AGENT XIX,Y,,
Kentucky Winter Mixed (2017),2017-02-06,309,CH,CRY FOR DIAMONDS,M,STREET CRY (IRE),DIMONTINA,DIXIELAND BAND,FOUR STAR SALES AGENT,OUT,0,,2009-04-11,KENTUCKY,11,,,FOUR STAR SALES AGENT,B,,
Kentucky Winter Mixed (2017),2017-02-06,310,DKB,,F,ASTROLOGY,CRYPTO RISING STAR,CRYPTOCLEARANCE,PARAMOUNT SALES AGENT XVIII,OUT,0,,2016-04-12,KENTUCKY,5,,,PARAMOUNT SALES AGENT XVIII,Y,,
Kentucky Winter Mixed (2017),2017-02-06,311,B,CUFF ME,M,OFFICER,SHE'SGOTGOLDFEVER,GOLD FEVER,HILL 'N' DALE SALES AGENCY AGENT,LANTERN HILL FARM LLC AGENT,7500,,2007-01-23,NEW YORK,4,FLASHBACK,2016-05-24,HILL 'N' DALE SALES AGENCY AGENT,B,,
Kentucky Winter Mixed (2017),2017-02-06,312,B,,C,GEMOLOGIST,CULPEPPER ISLAND,SWAIN (IRE),MAINE CHANCE FARM (UNIVERSITY OF KENTUCKY),SONNY STOKES,24000,,2016-04-22,KENTUCKY,13,,,MAINE CHANCE FARM (UNIVERSITY OF KENTUCKY),Y,,
Kentucky Winter Mixed (2017),2017-02-06,313,B,,C,TEMPLE CITY,CURIE,CHIEF SEATTLE,SELECT SALES AGENT VII,OUT,0,,2016-04-02,KENTUCKY,6,,,SELECT SALES AGENT VII,Y,,
Kentucky Winter Mixed (2017),2017-02-06,314,B,,F,ALTERNATION,DANCING DAISY,MORE THAN READY,LEGACY BLOODSTOCK AGENT IV,OUT,0,,2016-04-26,KENTUCKY,10,,,LEGACY BLOODSTOCK AGENT IV,Y,,
Kentucky Winter Mixed (2017),2017-02-06,315,B,,F,GET STORMY,DARA,DIESIS (GB),MAINE CHANCE FARM (UNIVERSITY OF KENTUCKY),CAL BRITTON,1200,,2016-04-14,KENTUCKY,13,,,MAINE CHANCE FARM (UNIVERSITY OF KENTUCKY),Y,,
Kentucky Winter Mixed (2017),2017-02-06,316,B,DEBUTANTE DREAMER,M,PROUD CITIZEN,GALLANT DREAMER,BELONG TO ME,SOUTH POINT SALES AGENCY AGENT,OUT,0,,2010-02-14,KENTUCKY,9,MAJESTICPERFECTION,2016-05-16,SOUTH POINT SALES AGENCY AGENT,B,,
Kentucky Winter Mixed (2017),2017-02-06,317,B,,F,TIZWAY,DEEP OCEAN,JUMP START,FOUR STAR SALES AGENT,NOT SOLD,1000,,2016-03-22,KENTUCKY,11,,,FOUR STAR SALES AGENT,Y,,
Kentucky Winter Mixed (2017),2017-02-06,318,B,,C,PROUD CITIZEN,DEMILICIOUS,LANGFUHR,LEGACY BLOODSTOCK AGENT III,MICHAEL O'QUINN AGENT FOR RICK BENTON,8500,,2016-03-19,KENTUCKY,10,,,LEGACY BLOODSTOCK AGENT III,Y,,
Kentucky Winter Mixed (2017),2017-02-06,319,B,DEVIOUS CHIC,M,HARLAN'S HOLIDAY,SKYSCAPE,MARQUETRY,SELECT SALES AGENT I,MCMAHON THOROUGHBREDS LLC,6000,,2010-05-13,KENTUCKY,6,ANIMAL KINGDOM,2016-05-25,SELECT SALES AGENT I,B,,
Kentucky Winter Mixed (2017),2017-02-06,320,DKB,,F,SIDNEY'S CANDY,DIABLO'S CLOSER,DIABLO,JAMES M. HERBENER JR. AGENT II,RUSSELL WELCH,5000,,2016-02-04,KENTUCKY,7,,,JAMES M. HERBENER JR. AGENT II,Y,,
Kentucky Winter Mixed (2017),2017-02-06,321,GRR,DIAMOND TAGS,M,SEEKING THE GOLD,EVER HOPEFUL,WITH APPROVAL,HILL 'N' DALE SALES AGENCY AGENT,WAR HORSE PLACE FARM AGENT,22000,,2006-03-19,KENTUCKY,4,BAYERN,2016-04-02,HILL 'N' DALE SALES AGENCY AGENT,B,,
Kentucky Winter Mixed (2017),2017-02-06,322,GRR,,C,TEMPLE CITY,DIAMOND TAGS,SEEKING THE GOLD,HILL 'N' DALE SALES AGENCY AGENT,TIMOTHY COLLINS,1000,,2016-02-22,KENTUCKY,4,,,HILL 'N' DALE SALES AGENCY AGENT,Y,,
Kentucky Winter Mixed (2017),2017-02-06,323,DKB,DIDHEMENTIONMYNAME,M,THUNDER GULCH,LION LEMON 'N LIME,LION HEARTED,SOUTH POINT SALES AGENCY AGENT IX,JENNIFER & BYRON SCHUNK,2200,,2011-04-04,KENTUCKY,9,ALTERNATION,2016-06-02,SOUTH POINT SALES AGENCY AGENT IX,B,,
Kentucky Winter Mixed (2017),2017-02-06,324,DKB,DISTINCT SPARKLE,M,WITH DISTINCTION,CONSTANT SPARKLE,MR. SPARKLES,FOUR STAR SALES AGENT,NOT SOLD,5700,,2010-03-26,FLORIDA,11,FLAT OUT,2016-04-30,FOUR STAR SALES AGENT,B,,
Kentucky Winter Mixed (2017),2017-02-06,325,CH,,C,GIANT OAK,DIVINE DORIS,DIVINE PARK,SHELTOWEE SALES AGENT,OUT,0,,2016-03-13,KENTUCKY,6,,,SHELTOWEE SALES AGENT,Y,,
Kentucky Winter Mixed (2017),2017-02-06,326,B,DIVINE GIFT,M,DIVINE PARK,LOVELY COOL,INDIAN CHARLIE,SHAWHAN PLACE LLC AGENT V,OUT,0,,2010-04-19,KENTUCKY,3,DAREDEVIL,2016-04-09,SHAWHAN PLACE LLC AGENT V,B,,
Kentucky Winter Mixed (2017),2017-02-07,327,CH,DOIRE,M,CORINTHIAN,HEDGE RATIO,UNBRIDLED,WATERSHED BLOODSTOCK LLC,RUSTY ROBERTS AGENT,1700,,2010-02-12,MARYLAND,12,TALE OF EKATI,2016-03-19,WATERSHED BLOODSTOCK LLC,B,,
Kentucky Winter Mixed (2017),2017-02-07,328,B,,C,GEMOLOGIST,DREAMCASTER (GB),BERNARDINI,DARBY DAN FARM AGENT,OUT,0,,2016-02-22,KENTUCKY,15,,,DARBY DAN FARM AGENT,Y,,
Kentucky Winter Mixed (2017),2017-02-07,329,GRR,DREAM EXCHANGE,F,EXCHANGE RATE,SECRET DREAM (IRE),ZAFONIC,BLUEWATER SALES LLC AGENT VI,AQUA BLOODSTOCK,50000,,2013-02-20,KENTUCKY,8,,,BLUEWATER SALES LLC AGENT VI,BP,,
Kentucky Winter Mixed (2017),2017-02-07,330,B,DRIFTER'S ESCAPE,F,FLATTER,STAFF NURSE,ARCH,SHAWHAN PLACE LLC AGENT IV,NOT SOLD,7000,,2012-02-23,KENTUCKY,3,,,SHAWHAN PLACE LLC AGENT IV,BP,,
Kentucky Winter Mixed (2017),2017-02-07,331,GRR,DUN WON,M,DUNKIRK,KISSINLEAF,KISSIN KRIS,BACCARI BLOODSTOCK LLC AGENT III,MACHMER HALL AGT FOR TRACKSIDE FARM,22000,,2011-05-08,KENTUCKY,1,,,BACCARI BLOODSTOCK LLC AGENT III,BP,,
Kentucky Winter Mixed (2017),2017-02-07,332,CH,DURANT,F,STEVIE WONDERBOY,ANNIVERSARY,YANKEE VICTOR,PARAMOUNT SALES AGENT VIII,ADENA SPRINGS,7000,Y,2012-03-10,KENTUCKY,5,,,PARAMOUNT SALES AGENT VIII,BP,,
Kentucky Winter Mixed (2017),2017-02-07,333,CH,DYNAMIZZEN,F,MIZZEN MAST,DYNODE,DYNAFORMER,JAMES B. KEOGH (GROVENDALE) AGENT III,ADENA SPRINGS,12000,,2012-02-10,WEST VIRGINIA,15,,,JAMES B. KEOGH (GROVENDALE) AGENT III,BP,,
Kentucky Winter Mixed (2017),2017-02-07,334,CH,DYNATAP,M,TAPIT,STORMIN' DAINA,STORM CREEK,MILLFORD FARM (MR. & MRS. ROBERT S. WEST JR.) AGENT I,GARY & CINDY FALTER,1500,,2008-01-08,KENTUCKY,12,RUN AWAY AND HIDE,2016-05-17,MILLFORD FARM (MR. & MRS. ROBERT S. WEST JR.) AGENT I,B,,
Kentucky Winter Mixed (2017),2017-02-07,335,CH,,C,FLASHBACK,EAGLE ISLAND,FUSAICHI PEGASUS,LEGACY BLOODSTOCK AGENT II,PRISTINUS THOROUGHBREDS,22000,,2016-05-12,MINNESOTA,10,,,LEGACY BLOODSTOCK AGENT II,Y,,
Kentucky Winter Mixed (2017),2017-02-07,336,B,EGYPTIAN SAGE,F,ELUSIVE QUALITY,LUCIFER'S STONE,HORSE CHESTNUT (SAF),JOHN O'MEARA AGENT FOR MILESTONE FARM,NOT SOLD,10000,,2013-03-06,KENTUCKY,13,,,JOHN O'MEARA AGENT FOR MILESTONE FARM,RP,,
Kentucky Winter Mixed (2017),2017-02-07,337,GRR,ELLOFAFLASHBACK,C,FLASHBACK,ELLARICH,EDDINGTON,DARBY DAN FARM AGENT II,WATERSHED BLOODSTOCK,2000,,2016-03-24,KENTUCKY,15,,,DARBY DAN FARM AGENT II,Y,,
Kentucky Winter Mixed (2017),2017-02-07,338,GRR,EL SWAVA,M,EL PRADO (IRE),NORTHERN SWAVA,NORTHERN BABY,JOHN O'MEARA AGENT FOR MILESTONE FARM,OUT,0,,2000-02-08,KENTUCKY,13,ARCHARCHARCH,2016-04-16,JOHN O'MEARA AGENT FOR MILESTONE FARM,B,,
Kentucky Winter Mixed (2017),2017-02-07,339,DKB,,F,ISTAN,ELUSIVE FLOWER,HARLAN'S HOLIDAY,LEGACY BLOODSTOCK AGENT III,NOT SOLD,1000,,2016-05-09,KENTUCKY,10,,,LEGACY BLOODSTOCK AGENT III,Y,,
Kentucky Winter Mixed (2017),2017-02-07,340,CH,,F,MINESHAFT,EMERALD BUDDHA,BUDDHA,MAINE CHANCE FARM (UNIVERSITY OF KENTUCKY),TUSCANY BLOODSTOCK,50000,,2016-04-22,KENTUCKY,13,,,MAINE CHANCE FARM (UNIVERSITY OF KENTUCKY),Y,,
Kentucky Winter Mixed (2017),2017-02-07,341,CH,EMYVALE COURT,F,STORMY ATLANTIC,TIGHT PRECISION,PURE PRECISION,LISA AND TIM TURNEY AGENT,MILLER RACING LLC,30000,,2012-03-24,KENTUCKY,6,,,LISA AND TIM TURNEY AGENT,RB,,
Kentucky Winter Mixed (2017),2017-02-07,342,B,END OF TROUBLE,F,INTO MISCHIEF,MEHNDI,PULPIT,BLUEWATER SALES LLC AGENT VI,LADY OLIVIA AT NORTH CLIFF LLC,1200,,2014-02-22,ONTARIO,8,,,BLUEWATER SALES LLC AGENT VI,BP,,
Kentucky Winter Mixed (2017),2017-02-07,343,DKB,,C,VIOLENCE,ENDURING WILL,ARCH,JAMES B. KEOGH (GROVENDALE) AGENT IV,FOX HILL FARM T MCGREEVY AGT,25000,,2016-03-01,KENTUCKY,15,,,JAMES B. KEOGH (GROVENDALE) AGENT IV,Y,,
Kentucky Winter Mixed (2017),2017-02-07,344,B,ENGLISH GARDEN,M,BERNARDINI,SPRING MEADOW,MEADOWLAKE,BILL MURPHY AGENT X,SECURE INVESTMENTS,15000,,2012-04-04,KENTUCKY,13,,,BILL MURPHY AGENT X,RB,,
Kentucky Winter Mixed (2017),2017-02-07,345,DKB,CINNAMON SPICE,M,CANDY RIDE (ARG),VIOLENT BEAUTY,GONE WEST,TAYLOR MADE SALES AGENCY AGENT FOR FOX HILL FARMS INC.,INTERNATIONAL EQUITIES HOLDING,700000,,2011-04-10,KENTUCKY,2,,,TAYLOR MADE SALES AGENCY AGENT FOR FOX HILL FARMS INC.,RB,,
Kentucky Winter Mixed (2017),2017-02-07,346,DKB,ENGLISH INTENTION,F,ENGLISH CHANNEL,WILD INTENTION,A.P. INDY,FOUR STAR SALES AGENT,NOT SOLD,4700,,2013-05-05,KENTUCKY,11,FLAT OUT,2016-02-28,FOUR STAR SALES AGENT,B,,
Kentucky Winter Mixed (2017),2017-02-07,347,B,ENJOY THE FAMILY,M,BROTHER DEREK,ENJOY THE VIEW,L'ENJOLEUR,ST GEORGE SALES AGENT,NOT SOLD,7500,,2011-03-01,KENTUCKY,8,INCLUDE,2016-05-06,ST GEORGE SALES AGENT,B,,
Kentucky Winter Mixed (2017),2017-02-07,348,DKB,ERZULIE DANTOR,M,YONAGUSKA,BELLE ERZULIE,PULPIT,ANDREW STRONACH,RESPITE FARM,7000,,2009-03-08,KENTUCKY,13,MUSKETIER,2016-03-18,ANDREW STRONACH,B,,
Kentucky Winter Mixed (2017),2017-02-07,349,B,,C,JUSTIN PHILLIP,ESCAPE TO VICTORY (GB),SALSE,PARAMOUNT SALES AGENT IV,MARCO BOZZI,42000,,2016-04-28,KENTUCKY,5,,,PARAMOUNT SALES AGENT IV,Y,,
Kentucky Winter Mixed (2017),2017-02-07,350,CH,ESHER,M,KING OF KINGS (IRE),LEAPING WATER (GB),SURE BLADE,BLAKE-ALBINA THOROUGHBRED SERVICES LLC AGENT,OUT,0,,2001-04-14,KENTUCKY,12,MICROMANAGE,2016-05-12,BLAKE-ALBINA THOROUGHBRED SERVICES LLC AGENT,B,,
Kentucky Winter Mixed (2017),2017-02-07,351,B,EXPECT AMAZING (IRE),F,GALILEO (IRE),MIRIMBA BELLE (AUS),DANEHILL,SOUTH POINT SALES AGENCY AGENT VIII,OUT,0,,2013-02-07,IRE,9,,,SOUTH POINT SALES AGENCY AGENT VIII,BP,,
Kentucky Winter Mixed (2017),2017-02-07,352,GRR,EXTENDED CREDIT,M,ROCKPORT HARBOR,SMOKIN AFFAIR,BLACK TIE AFFAIR (IRE),FOUR STAR SALES AGENT,NOT SOLD,4500,,2011-04-09,KENTUCKY,11,FLAT OUT,2016-04-16,FOUR STAR SALES AGENT,B,,
Kentucky Winter Mixed (2017),2017-02-07,353,CH,EYE LOVE JEANIE,M,SHOWING UP,FIRST AT THE WIRE,AWESOME AGAIN,VINERY SALES AGENT FOR DISPERSAL OF ROCKIN Z RANCH,TERRY C LOVINGIER,7000,,2010-04-13,OKLAHOMA,14,,,VINERY SALES AGENT FOR DISPERSAL OF ROCKIN Z RANCH,B,,
Kentucky Winter Mixed (2017),2017-02-07,354,B,,C,WARRIOR'S REWARD,EYE LOVE JEANIE,SHOWING UP,VINERY SALES AGENT FOR DISPERSAL OF ROCKIN Z RANCH,MARK WALLACE,1500,,2016-05-25,OKLAHOMA,14,,,VINERY SALES AGENT FOR DISPERSAL OF ROCKIN Z RANCH,Y,,
Kentucky Winter Mixed (2017),2017-02-07,355,B,FACTFULL,F,THE FACTOR,THE HESS EXPRESS,LORD CARSON,ST GEORGE SALES AGENT II,PIPPA'S HURRICANE,72000,,2014-03-12,KENTUCKY,8,,,ST GEORGE SALES AGENT II,RB,,
Kentucky Winter Mixed (2017),2017-02-07,356,B,,F,TRAPPE SHOT,FARCE,POLITICAL FORCE,WARRENDALE SALES AGENT IV,NOT SOLD,14000,,2016-03-27,KENTUCKY,3,,,WARRENDALE SALES AGENT IV,Y,,
Kentucky Winter Mixed (2017),2017-02-07,357,DKB,FLASHY APPEAL,F,FLASHY BULL,PARK TAVERN,GONE WEST,WARRENDALE SALES AGENT IV,GREY FLIGHT,21000,,2013-01-20,FLORIDA,3,,,WARRENDALE SALES AGENT IV,BP,,
Kentucky Winter Mixed (2017),2017-02-07,358,B,FLIRT GAME,F,BERNSTEIN,ILLUSIVE NOTE,DIXIELAND BAND,PERRONE SALES LTD. AGENT,JAKE RADOSEVICH,4000,,2012-04-06,PENNSYLVANIA,9,SHACKLEFORD,2016-05-08,PERRONE SALES LTD. AGENT,B,,
Kentucky Winter Mixed (2017),2017-02-07,359,CH,FLOWERY,M,DISTORTED HUMOR,CRIMINATIVE,CRIMINAL TYPE,BONA TERRA STUD LLC AGENT,OUT,0,,2006-03-24,KENTUCKY,7,FLAT OUT,2016-05-12,BONA TERRA STUD LLC AGENT,B,,
Kentucky Winter Mixed (2017),2017-02-07,360,DKB,FLYING VISION,M,POLLARD'S VISION,FLYING MARLIN,MARLIN,ROMANS RACING & SALES AGENT,DANIEL A THOMPSON,1000,Y,2008-03-01,KENTUCKY,7,PADDY O'PRADO,2016-05-21,ROMANS RACING & SALES AGENT,B,,
Kentucky Winter Mixed (2017),2017-02-07,361,GRR,,F,PADDY O'PRADO,FLYING VISION,POLLARD'S VISION,ROMANS RACING & SALES AGENT,ELISE W KENDALL AGENT,2500,,2016-05-14,KENTUCKY,7,,,ROMANS RACING & SALES AGENT,Y,,
Kentucky Winter Mixed (2017),2017-02-07,362,DKB,FOOTNOTEDISCLOSURE,M,SLEW'S SAGA,FOOTING,FORTY NINER,SHAWHAN PLACE LLC AGENT III,NOT SOLD,3000,,2009-04-05,CALIFORNIA,3,ATREIDES,2016-04-14,SHAWHAN PLACE LLC AGENT III,B,,
Kentucky Winter Mixed (2017),2017-02-07,363,CH,FOR ALL YOU KNOW,M,YES IT'S TRUE,FOOLHEARTEDMEMORY,VALID EXPECTATIONS,MOONESTONE SALES AGENT,JUSTIN CASSE AGENT,20000,,2011-02-21,OKLAHOMA,12,,,MOONESTONE SALES AGENT,BP,,
Kentucky Winter Mixed (2017),2017-02-07,364,B,,C,PAYNTER,FOREVER JENNY,SIR SHACKLETON,WARRENDALE SALES AGENT VI,OUT,0,,2016-04-19,OKLAHOMA,3,,,WARRENDALE SALES AGENT VI,Y,,
Kentucky Winter Mixed (2017),2017-02-07,365,B,FORTUNE PLAY,M,FIVE STAR DAY,LOVE PLAY,FRIENDLY LOVER,FOUR STAR SALES AGENT,OUT,0,,2006-02-22,KENTUCKY,11,,,FOUR STAR SALES AGENT,B,,
Kentucky Winter Mixed (2017),2017-02-07,366,CH,,F,MUNNINGS,FOXYFROMFAIRBANKS,FAIRBANKS,WARRENDALE SALES AGENT VI,OUT,0,,2016-03-31,KENTUCKY,3,,,WARRENDALE SALES AGENT VI,Y,,
Kentucky Winter Mixed (2017),2017-02-07,367,B,FRANCIE GIRL,M,CANDY RIDE (ARG),CARLSON'S QUEEN,LORD CARSON,BILL MURPHY AGENT I,NOT SOLD,6000,,2007-03-19,FLORIDA,13,ALGORITHMS,2016-04-25,BILL MURPHY AGENT I,B,,
Kentucky Winter Mixed (2017),2017-02-07,368,B,,F,TO HONOR AND SERVE,FREE ECONOMY,UNBRIDLED'S SONG,TIMBER TOWN (MR. & MRS. T. WAYNE SWEEZEY) AGENT FOR R. S. EVANS,BEAU CHAPMAN,2000,,2016-05-07,KENTUCKY,2,,,TIMBER TOWN (MR. & MRS. T. WAYNE SWEEZEY) AGENT FOR R. S. EVANS,Y,,
Kentucky Winter Mixed (2017),2017-02-07,369,DKB,,F,FED BIZ,FRENCH SADIE,SUCCESSFUL APPEAL,SELECT SALES AGENT X,OUT,0,,2016-04-19,WEST VIRGINIA,6,,,SELECT SALES AGENT X,Y,,
Kentucky Winter Mixed (2017),2017-02-07,370,DKB,FROLIC TO THE WIRE,F,ROMAN RULER,STORMY FROLIC,SUMMER SQUALL,HILL 'N' DALE SALES AGENCY AGENT,GREY FLIGHT,15000,,2012-02-21,KENTUCKY,4,FLASHBACK,2016-05-06,HILL 'N' DALE SALES AGENCY AGENT,B,,
Kentucky Winter Mixed (2017),2017-02-07,371,DKB,FROSTED SNOW,M,STREET CRY (IRE),RAHY ROSE,RAHY,HUNTER VALLEY FARM AGENT,KINDRED STABLES INC.,75000,,2010-03-10,KENTUCKY,7,WILL TAKE CHARGE,2016-04-14,HUNTER VALLEY FARM AGENT,B,,
Kentucky Winter Mixed (2017),2017-02-07,372,CH,FUNNY SLAM,F,D' FUNNYBONE,SWEET SLAM,GRAND SLAM,TIMBER TOWN (MR. & MRS. T. WAYNE SWEEZEY) AGENT,NOT SOLD,1000,,2013-02-28,NEW YORK,2,,,TIMBER TOWN (MR. & MRS. T. WAYNE SWEEZEY) AGENT,BP,,
Kentucky Winter Mixed (2017),2017-02-07,373,GRR,GALLEY BEACH,F,AWESOME AGAIN,GATORETTE,DISTORTED HUMOR,FOUR STAR SALES AGENT,FRED HERTRICH III,21000,,2012-02-23,KENTUCKY,11,,,FOUR STAR SALES AGENT,BP,,
Kentucky Winter Mixed (2017),2017-02-07,374,B,GANESHA,M,SHARP HUMOR,LOVE AT NOON,AFTERNOON DEELITES,WOODFORD THOROUGHBREDS AGENT,OUT,0,,2010-03-08,KENTUCKY,4,CONGRATS,2016-02-28,WOODFORD THOROUGHBREDS AGENT,B,,
Kentucky Winter Mixed (2017),2017-02-07,375,B,,F,SAN PABLO,G ANNA,KITALPHA,FOUR STAR SALES AGENT,NOT SOLD,1000,,2016-03-07,KENTUCKY,11,,,FOUR STAR SALES AGENT,Y,,
Kentucky Winter Mixed (2017),2017-02-07,376,B,,F,SAN PABLO,G. BEVERLY,HENNESSY,FOUR STAR SALES AGENT,OUT,0,,2016-03-28,KENTUCKY,11,,,FOUR STAR SALES AGENT,Y,,
Kentucky Winter Mixed (2017),2017-02-07,377,B,GDANSKING QUEEN,M,LANGFUHR,ROMANTICISM,GONE WEST,MILL RIDGE SALES AGENT,CATCHER IN THE RYE,8000,,2005-04-15,KENTUCKY,1,BLAME,2016-05-28,MILL RIDGE SALES AGENT,B,,
Kentucky Winter Mixed (2017),2017-02-07,378,B,GEMINI WITCH,F,GEMOLOGIST,HENNYVILLE,HENNY HUGHES,WARRENDALE SALES AGENT VII,NOT SOLD,49000,,2016-01-17,NEW YORK,3,,,WARRENDALE SALES AGENT VII,Y,,
Kentucky Winter Mixed (2017),2017-02-07,379,DKB,GEORGIA OK,M,HICKORY RIDGE,FLYING PASTER GIGI,FLYING PASTER,VINERY SALES AGENT FOR DISPERSAL OF ROCKIN Z RANCH,RML AGENT,40000,,2001-04-18,OKLAHOMA,14,,,VINERY SALES AGENT FOR DISPERSAL OF ROCKIN Z RANCH,B,,
Kentucky Winter Mixed (2017),2017-02-07,380,GRR,GIGI'S SKYFLYER,M,SKYWALKER,FLYING PASTER GIGI,FLYING PASTER,VINERY SALES AGENT FOR DISPERSAL OF ROCKIN Z RANCH,RML AGENT,20000,,1999-03-11,KENTUCKY,14,RACE DAY,2016-03-06,VINERY SALES AGENT FOR DISPERSAL OF ROCKIN Z RANCH,B,,
Kentucky Winter Mixed (2017),2017-02-07,381,B,GINGER BEER,M,MILWAUKEE BREW,GIN N GINGER,GO FOR GIN,SCOTT MALLORY AGENT,ADENA SPRINGS,1500,,2011-05-04,ONTARIO,7,,,SCOTT MALLORY AGENT,BP,,
Kentucky Winter Mixed (2017),2017-02-07,382,CH,GIULIETTA,M,DUNKIRK,SHE NUIT ALL,LOST SOLDIER,BUCKLAND SALES (ZACH MADDEN) AGENT,JAY GOODWIN AGENT,20000,,2011-04-10,KENTUCKY,10,TONALIST,2016-04-30,BUCKLAND SALES (ZACH MADDEN) AGENT,B,,
Kentucky Winter Mixed (2017),2017-02-07,383,B,BRILLIANT DESTINY,F,TIZWAY,GLIDING LIGHT,ALWAYS A CLASSIC,VINERY SALES AGENT IX,OUT,0,,2015-03-28,KENTUCKY,14,,,VINERY SALES AGENT IX,RB,,
Kentucky Winter Mixed (2017),2017-02-07,384,DKB,,C,SKY MESA,GLITTER STAR,GLITTERMAN,ST GEORGE SALES AGENT III,BETTY ZIRCHER,1000,,2016-05-03,KENTUCKY,8,,,ST GEORGE SALES AGENT III,Y,,
Kentucky Winter Mixed (2017),2017-02-07,385,CH,GO AND WANDER,F,STREET CRY (IRE),FUNNY MOON,MALIBU MOON,DENALI STUD (CRAIG & HOLLY BANDOROFF) AGENT V,NOT SOLD,29000,,2013-03-24,KENTUCKY,1,,,DENALI STUD (CRAIG & HOLLY BANDOROFF) AGENT V,BP,,
Kentucky Winter Mixed (2017),2017-02-07,386,GRR,,F,CAIRO PRINCE,GOLD N SHAFT,MINESHAFT,LEGACY BLOODSTOCK AGENT III,OUT,0,,2016-01-29,KENTUCKY,10,,,LEGACY BLOODSTOCK AGENT III,Y,,
Kentucky Winter Mixed (2017),2017-02-07,387,B,,F,HE'S HAD ENOUGH,GO THE DISTANCE,LANGFUHR,STUART MORRIS AGENT IV,JOHN D MCKEE,1000,Y,2016-01-31,NEW YORK,4,,,STUART MORRIS AGENT IV,Y,,
Kentucky Winter Mixed (2017),2017-02-07,388,DKB,GOT SMARTS,M,SMART STRIKE,MEAN IMOGENE,SILVER DEPUTY,SOUTH POINT SALES AGENCY AGENT I,EMPIRE FARM,2500,Y,2005-04-23,KENTUCKY,9,GIROLAMO,2016-05-12,SOUTH POINT SALES AGENCY AGENT I,B,,
Kentucky Winter Mixed (2017),2017-02-07,389,CH,GOTTAH PENNY,M,STRAVINSKY,MARSHUA'S ECHELON,MARSHUA'S DANCER,SELECT SALES AGENT I,CHRISTOPHER SHELLI AGENT,20000,,2003-03-01,KENTUCKY,6,GEMOLOGIST,2016-05-13,SELECT SALES AGENT I,B,,
Kentucky Winter Mixed (2017),2017-02-07,390,GRR,,F,JIMMY CREED,GRAY STORM A'COMIN,TROPICAL STORM,STEPPING STONE FARM,NOT SOLD,5500,,2016-04-24,KENTUCKY,8,,,STEPPING STONE FARM,Y,,
Kentucky Winter Mixed (2017),2017-02-07,391,DKB,GREELEY APPEALING,M,MR. GREELEY,REGALLY APPEALING,VALID APPEAL,PERRONE SALES LTD. AGENT,WESTBROOK STABLES,2500,,2004-04-02,KENTUCKY,9,REVOLUTIONARY,2016-06-10,PERRONE SALES LTD. AGENT,B,,
Kentucky Winter Mixed (2017),2017-02-07,392,GRR,GYMNAST JADIE,F,CONCORD POINT,POLISH FLOWER,DANZIG,WATERSHED BLOODSTOCK LLC,OLYMPIA STAR INC,2200,,2012-02-21,KENTUCKY,12,,,WATERSHED BLOODSTOCK LLC,BP,,
Kentucky Winter Mixed (2017),2017-02-07,393,B,GYPSY LASS,F,CANDY RIDE (ARG),IRISH GYPSY,HENNESSY,MULHOLLAND FARM AGENT,NOT SOLD,9500,,2013-01-23,KENTUCKY,10,,,MULHOLLAND FARM AGENT,BP,,
Kentucky Winter Mixed (2017),2017-02-07,394,DKB,,F,ARCHARCHARCH,HALIE'S WILD,WILD AND WICKED,PARAMOUNT SALES AGENT XIX,NOT SOLD,1000,,2016-03-04,KENTUCKY,5,,,PARAMOUNT SALES AGENT XIX,Y,,
Kentucky Winter Mixed (2017),2017-02-07,395,DKB,,C,DAAHER,HALLIE AND BETH,DAYJUR,BLUEWATER SALES LLC AGENT VII,DARRS INC /JAMES BREDIN AGENT,14000,,2016-04-27,KENTUCKY,8,,,BLUEWATER SALES LLC AGENT VII,Y,,
Kentucky Winter Mixed (2017),2017-02-07,396,CH,HALO VICTORY,M,VICTORY GALLOP,FLYING RED JET,HALO,PARAMOUNT SALES AGENT XIV,CRUPPER BLOODSTOCK,5000,,2004-02-24,KENTUCKY,5,KANTHAROS,2016-05-17,PARAMOUNT SALES AGENT XIV,B,,
Kentucky Winter Mixed (2017),2017-02-07,397,B,,C,DECLARATION OF WAR,HAMSIN,DYNAFORMER,PARAMOUNT SALES AGENT X,NOT SOLD,30000,,2016-03-25,KENTUCKY,5,,,PARAMOUNT SALES AGENT X,Y,,
Kentucky Winter Mixed (2017),2017-02-07,398,DKB,HAPPILY EVER,F,SMART STRIKE,HAPPINESS IS,DYNAFORMER,DENALI STUD (CRAIG & HOLLY BANDOROFF) AGENT V,NOT SOLD,70000,,2012-05-28,FLORIDA,1,UNION RAGS,2016-05-20,DENALI STUD (CRAIG & HOLLY BANDOROFF) AGENT V,B,,
Kentucky Winter Mixed (2017),2017-02-07,399,GRR,,C,HONORABLE DILLON,HAPPY BIRD,SHOWING UP,STUART MORRIS AGENT IV,TOMMY WENTE,1000,,2016-01-01,NEW YORK,4,,,STUART MORRIS AGENT IV,Y,,
Kentucky Winter Mixed (2017),2017-02-07,400,DKB,HAPPY ELOISE,F,DON'T GET MAD,SPEAK ELOISE,SPEAK,VINERY SALES AGENT FOR DISPERSAL OF ROCKIN Z RANCH,BURTON K SIPP,3200,,2014-02-24,OKLAHOMA,14,,,VINERY SALES AGENT FOR DISPERSAL OF ROCKIN Z RANCH,RB,,
Kentucky Winter Mixed (2017),2017-02-07,401,B,HAVANA MISS,F,ZANJERO,MISSY TURTLE,KYLE'S OUR MAN,SELECT SALES AGENT V,NOT SOLD,19000,,2013-05-15,KENTUCKY,6,FIRST SAMURAI,2016-04-02,SELECT SALES AGENT V,B,,
Kentucky Winter Mixed (2017),2017-02-07,402,DKB,,F,TALE OF EKATI,HEART LAKE,UNBRIDLED,FOUR STAR SALES AGENT FOR WILLIAM D. GRAHAM (WINDHAVEN FARM),STICK CITY STABLES,35000,,2016-03-14,ONTARIO,11,,,FOUR STAR SALES AGENT FOR WILLIAM D. GRAHAM (WINDHAVEN FARM),Y,,
Kentucky Winter Mixed (2017),2017-02-07,403,B,HEAVENLY TAP,F,TAPIT,ENHANCING,FORESTRY,TAYLOR MADE SALES AGENCY AGENT XXII,OUT,0,,2013-04-04,KENTUCKY,2,,,TAYLOR MADE SALES AGENCY AGENT XXII,BP,,
Kentucky Winter Mixed (2017),2017-02-07,404,B,HELLO DALI,F,HENRYTHENAVIGATOR,FITTED CROWN,CHIEF'S CROWN,SHAWHAN PLACE LLC AGENT,BLUE HEN BLOODSTOCK,18000,Y,2013-04-28,KENTUCKY,3,,,SHAWHAN PLACE LLC AGENT,BP,,
Kentucky Winter Mixed (2017),2017-02-07,405,CH,HEROESS,M,STREET HERO,SNAZZY,KRIS S.,LANGSEM FARM INC.,RACHID BROTHERS,3000,,2011-04-14,OHIO,10,ALGORITHMS,2016-05-08,LANGSEM FARM INC.,B,,
Kentucky Winter Mixed (2017),2017-02-07,406,B,,C,OVERANALYZE,HIDDEN MUSIC,ELUSIVE QUALITY,STUART MORRIS AGENT IV,SUSAN M FORRESTER,1700,Y,2016-01-19,NEW YORK,4,,,STUART MORRIS AGENT IV,Y,,
Kentucky Winter Mixed (2017),2017-02-07,407,CH,,C,MARK VALESKI,HIGH IN THE PARK,ASCOT KNIGHT,LEGACY BLOODSTOCK AGENT III,BONA TERRA STUD AGENT,3000,,2016-02-22,FLORIDA,10,,,LEGACY BLOODSTOCK AGENT III,Y,,
Kentucky Winter Mixed (2017),2017-02-07,408,B,HOGAN BEACH,M,HARLAN'S HOLIDAY,RUNNIN WONDER,CHIMES BAND,HUNTER VALLEY FARM AGENT,RICHARD HOGAN AGENT FOR COLEBROOK FARMS,30000,Y,2006-04-13,MARYLAND,7,COMMISSIONER,2016-04-05,HUNTER VALLEY FARM AGENT,B,,
Kentucky Winter Mixed (2017),2017-02-07,409,CH,HOLIDAYSATTHEFARM,M,SMARTY JONES,QUALATATIVE,WOODMAN,HILL 'N' DALE SALES AGENCY AGENT,WHITFORD BLOODSTOCK,25000,,2008-02-16,FLORIDA,4,KANTHAROS,2016-06-05,HILL 'N' DALE SALES AGENCY AGENT,B,,
Kentucky Winter Mixed (2017),2017-02-07,410,GRR,HOLY LEGACY,F,UNBRIDLED'S SONG,POWERFUL PACKAGE,STAR DE NASKRA,TAYLOR MADE SALES AGENCY AGENT I,SPEEDMORE SALES,7500,,2013-03-07,FLORIDA,2,,,TAYLOR MADE SALES AGENCY AGENT I,BP,,
Kentucky Winter Mixed (2017),2017-02-07,411,CH,HONEYMOON MISS,M,SHOWING UP,STORM STRIP,COMIC STRIP,BUCKLAND SALES (ZACH MADDEN) AGENT,ARYA STARK,2000,,2011-03-19,KENTUCKY,10,GIANT GIZMO,2016-03-04,BUCKLAND SALES (ZACH MADDEN) AGENT,B,,
Kentucky Winter Mixed (2017),2017-02-07,412,CH,,C,EXHI,HONG KONG DANCER,TEJANO RUN,DENALI STUD (CRAIG & HOLLY BANDOROFF) AGENT VIII,NOT SOLD,8000,,2016-03-20,ONTARIO,1,,,DENALI STUD (CRAIG & HOLLY BANDOROFF) AGENT VIII,Y,,
Kentucky Winter Mixed (2017),2017-02-07,413,CH,HOT N HECTIC,F,HENNY HUGHES,WICKED WISH,GOLD CASE,COLUMBIANA FARM AGENT I,OUT,0,,2014-04-25,KENTUCKY,8,,,COLUMBIANA FARM AGENT I,BP,,
Kentucky Winter Mixed (2017),2017-02-07,414,B,,F,ANIMAL KINGDOM,HUG DOC,MEDAGLIA D'ORO,HIDDEN BROOK AGENT VII,SLF,6500,,2016-02-07,KENTUCKY,3,,,HIDDEN BROOK AGENT VII,Y,,
Kentucky Winter Mixed (2017),2017-02-07,415,B,HUMORUS DILEMMA,M,SHARP HUMOR,BIG TEASE,GOLD TOKEN,SOUTH POINT SALES AGENCY AGENT I,RICHARD HOGAN AGT FOR COLEBROOK FARMS,32000,,2010-05-13,NEW YORK,9,CONGRATS,2016-03-17,SOUTH POINT SALES AGENCY AGENT I,B,,
Kentucky Winter Mixed (2017),2017-02-07,416,DKB,HUNDRED YEAR STORM,F,WAR FRONT,MOSEY,GONE WEST,PARAMOUNT SALES AGENT XIV,OUT,0,,2012-03-02,KENTUCKY,5,,,PARAMOUNT SALES AGENT XIV,RB,,
Kentucky Winter Mixed (2017),2017-02-07,417,DKB,I BE ME,M,MINESHAFT,NYMPHETTE,DEVIL'S BAG,TRACKSIDE FARM (TOM EVANS) AGENT,SUZANNE M MUNDY,10000,,2011-03-18,KENTUCKY,8,GEMOLOGIST,2016-04-02,TRACKSIDE FARM (TOM EVANS) AGENT,B,,
Kentucky Winter Mixed (2017),2017-02-07,418,DKB,,C,VERRAZANO,I BE ME,MINESHAFT,TRACKSIDE FARM (TOM EVANS) AGENT,JAVIER ESTRADA,7000,,2016-02-24,KENTUCKY,8,,,TRACKSIDE FARM (TOM EVANS) AGENT,Y,,
Kentucky Winter Mixed (2017),2017-02-07,419,DKB,IDLING,M,EL ROBLAR,STERLING HEIGHTS,ROYAL ACADEMY,WATERSHED BLOODSTOCK LLC,OUT,0,,2011-03-17,ARIZONA,12,,,WATERSHED BLOODSTOCK LLC,BP,,
Kentucky Winter Mixed (2017),2017-02-07,420,CH,I GOT IT,F,MORE THAN READY,U R ALL THAT I AM,VALID WAGER,ROMAR LLC,RICK SHORT,2500,,2013-01-26,KENTUCKY,9,,,ROMAR LLC,BP,,
Kentucky Winter Mixed (2017),2017-02-07,421,DKB,IMPRESSIVE JEWEL,M,OUTFLANKER,STAVE,NAVAJO,TIMBER TOWN (MR. & MRS. T. WAYNE SWEEZEY) AGENT,OUT,0,,2003-03-12,FLORIDA,2,TAKE CHARGE INDY,2016-06-10,TIMBER TOWN (MR. & MRS. T. WAYNE SWEEZEY) AGENT,B,,
Kentucky Winter Mixed (2017),2017-02-07,422,CH,INDY SUE,M,INDYGO SHINER,DEBBIE SUE,CITIDANCER,BILL MURPHY AGENT III,OUT,0,,2011-02-01,KENTUCKY,13,JIMMY CREED,2016-02-24,BILL MURPHY AGENT III,B,,
Kentucky Winter Mixed (2017),2017-02-07,423,CH,,C,SKY MESA,INSTRUMENTALE (FR),PIVOTAL (GB),JAMES M. HERBENER JR. AGENT V,LADY OLIVIA AT NORTH CLIFF LLC,1000,,2016-04-08,KENTUCKY,7,,,JAMES M. HERBENER JR. AGENT V,Y,,
Kentucky Winter Mixed (2017),2017-02-07,424,B,,F,SUPER SAVER,INTERIM (IRE),ELUSIVE CITY,BUCKLAND SALES (ZACH MADDEN) AGENT,POLO GREEN STABLE AGENT,3000,,2015-08-09,KENTUCKY,10,,,BUCKLAND SALES (ZACH MADDEN) AGENT,RB,,
Kentucky Winter Mixed (2017),2017-02-07,425,B,,C,SAN PABLO,IN YOUR EYES,VISION AND VERSE,FOUR STAR SALES AGENT,NOT SOLD,1000,,2016-03-07,KENTUCKY,11,,,FOUR STAR SALES AGENT,Y,,
Kentucky Winter Mixed (2017),2017-02-07,426,GRR,,C,TAKE CHARGE INDY,IRISH SMOKE,SMOKE GLACKEN,JAMES B. KEOGH (GROVENDALE) AGENT VI,HARRY WEISLEDER,15000,,2016-05-05,KENTUCKY,15,,,JAMES B. KEOGH (GROVENDALE) AGENT VI,Y,,
Kentucky Winter Mixed (2017),2017-02-07,427,B,,C,HANDSOME MIKE,ITSMYLIFE,STORM CAT,STUART MORRIS AGENT III,NOT SOLD,1000,,2016-05-15,FLORIDA,4,,,STUART MORRIS AGENT III,Y,,
Kentucky Winter Mixed (2017),2017-02-07,428,DKB,ITSMYLUCKYTRACY,F,ITSMYLUCKYDAY,OMEGA CAT,OMEGA CODE,VINERY SALES AGENT FOR DISPERSAL OF ROCKIN Z RANCH,ROBERT GORHAM,1500,,2016-02-27,OKLAHOMA,14,,,VINERY SALES AGENT FOR DISPERSAL OF ROCKIN Z RANCH,Y,,
Kentucky Winter Mixed (2017),2017-02-07,429,CH,I WANT TO DUST HER,M,MASS MARKET,EXCITED ANGEL,REGAL REMARK,CHAPEL HILL FARM,JERRY RICK AYER,9000,,2010-03-23,BRITISH COLUMBI,10,TAPITURE,2016-04-01,CHAPEL HILL FARM,B,,
Kentucky Winter Mixed (2017),2017-02-07,430,DKB,,C,CREATIVE CAUSE,JACQUI'S PROMISE,LOUP SAUVAGE,STUART MORRIS AGENT II,NOT SOLD,37000,,2016-05-01,NEW YORK,4,,,STUART MORRIS AGENT II,Y,,
Kentucky Winter Mixed (2017),2017-02-07,431,B,,F,ATREIDES,JANIS'S JOY,BROKEN VOW,DARBY DAN FARM AGENT I,OUT,0,,2016-03-18,KENTUCKY,15,,,DARBY DAN FARM AGENT I,Y,,
Kentucky Winter Mixed (2017),2017-02-07,432,DKB,JAZZ IN THE CITY,F,TEMPLE CITY,JAZZY J J,JAMBALAYA JAZZ,BILL MURPHY AGENT III,OUT,0,,2012-03-08,OKLAHOMA,13,TAPITURE,2016-04-07,BILL MURPHY AGENT III,B,,
Kentucky Winter Mixed (2017),2017-02-07,433,GRR,JENNA J,F,ARCHARCHARCH,WHITE NILE,UNBRIDLED'S SONG,BILL MURPHY AGENT II,OUT,0,,2014-03-16,KENTUCKY,13,,,BILL MURPHY AGENT II,RB,,
Kentucky Winter Mixed (2017),2017-02-07,434,B,JERRY LOVE,M,NOT FOR LOVE,JERRY BOMB,EXPLOSIVE BID,TIMBER TOWN (MR. & MRS. T. WAYNE SWEEZEY) AGENT FOR R. S. EVANS,OUT,0,,2011-01-25,ARKANSAS,2,TONALIST,2016-03-26,TIMBER TOWN (MR. & MRS. T. WAYNE SWEEZEY) AGENT FOR R. S. EVANS,B,,
Kentucky Winter Mixed (2017),2017-02-07,435,DKB,JESSICAISBACKAGAIN,F,PUT IT BACK,JESSICA'S HALO,JOLIE'S HALO,ST GEORGE SALES AGENT VII,OUT,0,,2013-02-20,NEW YORK,8,,,ST GEORGE SALES AGENT VII,BP,,
Kentucky Winter Mixed (2017),2017-02-07,436,B,JESSICA Z,F,NOTIONAL,OMEGA CAT,OMEGA CODE,VINERY SALES AGENT FOR DISPERSAL OF ROCKIN Z RANCH,OUT,0,,2015-01-25,OKLAHOMA,14,,,VINERY SALES AGENT FOR DISPERSAL OF ROCKIN Z RANCH,RB,,
Kentucky Winter Mixed (2017),2017-02-07,437,DKB,JEWEL'S FOR KATE,F,EYE OF THE LEOPARD,JEWEL FOR A KING,STORM CAT,JOHN O'MEARA AGENT FOR MILESTONE FARM,SUMMER HILL FARM,3000,,2014-03-03,KENTUCKY,13,,,JOHN O'MEARA AGENT FOR MILESTONE FARM,RB,,
Kentucky Winter Mixed (2017),2017-02-07,438,B,J J'S PATTERN,M,LANGFUHR,WOOD PATTERN,WOODMAN,WOODFORD THOROUGHBREDS AGENT,OUT,0,,2011-05-14,KENTUCKY,4,VERRAZANO,2016-02-26,WOODFORD THOROUGHBREDS AGENT,B,,
Kentucky Winter Mixed (2017),2017-02-07,439,B,,F,LINE OF DAVID,JOHANNA HONEY,JOHANNESBURG,SCOTT MALLORY AGENT,JUSTIN EVANS,2000,,2016-04-12,KENTUCKY,7,,,SCOTT MALLORY AGENT,Y,,
Kentucky Winter Mixed (2017),2017-02-07,440,DKB,JOIE DE VIE,M,CLOUD COVER,DOC'S STORMY GIRL,DR. CATON,TAYLOR MADE SALES AGENCY AGENT IX,OUT,0,,2004-01-12,FLORIDA,2,,,TAYLOR MADE SALES AGENCY AGENT IX,B,,
Kentucky Winter Mixed (2017),2017-02-07,441,B,JOLENE,M,MALIBU MOON,VELVET SNOW,SUBORDINATION,TAYLOR MADE SALES AGENCY AGENT XXXV,LOUIS BROOKS,75000,,2011-04-07,KENTUCKY,2,,,TAYLOR MADE SALES AGENCY AGENT XXXV,BP,,
Kentucky Winter Mixed (2017),2017-02-07,442,DKB,,F,MACLEAN'S MUSIC,JOYCE,ROCK HARD TEN,DENALI STUD (CRAIG & HOLLY BANDOROFF) AGENT III,OUT,0,,2016-05-12,KENTUCKY,1,,,DENALI STUD (CRAIG & HOLLY BANDOROFF) AGENT III,Y,,
Kentucky Winter Mixed (2017),2017-02-07,443,DKB,J'S TWO STEP HALO,M,TWO STEP SALSA,J'S HAPPY HALO,SUNNY'S HALO,JAMES B. KEOGH (GROVENDALE) AGENT II,SANFORD STABLES,30000,Y,2011-05-02,FLORIDA,15,,,JAMES B. KEOGH (GROVENDALE) AGENT II,BP,,
Kentucky Winter Mixed (2017),2017-02-07,444,GRR,JUST A JINGLE,M,UNBRIDLED'S SONG,ALIZEA,PREMIERSHIP,PARAMOUNT SALES AGENT XVI,NOT SOLD,14000,,2003-03-27,KENTUCKY,5,WICKED STRONG,2016-05-03,PARAMOUNT SALES AGENT XVI,B,,
Kentucky Winter Mixed (2017),2017-02-07,445,B,CHANT FOR KITTEN,F,KITTEN'S JOY,HIGH CHANT,WAR CHANT,PARAMOUNT SALES AGENT XX,BULL O' THE WOODS STABLE,22500,Y,2013-04-05,KENTUCKY,5,,,PARAMOUNT SALES AGENT XX,BP,,
Kentucky Winter Mixed (2017),2017-02-07,446,B,,C,OMEGA CODE,KAKABOOM,LUCKY LIONEL,VINERY SALES AGENT FOR DISPERSAL OF ROCKIN Z RANCH,OUT,0,,2016-05-25,OKLAHOMA,14,,,VINERY SALES AGENT FOR DISPERSAL OF ROCKIN Z RANCH,Y,,
Kentucky Winter Mixed (2017),2017-02-07,447,CH,,C,REGAL RANSOM,KALISTOGA GIRL,TAPIT,MAINE CHANCE FARM (UNIVERSITY OF KENTUCKY),MARK DOERING AGENT FOR DAVID DOERING,8000,,2016-03-19,KENTUCKY,13,,,MAINE CHANCE FARM (UNIVERSITY OF KENTUCKY),Y,,
Kentucky Winter Mixed (2017),2017-02-07,448,GRR,KID SILVER,M,SILVER GHOST,DANDY KID,DANDY BINGE,PERRONE SALES LTD. AGENT,NOT SOLD,110000,,2002-03-20,KENTUCKY,9,PALACE MALICE,2016-06-12,PERRONE SALES LTD. AGENT,B,,
Kentucky Winter Mixed (2017),2017-02-07,449,B,KILLER BIRD,F,SUMMER BIRD,STELLAR BABY,BRAHMS,SOUTH POINT SALES AGENCY AGENT,SOUTH POINT SALES AGENT FOR WILLIAM L JONES,27000,Y,2012-02-14,KENTUCKY,9,,,SOUTH POINT SALES AGENCY AGENT,RB,,
Kentucky Winter Mixed (2017),2017-02-07,450,B,,F,WARRIOR'S REWARD,KIMONO,BERNARDINI,WOODFORD THOROUGHBREDS AGENT,OUT,0,,2016-01-15,KENTUCKY,4,,,WOODFORD THOROUGHBREDS AGENT,Y,,
Kentucky Winter Mixed (2017),2017-02-07,451,B,KIMONO,M,BERNARDINI,RUNNIN UTE,GONE WEST,WOODFORD THOROUGHBREDS AGENT,OUT,0,,2010-04-05,KENTUCKY,4,INTO MISCHIEF,2016-02-22,WOODFORD THOROUGHBREDS AGENT,B,,
Kentucky Winter Mixed (2017),2017-02-07,452,CH,KINSALE LASS,M,ROYAL ACADEMY,LISIEUX,STEADY GROWTH,BLUEWATER SALES LLC AGENT IV,OUT,0,,2003-04-20,KENTUCKY,8,STAY THIRSTY,2016-04-04,BLUEWATER SALES LLC AGENT IV,B,,
Kentucky Winter Mixed (2017),2017-02-07,453,B,,C,DATA LINK,KINSALE LASS,ROYAL ACADEMY,BLUEWATER SALES LLC AGENT IV,NOT SOLD,2000,,2016-03-03,KENTUCKY,8,,,BLUEWATER SALES LLC AGENT IV,Y,,
Kentucky Winter Mixed (2017),2017-02-07,454,DKB,,C,SHACKLEFORD,KIVI KHAN,SKY MESA,SHELTOWEE SALES AGENT,LAST CHANCE FARM,16000,,2016-03-29,KENTUCKY,6,,,SHELTOWEE SALES AGENT,Y,,
Kentucky Winter Mixed (2017),2017-02-07,455,B,KNOW CLOUDS,F,HENRYTHENAVIGATOR,DYNAMIC CAT,DYNAFORMER,MILL RIDGE SALES AGENT,MCCAULEY FARM,70000,,2013-04-06,PENNSYLVANIA,1,,,MILL RIDGE SALES AGENT,BP,,
Kentucky Winter Mixed (2017),2017-02-07,456,DKB,,F,SHAKIN IT UP,KWICK WICK,LITE THE FUSE,PARAMOUNT SALES AGENT VI,OUT,0,,2016-02-25,KENTUCKY,5,,,PARAMOUNT SALES AGENT VI,Y,,
Kentucky Winter Mixed (2017),2017-02-07,457,B,,F,FIRST DEFENCE,LA BRESILIENNE,GRAND SLAM,INDIAN CREEK AGENT,MAXIS STABLE,12000,,2016-05-05,KENTUCKY,3,,,INDIAN CREEK AGENT,Y,,
Kentucky Winter Mixed (2017),2017-02-07,458,GRR,L. A. DEVINE,M,PULPIT,SUNNY LAUGH,RELAUNCH,TIMBER TOWN (MR. & MRS. T. WAYNE SWEEZEY) AGENT,OUT,0,,2006-02-20,KENTUCKY,2,VIOLENCE,2016-05-10,TIMBER TOWN (MR. & MRS. T. WAYNE SWEEZEY) AGENT,B,,
Kentucky Winter Mixed (2017),2017-02-07,459,CH,,F,HAYNESFIELD,LADY JOLIE,STORMY ATLANTIC,MILLFORD FARM (MR. & MRS. ROBERT S. WEST JR.) AGENT II,DAN LAKE,2000,,2015-04-19,KENTUCKY,12,,,MILLFORD FARM (MR. & MRS. ROBERT S. WEST JR.) AGENT II,RA,,
Kentucky Winter Mixed (2017),2017-02-07,460,B,,C,AFLEET ALEX,LA GRANGE,CURLIN,TIMBER TOWN (MR. & MRS. T. WAYNE SWEEZEY) AGENT FOR R. S. EVANS,DENNIS R EJACK AGENT FOR JAMIE DEMETRICK,9500,,2016-04-14,KENTUCKY,2,,,TIMBER TOWN (MR. & MRS. T. WAYNE SWEEZEY) AGENT FOR R. S. EVANS,Y,,
Kentucky Winter Mixed (2017),2017-02-07,461,B,,C,BADGE OF SILVER,LAKE LUGANO,FRIENDS LAKE,LEGACY BLOODSTOCK AGENT III,CAL BRITTON,2300,,2016-02-28,KENTUCKY,10,,,LEGACY BLOODSTOCK AGENT III,Y,,
Kentucky Winter Mixed (2017),2017-02-07,462,GRR,LAKEVIEW DRIVE,F,THE FACTOR,SAMAMTHA WHO,SULTRY SONG,TARLETON FARM AGENT,OUT,0,,2014-04-24,KENTUCKY,9,,,TARLETON FARM AGENT,RB,,
Kentucky Winter Mixed (2017),2017-02-07,463,B,LANGUAGE OF LOVE,M,LANGFUHR,GLENCOE CHURCH,CAPOTE,DARBY DAN FARM AGENT VII,OUT,0,,2011-04-30,FLORIDA,15,MACHO UNO,2016-04-15,DARBY DAN FARM AGENT VII,B,,
Kentucky Winter Mixed (2017),2017-02-07,464,B,LA PIBA,F,LOOKIN AT LUCKY,PERFECT SOLUTION,SEEKING THE GOLD,GREENFIELD FARM (B. D. GIBBS FARM LLC) AGENT,OUT,0,,2013-04-11,KENTUCKY,9,,,GREENFIELD FARM (B. D. GIBBS FARM LLC) AGENT,RB,,
Kentucky Winter Mixed (2017),2017-02-07,465,GRR,LATASENSE,M,STREET SENSE,PLATA,SKIP AWAY,WATERSHED BLOODSTOCK LLC,DESHAUN WATSON,2000,,2010-05-20,MARYLAND,12,,,WATERSHED BLOODSTOCK LLC,B,,
Kentucky Winter Mixed (2017),2017-02-07,466,GRR,,C,HONORABLE DILLON,LATORI,UNACCOUNTED FOR,STUART MORRIS AGENT IV,DEAN PURDOM,14000,,2016-04-28,NEW YORK,4,,,STUART MORRIS AGENT IV,Y,,
Kentucky Winter Mixed (2017),2017-02-07,467,B,LAWYER BROCKMEYER,M,LAWYER RON,OCEAN RIDGE,STORM BIRD,DENALI STUD (CRAIG & HOLLY BANDOROFF) AGENT VII,OUT,0,,2009-03-06,KENTUCKY,1,TEMPLE CITY,2016-05-20,DENALI STUD (CRAIG & HOLLY BANDOROFF) AGENT VII,B,,
Kentucky Winter Mixed (2017),2017-02-07,468,DKB,LEFREAKCESTCHIC,F,BELLAMY ROAD,SO CHIC,PRIVATE TERMS,TAYLOR MADE SALES AGENCY AGENT IV,ED PRICE FOR STEVE LONG,14000,,2012-01-29,KENTUCKY,2,COMPETITIVE EDGE,2016-04-07,TAYLOR MADE SALES AGENCY AGENT IV,B,,
Kentucky Winter Mixed (2017),2017-02-07,469,B,,F,UNCLE MO,LEMON LADY,LEMON DROP KID,PARAMOUNT SALES AGENT IX,OUT,0,,2015-04-05,KENTUCKY,5,,,PARAMOUNT SALES AGENT IX,BP,,
Kentucky Winter Mixed (2017),2017-02-07,470,DKB,L' ESPOIR,F,PULPIT,TARHEEL GIRL,SILVER CHARM,BUCKLAND SALES (ZACH MADDEN) AGENT,OUT,0,,2012-03-09,KENTUCKY,10,STRONG MANDATE,2016-05-31,BUCKLAND SALES (ZACH MADDEN) AGENT,B,,
Kentucky Winter Mixed (2017),2017-02-07,471,B,,F,MARK VALESKI,LET'S PARK,DIVINE PARK,LEGACY BLOODSTOCK AGENT III,JAMES JENKINS,2500,,2016-02-03,KENTUCKY,10,,,LEGACY BLOODSTOCK AGENT III,Y,,
Kentucky Winter Mixed (2017),2017-02-07,472,B,,C,FLAT OUT,LETTRE SPIRITUELLE (GB),INVINCIBLE SPIRIT (IRE),FOUNDATIONS FARM AGENT,NOT SOLD,7500,,2016-03-06,KENTUCKY,9,,,FOUNDATIONS FARM AGENT,Y,,
Kentucky Winter Mixed (2017),2017-02-07,473,B,LIKELY,F,TIZNOW,POSITIVELYCHARMING,PULPIT,HILL 'N' DALE SALES AGENCY AGENT,CHAMPION RACING STABLE,7000,,2015-05-13,KENTUCKY,4,,,HILL 'N' DALE SALES AGENCY AGENT,RB,,
Kentucky Winter Mixed (2017),2017-02-07,474,B,LIL' BUNNY FOO FOO,F,COLONEL JOHN,TREE PIPIT,WOODMAN,DARBY DAN FARM AGENT V,KATHIE MAYBEE,1000,,2013-04-18,KENTUCKY,15,CAN THE MAN,2016-03-04,DARBY DAN FARM AGENT V,B,,
Kentucky Winter Mixed (2017),2017-02-07,475,DKB,LILY OF THE NILE,F,PIONEEROF THE NILE,LIL INDY,ANASHEED,BILL MURPHY AGENT X,FRED HERTRICH III,3000,,2013-02-26,KENTUCKY,13,,,BILL MURPHY AGENT X,RB,,
Kentucky Winter Mixed (2017),2017-02-07,476,DKB,,F,AWESOME PATRIOT,LIMITED RISK,HENRYTHENAVIGATOR,DENALI STUD (CRAIG & HOLLY BANDOROFF) AGENT IV,NOT SOLD,1000,,2016-02-26,KENTUCKY,1,,,DENALI STUD (CRAIG & HOLLY BANDOROFF) AGENT IV,Y,,
Kentucky Winter Mixed (2017),2017-02-07,477,DKB,LISBONVALE,M,ARCHERS BAY,KATYROADPINK,ALLEN'S PROSPECT,FOUR STAR SALES AGENT,DAVID BOGUE,1000,,2002-02-06,ONTARIO,11,SAN PABLO,2016-05-11,FOUR STAR SALES AGENT,B,,
Kentucky Winter Mixed (2017),2017-02-07,478,B,,F,SAN PABLO,LISBONVALE,ARCHERS BAY,FOUR STAR SALES AGENT,NOT SOLD,1000,,2016-03-31,KENTUCKY,11,,,FOUR STAR SALES AGENT,Y,,
Kentucky Winter Mixed (2017),2017-02-07,479,GRR,LITTLEMISSATTITUDE,M,ALPHABET SOUP,RUCIELO,RUBIANO,SOUTH POINT SALES AGENCY AGENT II,OUT,0,,2009-03-30,FLORIDA,9,ASTROLOGY,2016-05-24,SOUTH POINT SALES AGENCY AGENT II,B,,
Kentucky Winter Mixed (2017),2017-02-07,480,CH,LONDYN PEYTON,M,SWISS YODELER,BLUE COUNTRY,GREY DAWN II,ANDREW STRONACH,DONNA HARRINGTON,6500,,2009-02-14,CALIFORNIA,13,MUSKETIER,2016-03-24,ANDREW STRONACH,B,,
Kentucky Winter Mixed (2017),2017-02-07,481,B,LOOKIN FOR MONEY,F,LOOKIN AT LUCKY,LOVE OR MONEY,CORONADO'S QUEST,PARAMOUNT SALES AGENT XIV,OUT,0,,2012-03-23,KENTUCKY,5,,,PARAMOUNT SALES AGENT XIV,RB,,
Kentucky Winter Mixed (2017),2017-02-07,482,DKB,LOOKS STRONG,M,STRONG HOPE,SLEWVEAU,SLEW O' GOLD,SCOTT MALLORY AGENT I,RACHID BROTHERS,1000,,2006-04-12,KENTUCKY,7,,,SCOTT MALLORY AGENT I,B,,
Kentucky Winter Mixed (2017),2017-02-07,483,B,LOOKTHEOTHERWAY,F,FAPPIE'S NOTEBOOK,SENSATIONAL LOVE,WAR CHANT,TAYLOR MADE SALES AGENCY AGENT XII,OUT,0,,2014-01-17,ARIZONA,2,,,TAYLOR MADE SALES AGENCY AGENT XII,RB,,
Kentucky Winter Mixed (2017),2017-02-07,484,B,,F,YES IT'S TRUE,LOVE AT NOON,AFTERNOON DEELITES,JAMES M. HERBENER JR. AGENT II,OUT,0,,2016-05-03,KENTUCKY,7,,,JAMES M. HERBENER JR. AGENT II,Y,,
Kentucky Winter Mixed (2017),2017-02-07,485,B,,F,MAJESTICPERFECTION,LOVERS LANE,BELLAMY ROAD,SCOTT MALLORY AGENT I,RONNIE HALE,1200,,2015-02-16,KENTUCKY,7,,,SCOTT MALLORY AGENT I,BP,,
Kentucky Winter Mixed (2017),2017-02-07,486,CH,LOVE WALKED IN,M,STORM CAT,PHONE CHATTER,PHONE TRICK,DENALI STUD (CRAIG & HOLLY BANDOROFF) AGENT XII,MARE MADNESS 2,63000,,2003-02-24,KENTUCKY,1,CITY ZIP,2016-03-13,DENALI STUD (CRAIG & HOLLY BANDOROFF) AGENT XII,B,,
Kentucky Winter Mixed (2017),2017-02-07,487,B,,C,SHACKLEFORD,LUCKY BLACK,HARD SPUN,PARAMOUNT SALES AGENT V,NOT SOLD,9000,,2016-03-13,KENTUCKY,5,,,PARAMOUNT SALES AGENT V,Y,,
Kentucky Winter Mixed (2017),2017-02-07,488,DKB,,F,CAIRO PRINCE,LUMINAIRE MYSTIQUE,FORESTRY,SELECT SALES AGENT XI,OUT,0,,2016-05-10,KENTUCKY,6,,,SELECT SALES AGENT XI,Y,,
Kentucky Winter Mixed (2017),2017-02-07,489,B,LUNAR FEST,M,LUNARPAL,FESTIVE SCOUT,FESTIVE,JOHN O'MEARA AGENT FOR MILESTONE FARM,NOT SOLD,6000,,2007-03-28,LOUISIANA,13,ASTROLOGY,2016-04-10,JOHN O'MEARA AGENT FOR MILESTONE FARM,B,,
Kentucky Winter Mixed (2017),2017-02-07,490,CH,MAGIC FORTY WON,M,FORTY WON,LS BELIEVEINMAGIC,BELIEVE IT,ANDREW STRONACH,NOT SOLD,1500,,2009-05-10,LOUISIANA,13,MUSKETIER,2016-04-06,ANDREW STRONACH,B,,
Kentucky Winter Mixed (2017),2017-02-07,491,B,,C,TIZWAY,MAKE ME ADORABLE,EMPIRE MAKER,PARAMOUNT SALES AGENT XIX,SWITCH LANE RACING,6000,,2016-04-14,KENTUCKY,5,,,PARAMOUNT SALES AGENT XIX,Y,,
Kentucky Winter Mixed (2017),2017-02-07,492,B,MAKES MO CENTS,C,UNCLE MO,INFLICTION,STORMY ATLANTIC,BLUEWATER SALES LLC AGENT XI,ARTIC BLOODSTOCK,172000,,2016-02-07,KENTUCKY,8,,,BLUEWATER SALES LLC AGENT XI,Y,,
Kentucky Winter Mixed (2017),2017-02-07,493,B,MAKES PERFECTSENSE,F,STREET SENSE,SHAPPY,REALLY SECRET,SELECT SALES AGENT I,NOT SOLD,44000,,2013-03-13,KENTUCKY,6,GRAYDAR,2016-03-23,SELECT SALES AGENT I,B,,
Kentucky Winter Mixed (2017),2017-02-07,494,B,,F,PAYNTER,MALIBU QUEEN,MALIBU MOON,FOUR STAR SALES AGENT FOR WILLIAM D. GRAHAM (WINDHAVEN FARM),HARRY WEISLEDER,7000,,2016-03-10,ONTARIO,11,,,FOUR STAR SALES AGENT FOR WILLIAM D. GRAHAM (WINDHAVEN FARM),Y,,
Kentucky Winter Mixed (2017),2017-02-07,495,B,,F,WARRIOR'S REWARD,MANANIYYA (IRE),ASHKALANI (IRE),INDIAN CREEK AGENT,LADY OLIVIA AT NORTH CLIFF LLC,1000,,2016-04-26,NEW YORK,3,,,INDIAN CREEK AGENT,Y,,
Kentucky Winter Mixed (2017),2017-02-07,496,DKB,MA PETITE,F,DISTORTED HUMOR,CARESSIVE,A.P. INDY,STUART MORRIS AGENT,ADENA SPRINGS,45000,,2013-03-27,KENTUCKY,4,,,STUART MORRIS AGENT,RB,,
Kentucky Winter Mixed (2017),2017-02-07,497,B,MARCH ON,M,WAR FRONT,STROLL BY,STROLL,ST GEORGE SALES AGENT VII,OUT,0,,2012-02-16,KENTUCKY,8,,,ST GEORGE SALES AGENT VII,BP,,
Kentucky Winter Mixed (2017),2017-02-07,498,DKB,,F,HAT TRICK (JPN),MARISA'S MAGIC,WAR CHANT,INDIAN CREEK AGENT,KENNETH BALDWIN,1500,,2016-04-28,PENNSYLVANIA,3,,,INDIAN CREEK AGENT,Y,,
Kentucky Winter Mixed (2017),2017-02-07,499,CH,,F,GIO PONTI,MARZI,DEFRERE,MILLFORD FARM (MR. & MRS. ROBERT S. WEST JR.) AGENT II,DAN LAKE,2000,,2016-05-10,KENTUCKY,12,,,MILLFORD FARM (MR. & MRS. ROBERT S. WEST JR.) AGENT II,Y,,
Kentucky Winter Mixed (2017),2017-02-07,500,CH,MARZI,M,DEFRERE,SILHOUETTE,STAR CHOICE,MILLFORD FARM (MR. & MRS. ROBERT S. WEST JR.) AGENT II,NOT SOLD,1000,,1999-03-06,KENTUCKY,12,,,MILLFORD FARM (MR. & MRS. ROBERT S. WEST JR.) AGENT II,B,,
Kentucky Winter Mixed (2017),2017-02-07,501,CH,ME AND MISS JONES,M,SMARTY JONES,FOREST HEIRESS,FOREST WILDCAT,SELECT SALES AGENT VIII,OUT,0,,2006-01-14,KENTUCKY,6,WICKED STRONG,2016-04-04,SELECT SALES AGENT VIII,B,,
Kentucky Winter Mixed (2017),2017-02-07,502,CH,,C,GOLDENCENTS,MECANIQUE,MARIA'S MON,MEADOWLARK VALLEY SALES AGENT,MACHMER HALL,47000,,2016-03-31,KENTUCKY,7,,,MEADOWLARK VALLEY SALES AGENT,Y,,
Kentucky Winter Mixed (2017),2017-02-07,503,B,MEMA,M,UNBRIDLED'S SONG,OUR SEATTLE STAR,SEATTLE SONG,TAYLOR MADE SALES AGENCY AGENT XX,SPRINGLAND FARM,65000,Y,2010-03-28,KENTUCKY,2,COMPETITIVE EDGE,2016-05-18,TAYLOR MADE SALES AGENCY AGENT XX,B,,
Kentucky Winter Mixed (2017),2017-02-07,504,DKB,MERRYMAKING,F,PARADING,SUGAH,PROCIDA,ROMAR LLC,PAT MCBRIDE,1200,,2012-05-05,KENTUCKY,9,,,ROMAR LLC,BP,,
Kentucky Winter Mixed (2017),2017-02-07,505,DKB,META MU,F,STREET SENSE,CHATIQUE,DEPUTY MINISTER,BURLESON FARMS AGENT,MCMAHON & HILL BLDSTCK AGENT,30000,,2012-03-01,KENTUCKY,10,,,BURLESON FARMS AGENT,BP,,
Kentucky Winter Mixed (2017),2017-02-07,506,DKB,MIA'S FIRST,M,MALABAR GOLD,HONORABLE PEACE,HONOR GRADES,BLAKE-ALBINA THOROUGHBRED SERVICES LLC AGENT,OUT,0,,2006-04-09,KENTUCKY,12,BIG BROWN,2016-05-19,BLAKE-ALBINA THOROUGHBRED SERVICES LLC AGENT,B,,
Kentucky Winter Mixed (2017),2017-02-07,507,CH,MICROBURST,F,AWESOME AGAIN,GOLDFIELD,YES IT'S TRUE,HIDDEN BROOK AGENT I,OUT,0,,2012-02-03,KENTUCKY,3,,,HIDDEN BROOK AGENT I,RB,,
Kentucky Winter Mixed (2017),2017-02-07,508,B,MIGHTY NICE RAGS,F,UNION RAGS,HOW PLEASANT,DISTORTED HUMOR,SELECT SALES AGENT FOR COTEAU GROVE FARMS LLC,OUT,0,,2014-03-09,KENTUCKY,6,,,SELECT SALES AGENT FOR COTEAU GROVE FARMS LLC,RB,,
Kentucky Winter Mixed (2017),2017-02-07,509,B,MILLE BACI,F,COLONEL JOHN,KEW GARDEN,SEATTLE SLEW,BILL MURPHY AGENT,CHAMPION RACING STABLE,3500,,2014-04-11,KENTUCKY,13,,,BILL MURPHY AGENT,RB,,
Kentucky Winter Mixed (2017),2017-02-07,510,DKB,MILWAUKEE RED,M,MILWAUKEE BREW,SCARLET SLIPPER,RED RANSOM,SHAWHAN PLACE LLC AGENT,CECIL O SEAMAN AGENT,5000,,2011-03-05,ONTARIO,3,,,SHAWHAN PLACE LLC AGENT,BP,,
Kentucky Winter Mixed (2017),2017-02-07,511,B,MISS CURLEY D'ORO,M,CURLIN,HUG IT OUT,MEDAGLIA D'ORO,WATERSHED BLOODSTOCK LLC,OLYMPIA STAR INC,10000,,2011-02-12,KENTUCKY,12,OVERANALYZE,2016-04-04,WATERSHED BLOODSTOCK LLC,B,,
Kentucky Winter Mixed (2017),2017-02-07,512,CH,MISS FOREST CITY,M,CORONADO'S QUEST,SMOOTH CHARMER,EASY GOER,ST GEORGE SALES AGENT I,AMBER FAWCETT,1000,,2004-03-31,KENTUCKY,8,,,ST GEORGE SALES AGENT I,B,,
Kentucky Winter Mixed (2017),2017-02-07,513,B,,C,MIDSHIPMAN,MISS HISSY FIT,ALDEBARAN,MAINE CHANCE FARM (UNIVERSITY OF KENTUCKY),E MCCARROLL HOLDINGS,6500,,2016-04-19,KENTUCKY,13,,,MAINE CHANCE FARM (UNIVERSITY OF KENTUCKY),Y,,
Kentucky Winter Mixed (2017),2017-02-07,514,GRR,,C,FLASHBACK,MISS LEDERHOSEN,VALID EXPECTATIONS,TANGLEWOOD FARM (MIKE DOWD),LAST CHANCE BLOODSTOCK,25000,,2016-04-18,KENTUCKY,9,,,TANGLEWOOD FARM (MIKE DOWD),Y,,
Kentucky Winter Mixed (2017),2017-02-07,515,B,MISS LUNA,M,HENNY HUGHES,IN HER GLORY,MISWAKI,TAYLOR MADE SALES AGENCY AGENT V,OUT,0,,2010-04-24,KENTUCKY,2,TWIRLING CANDY,2016-05-20,TAYLOR MADE SALES AGENCY AGENT V,B,,
Kentucky Winter Mixed (2017),2017-02-07,516,B,MISS OTIS,F,TALE OF THE CAT,LIZ HUNTER,SMART STRIKE,JAMES M. HERBENER JR. AGENT I,BALLAYUTO RACING STABLE LLC,13000,,2013-03-03,KENTUCKY,7,,,JAMES M. HERBENER JR. AGENT I,RB,,
Kentucky Winter Mixed (2017),2017-02-07,517,CH,,F,TRAPPE SHOT,MISS SHIPLEY,JOHANNESBURG,SOVEREIGN FARM AGENT,NOT SOLD,9500,,2016-04-28,KENTUCKY,7,,,SOVEREIGN FARM AGENT,Y,,
Kentucky Winter Mixed (2017),2017-02-07,518,DKB,,F,OXBOW,MISS TEN,ROCK HARD TEN,DENALI STUD (CRAIG & HOLLY BANDOROFF) AGENT V,R & R RACING,10000,,2016-03-08,KENTUCKY,1,,,DENALI STUD (CRAIG & HOLLY BANDOROFF) AGENT V,Y,,
Kentucky Winter Mixed (2017),2017-02-07,519,B,MISS VINDICTIVE,M,STEPHEN GOT EVEN,MISS POPULARITY,STORM BIRD,MEADOWLARK VALLEY SALES AGENT,OUT,0,,2007-04-23,KENTUCKY,7,VERRAZANO,2016-04-04,MEADOWLARK VALLEY SALES AGENT,B,,
Kentucky Winter Mixed (2017),2017-02-07,520,B,MISS WINED UP,M,ROMAN RULER,MISS WINESHINE,WOLF POWER (SAF),PARAMOUNT SALES AGENT XI,OUT,0,,2007-05-14,KENTUCKY,5,JUSTIN PHILLIP,2016-03-29,PARAMOUNT SALES AGENT XI,B,,
Kentucky Winter Mixed (2017),2017-02-07,521,B,,C,STREET SENSE,MISSYOULIKECRAZY,LION HEART,JAMES M. HERBENER JR. AGENT III,FIRST FINDS,35000,,2016-03-18,NEW YORK,7,,,JAMES M. HERBENER JR. AGENT III,Y,,
Kentucky Winter Mixed (2017),2017-02-07,522,B,MISTY WARRIOR,F,WARRIOR'S REWARD,GULCHIC,GULCH,WATERSHED BLOODSTOCK LLC,SALTERS ALLIANCE THOROUGHBREDS,1200,,2012-04-14,KENTUCKY,12,JERSEY TOWN,2016-05-09,WATERSHED BLOODSTOCK LLC,B,,
Kentucky Winter Mixed (2017),2017-02-07,523,B,MIZ LIZ,F,STORMY ATLANTIC,UNBRIDLED SIDNEY,UNBRIDLED'S SONG,JAMES B. KEOGH (GROVENDALE) AGENT I,OUT,0,,2013-02-26,KENTUCKY,15,,,JAMES B. KEOGH (GROVENDALE) AGENT I,BP,,
Kentucky Winter Mixed (2017),2017-02-07,524,B,MOMENT OF DELIGHT,F,A. P. WARRIOR,SWEETNESS,STORMY ATLANTIC,TAYLOR MADE SALES AGENCY AGENT XVI,OUT,0,,2012-03-16,FLORIDA,2,,,TAYLOR MADE SALES AGENCY AGENT XVI,RB,,
Kentucky Winter Mixed (2017),2017-02-07,525,B,MOON CONFIDENTIAL,F,MALIBU MOON,BLUE MOON (FR),LOMITAS (GB),SELECT SALES AGENT I,NOT SOLD,100000,,2012-01-29,KENTUCKY,6,STREET SENSE,2016-05-19,SELECT SALES AGENT I,B,,
Kentucky Winter Mixed (2017),2017-02-07,526,B,,F,DIALED IN,MOONLIGHT BREW,MILWAUKEE BREW,FOUNDATIONS FARM AGENT,NOT SOLD,4000,,2016-04-02,KENTUCKY,9,,,FOUNDATIONS FARM AGENT,Y,,
Kentucky Winter Mixed (2017),2017-02-07,527,CH,MOONS OVER ME,F,MAJESTICPERFECTION,ENNUI,GONE WEST,TAYLOR MADE SALES AGENCY AGENT XVII,OUT,0,,2012-04-01,KENTUCKY,2,ASTROLOGY,2016-05-23,TAYLOR MADE SALES AGENCY AGENT XVII,B,,
Kentucky Winter Mixed (2017),2017-02-07,528,DKB,MORE THAN MAGIC,M,MORE THAN READY,MAGICAL MEADOW,MEADOWLAKE,JAMES B. KEOGH (GROVENDALE) AGENT VII,JODY HUCKABAY AGENT,25000,,2006-05-16,VIRGINIA,15,FIRST SAMURAI,2016-03-16,JAMES B. KEOGH (GROVENDALE) AGENT VII,B,,
Kentucky Winter Mixed (2017),2017-02-07,529,DKB,,C,TEMPLE CITY,MORNING RIDGE,QUAKER RIDGE,HIDDEN BROOK AGENT I,PATIENCE JAZDZEWSKI,1500,,2016-02-26,NEW YORK,3,,,HIDDEN BROOK AGENT I,Y,,
Kentucky Winter Mixed (2017),2017-02-07,530,B,,C,VIOLENCE,MOSHE DIANE,POLLARD'S VISION,HILL 'N' DALE SALES AGENCY AGENT,EAST HICKMAN BLOODSTOCK,35000,,2016-03-16,KENTUCKY,4,,,HILL 'N' DALE SALES AGENCY AGENT,Y,,
Kentucky Winter Mixed (2017),2017-02-07,531,B,MOTION LOUNGE,M,ROCKPORT HARBOR,PURELY SURPRIZED,PURE PRIZE,SELECT SALES AGENT I,SPEEDMORE SALE,9000,,2009-03-19,NEW YORK,6,,,SELECT SALES AGENT I,B,,
Kentucky Winter Mixed (2017),2017-02-07,532,GRR,MOULTON,F,ARCH,RAPID RACER,FOREST WILDCAT,TAYLOR MADE SALES AGENCY AGENT VI,WILLIE DIX,20000,,2013-02-04,KENTUCKY,2,,,TAYLOR MADE SALES AGENCY AGENT VI,RB,,
Kentucky Winter Mixed (2017),2017-02-07,533,DKB,MRS HOWARD,F,TEMPLE CITY,AUNT GLO,AWESOME AGAIN,VINERY SALES AGENT FOR DISPERSAL OF ROCKIN Z RANCH,OUT,0,,2015-02-10,OKLAHOMA,14,,,VINERY SALES AGENT FOR DISPERSAL OF ROCKIN Z RANCH,RB,,
Kentucky Winter Mixed (2017),2017-02-07,534,DKB,MUCHACHA MACHO,M,MACHO UNO,VIRDEN,TACTICAL CAT,BILL MURPHY AGENT I,HAROLD D BRANDENBURG,2000,,2010-03-24,KENTUCKY,13,HAYNESFIELD,2016-05-08,BILL MURPHY AGENT I,B,,
Kentucky Winter Mixed (2017),2017-02-07,535,B,,F,PAYNTER,MUCHACHA MACHO,MACHO UNO,BILL MURPHY AGENT I,THOMAS L TODD,5000,,2016-04-27,KENTUCKY,13,,,BILL MURPHY AGENT I,Y,,
Kentucky Winter Mixed (2017),2017-02-07,536,B,MY DEAR REGINA,M,STEVIE WONDERBOY,BIC'S PICK,DEPUTY COMMANDER,GAINESWAY AGENT I,OUT,0,,2011-04-19,KENTUCKY,6,TO HONOR AND SERVE,2016-05-08,GAINESWAY AGENT I,B,,
Kentucky Winter Mixed (2017),2017-02-07,537,B,MY EXPRESSION,F,AFLEET EXPRESS,BE WITH ME,CORINTHIAN,DARBY DAN FARM AGENT,BURTON K SIPP,2000,,2014-04-14,KENTUCKY,15,,,DARBY DAN FARM AGENT,BP,,
Kentucky Winter Mixed (2017),2017-02-07,538,B,MY GIRL ANDY,M,EMPIRE MAKER,GO FIRST CLASS,EASY GOER,HILL 'N' DALE SALES AGENCY AGENT,BOWLING BLOODSTOCK,35000,,2010-04-20,ONTARIO,4,BAYERN,2016-04-10,HILL 'N' DALE SALES AGENCY AGENT,B,,
Kentucky Winter Mixed (2017),2017-02-07,539,B,MYKINDALADY,F,BODEMEISTER,MYKINDASAINT,SAINT BALLADO,FOUR STAR SALES AGENT,OLYMPIA STAR INC,2200,,2014-03-19,KENTUCKY,11,,,FOUR STAR SALES AGENT,RB,,
Kentucky Winter Mixed (2017),2017-02-07,540,B,,F,GIO PONTI,MY MAIN STARR,DEPUTY COMMANDER,PARAMOUNT SALES AGENT IV,HELEN T ANDREWS,25000,,2016-05-05,KENTUCKY,5,,,PARAMOUNT SALES AGENT IV,Y,,
Kentucky Winter Mixed (2017),2017-02-07,541,DKB,MY SISTER DIANE,M,GLITTERMAN,DIANA LOVE,RED RANSOM,ANDREW STRONACH,DONNA HARRINGTON,1000,Y,2003-02-21,KENTUCKY,13,MUSKETIER,2016-05-23,ANDREW STRONACH,B,,
Kentucky Winter Mixed (2017),2017-02-07,542,DKB,MY SUGAR,F,CONGRATS,MAMBO FEVER,STORMIN FEVER,SOUTH POINT SALES AGENCY AGENT VII,NOT SOLD,37000,,2014-04-14,KENTUCKY,9,,,SOUTH POINT SALES AGENCY AGENT VII,RB,,
Kentucky Winter Mixed (2017),2017-02-07,543,DKB,,C,TIZWAY,MY TEJANA STORM,TEJANO RUN,STEPPING STONE FARM,JUSTIN EVANS,1700,,2016-04-30,KENTUCKY,8,,,STEPPING STONE FARM,Y,,
Kentucky Winter Mixed (2017),2017-02-07,544,B,NANYBELLE,F,BELLAMY ROAD,NANY'S SWEEP,END SWEEP,ST GEORGE SALES AGENT IV,INTENT BLOODSTOCK,10000,,2013-03-28,KENTUCKY,8,,,ST GEORGE SALES AGENT IV,BP,,
Kentucky Winter Mixed (2017),2017-02-07,545,CH,NASHWAN ROSE (GB),M,NASHWAN,CARILLON MISS,THE MINSTREL,VINERY SALES AGENT FOR DISPERSAL OF ROCKIN Z RANCH,CONRAD STIPP,1500,,1999-04-17,GB,14,MAGNA GRADUATE,2016-03-19,VINERY SALES AGENT FOR DISPERSAL OF ROCKIN Z RANCH,B,,
Kentucky Winter Mixed (2017),2017-02-07,546,GRR,,C,MUNNINGS,NASTY NOOZIE,PARTNER'S HERO,DENALI STUD (CRAIG & HOLLY BANDOROFF) AGENT V,NOT SOLD,15000,,2016-03-18,KENTUCKY,1,,,DENALI STUD (CRAIG & HOLLY BANDOROFF) AGENT V,Y,,
Kentucky Winter Mixed (2017),2017-02-07,547,B,NEARSHORE,F,LEMON DROP KID,SECRET OF THE SEA,STORM CAT,R. C. STURGEON,OUT,0,,2012-02-02,KENTUCKY,10,,,R. C. STURGEON,BP,,
Kentucky Winter Mixed (2017),2017-02-07,548,GRR,NEVER HOME,F,HARLAN'S HOLIDAY,LIFE BEGINS,UNBRIDLED'S SONG,BLAKE-ALBINA THOROUGHBRED SERVICES LLC AGENT,RML AGENT,15000,,2013-05-08,KENTUCKY,12,,,BLAKE-ALBINA THOROUGHBRED SERVICES LLC AGENT,RB,,
Kentucky Winter Mixed (2017),2017-02-07,549,DKB,NO NAME NEEDED,M,MEDAGLIA D'ORO,TAKE ME HOME,HOUSEBUSTER,SHAWHAN PLACE LLC AGENT,ROBERT MCCANN AGENT,28000,,2010-04-17,KENTUCKY,3,,,SHAWHAN PLACE LLC AGENT,B,,
Kentucky Winter Mixed (2017),2017-02-07,550,B,,F,FORTY TALES,NUREYEV'S ANGEL,NUREYEV,PARAMOUNT SALES AGENT XIX,NOT SOLD,1000,,2016-05-17,KENTUCKY,5,,,PARAMOUNT SALES AGENT XIX,Y,,
Kentucky Winter Mixed (2017),2017-02-07,551,B,OUR GORDIE,C,SPRING AT LAST,BALLISTAE,MIZZEN MAST,BILL MURPHY AGENT II,OUT,0,,2014-03-13,KENTUCKY,13,,,BILL MURPHY AGENT II,RP,,
Kentucky Winter Mixed (2017),2017-02-07,552,B,,C,BLUEGRASS CAT,PERMANENT WAVE,AWESOME AGAIN,TAYLOR MADE SALES AGENCY AGENT XI,OUT,0,,2015-04-17,NEW YORK,2,,,TAYLOR MADE SALES AGENCY AGENT XI,RP,,
Kentucky Winter Mixed (2017),2017-02-07,553,CH,,C,POINT GIVEN,SMART DEPUTY,SMART STRIKE,MILLFORD FARM (MR. & MRS. ROBERT S. WEST JR.) AGENT II,LOGAN JAMES STABLES LLC,15000,,2015-04-09,KENTUCKY,12,,,MILLFORD FARM (MR. & MRS. ROBERT S. WEST JR.) AGENT II,RA,,
Kentucky Winter Mixed (2017),2017-02-07,554,CH,STREET JERSEY,C,STREET CRY (IRE),JERSEY GIRL,BELONG TO ME,HUNTER VALLEY FARM AGENT,OUT,0,,2012-02-18,KENTUCKY,7,,,HUNTER VALLEY FARM AGENT,RP,,
Kentucky Winter Mixed (2017),2017-02-07,555,B,,C,BULLET TRAIN (GB),SUES WAY,SHUAILAAN,POPE MCLEAN (CRESTWOOD FARM) AGENT II,SYCAMORE SHADE RACING,2700,,2015-05-31,KENTUCKY,5,,,POPE MCLEAN (CRESTWOOD FARM) AGENT II,RA,,
Kentucky Winter Mixed (2017),2017-02-07,556,B,SURPRSINGLYPERFECT,C,PERFECT SOUL (IRE),ELUSIVE SURPRISE,ELUSIVE QUALITY,PARAMOUNT SALES AGENT XV,ELI DIAMANT,9000,,2014-04-02,KENTUCKY,5,,,PARAMOUNT SALES AGENT XV,RP,,
Kentucky Winter Mixed (2017),2017-02-07,557,B,TALE OF FANCY,C,TALE OF EKATI,FANCY CLANCY,RAHY,FOUR STAR SALES AGENT,OUT,0,,2012-04-15,KENTUCKY,11,,,FOUR STAR SALES AGENT,RP,,
Kentucky Winter Mixed (2017),2017-02-07,558,CH,Z MARDI GRAS,G,NOTIONAL,FESTAL,STORM BIRD,VINERY SALES AGENT FOR DISPERSAL OF ROCKIN Z RANCH,BURTON K SIPP,1000,,2013-03-26,LOUISIANA,14,,,VINERY SALES AGENT FOR DISPERSAL OF ROCKIN Z RANCH,RP,,
Kentucky Winter Mixed (2017),2017-02-07,559,GRR,Z ROCKSTAR,G,ROCKPORT HARBOR,NASTY LITTLE STAR,NASTY AND BOLD,VINERY SALES AGENT FOR DISPERSAL OF ROCKIN Z RANCH,OUT,0,,2009-03-31,OKLAHOMA,14,,,VINERY SALES AGENT FOR DISPERSAL OF ROCKIN Z RANCH,RP,,
Kentucky Winter Mixed (2017),2017-02-07,560,GRR,BEAUSWAY,G,TIZWAY,GIGI'S SKYFLYER,SKYWALKER,VINERY SALES AGENT FOR DISPERSAL OF ROCKIN Z RANCH,BURTON K SIPP,1700,,2014-03-11,OKLAHOMA,14,,,VINERY SALES AGENT FOR DISPERSAL OF ROCKIN Z RANCH,RP,,
Kentucky Winter Mixed (2017),2017-02-07,561,DKB,BOATNUT,G,DON'T GET MAD,PEACH BREW,MILWAUKEE BREW,VINERY SALES AGENT FOR DISPERSAL OF ROCKIN Z RANCH,OUT,0,,2013-05-12,OKLAHOMA,14,,,VINERY SALES AGENT FOR DISPERSAL OF ROCKIN Z RANCH,RP,,
Kentucky Winter Mixed (2017),2017-02-07,562,B,,C,TIZDEJAVU,BURKE'S SISTER,CLASSY PROSPECTOR,POPE MCLEAN (CRESTWOOD FARM) AGENT II,NOT SOLD,1000,,2015-03-19,KENTUCKY,5,,,POPE MCLEAN (CRESTWOOD FARM) AGENT II,RA,,
Kentucky Winter Mixed (2017),2017-02-07,563,DKB,DRIVEN JORDAN,G,WILBURN,SPEAK ELOISE,SPEAK,VINERY SALES AGENT FOR DISPERSAL OF ROCKIN Z RANCH,ROBERTO MARQUEZ,6500,,2013-02-14,OKLAHOMA,14,,,VINERY SALES AGENT FOR DISPERSAL OF ROCKIN Z RANCH,RP,,
Kentucky Winter Mixed (2017),2017-02-07,564,DKB,EKATI WILDCAT,C,TALE OF EKATI,DANISH WILDCAT,DANEHILL,FOUR STAR SALES AGENT,CHRIS MEYERS,31000,,2013-04-06,KENTUCKY,11,,,FOUR STAR SALES AGENT,RP,,
Kentucky Winter Mixed (2017),2017-02-07,565,B,EMRAAN,G,BERNARDINI,ABBY ROAD (IRE),DANEHILL,BILL MURPHY AGENT X,OUT,0,,2012-03-02,KENTUCKY,13,,,BILL MURPHY AGENT X,RP,,
Kentucky Winter Mixed (2017),2017-02-07,566,CH,HOUDINI'S EKATI,C,TALE OF EKATI,HOUDINI'S HONEY,MR. PROSPECTOR,PARAMOUNT SALES AGENT XV,OUT,0,,2013-04-23,KENTUCKY,5,,,PARAMOUNT SALES AGENT XV,RP,,
Kentucky Winter Mixed (2017),2017-02-07,567,B,,C,HERE COMES BEN,IRGUN'S DELITE,IRGUN,STONEHAVEN STEADINGS AGENT,OUT,0,,2015-03-28,NEW YORK,7,,,STONEHAVEN STEADINGS AGENT,RP,,
Kentucky Winter Mixed (2017),2017-02-07,568,B,LEMON DROP TITLE,C,LEMON DROP KID,TITLE SEEKER,MONARCHOS,FOUR STAR SALES AGENT,TRIPLE T RANCH,17000,,2012-04-11,KENTUCKY,11,,,FOUR STAR SALES AGENT,RP,,
Kentucky Winter Mixed (2017),2017-02-07,569,CH,MALIBU WOOD,C,MALIBU MOON,RUBYWOOD,WOODMAN,FOUR STAR SALES AGENT,OUT,0,,2012-04-25,KENTUCKY,11,,,FOUR STAR SALES AGENT,RP,,
Kentucky Winter Mixed (2017),2017-02-07,570,B,,C,DESERT PARTY,MIDNIGHT K,MIDNIGHT LUTE,TAYLOR MADE SALES AGENCY AGENT XI,OUT,0,,2015-02-27,NEW YORK,2,,,TAYLOR MADE SALES AGENCY AGENT XI,RP,,
Kentucky Winter Mixed (2017),2017-02-07,571,DKB,ROWDY THE WARRIOR,C,WARRIOR'S REWARD,LOVELY SAGE,GENTLEMEN (ARG),VINERY SALES AGENT FOR DISPERSAL OF ROCKIN Z RANCH,OUT,0,,2014-04-16,OKLAHOMA,14,,,VINERY SALES AGENT FOR DISPERSAL OF ROCKIN Z RANCH,RS,,
Kentucky Winter Mixed (2017),2017-02-07,572,B,,C,QUALITY ROAD,STAND N BE COUNTED,PULPIT,TAYLOR MADE SALES AGENCY AGENT FOR JSM EQUINE LLC,ROBERTO MARQUEZ,4500,,2015-03-25,KENTUCKY,2,,,TAYLOR MADE SALES AGENCY AGENT FOR JSM EQUINE LLC,RS,,
Kentucky Winter Mixed (2017),2017-02-07,573,GRR,VALUE PLUS,H,UNBRIDLED'S SONG,ROLL OVER BABY,ROLLIN ON OVER,FOUR STAR SALES AGENT,FLEETWOOD BLOODSTOCK,13000,,2001-03-25,KENTUCKY,11,,,FOUR STAR SALES AGENT,S,,
Kentucky Winter Mixed (2017),2017-02-07,574,DKB,DA STOOPS,H,DISTORTED HUMOR,GLAMOROUS LADY,KINGDOM OF SPAIN,FOUR STAR SALES AGENT,DANNY R CALDWELL,4000,,2003-02-17,CALIFORNIA,11,,,FOUR STAR SALES AGENT,S,,
Kentucky Winter Mixed (2017),2017-02-07,575,DKB,HUMBERT STREET,H,SUCCESSFUL APPEAL,MRS. GREELEY,MR. GREELEY,BUCK POND FARM (DOUGLAS S. ARNOLD),GOOD LUCK FARM,1500,,2011-04-14,KENTUCKY,12,,,BUCK POND FARM (DOUGLAS S. ARNOLD),S,,
Kentucky Winter Mixed (2017),2017-02-07,576,B,,C,QUALITY ROAD,ISLAND HOP,DYNAFORMER,FOUR STAR SALES AGENT,AMBER COBB,4700,,2015-02-26,KENTUCKY,11,,,FOUR STAR SALES AGENT,RS,,
Kentucky Winter Mixed (2017),2017-02-07,577,B,I SPENT IT,C,SUPER SAVER,RATEEBA,SKY MESA,DENALI STUD (CRAIG & HOLLY BANDOROFF) AGENT XI,JOE MERRICK,22000,,2012-03-10,KENTUCKY,1,,,DENALI STUD (CRAIG & HOLLY BANDOROFF) AGENT XI,S,,
Kentucky Winter Mixed (2017),2017-02-07,578,DKB,IT'S NO JOKE,H,DISTORTED HUMOR,IT'S PERSONAL,PERSONAL FLAG,FOUR STAR SALES AGENT,DR DON GIBB,6000,,2002-03-07,KENTUCKY,11,,,FOUR STAR SALES AGENT,S,,
Kentucky Winter Mixed (2017),2017-02-07,579,DKB,MONTE FREEMAN,C,CALEB'S POSSE,MEIN FRAULEIN,SAARLAND,VINERY SALES AGENT FOR DISPERSAL OF ROCKIN Z RANCH,OUT,0,,2015-04-10,OKLAHOMA,14,,,VINERY SALES AGENT FOR DISPERSAL OF ROCKIN Z RANCH,RS,,
Kentucky Winter Mixed (2017),2017-02-07,580,B,NOTIONAL,H,IN EXCESS (IRE),TRULY BLESSED,FRENCH DEPUTY,VINERY SALES AGENT FOR DISPERSAL OF ROCKIN Z RANCH,RANDY HAFFNER TOMMY WENTE DAVID BOGUE,8000,,2004-02-01,CALIFORNIA,14,,,VINERY SALES AGENT FOR DISPERSAL OF ROCKIN Z RANCH,S,,
Kentucky Winter Mixed (2017),2017-02-07,581,B,MISS FIONA,F,SUCCESSFUL APPEAL,MARNIER,HENNESSY,POPE MCLEAN (CRESTWOOD FARM) AGENT V,DESHAUN WATSON,2700,,2013-03-16,KENTUCKY,5,,,POPE MCLEAN (CRESTWOOD FARM) AGENT V,RB,,
Kentucky Winter Mixed (2017),2017-02-07,582,B,SONG MEMORY,F,UNBRIDLED'S SONG,TWILIGHT MEMORY,SMART STRIKE,PARAMOUNT SALES AGENT XX,RAMIRO SALAZAR,11000,,2013-05-01,KENTUCKY,5,,,PARAMOUNT SALES AGENT XX,BP,,
Kentucky Winter Mixed (2017),2017-02-07,583,DKB,SNOW,F,QUALITY ROAD,HUMBLE,VALIANT NATURE,PARAMOUNT SALES AGENT XX,GERRY DESMOND,22000,,2013-03-01,KENTUCKY,5,,,PARAMOUNT SALES AGENT XX,BP,,
Kentucky Winter Mixed (2017),2017-02-07,584,B,CHARLIE'S ANGEL (FR),M,MYBOYCHARLIE (IRE),CLASSIC ACTRESS,LEAR FAN,TAYLOR MADE SALES AGENCY AGENT XXIII,BURTON K SIPP,1500,,2011-03-16,FR,2,,,TAYLOR MADE SALES AGENCY AGENT XXIII,RB,,
Kentucky Winter Mixed (2017),2017-02-07,585,CH,BOLD CONTENDER,F,STRONG CONTENDER,SPECIAL WIFE,HUSBAND,HUNTER VALLEY FARM AGENT,HALCRAFT STABLE,15000,,2013-03-04,FLORIDA,7,,,HUNTER VALLEY FARM AGENT,RB,,
Kentucky Winter Mixed (2017),2017-02-07,586,GRR,DIVINE DAWN,M,DIVINE PARK,SEATTLE GREY,FRIENDS LAKE,BROOKDALE SALES AGENT,PORTSIDE BLOODSTOCK,100000,,2012-03-07,KENTUCKY,3,,,BROOKDALE SALES AGENT,BP,,
Kentucky Winter Mixed (2017),2017-02-07,587,CH,HOLDERS SEASON,F,SPEIGHTSTOWN,LUCEVAN,GHOSTZAPPER,TAYLOR MADE SALES AGENCY AGENT LXXXI,NOT SOLD,24000,,2013-02-03,KENTUCKY,2,,,TAYLOR MADE SALES AGENCY AGENT LXXXI,RB,,
Kentucky Winter Mixed (2017),2017-02-07,588,B,PRINCESS ADDY,F,QUALITY ROAD,SHE'S JUSTA FRIEND,HUSSONET,TAYLOR MADE SALES AGENCY AGENT LXXXII,PIPPA'S HURRICANE,12000,,2014-01-22,KENTUCKY,2,,,TAYLOR MADE SALES AGENCY AGENT LXXXII,RB,,
Kentucky Winter Mixed (2017),2017-02-07,589,DKB,,C,FED BIZ,BROADWAY HENNESSEY,HENNESSY,JAMES B. KEOGH (GROVENDALE) AGENT VI,BLUEBIRD BLOODSTOCK,20000,,2016-04-06,NEW YORK,15,,,JAMES B. KEOGH (GROVENDALE) AGENT VI,Y,,
Kentucky Winter Mixed (2017),2017-02-07,590,DKB,,C,TAKE CHARGE INDY,LATIN LYNX,FOREST WILDCAT,JAMES B. KEOGH (GROVENDALE) AGENT VI,DOUGLAS S ARNOLD,20000,,2016-02-14,NEW YORK,15,,,JAMES B. KEOGH (GROVENDALE) AGENT VI,Y,,
Kentucky Winter Mixed (2017),2017-02-07,591,DKB,,C,VIOLENCE,SECRET KIN,SEA OF SECRETS,JAMES B. KEOGH (GROVENDALE) AGENT VI,TUSCANY BLOODSTOCK,20000,,2016-05-13,NEW YORK,15,,,JAMES B. KEOGH (GROVENDALE) AGENT VI,Y,,
Kentucky Winter Mixed (2017),2017-02-07,592,DKB,,C,TAKE CHARGE INDY,SHANNON FAITH,DISCREET CAT,JAMES B. KEOGH (GROVENDALE) AGENT VI,NOT SOLD,9000,,2016-02-14,NEW YORK,15,,,JAMES B. KEOGH (GROVENDALE) AGENT VI,Y,,
Kentucky Winter Mixed (2017),2017-02-07,593,CH,,F,VIOLENCE,DR. ZIC,MILWAUKEE BREW,JAMES B. KEOGH (GROVENDALE) AGENT VI,AUSTIN & BRENDA PAUL,60000,,2016-05-17,KENTUCKY,15,,,JAMES B. KEOGH (GROVENDALE) AGENT VI,Y,,
Kentucky Winter Mixed (2017),2017-02-07,594,B,,F,STAR GUITAR,GOOD MOOD (IRE),DANEHILL DANCER (IRE),JAMES B. KEOGH (GROVENDALE) AGENT VI,RICHARD KESSLER,2000,,2016-03-22,KENTUCKY,15,,,JAMES B. KEOGH (GROVENDALE) AGENT VI,Y,,
Kentucky Winter Mixed (2017),2017-02-07,595,B,,C,VIOLENCE,MADLY TRULY,MALIBU MOON,SELECT SALES AGENT XV,WILLIAM NICKS,1000,,2016-02-08,NEW YORK,6,,,SELECT SALES AGENT XV,Y,,
Kentucky Winter Mixed (2017),2017-02-07,596,DKB,MYLAST SWEET PEA,M,GRINDSTONE,SECRET GAME,GAME PLAN,JAMES B. KEOGH (GROVENDALE) AGENT IX,DESHAUN WATSON,4000,,2011-04-15,WASHINGTON,15,,,JAMES B. KEOGH (GROVENDALE) AGENT IX,BP,,
Kentucky Winter Mixed (2017),2017-02-07,597,B,SALTY MO,F,UNCLE MO,LAKE HURON,SALT LAKE,TAYLOR MADE SALES AGENCY AGENT XXXIV,OUT,0,,2013-04-27,KENTUCKY,2,,,TAYLOR MADE SALES AGENCY AGENT XXXIV,RB,,
Kentucky Winter Mixed (2017),2017-02-07,598,DKB,RATE OF EXCHANGE,M,EXCHANGE RATE,HANNAH'S INK,PENTELICUS,SELECT SALES AGENT XIV,THOMAS CHALIN,23000,Y,2005-03-19,FLORIDA,6,TONALIST,2016-03-14,SELECT SALES AGENT XIV,B,,
Kentucky Winter Mixed (2017),2017-02-07,599,DKB,FIRSTHAND REPORT,F,BLAME,KINSEY,DELAWARE TOWNSHIP,TAYLOR MADE SALES AGENCY AGENT XXXVII,OUT,0,,2013-04-04,PENNSYLVANIA,2,,,TAYLOR MADE SALES AGENCY AGENT XXXVII,RB,,
Kentucky Winter Mixed (2017),2017-02-07,600,B,DEEDEEZEE,F,CONGRATS,ASH ZEE,EXCHANGE RATE,TAYLOR MADE SALES AGENCY AGENT XXXVI,OUT,0,,2013-03-02,KENTUCKY,2,,,TAYLOR MADE SALES AGENCY AGENT XXXVI,RB,,
Kentucky Winter Mixed (2017),2017-02-07,601,DKB,SUMMEROFSIXTYTHREE,M,MALIBU MOON,SURF N SAND,BOSTON HARBOR,SELECT SALES AGENT XVI,OUT,0,,2011-05-25,KENTUCKY,6,GRAYDAR,2016-03-14,SELECT SALES AGENT XVI,B,,
Kentucky Winter Mixed (2017),2017-02-07,602,DKB,,C,FLAT OUT,SARAROYAL,ROYAL ACADEMY,BROOKDALE SALES AGENT FOR VOSSFELD BLOODSTOCK,ELLIOTT LOGAN,8000,,2016-05-05,KENTUCKY,3,,,BROOKDALE SALES AGENT FOR VOSSFELD BLOODSTOCK,Y,,
Kentucky Winter Mixed (2017),2017-02-07,603,DKB,,C,TAKE CHARGE INDY,RAINBOW'S SONG,UNBRIDLED'S SONG,HILL 'N' DALE SALES AGENCY AGENT,DENNIS R EJACK AGENT FOR JAMIE DEMETRICK,9500,,2016-03-05,FLORIDA,4,,,HILL 'N' DALE SALES AGENCY AGENT,Y,,
Kentucky Winter Mixed (2017),2017-02-07,604,B,SASTRUGI,F,BODEMEISTER,INDIAN SNOW,A.P. INDY,ST GEORGE SALES AGENT VIII,ROBERT E COURTNEY JR,165000,,2014-01-30,KENTUCKY,8,,,ST GEORGE SALES AGENT VIII,RB,,
Kentucky Winter Mixed (2017),2017-02-07,605,CH,MADDALENA,M,GOOD AND TOUGH,TWO FOXIE,FAIR SKIES,STUART MORRIS AGENT,OUT,0,,2002-03-08,MARYLAND,4,INTO MISCHIEF,2016-06-05,STUART MORRIS AGENT,B,,
Kentucky Winter Mixed (2017),2017-02-07,606,DKB,I AM A DEPLORABLE,F,AWESOME AGAIN,ENTITLED,VINDICATION,STUART MORRIS AGENT,MICHAEL E LAUER,13000,,2015-02-25,KENTUCKY,4,,,STUART MORRIS AGENT,RB,,
Kentucky Winter Mixed (2017),2017-02-07,607,B,,C,HANDSOME MIKE,SHAUNAVON,EL PRADO (IRE),STUART MORRIS AGENT IV,TIMOTHY COLLINS,1000,Y,2016-03-21,NEW YORK,4,,,STUART MORRIS AGENT IV,Y,,
Kentucky Winter Mixed (2017),2017-02-07,608,CH,TURBULENT AIR,M,MONTBROOK,AIR FRANCE,FRENCH DEPUTY,FOUR STAR SALES AGENT,RAIMONDE FARMS LTD,2500,,2006-03-11,KENTUCKY,11,MORNING LINE,2016-03-12,FOUR STAR SALES AGENT,B,,
Kentucky Winter Mixed (2017),2017-02-07,609,GRR,RUN LIKE THE BOSS,F,SCAT DADDY,SEEKITANA,UNBRIDLED'S SONG,DARBY DAN FARM AGENT XVI,GLENDALOUGH LLC,8000,,2013-03-06,CALIFORNIA,15,,,DARBY DAN FARM AGENT XVI,BP,,
Kentucky Winter Mixed (2017),2017-02-07,610,B,CHARLIE'S LEGACY,M,INDIAN CHARLIE,LADY'S LEGACY,MATCHLITE,JAMES B. KEOGH (GROVENDALE) AGENT VI,BSW BLOODSTOCK/LIZ CROW AGENT,60000,,2010-01-20,VIRGINIA,15,TAKE CHARGE INDY,2016-04-11,JAMES B. KEOGH (GROVENDALE) AGENT VI,B,,
Kentucky Winter Mixed (2017),2017-02-07,611,CH,DR. ZIC,M,MILWAUKEE BREW,ROYAL CORONA,HOLY BULL,JAMES B. KEOGH (GROVENDALE) AGENT VI,CALUMET FARM,185000,,2006-03-23,KENTUCKY,15,CONSTITUTION,2016-06-08,JAMES B. KEOGH (GROVENDALE) AGENT VI,B,,
Kentucky Winter Mixed (2017),2017-02-07,612,B,WINE SPOTIOTI,M,ARTIE SCHILLER,VINLEAR,LEAR FAN,PARAMOUNT SALES AGENT XXI,OUT,0,,2012-03-25,KENTUCKY,5,STRONG MANDATE,2016-04-14,PARAMOUNT SALES AGENT XXI,B,,
Kentucky Winter Mixed (2017),2017-02-07,613,B,POLA GOLDEN R N,M,GOLDEN MISSILE,POLA,STRAWBERRY ROAD (AUS),PARAMOUNT SALES AGENT XXI,OUT,0,,2006-02-17,KENTUCKY,5,OVERANALYZE,2016-02-24,PARAMOUNT SALES AGENT XXI,B,,
Kentucky Winter Mixed (2017),2017-02-07,614,GRR,PADDY'S FLIGHT,F,PADDY O'PRADO,REBOOT,RUBIANO,TAYLOR MADE SALES AGENCY AGENT XXXIX,MACHMER HALL AGT FOR BROKEN BACK FARM,6000,,2013-02-12,FLORIDA,2,,,TAYLOR MADE SALES AGENCY AGENT XXXIX,RB,,
Kentucky Winter Mixed (2017),2017-02-07,615,DKB,OJIBWA,F,MALIBU MOON,ENTRUSTMENT,FORESTRY,TAYLOR MADE SALES AGENCY AGENT XL,OUT,0,,2014-03-08,KENTUCKY,2,,,TAYLOR MADE SALES AGENCY AGENT XL,RB,,
Kentucky Winter Mixed (2017),2017-02-07,616,DKB,BAHAMA HALO,F,MORE THAN READY,BAHAMA BOUND,EMPIRE MAKER,TAYLOR MADE SALES AGENCY AGENT XLI,TOWN & COUNTRY HORSE FARMS LLC,200000,,2014-03-12,KENTUCKY,2,,,TAYLOR MADE SALES AGENCY AGENT XLI,RB,,
Kentucky Winter Mixed (2017),2017-02-07,617,B,MAXIMUS VELOCITUS,C,ALBERTUS MAXIMUS,PEGGOTTY,DAVID COPPERFIELD,BLAKE-ALBINA THOROUGHBRED SERVICES LLC AGENT,ROMERT GONZALEZ,2000,,2016-04-07,KENTUCKY,12,,,BLAKE-ALBINA THOROUGHBRED SERVICES LLC AGENT,Y,,
Kentucky Winter Mixed (2017),2017-02-07,618,CH,GOLDEN PANTHER,G,KITTEN'S JOY,MOTHER RUSSIA,MAYAKOVSKY,MEADOWLARK VALLEY SALES AGENT,CIRILO GOROSTIETA,3000,,2013-02-14,KENTUCKY,7,,,MEADOWLARK VALLEY SALES AGENT,RP,,
Kentucky Winter Mixed (2017),2017-02-07,619,GRR,DANCER'S SONG,F,THORN SONG,WILD N SLY,ARCH,TAYLOR MADE SALES AGENCY AGENT XV,AMBER COBB,5500,,2014-03-06,CALIFORNIA,2,,,TAYLOR MADE SALES AGENCY AGENT XV,RB,,
Kentucky Winter Mixed (2017),2017-02-07,620,B,O PIONEER,C,PIONEEROF THE NILE,SHADIA,DISTORTED HUMOR,MEADOWLARK VALLEY SALES AGENT,OUT,0,,2014-03-11,TEXAS,7,,,MEADOWLARK VALLEY SALES AGENT,RP,,
Kentucky Winter Mixed (2017),2017-02-07,621,B,FIND JOY,F,DROSSELMEYER,HURRICANE HANNAH,SOUTHERN HALO,LEGACY BLOODSTOCK AGENT V,NOT SOLD,52000,,2013-02-10,KENTUCKY,10,,,LEGACY BLOODSTOCK AGENT V,BP,,
Kentucky Winter Mixed (2017),2017-02-07,622,DKB,PLAYMATES ARCH,F,ARCH,WOODMAN'S DANCER,WOODMAN,JAMES B. KEOGH (GROVENDALE) AGENT VI,T OCAMPO AGT FOR SILESIA FARM,210000,,2013-04-23,KENTUCKY,15,CARPE DIEM,2016-04-03,JAMES B. KEOGH (GROVENDALE) AGENT VI,B,,
Kentucky Winter Mixed (2017),2017-02-07,623,B,GITCHEE GOOMIE,M,CITY ZIP,RIOTOUS MISS,BRIEF RUCKUS,JAMES B. KEOGH (GROVENDALE) AGENT VI,MARE MADNESS III,100000,,2007-02-05,NEW YORK,15,CARPE DIEM,2016-04-23,JAMES B. KEOGH (GROVENDALE) AGENT VI,B,,
Kentucky Winter Mixed (2017),2017-02-07,624,CH,SOARWITHTHEBIRDS,F,GIANT'S CAUSEWAY,SONG OF THE LARK,SEEKING THE GOLD,PARAMOUNT SALES AGENT XXII,BLANDFORD BLOODSTOCK LTD,110000,,2014-02-07,ONTARIO,5,,,PARAMOUNT SALES AGENT XXII,RB,,
Kentucky Winter Mixed (2017),2017-02-07,625,B,TELL THE DUCHESS,F,SMART STRIKE,CLASSIRA (IRE),DANEHILL,PARAMOUNT SALES AGENT XXII,NOT SOLD,14000,,2014-03-02,ONTARIO,5,,,PARAMOUNT SALES AGENT XXII,RB,,
Kentucky Winter Mixed (2017),2017-02-07,626,DKB,PERFECT PAULA,M,SONGANDAPRAYER,RA HYDEE,RAHY,FRANKFORT PARK FARM AGENT,ROSELAWN FARM,3000,,2005-02-12,FLORIDA,10,,,FRANKFORT PARK FARM AGENT,B,,
Kentucky Winter Mixed (2017),2017-02-07,627,CH,SCORE FOUR,M,GRAND SLAM,MY SUCCESS,A.P. INDY,FRANKFORT PARK FARM AGENT,MB STABLE,6000,,2006-03-04,KENTUCKY,10,,,FRANKFORT PARK FARM AGENT,B,,
Kentucky Winter Mixed (2017),2017-02-07,628,DKB,,F,TAKE CHARGE INDY,FLY TO THE STARS,GIANT'S CAUSEWAY,FRANKFORT PARK FARM AGENT,SEQUEL BLOODSTOCK,6000,,2016-02-28,KENTUCKY,10,,,FRANKFORT PARK FARM AGENT,Y,,
Kentucky Winter Mixed (2017),2017-02-07,629,CH,PARTY CIRCUIT,M,KINGMAMBO,LEO'S GYPSY DANCER,LEO CASTELLI,FOUR STAR SALES AGENT,CONRAD STIPP,1400,,2003-04-28,KENTUCKY,11,DROSSELMEYER,2016-06-02,FOUR STAR SALES AGENT,B,,
Kentucky Winter Mixed (2017),2017-02-07,630,CH,DENALI CAT TALE,M,TALE OF THE CAT,MAZELLA,MAZEL TRICK,SOUTH POINT SALES AGENCY AGENT,Z Z RACING,6000,,2011-03-20,KENTUCKY,9,TAPITURE,2016-05-14,SOUTH POINT SALES AGENCY AGENT,B,,
Kentucky Winter Mixed (2017),2017-02-07,631,B,SKYLARBDANCING,M,SKY MESA,TWO HEARTS,DEPUTY MINISTER,ROMAR LLC,JIM TERDIK,3000,,2011-03-18,KENTUCKY,9,,,ROMAR LLC,BP,,
Kentucky Winter Mixed (2017),2017-02-07,632,DKB,PEYTONA,M,MR. GREELEY,ANNACIOUS,DEHERE,DARBY DAN FARM AGENT,RAIMONDE FARMS LTD,5000,,2011-04-27,KENTUCKY,15,AFLEET ALEX,2016-03-15,DARBY DAN FARM AGENT,B,,
Kentucky Winter Mixed (2017),2017-02-07,633,B,RIGHTFUL TIME,F,BODEMEISTER,AVENGING TOMISUE,BELONG TO ME,ST GEORGE SALES AGENT VI,NEW DAWN STABLE,10000,,2014-04-01,KENTUCKY,8,,,ST GEORGE SALES AGENT VI,BP,,
Kentucky Winter Mixed (2017),2017-02-07,634,B,LIMITLESS,F,DISCREET CAT,POSITION LIMIT,BELLAMY ROAD,ST GEORGE SALES AGENT IX,GINO RONCELLI,25000,,2013-02-25,ONTARIO,8,,,ST GEORGE SALES AGENT IX,RB,,
Kentucky Winter Mixed (2017),2017-02-07,635,CH,SHABBY CHIC,F,UNION RAGS,GOLDEN BORDERS,CONQUISTADOR CIELO,BLUEWATER SALES LLC AGENT XV,LOGAN JAMES STABLES LLC,32000,,2014-04-29,KENTUCKY,8,,,BLUEWATER SALES LLC AGENT XV,RB,,
Kentucky Winter Mixed (2017),2017-02-07,636,CH,ANDEAN,F,CITY ZIP,STORMY BEAR,STORM CAT,INDIAN CREEK AGENT,A G CHAUDRY,125000,,2013-01-12,KENTUCKY,3,,,INDIAN CREEK AGENT,RB,,
Kentucky Winter Mixed (2017),2017-02-07,637,DKB,DURANGO DAN,C,GIANT'S CAUSEWAY,BALLADO'S THUNDER,SAINT BALLADO,TARLETON FARM AGENT,NOT SOLD,95000,,2014-03-05,KENTUCKY,9,,,TARLETON FARM AGENT,RP,,
Kentucky Winter Mixed (2017),2017-02-07,638,B,COOL COAL MAN,H,MINESHAFT,CORAL SEA,RUBIANO,TAYLOR MADE SALES AGENCY AGENT XLII,MARCO BOZZI,25000,,2005-05-24,KENTUCKY,2,,,TAYLOR MADE SALES AGENCY AGENT XLII,S,,
Kentucky Winter Mixed (2017),2017-02-07,639,B,ARCHIBOLDO,G,ARCH,XINJI (IRE),XAAR (GB),BEN COLEBROOK AGENT,D LYNN FERRELL,14500,,2011-04-04,KENTUCKY,12,,,BEN COLEBROOK AGENT,RA,,
Kentucky Winter Mixed (2017),2017-02-07,640,B,GLORY,M,TAPIT,KI MANIERE (IRE),SADLER'S WELLS,TAYLOR MADE SALES AGENCY AGENT FOR FOX HILL FARMS INC.,ABDULLAH SAEED ALMADDAH,300000,,2012-02-13,KENTUCKY,2,,,TAYLOR MADE SALES AGENCY AGENT FOR FOX HILL FARMS INC.,RB,,
