SALE TITLE,SESSION,HIP,COLOR,NAME,SEX,SIRE,DAM,SIRE OF DAM,PROPERTY LINE,PURCHASER,PRICE,PRIVATE SALE,YEAR OF BIRTH,FOALED,BARN,COVERING SIRE,COVER DATE,SOLD AS CODE,SOLD AS DESCRIPTION,VIRTUAL INSPECTION
Kentucky Winter Mixed (2021),2021-02-08,1,CH,MACBU,M,MACLEAN'S MUSIC,DEBU,BUDDHA,SCOTT MALLORY AGENT,JOSEPH J GRIFFITT,1000,Y,03/16/2015,ILLINOIS,12,,,BP,,
Kentucky Winter Mixed (2021),2021-02-08,2,DKB,,C,EXAGGERATOR,MACCORLEOT,UNCLE MO,BLUEWATER SALES LLC AGENT IV,NORTH AMERICAN TB HORSE CO,15000,,02/13/2020,KENTUCKY,8,,,Y,,https://vimeo.com/507768892
Kentucky Winter Mixed (2021),2021-02-08,3,DKB,,F,CLOUD COMPUTING,MAGGIE SIMON,SIMON PURE,BILL MURPHY AGENT II,NOT SOLD,19000,,01/26/2020,KENTUCKY,13,,,Y,,
Kentucky Winter Mixed (2021),2021-02-08,4,CH,,C,JIMMY CREED,MAHBADIHA,MORE THAN READY,STUART MORRIS AGENT III,NOT SOLD,17000,,03/13/2020,KENTUCKY,4,,,Y,,
Kentucky Winter Mixed (2021),2021-02-08,5,B,MAJESTIC EDGE,F,COMPETITIVE EDGE,PONYA,E DUBAI,KP SALES AGENT,OUT,0,,04/21/2017,KENTUCKY,14,,,RB,,
Kentucky Winter Mixed (2021),2021-02-08,6,CH,,F,DIALED IN,MAJESTIC MOMMY,OLYMPIO,CROWNING POINT FARM AGENT FOR TEAM J&K LLC & DIALED IN SYNDICATE,MODOTESIO EQUINE LLC,4000,,04/13/2020,KENTUCKY,6,,,Y,,
Kentucky Winter Mixed (2021),2021-02-08,7,B,MALHAMA,M,TIZNOW,STORMINTHEGARDEN,STORMY ATLANTIC,JAMES B. KEOGH (GROVENDALE) AGENT VII,PAUL M KING,7000,,02/09/2011,KENTUCKY,9,TAMARKUZ,2020-03-18,B,,
Kentucky Winter Mixed (2021),2021-02-08,8,DKB,,C,LAOBAN,MAMA MAXINE,MORE THAN READY,BLUEWATER SALES LLC AGENT III,NOREVALE FARM/GLENNSCREEK,55000,,05/10/2020,NEW YORK,8,,,Y,,https://vimeo.com/509104114
Kentucky Winter Mixed (2021),2021-02-08,9,B,,C,LAOBAN,MARKETPLACE,STORMY ATLANTIC,BLUEWATER SALES LLC AGENT III,OUT,0,,04/06/2020,KENTUCKY,8,,,Y,,
Kentucky Winter Mixed (2021),2021-02-08,10,DKB,MARK OF A POST,M,BENCHMARK,MY TINA,BERTRANDO,HUNTER VALLEY FARM AGENT,LE BEAU CHEVAL FARM LLC,5000,,04/20/2008,CALIFORNIA,7,AIR FORCE BLUE,2020-05-05,B,,https://vimeo.com/509180013
Kentucky Winter Mixed (2021),2021-02-08,11,DKB,,C,BRODY'S CAUSE,MARSANTROPIST,PHILANTHROPIST,ENDEAVOR FARM AGENT,CARLO VACCAREZZA,5000,,03/27/2020,KENTUCKY,12,,,Y,,
Kentucky Winter Mixed (2021),2021-02-08,12,DKB,MARTHA'S MIRACLE,F,COMMISSIONER,I LOVE NOLA,CHAMPALI,STUART MORRIS AGENT II,RED SCARF RACING,2000,Y,02/12/2020,KENTUCKY,4,,,Y,,
Kentucky Winter Mixed (2021),2021-02-08,13,CH,,F,ACCELERATE,MARYCASEY,CANDY RIDE (ARG),DENALI STUD AGENT VI,COLDSNECKS RACING,2000,,03/27/2020,KENTUCKY,1,,,Y,,https://youtu.be/SWVYdCRb62Y
Kentucky Winter Mixed (2021),2021-02-08,14,GRR,,F,CROSS TRAFFIC,MAUX EXOTIC,LEROIDESANIMAUX (BRZ),LANE'S END AGENT,TIM FAZIO,5000,,03/15/2020,KENTUCKY,1,,,Y,,https://youtu.be/WVB3zQyOamM
Kentucky Winter Mixed (2021),2021-02-08,15,CH,MERIDIAN MAMA,M,FORESTRY,STIRRING,SEEKING THE GOLD,HILL 'N' DALE SALES AGENCY AGENT,GAYLE VAN LEER AGENT,17000,,03/15/2007,KENTUCKY,3,VIOLENCE,2020-04-23,B,,https://vimeo.com/509099354
Kentucky Winter Mixed (2021),2021-02-08,16,B,MIA PHARAOH,F,AMERICAN PHAROAH,PLATINUM,MINESHAFT,LANE'S END AGENT,D M FARMS,30000,,03/26/2017,KENTUCKY,1,,,BP,,
Kentucky Winter Mixed (2021),2021-02-08,17,DKB,MIDNIGHT BLVD,M,BELLAMY ROAD,MERSAIDES,MONTBROOK,ASPEN FARM,MARATHON FARM,6000,,04/11/2014,INDIANA,12,CLOUD COMPUTING,2020-05-10,B,,
Kentucky Winter Mixed (2021),2021-02-08,18,DKB,,F,CLOUD COMPUTING,MIDNIGHT BLVD,BELLAMY ROAD,ASPEN FARM,WILLIAM LOVE,3000,,04/27/2020,KENTUCKY,12,,,Y,,
Kentucky Winter Mixed (2021),2021-02-08,19,B,MILLI STARR,F,STREET BOSS,I HAVE A PRICE,SUCCESSFUL APPEAL,VINERY SALES AGENT XIV,NOT SOLD,1000,,02/21/2017,KENTUCKY,14&15,,,RB,,
Kentucky Winter Mixed (2021),2021-02-08,20,B,MINERTIME,F,MINESHAFT,SAVORTHETIME,GILDED TIME,KP SALES AGENT,MARC A WAMPLER AGENT FOR WILLIAM R HICKMAN,15000,,03/28/2017,KENTUCKY,14,,,BP,,
Kentucky Winter Mixed (2021),2021-02-08,21,B,MISLED,F,INTO MISCHIEF,MARNIER,HENNESSY,SCOTT MALLORY AGENT II,NOT SOLD,9000,,03/28/2016,KENTUCKY,12,,,BP,,
Kentucky Winter Mixed (2021),2021-02-08,22,B,MISS BEHAVE,F,CITY ZIP,DELANEYS STAR,LATENT HEAT,BUCKLAND SALES (ZACH MADDEN) AGENT II,MIKE CLINE AGENT,35000,,05/15/2016,VIRGINIA,10,,,RB,,https://youtu.be/R_-C_SrzwMw
Kentucky Winter Mixed (2021),2021-02-08,23,B,,F,LORD NELSON,MISS CENTERFOLD,TIZNOW,BURLESON FARMS AGENT,ST ELIAS STABLES LLC,3000,,04/21/2019,NEW YORK,2,,,BP,,
Kentucky Winter Mixed (2021),2021-02-08,24,B,MISS NICOLE,M,STREET CRY (IRE),DOT DOT DASH,NUREYEV,MILLFORD FARM (ROBERT S. WEST JR.),ST ELIAS STABLES LLC,9000,,04/02/2008,KENTUCKY,10,PRESERVATIONIST,2020-03-30,B,,
Kentucky Winter Mixed (2021),2021-02-08,25,CH,MISS PRYTANIA,M,ESKENDEREYA,BRISQUETTE,UNBRIDLED'S SONG,VINERY SALES AGENT XXI,NOT SOLD,45000,,04/18/2012,KENTUCKY,14&15,ACCELERATE,2020-04-15,B,,
Kentucky Winter Mixed (2021),2021-02-08,26,B,,F,PRACTICAL JOKE,MISSYOULIKECRAZY,LION HEART,VINERY SALES AGENT XV,JACK DAMICO,9000,,03/11/2020,NEW YORK,14&15,,,Y,,
Kentucky Winter Mixed (2021),2021-02-08,27,B,,F,MOR SPIRIT,MIXOLOGY,OLD FASHIONED,MAPLE RUN SOUTH AGENT,CHEAP & CHEERFUL SALES,1000,,05/02/2020,KENTUCKY,12,,,Y,,
Kentucky Winter Mixed (2021),2021-02-08,28,CH,,C,PALACE MALICE,MIZ STRAWBERRY DEE,ATTICUS,HUNTER VALLEY FARM AGENT,KIM SMITH AGENT,2000,Y,05/10/2020,KENTUCKY,7,,,Y,,https://youtu.be/f_GkeJWFrEU
Kentucky Winter Mixed (2021),2021-02-08,29,B,MOON MINING (IRE),M,ORB,D'ORO PRINCESS,MEDAGLIA D'ORO,PARAMOUNT SALES AGENT III,ROGER L LEWIS,3000,,01/31/2015,IRE,5,FLINTSHIRE (GB),2020-04-08,B,,https://vimeo.com/509439593
Kentucky Winter Mixed (2021),2021-02-08,30,B,MORE MO FOR ME,F,UNCLE MO,MORE FOR ME,MORE THAN READY,BLUEWATER SALES LLC AGENT VII,ATLANTIC BLOODSTOCK,55000,,05/06/2016,KENTUCKY,8,,,BP,,https://vimeo.com/509350632
Kentucky Winter Mixed (2021),2021-02-08,31,B,MORNING BELLE,M,MORNING LINE,HOT SPELL,SALT LAKE,DENALI STUD AGENT III,SEAN S. PERL BLOODSTOCK LLC,8000,,04/10/2015,KENTUCKY,1,KLIMT,2020-03-16,B,,https://youtu.be/UvVI1lH7aEo
Kentucky Winter Mixed (2021),2021-02-08,32,B,MORNING COLORS,F,MIDSHIPMAN,CELTIC SUNRISE,FREUD,NICKY DRION THOROUGHBREDS AGENT,OUT,0,,02/08/2017,NEW YORK,5,,,RB,,
Kentucky Winter Mixed (2021),2021-02-08,33,B,MORNING LIGHT,F,UNION RAGS,NEW HOPE SEVEN,CARSON CITY,VINERY SALES AGENT XXI,NJMB INC.,60000,,02/28/2017,KENTUCKY,14&15,,,RB,,
Kentucky Winter Mixed (2021),2021-02-08,34,B,MS VANCOUGAR,F,VANCOUVER (AUS),BLARNEY BLUSH,VAN NISTELROOY,LANE'S END AGENT,NICK NOSOWENKO,4500,,05/14/2018,KENTUCKY,1,,,RB,,https://youtu.be/UmJ_OxRH5fA
Kentucky Winter Mixed (2021),2021-02-08,35,DKB,MY CANDY GIRL,F,TWIRLING CANDY,LISTEN BOY,AFTER MARKET,JAMES M. HERBENER JR. AGENT III,GENCO IMPORTS,50000,,03/25/2017,MARYLAND,11,,,RB,,
Kentucky Winter Mixed (2021),2021-02-08,36,DKB,MY ITALIAN RABBI,F,COMPETITIVE EDGE,GOLDEN MISS,GOLDEN MISSILE,BROOKDALE SALES AGENT,MIKE CLINE AGENT,32000,,03/15/2017,NEW YORK,2,,,BP,,
Kentucky Winter Mixed (2021),2021-02-08,37,DKB,,F,AMERICAN FREEDOM,MYNAMEISMONEY,MIDNIGHT LUTE,ALLIANCE SALES AGENCY AGENT,JOEY J RADOSEVICH,4000,Y,03/31/2020,KENTUCKY,7,,,Y,,
Kentucky Winter Mixed (2021),2021-02-08,38,DKB,MY ROSE,M,MORE THAN READY,CHERRYBLOSSOMMISS,LANGFUHR,HUNTER VALLEY FARM AGENT,FORMAL BLOODSTOCK AGENT,2500,,02/13/2012,KENTUCKY,7,,,B,,https://vimeo.com/509180041
Kentucky Winter Mixed (2021),2021-02-08,39,B,,C,GORMLEY,MY TOOTSY,SMARTY JONES,LEGACY BLOODSTOCK AGENT V,OUT,0,,04/16/2020,NEW YORK,10,,,Y,,
Kentucky Winter Mixed (2021),2021-02-08,40,DKB,MY WILD CAUSE,M,NIAGARA CAUSEWAY,MY SECRETARYS WILD,WILD AGAIN,BUCK POND FARM (DOUGLAS S. ARNOLD) AGENT,DEVIL DAWG FARM,2200,,03/27/2014,TEXAS,13,TAMARKUZ,2020-05-29,B,,
Kentucky Winter Mixed (2021),2021-02-08,41,DKB,,C,HOOTENANNY,MY WILD CAUSE,NIAGARA CAUSEWAY,BUCK POND FARM (DOUGLAS S. ARNOLD) AGENT,ANGEL ORDONEZ,1000,,04/03/2020,KENTUCKY,13,,,Y,,
Kentucky Winter Mixed (2021),2021-02-08,42,B,NAJWA,F,SPEIGHTSTER,TAMINA,DIXIE UNION,FOUR STAR SALES AGENT,MIKE SCHIANO DI COLA,10000,,04/14/2018,WEST VIRGINIA,4,,,RP,,https://youtu.be/bV6x7QMG0C8
Kentucky Winter Mixed (2021),2021-02-08,43,GRR,,F,BAYERN,NASTY NOOZIE,PARTNER'S HERO,VINERY SALES AGENT XXI,KJMB INC.,25000,,04/17/2019,KENTUCKY,14&15,,,RP,,
Kentucky Winter Mixed (2021),2021-02-08,44,CH,,C,TONALIST,NEVER QUICKER,HENNESSY,SALLY THOMAS AGENT,NOT SOLD,34000,,02/03/2020,KENTUCKY,8,,,Y,,https://vimeo.com/509196340
Kentucky Winter Mixed (2021),2021-02-08,45,B,NEWLY ESCAPED,M,TIZNOW,ESCAPE WITH ME,ARAZI,KP SALES AGENT,ROBERT M EVANS,15000,,03/10/2015,PENNSYLVANIA,14,OUTWORK,2020-03-14,B,,
Kentucky Winter Mixed (2021),2021-02-08,46,CH,,F,COLLECTED,NEWLY ESCAPED,TIZNOW,KP SALES AGENT,NOT SOLD,19000,,02/06/2020,KENTUCKY,14,,,Y,,
Kentucky Winter Mixed (2021),2021-02-08,47,DKB,NIAGARA'S ECHO,M,NIAGARA CAUSEWAY,DOSTANA,JOHAR,BUCK POND FARM (DOUGLAS S. ARNOLD) AGENT,WILLOW HILL EQUESTRIAN LTD,1000,,03/12/2015,TEXAS,13,HIT IT A BOMB,2020-04-28,B,,
Kentucky Winter Mixed (2021),2021-02-08,48,DKB,NIGHTLY RITUAL,M,CROWN AMBASSADOR,KNIGHT ROSE,KNIGHT,POPE MCLEAN (CRESTWOOD FARM) AGENT II,OUT,0,,03/01/2006,INDIANA,4,TURBO COMPRESSOR,2020-04-20,B,,
Kentucky Winter Mixed (2021),2021-02-08,49,B,NOMIRACLESNEEDED,F,UNION RAGS,MIRACLE RUN,STREET CRY (IRE),VINERY SALES AGENT XXI,JOHN W BAIRD,5000,,02/05/2017,KENTUCKY,14&15,,,RB,,
Kentucky Winter Mixed (2021),2021-02-08,50,DKB,,F,PALACE MALICE,NOTHING TO WEAR,MALIBU MOON,NICKY DRION THOROUGHBREDS AGENT,OUT,0,,04/29/2020,KENTUCKY,5,,,Y,,
Kentucky Winter Mixed (2021),2021-02-08,51,GRR,OBSOLETE,M,OLD FASHIONED,PRIZE WINNER,PURE PRIZE,VINERY SALES AGENT XX,OUT,0,,03/20/2015,INDIANA,14&15,,,RB,,
Kentucky Winter Mixed (2021),2021-02-08,52,B,OCEAN FIRE,F,ANIMAL KINGDOM,PLACENTIA,BERNARDINI,TAYLOR MADE SALES AGENCY AGENT XVII,GAYLE VAN LEER AGENT,4700,,03/03/2016,KENTUCKY,2,,,BP,,https://youtu.be/yMEdsgrWWSE
Kentucky Winter Mixed (2021),2021-02-08,53,B,ONE BY ONE,F,STREET BOSS,LOOKING GLASS,SEEKING THE GOLD,BROOKDALE SALES AGENT,AMIGO STABLE,1500,,04/01/2018,KENTUCKY,2,,,BP,,
Kentucky Winter Mixed (2021),2021-02-08,54,B,,F,KANTHAROS,ONE MOMENT IN TIME,BODEMEISTER,BALLYSAX BLOODSTOCK AGENT XVL,BRITTANY VANDENBERG,5000,,01/22/2020,KENTUCKY,6,,,Y,,
Kentucky Winter Mixed (2021),2021-02-08,55,B,ON THE HOP,M,ARTIE SCHILLER,STREET CHANT,STREET CRY (IRE),HUNTER VALLEY FARM AGENT,OUT,0,,04/28/2015,KENTUCKY,7,CENTRAL BANKER,2020-02-15,B,,
Kentucky Winter Mixed (2021),2021-02-08,56,DKB,OPTICAL EXCLUSION,F,MIDNIGHT LUTE,THE RIGHT BIRD,BIRDSTONE,FOUR STAR SALES AGENT,OUT,0,,02/01/2016,KENTUCKY,4,MR. SPEAKER,2020-04-22,B,,
Kentucky Winter Mixed (2021),2021-02-08,57,DKB,,F,FAST ANNA,OPTICAL EXCLUSION,MIDNIGHT LUTE,FOUR STAR SALES AGENT,OUT,0,,03/27/2020,KENTUCKY,4,,,Y,,
Kentucky Winter Mixed (2021),2021-02-08,58,GRR,OUR LAW,F,RAISON D'ETAT,OURS,HALF OURS,BLUEWATER SALES LLC AGENT IX,CROOKED GATE FARM,3000,,04/16/2016,KENTUCKY,8,,,BP,,
Kentucky Winter Mixed (2021),2021-02-08,59,DKB,,F,MIDNIGHT STORM,OUT OF PRADO,MR. LIVINGSTON,SIERRA FRIA FARM,SANDY BARBIER,1000,,04/19/2020,KENTUCKY,12,,,Y,,
Kentucky Winter Mixed (2021),2021-02-08,60,DKB,,C,MSHAWISH,OVERLY INDULGENT,PLEASANTLY PERFECT,SIERRA FRIA FARM,NOT SOLD,1000,,03/19/2020,KENTUCKY,12,,,Y,,
Kentucky Winter Mixed (2021),2021-02-08,61,DKB,PACIFIC DANCER,F,STORMY ATLANTIC,DANCE TO THE SEA,GONE WEST,PARAMOUNT SALES AGENT IX,CHAD SCHUMER AGENT,35000,,02/09/2018,ONTARIO,5,,,RB,,https://vimeo.com/509439620
Kentucky Winter Mixed (2021),2021-02-08,62,B,PAKHET,F,CAIRO PRINCE,HUNTING HILL,HARD SPUN,TAYLOR MADE SALES AGENCY AGENT XI,PEACHTREE RACING STABLE,100000,,02/02/2016,KENTUCKY,2,,,BP,,https://youtu.be/uB7iOrBz-iI
Kentucky Winter Mixed (2021),2021-02-08,63,DKB,PALLAS ATHENE,F,DECLARATION OF WAR,MISS PAGET (IRE),GALILEO (IRE),LANE'S END AGENT,THETA HOLDING I INC.,11000,,04/10/2016,KENTUCKY,1,,,RB,,https://youtu.be/DdzlbE7YAEk
Kentucky Winter Mixed (2021),2021-02-08,64,CH,PARAISO,F,CONGRATS,ENTICED AWAY,BROKEN VOW,DENALI STUD AGENT FOR GALLAGHER'S STUD,SANDY BARBIER,1500,,01/16/2017,NEW YORK,1,,,RB,,
Kentucky Winter Mixed (2021),2021-02-08,65,DKB,PASSALLTHECANDY,F,TWIRLING CANDY,PASSING SHOWER,WAR PASS,VINERY SALES AGENT XXI,NOT SOLD,23000,,03/24/2016,KENTUCKY,14&15,,,RB,,
Kentucky Winter Mixed (2021),2021-02-08,66,DKB,PATTITUDE,M,CITY ZIP,DANCINANDSINGIN,A.P. INDY,GAINESWAY AGENT I,JASON HALL AGENT,32000,,04/15/2012,KENTUCKY,6,TAPWRIT,2020-03-13,B,,
Kentucky Winter Mixed (2021),2021-02-08,67,B,PAYNTERBYNUMBERS,F,PAYNTER,RUTH AND NEVA,CHEROKEE RUN,VINERY SALES AGENT XXI,OUT,0,,04/10/2016,KENTUCKY,14&15,,,RB,,
Kentucky Winter Mixed (2021),2021-02-08,68,GRR,,C,FUNTASTIC,PEACE OPPORTUNITY,POINT OF ENTRY,BALDWIN BLOODSTOCK AGENT II,MIKE OWENS AGENT,15000,,01/21/2020,KENTUCKY,13,,,Y,,
Kentucky Winter Mixed (2021),2021-02-08,69,DKB,PERFECT FLUTE,M,PLEASANTLY PERFECT,FLUTE,SEATTLE SLEW,POPE MCLEAN (CRESTWOOD FARM) AGENT I,OUT,0,,02/02/2012,KENTUCKY,4,GUN RUNNER,2020-02-24,B,,
Kentucky Winter Mixed (2021),2021-02-08,70,DKB,,F,CROSS TRAFFIC,PERFECT PEGASUS,FUSAICHI PEGASUS,FOUR STAR SALES AGENT,NOT SOLD,11000,,02/24/2020,KENTUCKY,4,,,Y,,
Kentucky Winter Mixed (2021),2021-02-08,71,CH,PERMISSION,F,CURLIN,BALA,WITH APPROVAL,VINERY SALES AGENT XXI,HAPPY HORSE STABLES,70000,,03/26/2017,KENTUCKY,14&15,,,RB,,
Kentucky Winter Mixed (2021),2021-02-08,72,CH,PERSIAN WELLS,F,KITTEN'S JOY,FLY PAST (GB),ZAMINDAR,BROOKDALE SALES AGENT,SANDY BARBIER,1500,,02/24/2018,KENTUCKY,2,,,BP,,
Kentucky Winter Mixed (2021),2021-02-08,73,B,,F,MIDSHIPMAN,PICOLATA,BELLAMY ROAD,MULHOLLAND SPRINGS AGENT III,5G RANCH,19000,,04/08/2020,KENTUCKY,9,,,Y,,https://vimeo.com/508192799
Kentucky Winter Mixed (2021),2021-02-08,74,B,PICTURE DAY,M,INCLUDE,ELUSIVE SUGAR,ELUSIVE QUALITY,HUNTER VALLEY FARM AGENT,OUT,0,,02/15/2012,KENTUCKY,7,CENTRAL BANKER,2020-02-16,B,,
Kentucky Winter Mixed (2021),2021-02-08,75,B,,C,TAPIZAR,PIECES OF SILVER,SILVER DEPUTY,S & G THOROUGHBREDS AGENT,NOT SOLD,3500,,04/13/2020,PENNSYLVANIA,9,,,Y,,
Kentucky Winter Mixed (2021),2021-02-08,76,B,,F,SHARP AZTECA,PIPER JADE,HARLAN'S HOLIDAY,KP SALES AGENT,MANUEL PEREZ & SONS,18000,,05/08/2020,KENTUCKY,14,,,Y,,
Kentucky Winter Mixed (2021),2021-02-08,77,B,PLAYERS CLUB,M,THUNDER GULCH,LADY MADONNA,CHIEF'S CROWN,MACCABEE FARM,EQUUS FARM,5500,,04/08/2009,KENTUCKY,13,PRESERVATIONIST,2020-05-01,B,,
Kentucky Winter Mixed (2021),2021-02-08,78,B,PLAYTONE,F,TONALIST,THEYPLAYINGOURSONG,SONGANDAPRAYER,BLUEWATER SALES LLC AGENT VII,MIKE CLINE AGENT,40000,,03/06/2017,NEW YORK,8,,,BP,,https://vimeo.com/509350825
Kentucky Winter Mixed (2021),2021-02-08,79,DKB,PLEASANT CAT,M,TALE OF THE CAT,VALDIVIA,PLEASANT COLONY,HIDDEN BROOK AGENT III,OUT,0,,04/17/2010,KENTUCKY,3,CLASSIC EMPIRE,2020-02-12,B,,
Kentucky Winter Mixed (2021),2021-02-08,80,CH,PLINK FREUD,F,FREUD,PLINKING,TALKIN MAN,THOMAS J. GALLO III SALES AGENCY AGENT III,HEAD OF PLAINS PARTNERS,24000,,04/18/2016,NEW YORK,3,,,BP,,https://vimeo.com/508130425
Kentucky Winter Mixed (2021),2021-02-08,81,B,POINT TAKEN,F,STRONG MANDATE,PEBBLE HILL,LEMON DROP KID,LANE'S END AGENT,JUSTIN JEANSONNE,1000,,03/12/2018,KENTUCKY,1,,,BP,,
Kentucky Winter Mixed (2021),2021-02-08,82,B,,C,MENDELSSOHN,POPPY'S BABY GIRL (GB),YANKEE VICTOR,ENDEAVOR FARM AGENT,DJ STABLE LLC,40000,,05/15/2020,KENTUCKY,12,,,Y,,
Kentucky Winter Mixed (2021),2021-02-08,83,B,,F,UNCLE MO,POR QUE' TE QUIERO,A.P. INDY,BLUEWATER SALES LLC AGENT III,OUT,0,,02/04/2020,KENTUCKY,8,,,Y,,
Kentucky Winter Mixed (2021),2021-02-08,84,B,POWDER N BLUSH,M,WAR CHANT,DAME CAMILLE,CONFIRMED BACHELOR,BUCK POND FARM (DOUGLAS S. ARNOLD) AGENT,LE BEAU CHEVAL FARM LLC,2500,,03/26/2012,TEXAS,13,LOOKIN AT LUCKY,2020-04-24,B,,
Kentucky Winter Mixed (2021),2021-02-08,85,CH,,C,NIAGARA CAUSEWAY,POWDER N BLUSH,WAR CHANT,BUCK POND FARM (DOUGLAS S. ARNOLD) AGENT,SANDRA SCHULTZ,1500,Y,03/13/2020,KENTUCKY,13,,,Y,,
Kentucky Winter Mixed (2021),2021-02-08,86,B,POWERFULATTRACTION,F,COMMISSIONER,MAGNET,SEEKING THE GOLD,ST GEORGE SALES AGENT II,GEORGE SAUFLEY,94000,,04/16/2017,ARKANSAS,6,,,RB,,https://youtu.be/3tJbh95YpQc
Kentucky Winter Mixed (2021),2021-02-08,87,B,PRAIRIE CHICK,M,SMOKIN GLOCK,VITAE,AWESOME AGAIN,LANE'S END AGENT,OUT,0,,02/05/2013,ILLINOIS,1,FAST ANNA,2020-02-19,B,,
Kentucky Winter Mixed (2021),2021-02-08,88,B,PRETTYPRICEYGIRL,M,SCAT DADDY,LACIE GIRL,EDITOR'S NOTE,BROOKDALE SALES AGENT,SPRUCE LANE FARM,40000,,04/21/2009,KENTUCKY,2,AIR FORCE BLUE,2020-05-12,B,,
Kentucky Winter Mixed (2021),2021-02-08,89,B,PRIDE AND JOY,F,PROUD CITIZEN,ALWAYS BELONG,BELONG TO ME,THOMAS J. GALLO III SALES AGENCY AGENT VII,DEVIL DAWG FARM,1000,,05/06/2016,NEW YORK,3,,,BP,,https://vimeo.com/508145199
Kentucky Winter Mixed (2021),2021-02-08,90,B,,F,MORE THAN READY,PRINCIPLE EQUATION (IRE),OASIS DREAM (GB),ST GEORGE SALES AGENT VII,KEVIN J JOY,3000,,04/05/2020,KENTUCKY,6,,,Y,,
Kentucky Winter Mixed (2021),2021-02-08,91,GRR,,C,DISTORTED HUMOR,PROMINENT,EL PRADO (IRE),BLAKE-ALBINA THOROUGHBRED SERVICES LLC AGENT I,CARLOS S.E. MOORE AGENT,27500,Y,04/29/2020,KENTUCKY,11,,,Y,,https://vimeo.com/508177204
Kentucky Winter Mixed (2021),2021-02-08,92,CH,PUFFERY,M,FLATTER,CELESTIAL SWEEP,EDDINGTON,HIDDEN BROOK AGENT X,GLENCREST FARM,3000,,01/20/2015,NEW YORK,3,,,BP,,https://www.youtube.com/watch?v=6MuEoumhSdg
Kentucky Winter Mixed (2021),2021-02-08,93,CH,PURE BLARNEY,M,PURE PRIZE,BLARNEY BLUSH,VAN NISTELROOY,LANE'S END AGENT,KIM SMITH,1000,Y,03/03/2014,ILLINOIS,1,,,BP,,
Kentucky Winter Mixed (2021),2021-02-08,94,GRR,PURE ONE,M,MACHO UNO,PURE DISCO,DISCO RICO,DENALI STUD AGENT VII,ST ELIAS STABLES LLC,42000,,03/31/2015,FLORIDA,1,TONALIST,2020-05-07,B,,https://youtu.be/3Jx7c4Ngnks
Kentucky Winter Mixed (2021),2021-02-08,95,B,PURE WOW,F,THE FACTOR,CRESPANO,MINESHAFT,HIDDEN BROOK AGENT IV,SHINING LIGHT FARM LLC,20000,,02/22/2017,KENTUCKY,3,,,BP,,https://youtu.be/tdoUtCDtl2U
Kentucky Winter Mixed (2021),2021-02-08,96,B,PURPLE CAT,M,BLUEGRASS CAT,SWIFT GIRL,UNBRIDLED,BLAKE-ALBINA THOROUGHBRED SERVICES LLC AGENT I,MARES MARES MARES,12000,,04/09/2008,KENTUCKY,11,SPEIGHTSTER,2020-04-30,B,,https://vimeo.com/509370161
Kentucky Winter Mixed (2021),2021-02-08,97,CH,,F,RACE DAY,PUUKU,FORESTRY,ALLIANCE SALES AGENCY AGENT,TILLY'S RACING AGENT,1500,Y,03/26/2020,KENTUCKY,7,,,Y,,
Kentucky Winter Mixed (2021),2021-02-08,98,B,QUEEN LATINA,M,CONGRATS,COPE LADY,COPELAN,LEGACY BLOODSTOCK AGENT FOR CAMBREY FARM LLC,OUT,0,,03/20/2009,FLORIDA,10,CARPE DIEM,2020-04-19,B,,
Kentucky Winter Mixed (2021),2021-02-08,99,GRR,,F,MOHAYMEN,QUEEN OF SILENCE,TWIRLING CANDY,FRANKFORT PARK FARM AGENT,INDIAN CREEK FARM,23000,,05/10/2020,KENTUCKY,5,,,Y,,https://vimeo.com/507483744
Kentucky Winter Mixed (2021),2021-02-08,100,DKB,,F,DIALED IN,QUICK HIT FEVER,DUBLIN,SHELTOWEE SALES,MJK BLOODSTOCK AGENT,10000,,05/26/2020,KENTUCKY,11,,,Y,,
Kentucky Winter Mixed (2021),2021-02-08,101,CH,QUICKPAY,F,SUPER SAVER,GEMSWICK PARK,SPEIGHTSTOWN,VINERY SALES AGENT XXI,DANIELLE AGNELLO,32000,,02/20/2016,KENTUCKY,14&15,,,RB,,
Kentucky Winter Mixed (2021),2021-02-08,102,B,,C,RUNHAPPY,QUICK THINKER,MORE THAN READY,FRANKFORT PARK FARM AGENT,ERIC MOREAU-SIPIERE,2500,,04/18/2020,KENTUCKY,5,,,Y,,https://vimeo.com/507483974
Kentucky Winter Mixed (2021),2021-02-08,103,DKB,,F,PRACTICAL JOKE,RACHEL'S TEMPER,FLATTER,BLAKE-ALBINA THOROUGHBRED SERVICES LLC AGENT I,NOT SOLD,17000,,02/07/2020,NEW YORK,11,,,Y,,https://vimeo.com/508177267
Kentucky Winter Mixed (2021),2021-02-08,104,CH,RAGS TO RAINBOW,F,UNION RAGS,MOON RAINBOW,SMART STRIKE,PARAMOUNT SALES AGENT IX,SEAN FITZHENRY,12000,,02/05/2018,ONTARIO,5,,,RB,,https://vimeo.com/509439664
Kentucky Winter Mixed (2021),2021-02-08,105,B,,F,LAOBAN,READY FOR THERAPY,FREUD,THOMAS J. GALLO III SALES AGENCY AGENT I,TODD FREDERICK,30000,,04/27/2020,NEW YORK,3,,,Y,,https://vimeo.com/508158727
Kentucky Winter Mixed (2021),2021-02-08,106,CH,READY FOR THERAPY,M,FREUD,MS. READINESS,MORE THAN READY,THOMAS J. GALLO III SALES AGENCY AGENT I,NOT SOLD,1000,,03/05/2010,NEW YORK,3,,,B,,https://vimeo.com/509100724
Kentucky Winter Mixed (2021),2021-02-08,107,B,,F,MALIBU MOON,REBALITE,MORE THAN READY,BILL REIGHTLER AGENT,NOT SOLD,65000,,03/17/2020,WEST VIRGINIA,7,,,Y,,https://vimeo.com/509364432
Kentucky Winter Mixed (2021),2021-02-08,108,B,RED HERRING,M,EMPIRE MAKER,BIONIC (GB),ZAFONIC,THREAVE MAIN STUD AGENT,WATERSHED BLOODSTOCK,3500,,03/26/2006,KENTUCKY,6,UNIFIED,2020-06-07,B,,
Kentucky Winter Mixed (2021),2021-02-08,109,CH,,F,EXAGGERATOR,RED MOON GIRL,MALIBU MOON,THREAVE MAIN STUD AGENT,NOT SOLD,9000,,04/17/2020,KENTUCKY,6,,,Y,,
Kentucky Winter Mixed (2021),2021-02-08,110,B,,C,BOLT D'ORO,RELIQUARY,PULPIT,VINERY SALES AGENT XI,VALENTINE JIMENEZ,35000,Y,03/02/2020,KENTUCKY,14&15,,,Y,,
Kentucky Winter Mixed (2021),2021-02-08,111,DKB,,F,UNCAPTURED,REMINGTON ROSE,TAKE CHARGE INDY,SUMMERFIELD (FRANCIS & BARBARA VANLANGENDONCK) AGENT,JDM HOLDINGS,13000,,04/10/2020,FLORIDA,3,,,Y,,
Kentucky Winter Mixed (2021),2021-02-08,112,CH,RESERVE LIST,F,KANTHAROS,FLASH OF WONDER,TIZ WONDERFUL,BUCKLAND SALES (ZACH MADDEN) AGENT VII,MINNICH FARM,7000,,04/27/2017,KENTUCKY,10,,,RB,,
Kentucky Winter Mixed (2021),2021-02-08,113,GRR,RESOLVED,M,MIZZEN MAST,DISPUTE,DANZIG,STUART MORRIS AGENT III,DONALD CREDEUR,14000,Y,02/13/2010,KENTUCKY,4,AIR FORCE BLUE,2020-04-28,B,,
Kentucky Winter Mixed (2021),2021-02-08,114,B,,F,ASTERN (AUS),RETTALFA,FLATTER,MAINE CHANCE FARM (UNIVERSITY OF KENTUCKY),ZK RACING,1000,,03/17/2020,KENTUCKY,15,,,Y,,https://youtu.be/7An5kpDDjFE
Kentucky Winter Mixed (2021),2021-02-08,115,DKB,,F,LEMON DROP KID,REVEILLE'S ECHO,WAR FRONT,VINERY SALES AGENT XXI,NOT SOLD,22000,,02/24/2019,KENTUCKY,14&15,,,RP,,
Kentucky Winter Mixed (2021),2021-02-08,116,B,RIA MUNK,M,PAYNTER,ALPHA MAMA,UNBRIDLED'S SONG,ST GEORGE SALES AGENT FOR MIKE MACHOWSKY,NOT SOLD,57000,,05/19/2015,KENTUCKY,6,,,RB,,
Kentucky Winter Mixed (2021),2021-02-08,117,CH,ROBINSON BLUE,F,PALACE MALICE,ROCKELLA,TRIBAL RULE,ST GEORGE SALES AGENT VIII,NOT SOLD,1000,,03/20/2017,KENTUCKY,6,,,RB,,
Kentucky Winter Mixed (2021),2021-02-08,119,DKB,ROCK WITH ROBIN,F,VANCOUVER (AUS),COCO'S FOR REAL,SWORD DANCE (IRE),PARAMOUNT SALES AGENT IV,NOT SOLD,14000,,02/08/2018,FLORIDA,5,,,BP,,https://vimeo.com/509439692
Kentucky Winter Mixed (2021),2021-02-08,120,DKB,ROMANTIC INTENTION,M,SUAVE,LIGHTS OUT (AUS),WAY OF LIGHT,MOONESTONE SALES AGENT,OUT,0,,02/25/2008,KENTUCKY,10,PAYNTER,2020-05-26,B,,
Kentucky Winter Mixed (2021),2021-02-08,121,DKB,,C,ASTERN (AUS),ROMANTIC INTENTION,SUAVE,MOONESTONE SALES AGENT,OUT,0,,03/11/2020,KENTUCKY,10,,,Y,,
Kentucky Winter Mixed (2021),2021-02-08,122,DKB,ROOM FOR APTITUDE,M,APTITUDE,SPIN ROOM,SPINNING WORLD,MACCABEE FARM,NOT SOLD,14000,,05/16/2011,ILLINOIS,13,CROSS TRAFFIC,2020-04-19,B,,
Kentucky Winter Mixed (2021),2021-02-08,123,DKB,ROSARIO'S PRAYER,F,SKY KINGDOM,DESK JOB,TO HONOR AND SERVE,VINERY SALES AGENT XII,CHERRY RUN FARM,1000,,03/02/2020,KENTUCKY,14&15,,,Y,,
Kentucky Winter Mixed (2021),2021-02-08,124,CH,,C,MUNNINGS,ROSE AGAIN,CURLIN,VINERY SALES AGENT XXI,TOM MCCROCKLIN AGENT,47000,,01/29/2020,KENTUCKY,14&15,,,Y,,
Kentucky Winter Mixed (2021),2021-02-08,125,B,,F,ACCELERATE,ROSES IN THE SOUTH,CITY PLACE,MULHOLLAND SPRINGS AGENT,OUT,0,,04/25/2020,KENTUCKY,9,,,Y,,
Kentucky Winter Mixed (2021),2021-02-08,126,DKB,ROSSELLINI,F,FREUD,ISABEL AWAY,SKIP AWAY,THOMAS J. GALLO III SALES AGENCY AGENT II,COLD SNACKS,4000,,05/18/2016,NEW YORK,3,,,BP,,https://vimeo.com/508164760
Kentucky Winter Mixed (2021),2021-02-08,127,B,ROUGH STUFF,F,JIMMY CREED,SHE'S ROUGHIN IT,FOREST CAMP,BLAKE-ALBINA THOROUGHBRED SERVICES LLC AGENT I,THOROSTOCK LLC,20000,,05/13/2017,KENTUCKY,11,,,RB,,https://vimeo.com/508177306
Kentucky Winter Mixed (2021),2021-02-08,128,CH,,C,SPEIGHTSTOWN,ROYAL ANCESTRY,DISTORTED HUMOR,STUART MORRIS AGENT III,CALUMET FARM,165000,,04/29/2020,KENTUCKY,4,,,Y,,
Kentucky Winter Mixed (2021),2021-02-08,129,B,ROYAL HONEY,F,ASTERN (AUS),ZUZOR,PIONEEROF THE NILE,MACCABEE FARM,ZVI KRIPLE,2000,,05/08/2020,KENTUCKY,13,,,Y,,
Kentucky Winter Mixed (2021),2021-02-08,130,DKB,ROYAL NATION,F,PAYNTER,ROYAL RHIANNON,BROKEN VOW,KP SALES AGENT,OUT,0,,01/30/2016,NEW YORK,14,SHARP AZTECA,2020-02-23,B,,
Kentucky Winter Mixed (2021),2021-02-08,131,B,RUE DE L'ANGE,M,STREET SENSE,GEORGIE'S ANGEL,BELLAMY ROAD,GAINESWAY AGENT I,MICHAEL DOWD,67000,,02/05/2015,KENTUCKY,6,MENDELSSOHN,2020-05-07,B,,
Kentucky Winter Mixed (2021),2021-02-08,132,CH,,F,WILL TAKE CHARGE,RUE DE L'ANGE,STREET SENSE,GAINESWAY AGENT I,NORTH AMERICAN TB HORSE CO,7500,,03/18/2020,KENTUCKY,6,,,Y,,
Kentucky Winter Mixed (2021),2021-02-08,133,B,,F,PRACTICAL JOKE,RUEDELAROSE,STREET SENSE,MULHOLLAND SPRINGS AGENT V,OUT,0,,04/09/2020,NEW YORK,9,,,Y,,
Kentucky Winter Mixed (2021),2021-02-08,134,DKB,,C,ALWAYS DREAMING,SAFARI KITTEN,KITTEN'S JOY,VINERY SALES AGENT I,BTE STABLES,6000,,01/31/2020,KENTUCKY,14&15,,,Y,,
Kentucky Winter Mixed (2021),2021-02-08,135,B,,F,SHAMAN GHOST,SAFARI TAN,KISSIN KRIS,VINERY SALES AGENT XIV,ANGEL ORDONEZ,5500,,02/26/2020,KENTUCKY,14&15,,,Y,,
Kentucky Winter Mixed (2021),2021-02-08,136,DKB,,F,PALACE,SALTY WAVE,SALTY SEA,SCOTT MALLORY AGENT I,ZVI KRIPLE,1000,,04/12/2020,KENTUCKY,12,,,Y,,
Kentucky Winter Mixed (2021),2021-02-08,137,B,,C,TAMARKUZ,SALVADORIA,MACHO UNO,MAINE CHANCE FARM (UNIVERSITY OF KENTUCKY),D.K.W. RACING,6500,,03/17/2020,KENTUCKY,15,,,Y,,https://youtu.be/CQQCujt-yF0
Kentucky Winter Mixed (2021),2021-02-08,138,B,SANAABLE,F,DAAHER,HIJAAB,TIZNOW,JAMES B. KEOGH (GROVENDALE) AGENT VII,KEVIN CONARD,4000,,01/29/2016,KENTUCKY,9,TAMARKUZ,2020-05-22,B,,
Kentucky Winter Mixed (2021),2021-02-08,139,B,SANTINO,M,ARTIE SCHILLER,GRANDMA MARTHA,GONE WEST,VINERY SALES AGENT XIV,WILLIAM A NICKS,1000,,04/27/2015,KENTUCKY,14&15,,,B,,
Kentucky Winter Mixed (2021),2021-02-08,140,CH,,F,ARMY MULE,SAOIRSE CAT,STORM CAT,HILL 'N' DALE SALES AGENCY AGENT,BD RACING,17000,,01/28/2020,KENTUCKY,3,,,Y,,https://vimeo.com/509099661
Kentucky Winter Mixed (2021),2021-02-08,141,B,SARAH JOE,F,HARD SPUN,CASTILLA,AFLEET ALEX,VINERY SALES AGENT XIV,NJMB INC.,17000,,02/25/2017,KENTUCKY,14&15,,,RB,,
Kentucky Winter Mixed (2021),2021-02-08,142,B,SARATOGA TREASURE,M,TREASURE BEACH (GB),SKY GAZER,SKY MESA,DENALI STUD AGENT VII,NOT SOLD,70000,,03/28/2015,NEW YORK,1,,,RB,,https://youtu.be/MtQZMRnrrvc
Kentucky Winter Mixed (2021),2021-02-08,143,CH,,C,V. E. DAY,SASSY AGNES,CENTRAL BANKER,BUCK POND FARM (DOUGLAS S. ARNOLD) AGENT FOR MAGALEN O. BRYANT DISPERSAL,JOHN P CASEY,10000,,03/28/2020,KENTUCKY,13,,,Y,,
Kentucky Winter Mixed (2021),2021-02-08,144,B,SASSY SPIRIT,M,BLAME,DEB'S HONOR,AFFIRMED,FOUR STAR SALES AGENT,OUT,0,,05/14/2013,KENTUCKY,4,,,B,,
Kentucky Winter Mixed (2021),2021-02-08,145,DKB,,F,PAYNTER,SASSY SPIRIT,BLAME,FOUR STAR SALES AGENT,OUT,0,,05/17/2020,KENTUCKY,4,,,Y,,
Kentucky Winter Mixed (2021),2021-02-08,146,DKB,,F,CLOUD COMPUTING,SAUCY JADE,ROCK HARD TEN,ALLIANCE SALES AGENCY AGENT,GOLDENCENTS THOROUGHBRED,7000,,03/06/2020,KENTUCKY,7,,,Y,,
Kentucky Winter Mixed (2021),2021-02-08,147,CH,SCOLDING,F,CARPE DIEM,REBUKE,CARSON CITY,FOUR STAR SALES AGENT,THETA HOLDING I INC.,8000,,02/01/2017,KENTUCKY,4,,,BP,,https://youtu.be/8CYeVV1nke0
Kentucky Winter Mixed (2021),2021-02-08,148,B,,C,UNCLE MO,SCRIPTURE,TIZNOW,HILL 'N' DALE SALES AGENCY AGENT,OUT,0,,01/29/2020,KENTUCKY,3,,,Y,,
Kentucky Winter Mixed (2021),2021-02-08,149,B,SEA DREAM (BRZ),M,DROSSELMEYER,MAKEOVER (ARG),GIANT'S CAUSEWAY,HIDDEN BROOK AGENT FOR MONDESIR FARM & BONNE CHANCE FARM LLC,NOT SOLD,20000,,07/24/2014,BRZ,3,,,BP,,https://youtu.be/9y1CNx2lRqc
Kentucky Winter Mixed (2021),2021-02-08,150,B,SECRETIVE MISCHIEF,F,INTO MISCHIEF,TREASURE BOX,LEMON DROP KID,FRANKFORT PARK FARM AGENT,ERIN FISHER,5000,,02/07/2018,KENTUCKY,5,,,BP,,https://vimeo.com/507745058
Kentucky Winter Mixed (2021),2021-02-08,151,CH,SEE YA SIGNE,M,SEA THE STARS (IRE),SANTA TERESITA,LEMON DROP KID,BLUEWATER SALES LLC AGENT III,OUT,0,,04/07/2011,KENTUCKY,8,GUN RUNNER,2020-04-28,B,,
Kentucky Winter Mixed (2021),2021-02-08,152,CH,SELECT FRIDAY,F,KANTHAROS,CRISTAL CAUSEWAY,GIANT'S CAUSEWAY,ALLIANCE SALES AGENCY AGENT I,NOT SOLD,77000,,02/01/2016,FLORIDA,7,OMAHA BEACH,2020-04-14,B,,
Kentucky Winter Mixed (2021),2021-02-08,153,CH,,F,DADDY LONG LEGS,SEMAPHORE,EUROSILVER,ALLIANCE SALES AGENCY AGENT,SPRINGLAND FARM,17000,,04/01/2020,KENTUCKY,7,,,Y,,
Kentucky Winter Mixed (2021),2021-02-08,154,DKB,,C,RACE DAY,SESSILE,FORESTRY,ALLIANCE SALES AGENCY AGENT,DAVID RODAWALT,15000,,04/29/2020,KENTUCKY,7,,,Y,,
Kentucky Winter Mixed (2021),2021-02-08,155,GRR,,F,CAIRO PRINCE,SEVEN DAYS,QUIET AMERICAN,THREAVE MAIN STUD AGENT FOR HODGE ET AL,HIGH NOON RACING,40000,,04/14/2020,KENTUCKY,6,,,Y,,
Kentucky Winter Mixed (2021),2021-02-08,156,DKB,SHANGHAI LADY,F,SHANGHAI BOBBY,IBIS,EMPIRE MAKER,VINERY SALES AGENT XIX,HARMONY FARMS,8000,,05/17/2016,NEW YORK,14&15,MUCHO MACHO MAN,2020-04-05,B,,
Kentucky Winter Mixed (2021),2021-02-08,157,B,SHARP ACT,M,OUR NEW RECRUIT,SHE'S AN ELEVEN,IN EXCESS (IRE),TAYLOR MADE SALES AGENCY AGENT IV,NOT SOLD,19000,,02/20/2010,KENTUCKY,2,WEST COAST,2020-05-13,B,,https://youtu.be/3VhstkYEMwY
Kentucky Winter Mixed (2021),2021-02-08,158,B,,C,CINCO CHARLIE,SHENANDOAH DREAMIN,AFLEET ALEX,MAPLE RUN SOUTH AGENT FOR CARNIE THOROUGHBRED FARM LLC,NOT SOLD,1000,,05/24/2020,INDIANA,12,,,Y,,
Kentucky Winter Mixed (2021),2021-02-08,159,B,,F,SHAMAN GHOST,SHESACURLINMYTOES,CURLIN,FRANKFORT PARK FARM AGENT,NOT SOLD,37000,,03/28/2020,KENTUCKY,5,,,Y,,https://vimeo.com/507484179
Kentucky Winter Mixed (2021),2021-02-08,160,B,SHE'S ALL SKEET,M,TRAPPE SHOT,SHE'S ALL SCAT,SCAT DADDY,PARAMOUNT SALES AGENT X,GLENCREST FARM,25000,,03/05/2015,KENTUCKY,5,,,BP,,https://vimeo.com/508229434
Kentucky Winter Mixed (2021),2021-02-08,161,DKB,,F,ALWAYS DREAMING,SHE'S OVERWELMING,ALBERT THE GREAT,BALLYSAX BLOODSTOCK AGENT,WAR HORSE PLACE,10000,,04/02/2020,KENTUCKY,6,,,Y,,
Kentucky Winter Mixed (2021),2021-02-08,162,DKB,SHE'S PICKY,M,MARIA'S MON,MISS PICKUMS,AFTERNOON DEELITES,LEGACY BLOODSTOCK AGENT II,MICHAEL MAJOR,13000,,04/07/2008,KENTUCKY,10,PAYNTER,2020-04-22,B,,
Kentucky Winter Mixed (2021),2021-02-08,163,CH,MASTER OF MISCHIEF,C,PRACTICAL JOKE,SHE'S THE BEST,LEMON DROP KID,VINERY SALES AGENT III,NOT SOLD,25000,,03/05/2020,KENTUCKY,14&15,,,Y,,
Kentucky Winter Mixed (2021),2021-02-08,164,DKB,,C,CREATIVE CAUSE,SHES TRICKEY,PROUD CITIZEN,THREAVE MAIN STUD AGENT,OUT,0,,04/23/2020,KENTUCKY,6,,,Y,,
Kentucky Winter Mixed (2021),2021-02-08,165,DKB,SHE TAKES CHARGE,F,TAKE CHARGE INDY,SHE'S READY MADE,MORE THAN READY,BLAKE-ALBINA THOROUGHBRED SERVICES LLC AGENT I,POLO GREEN STABLE AGENT FOR DR STEVE DEMAIOLO,9000,,02/08/2016,NEW YORK,11,,,RB,,https://vimeo.com/508177350
Kentucky Winter Mixed (2021),2021-02-08,166,DKB,SHIPPY,F,MIDSHIPMAN,LEAD ME NOT,SPEIGHTSTOWN,TAYLOR MADE SALES AGENCY AGENT V,ST ELIAS STABLES LLC,130000,,03/05/2017,KENTUCKY,2,,,BP,,https://youtu.be/Kx8RGc1Z2ms
Kentucky Winter Mixed (2021),2021-02-08,167,DKB,,C,BRODY'S CAUSE,SH SH SHAKIN',RICHTER SCALE,MAINE CHANCE FARM (UNIVERSITY OF KENTUCKY),EMERALD FARM,45000,,05/18/2020,KENTUCKY,15,,,Y,,https://youtu.be/rcMirHbbhaM
Kentucky Winter Mixed (2021),2021-02-08,168,B,SILENT EMPRESS,F,FIRST SAMURAI,QUIET ENDING,LANGFUHR,NICKY DRION THOROUGHBREDS AGENT,OUT,0,,05/12/2017,NEW YORK,5,,,RB,,
Kentucky Winter Mixed (2021),2021-02-08,169,DKB,,F,CLOUD COMPUTING,SILK'S DIAMOND,FOREFATHERS,ENDEAVOR FARM AGENT,GRADE ONE INVESTMENTS,18000,,02/13/2020,NEW YORK,12,,,Y,,
Kentucky Winter Mixed (2021),2021-02-08,170,B,,C,GORMLEY,SIMPLE SYMPHONY,CONSOLIDATOR,BALDWIN BLOODSTOCK AGENT I,OUT,0,,04/29/2020,KENTUCKY,13,,,Y,,
Kentucky Winter Mixed (2021),2021-02-08,171,DKB,SINFUL DELIGHT,M,BLAME,CUNNING,LORD AT WAR (ARG),GAINESWAY AGENT II,MAPLETON THOROUGHBRED FARM,11000,,02/06/2013,KENTUCKY,6,WICKED STRONG,2020-02-21,B,,
Kentucky Winter Mixed (2021),2021-02-08,172,DKB,SIRCAT NELLY,F,SURF CAT,SISTER SALLY,IN EXCESS (IRE),VINERY SALES AGENT XXI,OUT,0,,04/23/2018,KENTUCKY,14&15,,,RB,,
Kentucky Winter Mixed (2021),2021-02-08,173,B,,C,OUTWORK,SKINDY,SKIP AWAY,MAINE CHANCE FARM (UNIVERSITY OF KENTUCKY),HAINES BROTHER,7000,,03/25/2020,KENTUCKY,15,,,Y,,https://youtu.be/34Rufy3ln40
Kentucky Winter Mixed (2021),2021-02-08,174,DKB,,C,CLOUD COMPUTING,SKIPPERDEE,GIANT'S CAUSEWAY,STUART MORRIS AGENT FOR BARAK FARM,NOT SOLD,14000,,04/08/2020,MARYLAND,4,,,Y,,
Kentucky Winter Mixed (2021),2021-02-08,175,CH,,F,VIOLENCE,SKYLUCK,LOOKIN AT LUCKY,VINERY SALES AGENT XXI,NOT SOLD,37000,,02/21/2020,KENTUCKY,14&15,,,Y,,
Kentucky Winter Mixed (2021),2021-02-08,176,B,,C,COMMISSIONER,SLIGHTLY TIPSY,UNCLE MO,STUART MORRIS AGENT I,NOT SOLD,14000,,02/09/2020,KENTUCKY,4,,,Y,,
Kentucky Winter Mixed (2021),2021-02-08,177,GRR,,C,FROSTED,SMART N DREAMY,SMARTY JONES,SOUTH POINT SALES AGENCY AGENT II,OUT,0,,02/09/2020,PENNSYLVANIA,9,,,Y,,
Kentucky Winter Mixed (2021),2021-02-08,178,B,,C,SHAMAN GHOST,SO BEAUTIFUL,ARCH,MAINE CHANCE FARM (UNIVERSITY OF KENTUCKY),SCOTT PIERCE,3000,,05/14/2020,KENTUCKY,15,,,Y,,https://youtu.be/EEHDk6fgRzE
Kentucky Winter Mixed (2021),2021-02-08,179,B,,F,MINESHAFT,SOCIAL ASSASSIN,GIANT'S CAUSEWAY,TAYLOR MADE SALES AGENCY AGENT IV,NOT SOLD,8000,,01/10/2020,KENTUCKY,2,,,Y,,https://youtu.be/LKzRwXe65rU
Kentucky Winter Mixed (2021),2021-02-08,180,B,SO JADED,F,BERNARDINI,MARISTAR,GIANT'S CAUSEWAY,TAYLOR MADE SALES AGENCY AGENT X,HENLEY FARMS INC.,35000,,04/11/2018,KENTUCKY,2,,,RB,,https://youtu.be/8re0Yx6LI10
Kentucky Winter Mixed (2021),2021-02-08,181,CH,,F,SUPER SAVER,SONIC ECHO,THUNDER GULCH,LEGACY BLOODSTOCK AGENT FOR CAMBREY FARM LLC,KIM SMITH,1000,Y,03/11/2020,KENTUCKY,10,,,Y,,
Kentucky Winter Mixed (2021),2021-02-08,182,B,SOUTH COAST,F,WAR FRONT,MOYNE ABBEY,CHARISMATIC,TAYLOR MADE SALES AGENCY AGENT VII,ST ELIAS STABLES LLC,60000,,02/26/2017,KENTUCKY,2,,,BP,,https://youtu.be/iBqxEkDaOLk
Kentucky Winter Mixed (2021),2021-02-08,183,B,,C,SHARP AZTECA,SOUTHERN ACCENTS,BIRDSTONE,PARAMOUNT SALES AGENT XII,CHUCK GIVENS,27000,,03/10/2020,KENTUCKY,5,,,Y,,
Kentucky Winter Mixed (2021),2021-02-08,184,GRR,,C,CAIRO PRINCE,SPANISH POST,FLATTER,BLUEWATER SALES LLC AGENT V,NOT SOLD,52000,,01/30/2020,KENTUCKY,8,,,Y,,https://vimeo.com/507769005
Kentucky Winter Mixed (2021),2021-02-08,185,B,,C,TAPWRIT,SPANISH STAR,BLAME,WOODS EDGE FARM (PETER O'CALLAGHAN) AGENT II,NOT SOLD,37000,,02/20/2020,KENTUCKY,3,,,Y,,https://vimeo.com/507946846
Kentucky Winter Mixed (2021),2021-02-08,186,DKB,,F,LEA,SPECIAL CHARM (IRE),DANSILI (GB),SCOTT MALLORY AGENT II,JACK DAMICO,12000,,02/01/2020,NEW YORK,12,,,Y,,
Kentucky Winter Mixed (2021),2021-02-08,187,CH,,F,TAPIZAR,SPEEDY BIRD,BIRDSTONE,SCOTT MALLORY AGENT V,CHIAPARINO/SINGH,30000,,02/18/2020,KENTUCKY,12,,,Y,,https://vimeo.com/509108036
Kentucky Winter Mixed (2021),2021-02-08,188,DKB,SPICE IT UP,F,SUPER SAVER,SATYANA,STREET CRY (IRE),VINERY SALES AGENT XIV,OUT,0,,03/20/2016,KENTUCKY,14&15,,,RB,,
Kentucky Winter Mixed (2021),2021-02-08,189,CH,SPICEY ROUX,M,SPEIGHTSTOWN,SPLIT TROIS (FR),DUBAWI (IRE),BROOKDALE SALES AGENT,DEVIL DAWG FARM,9000,,03/18/2014,KENTUCKY,2,TAKE CHARGE INDY,2020-04-22,B,,
Kentucky Winter Mixed (2021),2021-02-08,190,B,,C,LIAM'S MAP,SPIRIT OF SHANGHAI,SHANGHAI BOBBY,KP SALES AGENT,INTUITION EQUINE,17000,Y,04/11/2020,KENTUCKY,14,,,Y,,
Kentucky Winter Mixed (2021),2021-02-08,191,B,STADIA,M,TEUFLESBERG,HONORIA,DANZIG,BUCK POND FARM (DOUGLAS S. ARNOLD) AGENT,MAPLETON THOROUGHBRED FARM,5000,,04/26/2009,KENTUCKY,13,V. E. DAY,2020-04-29,B,,
Kentucky Winter Mixed (2021),2021-02-08,192,DKB,,F,MACHO UNO,STARDUSTER,GRASSHOPPER,VINERY SALES AGENT XIV,TIMOTHY HACKERMAN,3500,,02/04/2020,KENTUCKY,14&15,,,Y,,
Kentucky Winter Mixed (2021),2021-02-08,193,CH,,F,POINT OF ENTRY,STELLALUCE,CUVEE,FULL CIRCLE FARM AGENT,KIM SMITH,1000,Y,04/19/2020,KENTUCKY,5,,,Y,,
Kentucky Winter Mixed (2021),2021-02-08,194,DKB,STELLA PERFORMANCE,M,TRAPPE SHOT,PASSION OVERFLOW,HENNESSY,BLUEWATER SALES LLC AGENT III,CYPRESS CREEK LLC,80000,,05/01/2014,KENTUCKY,8,LAOBAN,2020-05-28,B,,https://vimeo.com/509351008
Kentucky Winter Mixed (2021),2021-02-08,195,B,,C,LAOBAN,STELLA PERFORMANCE,TRAPPE SHOT,BLUEWATER SALES LLC AGENT III,OUT,0,,04/15/2020,NEW YORK,8,,,Y,,
Kentucky Winter Mixed (2021),2021-02-08,196,GRR,STEPHANIES JEWEL,F,ORB,CABLE,DYNAFORMER,KP SALES AGENT,COLT PIKE AGENT,1500,,04/28/2018,KENTUCKY,14,,,BP,,
Kentucky Winter Mixed (2021),2021-02-08,197,B,STORMIN SARATOGA,M,KITTEN'S JOY,GO CHEROKEE GO,CHEROKEE RUN,LITTLE'S BLOODSTOCK LLC AGENT FOR CAVE BROOK FARM,JAMES M LYNCH,5000,,04/27/2013,NEW YORK,10,RACE DAY,2020-04-30,B,,
Kentucky Winter Mixed (2021),2021-02-08,198,CH,,C,EXAGGERATOR,STORM THE CHURCH,PULPIT,BLAKE-ALBINA THOROUGHBRED SERVICES LLC AGENT III,NOT SOLD,10000,,05/02/2020,KENTUCKY,11,,,Y,,https://vimeo.com/507791188
Kentucky Winter Mixed (2021),2021-02-08,199,B,STORMY ANTICS,M,STORMY ATLANTIC,JEANO,FAPPIANO,BLAKE-ALBINA THOROUGHBRED SERVICES LLC AGENT I,WALMAC/GARY BROAD,47000,Y,04/02/2008,KENTUCKY,11,VIOLENCE,2020-04-14,B,,https://vimeo.com/508177400
Kentucky Winter Mixed (2021),2021-02-08,200,DKB,STREET NONSENSE,F,STREET SENSE,ADANDE,BWANA CHARLIE,VINERY SALES AGENT XXI,HAPPY HORSE STABLES,70000,,02/18/2017,KENTUCKY,14&15,,,RB,,
Kentucky Winter Mixed (2021),2021-02-08,201,DKB,SUGAR SHACK QUEEN,F,SHACKLEFORD,VITAE,AWESOME AGAIN,LANE'S END AGENT,BONNIE BIRZER,7000,,04/15/2017,IOWA,1,,,RB,,https://youtu.be/guo23mWWhnw
Kentucky Winter Mixed (2021),2021-02-08,202,B,SUKI,F,UPSTART,SHE NUIT ALL,LOST SOLDIER,GAINESWAY AGENT II,OUT,0,,02/19/2018,KENTUCKY,6,,,RB,,
Kentucky Winter Mixed (2021),2021-02-08,203,B,SUMMER ESCAPE,M,GIANT'S CAUSEWAY,AFLEET SUMMER,AFLEET,BLAKE-ALBINA THOROUGHBRED SERVICES LLC AGENT I,TB BLOODSTOCK,25000,,05/06/2011,KENTUCKY,11,,,B,,https://vimeo.com/508177450
Kentucky Winter Mixed (2021),2021-02-08,204,B,,C,FLATTER,SUN SALUTATION,INCLUDE,STUART MORRIS AGENT FOR MORGAN'S FORD FARM,JOE CASTILLO,3500,,03/06/2020,VIRGINIA,4,,,Y,,
Kentucky Winter Mixed (2021),2021-02-08,205,B,SUNSET PROMISE,F,BROKEN VOW,DESTINE,WAR FRONT,FOUR STAR SALES AGENT,NOT SOLD,49000,,03/10/2017,KENTUCKY,4,,,BP,,
Kentucky Winter Mixed (2021),2021-02-08,206,DKB,SUPER CUTE,F,TEMPLE CITY,PEACH BREW,MILWAUKEE BREW,BLUEWATER SALES LLC AGENT VIII,CANE RIVER LLC,3000,,04/18/2017,KENTUCKY,8,,,BP,,
Kentucky Winter Mixed (2021),2021-02-08,207,CH,SUPER PATRIOTIC,F,MUNNINGS,PATRIOTIC VIVA,WHYWHYWHY,BLUEWATER SALES LLC AGENT IX,OUT,0,,04/04/2016,KENTUCKY,8,,,RB,,
Kentucky Winter Mixed (2021),2021-02-08,208,DKB,SUPER SAVVY,M,SUPER SAVER,DON'T FORGET GIL,KAFWAIN,BLAKE-ALBINA THOROUGHBRED SERVICES LLC AGENT I,OUT,0,,03/12/2012,NEW YORK,11,DIALED IN,2020-05-20,B,,
Kentucky Winter Mixed (2021),2021-02-08,209,DKB,,C,NIAGARA CAUSEWAY,SURELY SENSIBLE,STREET SENSE,BUCK POND FARM (DOUGLAS S. ARNOLD) AGENT,JAMI POOLE,1500,,02/22/2020,KENTUCKY,13,,,Y,,
Kentucky Winter Mixed (2021),2021-02-08,210,B,,F,KLIMT,SURF RIDE,SCAT DADDY,FULL CIRCLE FARM AGENT,ROBERT SVOBUDA,7000,,04/19/2020,KENTUCKY,5,,,Y,,
Kentucky Winter Mixed (2021),2021-02-08,211,DKB,SURFRIDER BEACH,M,BELLAMY ROAD,MOON BUZZ,MALIBU MOON,HUNTER VALLEY FARM AGENT,OUT,0,,01/11/2014,KENTUCKY,7,SOLOMINI,2020-03-05,B,,
Kentucky Winter Mixed (2021),2021-02-08,212,B,,F,CAN THE MAN,SURROUND SOUND,INCLUDE,JANET QUILLEN,GOLDENCENTS THOROUGHBRED,4000,,04/18/2019,KENTUCKY,4,,,RP,,
Kentucky Winter Mixed (2021),2021-02-08,213,DKB,SUSANAIRE,F,TALE OF THE CAT,CORE DESTINATION,EL CORREDOR,VINERY SALES AGENT XIV,WILLIAM A NICKS,1000,,04/16/2018,KENTUCKY,14&15,,,BP,,
Kentucky Winter Mixed (2021),2021-02-08,214,DKB,,F,CONNECT,SUSHI GIRL,ORIENTATE,SHELTOWEE SALES,HT LLC,2000,,02/11/2020,KENTUCKY,11,,,Y,,
Kentucky Winter Mixed (2021),2021-02-08,215,GRR,SUSPICIOUS MINDS,F,LEMON DROP KID,FLASK,MARIA'S MON,NICKY DRION THOROUGHBREDS AGENT,OUT,0,,04/25/2017,KENTUCKY,5,,,RB,,
Kentucky Winter Mixed (2021),2021-02-08,216,DKB,,F,SHARP AZTECA,SWEDE,YANKEE VICTOR,VINERY SALES AGENT XXIII,JOEL HUNSBURGER,25000,,01/17/2020,IOWA,14&15,,,Y,,
Kentucky Winter Mixed (2021),2021-02-08,217,B,,C,GORMLEY,SWEET JENNY,LEMON DROP KID,SHENANIGAN AGENT,OUT,0,,04/29/2020,KENTUCKY,12,,,Y,,
Kentucky Winter Mixed (2021),2021-02-08,218,B,SWEET LADY BROWN,F,CONSTITUTION,CAST IN SILVER,CITY ZIP,DENALI STUD AGENT FOR CANE STREET RACING,EQUINE FUTURES LLC,6500,,01/29/2018,KENTUCKY,1,,,BP,,https://youtu.be/P_HcTrdXpTw
Kentucky Winter Mixed (2021),2021-02-08,219,B,,C,WEST COAST,SWEET OFFER,CANDY RIDE (ARG),HUNTER VALLEY FARM AGENT,TROPICAL RACING INC.,40000,,01/24/2020,KENTUCKY,7,,,Y,,
Kentucky Winter Mixed (2021),2021-02-08,220,CH,,F,GOOD MAGIC,SYNAPSE,FAIRBANKS,KP SALES AGENT FOR COTEAU GROVE FARM,NOT SOLD,77000,,03/16/2020,LOUISIANA,14,,,Y,,
Kentucky Winter Mixed (2021),2021-02-08,221,CH,TANQUERRAY,M,GOOD JOURNEY,KITTY GALORE,MOUNTAIN CAT,HUNTER VALLEY FARM AGENT,WILLIAM A NICKS,2000,,01/18/2009,CALIFORNIA,7,OUTWORK,2020-03-24,B,,https://youtu.be/kgIfjPL5pkY
Kentucky Winter Mixed (2021),2021-02-08,222,DKB,,F,OUTWORK,TANQUERRAY,GOOD JOURNEY,HUNTER VALLEY FARM AGENT,DJURIC SPORTHORSES,8000,,02/24/2020,KENTUCKY,7,,,Y,,https://youtu.be/DRc0H_T-6k0
Kentucky Winter Mixed (2021),2021-02-08,223,GRR,TAP DANCE DESTIN,F,DESTIN,DANCE BY EM,TAPIT,HARRY L. LANDRY BLOODSTOCK LLC AGENT,NOT SOLD,14000,,01/24/2020,LOUISIANA,12,,,Y,,https://vimeo.com/509621003
Kentucky Winter Mixed (2021),2021-02-08,224,B,TAP INTO BEAUTY,F,CONGRATS,OVERANDABEAUTY,GRAND SLAM,JAMES B. KEOGH (GROVENDALE) AGENT II,JOHN R CUMMINS DVM,80000,,03/19/2016,KENTUCKY,9,,,BP,,https://youtu.be/gWjLCbfaC_s
Kentucky Winter Mixed (2021),2021-02-08,225,B,,C,CINCO CHARLIE,TART,DIXIELAND BAND,FOUR STAR SALES AGENT,GOLDENCENTS THOROUGHBRED,6000,,04/05/2020,KENTUCKY,4,,,Y,,
Kentucky Winter Mixed (2021),2021-02-08,226,B,TAYLOR'S LIGHTNING,F,LIAM'S MAP,CUKEE,LANGFUHR,KP SALES AGENT,DIXON ENTERPRISES,23000,,04/19/2017,KENTUCKY,14,,,BP,,
Kentucky Winter Mixed (2021),2021-02-08,227,DKB,TEAM WIN,F,MALIBU MOON,TEAM,EMPIRE MAKER,LANE'S END AGENT,NOT SOLD,9000,,03/21/2016,KENTUCKY,1,,,RB,,https://youtu.be/OuWQ89RZO6g
Kentucky Winter Mixed (2021),2021-02-08,228,DKB,TEN PLAGUES,F,AMERICAN PHAROAH,COREY'S HOLIDAY,HARLAN'S HOLIDAY,TAYLOR MADE SALES AGENCY AGENT XI,ERIN FISHER,7000,,05/01/2018,NEW YORK,2,,,BP,,https://youtu.be/8XmIBQSRCf4
Kentucky Winter Mixed (2021),2021-02-08,229,CH,TERESKA,M,TALE OF THE CAT,BUZZ SONG,UNBRIDLED'S SONG,BURLESON FARMS AGENT,BREANDAN DRAPER AGENT,6000,Y,02/16/2011,KENTUCKY,2,UNIFIED,2020-03-31,B,,
Kentucky Winter Mixed (2021),2021-02-08,230,DKB,THALIAS FIRE,M,PHILANTHROPIST,TELL NO ONE,EL PRADO (IRE),BUCKLAND SALES (ZACH MADDEN) AGENT XXX,CHAD SCHUMER AGENT,4000,,04/11/2012,ONTARIO,10,RANSOM THE MOON,2020-03-13,B,,
Kentucky Winter Mixed (2021),2021-02-08,231,B,,C,RANSOM THE MOON,THALIAS FIRE,PHILANTHROPIST,BUCKLAND SALES (ZACH MADDEN) AGENT XXX,GOLDENCENTS THOROUGHBRED,1500,,02/19/2020,KENTUCKY,10,,,Y,,
Kentucky Winter Mixed (2021),2021-02-08,232,CH,,C,VIOLENCE,THAT'S OK,NOT FOR LOVE,BLAKE-ALBINA THOROUGHBRED SERVICES LLC AGENT I,PEWTER STABLE,8000,,01/19/2020,NEW YORK,11,,,Y,,https://vimeo.com/508177503
Kentucky Winter Mixed (2021),2021-02-08,233,DKB,,C,SUPER SAVER,THIRSTY LADY,STAY THIRSTY,DENALI STUD AGENT I,EASTERN BLOODSTOCK,10000,,02/10/2020,KENTUCKY,1,,,Y,,https://youtu.be/kfEVleXaK1o
Kentucky Winter Mixed (2021),2021-02-08,234,DKB,THREATLEVELMIDNITE (GB),F,DANDY MAN (IRE),LUNA MOON (GB),EQUIANO (FR),JAMES B. KEOGH (GROVENDALE) AGENT V,OUT,0,,03/05/2018,GB,9,,,RB,,
Kentucky Winter Mixed (2021),2021-02-08,235,B,THUNDER DOUBLE,C,ALTERNATION,DOUBLE FIRST,MAJESTIC WARRIOR,MACCABEE FARM,5G RANCH,7000,,02/21/2020,KENTUCKY,13,,,Y,,
Kentucky Winter Mixed (2021),2021-02-08,236,DKB,TICKET TO SEATTLE,M,CAPOTE,BETHANY,DAYJUR,BROOKDALE SALES AGENT,ROBBI SCOTT CHEVELLE,1700,,02/15/2004,KENTUCKY,2,,,B,,
Kentucky Winter Mixed (2021),2021-02-08,237,DKB,TIDAL ONE,F,MINESHAFT,TIDAL POOL,YANKEE GENTLEMAN,JAMES B. KEOGH (GROVENDALE) AGENT VI,NOT SOLD,14500,,04/01/2016,KENTUCKY,9,,,B,,
Kentucky Winter Mixed (2021),2021-02-08,238,GRR,TILTINGATWINDMILLS,F,KITTEN'S JOY,SILVER HOLIDAY,PURIM,VINERY SALES AGENT XXI,OUT,0,,04/11/2016,ONTARIO,14&15,,,RB,,
Kentucky Winter Mixed (2021),2021-02-08,239,DKB,,F,NIAGARA CAUSEWAY,TINY BEAR,PRIVATE VOW,BUCK POND FARM (DOUGLAS S. ARNOLD) AGENT,NOT SOLD,1000,,03/22/2016,TEXAS,13,,,BP,,
Kentucky Winter Mixed (2021),2021-02-08,240,GRR,,C,THE BIG BEAST,TIZSWEET,CEE'S TIZZY,SUMMERFIELD (FRANCIS & BARBARA VANLANGENDONCK) AGENT,VERNON OBERMEIER,1500,,02/26/2020,FLORIDA,3,,,Y,,
Kentucky Winter Mixed (2021),2021-02-08,241,B,TOM'S SPIRIT,C,GOOD SAMARITAN,TOMICA'S SPIRIT,OFFICER,MACCABEE FARM,WAR HORSE PLACE LLC,6500,,03/12/2020,KENTUCKY,13,,,Y,,
Kentucky Winter Mixed (2021),2021-02-08,242,CH,TOP SEEDED,M,OLD TOPPER,BRILLIANT THUNDER,THUNDER GULCH,FORBUSH FARM,NOELLE P RAMSEY,4000,,02/27/2007,CALIFORNIA,3,GOOD SAMARITAN,2020-06-01,B,,
Kentucky Winter Mixed (2021),2021-02-08,243,DKB,TOUCHING BLOOM,M,TOUCH GOLD,SPLENDID BLOOM,A.P. INDY,BUCK POND FARM (DOUGLAS S. ARNOLD) AGENT,EAG STUD,20000,,02/11/2015,TEXAS,13,STREET BOSS,2020-04-07,B,,
Kentucky Winter Mixed (2021),2021-02-08,244,DKB,,C,NIAGARA CAUSEWAY,TOUCHING BLOOM,TOUCH GOLD,BUCK POND FARM (DOUGLAS S. ARNOLD) AGENT,RUSSELL RUTHERFORD,1000,,03/08/2020,KENTUCKY,13,,,Y,,
Kentucky Winter Mixed (2021),2021-02-08,245,B,TOURIST LIKE ME,F,DATA LINK,BEIRAMAR (IRE),MONSUN (GER),LANE'S END AGENT,JUSTIN JEANSONNE,1000,Y,04/12/2017,KENTUCKY,1,,,RB,,
Kentucky Winter Mixed (2021),2021-02-08,246,B,,F,LAOBAN,TOWN FAIR,SPEIGHTSTOWN,SOUTH POINT SALES AGENCY AGENT I,OUT,0,,03/30/2020,NEW YORK,9,,,Y,,https://vimeo.com/509607250
Kentucky Winter Mixed (2021),2021-02-08,247,B,,F,CINCO CHARLIE,TRANQUILITY DREAM,PROUD CITIZEN,ALLIANCE SALES AGENCY AGENT,GOLDENCENTS THOROUGHBRED,2700,,02/09/2020,KENTUCKY,7,,,Y,,
Kentucky Winter Mixed (2021),2021-02-08,248,DKB,TRICKY TUNE,F,INTO MISCHIEF,SOL MI FA (IRE),DISTANT MUSIC,SHELTOWEE SALES,DAVID E. HAGER II AGENT FOR SOUTHERN COMFORT FARM,19000,,03/21/2016,KENTUCKY,11,,,BP,,
Kentucky Winter Mixed (2021),2021-02-08,249,DKB,TWIRLING DANCER,F,TWIRLING CANDY,WILD DEBUTANTE,FOREST WILDCAT,BLAKE-ALBINA THOROUGHBRED SERVICES LLC AGENT I,DOBBS BLOODSTOCK,22000,,03/13/2016,KENTUCKY,11,TAPITURE,2020-04-13,B,,https://vimeo.com/508177554
Kentucky Winter Mixed (2021),2021-02-08,250,DKB,UNBROKEN SPIRIT,M,CANDY RIDE (ARG),SURPRISES WELCOMED,STORM CAT,BLUEWATER SALES LLC AGENT III,MAGIC OAKS,4500,,03/23/2015,KENTUCKY,8,,,B,,
Kentucky Winter Mixed (2021),2021-02-08,251,B,,F,LAOBAN,UNBROKEN SPIRIT,CANDY RIDE (ARG),BLUEWATER SALES LLC AGENT III,ANDREW VANLANGENDONCK,10000,,04/20/2020,NEW YORK,8,,,Y,,https://vimeo.com/509104231
Kentucky Winter Mixed (2021),2021-02-08,252,DKB,,C,MIDNIGHT LUTE,UNDER WRAPS,DIXIE UNION,JAMES M. HERBENER JR. AGENT II,CALUMET FARM,60000,,02/03/2020,KENTUCKY,11,,,Y,,
Kentucky Winter Mixed (2021),2021-02-08,253,CH,,F,CONNECT,UNREAL BABY,FLATTER,VINERY SALES AGENT V,DAVID W RANSON,78000,,01/21/2020,NEW YORK,14&15,,,Y,,
Kentucky Winter Mixed (2021),2021-02-08,254,CH,,F,FIRST SAMURAI,UNTAINTED,SPEIGHTSTOWN,ST GEORGE SALES AGENT VI,OUT,0,,03/19/2019,KENTUCKY,6,,,RB,,
Kentucky Winter Mixed (2021),2021-02-08,255,B,,C,PALACE MALICE,UNTRUTHFUL SONNET,BROKEN VOW,HUNTER VALLEY FARM AGENT,NOT SOLD,1000,,05/14/2020,KENTUCKY,7,,,Y,,
Kentucky Winter Mixed (2021),2021-02-08,257,B,,C,MO TOWN,VENDITA,SMART STRIKE,TAYLOR MADE SALES AGENCY AGENT XIV,COVE SPRINGS LLC,67000,,04/30/2020,KENTUCKY,2,,,Y,,https://youtu.be/d6fwWr98eho
Kentucky Winter Mixed (2021),2021-02-08,258,DKB,VINTAGE READY,F,MORE THAN READY,DUFF ONE,HARLAN'S HOLIDAY,VINERY SALES AGENT XXI,KJMB INC.,40000,,03/04/2017,KENTUCKY,14&15,,,RB,,
Kentucky Winter Mixed (2021),2021-02-08,259,CH,,F,MEDAL COUNT,VINTAGGRACE,BELLAMY ROAD,SCOTT MALLORY AGENT I,TODD FORTUNE,4000,,02/28/2019,KENTUCKY,12,,,RP,,
Kentucky Winter Mixed (2021),2021-02-08,260,CH,,C,MEDAL COUNT,VINTAGGRACE,BELLAMY ROAD,SCOTT MALLORY AGENT I,GOLDENCENTS THOROUGHBRED,2000,,02/28/2020,KENTUCKY,12,,,Y,,
Kentucky Winter Mixed (2021),2021-02-08,261,CH,VIOLINIST,M,UNBRIDLED'S SONG,SWEET BELLE,DEPUTY COMMANDER,VINERY SALES AGENT XXI,NOT SOLD,50000,,04/15/2012,KENTUCKY,14&15,KITTEN'S JOY,2020-05-27,B,,
Kentucky Winter Mixed (2021),2021-02-08,262,DKB,VITAE,M,AWESOME AGAIN,BONITA MEADOW,MEADOWLAKE,LANE'S END AGENT,LES GURREN,12000,,04/05/2008,ILLINOIS,1,,,B,,
Kentucky Winter Mixed (2021),2021-02-08,263,GRR,,F,DESTIN,VIVIAN DA BLING,TOO MUCH BLING,ENDEAVOR FARM AGENT,EMERALD EDGE STUD AGENT,5000,,01/30/2020,NEW YORK,12,,,Y,,
Kentucky Winter Mixed (2021),2021-02-08,264,B,,F,HIT IT A BOMB,VOIDED CONTRACT,ZENSATIONAL,MAPLE RUN SOUTH AGENT,BRYAN RICE,8000,,04/08/2020,KENTUCKY,12,,,Y,,
Kentucky Winter Mixed (2021),2021-02-08,265,B,,C,GHOSTZAPPER,VOLCAT,AFTER MARKET,MULHOLLAND SPRINGS AGENT IV,OUT,0,,03/20/2020,KENTUCKY,9,,,Y,,
Kentucky Winter Mixed (2021),2021-02-08,266,DKB,WALTZING,M,CANDY RIDE (ARG),DANCING ALONE,KINGMAMBO,DENALI STUD AGENT IV,ST ELIAS STABLES LLC,37000,,03/29/2013,KENTUCKY,1,MITOLE,2020-04-29,B,,https://vimeo.com/505720418
Kentucky Winter Mixed (2021),2021-02-08,267,CH,,C,KEEN ICE,WARM FRONT,WAR FRONT,THOMAS J. GALLO III SALES AGENCY AGENT V,J G STABLES,1000,,02/14/2020,NEW YORK,3,,,Y,,https://vimeo.com/508174400
Kentucky Winter Mixed (2021),2021-02-08,268,DKB,WATCH THE FED,F,FED BIZ,JUNCTURE,EL PRADO (IRE),BUCK POND FARM (DOUGLAS S. ARNOLD) AGENT,OUT,0,,04/30/2017,KENTUCKY,13,,,BP,,
Kentucky Winter Mixed (2021),2021-02-08,269,DKB,WATER SPOUT,M,NIAGARA CAUSEWAY,DOSTANA,JOHAR,BUCK POND FARM (DOUGLAS S. ARNOLD) AGENT,WILLIAM A NICKS,2500,,03/19/2014,TEXAS,13,CONGRATS,2020-05-09,B,,
Kentucky Winter Mixed (2021),2021-02-08,270,GRR,WAZE READY,M,MORE THAN READY,JUNCTURE,EL PRADO (IRE),BUCK POND FARM (DOUGLAS S. ARNOLD) AGENT,NOT SOLD,20000,,02/26/2015,KENTUCKY,13,,,BP,,
Kentucky Winter Mixed (2021),2021-02-08,271,CH,,F,MUNNINGS,WELL BLESSED,EXCHANGE RATE,MILL RIDGE SALES AGENT,NOT SOLD,67000,,03/28/2020,CALIFORNIA,1,,,Y,,https://www.youtube.com/watch?v=dtGHvJhN74w
Kentucky Winter Mixed (2021),2021-02-08,272,CH,WELL SPENT,F,HAMPTON COURT (AUS),CRYPTIC MESSAGE,CRYPTOGRAPH,VINERY SALES AGENT XIV,OUT,0,,04/05/2017,KENTUCKY,14&15,,,RB,,
Kentucky Winter Mixed (2021),2021-02-08,274,CH,,F,GOOD SAMARITAN,WHATACLASSYLADY,ARCHARCHARCH,SCOTT MALLORY AGENT VII,SHEPHERD EQUINE ADVISORS AGT FOR LARRY HIRSCH,40000,,01/18/2020,OKLAHOMA,12,,,Y,,https://vimeo.com/509108069
Kentucky Winter Mixed (2021),2021-02-08,275,B,,F,MACLEAN'S MUSIC,WHOM SHALL I FEAR,SOTO,MAINE CHANCE FARM (UNIVERSITY OF KENTUCKY),SHEER WATER STABLES,92000,,03/21/2020,KENTUCKY,15,,,Y,,https://youtu.be/OE8U-Pk92yQ
Kentucky Winter Mixed (2021),2021-02-08,276,B,WILD AND WINDBLOWN,M,BROKEN VOW,DOYENNE,DEPUTY MINISTER,HUNTER VALLEY FARM AGENT,DEVIL DAWG FARM,4000,,02/08/2009,NEW YORK,7,CENTRAL BANKER,2020-03-02,B,,
Kentucky Winter Mixed (2021),2021-02-08,277,B,WILDCAT GIRL,F,WILDCAT RED,OPIE,LEMON DROP KID,MACCABEE FARM,NOT SOLD,1000,,03/06/2020,KENTUCKY,13,,,Y,,
Kentucky Winter Mixed (2021),2021-02-08,278,DKB,WINNING SIS,F,STORMY ATLANTIC,CHARGE OF ANGELS,DISTORTED HUMOR,HILL 'N' DALE SALES AGENCY AGENT FOR SPRY FAMILY FARM,ST ELIAS STABLES LLC,22000,,04/16/2017,KENTUCKY,3,,,BP,,https://youtu.be/r3WgIRxMSZU
Kentucky Winter Mixed (2021),2021-02-08,279,DKB,WINSANITY,M,TAPIZAR,MARWOOD,MARLIN,BLUEWATER SALES LLC AGENT III,OUT,0,,04/07/2014,KENTUCKY,8,LAOBAN,2020-03-04,B,,
Kentucky Winter Mixed (2021),2021-02-08,280,B,,F,LAOBAN,WINSANITY,TAPIZAR,BLUEWATER SALES LLC AGENT III,OUT,0,,02/08/2020,NEW YORK,8,,,Y,,
Kentucky Winter Mixed (2021),2021-02-08,281,CH,,C,AMERICAN FREEDOM,WINTER SOLSTICE,UNBRIDLED,BALDWIN BLOODSTOCK AGENT I,HTC/VORIC STABLES,67000,,05/06/2020,KENTUCKY,13,,,Y,,
Kentucky Winter Mixed (2021),2021-02-08,282,B,YA BEAUTY (GB),F,MUHAARAR (GB),LONG FACE,WHYWHYWHY,VINERY SALES AGENT XXI,NOT SOLD,45000,,04/13/2017,GB,14&15,,,RB,,
Kentucky Winter Mixed (2021),2021-02-08,283,DKB,,F,ALTERNATION,YADDO CANARY,MINESHAFT,MAINE CHANCE FARM (UNIVERSITY OF KENTUCKY),NOT SOLD,1000,,04/23/2020,KENTUCKY,15,,,Y,,https://youtu.be/PgGjh9HEvkg
Kentucky Winter Mixed (2021),2021-02-08,284,B,,C,WICKED STRONG,YALETOWN,THUNDER GULCH,ALLIANCE SALES AGENCY AGENT,NOT SOLD,1000,,04/22/2020,KENTUCKY,7,,,Y,,
Kentucky Winter Mixed (2021),2021-02-08,285,DKB,,F,NOT THIS TIME,YAY GO ME,SONGANDAPRAYER,TAYLOR MADE SALES AGENCY AGENT VIII,RUSTY ROBERTS AGENT,7000,,03/16/2020,IOWA,2,,,Y,,https://vimeo.com/509351192
Kentucky Winter Mixed (2021),2021-02-08,286,B,,F,MUCHO MACHO MAN,YOLIE'S CHOICE,SILVER DEPUTY,MULHOLLAND SPRINGS AGENT,GRADE ONE INVESTMENTS,45000,,03/17/2020,NEW YORK,9,,,Y,,https://vimeo.com/508192852
Kentucky Winter Mixed (2021),2021-02-08,287,CH,YORKSTERS GIRL (IRE),M,BACHELOR DUKE,ISADORA DUNCAN (IRE),SADLER'S WELLS,BLAKE-ALBINA THOROUGHBRED SERVICES LLC AGENT I,NOT SOLD,12000,,05/02/2006,IRE,11,GOOD SAMARITAN,2020-05-13,B,,https://vimeo.com/509370071
Kentucky Winter Mixed (2021),2021-02-08,288,DKB,ZADIG,M,RIO VERDE,CAUSE I'M TRICKY,NINEELEVEN,SCOTT MALLORY AGENT II,NOT SOLD,1000,,02/28/2010,CALIFORNIA,12,,,B,,
Kentucky Winter Mixed (2021),2021-02-08,289,DKB,ZARINE,M,NIAGARA CAUSEWAY,CHOPARD,SILVER DEPUTY,BUCK POND FARM (DOUGLAS S. ARNOLD) AGENT,WILLIAM A NICKS,1000,,02/07/2010,TEXAS,13,ASTERN,2020-05-12,B,,
Kentucky Winter Mixed (2021),2021-02-08,290,DKB,,C,TOURIST,ZARINE,NIAGARA CAUSEWAY,BUCK POND FARM (DOUGLAS S. ARNOLD) AGENT,E S RACING,1000,,04/07/2020,KENTUCKY,13,,,Y,,
Kentucky Winter Mixed (2021),2021-02-08,291,B,ACENDA,M,LATENT HEAT,NEWLYWED,SKY CLASSIC,GAINESWAY AGENT V,NOT SOLD,19000,,04/17/2009,KENTUCKY,6,CREATIVE CAUSE,2020-04-24,B,,
Kentucky Winter Mixed (2021),2021-02-08,292,GRR,ADMAA,F,THE FACTOR,AYAADY,TAPIT,VINERY SALES AGENT XXI,OUT,0,,02/06/2017,KENTUCKY,14&15,,,RB,,
Kentucky Winter Mixed (2021),2021-02-08,293,B,ADORABLE MAYA,F,BERNARDINI,ADORAHY,RAHY,DENALI STUD AGENT FOR GALLAGHER'S STUD,ERIN FISHER,13000,,02/16/2017,NEW YORK,1,,,RB,,https://youtu.be/ZjWle3bzA7g
Kentucky Winter Mixed (2021),2021-02-08,294,GRR,AGUSTINA DE ARAGON,M,POLITICAL FORCE,LA BRESILIENNE,GRAND SLAM,SCOTT MALLORY AGENT II,OUT,0,,03/16/2010,KENTUCKY,12,MAJESTIC CITY,2020-06-02,B,,
Kentucky Winter Mixed (2021),2021-02-08,295,B,,C,MUNNINGS,A LADY WITH AN ACE,FIRST SAMURAI,SOUTH POINT SALES AGENCY AGENT II,NOT SOLD,42000,,03/16/2020,PENNSYLVANIA,9,,,Y,,https://vimeo.com/509351656
Kentucky Winter Mixed (2021),2021-02-08,296,DKB,ALEXIS ROAD,M,NOBLE CAUSEWAY,BESIGE,POLISH NUMBERS,SHELTOWEE SALES,ME II RACING,7000,,04/02/2010,NEW YORK,11,ENGLISH CHANNEL,2020-04-30,B,,
Kentucky Winter Mixed (2021),2021-02-08,297,B,,C,ENGLISH CHANNEL,ALEXIS ROAD,NOBLE CAUSEWAY,SHELTOWEE SALES,DKW RACING,13000,,03/27/2020,KENTUCKY,11,,,Y,,
Kentucky Winter Mixed (2021),2021-02-08,298,B,,C,BRODY'S CAUSE,ALGOWILD,ALGORITHMS,BUCKLAND SALES (ZACH MADDEN) AGENT VI,NOT SOLD,14000,,03/06/2020,KENTUCKY,10,,,Y,,https://youtu.be/pBSDBLzjceQ
Kentucky Winter Mixed (2021),2021-02-08,299,B,ALL IN TIME,F,CURLIN,DISTORTED POINT,DISTORTED HUMOR,BLUEWATER SALES LLC AGENT III,CYPRESS CREEK LLC,50000,,02/11/2016,KENTUCKY,8,PRACTICAL JOKE,2020-05-05,B,,https://vimeo.com/509351512
Kentucky Winter Mixed (2021),2021-02-08,300,B,,F,LAOBAN,ALL IN TIME,CURLIN,BLUEWATER SALES LLC AGENT III,BROW WATER STABLE,25000,,04/15/2020,KENTUCKY,8,,,Y,,https://vimeo.com/509104373
Kentucky Winter Mixed (2021),2021-02-08,301,B,ALL MINE TONIGHT,M,HOLY BULL,MINETONIGHTSFIRST,D'ACCORD,DENALI STUD AGENT FOR EDITION FARM,NOT SOLD,14000,,02/22/2009,NEW YORK,1,SOLOMINI,2020-02-25,B,,
Kentucky Winter Mixed (2021),2021-02-08,302,CH,ALMONSOON,M,GIANT'S CAUSEWAY,GARIMPEIRO,MR. PROSPECTOR,BLUEWATER SALES LLC AGENT III,OUT,0,,05/19/2003,KENTUCKY,8,CLASSIC EMPIRE,2020-05-16,B,,
Kentucky Winter Mixed (2021),2021-02-08,303,CH,ALOHA FROM HAIKU,F,BUSTIN STONES,SWEET ALOHA,WESTERN CAT,VINERY SALES AGENT XIV,TOMMY WENTE,1500,,01/11/2018,NEW YORK,14&15,,,BP,,
Kentucky Winter Mixed (2021),2021-02-08,304,B,,F,CONNECT,ALREADY PACKED,MORE THAN READY,ST GEORGE SALES AGENT V,DAVID E. HAGER II AGENT FOR SAMUEL MARTINEZ,10000,,03/30/2020,KENTUCKY,6,,,Y,,
Kentucky Winter Mixed (2021),2021-02-08,305,B,,F,TIZNOW,ALWAYS PLEASANT,AWESOME AGAIN,GREENFIELD FARM (B.D. GIBBS FARM LLC) AGENT FOR ESTATE OF DANIEL KESSLER (K.C. GARRETT FARM LLC),OUT,0,,02/24/2020,KENTUCKY,12,,,Y,,
Kentucky Winter Mixed (2021),2021-02-08,306,B,AMERICAN DREAM,F,AMERICAN PHAROAH,DANCING ALONE,KINGMAMBO,BRIDIE HARRISON AGENT FOR PETER E. BLUM THOROUGHBREDS,BOARD SHORTS STABLES,105000,,01/28/2017,KENTUCKY,6,,,BP,,
Kentucky Winter Mixed (2021),2021-02-08,307,B,AMERICAN MISSION,M,MISSION IMPAZIBLE,RIVIERA CHIC,MEDAGLIA D'ORO,SOUTH POINT SALES AGENCY AGENT IV,GISELLE SHEPHERD,17500,Y,05/11/2015,NEW YORK,9,,,BP,,https://vimeo.com/508638990
Kentucky Winter Mixed (2021),2021-02-08,308,B,AMERICAN VIOLET,F,AFLEET ALEX,JINNY JUMP UP,JUMP START,SHELTOWEE SALES,OUT,0,,02/27/2018,KENTUCKY,11,,,RB,,
Kentucky Winter Mixed (2021),2021-02-08,309,B,ANDITSAFACT,F,THE FACTOR,ANDRI,A. P. WARRIOR,ALLIANCE SALES AGENCY AGENT,NOT SOLD,1000,,03/13/2016,KENTUCKY,7,,,BP,,
Kentucky Winter Mixed (2021),2021-02-08,310,B,,F,GOOD SAMARITAN,ANGEL SPIRIT,PERFECT SOUL (IRE),BROOKDALE SALES AGENT,ENDEAVOR FARM AGENT,26000,,02/19/2020,KENTUCKY,2,,,Y,,
Kentucky Winter Mixed (2021),2021-02-08,311,B,ANNA'S ANGEL,M,BODEMEISTER,IRISH CHERRY,IRISH OPEN,BLUEWATER SALES LLC AGENT III,DJ VIAGALELEI,23000,,02/03/2015,KENTUCKY,8,LAOBAN,2020-04-05,B,,https://vimeo.com/509351947
Kentucky Winter Mixed (2021),2021-02-08,312,B,,F,LAOBAN,ANNA'S ANGEL,BODEMEISTER,BLUEWATER SALES LLC AGENT III,TORY CHAPMAN,38000,,02/12/2020,KENTUCKY,8,,,Y,,https://vimeo.com/509104472
Kentucky Winter Mixed (2021),2021-02-08,313,CH,ANTHROPOLOGY,F,KARAKONTIE (JPN),SASSIFACTION,SMART STRIKE,HIDDEN BROOK AGENT VI,OUT,0,,05/26/2017,KENTUCKY,3,,,RB,,
Kentucky Winter Mixed (2021),2021-02-08,314,DKB,,C,COMMISSIONER,APALACHEE SONG,SONGANDAPRAYER,PARAMOUNT SALES AGENT XIII,NOT SOLD,7000,,03/09/2020,KENTUCKY,5,,,Y,,
Kentucky Winter Mixed (2021),2021-02-08,315,B,,F,KANTHAROS,A P MAJETSTIC,MAJESTIC WARRIOR,MULHOLLAND SPRINGS AGENT,DEAN PURDOM AGENT,40000,,02/08/2020,KENTUCKY,9,,,Y,,https://vimeo.com/508192918
Kentucky Winter Mixed (2021),2021-02-08,316,B,APPASSIONATA,M,KANTHAROS,POP POP'S HOPE,VALID TREFAIRE,BURLESON FARMS AGENT,OUT,0,,04/15/2014,FLORIDA,2,OUTWORK,2020-03-07,B,,
Kentucky Winter Mixed (2021),2021-02-08,317,DKB,ARCH SUPPORT,M,ARCH,TWO NINETY JONES,SIR HARRY LEWIS,TAYLOR MADE SALES AGENCY AGENT IX,CHAMPION EQUINE LLC,40000,,03/02/2008,KENTUCKY,2,NOT THIS TIME,2020-06-28,B,,https://youtu.be/Z4frpK4kAiw
Kentucky Winter Mixed (2021),2021-02-08,318,B,ARLENE'S HOLIDAY,M,HARLAN'S HOLIDAY,SKY MINISTER,CONQUISTADOR CIELO,FOUR STAR SALES AGENT,NOT SOLD,17000,,02/10/2009,PENNSYLVANIA,4,,,B,,
Kentucky Winter Mixed (2021),2021-02-08,319,B,ASEELAH,F,CANDY RIDE (ARG),BUNEYA,INDIAN CHARLIE,JAMES B. KEOGH (GROVENDALE) AGENT VII,INDIAN CREEK FARM,15000,,03/25/2017,KENTUCKY,9,,,BP,,
Kentucky Winter Mixed (2021),2021-02-08,320,CH,,F,LORD NELSON,ASPEN BLUSH,CUVEE,SALLY THOMAS AGENT,OUT,0,,02/05/2020,KENTUCKY,8,,,Y,,https://vimeo.com/509196368
Kentucky Winter Mixed (2021),2021-02-08,321,DKB,,F,NOT THIS TIME,ATLANTIS MOON,MALIBU MOON,BUCKLAND SALES (ZACH MADDEN) AGENT IV,JOE CASTILLO,6000,,04/15/2019,OKLAHOMA,10,,,RB,,
Kentucky Winter Mixed (2021),2021-02-08,322,B,,C,GOOD SAMARITAN,AUNT GLO,AWESOME AGAIN,LEGACY BLOODSTOCK AGENT III,OUT,0,,03/17/2020,KENTUCKY,10,,,Y,,
Kentucky Winter Mixed (2021),2021-02-08,323,DKB,AZURITE,M,ROCK HARD TEN,AZTEC PEARL,A.P. INDY,BROOKDALE SALES AGENT,FLEMING THOROUGHBRED FARM LLC,2500,,03/19/2007,KENTUCKY,2,,,B,,
Kentucky Winter Mixed (2021),2021-02-08,324,GRR,BANKRUPTONTHEBEACH,F,TEMPLE CITY,PART OF THE CHARM,TAPIT,BROOKDALE SALES AGENT,TIMOTHY WICKES,20000,,03/17/2017,KENTUCKY,2,,,BP,,
Kentucky Winter Mixed (2021),2021-02-09,325,DKB,,C,MIDNIGHT STORM,BANKSTRISS,FUSAICHI PEGASUS,MAINE CHANCE FARM (UNIVERSITY OF KENTUCKY),G T ADVENTURES,2700,,04/15/2020,KENTUCKY,15,,,Y,,https://youtu.be/eYBulwkmG-Q
Kentucky Winter Mixed (2021),2021-02-09,326,B,,C,GOLDENCENTS,BEAUTIFUL LIAR,CANDY RIDE (ARG),VINERY SALES AGENT XIII,OUT,0,,03/05/2020,KENTUCKY,14&15,,,Y,,
Kentucky Winter Mixed (2021),2021-02-09,327,DKB,BEHAVIORAL FINANCE,M,MORE THAN READY,SONGFEST,UNBRIDLED'S SONG,PARAMOUNT SALES AGENT FOR MESINGW FARM LLC,CIRCLE BAR H LLC,35000,,05/07/2014,KENTUCKY,5,NOT THIS TIME,2020-05-23,B,,https://vimeo.com/509439728
Kentucky Winter Mixed (2021),2021-02-09,328,CH,BELOVEDA,M,GHOSTZAPPER,MYSTERIOUS ANGEL,SAINT BALLADO,GAINESWAY AGENT VI,GAINESWAY,510000,,04/28/2008,KENTUCKY,6,STREET SENSE,2020-04-27,B,,
Kentucky Winter Mixed (2021),2021-02-09,329,DKB,BESTATGETTINBETTER,F,GHOSTZAPPER,TIZTHEN,TIZNOW,SOUTH POINT SALES AGENCY AGENT III,AMY BAYLE,10000,Y,05/08/2016,MARYLAND,9,,,BP,,https://vimeo.com/509100698
Kentucky Winter Mixed (2021),2021-02-09,330,B,BEST REWARD,M,GRAND REWARD,BEST PRACTICES,TOUGH KNIGHT,HUNTER VALLEY FARM AGENT,OUT,0,,03/15/2007,KENTUCKY,7,SOLOMINI,2020-05-08,B,,
Kentucky Winter Mixed (2021),2021-02-09,331,DKB,,F,MIDNIGHT STORM,BETTER NOT BLINK,HARD SPUN,VINERY SALES AGENT XIII,NOT SOLD,19000,,03/21/2020,KENTUCKY,14&15,,,Y,,
Kentucky Winter Mixed (2021),2021-02-09,332,B,,F,ARMY MULE,BITTER LEMON,LEMON DROP KID,BLAKE-ALBINA THOROUGHBRED SERVICES LLC AGENT II,5'OCLOCK SOMEWHERE,50000,,06/03/2020,KENTUCKY,11,,,Y,,https://vimeo.com/508177607
Kentucky Winter Mixed (2021),2021-02-09,333,B,BIZ SMARTS,F,FED BIZ,LAWLESS MISS,POSSE,TARLETON FARM AGENT,NOT SOLD,5000,,02/21/2017,KENTUCKY,11,,,RB,,
Kentucky Winter Mixed (2021),2021-02-09,334,DKB,BIZZY KITTY,F,COWTOWN CAT,BIZNESS PERKS,NOBIZ LIKE SHOBIZ,SHELTOWEE SALES,OUT,0,,04/22/2019,OHIO,11,,,RP,,
Kentucky Winter Mixed (2021),2021-02-09,335,B,BLINTZ OF BEL AIR,F,UNUSUAL HEAT,BEL AIR BELLE,RUNAWAY GROOM,BLUEWATER SALES LLC AGENT,RIVER OAK FARM,17000,,04/27/2017,CALIFORNIA,8,,,BP,,https://vimeo.com/509352749
Kentucky Winter Mixed (2021),2021-02-09,336,B,BLUE GRASS MARY,M,BLUEGRASS CAT,FAST AND EARLY,CARSON CITY,TAYLOR MADE SALES AGENCY AGENT II,MS RACING,20000,,04/22/2011,LOUISIANA,2,PALACE MALICE,2020-05-09,B,,
Kentucky Winter Mixed (2021),2021-02-09,337,CH,,F,PRACTICAL JOKE,BLUEGRASS MISS,BLUEGRASS CAT,BALDWIN BLOODSTOCK AGENT III,OUT,0,,03/26/2020,KENTUCKY,13,,,Y,,
Kentucky Winter Mixed (2021),2021-02-09,338,B,BODEGA KAT,F,CITY ZIP,NEHANTIC KAT,TOMORROWS CAT,THOMAS J. GALLO III SALES AGENCY AGENT VI,BETTER BEE LLC,2000,,03/26/2017,NEW YORK,3,,,BP,,https://vimeo.com/509100981
Kentucky Winter Mixed (2021),2021-02-09,339,CH,,C,SUPER SAVER,BODIE'S VALENTINE,BODEMEISTER,ASPEN FARM,SANTIAGO ALARCON,1000,,03/17/2020,KENTUCKY,12,,,Y,,
Kentucky Winter Mixed (2021),2021-02-09,340,B,BORN OF WAR,F,WAR FRONT,A STAR IS BORN (IRE),GALILEO (IRE),FOUR STAR SALES AGENT,OUT,0,,03/22/2018,KENTUCKY,4,,,RP,,https://youtu.be/_SO489pIcSY
Kentucky Winter Mixed (2021),2021-02-09,341,DKB,BOSTON CADILLAC,F,SONGANDAPRAYER,CACTUS CADILLAC,CACTUS RIDGE,KP SALES AGENT,GREGORY VIANDS,5000,,01/28/2017,LOUISIANA,14,,,RB,,
Kentucky Winter Mixed (2021),2021-02-09,342,CH,BOX STEP,F,TAPITURE,VIENNA'S WALTZ,FREUD,SHELTOWEE SALES,OUT,0,,02/22/2018,OHIO,11,,,RP,,
Kentucky Winter Mixed (2021),2021-02-09,343,B,,C,OUTWORK,BROAD CAUSEWAY,GIANT'S CAUSEWAY,LEGACY BLOODSTOCK AGENT I,OUT,0,,02/26/2020,NEW YORK,10,,,Y,,
Kentucky Winter Mixed (2021),2021-02-09,344,CH,BRONCO SALLY,F,CONGRATS,SPINNING TIME,GIANT'S CAUSEWAY,DENALI STUD AGENT III,GAYLE VAN LEER AGENT,10000,,03/15/2016,KENTUCKY,1,KLIMT,2020-04-07,B,,https://youtu.be/O-3RJaqPR_o
Kentucky Winter Mixed (2021),2021-02-09,345,GRR,,C,JIMMY CREED,BROOKLYN BITES,GRAYDAR,ENDEAVOR FARM AGENT,CHEAP & CHEERFUL SALES,6500,,03/12/2020,NEW YORK,12,,,Y,,
Kentucky Winter Mixed (2021),2021-02-09,346,B,,C,CLOUD COMPUTING,BUD'S LITTLE EDGE,VALID EXPECTATIONS,VINERY SALES AGENT X,3-D BLOODSTOCK,21000,,03/05/2020,INDIANA,14&15,,,Y,,
Kentucky Winter Mixed (2021),2021-02-09,347,DKB,,F,SHAMAN GHOST,BUTTRESS,ARCH,FULL CIRCLE FARM AGENT,J DONALD WELLS,4000,,04/12/2020,KENTUCKY,5,,,Y,,
Kentucky Winter Mixed (2021),2021-02-09,348,DKB,BUY ME A ROSE,F,VIOLENCE,FOXY FRIEND,CRAFTY FRIEND,GAINESWAY AGENT II,NOT SOLD,17000,,04/05/2018,KENTUCKY,6,,,BP,,
Kentucky Winter Mixed (2021),2021-02-09,349,B,BY THE FIRE,F,FRIESAN FIRE,TIZTHEN,TIZNOW,VINERY SALES AGENT XXI,KJMB INC.,27000,,05/07/2017,MARYLAND,14&15,,,RB,,
Kentucky Winter Mixed (2021),2021-02-09,350,B,CALL OF LOVE,F,LEMON DROP KID,FOREST LEGEND,FOREST CAMP,LANE'S END AGENT,RUSTY ROBERTS,5000,,03/07/2018,KENTUCKY,1,,,BP,,
Kentucky Winter Mixed (2021),2021-02-09,351,DKB,,C,WEST COAST,CANADIAN RIVER,SMART STRIKE,STUART MORRIS AGENT III,OUT,0,,01/30/2020,KENTUCKY,4,,,Y,,
Kentucky Winter Mixed (2021),2021-02-09,352,GRR,CANDY O,F,TAPWRIT,CANDYSTAND,CANDY RIDE (ARG),MACCABEE FARM,OUT,0,,02/10/2020,KENTUCKY,13,,,Y,,
Kentucky Winter Mixed (2021),2021-02-09,353,B,CAN'T STEAL MY JOY,M,EXCLUSIVE QUALITY,ANDRIA'S FOREST,FORESTRY,DARBY DAN FARM AGENT I,NOT SOLD,19000,,02/04/2012,FLORIDA,11,MO TOWN,2020-03-13,B,,
Kentucky Winter Mixed (2021),2021-02-09,354,B,CAROLINA HONEY,M,CURLIN,CAROLINA SKY,SKY CLASSIC,DENALI STUD AGENT V,MADISON AVE RACING,6000,,03/08/2014,KENTUCKY,1,DIALED IN,2020-04-18,B,,https://vimeo.com/505720582
Kentucky Winter Mixed (2021),2021-02-09,355,B,,C,GOOD SAMARITAN,CASEYS IRISH PRIDE,SALT LAKE,ST GEORGE SALES AGENT IV,DAVANT LATHAM AGENT,40000,,03/05/2020,KENTUCKY,6,,,Y,,
Kentucky Winter Mixed (2021),2021-02-09,356,DKB,CAT IN THE PULPIT,M,NIAGARA CAUSEWAY,PULPITINA,PULPIT,BUCK POND FARM (DOUGLAS S. ARNOLD) AGENT,OUT,0,,03/28/2015,TEXAS,13,,,BP,,
Kentucky Winter Mixed (2021),2021-02-09,357,CH,,F,NYQUIST,CATSADIVA,TALE OF THE CAT,FRANKFORT PARK FARM AGENT,MCMAHON & HILL BLOODSTOCK LLC,140000,,04/23/2020,KENTUCKY,5,,,Y,,https://vimeo.com/507484336
Kentucky Winter Mixed (2021),2021-02-09,358,GRR,CAUSAL,M,CREATIVE CAUSE,MS. CORNSTALK,INDIAN CHARLIE,MILL RIDGE SALES AGENT,ST ELIAS STABLES LLC,175000,,02/09/2014,KENTUCKY,1,MUNNINGS,2020-05-06,B,,
Kentucky Winter Mixed (2021),2021-02-09,359,B,,C,OUTWORK,C C'S JOY,SOLDAT,KP SALES AGENT,LANTERN HILL FARM LLC AGENT,8500,,02/07/2020,KENTUCKY,14,,,Y,,
Kentucky Winter Mixed (2021),2021-02-09,360,B,,C,EXAGGERATOR,CELTIC TIGRESS,GIANT'S CAUSEWAY,VINERY SALES AGENT XIII,OUT,0,,02/08/2020,KENTUCKY,14&15,,,Y,,
Kentucky Winter Mixed (2021),2021-02-09,361,CH,CHAMPAGNE DIVA,M,TALE OF THE CAT,WINE DIVA,PINE BLUFF,GREENFIELD FARM (B.D. GIBBS FARM LLC) AGENT I,OUT,0,,02/22/2015,LOUISIANA,12,FAST ANNA,2020-05-13,B,,
Kentucky Winter Mixed (2021),2021-02-09,362,DKB,CHANTSES,M,WAR CHANT,AYLA,SANDPIT (BRZ),SCOTT MALLORY AGENT IV,CHAD SCHUMER AGENT,10000,,03/19/2013,ILLINOIS,12,TAPITURE,2020-03-25,B,,
Kentucky Winter Mixed (2021),2021-02-09,363,B,CHARMING DELILAH,M,STEPHEN GOT EVEN,SUGAR SWIRL,TOUCH GOLD,VINERY SALES AGENT XXI,RODOLPHE BRISSET AGENT FOR SEPTEMBER FARM LLC,65000,,01/31/2011,ONTARIO,14&15,GHOSTZAPPER,2020-05-01,B,,
Kentucky Winter Mixed (2021),2021-02-09,364,GRR,,F,RACE DAY,CHOCTAW,WARRIOR'S REWARD,MAPLE RUN SOUTH AGENT,JEANINE CUMISKEY,2000,,04/05/2020,KENTUCKY,12,,,Y,,
Kentucky Winter Mixed (2021),2021-02-09,365,CH,CHURCH TIME,M,PULPIT,THE SEVEN SEAS,EL GRAN SENOR,HUNTER VALLEY FARM AGENT,KEVIN CONARD,2500,,04/16/2007,KENTUCKY,7,MIDNIGHT STORM,2020-05-23,B,,https://vimeo.com/509180093
Kentucky Winter Mixed (2021),2021-02-09,366,CH,CINDY'S PRAYER,F,CONSTITUTION,STORMANDAPRAYER,SONGANDAPRAYER,DENALI STUD AGENT V,KRISTIAN VILLANTE AGENT,15000,Y,04/12/2017,KENTUCKY,1,,,RB,,https://vimeo.com/505720649
Kentucky Winter Mixed (2021),2021-02-09,367,GRR,,C,ARMY MULE,CIRCUSTOWN ROSE,WIMBLEDON,BALDWIN BLOODSTOCK AGENT I,OUT,0,,05/04/2020,KENTUCKY,13,,,Y,,
Kentucky Winter Mixed (2021),2021-02-09,368,B,,F,CLASSIC EMPIRE,CITIZENSHIP,PROUD CITIZEN,ST GEORGE SALES AGENT V,ELLEN PIKE,6000,,04/28/2020,KENTUCKY,6,,,Y,,
Kentucky Winter Mixed (2021),2021-02-09,369,DKB,CLAIMING VICTORY,M,ANY GIVEN SATURDAY,COLCON,PLEASANT COLONY,DENALI STUD AGENT IV,MS RACING,35000,,03/26/2010,KENTUCKY,1,AUDIBLE,2020-03-17,B,,https://vimeo.com/505720763
Kentucky Winter Mixed (2021),2021-02-09,370,DKB,,C,TWIRLING CANDY,CLAIR DE LUNE,MALIBU MOON,SHELTOWEE SALES,MACHMER HALL,87000,,02/14/2020,KENTUCKY,11,,,Y,,
Kentucky Winter Mixed (2021),2021-02-09,371,B,CLARKSON,F,TIZNOW,SOUTHERN STRIKE,SMART STRIKE,VINERY SALES AGENT XXI,OUT,0,,05/04/2017,KENTUCKY,14&15,,,RB,,
Kentucky Winter Mixed (2021),2021-02-09,372,GRR,CLOUDY DANCER (GB),F,INVINCIBLE SPIRIT (IRE),RONALDSAY (GB),KIRKWALL (GB),FRANKFORT PARK FARM AGENT,NOT SOLD,105000,,03/13/2016,GB,5,STREET SENSE,2020-05-17,B,,https://vimeo.com/507744920
Kentucky Winter Mixed (2021),2021-02-09,373,B,,C,BRODY'S CAUSE,CODE VARIANCE,AWESOME AGAIN,SOUTH POINT SALES AGENCY AGENT I,COLT PIKE AGENT FOR LEVINGS RACING LLC,35000,,05/06/2020,PENNSYLVANIA,9,,,Y,,https://vimeo.com/509351251
Kentucky Winter Mixed (2021),2021-02-09,374,B,COLONEL MIST,F,COLONEL JOHN,MARYLAND MIST,COZZENE,S & G THOROUGHBREDS AGENT,WASABI VENTURES STABLES,7000,,04/16/2016,KENTUCKY,9,STREET BOSS,2020-04-16,B,,
Kentucky Winter Mixed (2021),2021-02-09,375,B,,F,RUNHAPPY,CONQUEST DYNASTY,COURT VISION,BALLYSAX BLOODSTOCK AGENT FOR GRANTLEY ACRES,TIM ROSIN,17000,,03/07/2020,PENNSYLVANIA,6,,,Y,,
Kentucky Winter Mixed (2021),2021-02-09,376,CH,CONSULTING,M,MACLEAN'S MUSIC,FAMILY PLAN,REPRICED,VINERY SALES AGENT XXI,NOT SOLD,40000,,01/22/2014,KENTUCKY,14&15,SKY MESA,2020-05-13,B,,
Kentucky Winter Mixed (2021),2021-02-09,377,CH,COVER GIRL ELLE,M,OUT OF PLACE,COVER,A.P. INDY,BLUEWATER SALES LLC AGENT III,OUT,0,,03/12/2005,KENTUCKY,8,LAOBAN,2020-06-19,B,,
Kentucky Winter Mixed (2021),2021-02-09,378,B,,F,STREET SENSE,COVER GIRL ELLE,OUT OF PLACE,BLUEWATER SALES LLC AGENT III,OUT,0,,05/09/2020,NEW YORK,8,,,Y,,
Kentucky Winter Mixed (2021),2021-02-09,379,CH,,F,GOOD MAGIC,COZZETTE,COZZENE,MULHOLLAND SPRINGS AGENT VI,OUT,0,,02/03/2020,KENTUCKY,9,,,Y,,
Kentucky Winter Mixed (2021),2021-02-09,380,B,,C,SPEIGHTSTER,CREMA D'ORO,MEDAGLIA D'ORO,VINERY SALES AGENT XIV,DJURIC SPORTHORSES,3500,,04/02/2020,KENTUCKY,14&15,,,Y,,
Kentucky Winter Mixed (2021),2021-02-09,381,B,,F,HOPPERTUNITY,CROSS THE DESERT,DESERT PARTY,NICKY DRION THOROUGHBREDS AGENT,OUT,0,,02/23/2020,PENNSYLVANIA,5,,,Y,,
Kentucky Winter Mixed (2021),2021-02-09,382,DKB,CROSSWISE,M,WISEMAN'S FERRY,THIS ONE FOR ABBEY,PROSPECTORS GAMBLE,SCOTT MALLORY AGENT,NOT SOLD,1000,,02/13/2007,KENTUCKY,12,PALACE,2020-03-31,B,,
Kentucky Winter Mixed (2021),2021-02-09,383,B,,F,FIRST SAMURAI,CRY CRY CRY,JUMP START,ALLIANCE SALES AGENCY AGENT,NOT SOLD,14000,,02/04/2020,KENTUCKY,7,,,Y,,
Kentucky Winter Mixed (2021),2021-02-09,384,B,CURLINESQUE,F,CURLIN,SURPRISES WELCOMED,STORM CAT,VINERY SALES AGENT XXI,OUT,0,,04/29/2017,KENTUCKY,14&15,,,RB,,
Kentucky Winter Mixed (2021),2021-02-09,385,B,CURRENT EVENT,M,CURLIN,GRAND MERGER,A.P. INDY,BROOKDALE SALES AGENT,NOT SOLD,14000,,03/24/2010,NEW YORK,2,MUCHO MACHO MAN,2020-04-04,B,,
Kentucky Winter Mixed (2021),2021-02-09,386,B,,C,UNION JACKSON,CUTE COGNAC,HENNESSY,THOMAS J. GALLO III SALES AGENCY AGENT IV,SCOTT MALLORY AGENT,25000,,04/27/2020,NEW YORK,3,,,Y,,https://vimeo.com/508183024
Kentucky Winter Mixed (2021),2021-02-09,387,B,DADLANI,M,NIAGARA CAUSEWAY,DOSTANA,JOHAR,BUCK POND FARM (DOUGLAS S. ARNOLD) AGENT,LEXI CHASE,1500,,02/17/2013,TEXAS,13,MIDSHIPMAN,2020-05-31,B,,
Kentucky Winter Mixed (2021),2021-02-09,388,B,,C,AMERICAN PHAROAH,DAD'S PRINCESS,MINESHAFT,PARAMOUNT SALES AGENT I,NINA GUEORGUIEVA,45000,Y,05/02/2020,KENTUCKY,5,,,Y,,
Kentucky Winter Mixed (2021),2021-02-09,389,DKB,DAME'S CAUSE,M,NIAGARA CAUSEWAY,DAME CAMILLE,CONFIRMED BACHELOR,BUCK POND FARM (DOUGLAS S. ARNOLD) AGENT,NOT SOLD,1000,,05/24/2014,TEXAS,13,,,B,,
Kentucky Winter Mixed (2021),2021-02-09,390,B,,F,HIT IT A BOMB,DAME'S CAUSE,NIAGARA CAUSEWAY,BUCK POND FARM (DOUGLAS S. ARNOLD) AGENT,NOT SOLD,7000,,05/19/2020,KENTUCKY,13,,,Y,,
Kentucky Winter Mixed (2021),2021-02-09,391,B,,C,BRODY'S CAUSE,DANCE TROPHY,PURE PRIZE,SHENANIGAN AGENT,OUT,0,,04/08/2020,KENTUCKY,12,,,Y,,
Kentucky Winter Mixed (2021),2021-02-09,392,B,,C,BERNARDINI,DANCING ANNA,CUVEE,STUART MORRIS AGENT IV,J K BLOODSTOCK,75000,,04/13/2020,KENTUCKY,4,,,Y,,
Kentucky Winter Mixed (2021),2021-02-09,393,DKB,DANCING BLOOM,F,ARTIE SCHILLER,SPLENDID BLOOM,A.P. INDY,BUCK POND FARM (DOUGLAS S. ARNOLD) AGENT,NOT SOLD,1000,,03/10/2016,KENTUCKY,13,,,BP,,
Kentucky Winter Mixed (2021),2021-02-09,394,B,,F,CINCO CHARLIE,DARK WOMAN,BIG BROWN,ALLIANCE SALES AGENCY AGENT,JEFFREY CALLAN,2700,,01/23/2020,KENTUCKY,7,,,Y,,
Kentucky Winter Mixed (2021),2021-02-09,395,B,DECORATED FOR GOLD,F,DECLARATION OF WAR,GOLD D' MEDAGLIA,MEDAGLIA D'ORO,DENALI STUD AGENT III,NOT SOLD,19000,,02/19/2016,KENTUCKY,1,,,BP,,https://youtu.be/3jyUKbSaTpo
Kentucky Winter Mixed (2021),2021-02-09,396,DKB,DELANTERA,M,BERNSTEIN,GOLDEN SILK,SONGANDAPRAYER,VINERY SALES AGENT III,BARRY OSTRAGER,15000,,03/28/2011,FLORIDA,14&15,ORB,2020-05-25,B,,
Kentucky Winter Mixed (2021),2021-02-09,397,B,HERECOMESGOODBYE,F,CALIFORNIA CHROME,DELANTERA,BERNSTEIN,VINERY SALES AGENT IV,ZZ STABLE ORACLE BLDSTCK AGT,10000,,05/03/2020,KENTUCKY,14&15,,,Y,,
Kentucky Winter Mixed (2021),2021-02-09,398,B,,C,MUCHO MACHO MAN,DELIGHTED CAT,STORM CAT,MAINE CHANCE FARM (UNIVERSITY OF KENTUCKY),DUANE SWINGLEY,3000,,04/10/2020,KENTUCKY,15,,,Y,,https://youtu.be/06Q9nYQi2mc
Kentucky Winter Mixed (2021),2021-02-09,399,DKB,DEVIL'S BACKBONE,M,LONE STAR SPECIAL,NASRANIAN DEVIL,SILVER GHOST,ALLIANCE SALES AGENCY AGENT,WILLIAM A NICKS,1700,,03/17/2011,LOUISIANA,7,CINCO CHARLIE,2020-04-27,B,,
Kentucky Winter Mixed (2021),2021-02-09,400,DKB,,F,SHAKIN IT UP,DEVIL'S BACKBONE,LONE STAR SPECIAL,ALLIANCE SALES AGENCY AGENT,TIMOTHY HACKERMAN,4700,,03/31/2020,KENTUCKY,7,,,Y,,
Kentucky Winter Mixed (2021),2021-02-09,401,B,DICEY FLATS,M,FLATTER,CASINO BLUES,THIRTY SIX RED,BUCKLAND SALES (ZACH MADDEN) AGENT III,SOUTHERN OAK FARM,1700,,05/03/2012,KENTUCKY,10,MAJESTIC CITY,2020-04-21,B,,
Kentucky Winter Mixed (2021),2021-02-09,402,DKB,DIPLOMAT LADY,M,FORESTRY,PLAYCALLER,SARATOGA SIX,BLUEWATER SALES LLC AGENT III,OUT,0,,04/18/2003,KENTUCKY,8,MALIBU MOON,2020-04-11,B,,
Kentucky Winter Mixed (2021),2021-02-09,403,B,DISTORTED POINT,M,DISTORTED HUMOR,POINT ASHLEY,POINT GIVEN,BLUEWATER SALES LLC AGENT III,OUT,0,,04/27/2009,KENTUCKY,8,BOLT D'ORO,2020-04-19,B,,
Kentucky Winter Mixed (2021),2021-02-09,404,B,,C,LAOBAN,DISTORTED POINT,DISTORTED HUMOR,BLUEWATER SALES LLC AGENT III,OUT,0,,03/20/2020,KENTUCKY,8,,,Y,,
Kentucky Winter Mixed (2021),2021-02-09,405,B,,C,CLOUD COMPUTING,DONNA GAIL,INTO MISCHIEF,VINERY SALES AGENT XIII,BRYAN RICE,21000,,05/07/2020,KENTUCKY,14&15,,,Y,,
Kentucky Winter Mixed (2021),2021-02-09,406,CH,DOUBLE FIRST,M,MAJESTIC WARRIOR,SARAVATI,GIANT'S CAUSEWAY,MACCABEE FARM,THORNMAR FARM,5000,,04/29/2014,KENTUCKY,13,ALTERNATION,2020-03-19,B,,
Kentucky Winter Mixed (2021),2021-02-09,407,B,DOUBLE THAT,F,MIDNIGHT LUTE,FORD GALLOP,VICTORY GALLOP,VINERY SALES AGENT XXI,CAMBREY FARM AGENT FOR JD FARMS,7000,,03/12/2017,KENTUCKY,14&15,,,B,,
Kentucky Winter Mixed (2021),2021-02-09,408,CH,DREAM CHASING,F,FREUD,FRENCH LINK,ORIENTATE,NICKY DRION THOROUGHBREDS AGENT,OUT,0,,03/26/2017,NEW YORK,5,,,RB,,
Kentucky Winter Mixed (2021),2021-02-09,409,CH,,F,GORMLEY,DREAM OUT LOUD,STRAVINSKY,VINERY SALES AGENT XXII,SPIDERMAN,5000,Y,04/07/2020,KENTUCKY,14&15,,,Y,,
Kentucky Winter Mixed (2021),2021-02-09,410,B,DRIFT AWAY,M,CONGRATS,RETROESQUE,RED RANSOM,HIDDEN BROOK AGENT IX,BELBOWRIE BLOODSTOCK,9000,,04/17/2015,KENTUCKY,3,,,BP,,https://youtu.be/pg5S87OkQb4
Kentucky Winter Mixed (2021),2021-02-09,411,B,DUNE STAR,F,AMERICAN PHAROAH,BAGHDARIA,ROYAL ACADEMY,TAYLOR MADE SALES AGENCY AGENT XI,MICHAEL SLEZAK AGENT,60000,,03/21/2018,KENTUCKY,2,,,BP,,https://youtu.be/rfO3Ycmz5JY
Kentucky Winter Mixed (2021),2021-02-09,412,CH,,C,BRODY'S CAUSE,DUN IN ONE,DUNKIRK,ALLIANCE SALES AGENCY AGENT,CARLOS S.E. MOORE AGENT,4000,Y,03/20/2020,KENTUCKY,7,,,Y,,
Kentucky Winter Mixed (2021),2021-02-09,413,B,DYNAMIC HOLIDAY,M,HARLAN'S HOLIDAY,DYNAMIC CAT,DYNAFORMER,MILL RIDGE SALES AGENT,MICHAEL SLEZAK AGENT,14000,,03/29/2008,PENNSYLVANIA,1,OSCAR PERFORMANCE,2020-04-09,B,,
Kentucky Winter Mixed (2021),2021-02-09,414,CH,,F,WICKED STRONG,DYNA'S DESTINY,DYNAFORMER,JAMES B. KEOGH (GROVENDALE) AGENT III,FERGUS BOGLE,3200,,04/08/2020,KENTUCKY,9,,,Y,,
Kentucky Winter Mixed (2021),2021-02-09,415,B,EASY TIGER,F,BLAME,STREAKER,FOREST WILDCAT,VINERY SALES AGENT XIV,ST ELIAS STABLES LLC,7000,,04/21/2017,KENTUCKY,14&15,,,RB,,
Kentucky Winter Mixed (2021),2021-02-09,416,B,EBULLIENT,F,TWIRLING CANDY,PILEITON,PERFECT SOUL (IRE),TAYLOR MADE SALES AGENCY AGENT XV,BRERETON C JONES,57000,,03/24/2016,KENTUCKY,2,,,BP,,https://vimeo.com/488959939
Kentucky Winter Mixed (2021),2021-02-09,417,CH,,C,MSHAWISH,EDGEHILL ROAD,OLD FORESTER,VINERY SALES AGENT XIV,HAINES BROTHERS RACING STABLE,10000,,03/26/2020,KENTUCKY,14&15,,,Y,,
Kentucky Winter Mixed (2021),2021-02-09,418,DKB,,F,KANTHAROS,EDUCATING,ELUSIVE QUALITY,HILL 'N' DALE SALES AGENCY AGENT,MARSHALL W SILVERMAN AGENT,15000,Y,02/14/2020,KENTUCKY,3,,,Y,,https://vimeo.com/509099827
Kentucky Winter Mixed (2021),2021-02-09,419,B,,C,SHAMAN GHOST,ELBA'S FIRST,TIZ WONDERFUL,MULHOLLAND SPRINGS AGENT,OUT,0,,02/12/2020,NEW YORK,9,,,Y,,
Kentucky Winter Mixed (2021),2021-02-09,420,CH,ELEGANTER,M,A.P. INDY,BALLETTO (UAE),TIMBER COUNTRY,JAMES M. HERBENER JR. AGENT V,CHAD SCHUMER AGENT,10000,,02/08/2008,KENTUCKY,11,MOR SPIRIT,2020-05-18,B,,
Kentucky Winter Mixed (2021),2021-02-09,421,DKB,ELEGANT TASTE,F,OXBOW,TENNESSEE WHISKEY,SMART STRIKE,SPARROW'S NEST,OUT,0,,05/06/2019,KENTUCKY,13,,,RP,,
Kentucky Winter Mixed (2021),2021-02-09,422,CH,ELEGANT ZIP,F,RUN AWAY AND HIDE,ELEGANT FINISH,SPEIGHTSTOWN,HIDDEN BROOK AGENT VIII,OUT,0,,03/09/2016,NEW YORK,3,,,RB,,
Kentucky Winter Mixed (2021),2021-02-09,423,DKB,,F,MEDAGLIA D'ORO,ELLE SUENO,STREET CRY (IRE),BLUEWATER SALES LLC AGENT III,OUT,0,,04/18/2020,KENTUCKY,8,,,Y,,
Kentucky Winter Mixed (2021),2021-02-09,424,CH,ELLISHLY WICKED,C,WICKED STRONG,ELLARICH,EDDINGTON,MILL RIDGE SALES AGENT,NOT SOLD,2000,,05/01/2020,KENTUCKY,1,,,Y,,https://youtu.be/YNVlShaOpWI
Kentucky Winter Mixed (2021),2021-02-09,425,DKB,ELUSIVE STRIKE,F,CURLIN,MARYFIELD,ELUSIVE QUALITY,BLUEWATER SALES LLC AGENT III,ST ELIAS STABLES LLC,45000,,05/10/2018,KENTUCKY,8,,,BP,,
Kentucky Winter Mixed (2021),2021-02-09,426,B,ENCHANTED NILE,F,PIONEEROF THE NILE,ENCHANTRESS,MALIBU MOON,VINERY SALES AGENT XXI,NOT SOLD,45000,,03/30/2017,KENTUCKY,14&15,,,RB,,
Kentucky Winter Mixed (2021),2021-02-09,427,DKB,EQHO,M,GIANT'S CAUSEWAY,QUARAYED,DYNAFORMER,TAYLOR MADE SALES AGENCY AGENT XII,POLO GREEN STABLE INC,30000,Y,04/30/2013,KENTUCKY,2,,,BP,,https://youtu.be/v2aTeA2w8pI
Kentucky Winter Mixed (2021),2021-02-09,428,CH,ERATH,C,COMMISSIONER,C M VICTORIA ROSE,THUNDER GULCH,STUART MORRIS AGENT II,SPIDERMAN,8000,,03/14/2020,KENTUCKY,4,,,Y,,
Kentucky Winter Mixed (2021),2021-02-09,429,DKB,E STORM,M,MEDAGLIA D'ORO,SURPRISES WELCOMED,STORM CAT,BLUEWATER SALES LLC AGENT III,BROOKSTONE FARM,20000,,02/06/2012,KENTUCKY,8,LAOBAN,2020-06-28,B,,https://vimeo.com/509352901
Kentucky Winter Mixed (2021),2021-02-09,430,DKB,,C,LAOBAN,E STORM,MEDAGLIA D'ORO,BLUEWATER SALES LLC AGENT III,CHRIS WHITE,80000,,04/15/2020,NEW YORK,8,,,Y,,https://vimeo.com/509104633
Kentucky Winter Mixed (2021),2021-02-09,431,B,EUROPEAN UNION,M,SUCCESSFUL APPEAL,CIRCLE OF GOLD,SEEKING THE GOLD,GAINESWAY AGENT I,CHAMPION EQUINE LLC,225000,Y,02/05/2009,KENTUCKY,6,TAPIT,2020-06-04,B,,https://vimeo.com/509311485
Kentucky Winter Mixed (2021),2021-02-09,433,DKB,,C,MIDNIGHT STORM,EXOTIC ACTRESS,BELONG TO ME,ALLIANCE SALES AGENCY AGENT,NOT SOLD,5000,,04/25/2020,KENTUCKY,7,,,Y,,
Kentucky Winter Mixed (2021),2021-02-09,434,B,,C,SPEIGHTSTER,FAITHFUL PRAYER,WITH DISTINCTION,JAMES B. KEOGH (GROVENDALE) AGENT I,BRITTANY VANDENBERG,3000,,03/14/2020,KENTUCKY,9,,,Y,,
Kentucky Winter Mixed (2021),2021-02-09,435,CH,FANGIRL,F,DIALED IN,MISS COPLEY HALL,MORE THAN READY,LANE'S END AGENT,NJMB INC.,17000,,05/12/2016,KENTUCKY,1,,,RB,,https://youtu.be/3TtbkC6fLx8
Kentucky Winter Mixed (2021),2021-02-09,436,DKB,FARO BLANCO,M,BOB AND JOHN,TURF WORLD,PEAKS AND VALLEYS,FORBUSH FARM,NOT SOLD,2000,,02/08/2010,KENTUCKY,3,TOURIST,2020-04-20,B,,
Kentucky Winter Mixed (2021),2021-02-09,437,B,,C,CITY OF LIGHT,FAVORITE CANDY,CANDY RIDE (ARG),BALLYSAX BLOODSTOCK AGENT FOR GRANTLEY ACRES,OUT,0,,02/01/2020,KENTUCKY,6,,,Y,,
Kentucky Winter Mixed (2021),2021-02-09,438,DKB,FIDUCIARY VALUES,M,FIRST SAMURAI,LANTERN,MINESHAFT,SOUTH POINT SALES AGENCY AGENT III,NOT SOLD,9000,,05/06/2015,KENTUCKY,9,,,BP,,https://vimeo.com/509100154
Kentucky Winter Mixed (2021),2021-02-09,439,B,FIERA NOCTURNA,M,TEMPLE CITY,ONE CHARMING DEVIL,DEVIL HIS DUE,ALLIANCE SALES AGENCY AGENT II,OUT,0,,05/14/2015,KENTUCKY,7,,,BP,,
Kentucky Winter Mixed (2021),2021-02-09,440,CH,FINE CANDY,M,CANDY RIDE (ARG),FI,LANGFUHR,SERENDIPITY FARM AGENT,LE BEAU CHEVAL FARM LLC,10000,,05/12/2011,KENTUCKY,11,TAPITURE,2020-04-01,B,,
Kentucky Winter Mixed (2021),2021-02-09,441,CH,,F,ARMY MULE,FIRST FED BIZ,FED BIZ,FORBUSH FARM,JOSE VAQUERA,25000,,03/01/2020,KENTUCKY,3,,,Y,,
Kentucky Winter Mixed (2021),2021-02-09,442,B,,F,GOLDENCENTS,FIVE HEARTS,LANGFUHR,MULHOLLAND SPRINGS AGENT,NOT SOLD,14000,,03/03/2020,KENTUCKY,9,,,Y,,https://vimeo.com/508193005
Kentucky Winter Mixed (2021),2021-02-09,443,B,,F,ACCELERATE,FLARE MISS,BIRDSTONE,MULHOLLAND SPRINGS AGENT,LEO S NECHAMKIN II,6000,,02/20/2020,KENTUCKY,9,,,Y,,https://vimeo.com/508193084
Kentucky Winter Mixed (2021),2021-02-09,444,DKB,,C,NOT THIS TIME,FLIPSTER,GOOD AND TOUGH,MULHOLLAND SPRINGS AGENT I,NOT SOLD,40000,,02/15/2020,KENTUCKY,9,,,Y,,https://vimeo.com/509099042
Kentucky Winter Mixed (2021),2021-02-09,445,B,,F,MINESHAFT,FLIRTATIOUS,HARD SPUN,MAINE CHANCE FARM (UNIVERSITY OF KENTUCKY),OUT,0,,02/18/2020,KENTUCKY,15,,,Y,,
Kentucky Winter Mixed (2021),2021-02-09,446,DKB,FORWARD RATE,M,EXCHANGE RATE,B. B. BELLE,VYING VICTOR,SCOTT MALLORY AGENT II,DEVIL DAWG FARM,1000,,03/28/2011,ONTARIO,12,,,B,,
Kentucky Winter Mixed (2021),2021-02-09,447,CH,FRIGID SISTER,M,SKY MESA,MY SISTER SUE,BROKEN VOW,SCOTT MALLORY AGENT VI,MULHOLLAND SPRINGS LLC,17000,,02/20/2015,KENTUCKY,12,,,BP,,
Kentucky Winter Mixed (2021),2021-02-09,448,GRR,FROYO STAR,M,ROCKPORT HARBOR,LIVERMORE LESLIE,MT. LIVERMORE,BLUEWATER SALES LLC AGENT III,OUT,0,,05/04/2012,KENTUCKY,8,MORE THAN READY,2020-05-10,B,,
Kentucky Winter Mixed (2021),2021-02-09,449,DKB,,C,AIR FORCE BLUE,FUTURISTA,AWESOME AGAIN,STUART MORRIS AGENT IV,DJ STABLE,62000,,02/08/2020,ONTARIO,4,,,Y,,
Kentucky Winter Mixed (2021),2021-02-09,450,CH,GAELIC TALES,F,GIANT'S CAUSEWAY,STORYBOOK (UAE),HALLING,FOUR STAR SALES AGENT,RWB,37000,,03/25/2017,KENTUCKY,4,,,RB,,https://youtu.be/SdXh-bhxYn0
Kentucky Winter Mixed (2021),2021-02-09,451,B,,F,BLAME,GALILEO'S MELODY,GALILEO (IRE),GREENFIELD FARM (B.D. GIBBS FARM LLC) AGENT FOR ESTATE OF DANIEL KESSLER (K.C. GARRETT FARM LLC),SHEPHERD EQUINE ADVISORS AGT FOR LARRY HIRSCH,120000,,02/05/2020,KENTUCKY,12,,,Y,,https://vimeo.com/508095219
Kentucky Winter Mixed (2021),2021-02-09,452,GRR,GALLUS MAG,F,CAIRO PRINCE,SOVEREIGNOFTHESEAS,BOSTON HARBOR,BROOKDALE SALES AGENT,CROWN CHASE FARM LLC,6500,,04/28/2016,NEW YORK,2,,,RB,,
Kentucky Winter Mixed (2021),2021-02-09,453,B,GARDEN HALL,M,ANIMAL KINGDOM,GARDEN DISTRICT,DIXIE UNION,JAMES M. HERBENER JR. AGENT I,RED SCARF RACING,5000,,01/17/2015,KENTUCKY,11,COMMISSIONER,2020-04-29,B,,
Kentucky Winter Mixed (2021),2021-02-09,454,DKB,GHOSTLY DIRECTION,F,LIAM'S MAP,HEAVENLY GHOST,GHOSTZAPPER,MACCABEE FARM,MADISON AVENUE RACING,4000,,01/19/2017,KENTUCKY,13,WILDCAT RED,2020-03-30,B,,
Kentucky Winter Mixed (2021),2021-02-09,455,B,GHOST OF THE NILE,F,PIONEEROF THE NILE,GHOST OF SAGE CAT,GHOSTZAPPER,TIMBER TOWN (MR. & MRS. T. WAYNE SWEEZEY) AGENT I,NOT SOLD,4500,,04/01/2017,KENTUCKY,6,,,BP,,
Kentucky Winter Mixed (2021),2021-02-09,456,CH,GHOSTZIPPER,F,GHOSTZAPPER,QUEEN GREELEY,MR. GREELEY,HILL 'N' DALE SALES AGENCY AGENT FOR SPRY FAMILY FARM,THOROUGHBRED RACING NATION,13000,,05/21/2017,KENTUCKY,3,,,BP,,https://youtu.be/mRMiu8zbWDQ
Kentucky Winter Mixed (2021),2021-02-09,457,DKB,,F,DAAHER,GIA,GIO PONTI,SHELTOWEE SALES,ME II RACING,12000,,03/03/2019,OHIO,11,,,RP,,
Kentucky Winter Mixed (2021),2021-02-09,458,B,GINGER B. GOOD,F,MR SPEAKER,LION BELLE,LION HEART,MACCABEE FARM,SANDY BARBIER,1000,,02/24/2017,KENTUCKY,13,,,BP,,
Kentucky Winter Mixed (2021),2021-02-09,459,DKB,GIO'S COOKIE STAR,F,GIO PONTI,DYNAQUEEN,DYNAFORMER,LEGACY BLOODSTOCK AGENT FOR CAMBREY FARM LLC,OUT,0,,03/04/2016,KENTUCKY,10,FREE DROP BILLY,2020-04-29,B,,
Kentucky Winter Mixed (2021),2021-02-09,460,GRR,,C,EXAGGERATOR,GO CUBS GO,PADDY O'PRADO,ASPEN FARM,EASTERN BLOODSTOCK,12000,,03/08/2020,KENTUCKY,12,,,Y,,
Kentucky Winter Mixed (2021),2021-02-09,461,CH,GOLD N ESKIMO,M,SEEKING THE GOLD,SILENT ESKIMO,ESKIMO,GREENFIELD FARM (B.D. GIBBS FARM LLC) AGENT FOR ESTATE OF DANIEL KESSLER (K.C. GARRETT FARM LLC),CASTLE PARK FARM LLC,10000,,04/19/2006,KENTUCKY,12,,,B,,
Kentucky Winter Mixed (2021),2021-02-09,462,DKB,GOOD ALTERNATIVE,F,ALTERNATION,LET'S GET MARRIED,MORE THAN READY,VINERY SALES AGENT XXI,OUT,0,,05/04/2017,KENTUCKY,14&15,,,RB,,
Kentucky Winter Mixed (2021),2021-02-09,463,B,,F,CALIFORNIA CHROME,GOSSIP LINE,A.P. INDY,VINERY SALES AGENT II,RICK SHORT,4000,,02/13/2020,KENTUCKY,14&15,,,Y,,
Kentucky Winter Mixed (2021),2021-02-09,464,B,GOT A GOOD REASON,F,LATENT HEAT,DAY TRIPPIN,FIVE STAR DAY,BUCK POND FARM (DOUGLAS S. ARNOLD) AGENT,OUT,0,,02/16/2017,TEXAS,13,,,BP,,
Kentucky Winter Mixed (2021),2021-02-09,465,B,GRACIA DIRECTA (GER),M,KYLLACHY (GB),GLYCERIA (IRE),COMMON GROUNDS (GB),PARAMOUNT SALES AGENT I,JACOB SHERMAN,2500,,03/26/2008,GER,5,,,B,,
Kentucky Winter Mixed (2021),2021-02-09,466,DKB,GRANDMA FRAN,M,STREET BOSS,NOVEMBER,A.P. INDY,KP SALES AGENT,OUT,0,,05/04/2015,KENTUCKY,14,DEMARCHELIER (GB),2020-02-20,B,,
Kentucky Winter Mixed (2021),2021-02-09,467,CH,,C,JUSTIFY,HADDIE BE GOOD,SILVER DEPUTY,LANE'S END AGENT,OUT,0,,02/17/2020,KENTUCKY,1,,,Y,,
Kentucky Winter Mixed (2021),2021-02-09,468,DKB,,F,FLINTSHIRE (GB),HAPPILY EVER,SMART STRIKE,VINERY SALES AGENT XXI,CRAIG WHITLOW,4000,,05/27/2019,KENTUCKY,14&15,,,RP,,
Kentucky Winter Mixed (2021),2021-02-09,469,CH,HEARTFELT,M,CONGRATS,HURRICANE FLAG,STORM CAT,BLAKE-ALBINA THOROUGHBRED SERVICES LLC AGENT I,RYAN K HILL,7000,,01/27/2013,KENTUCKY,11,SPEIGHTSTER,2020-03-06,B,,https://vimeo.com/508177665
Kentucky Winter Mixed (2021),2021-02-09,470,CH,HEAVEN'S HUMOR,M,DROSSELMEYER,HEAVENS PASSPORT,AWESOME AGAIN,HUNTER VALLEY FARM AGENT,OUT,0,,05/22/2015,KENTUCKY,7,SOLOMINI,2020-03-19,B,,
Kentucky Winter Mixed (2021),2021-02-09,471,CH,HEIR TO GLORY,M,WILDCAT HEIR,SWEET GLORY,MISWAKI,BROOKDALE SALES AGENT FOR SPARTAN TEAM INV. LLC,GEORGE TAYLOR,9000,,04/20/2011,ILLINOIS,2,KLIMT,2020-02-15,B,,
Kentucky Winter Mixed (2021),2021-02-09,472,B,HENLEY HILL (GB),F,DANSILI (GB),TOLERANCE,SEEKING THE GOLD,PARAMOUNT SALES AGENT V,MARK DODSON,45000,,03/31/2016,GB,5,MIZZEN MAST,2020-02-20,B,,
Kentucky Winter Mixed (2021),2021-02-09,473,B,HIDDEN FACTS,F,THE FACTOR,MYSTIC CITY,CITY ZIP,VINERY SALES AGENT XXIV,OUT,0,,03/11/2016,KENTUCKY,14&15,,,RB,,
Kentucky Winter Mixed (2021),2021-02-09,474,DKB,HIGHESTMAINTENANCE,M,MACHO UNO,HALF HEAVEN,REGAL CLASSIC,BLUEWATER SALES LLC AGENT VI,OUT,0,,02/04/2010,KENTUCKY,8,LAOBAN,2020-05-03,B,,
Kentucky Winter Mixed (2021),2021-02-09,475,DKB,HILLBILLY KITTEN,M,KITTEN'S JOY,CLASSIC OLYMPIO,OLYMPIO,TAYLOR MADE SALES AGENCY AGENT XIII,BIGBOYSTOYS,11000,,04/11/2013,KENTUCKY,2,,,B,,https://vimeo.com/509351742
Kentucky Winter Mixed (2021),2021-02-09,476,B,HIP NINETY THREE,M,HARLINGTON,MYSTIC SILVER,SILVER DEPUTY,HILL 'N' DALE SALES AGENCY AGENT,OUT,0,,03/08/2012,KENTUCKY,3,WORLD OF TROUBLE,2020-04-28,B,,
Kentucky Winter Mixed (2021),2021-02-09,477,B,,F,MACLEAN'S MUSIC,HIP NINETY THREE,HARLINGTON,HILL 'N' DALE SALES AGENCY AGENT,REXY BLOODSTOCK,67000,,03/08/2020,KENTUCKY,3,,,Y,,https://vimeo.com/509100405
Kentucky Winter Mixed (2021),2021-02-09,478,GRR,HOLYWOOD HUMOR,F,DISTORTED HUMOR,CLOAKOF VAGUENESS,EL PRADO (IRE),SHELTOWEE SALES,COUNTRY LIFE FARM AGENT FOR GUIDERA MCKENNEY EQUINE LLC,22000,,03/11/2016,KENTUCKY,11,SUMMER FRONT,2020-04-21,B,,
Kentucky Winter Mixed (2021),2021-02-09,479,B,,C,CENTRAL BANKER,HOMESPUN BEAUTY,HARD SPUN,ENDEAVOR FARM AGENT,ERIC MOREAU-SIPIERE,2500,,03/29/2020,KENTUCKY,12,,,Y,,
Kentucky Winter Mixed (2021),2021-02-09,480,CH,,C,NYQUIST,HONEY CHILE,INVISIBLE INK,BILL REIGHTLER AGENT,MACHMER HALL,170000,,04/30/2020,WEST VIRGINIA,7,,,Y,,https://vimeo.com/509364520
Kentucky Winter Mixed (2021),2021-02-09,481,B,HONEY GRAEME,M,GRAEME HALL,HOWABOUTRIGHTNOW,MONTBROOK,BLUEWATER SALES LLC AGENT II,NANCY FRIEL & LESLIE MURGUL,100000,,02/26/2015,FLORIDA,8,MITOLE,2020-04-05,B,,https://vimeo.com/509353005
Kentucky Winter Mixed (2021),2021-02-09,482,DKB,HONKY TONK TRICK,M,PHONE TRICK,HONKY TONK BALLAD,CURE THE BLUES,BLAKE-ALBINA THOROUGHBRED SERVICES LLC AGENT I,R. R. RASNER,11000,,03/16/2005,NEW YORK,11,COLLECTED,2020-05-19,B,,https://vimeo.com/508177692
Kentucky Winter Mixed (2021),2021-02-09,483,B,,F,TONALIST,HOT GIRL,K ONE KING,BUCKLAND SALES (ZACH MADDEN) AGENT I,RUSSELL RUTHERFORD,1000,,03/24/2020,KENTUCKY,10,,,Y,,
Kentucky Winter Mixed (2021),2021-02-09,484,CH,HOUSE GHOST,F,GHOSTZAPPER,SWEET CHARITY,A.P. INDY,HILL 'N' DALE SALES AGENCY AGENT FOR SPRY FAMILY FARM,HAYMARKET FARM LLC,70000,,02/19/2018,KENTUCKY,3,,,BP,,https://youtu.be/DcnUZRaWVfI
Kentucky Winter Mixed (2021),2021-02-09,485,B,,F,KLIMT,HOWAYA LILY,SILVER DEPUTY,FRANKFORT PARK FARM AGENT,SPIDERMAN,10000,Y,04/27/2020,KENTUCKY,5,,,Y,,https://vimeo.com/507484564
Kentucky Winter Mixed (2021),2021-02-09,486,DKB,HUG DOC,M,MEDAGLIA D'ORO,IPI TOMBE (ZIM),MANSHOOD (GB),BROOKDALE SALES AGENT,OUT,0,,03/04/2010,KENTUCKY,2,ALGORITHMS,2020-02-25,B,,
Kentucky Winter Mixed (2021),2021-02-09,487,B,,F,GOOD SAMARITAN,HUMBLE JANET,HUMBLE ELEVEN,KP SALES AGENT,NOT SOLD,19000,,04/08/2020,LOUISIANA,14,,,Y,,
Kentucky Winter Mixed (2021),2021-02-09,488,CH,I DARE U,F,DAREDEVIL,VOYELLE,BROKEN VOW,HILL 'N' DALE SALES AGENCY AGENT,OUT,0,,03/27/2017,KENTUCKY,3,,,RB,,
Kentucky Winter Mixed (2021),2021-02-09,489,DKB,I KNOT,M,OFFLEE WILD,SCHAUNCIE,MENIFEE,SCOTT MALLORY AGENT I,MONTECITO STABLES,3000,,04/26/2007,KENTUCKY,12,TAPITURE,2020-04-26,B,,
Kentucky Winter Mixed (2021),2021-02-09,490,B,I'MNOTSHYI'LLBUY,M,DISTORTED HUMOR,DONTBESHY I'LL BUY,CHEROKEE RUN,VINERY SALES AGENT XXI,NOT SOLD,95000,,03/11/2015,KENTUCKY,14&15,KITTEN'S JOY,2020-05-25,B,,
Kentucky Winter Mixed (2021),2021-02-09,491,DKB,,C,MO TOWN,I'M PATRIOTIC,TO HONOR AND SERVE,ALLIANCE SALES AGENCY AGENT,VALENTINE JIMENEZ,17000,,04/21/2020,KENTUCKY,7,,,Y,,
Kentucky Winter Mixed (2021),2021-02-09,492,B,INBLACKNWHITE,F,CONSTITUTION,ICY TEA,STORM CAT,VINERY SALES AGENT XVIII,THETA HOLDING I INC.,12000,,04/07/2018,PENNSYLVANIA,14&15,,,RB,,https://vimeo.com/509983262
Kentucky Winter Mixed (2021),2021-02-09,493,B,,C,LAOBAN,INCLINATION,VICTORY GALLOP,BLUEWATER SALES LLC AGENT III,OUT,0,,04/26/2020,KENTUCKY,8,,,Y,,
Kentucky Winter Mixed (2021),2021-02-09,494,B,I NEVER SAY NO (IRE),F,NO NAY NEVER,SHELLEY BEACH (IRE),DANEHILL DANCER (IRE),VINERY SALES AGENT XXI,NOT SOLD,100000,,01/21/2017,IRE,14&15,,,RB,,
Kentucky Winter Mixed (2021),2021-02-09,495,B,,C,BAYERN,IN PERPETUITY,BERNSTEIN,HIDDEN BROOK AGENT VII,CARLOS S.E. MOORE AGENT,5000,,02/28/2020,KENTUCKY,3,,,Y,,https://youtu.be/6FN2XsU8C8A
Kentucky Winter Mixed (2021),2021-02-09,496,DKB,ITSALLABOUTMEMEME,F,ATREIDES,FINE TIME TO LEAVE,EVEN THE SCORE,VINERY SALES AGENT XXI,OUT,0,,03/26/2016,KENTUCKY,14&15,,,RB,,
Kentucky Winter Mixed (2021),2021-02-09,497,DKB,,F,TAPITURE,ITZPAPALOTL,FIRST DEFENCE,SHELTOWEE SALES,ME II RACING,10000,,04/09/2019,OHIO,11,,,RP,,
Kentucky Winter Mixed (2021),2021-02-09,498,B,JAWHARA,F,DECLARATION OF WAR,KALOURA (IRE),SINNDAR (IRE),FOUR STAR SALES AGENT,NOT SOLD,55000,,03/04/2018,KENTUCKY,4,,,RP,,https://youtu.be/_xaxD2u-O_g
Kentucky Winter Mixed (2021),2021-02-09,499,B,,F,CAN THE MAN,JAZZY MELISSA,GRAND SLAM,MAGDALENA FARM AGENT,OUT,0,,03/08/2020,KENTUCKY,9,,,Y,,
Kentucky Winter Mixed (2021),2021-02-09,500,CH,,F,MOR SPIRIT,JOYFUL,DISTORTED HUMOR,FRANKFORT PARK FARM AGENT,OUT,0,,02/09/2020,KENTUCKY,5,,,Y,,
Kentucky Winter Mixed (2021),2021-02-09,501,DKB,J T SAFE AT HOME,M,BERNSTEIN,HIGH HEELED HOPE,SALT LAKE,TAYLOR MADE SALES AGENCY AGENT III,TRACK WEST RACING,1000,,01/30/2008,KENTUCKY,2,,,B,,https://vimeo.com/509352605
Kentucky Winter Mixed (2021),2021-02-09,502,CH,,F,SPEIGHTSTER,JUDGE LEE,STREET CRY (IRE),VINERY SALES AGENT IX,DESIGNATED HITTERS RACING,4500,,03/17/2020,KENTUCKY,14&15,,,Y,,
Kentucky Winter Mixed (2021),2021-02-09,503,B,KEEPTHE MAIN THING,F,BODEMEISTER,KATHERINE'SKADENCE,MR. GREELEY,VINERY SALES AGENT XXI,NOT SOLD,18000,,03/14/2016,MARYLAND,14&15,,,RB,,
Kentucky Winter Mixed (2021),2021-02-09,504,CH,KENTUCKY HOME,F,VERRAZANO,TAPIT HOME,TAPIT,HILL 'N' DALE SALES AGENCY AGENT FOR SPRY FAMILY FARM,BARRY LAKE,4000,,03/30/2017,KENTUCKY,3,,,BP,,https://youtu.be/UN3CRv44qd0
Kentucky Winter Mixed (2021),2021-02-09,505,B,KISSED BY A STAR,M,KINGMAMBO,TURKISH TRYST,TURKOMAN,PARAMOUNT SALES AGENT II,OUT,0,,03/14/2007,PENNSYLVANIA,5,SOLOMINI,2020-05-06,B,,
Kentucky Winter Mixed (2021),2021-02-09,506,B,,C,SHARP AZTECA,KISSIMMEE,KISSIN KRIS,OLD SCHOOL THOROUGHBREDS LLC AGENT FOR HIGHPOINT BLOODSTOCK,WAR HORSE PLACE LLC,25000,,03/17/2020,IOWA,3,,,Y,,
Kentucky Winter Mixed (2021),2021-02-09,507,DKB,KISS MO,F,UNCLE MO,KISS MINE,MINESHAFT,SALLY THOMAS AGENT,FRANK ABLES & GENE TENBRINK,40000,,01/20/2017,KENTUCKY,8,,,RB,,https://vimeo.com/509196399
Kentucky Winter Mixed (2021),2021-02-09,508,CH,,C,BEE JERSEY,KITTEN'S CARDINAL,KITTEN'S JOY,FRANKFORT PARK FARM AGENT,NOT SOLD,19000,,03/22/2020,KENTUCKY,5,,,Y,,https://vimeo.com/507484808
Kentucky Winter Mixed (2021),2021-02-09,509,CH,,F,GOOD SAMARITAN,KNOXY,TOUCH GOLD,ALLIANCE SALES AGENCY AGENT,JOSE VAQUERA,27000,,03/20/2020,KENTUCKY,7,,,Y,,
Kentucky Winter Mixed (2021),2021-02-09,510,B,KOHILI,M,CANDY RIDE (ARG),DESERT STORMER,STORM CAT,BALLYSAX BLOODSTOCK AGENT I,ERIN FISHER,13000,,01/30/2011,KENTUCKY,6,CATALINA CRUISER,2020-04-16,B,,
Kentucky Winter Mixed (2021),2021-02-09,511,GRR,,F,TAPWRIT,KOHILI,CANDY RIDE (ARG),BALLYSAX BLOODSTOCK AGENT I,CHARLES H DETERS,35000,,02/08/2020,KENTUCKY,6,,,Y,,
Kentucky Winter Mixed (2021),2021-02-09,512,DKB,KONZA KANDY,F,TWIRLING CANDY,HEART THIEF,RUNAWAY GROOM,LANE'S END AGENT,SOUTHERN OAK FARM,40000,,06/05/2016,KANSAS,1,,,RB,,https://youtu.be/GYEpd1FpTh4
Kentucky Winter Mixed (2021),2021-02-09,513,B,,F,GOOD SAMARITAN,KYLBRYLIE,PULPIT,VINERY SALES AGENT XIII,OUT,0,,03/02/2020,KENTUCKY,14&15,,,Y,,
Kentucky Winter Mixed (2021),2021-02-09,514,B,,C,VIOLENCE,L. A. DEVINE,PULPIT,VINERY SALES AGENT XXI,BOOTS BLOODSTOCK,65000,,04/21/2020,KENTUCKY,14&15,,,Y,,
Kentucky Winter Mixed (2021),2021-02-09,515,B,LADY APHRODITE,M,GIANT'S CAUSEWAY,BELLE OF PERINTOWN,DEHERE,BLAKE-ALBINA THOROUGHBRED SERVICES LLC AGENT I,SOUTHERN OAK FARM,37000,Y,02/11/2009,KENTUCKY,11,VIOLENCE,2020-04-09,B,,https://vimeo.com/508177742
Kentucky Winter Mixed (2021),2021-02-09,516,DKB,LADYBERG,F,TEUFLESBERG,AARON'S TERMS,PRIVATE TERMS,HUNTER VALLEY FARM AGENT,OUT,0,,02/05/2016,NEW YORK,7,SOLOMINI,2020-02-21,B,,
Kentucky Winter Mixed (2021),2021-02-09,517,CH,,C,GOLDENCENTS,LADY GRACELAND,UNION RAGS,MULHOLLAND SPRINGS AGENT II,OUT,0,,03/31/2020,KENTUCKY,9,,,Y,,
Kentucky Winter Mixed (2021),2021-02-09,518,B,,F,MUCHO MACHO MAN,LADY HESTER,BERNARDINI,FRANKFORT PARK FARM AGENT,HERNAN GOMEZ SOFFIA,10000,,01/14/2020,KENTUCKY,5,,,Y,,https://vimeo.com/507485001
Kentucky Winter Mixed (2021),2021-02-09,519,B,,F,KLIMT,LADY LYDIE,TALE OF EKATI,FRANKFORT PARK FARM AGENT,SPIDERMAN,12000,Y,02/22/2020,KENTUCKY,5,,,Y,,https://vimeo.com/507485175
Kentucky Winter Mixed (2021),2021-02-09,520,CH,LADY OF THE CANYON,M,CAPE BLANCO (IRE),POSSIBLY PERFECT,NORTHERN BABY,HUNTER VALLEY FARM AGENT,FORMAL BLOODSTOCK AGENT,8000,,02/14/2013,KENTUCKY,7,,,B,,
Kentucky Winter Mixed (2021),2021-02-09,521,CH,,F,NOT THIS TIME,LADY OF THE GLEN,PURIM,TAYLOR MADE SALES AGENCY AGENT XVIII,NOT SOLD,48000,,04/18/2020,ONTARIO,2,,,Y,,https://youtu.be/2Fgl70W025s
Kentucky Winter Mixed (2021),2021-02-09,522,CH,LADY QUINTESSA,F,MUNNINGS,REVEALED,OLD TRIESTE,BROOKDALE SALES AGENT,BLUE HEN BLOODSTOCK,19000,,03/02/2018,KENTUCKY,2,,,RB,,
Kentucky Winter Mixed (2021),2021-02-09,523,B,LADYSGOTGAME,M,STREET SENSE,LADY GAMER,GAME PLAN,HUNTER VALLEY FARM AGENT,ERIN FISHER,12000,,04/08/2011,KENTUCKY,7,GOLDENCENTS,2020-04-22,B,,https://vimeo.com/509180129
Kentucky Winter Mixed (2021),2021-02-09,524,DKB,LADY'S ISLAND,M,GREATNESS,BROADWAY MARTHA,BROAD BRUSH,SOUTH POINT SALES AGENCY AGENT V,GAINESWAY FARM,310000,,03/01/2014,FLORIDA,9,,,RB,,https://vimeo.com/509899538
Kentucky Winter Mixed (2021),2021-02-09,525,DKB,LAHAINA LUCK,F,UNCLE MO,ROYAL LAHAINA,CHAPEL ROYAL,BLUEWATER SALES LLC AGENT III,OUT,0,,04/22/2017,KENTUCKY,8,SPEIGHTSTOWN,2000-03-13,B,,
Kentucky Winter Mixed (2021),2021-02-09,526,B,,F,CARPE DIEM,LANGERS,INDIAN CHARLIE,PARAMOUNT SALES AGENT XIV,FERGUS BOGLE,4500,,03/06/2020,KENTUCKY,5,,,Y,,
Kentucky Winter Mixed (2021),2021-02-09,527,DKB,LANTORNA,F,BODEMEISTER,SPEED TO BURN,RED RANSOM,TAYLOR MADE SALES AGENCY AGENT XVI,MICHAEL I YOVANKIN,15000,,05/05/2016,KENTUCKY,2,,,BP,,https://youtu.be/Q4BgRzHen3o
Kentucky Winter Mixed (2021),2021-02-09,528,B,LAOBAN PARTOUT,F,LAOBAN,PASS PARTOUT,TIZNOW,HARRY L. LANDRY BLOODSTOCK LLC AGENT,NORTH AMERICAN TB HORSE CO,29000,,02/11/2020,LOUISIANA,12,,,Y,,https://vimeo.com/509621040
Kentucky Winter Mixed (2021),2021-02-09,529,DKB,,C,SHARP AZTECA,LARA,JUMP START,HARRY L. LANDRY BLOODSTOCK LLC AGENT,OUT,0,,03/29/2020,NEW YORK,12,,,Y,,
Kentucky Winter Mixed (2021),2021-02-09,530,B,LATEST THINKING,M,TALE OF THE CAT,MINISHAFT,MINESHAFT,LITTLE'S BLOODSTOCK LLC AGENT FOR CAVE BROOK FARM,OUT,0,,04/05/2012,KENTUCKY,10,FAST ANNA,2020-03-03,B,,
Kentucky Winter Mixed (2021),2021-02-09,531,B,,C,TONALIST,LEFREAKCESTCHIC,BELLAMY ROAD,VINERY SALES AGENT XVI,MARSHALL W SILVERMAN AGENT,3000,,05/31/2020,KENTUCKY,14&15,,,Y,,
Kentucky Winter Mixed (2021),2021-02-09,532,CH,LEMON LASHES,M,LEMON DROP KID,PLENTY,BOUNDARY,BLAKE-ALBINA THOROUGHBRED SERVICES LLC AGENT I,CHAD SCHUMER AGENT,13000,,04/29/2010,KENTUCKY,11,CARPE DIEM,2020-05-09,B,,https://vimeo.com/509369935
Kentucky Winter Mixed (2021),2021-02-09,533,B,,C,MENDELSSOHN,LEMON LASHES,LEMON DROP KID,BLAKE-ALBINA THOROUGHBRED SERVICES LLC AGENT I,PEWTER STABLE,7500,,04/10/2020,NEW YORK,11,,,Y,,https://vimeo.com/508177790
Kentucky Winter Mixed (2021),2021-02-09,534,CH,,F,WAR CORRESPONDENT,LEMON TIZ,LEMON DROP KID,SIERRA FRIA FARM,TWIN CREEKS,1500,,05/28/2020,KENTUCKY,12,,,Y,,
Kentucky Winter Mixed (2021),2021-02-09,535,DKB,LETSGOANDGETTHEDO,F,BAYERN,MY SPARKLING ARCH,ARCH,VINERY SALES AGENT XXI,NOT SOLD,30000,,04/07/2018,KENTUCKY,14&15,,,RB,,
Kentucky Winter Mixed (2021),2021-02-09,536,B,LIL MISS SAPPHIRE,M,GEMOLOGIST,TRICKLE DOWN,PHONE TRICK,BUCKLAND SALES (ZACH MADDEN) AGENT III,DAWN HAUGHT-MARTIN,1500,,04/15/2014,KENTUCKY,10,MAJESTIC CITY,2020-05-01,B,,
Kentucky Winter Mixed (2021),2021-02-09,538,B,,C,SHARP AZTECA,LIP SYNC,MACLEAN'S MUSIC,JAMES M. HERBENER JR. AGENT IV,ROBERT SLACK,20000,,04/09/2020,KENTUCKY,11,,,Y,,
Kentucky Winter Mixed (2021),2021-02-09,539,B,LIZZIE B,F,VIOLENCE,DELTA SENSATION,THUNDER GULCH,HIDDEN BROOK AGENT V,GLENCREST FARM,20000,Y,02/15/2016,KENTUCKY,3,,,BP,,https://www.youtube.com/watch?v=fQBSbNhN9Qk
Kentucky Winter Mixed (2021),2021-02-09,540,GRR,LONGLIVE THE QUEEN,F,FROSTED,AUSPICIOUS,INDIAN CHARLIE,SALLY THOMAS AGENT,NOT SOLD,120000,,04/21/2020,NEW YORK,8,,,Y,,https://vimeo.com/509196425
Kentucky Winter Mixed (2021),2021-02-09,541,GRR,,C,CROSS TRAFFIC,LOVE QUOTE,TAPIT,LANE'S END AGENT,BRYAN RICE,7000,,03/03/2020,KENTUCKY,1,,,Y,,https://youtu.be/KNaMLY1xF_4
Kentucky Winter Mixed (2021),2021-02-09,542,B,LUCKY LADY,M,MIDNIGHT LUTE,SET OF WINGS,DREWMAN,HUNTER VALLEY FARM AGENT,ERIC MOREAU-SIPIERE,4000,,02/03/2010,KENTUCKY,7,MIDNIGHT STORM,2020-04-29,B,,https://vimeo.com/509179970
Kentucky Winter Mixed (2021),2021-02-09,543,B,,F,MIDNIGHT STORM,LUCKY LADY,MIDNIGHT LUTE,HUNTER VALLEY FARM AGENT,OUT,0,,03/14/2020,KENTUCKY,7,,,Y,,
Kentucky Winter Mixed (2021),2021-02-09,544,B,LULU'S PARTNER,M,POSSE,LULU'S NUMBER,NUMEROUS,DENALI STUD AGENT VII,NOT SOLD,7000,,05/21/2015,NEW YORK,1,WICKED TUNE,2020-04-21,B,,https://youtu.be/LteZJbmIRGI
Kentucky Winter Mixed (2021),2021-02-09,545,B,,C,UNCAPTURED,LUNARLADY,YES IT'S TRUE,SUMMERFIELD (FRANCIS & BARBARA VANLANGENDONCK) AGENT,BILL & CORINNE HEILIGBRODT,9500,,02/20/2020,FLORIDA,3,,,Y,,
Kentucky Winter Mixed (2021),2021-02-09,546,B,,C,BOLT D'ORO,LUXURIOUS,AWESOME AGAIN,STUART MORRIS AGENT I,DESIGNATED HITTERS RACING,72000,,04/15/2020,KENTUCKY,4,,,Y,,
Kentucky Winter Mixed (2021),2021-02-09,547,B,MALPRACTICE MEUSER (GB),C,HELMET (AUS),SNEAKY FAIR,ELUSIVE QUALITY,VINERY SALES AGENT XXI,NOT SOLD,120000,,01/23/2019,GB,14&15,,,RS,,
Kentucky Winter Mixed (2021),2021-02-09,548,CH,MORETHANSOULTITLE,C,MORE THAN READY,SOUL TITLE,PERFECT SOUL (IRE),HUNTER VALLEY FARM AGENT,MARC DETAMPEL,10000,,04/08/2018,BRITISH COLUMBI,7,,,RP,,https://youtu.be/nbEyfmyoiXM
Kentucky Winter Mixed (2021),2021-02-09,549,B,NOW TIZ TIME,C,TIZNOW,BRUSH HOUR,BROAD BRUSH,FOUR STAR SALES AGENT,JOSEPH C GRACI,25000,,03/21/2017,KENTUCKY,4,,,RP,,https://youtu.be/e1eFq5w5Iv0
Kentucky Winter Mixed (2021),2021-02-09,550,B,PEDDLERS PRIDE,C,LIAM'S MAP,MR HALL'S OPUS,OFFICER,MACCABEE FARM,OUT,0,,03/13/2017,KENTUCKY,13,,,RP,,
Kentucky Winter Mixed (2021),2021-02-09,551,CH,PERFECT SILENT CAT,C,TALE OF THE CAT,SILENT PERFECTION,PERFECT SOUL (IRE),FOUR STAR SALES AGENT,JEFFREY CALLAN,6000,,04/07/2018,KENTUCKY,4,,,RP,,https://youtu.be/W5zPooDPHDY
Kentucky Winter Mixed (2021),2021-02-09,552,CH,PERFECT TAPATINO (FR),H,PERFECT SOUL (IRE),TAPATINA,SEEKING THE GOLD,PARAMOUNT SALES AGENT VII,LESLIE F YOUNG,11000,,04/20/2014,FR,5,,,RS,,https://youtu.be/Ri2A9wlQ3eY
Kentucky Winter Mixed (2021),2021-02-09,553,CH,,C,LORD NELSON,ROO ROO,MEADOWLAKE,SHELTOWEE SALES,NOT SOLD,19000,,03/27/2019,OHIO,11,,,RP,,
Kentucky Winter Mixed (2021),2021-02-09,554,B,SPEED TRAIN,C,OXBOW,LION BELLE,LION HEART,MACCABEE FARM,DWIGHT PRESTON,7000,,03/14/2018,KENTUCKY,13,,,RP,,
Kentucky Winter Mixed (2021),2021-02-09,555,B,SPYGLASS,C,TAPIT,LADY BINGO (IRE),GALILEO (IRE),FOUR STAR SALES AGENT,OUT,0,,03/13/2018,KENTUCKY,4,,,RP,,
Kentucky Winter Mixed (2021),2021-02-09,556,DKB,STRIKE APPEAL,G,TONALIST,RATE OF EXCHANGE,EXCHANGE RATE,SHELTOWEE SALES,OUT,0,,02/25/2017,KENTUCKY,11,,,RP,,
Kentucky Winter Mixed (2021),2021-02-09,557,B,SUSPIROS,G,HARD SPUN,MALIBU MINT,MALIBU MOON,VINERY SALES AGENT XIV,NEAL M ALLREAD,9000,,03/22/2017,KENTUCKY,14&15,,,RP,,
Kentucky Winter Mixed (2021),2021-02-09,558,DKB,TWO EAGLES,C,MORNING LINE,QUEEN BEAUTYREST,SILVER CHARM,MACCABEE FARM,EDWIN VIZCARRONDO,5500,,02/28/2016,OHIO,13,,,RP,,
Kentucky Winter Mixed (2021),2021-02-09,559,DKB,WEEKEND IN COURT,C,COURT VISION,WEEKEND IN LONDON,BELONG TO ME,PARAMOUNT SALES AGENT VII,JOHN M ASARA,5000,,03/05/2017,KENTUCKY,5,,,RS,,https://youtu.be/sKq5Rez_juw
Kentucky Winter Mixed (2021),2021-02-09,560,B,WHISKEY DOUBLE,C,INTO MISCHIEF,LAKE SEBAGO,MUNNINGS,FOUR STAR SALES AGENT,OUT,0,,01/31/2018,KENTUCKY,4,,,RP,,
Kentucky Winter Mixed (2021),2021-02-09,561,B,,C,COMMISSIONER,WHOBABYDATIZ,BOSTON HARBOR,JAMES M. HERBENER JR. AGENT IV,AHMAD ALABDULLATIF,5500,,04/17/2019,KENTUCKY,11,,,RP,,
Kentucky Winter Mixed (2021),2021-02-09,562,B,ANANROAD,G,QUALITY ROAD,ANANDA,SCAT DADDY,FOUR STAR SALES AGENT,JAMEN DAVIDOVICH,23000,,02/18/2017,KENTUCKY,4,,,RP,,https://youtu.be/P1BSwgs1P2o
Kentucky Winter Mixed (2021),2021-02-09,563,B,ANNA'S JOY,C,KITTEN'S JOY,ALL ABOUT ANNA,MARIA'S MON,ST GEORGE SALES AGENT III,JG STABLES,5200,,03/01/2019,KENTUCKY,6,,,RP,,
Kentucky Winter Mixed (2021),2021-02-09,564,DKB,BRANCO MARIA,G,CANDY RIDE (ARG),HEIDI MARIA,ROCKPORT HARBOR,FOUR STAR SALES AGENT,OUT,0,,02/07/2017,KENTUCKY,4,,,RP,,
Kentucky Winter Mixed (2021),2021-02-09,565,B,CANDY MOVER,G,CANDY RIDE (ARG),STAR SILVER,ALDEBARAN,SHELTOWEE SALES,OUT,0,,02/11/2018,KENTUCKY,11,,,RP,,
Kentucky Winter Mixed (2021),2021-02-09,566,CH,CLASSY CAL,C,CALIFORNIA CHROME,CHAMPAGNE ROYALE,FRENCH DEPUTY,HILL 'N' DALE SALES AGENCY AGENT FOR SPRY FAMILY FARM,OUT,0,,05/09/2018,KENTUCKY,3,,,RP,,https://youtu.be/4H16Z8MNl9Y
Kentucky Winter Mixed (2021),2021-02-09,567,GRR,CONTRAFLOW,G,STREET SENSE,SWAP FLIPAROO,EXCHANGE RATE,FOUR STAR SALES AGENT,OUT,0,,04/25/2017,KENTUCKY,4,,,RP,,
Kentucky Winter Mixed (2021),2021-02-09,568,B,,C,FLINTSHIRE (GB),DOASIDONOTASISAY,HAT TRICK (JPN),VINERY SALES AGENT XXI,CRAIG WHITLOW,3000,,03/06/2019,KENTUCKY,14&15,,,RP,,
Kentucky Winter Mixed (2021),2021-02-09,569,CH,EKATI CHAMPAGNE,C,TALE OF EKATI,CHAMPAGNE COURAGE,A.P. INDY,PARAMOUNT SALES AGENT VII,NEAL M ALLREAD,4000,,02/17/2017,KENTUCKY,5,,,RS,,https://youtu.be/oZ6dhWe-ViI
Kentucky Winter Mixed (2021),2021-02-09,570,B,HARD TEN,G,UNCLE MO,MORENA (PER),PRIVATELY HELD,FOUR STAR SALES AGENT,CHAPPELL RACING LLC DAN PREISS AGENT,10000,,05/12/2017,KENTUCKY,4,,,RP,,https://youtu.be/0R4R-ruuXM4
Kentucky Winter Mixed (2021),2021-02-09,571,DKB,HENRY THE CAT,G,MR SPEAKER,BARN CAT,BLUEGRASS CAT,MACCABEE FARM,SHANE T MEYERS,15000,,04/27/2017,OHIO,13,,,RP,,
Kentucky Winter Mixed (2021),2021-02-09,572,B,HOUDINI'S AWESOME,C,TALE OF EKATI,AWESOME HOUDINI,AWESOME AGAIN,HUNTER VALLEY FARM AGENT,OUT,0,,03/05/2018,ONTARIO,7,,,RP,,
Kentucky Winter Mixed (2021),2021-02-09,573,B,HUMOR CONTROLLER,C,DISTORTED HUMOR,PEPPY RAFAELA,BERNARDINI,FOUR STAR SALES AGENT,THT BLOODSTOCK AGENT,23000,,04/23/2017,KENTUCKY,4,,,RP,,https://youtu.be/LEBB73j_aQU
Kentucky Winter Mixed (2021),2021-02-09,574,B,INIS GLUAIRE,G,BERNARDINI,INISH GLORA,REGAL CLASSIC,FOUR STAR SALES AGENT,OUT,0,,04/06/2017,KENTUCKY,4,,,RP,,https://youtu.be/-7mO83NySOg
Kentucky Winter Mixed (2021),2021-02-09,575,GRR,KENTUCKY SUMMER,C,TAPIT,DREAM OF SUMMER,SIBERIAN SUMMER,FOUR STAR SALES AGENT,LET IT RIDE EQUINE HOLDINGS IV LLC,70000,,05/04/2017,KENTUCKY,4,,,RP,,https://youtu.be/kar3C1Y5D0U
Kentucky Winter Mixed (2021),2021-02-09,576,B,LITTLE MENACE,C,INTO MISCHIEF,PAY ATTENTION,ARCH,FOUR STAR SALES AGENT,SEAN S. PERL BLOODSTOCK LLC,145000,,03/05/2017,KENTUCKY,4,,,RP,,https://youtu.be/hud-VtzbA9U
Kentucky Winter Mixed (2021),2021-02-09,577,B,,C,UNION RAGS,LOVE QUOTE,TAPIT,LANE'S END AGENT,CHRISTOPHER BRITTON,11000,,02/17/2019,KENTUCKY,1,,,RP,,
Kentucky Winter Mixed (2021),2021-02-09,578,DKB,LUMINO,C,MEDAGLIA D'ORO,EXOTIC BLOOM,MONTBROOK,FOUR STAR SALES AGENT,OUT,0,,04/27/2017,KENTUCKY,4,,,RP,,
Kentucky Winter Mixed (2021),2021-02-09,579,DKB,PRIME ATTRACTION,H,UNBRIDLED'S SONG,STRAWBERRY SENSE,A.P. INDY,TAYLOR MADE SALES AGENCY AGENT XIV,OUT,0,,03/29/2013,KENTUCKY,2,,,S,,
Kentucky Winter Mixed (2021),2021-02-09,580,CH,SKIPSHOT,R,SKIP AWAY,HEAVENLY NOTE,SUNNY'S HALO,BUCK POND FARM (DOUGLAS S. ARNOLD) AGENT,NOT SOLD,37000,,03/28/2007,KENTUCKY,13,,,S,,
Kentucky Winter Mixed (2021),2021-02-09,581,CH,,C,CARPE DIEM,SPICE LADY,SPEIGHTSTOWN,BROOKDALE SALES AGENT,JUN PARK AGENT,5500,,04/30/2020,KENTUCKY,2,,,Y,,
Kentucky Winter Mixed (2021),2021-02-09,582,DKB,ICY CALM,M,CURLIN,MOON PHILLY,MALIBU MOON,LANE'S END AGENT FOR BROWNING & PARTNERS,OUT,0,,04/17/2016,KENTUCKY,1,,,B,,
Kentucky Winter Mixed (2021),2021-02-09,583,B,,C,BOLT D'ORO,SILENT TRIUMPH,CITY ZIP,JAMES B. KEOGH (GROVENDALE) AGENT X,OUT,0,,01/29/2020,KENTUCKY,9,,,Y,,
Kentucky Winter Mixed (2021),2021-02-09,584,B,,C,PRACTICAL JOKE,KEEWATIN ICE,INTIDAB,JAMES B. KEOGH (GROVENDALE) AGENT XII,DAILEY/CLARMONT,85000,,03/22/2020,KENTUCKY,9,,,Y,,
Kentucky Winter Mixed (2021),2021-02-09,585,B,,C,GOOD MAGIC,AMERICAN ROMANCE,SUCCESSFUL APPEAL,JAMES B. KEOGH (GROVENDALE) AGENT XI,KRISTIAN VILLANTE AGENT,70000,,05/07/2020,KENTUCKY,9,,,Y,,
Kentucky Winter Mixed (2021),2021-02-09,586,B,RIVERCREST ROAD,F,QUALITY ROAD,CROCUS HILL,MEDAGLIA D'ORO,CLAIBORNE FARM AGENT,JEFF ENGLER AGENT FOR LEA FARMS LLC,42000,,02/17/2017,KENTUCKY,9,,,RB,,https://vimeo.com/505339069
Kentucky Winter Mixed (2021),2021-02-09,587,DKB,E Z KITTY,M,HE'S TOPS,ENVISION THE CAT,LOST CODE,BROOKDALE SALES AGENT FOR HIGHLANDER RACING STABLE LLC,JOE CASTILLO,5500,,04/11/2008,WASHINGTON,2,OUTWORK,2020-03-10,B,,https://vimeo.com/509460074
Kentucky Winter Mixed (2021),2021-02-09,588,DKB,,F,RUNHAPPY,ZIFENA (GB),ZAMINDAR,BROOKDALE SALES AGENT,BRYAN RICE,10000,,03/05/2020,KENTUCKY,2,,,Y,,https://www.youtube.com/watch?v=B5AvzfPFfE4
Kentucky Winter Mixed (2021),2021-02-09,589,CH,SHIELDMAIDEN,M,SMART STRIKE,CODE BOOK,GIANT'S CAUSEWAY,SOUTH POINT SALES AGENCY AGENT VI,WINSTAR FARM LLC,180000,,02/03/2008,KENTUCKY,9,PASSION FOR ACTION,2020-06-11,B,,https://vimeo.com/509350897
Kentucky Winter Mixed (2021),2021-02-09,590,B,QUIET TALK,F,HONOR CODE,UNAFFORDABLE,UNBRIDLED,GAINESWAY AGENT I,OUT,0,,05/10/2017,KENTUCKY,6,KARAKONTIE,2020-03-07,B,,
Kentucky Winter Mixed (2021),2021-02-09,591,GRR,,C,FROSTED,WALKING IN NASSAU,PUT IT BACK,FOUR STAR SALES AGENT,OUT,0,,04/21/2020,KENTUCKY,4,,,Y,,
Kentucky Winter Mixed (2021),2021-02-09,592,B,WANDERLUST,F,UNION RAGS,OUR MARIELLA,VICTORY GALLOP,TAYLOR MADE SALES AGENCY AGENT XIX,OUT,0,,03/27/2017,KENTUCKY,2,,,RB,,
Kentucky Winter Mixed (2021),2021-02-09,593,B,VEILED VIXEN,M,ESKENDEREYA,SUE'S SWEET SIOUX,INDIAN CHARLIE,PARAMOUNT SALES AGENT XVI,NOT SOLD,9000,,02/28/2015,KENTUCKY,5,,,BP,,https://vimeo.com/497752063
Kentucky Winter Mixed (2021),2021-02-09,594,DKB,JULIA'S READY,M,MORE THAN READY,JULIA TUTTLE,GIANT'S CAUSEWAY,HERMITAGE FARM AGENT,ST ELIAS STABLES LLC,170000,,03/22/2016,KENTUCKY,7,,,RB,,https://vimeo.com/497752493
Kentucky Winter Mixed (2021),2021-02-09,595,DKB,GYPSY'S FEATHER,F,MUNNINGS,FAVORITE FEATHER,CAPOTE,HERMITAGE FARM AGENT,THETA HOLDING I INC.,19000,,04/18/2017,KENTUCKY,7,,,RB,,https://vimeo.com/497753434
Kentucky Winter Mixed (2021),2021-02-09,596,DKB,KISS MORE,M,MORE THAN READY,KISS MINE,MINESHAFT,HERMITAGE FARM AGENT,JOHN ROVEN,47000,,02/07/2016,KENTUCKY,7,,,RB,,https://vimeo.com/497753970
Kentucky Winter Mixed (2021),2021-02-09,597,B,POND HOCKEY,F,NYQUIST,VIED,ELUSIVE QUALITY,DENALI STUD AGENT VIII,OUT,0,,03/22/2018,KENTUCKY,1,,,RB,,
Kentucky Winter Mixed (2021),2021-02-09,598,B,WINNIPEG WONDER,F,SHANGHAI BOBBY,FLOWERETTE,VICTORY GALLOP,HIDDEN BROOK AGENT XI,OUT,0,,02/07/2017,KENTUCKY,3,,,RB,,
Kentucky Winter Mixed (2021),2021-02-09,599,B,CENTRIFUGE,C,TAPIT,SERENA'S CAT,STORM CAT,BUCKLAND SALES (ZACH MADDEN) AGENT XVIII,ROCKBRIDGE BLOODSTOCK,67000,,05/05/2017,KENTUCKY,10,,,RS,,https://vimeo.com/505636083
Kentucky Winter Mixed (2021),2021-02-09,600,B,LOOKIN SHARP,M,LOOKIN AT LUCKY,SLOW AND STEADY,MALIBU MOON,PARAMOUNT SALES AGENT XV,MAGNOLIA MARES LLC,53000,,02/07/2016,MARYLAND,5,,,BP,,
Kentucky Winter Mixed (2021),2021-02-09,601,CH,,F,MARK VALESKI,SARAMAR,LANGFUHR,LEGACY BLOODSTOCK AGENT X,BRISTON,15000,,05/14/2020,KENTUCKY,10,,,Y,,
Kentucky Winter Mixed (2021),2021-02-09,602,GRR,SHROVE TUESDAY,M,KITTEN'S JOY,ROMANCE PROJECT,NOT FOR LOVE,MILL RIDGE SALES AGENT,HARMON RACING STABLES,10000,,05/18/2015,KENTUCKY,1,,,BP,,
Kentucky Winter Mixed (2021),2021-02-09,603,CH,SPANXAMILLION,M,STREET CRY (IRE),MY SPANX,A. P. DELTA,JAMES B. KEOGH (GROVENDALE) AGENT XX,POINDEXTER THOROUGHBREDS,25000,,02/09/2015,KENTUCKY,9,,,BP,,https://vimeo.com/509621390
Kentucky Winter Mixed (2021),2021-02-09,604,B,ZIBA,F,UNCLE MO,BEAU DARE,MILITARY,TAYLOR MADE SALES AGENCY AGENT XVII,TOMMY WENTE,3000,,04/10/2017,KENTUCKY,2,,,BP,,https://youtu.be/cUPqBGJzS_0
Kentucky Winter Mixed (2021),2021-02-09,605,GRR,MO SEE CAL,M,UNCLE MO,DO DAT BLUES,LYDGATE,PARAMOUNT SALES AGENT XVII,NOT SOLD,240000,,02/14/2015,CALIFORNIA,5,,,BP,,https://youtu.be/vDalIG8XLkI
Kentucky Winter Mixed (2021),2021-02-09,606,B,THAMES RIVER (GB),C,FREE EAGLE (IRE),ALINA (IRE),GALILEO (IRE),HUNTER VALLEY FARM AGENT,DONATO LANNI AGENT,30000,,04/13/2017,GB,7,,,RP,,https://vimeo.com/509420634
Kentucky Winter Mixed (2021),2021-02-09,607,CH,AMBER WAVES,F,CONSTITUTION,WARRIOR SONG,HARLAN'S HOLIDAY,JAMES B. KEOGH (GROVENDALE) AGENT XV,COLBY WILLIAMS,4000,,02/03/2018,KENTUCKY,9,,,RB,,https://vimeo.com/508131199
Kentucky Winter Mixed (2021),2021-02-09,608,B,MAGNOLIA LANE,M,STREET CRY (IRE),CARRIAGE TRAIL,GIANT'S CAUSEWAY,HILL 'N' DALE SALES AGENCY AGENT,MICHAEL SLEZAK AGENT,20000,,05/21/2010,KENTUCKY,3,KANTHAROS,2020-06-25,B,,
Kentucky Winter Mixed (2021),2021-02-09,609,CH,TIDE STORM,M,STORMY ATLANTIC,TURN THE TIDE,THEATRICAL (IRE),HILL 'N' DALE SALES AGENCY AGENT,BRERETON C JONES,30000,,04/18/2016,KENTUCKY,3,,,RB,,
Kentucky Winter Mixed (2021),2021-02-09,610,B,EDUCATING,M,ELUSIVE QUALITY,MOTOKIKS,STORM CAT,HILL 'N' DALE SALES AGENCY AGENT,DENNIS FARKAS,32000,,03/28/2012,KENTUCKY,3,HARD SPUN,2020-04-04,B,,https://vimeo.com/509099158
Kentucky Winter Mixed (2021),2021-02-09,611,DKB,BIG ROSE,F,PIONEEROF THE NILE,PLACENTIA,BERNARDINI,TAYLOR MADE SALES AGENCY AGENT XVII,ST ELIAS STABLES LLC,25000,,05/07/2018,KENTUCKY,2,,,RB,,https://youtu.be/3rBzzSRNoXQ
Kentucky Winter Mixed (2021),2021-02-09,612,CH,,F,GHOSTZAPPER,TRAPPINGSOFSILVER,TRAPPE SHOT,CLAIBORNE FARM AGENT,OUT,0,,03/29/2020,KENTUCKY,9,,,Y,,
Kentucky Winter Mixed (2021),2021-02-09,613,CH,IN SPEIGHT OF SARA,F,SPEIGHTSTOWN,SARAH'S SECRET,LEROIDESANIMAUX (BRZ),KP SALES AGENT,NOT SOLD,9000,,04/16/2017,KENTUCKY,14,,,RB,,https://vimeo.com/509416235
Kentucky Winter Mixed (2021),2021-02-09,614,DKB,DARE TO HOPE,F,DAREDEVIL,CHEYANN'S HOPE,STRONG HOPE,SALLY THOMAS AGENT,OUT,0,,03/23/2018,KENTUCKY,8,,,RB,,
Kentucky Winter Mixed (2021),2021-02-09,615,DKB,CHEYANN GLITTERS,F,ARCHARCHARCH,FRONTIER DAYS,WAGON LIMIT,SALLY THOMAS AGENT,ZZ STABLE ORACLE BLDSTCK AGT,8000,,03/23/2018,LOUISIANA,8,,,RB,,
Kentucky Winter Mixed (2021),2021-02-09,616,DKB,HAVE A NOTION,G,NOTIONAL,CHEYANN UPRISING,TEXAS GLITTER,SALLY THOMAS AGENT,JUSTIN JEANSONNE,4000,,01/31/2018,LOUISIANA,8,,,RP,,
Kentucky Winter Mixed (2021),2021-02-09,617,DKB,TIZ A QUEEN,F,BODEMEISTER,FRABSTER,WAR CHANT,SALLY THOMAS AGENT,OUT,0,,04/12/2018,KENTUCKY,8,,,RB,,
Kentucky Winter Mixed (2021),2021-02-09,618,DKB,CARIBE BEAN MOKA,F,UNCLE MO,COFFEE CLIQUE,MEDAGLIA D'ORO,MILL RIDGE SALES AGENT,VILLA ROSA FARMS,20000,,02/26/2018,KENTUCKY,1,,,BP,,
Kentucky Winter Mixed (2021),2021-02-09,619,B,PROMOTED DEPUTY,M,DEPUTY MINISTER,SHOULDNT SAY NEVER,MEADOWLAKE,LEGACY BLOODSTOCK AGENT FOR ESTATE OF DANIEL KESSLER (K.C. GARRETT FARM LLC),OUT,0,,04/06/2002,KENTUCKY,10,,,B,,
Kentucky Winter Mixed (2021),2021-02-09,620,B,,C,BERNARDINI,PROMOTED DEPUTY,DEPUTY MINISTER,LEGACY BLOODSTOCK AGENT FOR ESTATE OF DANIEL KESSLER (K.C. GARRETT FARM LLC),DESIGNATED HITTERS RACING,50000,,05/20/2020,KENTUCKY,10,,,Y,,
Kentucky Winter Mixed (2021),2021-02-09,621,B,ALWAYS PLEASANT,M,AWESOME AGAIN,MISS PLEASANT,PLEASANTLY PERFECT,LEGACY BLOODSTOCK AGENT FOR ESTATE OF DANIEL KESSLER (K.C. GARRETT FARM LLC),HERMITAGE FARM AGENT FOR STEVE WILSON,35000,,06/05/2014,KENTUCKY,10,BLAME,2020-04-27,B,,
Kentucky Winter Mixed (2021),2021-02-09,622,B,THUS,M,TIZNOW,WOOD OF BINN,WOODMAN,LEGACY BLOODSTOCK AGENT FOR ESTATE OF DANIEL KESSLER (K.C. GARRETT FARM LLC),MARSHALL SILVERMAN AGENT FOR DR WILLIAM RIDDLE,20000,,01/26/2009,KENTUCKY,10,MOR SPIRIT,2020-05-28,B,,
Kentucky Winter Mixed (2021),2021-02-09,623,B,WASABI GIRL,F,SHANGHAI BOBBY,TICK TICK BOOM,CUVEE,LEGACY BLOODSTOCK AGENT FOR ESTATE OF DANIEL KESSLER (K.C. GARRETT FARM LLC),PETER SHEPPELL AGENT FOR JOHN ROYER & BRAD BUCHHOLZ,120000,,02/21/2017,KENTUCKY,10,,,BP,,https://vimeo.com/509325948
Kentucky Winter Mixed (2021),2021-02-09,624,B,LEMONDROPONTHEROX,M,LEMON DROP KID,ROXELANA,BOUNDARY,LEGACY BLOODSTOCK AGENT FOR ESTATE OF DANIEL KESSLER (K.C. GARRETT FARM LLC),SHANNONDOE FARM,40000,,03/08/2009,KENTUCKY,10,WORLD OF TROUBLE,2020-05-03,B,,
Kentucky Winter Mixed (2021),2021-02-09,625,B,WHOA NELLIE,M,ORB,ALLEGHENY ANGEL,MEDAGLIA D'ORO,TAYLOR MADE SALES AGENCY AGENT FOR FOX HILL FARMS INC,ST ELIAS STABLES LLC,450000,,03/01/2016,KENTUCKY,2,,,BP,,https://youtu.be/1-E9x1BWRD4
Kentucky Winter Mixed (2021),2021-02-09,626,B,AUGMENTING ASSETS,F,GOLDENCENTS,SWINKEY,DIALED IN,STUART MORRIS AGENT VI,POLO GREEN STABLE AGENT FOR MICHAEL ANNECHINO,4000,,03/23/2018,OHIO,4,,,RB,,
Kentucky Winter Mixed (2021),2021-02-09,627,CH,,C,BEE JERSEY,RUTH'S PROOF,DIXIE UNION,BLAKE-ALBINA THOROUGHBRED SERVICES LLC AGENT IV,OUT,0,,03/05/2020,KENTUCKY,11,,,Y,,https://vimeo.com/507791106
Kentucky Winter Mixed (2021),2021-02-09,628,CH,MEZAH,M,TAPIT,MINING MY OWN,SMART STRIKE,TAYLOR MADE SALES AGENCY AGENT FOR BROWNING & PARTNERS,NOT SOLD,100000,,02/28/2010,KENTUCKY,2,CANDY RIDE (ARG),2020-05-18,B,,https://vimeo.com/509352815
Kentucky Winter Mixed (2021),2021-02-09,629,CH,EVERYTHING SWEET,M,BLUEGRASS CAT,RUBY SUMMER,MR. GREELEY,ALLIANCE SALES AGENCY AGENT,EAG STUD,22000,,03/09/2010,KENTUCKY,7,OUTWORK,2020-05-14,B,,
Kentucky Winter Mixed (2021),2021-02-09,630,CH,PLAYFUL LOVE,M,TAPIT,PALACIO DE AMOR,DIXIELAND BAND,LANE'S END AGENT,COUNTRY LIFE FARM AGENT FOR GUIDERA MCKENNEY EQUINE LLC,50000,,03/27/2011,KENTUCKY,1,TWIRLING CANDY,2020-05-18,B,,
Kentucky Winter Mixed (2021),2021-02-09,631,B,VERY CHERRY,M,DIABOLICAL,HARD TO RESIST,JOHANNESBURG,DENALI STUD AGENT III,ALLIED RACING MR MONEY,10000,,01/08/2016,NEW MEXICO,1,,,BP,,https://youtu.be/WwEcPrkfdao
Kentucky Winter Mixed (2021),2021-02-09,632,CH,MONEY ON RED,F,TEXAS RED,CASH IN MY POCKET,CURLIN,BLAKE-ALBINA THOROUGHBRED SERVICES LLC AGENT V,JOHN W BAIRD,5000,,03/01/2018,KENTUCKY,11,,,RB,,https://vimeo.com/509369852
Kentucky Winter Mixed (2021),2021-02-09,633,DKB,EVERY SINGLE DAY,M,STRONG MANDATE,REPEAT,BERNARDINI,SOUTH POINT SALES AGENCY AGENT VII,BLACKHORSE AGENT FOR BRENDA ZIETZ,5000,,01/27/2016,KENTUCKY,9,,,BP,,https://vimeo.com/509099719
Kentucky Winter Mixed (2021),2021-02-09,634,CH,ANOTHERMANICMONDAY,F,STRONG MANDATE,ALFREDA,STRONG CONTENDER,STUART MORRIS AGENT VII,CHAPPELL RACING LLC DAN PREISS AGENT,10000,,04/27/2018,KENTUCKY,4,,,RB,,
Kentucky Winter Mixed (2021),2021-02-09,635,CH,,F,MUNNINGS,FREUDIE ANNE,FREUD,HUNTER VALLEY FARM AGENT,CHERRY KNOLL FARM,130000,,03/13/2020,NEW YORK,7,,,Y,,
Kentucky Winter Mixed (2021),2021-02-09,636,B,SHANNON FAITH,M,DISCREET CAT,JESSI TAKE CHARGE,WAR CHANT,BALLYSAX BLOODSTOCK AGENT XLV,SHANNON BLODDSTOCK,27000,,03/03/2011,PENNSYLVANIA,6,,,B,,
Kentucky Winter Mixed (2021),2021-02-09,637,B,ZUMURUDEE,G,STORMY ATLANTIC,VOTING RIGHT (FR),HIGH CHAPARRAL (IRE),BUCKLAND SALES (ZACH MADDEN) AGENT XXVI,CRAIG WHITLOW,4000,,03/18/2014,KENTUCKY,10,,,RP,,
Kentucky Winter Mixed (2021),2021-02-09,638,B,GESTURE,F,TAPITURE,J P'S FLASHY HONEY,FLASHY BULL,BUCKLAND SALES (ZACH MADDEN) AGENT XXVI,JAMI POOLE,1000,,03/04/2017,KENTUCKY,10,,,RB,,
Kentucky Winter Mixed (2021),2021-02-09,639,B,ASGOODSHESHOULDBE,F,TONALIST,BIRD FU,FUSAICHI PEGASUS,BLAKE-ALBINA THOROUGHBRED SERVICES LLC AGENT VI,OUT,0,,02/28/2018,KENTUCKY,11,,,RB,,
Kentucky Winter Mixed (2021),2021-02-09,640,B,FIFTYSHAYS OFGREEN,F,BERNARDINI,DIVINE DISPATCH,TOUCH GOLD,TAYLOR MADE SALES AGENCY AGENT XX,ST ELIAS STABLES LLC,400000,,04/20/2017,KENTUCKY,2,,,BP,,https://youtu.be/vKmvqHYCqTs
Kentucky Winter Mixed (2021),2021-02-09,641,DKB,NAUGHTY MABEL,F,AWESOME AGAIN,REVELETTE,MIZZEN MAST,HILL 'N' DALE SALES AGENCY AGENT,COLD SNACKS,5000,,03/02/2018,KENTUCKY,3,,,RB,,
Kentucky Winter Mixed (2021),2021-02-09,642,B,DAME COMMANDER,F,WAR FRONT,TREASURE TRAIL,PULPIT,FOUR STAR SALES AGENT,ST ELIAS STABLES LLC,150000,,04/02/2018,KENTUCKY,4,,,RB,,https://youtu.be/zrITLWElWOM
Kentucky Winter Mixed (2021),2021-02-09,643,GRR,MONTANA PRETTY,F,FROSTED,TENACIOUS TINA,BENCHMARK,LANE'S END AGENT,OUT,0,,05/11/2018,KENTUCKY,1,,,RB,,
Kentucky Winter Mixed (2021),2021-02-09,644,DKB,CONVENTIONALWISDOM,F,FLINTSHIRE (GB),PERFECT STEP (IRE),IFFRAAJ (GB),LANE'S END AGENT,MATTHEW MARTINEZ,6000,,03/22/2018,KENTUCKY,1,,,RB,,https://youtu.be/DqRaT2NhFPs
Kentucky Winter Mixed (2021),2021-02-09,645,B,BALLYBRACK LASS,M,SUPER SAVER,IM SO FINE,ELUSIVE QUALITY,JAMES B. KEOGH (GROVENDALE) AGENT XXX,KATIE LISOWSKI,5000,,02/20/2016,KENTUCKY,9,,,RB,,
Kentucky Winter Mixed (2021),2021-02-09,646,B,NOT IN JEOPARDY,M,THE FACTOR,ALEX'S ALLURE,SKY CLASSIC,TAYLOR MADE SALES AGENCY AGENT XXI,BILL REIGHTLER AGENT FOR GREGORY TATUM,95000,,02/04/2015,KENTUCKY,2,,,BP,,
Kentucky Winter Mixed (2021),2021-02-09,647,CH,,F,ACCELERATE,IN A CLOUD,ELUSIVE QUALITY,LEGACY BLOODSTOCK AGENT XI,OUT,0,,03/16/2020,KENTUCKY,10,,,Y,,
Kentucky Winter Mixed (2021),2021-02-09,648,B,MUSIC THUNDER,M,DISTORTED HUMOR,REFLECT THE MUSIC,A.P. INDY,LEGACY BLOODSTOCK AGENT FOR ESTATE OF K.C. GARRETT FARM LLC & PETER SHEPPELL THOROUGHBREDS,SPRINGHILL TB FARM,20000,,03/13/2009,KENTUCKY,10,MOR SPIRIT,2020-05-16,B,,
Kentucky Winter Mixed (2021),2021-02-09,649,DKB,SWEET UPROAR,F,CANDY RIDE (ARG),FOREST UPROAR,FOREST WILDCAT,PARAMOUNT SALES AGENT IX,OUT,0,,04/03/2017,ONTARIO,5,,,RB,,
Kentucky Winter Mixed (2021),2021-02-09,650,B,HELIA,F,OUTWORK,WHOBABYDATIZ,BOSTON HARBOR,HUNTER VALLEY FARM AGENT,NICK NOSOWENKO,4500,,03/02/2018,KENTUCKY,7,,,RB,,
Kentucky Winter Mixed (2021),2021-02-09,651,CH,GRAND SLAM KITTEN,M,KITTEN'S JOY,EASY SLAM,GRAND SLAM,VINERY SALES AGENT XXVI,JOE CASTILLO,8000,,04/12/2008,KENTUCKY,14&15,MIDSHIPMAN,2020-04-23,B,,
Kentucky Winter Mixed (2021),2021-02-09,652,DKB,LEE ANN W,M,MR. GREELEY,RED DIADEM (GB),PIVOTAL (GB),VINERY SALES AGENT XXVI,COLLIER MATHES,10000,,02/11/2010,KENTUCKY,14&15,RACE DAY,2020-03-21,B,,
Kentucky Winter Mixed (2021),2021-02-09,653,CH,CITY TAP,F,TAPIT,URBAN BALL (IRE),GALILEO (IRE),TAYLOR MADE SALES AGENCY AGENT XI,HENLEY FARMS INC.,57000,,04/19/2018,KENTUCKY,2,,,BP,,https://youtu.be/Z5_3mQldqn4
Kentucky Winter Mixed (2021),2021-02-09,654,GRR,PLAYIN N TRAFFIC,M,CROSS TRAFFIC,RUN LIKE MARTHA,JOLIE'S HALO,MOONESTONE SALES AGENT,OUT,0,,03/12/2016,LOUISIANA,10,,,BP,,
Kentucky Winter Mixed (2021),2021-02-09,655,B,GALILEO'S MELODY,M,GALILEO (IRE),GRANDE MELODY (IRE),GRAND LODGE,LEGACY BLOODSTOCK AGENT FOR ESTATE OF DANIEL KESSLER (K.C. GARRETT FARM LLC),CHAMPION EQUINE LLC,55000,,05/28/2015,KENTUCKY,10,FLATTER,2020-03-25,B,,
Kentucky Winter Mixed (2021),2021-02-09,656,DKB,,F,CROSS TRAFFIC,MUSIC THUNDER,DISTORTED HUMOR,LEGACY BLOODSTOCK AGENT FOR ESTATE OF K.C. GARRETT FARM LLC & PETER SHEPPELL THOROUGHBREDS,JOE CASTILLO,9000,,05/01/2020,OHIO,10,,,Y,,
Kentucky Winter Mixed (2021),2021-02-09,657,B,SASSY CHUB,M,HEY CHUB,SASSY BROAD,ARCH,TAYLOR MADE SALES AGENCY AGENT XXII,WYNWOOD THOROUGHBREDS,4000,,04/03/2014,NEW JERSEY,2,,,BP,,
Kentucky Winter Mixed (2021),2021-02-09,658,B,,F,HIT IT A BOMB,MALIBU COVE,MALIBU MOON,BALDWIN BLOODSTOCK AGENT IV,NOT SOLD,47000,,02/06/2019,KENTUCKY,13,,,RP,,
Kentucky Winter Mixed (2021),2021-02-09,659,B,,F,SPEIGHTSTOWN,DIAMOND DONA,BERNARDINI,BLUEWATER SALES LLC AGENT III,OUT,0,,05/02/2020,NEW YORK,8,,,Y,,https://vimeo.com/509104812
Kentucky Winter Mixed (2021),2021-02-09,660,DKB,,C,EXAGGERATOR,LADY ACCLAMATION,ACCLAMATION,BILL MURPHY AGENT IV,FRANKLYN LINDSEY & LETICIA VAQUERA SAUCEDO,8000,,03/27/2020,KENTUCKY,13,,,Y,,
Kentucky Winter Mixed (2021),2021-02-09,661,DKB,FROZEN MUSIC,M,LANGFUHR,WILD LUCY BLACK,WILD AGAIN,TAYLOR MADE SALES AGENCY AGENT XXIII,HUTCH HOLSAPPLE,3000,,04/23/2005,ONTARIO,2,CARPE DIEM,2020-04-23,B,,
Kentucky Winter Mixed (2021),2021-02-09,662,B,SING ALONG SUZY,F,FIRST SAMURAI,MOONLIGHT LADY,MALIBU MOON,BROOKDALE SALES AGENT,DANNY R CALDWELL,10000,,03/09/2017,VIRGINIA,2,,,RB,,
Kentucky Winter Mixed (2021),2021-02-09,663,DKB,TROPICAL STORM EM,M,SCAT DADDY,LITTLE ROCKET,YES IT'S TRUE,SOUTH POINT SALES AGENCY AGENT IX,NOT SOLD,14000,,04/03/2016,NEW YORK,9,,,BP,,https://vimeo.com/509099506
Kentucky Winter Mixed (2021),2021-02-09,664,B,MALIBU CAT,M,MALIBU MOON,CATRAGEOUS,TALE OF THE CAT,SOUTH POINT SALES AGENCY AGENT VIII,OUT,0,,04/15/2016,KENTUCKY,9,,,BP,,https://vimeo.com/509099249
Kentucky Winter Mixed (2021),2021-02-09,665,DKB,BABYBEL,F,BODEMEISTER,PANGBURN,CONGRATS,JAMES M. HERBENER JR. AGENT VII,OUT,0,,03/21/2017,KENTUCKY,11,,,BP,,
Kentucky Winter Mixed (2021),2021-02-09,667,B,DISOBEDIENT,F,INTO MISCHIEF,SCA DOODLE,SCAT DADDY,BLUEWATER SALES LLC AGENT VII,OUT,0,,03/20/2017,KENTUCKY,8,,,BP,,
Kentucky Winter Mixed (2021),2021-02-09,668,DKB,ZOOLOGY,F,ANIMAL KINGDOM,MISS CHAPIN,ROYAL ACADEMY,MILL RIDGE SALES AGENT,WALMAC/GARY BROAD,50000,,04/08/2017,KENTUCKY,1,,,BP,,
Kentucky Winter Mixed (2021),2021-02-09,669,DKB,SAMANDAH,M,PIONEEROF THE NILE,WASHINGTON BRIDGE,YANKEE GENTLEMAN,PARAMOUNT SALES AGENT XVIII,NOT SOLD,42000,,04/09/2016,KENTUCKY,5,,,BP,,https://vimeo.com/507937137
Kentucky Winter Mixed (2021),2021-02-09,670,B,MAQBOOLA,M,TAMAYUZ (GB),ASIYA,DAAHER,HUNTER VALLEY FARM AGENT,NOT SOLD,195000,,02/16/2016,KENTUCKY,7,GOOD MAGIC,2020-03-24,B,,https://vimeo.com/507779666
Kentucky Winter Mixed (2021),2021-02-09,671,DKB,GOLD STANDARD,M,MEDAGLIA D'ORO,MI VIDA,DISTORTED HUMOR,GAINESWAY AGENT FOR STONESTREET & LNJ FOXWOODS,STONESTREET THBRD HOLDINGS LLC,435000,,04/25/2016,KENTUCKY,6,,,BP,,https://vimeo.com/509310977
Kentucky Winter Mixed (2021),2021-02-09,672,DKB,HELLO HOT ROD,C,MOSLER,HELLO NOW,TIZNOW,ELITE AGENT,GEORGE SHARP,335000,,05/14/2018,MARYLAND,8,,,RP,,
Kentucky Winter Mixed (2021),2021-02-09,673,CH,YES I'M LOOKING,F,LOOKIN AT LUCKY,TRUE RELIGION,YES IT'S TRUE,BUCKLAND SALES (ZACH MADDEN) AGENT XXVI,CEDAR STABLES,5500,,04/20/2017,KENTUCKY,10,,,RB,,
Kentucky Winter Mixed (2021),2021-02-09,674,CH,AMICI,F,KITTEN'S JOY,HOLD IT,DISCREET CAT,HILL 'N' DALE SALES AGENCY AGENT,RAIDA L M BAKER,3500,,04/11/2018,KENTUCKY,3,,,RB,,
Kentucky Winter Mixed (2021),2021-02-09,675,B,SAGUARO ROW,M,UNION RAGS,CHARLIE GIRL,INDIAN CHARLIE,BLAKE-ALBINA THOROUGHBRED SERVICES LLC AGENT VII,CATHERINE HUDSON AGENT,500000,,02/13/2015,KENTUCKY,11,,,RB,,https://vimeo.com/509314706
