SALE TITLE,SESSION,HIP,COLOR,SEX,SIRE,DAM,SIRE OF DAM,PROPERTY LINE,PURCHASER,PRICE,PRIVATE SALE,YEAR OF BIRTH,FOALED,BARN,COVER DATE,SOLD AS DESCRIPTION,VIRTUAL INSPECTION
Midlantic May Two-Year-Olds in Training (2024),2024-05-20,1,B,C,KHOZAN,E BUILT THIS CITY,CITY ZIP,TOM MCCROCKLIN AGENT,OUT,0,,05/13/2022,FLORIDA,D&E,,,,,,
Midlantic May Two-Year-Olds in Training (2024),2024-05-20,2,CH,F,IMPROBABLE,ELABORATE,CHEROKEE RUN,ROYAL BLOODSTOCK SALES LLC AGENT II,OUT,0,,04/26/2022,KENTUCKY,B,,,,,,
Midlantic May Two-Year-Olds in Training (2024),2024-05-20,3,CH,F,FROSTED,EMMA CARLY,UNBRIDLED'S SONG,TOP LINE SALES LLC AGENT VI,NOT SOLD,47000,,04/28/2022,KENTUCKY,E&F,,,,10.4,https://www.youtube.com/watch?v=7oI4qUp8D18,
Midlantic May Two-Year-Olds in Training (2024),2024-05-20,4,B,F,LAOBAN,E MOON,MALIBU MOON,JAMES LAYDEN AGENT,OUT,0,,04/04/2022,KENTUCKY,D,,,,,,
Midlantic May Two-Year-Olds in Training (2024),2024-05-20,5,DKB,C,GUNNEVERA,EMOTIONAL ROAR,ROAR OF THE TIGER,DE MERIC SALES AGENT,ARTHUR HOYEAU AGENT,170000,,03/20/2022,FLORIDA,I&J,,,,10.2,https://www.youtube.com/watch?v=Z2LGWBRgBWM,
Midlantic May Two-Year-Olds in Training (2024),2024-05-20,6,DKB,F,GHOSTZAPPER,EMPRESS ERICA,EMPIRE MAKER,EDDIE WOODS AGENT LI,OUT,0,,04/15/2022,KENTUCKY,J&K,,,,,,
Midlantic May Two-Year-Olds in Training (2024),2024-05-20,7,B,F,MCKINZIE,EMRATA,TAPIT,PAUL SHARP AGENT II,MICHAEL DUBB,80000,,02/21/2022,KENTUCKY,J&K,,,,10.2,https://www.youtube.com/watch?v=esKSH-Jpdcc,
Midlantic May Two-Year-Olds in Training (2024),2024-05-20,8,CH,C,NYQUIST,ENCHANTRESS,MALIBU MOON,WAVERTREE STABLES INC. (CIARAN DUNNE) AGENT III,NOT SOLD,190000,,03/01/2022,KENTUCKY,T,,,https://vimeo.com/941968725?share=copy,10.3,https://www.youtube.com/watch?v=54JS68mwzbY,
Midlantic May Two-Year-Olds in Training (2024),2024-05-20,9,B,C,INSTAGRAND,EQUITABLE,MALIBU MOON,FAST HORSES AGENT,S.R.O.A. (K.O.I.D.),35000,,05/07/2022,KENTUCKY,J,,,,10.4,https://www.youtube.com/watch?v=fnOKGuUg9RM,
Midlantic May Two-Year-Olds in Training (2024),2024-05-20,10,B,F,LIAM'S MAP,ESTORIL,INTO MISCHIEF,CAMELOT ACRES RACING & SALES AGENT I,SAINTSBURY FARMS,295000,,02/22/2022,KENTUCKY,I,,,https://vimeo.com/944038793,10.1,https://www.youtube.com/watch?v=UB8JSsgulTY,
Midlantic May Two-Year-Olds in Training (2024),2024-05-20,11,B,F,MO TOWN,EURASIA,PIONEEROF THE NILE,WHITE PINE THOROUGHBREDS,OUT,0,,02/22/2022,KENTUCKY,T,,,https://vimeo.com/944608338?share=copy,10.4,https://www.youtube.com/watch?v=bpotZiob624,
Midlantic May Two-Year-Olds in Training (2024),2024-05-20,12,CH,F,VOLATILE,EXCHANGE CAT,EXCHANGE RATE,HARTLEY/DE RENZO THOROUGHBREDS AGENT,JONES/EVERETT FOR ARNMORE THOROUGHBREDS LLC,250000,,03/14/2022,KENTUCKY,A&I,,,,10,https://www.youtube.com/watch?v=A2Jil_r6zY4,
Midlantic May Two-Year-Olds in Training (2024),2024-05-20,13,B,C,VOLATILE,EXCLUDE (GB),INCLUDE,DE MERIC SALES AGENT,NOT SOLD,47000,,04/27/2022,KENTUCKY,I&J,,,,11,https://www.youtube.com/watch?v=ZKr83rP7wDo,
Midlantic May Two-Year-Olds in Training (2024),2024-05-20,14,B,F,FIRST DUDE,EXPECT NOTHING,A. P JET,BEST A LUCK FARM LLC,OUT,0,,01/28/2022,FLORIDA,I,,,,,,
Midlantic May Two-Year-Olds in Training (2024),2024-05-20,15,CH,F,GUN RUNNER,EYE OF TAURUS,ALDEBARAN,SBM TRAINING AND SALES AGENT,NOT SOLD,190000,,04/26/2022,KENTUCKY,K&L,,,,10.4,https://www.youtube.com/watch?v=FKanJBWhcSk,
Midlantic May Two-Year-Olds in Training (2024),2024-05-20,16,B,C,GAME WINNER,EYEPOPNRUBY,TAKE ME OUT,TOP LINE SALES LLC AGENT XXI,OUT,0,,02/11/2022,KENTUCKY,E&F,,,,,,
Midlantic May Two-Year-Olds in Training (2024),2024-05-20,17,B,C,INSTAGRAND,E Z PASSER,SOUTHERN IMAGE,SBM TRAINING AND SALES AGENT,MCMAHON & HILL BLOODSTOCK LLC,60000,,02/10/2022,NEW YORK,K&L,,,,10.3,https://www.youtube.com/watch?v=NGEGfJK_x_A,
Midlantic May Two-Year-Olds in Training (2024),2024-05-20,18,DKB,C,MENDELSSOHN,FAITHFUL DREAM,UNCLE MO,WHITE PINE THOROUGHBREDS,JUAN C. AVILA,37000,,03/12/2022,KENTUCKY,T,,,https://vimeo.com/944609272?share=copy,10.4,https://www.youtube.com/watch?v=O9gT9pjmr-o,
Midlantic May Two-Year-Olds in Training (2024),2024-05-20,19,DKB,C,HONOR A. P.,FAMILY MYTH,ARTIE SCHILLER,BRYAN FORD TRAINING STABLE LLC AGENT VII,OUT,0,,04/14/2022,KENTUCKY,G,,,,10.4,https://www.youtube.com/watch?v=Y2wO1Sw1YZs,
Midlantic May Two-Year-Olds in Training (2024),2024-05-20,20,B,C,INSTAGRAND,FANCY DIAMOND,EASTERN ECHO,BALLYERIN RACING AGENT,BRUNO SCHICKEDANZ,65000,,03/08/2022,MARYLAND,K,,,,10.3,https://www.youtube.com/watch?v=CTiw5mrc9oc,
Midlantic May Two-Year-Olds in Training (2024),2024-05-20,21,DKB,C,PRACTICAL JOKE,FANCY LOVE,NOT FOR LOVE,PAUL SHARP AGENT III,RANDOM CHANCE RACING LLC,40000,,02/23/2022,MARYLAND,J&K,,,,11.1,https://www.youtube.com/watch?v=jdn5_LAOf6M,
Midlantic May Two-Year-Olds in Training (2024),2024-05-20,22,DKB,F,ENTICED,FARCE,POLITICAL FORCE,GOLDEN ROCK THOROUGHBREDS AGENT,JOHN MARCEDA,4000,,02/09/2022,KENTUCKY,K,,,,11,https://www.youtube.com/watch?v=dnyHCtejetA,
Midlantic May Two-Year-Olds in Training (2024),2024-05-20,23,B,F,VINO ROSSO,FEAR THIS,GHOSTZAPPER,DE MERIC SALES AGENT,MARK GLATT AGENT,190000,,02/24/2022,NEW YORK,I&J,,,,10.3,https://www.youtube.com/watch?v=jeqiwGq-9hI,
Midlantic May Two-Year-Olds in Training (2024),2024-05-20,24,B,F,TOM'S D'ETAT,FIERCELY,HARD SPUN,PAUL SHARP AGENT III,S.R.O.A. (K.O.I.D.),35000,,02/23/2022,KENTUCKY,J&K,,,https://vimeo.com/945838381?share=copy,10.3,https://www.youtube.com/watch?v=wTPI6Ory4pU,
Midlantic May Two-Year-Olds in Training (2024),2024-05-20,25,B,F,MR. MONOMOY,FIERY DANCER,ATTICUS,LITTLE FARM EQUINE LLC AGENT,MARJORIE J STRIETER,10000,,04/07/2022,NEW YORK,D,,,,10.4,https://www.youtube.com/watch?v=BL_MYuYeYYo,
Midlantic May Two-Year-Olds in Training (2024),2024-05-20,26,B,F,BOLT D'ORO,FINAL REWARD,ARCH,DE MERIC SALES AGENT,MY RACEHORSE & MARQUEE BLSK.,450000,,04/09/2022,KENTUCKY,I&J,,,,10.2,https://www.youtube.com/watch?v=xXaQ7-Cecg0,
Midlantic May Two-Year-Olds in Training (2024),2024-05-20,27,GRR,C,VOLATILE,FIRST CHARMER,SMART STRIKE,NIALL BRENNAN STABLES AGENT I,OUT,0,,05/13/2022,NEW YORK,K,,,,,,
Midlantic May Two-Year-Olds in Training (2024),2024-05-20,28,B,C,LOOKIN AT LUCKY,FIVE DIAMONDS,FLATTER,NIALL BRENNAN STABLES AGENT XI,OUT,0,,03/15/2022,PENNSYLVANIA,K,,,,,,
Midlantic May Two-Year-Olds in Training (2024),2024-05-20,29,B,F,NO NAY NEVER,FIXED GAZE,SPEIGHTSTOWN,PICK VIEW LLC AGENT,NOT SOLD,200000,,04/29/2022,IRE,T,,,https://vimeo.com/945279048,10.3,https://www.youtube.com/watch?v=Ccrr8z6gCr4,
Midlantic May Two-Year-Olds in Training (2024),2024-05-20,30,DKB,C,TWIRLING CANDY,FLASH OF WONDER,TIZ WONDERFUL,SCANLON TRAINING & SALES AGENT V,FLURRY RACING STABLES,180000,,05/06/2022,KENTUCKY,T,,,,10.2,https://www.youtube.com/watch?v=U88Dm4liM_4,
Midlantic May Two-Year-Olds in Training (2024),2024-05-20,31,B,C,CATALINA CRUISER,FOREST FASHION,FOREST WILDCAT,EDDIE WOODS AGENT XXXVII,OUT,0,,04/08/2022,KENTUCKY,J&K,,,,,,
Midlantic May Two-Year-Olds in Training (2024),2024-05-20,32,B,F,VINO ROSSO,FORTUNIA,LEROIDESANIMAUX (BRZ),SHAMROCK STABLE,NOT SOLD,37000,,02/22/2022,KENTUCKY,C,,,,11,https://www.youtube.com/watch?v=TK64C4ZUekE,
Midlantic May Two-Year-Olds in Training (2024),2024-05-20,33,B,F,MCKINZIE,FOURSCOREANDSEVEN,COLONEL JOHN,BRYAN FORD TRAINING STABLE LLC AGENT V,CHRISTINA R. JELM FOR BERGERMEISTER LLC,60000,,04/07/2022,NEW YORK,G,,,,10.4,https://www.youtube.com/watch?v=FIXmXSObPb8,
Midlantic May Two-Year-Olds in Training (2024),2024-05-20,34,DKB,F,HONOR A. P.,FRAZIER'S FINEST,FORMAL DINNER,TOP LINE SALES LLC AGENT XXIII,OUT,0,,04/08/2022,KENTUCKY,E&F,,,,,,
Midlantic May Two-Year-Olds in Training (2024),2024-05-20,35,GRR,F,STREET SENSE,FREE COVER,CONGRATS,DE MERIC SALES AGENT,OUT,0,,04/29/2022,LOUISIANA,I&J,,,,10.4,https://www.youtube.com/watch?v=F4ga-B23KCw,
Midlantic May Two-Year-Olds in Training (2024),2024-05-20,36,B,F,HONOR A. P.,FREE MONEY,STREET SENSE,STERLING THOROUGHBREDS AGENT,OUT,0,,04/17/2022,KENTUCKY,G,,,,,,
Midlantic May Two-Year-Olds in Training (2024),2024-05-20,37,CH,C,PAT ON THE BACK,FRINGE BENEFITS,CAPE BLANCO (IRE),KINGS EQUINE AGENT,TYLER SERVIS AGENT,20000,,05/18/2022,PENNSYLVANIA,T,,,,10.4,https://www.youtube.com/watch?v=tCv03Tw9I2c,
Midlantic May Two-Year-Olds in Training (2024),2024-05-20,38,DKB,C,FOG OF WAR,FUJIANA,FUSAICHI PEGASUS,RICEHORSE STABLE AGENT,OUT,0,,02/04/2022,NEW YORK,K,,,,,,
Midlantic May Two-Year-Olds in Training (2024),2024-05-20,39,DKB,C,WAR OF WILL,FULL OF ZIP,CITY ZIP,TOM MCCROCKLIN AGENT,JEFF MACKOR AGENT,170000,,04/14/2022,KENTUCKY,D&E,,,,10.2,https://www.youtube.com/watch?v=Bw5u7qxFVYw,
Midlantic May Two-Year-Olds in Training (2024),2024-05-20,40,GRR,C,VOLATILE,FULLY EQUIPPED,MORE THAN READY,CRANE THOROUGHBRED SERVICES AGENT,MICHAEL HEITZMANN,37500,,05/15/2022,FLORIDA,K&L,,,,10.2,https://www.youtube.com/watch?v=x6pBql7xNzY,
Midlantic May Two-Year-Olds in Training (2024),2024-05-20,41,B,F,UNCLE MO,GABRIELLESTOBLAME,BLAME,PICK VIEW LLC AGENT,OUT,0,,03/23/2022,FLORIDA,T,,,https://vimeo.com/945278967,11.1,https://www.youtube.com/watch?v=HsMz_WUY-eI,
Midlantic May Two-Year-Olds in Training (2024),2024-05-20,42,B,C,VIOLENCE,GAUDETE,DISTORTED HUMOR,LITTLE FARM EQUINE LLC AGENT,SETH MORRIS,30000,Y,05/22/2022,KENTUCKY,D,,,,11.1,https://www.youtube.com/watch?v=FWfoqKmdDyU,
Midlantic May Two-Year-Olds in Training (2024),2024-05-20,43,GRR,F,FROSTED,GEM,ELUSIVE QUALITY,RICEHORSE STABLE AGENT,OUT,0,,03/30/2022,VIRGINIA,K,,,,,,
Midlantic May Two-Year-Olds in Training (2024),2024-05-20,44,DKB,C,BIG BROWN,GEMINI WITCH,GEMOLOGIST,PAUL SHARP AGENT IV,OUT,0,,04/06/2022,NEW YORK,J&K,,,,,,
Midlantic May Two-Year-Olds in Training (2024),2024-05-20,45,DKB,C,MACLEAN'S MUSIC,GENTLE TOUCH,KITTEN'S JOY,PIKE RACING AT HIGHLANDER AGENT IV,NEWT DOBBS,205000,,03/26/2022,KENTUCKY,H,,,,10.2,https://www.youtube.com/watch?v=mGSonm6dUFE,
Midlantic May Two-Year-Olds in Training (2024),2024-05-20,46,DKB,C,THOUSAND WORDS,GEORGIA,TIZ WONDERFUL,SHAMROCK STABLE,CHRISTINA R. JELM AGENT FOR MIKE PUHICH,190000,,04/13/2022,KENTUCKY,C,,,,10.1,https://www.youtube.com/watch?v=VXT7Kh3VkqY,
Midlantic May Two-Year-Olds in Training (2024),2024-05-20,47,CH,F,IMPROBABLE,GEORGIE'S ANGEL,BELLAMY ROAD,DE MERIC SALES AGENT,OUT,0,,04/21/2022,NEW YORK,I&J,,,,,,
Midlantic May Two-Year-Olds in Training (2024),2024-05-20,48,DKB,C,CLOUD COMPUTING,GETTING ON,TRAPPE SHOT,SEQUEL BLOODSTOCK AGENT I,JOHN SERVIS AGENT,65000,,02/15/2022,KENTUCKY,H,,,https://vimeo.com/940386824?share=copy,10.3,https://www.youtube.com/watch?v=vs7dlv7rnzw,
Midlantic May Two-Year-Olds in Training (2024),2024-05-20,49,DKB,F,MCKINZIE,GHOST FLOWER,GHOSTZAPPER,NIALL BRENNAN STABLES AGENT IX,WATKINS DIAMOND STABLE (JAMES WATKINS),33000,,03/01/2022,KENTUCKY,K,,,https://youtu.be/GqO2-Bqdm9o,11.1,https://www.youtube.com/watch?v=KL4YsTVfw4s,
Midlantic May Two-Year-Olds in Training (2024),2024-05-20,50,B,F,INSTAGRAND,GIA LULA,GIO PONTI,JAMES LAYDEN AGENT,OUT,0,,04/20/2022,ONTARIO,D,,,,,,
Midlantic May Two-Year-Olds in Training (2024),2024-05-20,51,B,F,CENTRAL BANKER,GIANT STELLA,GIANT SURPRISE,GRASSROOTS TRAINING AND SALES LLC AGENT,CHRIS ENGLEHART AGT.,55000,,04/17/2022,NEW YORK,I,,,,10.3,https://www.youtube.com/watch?v=uMTJ4IRPXqU,
Midlantic May Two-Year-Olds in Training (2024),2024-05-20,52,CH,F,HARD SPUN,GIRLABOUTOWN,A.P. INDY,SEQUEL BLOODSTOCK AGENT FOR CHESTER AND MARY BROMAN,OUT,0,,05/14/2022,NEW YORK,H,,,,,,
Midlantic May Two-Year-Olds in Training (2024),2024-05-20,53,B,F,INSTILLED REGARD,GLOOMY I'M KNOT,D'WILDCAT,SEQUEL BLOODSTOCK AGENT IV,MORRIS BAILEY,100000,,05/14/2022,NEW YORK,H,,,https://vimeo.com/940387200?share=copy,10.2,https://www.youtube.com/watch?v=Mq5JHEVQnmU,
Midlantic May Two-Year-Olds in Training (2024),2024-05-20,54,DKB,C,PRACTICAL JOKE,GOLDEN MYSTERY,AWESOME AGAIN,TOM MCCROCKLIN AGENT,NOT SOLD,295000,,03/05/2022,NEW YORK,D&E,,,,10.2,https://www.youtube.com/watch?v=Bc31AQGthqQ,
Midlantic May Two-Year-Olds in Training (2024),2024-05-20,55,CH,F,JUSTIFY,GOLDEN STAR LADY,CANDY RIDE (ARG),SCANLON TRAINING & SALES AGENT III,OUT,0,,03/27/2022,KENTUCKY,T,,,,,,
Midlantic May Two-Year-Olds in Training (2024),2024-05-20,56,CH,F,MUNNINGS,GOLD MEDAL DANCER,MEDAGLIA D'ORO,TOM MCCROCKLIN AGENT,LAEL STABLE,400000,,04/04/2022,KENTUCKY,D&E,,,,10.2,https://www.youtube.com/watch?v=0-c-gnFoATU,
Midlantic May Two-Year-Olds in Training (2024),2024-05-20,57,CH,C,IMPROBABLE,GOLD SERENADE,MEDAGLIA D'ORO,DE MERIC SALES AGENT,JEFF PLOTKIN,20000,,03/21/2022,KENTUCKY,I&J,,,,11,https://www.youtube.com/watch?v=yAkFs5uWTcA,
Midlantic May Two-Year-Olds in Training (2024),2024-05-20,58,DKB,F,FLAMEAWAY,GOLD ZIPPER,CITY ZIP,TOM MCCROCKLIN AGENT,RANDI PERSAUD,2000,,02/26/2022,NEW YORK,D&E,,,,10.4,https://www.youtube.com/watch?v=H3G3cJWEbrQ,
Midlantic May Two-Year-Olds in Training (2024),2024-05-20,59,B,C,AUTHENTIC,GOMO,UNCLE MO,HARTLEY/DE RENZO THOROUGHBREDS AGENT,WEST BLOODSTOCK AGENT FOR ROBERT & LOWANA LOW,350000,,04/02/2022,FLORIDA,A&I,,,,21.1,https://www.youtube.com/watch?v=CCHUbxc0jOY,
Midlantic May Two-Year-Olds in Training (2024),2024-05-20,60,CH,F,VEKOMA,GRACE'S TREASURE,ROCKPORT HARBOR,HIDDEN BROOK AGENT V,OUT,0,,02/06/2022,NEW YORK,K,,,,,,
Midlantic May Two-Year-Olds in Training (2024),2024-05-20,61,CH,F,GAME WINNER,GRACILIA,MR. GREELEY,KINGS EQUINE AGENT,OUT,0,,03/27/2022,NEW YORK,T,,,,,,
Midlantic May Two-Year-Olds in Training (2024),2024-05-20,62,B,C,UNION RAGS,GREATER PLAN,SECRET CIRCLE,MASON SPRINGS PARTNERSHIP,DAVID PORTO,15000,Y,03/10/2022,KENTUCKY,J,,,,11,https://www.youtube.com/watch?v=9WB6xh4rXlw,
Midlantic May Two-Year-Olds in Training (2024),2024-05-20,63,B,C,CINCO CHARLIE,GRIMACE,VINDICATION,SBM TRAINING AND SALES AGENT,OSCAR MANCILLA JR.,15000,,04/29/2022,KENTUCKY,K&L,,,,10.4,https://www.youtube.com/watch?v=WdN57qnSEf0,
Midlantic May Two-Year-Olds in Training (2024),2024-05-20,64,B,C,SPUN TO RUN,GYPSY ANGEL,SILVER TRAIN,SEQUEL BLOODSTOCK AGENT II,OUT,0,,03/23/2022,NEW YORK,H,,,,,,
Midlantic May Two-Year-Olds in Training (2024),2024-05-20,65,GRR,C,VEKOMA,GYPSY GREY,GIANT'S CAUSEWAY,TOM MCCROCKLIN AGENT,HARRIS FARMS INC.,47000,,03/09/2022,KENTUCKY,D&E,,,,10.4,https://www.youtube.com/watch?v=k6jzefAEaOI,
Midlantic May Two-Year-Olds in Training (2024),2024-05-20,66,B,F,PRACTICAL JOKE,HAPPY HOUR HONEY,LEROIDESANIMAUX (BRZ),MASON SPRINGS LLC AGENT II,GRACIE MAE STABLE,60000,,02/05/2022,KENTUCKY,J,,,,10.2,https://www.youtube.com/watch?v=hGNvgrF-fkk,
Midlantic May Two-Year-Olds in Training (2024),2024-05-20,67,CH,C,VEKOMA,HAPPY NOW,MR. GREELEY,LG AGENT,NOT SOLD,195000,,04/14/2022,KENTUCKY,A,,,,21.3,https://www.youtube.com/watch?v=ox2JDGMbs40,
Midlantic May Two-Year-Olds in Training (2024),2024-05-20,68,B,C,GLOBAL CAMPAIGN,HARDCORE CAT,WILDCAT HEIR,LG AGENT,OUT,0,,04/21/2022,FLORIDA,A,,,,10.4,https://www.youtube.com/watch?v=aWcbqh52pvA,
Midlantic May Two-Year-Olds in Training (2024),2024-05-20,69,CH,C,THOUSAND WORDS,HEADSTRONG WOMAN,STRONG MANDATE,GRASSROOTS TRAINING AND SALES LLC,FOX AND HARE STABLES,15000,,02/05/2022,KENTUCKY,I,,,,11,https://www.youtube.com/watch?v=rW9FeZBhMTI,
Midlantic May Two-Year-Olds in Training (2024),2024-05-20,70,B,C,COMPLEXITY,HEART OF MIDWAY,STEVIE WONDERBOY,TOP LINE SALES LLC AGENT VII,OUT,0,,03/27/2022,KENTUCKY,E&F,,,https://vimeo.com/944265845,10.4,https://www.youtube.com/watch?v=VT86a-XLTHU,
Midlantic May Two-Year-Olds in Training (2024),2024-05-20,71,GRR,C,HONEST MISCHIEF,HELEN'S TIGER,SMILING TIGER,GOLDEN ROCK THOROUGHBREDS AGENT,MITRE BOX STABLE/ROBERT JACOFF,35000,,05/02/2022,NEW YORK,K,,,,10.3,https://www.youtube.com/watch?v=D20Xi0Z7g5w,
Midlantic May Two-Year-Olds in Training (2024),2024-05-20,72,B,F,VEKOMA,HERE'S TO LIFE,INTO MISCHIEF,KINGS EQUINE AGENT,NOT SOLD,60000,,04/14/2022,KENTUCKY,T,,,,10.2,https://www.youtube.com/watch?v=pICj6PdzA8Y,
Midlantic May Two-Year-Olds in Training (2024),2024-05-20,73,DKB,F,GAME WINNER,HERE TO STAY,EMPIRE MAKER,TOP LINE SALES LLC AGENT XII,RANDI PERSAUD,21000,,05/21/2022,KENTUCKY,E&F,,,,22,https://www.youtube.com/watch?v=QUpGA0r9_yM,
Midlantic May Two-Year-Olds in Training (2024),2024-05-20,74,CH,C,FLAMEAWAY,HICKORY BELLE,UNBRIDLED TIME,WHITE PINE THOROUGHBREDS,ANTHONY PERRI,50000,Y,04/05/2022,KENTUCKY,T,,,https://vimeo.com/944887087?share=copy,10.3,https://www.youtube.com/watch?v=NboyLRFhufY,
Midlantic May Two-Year-Olds in Training (2024),2024-05-20,75,B,F,INTO MISCHIEF,HIGHWAY STAR,GIROLAMO,SEQUEL BLOODSTOCK AGENT FOR CHESTER AND MARY BROMAN,NOT SOLD,245000,,03/28/2022,NEW YORK,H,,,https://vimeo.com/940387507?share=copy,10.2,https://www.youtube.com/watch?v=DY4y1grybc4,
Midlantic May Two-Year-Olds in Training (2024),2024-05-20,76,B,C,MCKINZIE,HOLDERS SEASON,SPEIGHTSTOWN,HARTLEY/DE RENZO THOROUGHBREDS AGENT,OUT,0,,03/01/2022,KENTUCKY,A&I,,,,,,
Midlantic May Two-Year-Olds in Training (2024),2024-05-20,77,B,C,CONSTITUTION,HOLIDAY DISGUISE,HARLAN'S HOLIDAY,GOLDEN ROCK THOROUGHBREDS AGENT,JOSEPH BESECKER,21000,,04/30/2022,NEW YORK,K,,,,10.3,https://www.youtube.com/watch?v=tmsMezTecrI,
Midlantic May Two-Year-Olds in Training (2024),2024-05-20,78,B,C,MALIBU MOON,HONEY'S SOX APPEAL,SUCCESSFUL APPEAL,BRYAN FORD TRAINING STABLE LLC AGENT VIII,OUT,0,,03/17/2022,KENTUCKY,G,,,,,,
Midlantic May Two-Year-Olds in Training (2024),2024-05-20,79,B,C,AUTHENTIC,HONOUR ISABEL,HONOUR AND GLORY,TOM MCCROCKLIN AGENT,LAURA BARRISH,37000,,02/23/2022,FLORIDA,D&E,,,,10.3,https://www.youtube.com/watch?v=VhobIH2cAw4,
Midlantic May Two-Year-Olds in Training (2024),2024-05-20,80,B,C,BOLT D'ORO,HOPEFUL JOY,KITTEN'S JOY,NAVAS EQUINE AGENT,HABLAN LOS CABALLOS,45000,,04/25/2022,KENTUCKY,L,,,https://vimeo.com/945003632,10.2,https://www.youtube.com/watch?v=jxzB6wZ55X4,
Midlantic May Two-Year-Olds in Training (2024),2024-05-20,81,DKB,F,CATALINA CRUISER,HOPEFULLY,TIZNOW,PAUL SHARP AGENT X,OUT,0,,04/12/2022,KENTUCKY,J&K,,,https://vimeo.com/945838566?share=copy,11.1,https://www.youtube.com/watch?v=P-J_ml3J4Bs,
Midlantic May Two-Year-Olds in Training (2024),2024-05-20,82,B,F,NYQUIST,HOT BLOODED GIRL,TAPIT,RANDY MILES AGENT XII,NOT SOLD,72000,,02/27/2022,KENTUCKY,B&C,,,,10.3,https://www.youtube.com/watch?v=qcwyzXsV88A,
Midlantic May Two-Year-Olds in Training (2024),2024-05-20,83,B,F,UNCLE MO,HOT CITY GIRL,CITY ZIP,PIKE RACING AT HIGHLANDER AGENT V,NOT SOLD,490000,,02/18/2022,NEW YORK,H,,,,10.1,https://www.youtube.com/watch?v=OFLaCCC01-s,
Midlantic May Two-Year-Olds in Training (2024),2024-05-20,84,DKB,C,NYQUIST,HOW MY HEART WORKS,NOT FOR LOVE,THOROSTOCK LLC AGENT,OUT,0,,04/26/2022,MARYLAND,J,,,,,,
Midlantic May Two-Year-Olds in Training (2024),2024-05-20,85,CH,F,VOLATILE,HUMMINGBIRD HILL,TAPIT,GOLDEN ROCK THOROUGHBREDS AGENT,GARY CONTESSA AGENT,40000,,04/22/2022,NEW YORK,K,,,,10.4,https://www.youtube.com/watch?v=mZgvaRfTjcU,
Midlantic May Two-Year-Olds in Training (2024),2024-05-20,86,B,C,OMAHA BEACH,ICE WOMEN,STREET SENSE,EDDIE WOODS AGENT VIII,OUT,0,,03/27/2022,INDIANA,J&K,,,,,,
Midlantic May Two-Year-Olds in Training (2024),2024-05-20,87,CH,F,CATHOLIC BOY,IDA CLARK,SPEIGHTSTOWN,TOP LINE SALES LLC AGENT XIV,SERIO RACING STABLES,17000,,04/06/2022,NEW YORK,E&F,,,,11,https://www.youtube.com/watch?v=3b8IKHI5CKQ,
Midlantic May Two-Year-Olds in Training (2024),2024-05-20,88,B,C,LOOKIN AT LUCKY,IDIDN'TTELLAIMEE,MACLEAN'S MUSIC,HOPPEL LLC AGENT,OUT,0,,03/01/2022,NEW YORK,B&C,,,,,,
Midlantic May Two-Year-Olds in Training (2024),2024-05-20,89,DKB,F,CARACARO,I'LL TAKE NOTES,BELGRAVIA,FAST HORSES AGENT,NOT SOLD,37000,,03/20/2022,KENTUCKY,J,,,,10.3,https://www.youtube.com/watch?v=NrBjigTse2o,
Midlantic May Two-Year-Olds in Training (2024),2024-05-20,90,CH,C,COMPLEXITY,IMAGINABLE,GIANT'S CAUSEWAY,FAST HORSES AGENT,OUT,0,,02/23/2022,FLORIDA,J,,,,10.3,https://www.youtube.com/watch?v=AnyHKPPhsQM,
Midlantic May Two-Year-Olds in Training (2024),2024-05-20,91,GRR,F,THE FACTOR,IMAGINARY SAINT,SAINT LIAM,HOPPEL LLC AGENT,BYRDNEST RACING,25000,,03/08/2022,KENTUCKY,B&C,,,,22.3,https://www.youtube.com/watch?v=LFFujyrj3ys,
Midlantic May Two-Year-Olds in Training (2024),2024-05-20,92,B,F,CURLIN,I'M WONDERFUL,GIANT'S CAUSEWAY,DE MERIC SALES AGENT,OUT,0,,05/08/2022,KENTUCKY,I&J,,,,10.4,https://www.youtube.com/watch?v=V1EOatA5PVI,
Midlantic May Two-Year-Olds in Training (2024),2024-05-20,93,DKB,C,CLOUD COMPUTING,INFINITE GRACE,TAPIZAR,TOM MCCROCKLIN AGENT,TOM KOLSCHOWSKY,47000,,03/09/2022,KENTUCKY,D&E,,,,10.4,https://www.youtube.com/watch?v=mt0tmUtFGxc,
Midlantic May Two-Year-Olds in Training (2024),2024-05-20,94,B,C,ECHO TOWN,INGLORIOUS SONG,BROKEN VOW,LITTLE FARM EQUINE LLC AGENT,S.R.O.A. (K.O.I.D.),20000,,05/07/2022,MARYLAND,D,,,,11,https://www.youtube.com/watch?v=T2VljmBEqU4,
Midlantic May Two-Year-Olds in Training (2024),2024-05-20,95,DKB,F,UNCLE MO,INTANGAROO,ORIENTATE,SBM TRAINING AND SALES AGENT,NOT SOLD,145000,,03/25/2022,KENTUCKY,K&L,,,,10.3,https://www.youtube.com/watch?v=H_8Yo7iXaRA,
Midlantic May Two-Year-Olds in Training (2024),2024-05-20,96,B,C,AUTHENTIC,INTENTIONAL CRY,STREET CRY (IRE),WAVERTREE STABLES INC. (CIARAN DUNNE) AGENT XVI,OUT,0,,04/01/2022,KENTUCKY,T,,,,,,
Midlantic May Two-Year-Olds in Training (2024),2024-05-20,97,DKB,C,TOM'S D'ETAT,INTO REALITY,UNTUTTABLE,JULIE DAVIES LLC AGENT,S.R.O.A. (K.O.I.D.),30000,,05/29/2022,VIRGINIA,F&G,,,https://vimeo.com/944975765?share=copy,11,https://www.youtube.com/watch?v=7I_JzqBsspQ,
Midlantic May Two-Year-Olds in Training (2024),2024-05-20,98,DKB,F,CLOUD COMPUTING,INTROVERT,SMARTY JONES,RICEHORSE STABLE AGENT,OUT,0,,05/21/2022,MARYLAND,K,,,,,,
Midlantic May Two-Year-Olds in Training (2024),2024-05-20,99,CH,C,KANTHAROS,IRISH DANZING,DANZA,RICEHORSE STABLE AGENT,OUT,0,,03/30/2022,NEW YORK,K,,,,,,
Midlantic May Two-Year-Olds in Training (2024),2024-05-20,100,CH,C,VOLATILE,ISLAND GALE,SPEIGHTSTOWN,CARY FROMMER LLC AGENT VIII,OUT,0,,03/18/2022,ONTARIO,A&B,,,,,,
Midlantic May Two-Year-Olds in Training (2024),2024-05-20,101,DKB,F,CONSTITUTION,I THEE WED,HARD SPUN,SBM TRAINING AND SALES AGENT,OUT,0,,02/21/2022,KENTUCKY,K&L,,,,,,
Midlantic May Two-Year-Olds in Training (2024),2024-05-20,102,DKB,F,MACLEAN'S MUSIC,IT'S THE TRUTH,YES IT'S TRUE,JULIE DAVIES LLC AGENT,OUT,0,,02/21/2022,NEW YORK,F&G,,,,,,
Midlantic May Two-Year-Olds in Training (2024),2024-05-20,103,GRR,C,CENTRAL BANKER,JAMAICAN GINGER,MARIA'S MON,WES CARTER AGENT FOR CROSSED SABRES FARM,PRINCE AZIZ (NIZAR),15000,,03/31/2022,NEW YORK,F&G,,,,11.1,https://www.youtube.com/watch?v=Ca_lqcdjGvE,
Midlantic May Two-Year-Olds in Training (2024),2024-05-20,104,DKB,C,PRACTICAL JOKE,JAN'S PERFECT STAR,IMPERIALISM,PIKE RACING AT HIGHLANDER AGENT III,NOT SOLD,120000,,04/30/2022,TEXAS,H,,,,10.4,https://www.youtube.com/watch?v=CxNeMKMF3kQ,
Midlantic May Two-Year-Olds in Training (2024),2024-05-20,105,B,F,KHOZAN,JELLY CABLE,SKY MESA,KINGS EQUINE AGENT,GRACIE MAE STABLES,20000,,04/26/2022,FLORIDA,T,,,,10.4,https://www.youtube.com/watch?v=s7MLVdA0Dy4,
Midlantic May Two-Year-Olds in Training (2024),2024-05-20,106,B,F,MENDELSSOHN,JENDA'S AGENDA,PROUD CITIZEN,TOM MCCROCKLIN AGENT,CHRIS WILKINS,150000,,03/01/2022,KENTUCKY,D&E,,,,10.3,https://www.youtube.com/watch?v=5Tz0v6dicbQ,
Midlantic May Two-Year-Olds in Training (2024),2024-05-20,107,CH,C,JUSTIFY,JESSICA KRUPNICK,UNCLE MO,PICK VIEW LLC AGENT,NADIR KHASSANOV,35000,,05/14/2022,KENTUCKY,T,,,,11.2,https://www.youtube.com/watch?v=HvUS5yMr2fk,
Midlantic May Two-Year-Olds in Training (2024),2024-05-20,108,GRR,C,GIFT BOX,JOY,PURE PRIZE,CRANE THOROUGHBRED SERVICES AGENT,CHARLES L BIGGS,70000,,05/05/2022,MARYLAND,K&L,,,,21.3,https://www.youtube.com/watch?v=87ucwj5zRh0,
Midlantic May Two-Year-Olds in Training (2024),2024-05-20,109,GRR,F,FROSTED,JUDY LEGEND,MEDAGLIA D'ORO,BRYAN FORD TRAINING STABLE LLC AGENT IV,M & D STABLE,35000,,02/22/2022,KENTUCKY,G,,,,11,https://www.youtube.com/watch?v=rqLDntWj-a8,
Midlantic May Two-Year-Olds in Training (2024),2024-05-20,110,DKB,C,CATHOLIC BOY,JUST JOYFUL,STREET BOSS,WES CARTER AGENT FOR CROSSED SABRES FARM,RUN FAST AND WIN STABLES LLC,25000,,05/01/2022,KENTUCKY,F&G,,,,11,https://www.youtube.com/watch?v=KXB91hwsoo8,
Midlantic May Two-Year-Olds in Training (2024),2024-05-20,111,CH,C,UNCLE LINO,JUST SAY GOODBYE,NOT FOR LOVE,HOLLY HILL TRAINING CENTER LLC,VALTER M RAMOS,60000,,05/14/2022,MARYLAND,J,,,,10.3,https://www.youtube.com/watch?v=AgdEvValmqg,
Midlantic May Two-Year-Olds in Training (2024),2024-05-20,112,B,F,UNCLE MO,JUST TALKIN,MIDSHIPMAN,WAVERTREE STABLES INC. (CIARAN DUNNE) AGENT IV,P MILLER EQB AGENT,225000,,03/28/2022,KENTUCKY,T,,,https://vimeo.com/941968639?share=copy,10.2,https://www.youtube.com/watch?v=sEjoObroCto,
Midlantic May Two-Year-Olds in Training (2024),2024-05-20,113,B,C,AUDIBLE,JUSTWALKONBY,GIANT'S CAUSEWAY,WES CARTER AGENT FOR CARTER BROTHERS,NOT SOLD,32000,,05/16/2022,KENTUCKY,F&G,,,,10.4,https://www.youtube.com/watch?v=ip_SF9n1DUA,
Midlantic May Two-Year-Olds in Training (2024),2024-05-20,114,B,C,THOUSAND WORDS,KELLY'S PRIZE,PURE PRIZE,JULIE DAVIES LLC AGENT,ZILLA RACING STABLES,100000,,03/29/2022,NEW YORK,F&G,,,https://vimeo.com/944975357?share=copy,10.3,https://www.youtube.com/watch?v=sNtfXC-XAmc,
Midlantic May Two-Year-Olds in Training (2024),2024-05-20,115,GRR,C,MENDELSSOHN,KERRY'S RING,KITTEN'S JOY,WES CARTER AGENT FOR CARTER BROTHERS,TRIN-BROOK STABLE,23000,,03/10/2022,KENTUCKY,F&G,,,,11,https://www.youtube.com/watch?v=XQGwFpcpmO0,
Midlantic May Two-Year-Olds in Training (2024),2024-05-20,116,GRR,C,SPUN TO RUN,KEY ACCOUNT,CANDY RIDE (ARG),GOLDEN ROCK THOROUGHBREDS AGENT,JOHN FANELLI,22000,,02/21/2022,KENTUCKY,K,,,,11,https://www.youtube.com/watch?v=YlI7ZPaDtzM,
Midlantic May Two-Year-Olds in Training (2024),2024-05-20,117,CH,F,DAREDEVIL,KEY COMPONENT,INDIAN CHARLIE,RICEHORSE STABLE AGENT,OUT,0,,03/30/2022,KENTUCKY,K,,,,,,
Midlantic May Two-Year-Olds in Training (2024),2024-05-20,118,B,C,TAPITURE,KEY IS TO WIN,DIXIE UNION,SCANLON TRAINING & SALES AGENT IV,ALICE MCEWEN,75000,,02/09/2022,KENTUCKY,T,,,,10.3,https://www.youtube.com/watch?v=QDQHz6peMaA,
Midlantic May Two-Year-Olds in Training (2024),2024-05-20,119,B,C,UNCLE MO,KIM K,WILL TAKE CHARGE,JULIE DAVIES LLC AGENT,OUT,0,,05/04/2022,KENTUCKY,F&G,,,,,,
Midlantic May Two-Year-Olds in Training (2024),2024-05-20,120,DKB,F,PRACTICAL JOKE,KISSIN KIM,YES IT'S TRUE,PIKE RACING AT HIGHLANDER AGENT II,SNAKE RIVER RACING STABLE LLC,230000,,05/24/2022,KENTUCKY,H,,,,10.2,https://www.youtube.com/watch?v=LFLPgdTXzqs,
Midlantic May Two-Year-Olds in Training (2024),2024-05-20,121,B,F,MUNNINGS,KISS N SCAT,SCAT DADDY,PICK VIEW LLC AGENT,NOT SOLD,45000,,03/07/2022,TEXAS,T,,,https://vimeo.com/945279847,10.3,https://www.youtube.com/watch?v=TrgO3stimw8,
Midlantic May Two-Year-Olds in Training (2024),2024-05-20,122,GRR,F,FROSTED,KITTEN'S CATCH,KITTEN'S JOY,J & R THOROUGHBREDS LLC,BEN GOWANS AGENT,180000,,05/10/2022,KENTUCKY,I,,,,10.2,https://www.youtube.com/watch?v=0E1F-KIF7DU,
Midlantic May Two-Year-Olds in Training (2024),2024-05-20,123,B,C,ACCELERATE,KITTYLUCK,EXCHANGE RATE,BEST A LUCK FARM LLC,DENNIS O'NEILL,75000,,02/18/2022,MARYLAND,I,,,,10.2,https://www.youtube.com/watch?v=DQN653DtGaY,
Midlantic May Two-Year-Olds in Training (2024),2024-05-20,124,B,C,INSTILLED REGARD,KNOW IT ALL ANNA,MIDNIGHT LUTE,CRANE THOROUGHBRED SERVICES AGENT,OUT,0,,03/18/2022,FLORIDA,K&L,,,,10.2,https://www.youtube.com/watch?v=spBuJn5yWWE,
Midlantic May Two-Year-Olds in Training (2024),2024-05-20,125,B,F,UNCLE MO,LA BELLE MARQUET,MARQUETRY,PICK VIEW LLC AGENT,RAY SMOOT INGORDO BLSK AGT,100000,,04/25/2022,KENTUCKY,T,,,https://vimeo.com/945278862,G,https://youtu.be/M0Bo5T43xQU,
Midlantic May Two-Year-Olds in Training (2024),2024-05-20,126,GRR,F,FROSTED,LACE,HARD SPUN,BRYAN FORD TRAINING STABLE LLC AGENT I,MILTON MCKENZIE,17000,,02/21/2022,KENTUCKY,G,,,,10.4,https://www.youtube.com/watch?v=9RbQMu8e3TU,
Midlantic May Two-Year-Olds in Training (2024),2024-05-20,127,CH,C,ARMY MULE,LA DAME BLANCHE,POINT OF ENTRY,TOM MCCROCKLIN AGENT,GLEN RODRIGUE,12000,,03/29/2022,KENTUCKY,D&E,,,,11.2,https://www.youtube.com/watch?v=2re4hjV26fY,
Midlantic May Two-Year-Olds in Training (2024),2024-05-20,128,B,C,GOOD SAMARITAN,LADY AMBASSADOR,CROWN AMBASSADOR,GOLDEN ROCK THOROUGHBREDS AGENT,S.R.O.A. (K.O.I.D.),37000,,03/16/2022,KENTUCKY,K,,,,10.4,https://www.youtube.com/watch?v=s1H1ikp-8SE,
Midlantic May Two-Year-Olds in Training (2024),2024-05-20,129,B,C,BOLT D'ORO,LADY CLEOPATRA,PIONEEROF THE NILE,GRASSROOTS TRAINING AND SALES LLC AGENT,OUT,0,,02/22/2022,KENTUCKY,I,,,,,,
Midlantic May Two-Year-Olds in Training (2024),2024-05-20,130,GRR,C,INTO MISCHIEF,LADY GODIVA,UNBRIDLED'S SONG,PICK VIEW LLC AGENT,OUT,0,,03/09/2022,KENTUCKY,T,,,https://vimeo.com/944680803,23.4,https://www.youtube.com/watch?v=hVOV3MiDLaA,
Midlantic May Two-Year-Olds in Training (2024),2024-05-20,131,CH,F,MOHAYMEN,LEAR'S PRINCESS,LEAR FAN,SHAMROCK STABLE AGENT,SAINTBURY FARMS,27000,,03/22/2022,KENTUCKY,C,,,,11,https://www.youtube.com/watch?v=ivN75W7ug0A,
Midlantic May Two-Year-Olds in Training (2024),2024-05-20,132,DKB,F,VIOLENCE,LEGALLY BAY,READ THE FOOTNOTES,WAVERTREE STABLES INC. (CIARAN DUNNE) AGENT V,OUR BLUE STREAK STABLE,30000,,02/01/2022,NEW YORK,T,,,https://vimeo.com/941968565?share=copy,10.3,https://www.youtube.com/watch?v=5yjRbRrLhCA,
Midlantic May Two-Year-Olds in Training (2024),2024-05-20,133,B,F,SOLOMINI,LEMME,LEMON DROP KID,LITTLE FARM EQUINE LLC AGENT,LORENA WOOD,80000,,01/31/2022,NEW YORK,D,,,,10.2,https://www.youtube.com/watch?v=PY--U_-ehyQ,
Midlantic May Two-Year-Olds in Training (2024),2024-05-20,134,B,C,STANFORD,LEMON DROP SIS,LEMON DROP KID,TOP LINE SALES LLC AGENT XIII,NOT SOLD,70000,,04/22/2022,CALIFORNIA,E&F,,,,10.2,https://www.youtube.com/watch?v=ZBoXb5fHzwQ,
Midlantic May Two-Year-Olds in Training (2024),2024-05-20,135,B,C,CONSTITUTION,LEMON GIN,FIRST SAMURAI,WAVERTREE STABLES INC. (CIARAN DUNNE) AGENT VI,OUT,0,,04/09/2022,KENTUCKY,T,,,https://vimeo.com/941968459?share=copy,22.3,https://www.youtube.com/watch?v=ia98f67ElRU,
Midlantic May Two-Year-Olds in Training (2024),2024-05-20,136,GRR,C,VOLATILE,LEXINGTON GIRL,STORM CAT,LG AGENT,CASH IS KING/ALEX ZACNEY,250000,,05/07/2022,NEW YORK,A,,,,10.3,https://www.youtube.com/watch?v=aexLWZ4j1VA,
Midlantic May Two-Year-Olds in Training (2024),2024-05-20,137,DKB,C,VEKOMA,LIGHTNING TWICE,MALIBU MOON,DE MERIC SALES AGENT,J.A.S.,400000,,05/31/2022,KENTUCKY,I&J,,,,10.2,https://www.youtube.com/watch?v=NHCLbmIa_s8,
Midlantic May Two-Year-Olds in Training (2024),2024-05-20,138,CH,F,JUSTIFY,LIGHTSCAMERAACTION,WILL TAKE CHARGE,PIKE RACING AT HIGHLANDER AGENT V,NOT SOLD,290000,,03/22/2022,KENTUCKY,H,,,,10.3,https://www.youtube.com/watch?v=DQlpTW6erFM,
Midlantic May Two-Year-Olds in Training (2024),2024-05-20,139,GRR,C,LIAM'S MAP,LIQUORICE MARILYN,CANDY RIDE (ARG),CARY FROMMER LLC AGENT I,A. FERRIS ALLEN III AGT FOR ROYAL VICTORY THOROUGHBREDS,75000,Y,05/08/2022,KENTUCKY,A&B,,,,11,https://www.youtube.com/watch?v=Ih2v8xllP_A,
Midlantic May Two-Year-Olds in Training (2024),2024-05-20,140,CH,F,NOT THIS TIME,LIZA TOO,OLMODAVOR,PIKE RACING AT HIGHLANDER AGENT II,BRANNON HAMILTON,10000,,04/03/2022,KENTUCKY,H,,,,10.4,https://www.youtube.com/watch?v=4_os3_FyHms,
Midlantic May Two-Year-Olds in Training (2024),2024-05-20,141,CH,C,KITTEN'S JOY,LOOK ME OVER,HARD SPUN,RANDY MILES AGENT XII,OUT,0,,03/31/2022,KENTUCKY,B&C,,,,,,
Midlantic May Two-Year-Olds in Training (2024),2024-05-20,142,B,F,UNION RAGS,LOTTA LOLLY,SMART STRIKE,PAUL SHARP AGENT III,NOT SOLD,70000,,04/25/2022,KENTUCKY,J&K,,,,10.4,https://www.youtube.com/watch?v=JXXXcyzjaT0,
Midlantic May Two-Year-Olds in Training (2024),2024-05-20,143,B,C,MIDSHIPMAN,LOVE COVE,NOT FOR LOVE,GRASSROOTS TRAINING AND SALES LLC AGENT,OUT,0,,05/08/2022,KENTUCKY,I,,,,,,
Midlantic May Two-Year-Olds in Training (2024),2024-05-20,144,GRR,F,AMERICAN PHAROAH,LOVELY CAROLINE,TAPIT,TOM MCCROCKLIN AGENT,URBANE STABLES LLC,60000,,05/01/2022,KENTUCKY,D&E,,,,10.4,https://www.youtube.com/watch?v=uM6w7hqY5Ns,
Midlantic May Two-Year-Olds in Training (2024),2024-05-20,145,B,F,MIDSHIPMAN,LOVELY MOON,BERNSTEIN,THOROSTOCK LLC AGENT,OUT,0,,04/18/2022,KENTUCKY,J,,,https://vimeo.com/943067017,11,https://www.youtube.com/watch?v=tjo-LHXMj1E,
Midlantic May Two-Year-Olds in Training (2024),2024-05-20,147,B,C,GAME WINNER,LOVESICK,ADIOS CHARLIE,SCANLON TRAINING & SALES AGENT X,OUT,0,,04/30/2022,KENTUCKY,T,,,,,,
Midlantic May Two-Year-Olds in Training (2024),2024-05-20,148,GRR,C,MR. MONEY,LUCY IN THE SKY,CALEB'S POSSE,HIDDEN BROOK AGENT XI,SPORT OF KINGS RACING PARTNERS,115000,,02/25/2022,KENTUCKY,K,,,https://vimeo.com/945369316,10.3,https://www.youtube.com/watch?v=FWl4E8xGzsM,
Midlantic May Two-Year-Olds in Training (2024),2024-05-20,149,CH,F,STREET BOSS,MADDIE P,TRAPPE SHOT,PAUL SHARP AGENT IX,OUT,0,,02/09/2022,KENTUCKY,J&K,,,https://vimeo.com/945838804?share=copy,10.3,https://www.youtube.com/watch?v=YZ4WajaPqlo,
Midlantic May Two-Year-Olds in Training (2024),2024-05-20,150,DKB,F,HONOR A. P.,MADISON AVENUE,QUALITY ROAD,CARY FROMMER LLC AGENT III,CASH IS KING LLC & LC RACING LLC,70000,Y,02/27/2022,MARYLAND,A&B,,,,10.2,https://www.youtube.com/watch?v=PsdAzydK3J4,
Midlantic May Two-Year-Olds in Training (2024),2024-05-20,151,CH,F,MIDSHIPMAN,MADRES WAR,DECLARATION OF WAR,HOPPEL LLC AGENT,HEBERT BLOODSTOCK AGENT,35000,Y,05/11/2022,KENTUCKY,B&C,,,,10.4,https://www.youtube.com/watch?v=_P02w4RzsTY,
Midlantic May Two-Year-Olds in Training (2024),2024-05-20,152,CH,C,MORE THAN READY,MAGGI O'PRADO,PADDY O'PRADO,SBM TRAINING AND SALES AGENT,OUT,0,,05/21/2022,KENTUCKY,K&L,,,,,,
Midlantic May Two-Year-Olds in Training (2024),2024-05-20,153,DKB,F,ENTICED,MAGNETISM,STREET BOSS,KINGS EQUINE AGENT,OUT,0,,03/15/2022,KENTUCKY,T,,,,,,
Midlantic May Two-Year-Olds in Training (2024),2024-05-20,154,B,F,GAME WINNER,MAGNIFICENT MARGO,CONGRATS,GRASSROOTS TRAINING AND SALES LLC AGENT,SCOTT H GROH,15000,,04/06/2022,NEW YORK,I,,,,10.4,https://www.youtube.com/watch?v=-EyLOGlX1oo,
Midlantic May Two-Year-Olds in Training (2024),2024-05-20,155,B,F,JUSTIFY,MAHKAMA,BERNARDINI,PAUL SHARP AGENT XIV,OUT,0,,02/08/2022,PENNSYLVANIA,J&K,,,,10.2,https://youtu.be/x0JIqVLWaFk,
Midlantic May Two-Year-Olds in Training (2024),2024-05-20,156,B,C,MCKINZIE,MAID OF METTLE,DIALED IN,JULIE DAVIES LLC AGENT,NOT SOLD,27000,,03/26/2022,NEW YORK,F&G,,,https://vimeo.com/944974937?share=copy,10.3,https://www.youtube.com/watch?v=ukExf6gfFJY,
Midlantic May Two-Year-Olds in Training (2024),2024-05-20,157,CH,F,MADEFROMLUCKY,MAJESTIC MELRESA,MAJESTIC WARRIOR,BEST A LUCK FARM LLC,DAN EUBANKS,10000,,02/13/2022,MARYLAND,I,,,,11.1,https://www.youtube.com/watch?v=sakRZgcCb7k,
Midlantic May Two-Year-Olds in Training (2024),2024-05-20,158,B,C,BLAME,MAJESTIC RIVER,A.P. INDY,WHITE PINE THOROUGHBREDS,DARRS INC/JAMES BREDIN,100000,,05/03/2022,KENTUCKY,T,,,https://vimeo.com/944891635?share=copy,11,https://www.youtube.com/watch?v=Cl3wB_ytT5I,
Midlantic May Two-Year-Olds in Training (2024),2024-05-20,159,CH,F,MUNNINGS,MALIBU COUGAR,MALIBU MOON,KINGS EQUINE AGENT,TYLER SERVIS AGENT,20000,Y,04/07/2022,KENTUCKY,T,,,,10.3,https://www.youtube.com/watch?v=L7daqcGrra8,
Midlantic May Two-Year-Olds in Training (2024),2024-05-20,160,B,C,NOT THIS TIME,MAMMA KIMBO,DISCREET CAT,DE MERIC SALES AGENT,OUT,0,,02/26/2022,KENTUCKY,I&J,,,,,,
Midlantic May Two-Year-Olds in Training (2024),2024-05-20,161,DKB,F,COMPLEXITY,MA MO,UNCLE MO,PICK VIEW LLC AGENT,CHOCTAW RACING,170000,,04/11/2022,KENTUCKY,T,,,https://vimeo.com/945279405,10.3,https://www.youtube.com/watch?v=jfjz9BmD3FA,
Midlantic May Two-Year-Olds in Training (2024),2024-05-20,162,DKB,F,TIZ THE LAW,MARCY DARCY,SMART STRIKE,WES CARTER AGENT FOR LEMON CREEK FARM,NOT SOLD,67000,,03/06/2022,NEW YORK,F&G,,,,10.2,https://www.youtube.com/watch?v=eKBDAmQU4W4,
Midlantic May Two-Year-Olds in Training (2024),2024-05-20,163,DKB,C,JUSTIFY,MARIA'S CANDY,CANDY RIDE (ARG),HOPPEL LLC AGENT,NOT SOLD,120000,,03/25/2022,NEW YORK,B&C,,,,22,https://www.youtube.com/watch?v=n3fcBWOeCl0,
Midlantic May Two-Year-Olds in Training (2024),2024-05-20,164,CH,C,GLOBAL CAMPAIGN,MARISTAR,GIANT'S CAUSEWAY,JULIE DAVIES LLC AGENT,ASHLEY CASTRENZE,20000,Y,03/29/2022,NEW YORK,F&G,,,https://vimeo.com/944974393?share=copy,11,https://www.youtube.com/watch?v=v99qHNuqGWE,
Midlantic May Two-Year-Olds in Training (2024),2024-05-20,165,B,F,LOOKIN AT LUCKY,MAXINKUCKEE MISS,LANGFUHR,TOP LINE SALES LLC AGENT XIX,OSB STABLES LLC,17000,,04/26/2022,KENTUCKY,E&F,,,,10.4,https://www.youtube.com/watch?v=DfPwHf0UjoY,
Midlantic May Two-Year-Olds in Training (2024),2024-05-20,166,B,F,ROGUEISH,MCGUIRE,CURLIN,TOM MCCROCKLIN AGENT,JUSTIN CASSE AGT,50000,,02/19/2022,FLORIDA,D&E,,,,10.2,https://www.youtube.com/watch?v=9u7PdNeOFC8,
Midlantic May Two-Year-Olds in Training (2024),2024-05-20,167,B,C,INSTAGRAND,MECHUDA,ARCH,KINGS EQUINE AGENT,GRACIE MAE STABLE,17000,,04/11/2022,KENTUCKY,T,,,,10.4,https://www.youtube.com/watch?v=BNdZVFj18bw,
Midlantic May Two-Year-Olds in Training (2024),2024-05-20,168,CH,C,GOOD MAGIC,MELLONBROOK,DISCREET CAT,WAVERTREE STABLES INC. (CIARAN DUNNE) AGENT VII,KSI,525000,,04/07/2022,KENTUCKY,T,,,https://vimeo.com/941968342?share=copy,10.2,https://www.youtube.com/watch?v=iEJrmREiGms,
Midlantic May Two-Year-Olds in Training (2024),2024-05-20,169,B,C,WEST COAST,MELROSE WOODS,BROKEN VOW,TOP LINE SALES LLC AGENT III,OUT,0,,03/07/2022,KENTUCKY,E&F,,,,,,
Midlantic May Two-Year-Olds in Training (2024),2024-05-20,170,GRR,F,GIFT BOX,MERCURIAL,MIZZEN MAST,GRASSROOTS TRAINING AND SALES LLC,KENNETH MCPEEK AGENT,150000,,04/28/2022,KENTUCKY,I,,,,10.3,https://www.youtube.com/watch?v=iWtvh9dtECM,
Midlantic May Two-Year-Olds in Training (2024),2024-05-20,171,CH,F,JUSTIFY,MIA KARINA,JAZIL,SGV THOROUGHBREDS LLC (STEVEN VENOSA) AGENT,CASE CLAY THOROUGHBRED MGT.,500000,,01/24/2022,KENTUCKY,T,,,,10.2,https://www.youtube.com/watch?v=lJnz_WRlMN0,
Midlantic May Two-Year-Olds in Training (2024),2024-05-20,172,GRR,C,CANDY RIDE (ARG),MIMS EPPI,CACTUS RIDGE,TOP LINE SALES LLC AGENT XXXII,OUT,0,,05/04/2022,KENTUCKY,E&F,,,,,,
Midlantic May Two-Year-Olds in Training (2024),2024-05-20,173,CH,C,VIOLENCE,MINERALOGIST,MINESHAFT,SEQUEL BLOODSTOCK AGENT FOR CHESTER AND MARY BROMAN,OUT,0,,02/15/2022,NEW YORK,H,,,,,,
Midlantic May Two-Year-Olds in Training (2024),2024-05-20,174,CH,F,VIOLENCE,MINNIE BLIP,ALGORITHMS,EDDIE WOODS AGENT XVII,OUT,0,,04/24/2022,KENTUCKY,J&K,,,,,,
Midlantic May Two-Year-Olds in Training (2024),2024-05-20,175,GRR,C,GIFT BOX,MIRACULOUSLY,HAT TRICK (JPN),LG AGENT,HORSE HAVEN STABLE,30000,,03/04/2022,KENTUCKY,A,,,,22.2,https://www.youtube.com/watch?v=48Of6YeoG9M,
Midlantic May Two-Year-Olds in Training (2024),2024-05-20,176,B,C,MAXIMUM SECURITY,MISCHIEVIOUS LASS,INTO MISCHIEF,PARRISH FARMS INC. AGENT,NOT SOLD,37000,,02/19/2022,KENTUCKY,I,,,,11,https://www.youtube.com/watch?v=IX2w4xHfFgo,
Midlantic May Two-Year-Olds in Training (2024),2024-05-20,177,B,C,GAME WINNER,MISS DIXIE CUP,GIANT'S CAUSEWAY,SBM TRAINING AND SALES AGENT,OUT,0,,04/05/2022,KENTUCKY,K&L,,,,10.4,https://www.youtube.com/watch?v=pAq5gs0ZDC8,
Midlantic May Two-Year-Olds in Training (2024),2024-05-20,178,B,F,HONOR A. P.,MISS DRAKE,AFLEET ALEX,PIKE RACING AT HIGHLANDER AGENT IV,RIA RACING,200000,,05/06/2022,KENTUCKY,H,,,,10.2,https://www.youtube.com/watch?v=wPs4qqONO7U,
Midlantic May Two-Year-Olds in Training (2024),2024-05-20,179,B,C,UPSTART,MISS EMELINA,BIG BROWN,JULIE DAVIES LLC AGENT,RAY MCELHANEY,35000,,04/10/2022,NEW YORK,F&G,,,https://vimeo.com/944973787?share=copy,10.3,https://www.youtube.com/watch?v=J-82KeShWZQ,
Midlantic May Two-Year-Olds in Training (2024),2024-05-20,180,B,C,VOLATILE,MISS HERMES,LEMON DROP KID,CAMELOT ACRES RACING & SALES AGENT I,CLASSIC AUTOMATIONS LLC RAYMIE LIGHTNER AGENT,80000,,04/03/2022,KENTUCKY,I,,,https://vimeo.com/944038930,10.3,https://www.youtube.com/watch?v=f7FmK3rSyFA,
Midlantic May Two-Year-Olds in Training (2024),2024-05-20,181,B,C,TOM'S D'ETAT,MISSILETOE KISS,GOLDEN MISSILE,LITTLE FARM EQUINE LLC AGENT,NANCY CAMP,13000,,04/08/2022,NEW YORK,D,,,,11.3,https://www.youtube.com/watch?v=-MgPBjwRKhk,
Midlantic May Two-Year-Olds in Training (2024),2024-05-20,182,DKB,F,CANDYGRAM,MISSION TRUE,WARRIOR'S REWARD,NAVAS EQUINE AGENT,NOT SOLD,29000,,02/12/2022,WEST VIRGINIA,L,,,https://vimeo.com/945004426,10.4,https://www.youtube.com/watch?v=vfMmMnkmUM8,
Midlantic May Two-Year-Olds in Training (2024),2024-05-20,183,B,C,HONEST MISCHIEF,MISS MALIBU STYLE,MALIBU MOON,TOM MCCROCKLIN AGENT,HARMASH RACING,75000,,05/12/2022,NEW YORK,D&E,,,,10.2,https://www.youtube.com/watch?v=8bAg2XqzR0E,
Midlantic May Two-Year-Olds in Training (2024),2024-05-20,184,B,F,UNCLE MO,MISS VINDICTIVE,STEPHEN GOT EVEN,PAUL SHARP AGENT I,OUT,0,,02/10/2022,KENTUCKY,J&K,,,,,,
Midlantic May Two-Year-Olds in Training (2024),2024-05-20,185,B,F,MACLEAN'S MUSIC,MO CHEEKS,UNCLE MO,TOP LINE SALES LLC AGENT IV,OUT,0,,05/13/2022,KENTUCKY,E&F,,,,,,
Midlantic May Two-Year-Olds in Training (2024),2024-05-20,186,DKB,F,TOM'S D'ETAT,MO ME MO MY,UNCLE MO,GOLDENCENTS THOROUGHBREDS AGENT,NOT SOLD,47000,,03/11/2022,KENTUCKY,C,,,,10.3,https://www.youtube.com/watch?v=BA1N8AttCKU,
Midlantic May Two-Year-Olds in Training (2024),2024-05-20,187,DKB,C,GOOD MAGIC,MONEY OR LOVE,J BE K,SGV THOROUGHBREDS LLC (STEVEN VENOSA) AGENT,WEST POINT TB LEB AGENT,130000,,02/14/2022,FLORIDA,T,,,,10.1,https://www.youtube.com/watch?v=OCK0pMpOw3s,
Midlantic May Two-Year-Olds in Training (2024),2024-05-20,188,DKB,F,MCKINZIE,MONTANA NATIVE,YES IT'S TRUE,THOROSTOCK LLC AGENT,SETH MORRIS AGT FOR HIT THE BID RACING,225000,Y,03/27/2022,KENTUCKY,J,,,https://vimeo.com/943067335,10.3,https://www.youtube.com/watch?v=4xaf5ET88L0,
Midlantic May Two-Year-Olds in Training (2024),2024-05-20,189,GRR,C,AMERICAN PHAROAH,MONTANA PRETTY,FROSTED,CRANE THOROUGHBRED SERVICES AGENT,P MILLER EQB AGENT,60000,,02/27/2022,KENTUCKY,K&L,,,,10.3,https://www.youtube.com/watch?v=NDpEa6aPqjM,
Midlantic May Two-Year-Olds in Training (2024),2024-05-20,190,B,F,DIVISIDERO,MO SMOKE,UNCLE MO,HOPPEL LLC AGENT,RUN WITH BULL INC,14000,,04/03/2022,KENTUCKY,B&C,,,,11,https://www.youtube.com/watch?v=9i4j-FIIQ3E,
Midlantic May Two-Year-Olds in Training (2024),2024-05-20,191,GRR,F,MACLEAN'S MUSIC,MS KNAUSS,MALIBU MOON,WAVERTREE STABLES INC. (CIARAN DUNNE) AGENT VIII,MICHEL SCHEFFRES,15000,,02/26/2022,KENTUCKY,T,,,https://vimeo.com/941968265?share=copy,10.4,https://www.youtube.com/watch?v=q6vHYFJMmVY,
Midlantic May Two-Year-Olds in Training (2024),2024-05-20,192,B,F,WARRIOR'S REWARD,MUNNING'S FAVORITE,MUNNINGS,CARY FROMMER LLC AGENT V,HERBERT W KUSHNER,35000,,03/18/2022,MARYLAND,A&B,,,,10.4,https://www.youtube.com/watch?v=CZ6d5KqT4SE,
Midlantic May Two-Year-Olds in Training (2024),2024-05-20,193,CH,F,LORD NELSON,MY FRIEND C. Z.,SEEKING THE GOLD,SBM TRAINING AND SALES AGENT,ALEX KAZDAN,19000,,04/03/2022,KENTUCKY,K&L,,,,10.4,https://www.youtube.com/watch?v=5nnzMa92WGk,
Midlantic May Two-Year-Olds in Training (2024),2024-05-20,194,B,C,DISTORTED HUMOR,MY GALINA,MEDAGLIA D'ORO,KINGS EQUINE AGENT,OUT,0,,03/07/2022,KENTUCKY,T,,,,10.2,https://www.youtube.com/watch?v=bp6Dk3BpOQg,
Midlantic May Two-Year-Olds in Training (2024),2024-05-20,195,DKB,C,MACLEAN'S MUSIC,MY HAPPY PLACE,TAPIT,SCANLON TRAINING & SALES AGENT XIII,OUT,0,,03/27/2022,KENTUCKY,T,,,,,,
Midlantic May Two-Year-Olds in Training (2024),2024-05-20,196,DKB,C,BOLT D'ORO,MY MIDNIGHT AFFAIR,MIDNIGHT LUTE,TOP LINE SALES LLC AGENT XXXI,OUT,0,,02/26/2022,KENTUCKY,E&F,,,,22.3,https://www.youtube.com/watch?v=eIS_9Bx75HU,
Midlantic May Two-Year-Olds in Training (2024),2024-05-20,197,DKB,F,CARACARO,NAKED BOOTLEG,PASS RUSH,THOROSTOCK LLC AGENT,OUT,0,,04/20/2022,KENTUCKY,J,,,,,,
Midlantic May Two-Year-Olds in Training (2024),2024-05-20,198,B,C,COMPLEXITY,NATURAL WONDER,SUMMER BIRD,PIKE RACING AT HIGHLANDER AGENT II,NOT SOLD,70000,,04/06/2022,KENTUCKY,H,,,,10.2,https://www.youtube.com/watch?v=2FmPsoDzAsg,
Midlantic May Two-Year-Olds in Training (2024),2024-05-20,199,CH,C,UNION JACKSON,NEHANTIC KAT,TOMORROWS CAT,GRASSROOTS TRAINING AND SALES LLC,AMIRA CHICHAKLY FOR YELLOW MOON STABLES,14000,Y,05/09/2022,NEW YORK,I,,,,11,https://www.youtube.com/watch?v=aVDA1sLwYnU,
Midlantic May Two-Year-Olds in Training (2024),2024-05-20,200,DKB,C,AUTHENTIC,NIGHT AND DAY,UNBRIDLED'S SONG,GOLDEN ROCK THOROUGHBREDS AGENT,MARCELLO ROSA,16000,,03/23/2022,KENTUCKY,K,,,,22.1,https://www.youtube.com/watch?v=smvbkGhEaHI,
Midlantic May Two-Year-Olds in Training (2024),2024-05-20,201,B,F,MACLEAN'S MUSIC,NO MO TEMPER,UNCLE MO,SCANLON TRAINING & SALES AGENT VI,ROBERT JACOFF,65000,,03/06/2022,NEW YORK,T,,,https://vimeo.com/944578149?share=copy,10.2,https://www.youtube.com/watch?v=WP1aELfz-dw,
Midlantic May Two-Year-Olds in Training (2024),2024-05-20,202,B,F,KEEN ICE,ON A ROLL,A.P. INDY,SHAMROCK STABLE,KMA STABLE,30000,Y,05/16/2022,KENTUCKY,C,,,https://youtu.be/ozJ59zDJbDQ?si=Mth8WBsingA8Gdqt,10.2,https://www.youtube.com/watch?v=P234E9dzlD0,
Midlantic May Two-Year-Olds in Training (2024),2024-05-20,203,GRR,F,INSTILLED REGARD,ONE FOXY GREY,BIG BROWN,HOPPEL LLC AGENT,GREG COMPTON AGT MAG RACING,100000,,02/03/2022,KENTUCKY,B&C,,,https://youtu.be/PZKEHw2xUbQ?feature=shared,21.1,https://www.youtube.com/watch?v=4Rqvnqeb62M,
Midlantic May Two-Year-Olds in Training (2024),2024-05-20,204,B,F,VEKOMA,ONE MOMENT IN TIME,BODEMEISTER,JULIE DAVIES LLC AGENT,OUT,0,,04/23/2022,LOUISIANA,F&G,,,,,,
Midlantic May Two-Year-Olds in Training (2024),2024-05-20,205,B,C,MAXIMUS MISCHIEF,ONE PLAYFUL ACT,FLAT OUT,TOM MCCROCKLIN AGENT,DAN WELLS DAN PREISS AGT.,30000,,01/18/2022,KENTUCKY,D&E,,,https://vimeo.com/manage/videos/946025360/081eb5ad8c,10.2,https://www.youtube.com/watch?v=5lF_jT-JsxI,
Midlantic May Two-Year-Olds in Training (2024),2024-05-20,206,B,F,LOOKIN AT LEE,ONE WISE COWGIRL,WISEMAN'S FERRY,JULIE DAVIES LLC AGENT,SULIMAN BLOODSTOCK,10000,,03/28/2022,NEW YORK,F&G,,,https://vimeo.com/944898725?share=copy,11.1,https://www.youtube.com/watch?v=yGse_fRV-hE,
Midlantic May Two-Year-Olds in Training (2024),2024-05-20,207,DKB,C,GLOBAL CAMPAIGN,OPEN AGENDA,MORE THAN READY,PICK VIEW LLC AGENT,ARTHUR HOYEAU AGENT,120000,,03/31/2022,KENTUCKY,T,,,https://vimeo.com/944681085,10.4,https://www.youtube.com/watch?v=4pNAry4dwSc,
Midlantic May Two-Year-Olds in Training (2024),2024-05-20,208,DKB,F,THOUSAND WORDS,ORCA,MIZZEN MAST,BEST A LUCK FARM LLC AGENT,RAGS RACING STABLE LLC,50000,,04/18/2022,KENTUCKY,I,,,https://vimeo.com/946398652?share=copy,10.2,https://www.youtube.com/watch?v=1bQj7CMOVQg,
Midlantic May Two-Year-Olds in Training (2024),2024-05-20,209,B,C,INTO MISCHIEF,OSARE,MEDAGLIA D'ORO,PICK VIEW LLC AGENT,OUT,0,,03/03/2022,FLORIDA,T,,,https://vimeo.com/944680904,23.4,https://www.youtube.com/watch?v=NjjBbHq-KV0,
Midlantic May Two-Year-Olds in Training (2024),2024-05-20,210,GRR,F,GIFT BOX,PAPER KITE,BERNARDINI,SEQUEL BLOODSTOCK AGENT II,PRINCE AZIZ (NIZAR),40000,,04/09/2022,NEW YORK,H,,,https://vimeo.com/940387843?share=copy,10.2,https://www.youtube.com/watch?v=W3T5E6ayWAA,
Midlantic May Two-Year-Olds in Training (2024),2024-05-20,211,CH,C,GIFT BOX,PARDONMECOMINGTHRU,CHATAIN,KINGS EQUINE AGENT,J. TYLER SERVIS,18000,,04/30/2022,KENTUCKY,T,,,https://vimeo.com/943786375,10.4,https://www.youtube.com/watch?v=jzDe-w2tZb8,
Midlantic May Two-Year-Olds in Training (2024),2024-05-20,212,B,C,INSTAGRAND,PARTY DANCER,ARTIE SCHILLER,JULIE DAVIES LLC AGENT,OXO EQUINE LLC,65000,,03/02/2022,FLORIDA,F&G,,,https://vimeo.com/944900167?share=copy,10.1,https://www.youtube.com/watch?v=OrYqh1w4n9U,
Midlantic May Two-Year-Olds in Training (2024),2024-05-20,214,DKB,F,AUTHENTIC,PARTY STARTER,MEDAGLIA D'ORO,PICK VIEW LLC AGENT,OUT,0,,04/06/2022,KENTUCKY,T,,,,,,
Midlantic May Two-Year-Olds in Training (2024),2024-05-20,215,DKB,C,VEKOMA,PASSION FOR WORDS,BENCHMARK,FAST HORSES AGENT,OUT,0,,04/13/2022,LOUISIANA,J,,,,,,
Midlantic May Two-Year-Olds in Training (2024),2024-05-20,216,DKB,F,SOLOMINI,PEERESS,AMERICAIN,GRASSROOTS TRAINING AND SALES LLC,WEST POINT TB LEB AGENT,85000,,04/25/2022,NEW YORK,I,,,,10.1,https://www.youtube.com/watch?v=MVbA7Vi8cT8,
Midlantic May Two-Year-Olds in Training (2024),2024-05-20,217,B,C,JIMMY CREED,PERFECT CAUSE,GIANT'S CAUSEWAY,THOROSTOCK LLC AGENT,RANDI PERSAUD,12000,,03/25/2022,KENTUCKY,J,,,https://vimeo.com/943066892,10.4,https://www.youtube.com/watch?v=xtP2-tHRvks,
Midlantic May Two-Year-Olds in Training (2024),2024-05-20,218,CH,F,OMAHA BEACH,PERFECTION LADY,MAJESTICPERFECTION,SBM TRAINING AND SALES AGENT,NORMA LEE STOCKSETH,165000,,04/14/2022,KENTUCKY,K&L,,,https://vimeo.com/945606799,10.1,https://www.youtube.com/watch?v=901eNb_ArGo,
Midlantic May Two-Year-Olds in Training (2024),2024-05-20,219,B,C,GOLDENCENTS,PERFECT REINS,MEDAGLIA D'ORO,ROYAL BLOODSTOCK SALES LLC AGENT IV,NOT SOLD,24000,,03/15/2022,NEW YORK,B,,,https://vimeo.com/946615634?share=copy,10.3,https://www.youtube.com/watch?v=1zlBjxcZkJw,
Midlantic May Two-Year-Olds in Training (2024),2024-05-20,220,B,C,ARMY MULE,PIN UP (IRE),LOOKIN AT LUCKY,MASON SPRINGS LLC AGENT FOR TIMOTHY SHAW,OUT,0,,04/13/2022,KENTUCKY,J,,,,10.4,https://www.youtube.com/watch?v=1x7Wv-ntnGk,
Midlantic May Two-Year-Olds in Training (2024),2024-05-20,221,B,C,MAXIMUS MISCHIEF,PLUMAGE,BROKEN VOW,TOP LINE SALES LLC AGENT XXV,OUT,0,,03/05/2022,KENTUCKY,E&F,,,,,,
Midlantic May Two-Year-Olds in Training (2024),2024-05-20,222,CH,C,TAPIT,PLUS ONE,BLUEGRASS CAT,PIKE RACING AT HIGHLANDER AGENT I,DAT RACING STABLE,100000,,02/21/2022,KENTUCKY,H,,,https://vimeo.com/946239920?share=copy,10.2,https://www.youtube.com/watch?v=Jde1E231Z1E,
Midlantic May Two-Year-Olds in Training (2024),2024-05-20,223,GRR,C,VEKOMA,POINT STREAK,MAJESTIC WARRIOR,SCANLON TRAINING & SALES AGENT FOR EXCEL BLOODSTOCK (BRUNO DEBERDT),OUT,0,,03/02/2022,KENTUCKY,T,,,,,,
Midlantic May Two-Year-Olds in Training (2024),2024-05-20,224,B,C,AUTHENTIC,POLYESTER,TIZ WONDERFUL,DE MERIC SALES AGENT,WILLIS HORTON RACING,135000,,04/06/2022,KENTUCKY,I&J,,,,10.3,https://www.youtube.com/watch?v=lQC-8FQQi2w,
Midlantic May Two-Year-Olds in Training (2024),2024-05-20,225,CH,C,MACLEAN'S MUSIC,PORT OF INDY,CONGRATS,GOLDEN ROCK THOROUGHBREDS AGENT,TAPROOT BLOODSTOCK AGENT,220000,,03/11/2022,KENTUCKY,K,,,,21.1,https://www.youtube.com/watch?v=dhjVsLMmqjs,
Midlantic May Two-Year-Olds in Training (2024),2024-05-20,226,B,C,MUNNINGS,POSSESSIVE,BERNARDINI,GRASSROOTS TRAINING AND SALES LLC AGENT,ROBERT JACOFF,75000,,04/05/2022,NEW YORK,I,,,,10.2,https://www.youtube.com/watch?v=YuYKcjSsBN0,
Midlantic May Two-Year-Olds in Training (2024),2024-05-20,227,GRR,F,SPUN TO RUN,PRAVIANA,TAPIT,JULIE DAVIES LLC AGENT,NOT SOLD,35000,,03/28/2022,KENTUCKY,F&G,,,https://vimeo.com/944901384?share=copy,10.3,https://www.youtube.com/watch?v=9N33QIqbGWI,
Midlantic May Two-Year-Olds in Training (2024),2024-05-20,228,DKB,C,NOT THIS TIME,PRETTY U,POMEROY,NIALL BRENNAN STABLES AGENT VIII,OUT,0,,05/03/2022,KENTUCKY,K,,,,,,
Midlantic May Two-Year-Olds in Training (2024),2024-05-20,229,B,F,HONEST MISCHIEF,PRINCESS CONSORT,DIXIELAND BAND,SEQUEL BLOODSTOCK AGENT VI,CHRIS ENGLEHART AGT.,55000,,05/14/2022,NEW YORK,H,,,https://vimeo.com/940388037?share=copy,10.1,https://www.youtube.com/watch?v=gzBI6YoAmvk,
Midlantic May Two-Year-Olds in Training (2024),2024-05-20,230,B,F,MAXIMUM SECURITY,PRINCESS PAO,SKY KINGDOM,WHITE PINE THOROUGHBREDS,DNG BLESSED STABLE LLC,12000,,04/09/2022,KENTUCKY,T,,,https://vimeo.com/944610193?share=copy,10.2,https://www.youtube.com/watch?v=ev8MQTAgOGc,
Midlantic May Two-Year-Olds in Training (2024),2024-05-20,231,DKB,C,MEDAGLIA D'ORO,PRINCESS PEGGY,SCAT DADDY,RANDY MILES AGENT XII,OUT,0,,03/14/2022,KENTUCKY,B&C,,,,,,
Midlantic May Two-Year-Olds in Training (2024),2024-05-20,232,GRR,C,VOLATILE,PRISONER'S DILEMMA,BLAME,WAVERTREE STABLES INC. (CIARAN DUNNE) AGENT IX,NASER ASKAR,125000,Y,03/13/2022,NEW YORK,T,,,https://vimeo.com/941968167?share=copy,10.1,https://www.youtube.com/watch?v=mpa7CCLvO9c,
Midlantic May Two-Year-Olds in Training (2024),2024-05-20,233,DKB,F,COMPLEXITY,PROCURADORA,BODEMEISTER,TOP LINE SALES LLC AGENT X,OUT,0,,02/21/2022,FLORIDA,E&F,,,,10.1,https://www.youtube.com/watch?v=evIXfSZAq2o,
Midlantic May Two-Year-Olds in Training (2024),2024-05-20,234,B,C,PRACTICAL JOKE,PROUD INDIAN,INDIAN CHARLIE,WAVERTREE STABLES INC. (CIARAN DUNNE) AGENT X,MY RACEHORSE AND PETER LEIDEL,300000,,05/05/2022,KENTUCKY,T,,,https://vimeo.com/941968103?share=copy,10,https://www.youtube.com/watch?v=1dmUBc0D6YQ,
Midlantic May Two-Year-Olds in Training (2024),2024-05-20,235,B,C,AUTHENTIC,PSYCHO KITTEN,KITTEN'S JOY,RANDY MILES AGENT X,OUT,0,,03/05/2022,KENTUCKY,B&C,,,,,,
Midlantic May Two-Year-Olds in Training (2024),2024-05-20,236,GRR,F,FLATTER,PURE ELATION,KITTEN'S JOY,KINGS EQUINE AGENT,PEWTER STABLE,31000,Y,04/10/2022,KENTUCKY,T,,,https://vimeo.com/944291242,10.2,https://www.youtube.com/watch?v=ErNSGJ9wPyk,
Midlantic May Two-Year-Olds in Training (2024),2024-05-20,237,GRR,F,SPUN TO RUN,PURE HARMONY,UNBRIDLED'S SONG,TOP LINE SALES LLC AGENT XXVI,NOT SOLD,97000,,02/05/2022,KENTUCKY,E&F,,,,10.2,https://www.youtube.com/watch?v=wrt0Srl74j8,
Midlantic May Two-Year-Olds in Training (2024),2024-05-20,238,CH,C,PROMISES FULFILLED,PURE LEGACY,SIMON PURE,TOP LINE SALES LLC AGENT IX,ANDY SIMOFF AGT FOR IMAGINARY STABLE,85000,,04/05/2022,KENTUCKY,E&F,,,,10.1,https://www.youtube.com/watch?v=H2JjOyhgSuw,
Midlantic May Two-Year-Olds in Training (2024),2024-05-20,239,CH,C,ECHO TOWN,PURE RIDE,SIMON PURE,TOM MCCROCKLIN AGENT,ABC RACING,37000,,04/17/2022,KENTUCKY,D&E,,,https://vimeo.com/manage/videos/946033741/f0f821d7bb,10.1,https://www.youtube.com/watch?v=R1rh-Z9NLwM,
Midlantic May Two-Year-Olds in Training (2024),2024-05-20,240,GRR,F,GLOBAL CAMPAIGN,PURE VALUE,VALUE PLUS,PICK VIEW LLC AGENT,NOT SOLD,170000,,03/04/2022,KENTUCKY,T,,,https://vimeo.com/945279697,10.2,https://www.youtube.com/watch?v=in-1yyxD_nQ,
Midlantic May Two-Year-Olds in Training (2024),2024-05-20,241,B,C,SOLOMINI,QUEEN KAHEN,PAYNTER,SBM TRAINING AND SALES AGENT,MARK REID BLOODSTOCK,65000,,03/31/2022,NEW YORK,K&L,,,https://vimeo.com/945588025,10.3,https://www.youtube.com/watch?v=7ubtd9ihac8,
Midlantic May Two-Year-Olds in Training (2024),2024-05-20,242,DKB,C,ECHO TOWN,QUEEN OF ACES,STREET BOSS,THOROSTOCK LLC AGENT,WILLIS HORTON RACING,140000,,03/22/2022,KENTUCKY,J,,,https://vimeo.com/945995779,10.1,https://www.youtube.com/watch?v=tgenqsomPGA,
Midlantic May Two-Year-Olds in Training (2024),2024-05-20,243,B,C,AIR FORCE BLUE,QUEEN OF MAY,BERNARDINI,MASON SPRINGS PARTNERSHIP,OUT,0,,02/08/2022,KENTUCKY,J,,,,,,
Midlantic May Two-Year-Olds in Training (2024),2024-05-20,244,DKB,C,MO TOWN,QUEEN OF THE LAKE,SALT LAKE,PICK VIEW LLC AGENT,GLEN RODRIGUE,6500,,04/11/2022,KENTUCKY,T,,,,11.1,https://www.youtube.com/watch?v=9G12KZdBY3M,
Midlantic May Two-Year-Olds in Training (2024),2024-05-20,245,CH,F,GOLDENCENTS,QUICK WITTED,AFLEET ALEX,RANDY MILES AGENT VIII,OUT,0,,03/26/2022,KENTUCKY,B&C,,,,,,
Midlantic May Two-Year-Olds in Training (2024),2024-05-20,246,B,C,SHANCELOT,QUIET DIGNITY,KITTEN'S JOY,HOPPEL LLC AGENT,C H P R,25000,,04/20/2022,KENTUCKY,B&C,,,https://youtu.be/OZdc7yqlePQ?feature=shared,10.2,https://www.youtube.com/watch?v=ykzL0-gEcbY,
Midlantic May Two-Year-Olds in Training (2024),2024-05-20,247,B,C,VEKOMA,QUIET HOUR,QUIET AMERICAN,JULIE DAVIES LLC AGENT,RANDI PERSAUD,5000,,03/04/2022,KENTUCKY,F&G,,,https://vimeo.com/944902610?share=copy,22.3,https://www.youtube.com/watch?v=1az2g_h8wzg,
Midlantic May Two-Year-Olds in Training (2024),2024-05-20,248,B,F,PAYNTER,QUIET INFERNO,QUIET AMERICAN,CRANE THOROUGHBRED SERVICES AGENT,TIMOTHY FREITAG,27000,,05/03/2022,MARYLAND,K&L,,,,10.2,https://www.youtube.com/watch?v=qZOPSyM6kAs,
Midlantic May Two-Year-Olds in Training (2024),2024-05-20,249,B,C,MEDAGLIA D'ORO,QUIET PLACE,TAPIZAR,TOP LINE SALES LLC AGENT XXXI,OUT,0,,03/25/2022,KENTUCKY,E&F,,,,,,
Midlantic May Two-Year-Olds in Training (2024),2024-05-20,250,CH,F,GOOD MAGIC,RAGING ATLANTIC,STORMY ATLANTIC,HARTLEY/DE RENZO THOROUGHBREDS AGENT,HRH PRINCE SAUD BIN SALMAN,180000,,05/14/2022,KENTUCKY,A&I,,,,10.2,https://www.youtube.com/watch?v=ZMQFApb4E9o,
Midlantic May Two-Year-Olds in Training (2024),2024-05-20,251,B,F,GOOD MAGIC,RAGTIME HOPE,DIXIELAND BAND,PAUL SHARP AGENT I,OUT,0,,03/18/2022,KENTUCKY,J&K,,,https://vimeo.com/945838993?share=copy,10.2,https://www.youtube.com/watch?v=-3Xv-lkQj1w,
Midlantic May Two-Year-Olds in Training (2024),2024-05-20,252,DKB,C,AUDIBLE,RAMDHAA,MORE THAN READY,BEST A LUCK FARM LLC AGENT III,JOSEPH BESECKER,26000,,03/08/2022,KENTUCKY,I,,,https://vimeo.com/946398725?share=copy,10.2,https://www.youtube.com/watch?v=avIudEIEN84,
Midlantic May Two-Year-Olds in Training (2024),2024-05-20,253,B,C,FLATTER,RASTA FARIAN,HOLY BULL,BRYAN FORD TRAINING STABLE LLC AGENT III,WILL SACCO AGT-MIKE RAVALLO,20000,,05/17/2022,KENTUCKY,G,,,,10.3,https://www.youtube.com/watch?v=hoOc7uEzfO0,
Midlantic May Two-Year-Olds in Training (2024),2024-05-20,254,CH,F,MACLEAN'S MUSIC,RAVING ABOUT YOU,ARCH,DE MERIC SALES AGENT,NOT SOLD,10000,,02/25/2022,KENTUCKY,I&J,,,,10.3,https://www.youtube.com/watch?v=SN9dkgH_AXo,
Midlantic May Two-Year-Olds in Training (2024),2024-05-20,255,CH,F,MITOLE,RED CITY ZIP,CITY ZIP,NAVAS EQUINE AGENT,OUT,0,,04/06/2022,KENTUCKY,L,,,,,,
Midlantic May Two-Year-Olds in Training (2024),2024-05-20,256,B,C,MEDAGLIA D'ORO,REDEMPTION DAY,QUALITY ROAD,RANDY MILES AGENT XII,BHUPAT SEEMAR,325000,,04/21/2022,KENTUCKY,B&C,,,,10.1,https://www.youtube.com/watch?v=I-8r-USPdF4,
Midlantic May Two-Year-Olds in Training (2024),2024-05-20,257,DKB,F,MENDELSSOHN,RED NECK SONG,UNBRIDLED'S SONG,WES CARTER AGENT FOR CROSSED SABRES FARM,NOT SOLD,50000,,02/11/2022,KENTUCKY,F&G,,,,10.4,https://www.youtube.com/watch?v=xIUaLzWlsoI,
Midlantic May Two-Year-Olds in Training (2024),2024-05-20,258,GRR,C,BOLT D'ORO,REINITA,DOMINUS,PIKE RACING AT HIGHLANDER AGENT IV,BHUPAT SEEMAR AGENT FOR FMQ STABLES,100000,,04/01/2022,KENTUCKY,H,,,https://vimeo.com/946240083?share=copy,21.1,https://www.youtube.com/watch?v=teKSix8sQls,
Midlantic May Two-Year-Olds in Training (2024),2024-05-20,259,CH,F,CURLIN'S HONOR,RENEE'S CAT,COWTOWN CAT,GOLDENCENTS THOROUGHBREDS AGENT,SPORT OF KINGS RACING,35000,,02/07/2022,FLORIDA,C,,,,10.1,https://www.youtube.com/watch?v=XMaXyaelvrA,
Midlantic May Two-Year-Olds in Training (2024),2024-05-20,260,CH,F,COMPLEXITY,REPEAL AND REPLACE,LEA,LITTLE FARM EQUINE LLC AGENT,TAPROOT BLOODSTOCK AGENT,100000,,04/22/2022,KENTUCKY,D,,,https://youtu.be/bvXGB8smAIk?si=lBo-pCoPzPYAhiF8,10.2,https://www.youtube.com/watch?v=QyeHEy0anec,
Midlantic May Two-Year-Olds in Training (2024),2024-05-20,261,B,F,GOLDENCENTS,REQUIRE,BLAME,HARTLEY/DE RENZO THOROUGHBREDS AGENT,TRIN-BROOK STABLE,23000,,01/16/2022,KENTUCKY,A&I,,,,10.2,https://www.youtube.com/watch?v=a1Gkai3Cbbo,
Midlantic May Two-Year-Olds in Training (2024),2024-05-20,262,CH,F,INSTAGRAND,RESOLANA,PUT IT BACK,GOLDEN ROCK THOROUGHBREDS AGENT,PROUD STABLES INC,15000,,03/03/2022,FLORIDA,K,,,,10.2,https://www.youtube.com/watch?v=LPPrYHfsAbk,
Midlantic May Two-Year-Olds in Training (2024),2024-05-20,263,B,C,GUN RUNNER,REVERSE,COLONEL JOHN,DE MERIC SALES AGENT,OUT,0,,03/21/2022,KENTUCKY,I&J,,,,10.4,https://www.youtube.com/watch?v=Y_1bVU69Kjw,
Midlantic May Two-Year-Olds in Training (2024),2024-05-20,264,GRR,C,LIAM'S MAP,R FROSTY ONE,SOUTHERN SUCCESS,JAMES LAYDEN AGENT,NOT SOLD,35000,,04/18/2022,NEW YORK,D,,,,10.1,https://www.youtube.com/watch?v=b1ekIp1JRBg,
Midlantic May Two-Year-Olds in Training (2024),2024-05-20,265,B,F,PRACTICAL JOKE,RIDE ME FAST,CANDY RIDE (ARG),BEST A LUCK FARM LLC AGENT,NORMA LEE STOCKSETH,115000,,03/31/2022,KENTUCKY,I,,,https://vimeo.com/946398799?share=copy,10.2,https://www.youtube.com/watch?v=jr8S1Ux0iPw,
Midlantic May Two-Year-Olds in Training (2024),2024-05-20,266,CH,C,CATALINA CRUISER,RIGHT PREVAILS,SUCCESSFUL APPEAL,TOM MCCROCKLIN AGENT,MEG RACING LLC,17000,,04/19/2022,NEW YORK,D&E,,,https://vimeo.com/manage/videos/946036539/4c3923428f,10.2,https://www.youtube.com/watch?v=in_xl_5gWIk,
Midlantic May Two-Year-Olds in Training (2024),2024-05-20,267,B,C,BERNARDINI,RIGHT ROUND,MORE THAN READY,GRASSROOTS TRAINING AND SALES LLC,BURNS THOROUGHBRED RACING LLC,38000,,02/22/2022,NEW YORK,I,,,,10.2,https://www.youtube.com/watch?v=ka3985WS8zo,
Midlantic May Two-Year-Olds in Training (2024),2024-05-20,268,CH,F,KHOZAN,RING AND RUN,INTO MISCHIEF,TOM MCCROCKLIN AGENT,ANITA VELAZQUEZ,3000,,01/25/2022,FLORIDA,D&E,,,https://vimeo.com/manage/videos/946039114/8b9b157693,11.1,https://www.youtube.com/watch?v=z4izs66zQiM,
Midlantic May Two-Year-Olds in Training (2024),2024-05-20,269,DKB,F,CARAVAGGIO,ROMANA RULER (CHI),ROMAN RULER,SCANLON TRAINING & SALES AGENT XII,LITTLE RED FEATHER RACING JOHN DOWD AGENT,175000,,05/21/2022,KENTUCKY,T,,,https://vimeo.com/944580021?share=copy,10.1,https://www.youtube.com/watch?v=GKR4vsfx22A,
Midlantic May Two-Year-Olds in Training (2024),2024-05-20,270,CH,C,MUNNINGS,ROMAN LASSIE,LIAM'S MAP,EDDIE WOODS AGENT XXIX,OUT,0,,03/10/2022,KENTUCKY,J&K,,,,,,
Midlantic May Two-Year-Olds in Training (2024),2024-05-20,271,B,C,ALTERNATION,ROOM FOR APTITUDE,APTITUDE,RANDY MILES AGENT V,WEST POINT TB LEB AGENT,250000,,04/02/2022,KENTUCKY,B&C,,,,10.1,https://www.youtube.com/watch?v=2UhLp41hihc,
Midlantic May Two-Year-Olds in Training (2024),2024-05-20,272,B,C,KING FOR A DAY,ROSE AGAIN,CURLIN,HOPPEL LLC AGENT,OUT,0,,04/15/2022,NEW YORK,B&C,,,,,,
Midlantic May Two-Year-Olds in Training (2024),2024-05-20,273,CH,C,UNCLE LINO,ROSIE BELLE,TRAPPE SHOT,FAST HORSES AGENT,JULY JOHNSON,95000,,03/13/2022,MARYLAND,J,,,,10.1,https://www.youtube.com/watch?v=mrF9XGNB_I4,
Midlantic May Two-Year-Olds in Training (2024),2024-05-20,274,B,F,VEKOMA,ROXANNE O,ROCK HARD TEN,LG AGENT,ANTHONY FARRIOR,60000,,05/13/2022,OHIO,A,,,,10.1,https://www.youtube.com/watch?v=qdjUJcH8zKk,
Midlantic May Two-Year-Olds in Training (2024),2024-05-20,275,B,F,MO TOWN,ROYAL G G,ROYAL ACADEMY,GOLDEN ROCK THOROUGHBREDS AGENT,OUT,0,,04/07/2022,KENTUCKY,K,,,,,,
Midlantic May Two-Year-Olds in Training (2024),2024-05-20,276,DKB,F,BERNARDINI,RUBIES ARE RED,MEDAGLIA D'ORO,CRANE THOROUGHBRED SERVICES AGENT,PEDRO LANZ AGENT FOR KAS STABLES,650000,,02/19/2022,KENTUCKY,K&L,,,,10,https://www.youtube.com/watch?v=tgOXc-X7mAo,
Midlantic May Two-Year-Olds in Training (2024),2024-05-20,277,B,C,HONOR A. P.,RUN A DUBB DUBB,HARLINGTON,PICK VIEW LLC AGENT,NOT SOLD,42000,,03/28/2022,NEW YORK,T,,,https://vimeo.com/944680972,22.1,https://www.youtube.com/watch?v=nnJSLnMbKdw,
Midlantic May Two-Year-Olds in Training (2024),2024-05-20,278,B,F,TWIRLING CANDY,SAFE JOURNEY,FLATTER,CARY FROMMER LLC AGENT III,A FERRIS ALLEN III AGENT,40000,Y,02/12/2022,MARYLAND,A&B,,,https://vimeo.com/946625932?share=copy,10.4,https://www.youtube.com/watch?v=Xn8UEbsBbyE,
Midlantic May Two-Year-Olds in Training (2024),2024-05-20,279,DKB,C,MIDNIGHT LUTE,SAILING SHIKSA,BERNSTEIN,SHAMROCK STABLE AGENT,S.R.O.A. (K.O.I.D.),30000,,04/09/2022,KENTUCKY,C,,,https://youtu.be/oqbLE3Gp9EA?si=j3GlxvEXp1sjpADD,10.4,https://www.youtube.com/watch?v=6lUNOU29n9E,
Midlantic May Two-Year-Olds in Training (2024),2024-05-20,280,DKB,F,AUDIBLE,SALTEN SAPITY,CONGRATS,SCANLON TRAINING & SALES AGENT XII,FOX AND HARE STABLES,20000,,04/16/2022,KENTUCKY,T,,,https://vimeo.com/944582062?share=copy,10.3,https://www.youtube.com/watch?v=_5KKVwWNaKE,
Midlantic May Two-Year-Olds in Training (2024),2024-05-21,281,B,F,BOLT D'ORO,SARA'S GIRL,TAPIZAR,PAUL SHARP AGENT XII,JOHN SERVIS AGENT,40000,,04/21/2022,KENTUCKY,J&K,,,https://vimeo.com/945839164?share=copy,10.3,https://www.youtube.com/watch?v=3JQgnGo83CI,
Midlantic May Two-Year-Olds in Training (2024),2024-05-21,282,GRR,F,LIAM'S MAP,SASSY SENECA,COMPETITIVE EDGE,GOLDEN ROCK THOROUGHBREDS AGENT,NOT SOLD,14000,,05/03/2022,KENTUCKY,K,,,,10.3,https://www.youtube.com/watch?v=ExZ34dLPQ_8,
Midlantic May Two-Year-Olds in Training (2024),2024-05-21,283,DKB,C,MACLEAN'S MUSIC,SCARY NOT SCARED,MALIBU MOON,WAVERTREE STABLES INC. (CIARAN DUNNE) AGENT XI,MEG RACING,23000,,02/17/2022,KENTUCKY,T,,,https://vimeo.com/941968032?share=copy,22.2,https://www.youtube.com/watch?v=lq_jT8LW57E,
Midlantic May Two-Year-Olds in Training (2024),2024-05-21,284,CH,C,VOLATILE,SCAT'S LASSIE,SCAT DADDY,KINGS EQUINE AGENT,ABC RACING,280000,,02/27/2022,NEW YORK,T,,,https://vimeo.com/943784957,10,https://www.youtube.com/watch?v=g_mBBEw1Iic,
Midlantic May Two-Year-Olds in Training (2024),2024-05-21,285,CH,C,VEKOMA,SCION POWER,WILDCAT HEIR,WAVERTREE STABLES INC. (CIARAN DUNNE) AGENT XII,FLURRY RACING STABLES,350000,,01/18/2022,FLORIDA,T,,,https://vimeo.com/941967980?share=copy,9.4,https://www.youtube.com/watch?v=B9SxzSGUF8s,
Midlantic May Two-Year-Olds in Training (2024),2024-05-21,286,CH,C,VEKOMA,SCRIPTED,MISSION IMPAZIBLE,HARTLEY/DE RENZO THOROUGHBREDS AGENT,SETH MORRIS AGENT FOR HIT THE BID RACING,250000,,04/06/2022,KENTUCKY,A&I,,,,10,https://www.youtube.com/watch?v=jst8GFnbzUY,
Midlantic May Two-Year-Olds in Training (2024),2024-05-21,287,DKB,F,CARACARO,SCULPT,FIRST DEFENCE,TOP LINE SALES LLC AGENT XXXIII,RUDY RODRIGUEZ,27500,,01/30/2022,NEW YORK,E&F,,,,10.2,https://www.youtube.com/watch?v=eIDT9z22WAE,
Midlantic May Two-Year-Olds in Training (2024),2024-05-21,288,B,F,GOLDENCENTS,SEA DIVA,MIDSHIPMAN,WHITE PINE THOROUGHBREDS,DONALDSON BLOODSTOCK,40000,,02/14/2022,KENTUCKY,T,,,https://vimeo.com/944894454?share=copy,10.3,https://www.youtube.com/watch?v=pUy91E42Vew,
Midlantic May Two-Year-Olds in Training (2024),2024-05-21,289,B,C,KANTHAROS,SEAGRASS,QUALITY ROAD,WES CARTER AGENT FOR CARTER BROTHERS,NEW KENT INVESTORS,42000,,03/18/2022,KENTUCKY,F&G,,,,10.1,https://www.youtube.com/watch?v=srnrU99fmvc,
Midlantic May Two-Year-Olds in Training (2024),2024-05-21,290,CH,F,IMPROBABLE,SEANCHAI,ENGLISH CHANNEL,RANDY MILES AGENT XIV,OUT,0,,02/11/2022,PENNSYLVANIA,B&C,,,,,,
Midlantic May Two-Year-Olds in Training (2024),2024-05-21,291,DKB,F,GET STORMY,SEA PEGASUS,FUSAICHI PEGASUS,KINGS EQUINE AGENT,TREVOR GALLIMORE,10000,,05/07/2022,KENTUCKY,T,,,https://vimeo.com/945588847,10.1,https://www.youtube.com/watch?v=N9h0PKXogAs,
Midlantic May Two-Year-Olds in Training (2024),2024-05-21,292,CH,C,BEE JERSEY,SEA THE AWESOME (IRE),SEA THE STARS (IRE),TOM MCCROCKLIN AGENT,RYAN ZABROWSKI,50000,,05/08/2022,ONTARIO,D&E,,,https://vimeo.com/manage/videos/946041954/5b6f6cf6b4,10.2,https://www.youtube.com/watch?v=7joXZKxpYA0,
Midlantic May Two-Year-Olds in Training (2024),2024-05-21,293,B,C,COMPLEXITY,SEIZE THE EMPRESS,CARPE DIEM,KINGS EQUINE AGENT,NOT SOLD,10000,,02/01/2022,KENTUCKY,T,,,https://vimeo.com/944289929,10.2,https://www.youtube.com/watch?v=MXrVLmtGVaU,
Midlantic May Two-Year-Olds in Training (2024),2024-05-21,294,DKB,F,FLAMEAWAY,SELFIE,WAR CHANT,BRYAN FORD TRAINING STABLE LLC AGENT VI,CLASSIC AUTOMATIONS LLC RAYMIE LIGHTNER AGENT,15000,,03/26/2022,NEW YORK,G,,,,G,https://www.youtube.com/watch?v=EQu0emzu8dc,
Midlantic May Two-Year-Olds in Training (2024),2024-05-21,295,B,C,GUN RUNNER,SENORITA GUZMAN,CONSTITUTION,JAMES LAYDEN AGENT,RANDI PERSAUD,4000,,04/04/2022,NEW YORK,D,,,,10.4,https://www.youtube.com/watch?v=YnRg_JIp5nw,
Midlantic May Two-Year-Olds in Training (2024),2024-05-21,296,B,F,TIZ THE LAW,SENSITIVELY,STREET SENSE,NAVAS EQUINE AGENT,JOHN ROGITZ,150000,,03/19/2022,KENTUCKY,L,,,,10.1,https://www.youtube.com/watch?v=7blw-uc3aBc,
Midlantic May Two-Year-Olds in Training (2024),2024-05-21,297,CH,F,NOT THIS TIME,SHANANIES SONG,ELTISH,TOM MCCROCKLIN AGENT,OUT,0,,02/15/2022,FLORIDA,D&E,,,https://vimeo.com/manage/videos/946250343/2882327064,10.4,https://www.youtube.com/watch?v=XzXnP1iaDHU,
Midlantic May Two-Year-Olds in Training (2024),2024-05-21,298,CH,C,TOM'S D'ETAT,SHARONS IN CHARGE,WILL TAKE CHARGE,FAST HORSES AGENT,PICCOLINO RACING,8000,,02/10/2022,MARYLAND,J,,,,10.2,https://www.youtube.com/watch?v=Tj0MhT65JE0,
Midlantic May Two-Year-Olds in Training (2024),2024-05-21,299,GRR,F,FROSTED,SHAWKLIT CAKE,MAJESTICPERFECTION,TOP LINE SALES LLC AGENT XXIX,OUT,0,,03/18/2022,KENTUCKY,E&F,,,,,,
Midlantic May Two-Year-Olds in Training (2024),2024-05-21,300,CH,C,HARD SPUN,SHEAR CLASS,CURLIN,KINGS EQUINE AGENT,OUT,0,,02/04/2022,KENTUCKY,T,,,https://vimeo.com/945588655,10.3,https://www.youtube.com/watch?v=CcHftRYMP8w,
Midlantic May Two-Year-Olds in Training (2024),2024-05-21,302,CH,C,VINO ROSSO,SHE'S ALL READY,GIROLAMO,KINGS EQUINE AGENT FOR SPENDTHRIFT FARM LLC,OUT,0,,04/02/2022,KENTUCKY,T,,,,,,
Midlantic May Two-Year-Olds in Training (2024),2024-05-21,303,GRR,C,MORE THAN READY,SHIMMERING ASPEN,MALIBU MOON,CARY FROMMER LLC AGENT IV,OUT,0,,04/25/2022,MARYLAND,A&B,,,,,,
Midlantic May Two-Year-Olds in Training (2024),2024-05-21,304,DKB,F,SOLOMINI,SIGN OFF,DISTORTED HUMOR,LITTLE FARM EQUINE LLC AGENT,STEVEN W YOUNG AGT,45000,,04/09/2022,NEW YORK,D,,,https://youtu.be/VXLPW5FEAqQ?si=EON_DBTLtJKpP0Gt,10.2,https://www.youtube.com/watch?v=DqL1rXo_kfw,
Midlantic May Two-Year-Olds in Training (2024),2024-05-21,305,B,C,BLAME,SILENT BOND,MEDAGLIA D'ORO,TOP LINE SALES LLC AGENT XXXI,DENNIS O'NEILL,400000,,02/15/2022,KENTUCKY,E&F,,,,10.1,https://www.youtube.com/watch?v=cwiBRYsAsiI,
Midlantic May Two-Year-Olds in Training (2024),2024-05-21,306,GRR,C,NYQUIST,SILVER DOLLAR DIVA,HARLAN'S HOLIDAY,CRANE THOROUGHBRED SERVICES AGENT,JOSEPH J DIPIETRO,120000,,03/24/2022,KENTUCKY,K&L,,,,10.3,https://www.youtube.com/watch?v=yWTmJL-hnV4,
Midlantic May Two-Year-Olds in Training (2024),2024-05-21,307,B,C,MACLEAN'S MUSIC,SI SI TEQUILA,YES IT'S TRUE,DE MERIC SALES AGENT,OUT,0,,03/07/2022,KENTUCKY,I&J,,,,10.1,https://www.youtube.com/watch?v=KCRT2AI2d3g,
Midlantic May Two-Year-Olds in Training (2024),2024-05-21,308,DKB,C,INSTAGRAND,SISTAS READY,MORE THAN READY,EDDIE WOODS AGENT XXIX,LEGACY RACING,165000,,04/20/2022,NEW YORK,J&K,,,https://vimeo.com/941967946?share=copy,10.2,https://www.youtube.com/watch?v=adO-vZVO-2E,
Midlantic May Two-Year-Olds in Training (2024),2024-05-21,309,B,F,GUN RUNNER,SISTER DAWN,INDIAN CHARLIE,PIKE RACING AT HIGHLANDER AGENT VI,TAPROOT BLOODSTOCK AGENT,300000,,01/28/2022,KENTUCKY,H,,,https://vimeo.com/946240228?share=copy,10.2,https://www.youtube.com/watch?v=sG1wIyR4x4c,
Midlantic May Two-Year-Olds in Training (2024),2024-05-21,310,CH,C,COLLECTED,SISTER MARETTE,CUVEE,NIALL BRENNAN STABLES AGENT IV,OUT,0,,04/03/2022,NEW YORK,K,,,,,,
Midlantic May Two-Year-Olds in Training (2024),2024-05-21,311,GRR,C,MACLEAN'S MUSIC,SKY GESTURE,TIZNOW,TOM MCCROCKLIN AGENT,BRIANA LALMAN,15000,,01/21/2022,KENTUCKY,D&E,,,https://vimeo.com/manage/videos/946342889/a484c643c2,10.3,https://www.youtube.com/watch?v=EPOf1oTsWOM,
Midlantic May Two-Year-Olds in Training (2024),2024-05-21,312,B,C,WAR OF WILL,SMART DANCER,SMART STRIKE,MASON SPRINGS LLC AGENT I,GREG COMPTON AGT MAG RACING,50000,,05/12/2022,KENTUCKY,J,,,,10.2,https://www.youtube.com/watch?v=oz75g0MEL3E,
Midlantic May Two-Year-Olds in Training (2024),2024-05-21,313,B,F,LORD NELSON,SMILES FROM SADIE,FREUD,GOLDENCENTS THOROUGHBREDS AGENT,NOT SOLD,22000,,05/08/2022,KENTUCKY,C,,,,10.3,https://www.youtube.com/watch?v=FgYstzWYohI,
Midlantic May Two-Year-Olds in Training (2024),2024-05-21,314,GRR,C,STREET BOSS,SNOW MESA,SKY MESA,LONGORIA TRAINING AND SALES AGENT,NR CLUB LLC,150000,,03/29/2022,KENTUCKY,I,,,https://vimeo.com/945588947,9.4,https://www.youtube.com/watch?v=QbonelfNfHA,
Midlantic May Two-Year-Olds in Training (2024),2024-05-21,315,DKB,C,NOT THIS TIME,SOCIABLE,RUN AWAY AND HIDE,WAVERTREE STABLES INC. (CIARAN DUNNE) AGENT FOR COLTS NECK STABLES LLC,OUT,0,,01/26/2022,KENTUCKY,T,,,,,,
Midlantic May Two-Year-Olds in Training (2024),2024-05-21,316,B,F,MAXIMUS MISCHIEF,SODOR,SHAKESPEARE,FAST HORSES AGENT,NOT SOLD,37000,,02/27/2022,KENTUCKY,J,,,,10.1,https://www.youtube.com/watch?v=679ZwyCmVOk,
Midlantic May Two-Year-Olds in Training (2024),2024-05-21,317,DKB,F,HONOR A. P.,SOFTLY LIT,LATENT HEAT,PARRISH FARMS INC. AGENT,LC RACING LLC,110000,,05/16/2022,PENNSYLVANIA,I,,,,10.1,https://www.youtube.com/watch?v=zyQ9qCENseo,
Midlantic May Two-Year-Olds in Training (2024),2024-05-21,318,CH,C,COMPLEXITY,SOOTHSAYING,LEMON DROP KID,RICEHORSE STABLE AGENT,OUT,0,,02/17/2022,KENTUCKY,K,,,,,,
Midlantic May Two-Year-Olds in Training (2024),2024-05-21,319,DKB,C,INSTAGRAND,SPEIGHTSTOWN LADY,SPEIGHTSTOWN,PICK VIEW LLC AGENT,RANDI PERSAUD,13000,,05/12/2022,NEW YORK,T,,,https://vimeo.com/944681024,10.3,https://www.youtube.com/watch?v=TNWiR9TGal8,
Midlantic May Two-Year-Olds in Training (2024),2024-05-21,320,DKB,F,MACLEAN'S MUSIC,SPIRIT LETS HEARIT,GIROLAMO,NIALL BRENNAN STABLES AGENT IV,NOT SOLD,22000,,01/25/2022,KENTUCKY,K,,,https://youtu.be/UHSd77vm7gM,11,https://www.youtube.com/watch?v=ehxgXRBqfGI,
Midlantic May Two-Year-Olds in Training (2024),2024-05-21,321,B,F,MIDSHIPMAN,SPIRITUALIST,UNION RAGS,TOP LINE SALES LLC AGENT XV,D C GOFF,80000,,05/13/2022,KENTUCKY,E&F,,,,10.1,https://www.youtube.com/watch?v=veGc8u3DuWA,
Midlantic May Two-Year-Olds in Training (2024),2024-05-21,322,CH,F,THE BIG BEAST,SPRING INCLUDED,INCLUDE,TOM MCCROCKLIN AGENT,RANDY PATTERSON,200000,,04/10/2022,FLORIDA,D&E,,,https://vimeo.com/manage/videos/946389471/df90906935,10,https://www.youtube.com/watch?v=yvnHQP-m3N8,
Midlantic May Two-Year-Olds in Training (2024),2024-05-21,323,CH,F,LOOKIN AT LEE,STARSHIP FLARE,STEVIE WONDERBOY,GRASSROOTS TRAINING AND SALES LLC AGENT,CARLOS DIAZ,8000,,03/15/2022,NEW YORK,I,,,,11,https://www.youtube.com/watch?v=ZWxB_yemFPw,
Midlantic May Two-Year-Olds in Training (2024),2024-05-21,324,CH,F,GLOBAL CAMPAIGN,STELLA PRIMA,EL PRADO (IRE),GOLDENCENTS THOROUGHBREDS AGENT,T.J. ALBERT RACING LLC,25000,,05/17/2022,KENTUCKY,C,,,,10.3,https://www.youtube.com/watch?v=bLUtlaXiTnw,
Midlantic May Two-Year-Olds in Training (2024),2024-05-21,325,DKB,C,BLAME,STONEFACTOR,THE FACTOR,NIALL BRENNAN STABLES AGENT I,OUT,0,,04/08/2022,NEW YORK,K,,,https://vimeo.com/940141536?share=copy,10.3,https://www.youtube.com/watch?v=GHQJB30zOdw,
Midlantic May Two-Year-Olds in Training (2024),2024-05-21,326,GRR,C,INSTAGRAND,STONETACULAR,SPEIGHTSTOWN,SBM TRAINING AND SALES AGENT (TO DISSOLVE A PARTNERSHIP),PATRICE MILLER EQB AGT FOR WIZARD STABLES,85000,,02/17/2022,KENTUCKY,K&L,,,https://vimeo.com/945606936,10.1,https://www.youtube.com/watch?v=8kgrZCEa0Hg,
Midlantic May Two-Year-Olds in Training (2024),2024-05-21,327,B,F,WEST COAST,STORM SPELL,UNBRIDLED'S SONG,EDDIE WOODS AGENT XVII,OUT,0,,01/28/2022,KENTUCKY,J&K,,,,,,
Midlantic May Two-Year-Olds in Training (2024),2024-05-21,328,CH,G,STREET BOSS,STORM THE CHURCH,PULPIT,PICK VIEW LLC AGENT,JOE SHARP AGT,26000,,04/02/2022,KENTUCKY,T,,,https://vimeo.com/944681418,22,https://www.youtube.com/watch?v=zx3VJg1A-fs,
Midlantic May Two-Year-Olds in Training (2024),2024-05-21,329,GRR,C,AUTHENTIC,STREAK OF LUCK,OLD FASHIONED,SBM TRAINING AND SALES AGENT,LAURA BARRISH,100000,,01/16/2022,KENTUCKY,K&L,,,https://vimeo.com/945588099,10.1,https://www.youtube.com/watch?v=L-U4-DfxaMw,
Midlantic May Two-Year-Olds in Training (2024),2024-05-21,330,DKB,F,YOSHIDA (JPN),STREET GIRL,STREET HERO,HOLLY HILL TRAINING CENTER LLC,TREVOR GALLIMORE,8000,,05/11/2022,KENTUCKY,J,,,,11.2,https://www.youtube.com/watch?v=9ALCJJMVkRY,
Midlantic May Two-Year-Olds in Training (2024),2024-05-21,331,DKB,C,MUNNINGS,STREET RUMOR,STREET SENSE,TOM MCCROCKLIN AGENT,NOT SOLD,72000,,02/15/2022,KENTUCKY,D&E,,,https://vimeo.com/manage/videos/946346393/92c65f884a,10.4,https://www.youtube.com/watch?v=HveP92Dwbg0,
Midlantic May Two-Year-Olds in Training (2024),2024-05-21,332,CH,F,VOLATILE,STRIKE FREE,SMART STRIKE,BRYAN FORD TRAINING STABLE LLC AGENT IV,MICHAEL MAKER,45000,,04/12/2022,LOUISIANA,G,,,,10.2,https://www.youtube.com/watch?v=-rvYaYg2mZ8,
Midlantic May Two-Year-Olds in Training (2024),2024-05-21,333,DKB,F,BOLT D'ORO,STRIKE TWICE,MORE THAN READY,KINGS EQUINE AGENT,OUT,0,,04/03/2022,NEW YORK,T,,,https://vimeo.com/944291835,10.3,https://www.youtube.com/watch?v=VLMTiKdwhAA,
Midlantic May Two-Year-Olds in Training (2024),2024-05-21,334,DKB,F,UPSTART,STURDY ONE,LANGFUHR,KINGS EQUINE AGENT,OUT,0,,03/03/2022,KENTUCKY,T,,,https://vimeo.com/944291057,10.3,https://www.youtube.com/watch?v=uEkNbsi1FAg,
Midlantic May Two-Year-Olds in Training (2024),2024-05-21,335,CH,F,IMAGINING,SUCCESS AT SUNUP,SUCCESSFUL APPEAL,WES CARTER AGENT FOR LEMON CREEK FARM,NOT SOLD,24000,,05/11/2022,MARYLAND,F&G,,,,10.3,https://www.youtube.com/watch?v=dY3fJs36Ws8,
Midlantic May Two-Year-Olds in Training (2024),2024-05-21,336,DKB,C,TOM'S D'ETAT,SUGAR AND TE (IRE),GALILEO (IRE),KINGS EQUINE AGENT,TRIN-BROOK STABLE,8000,,04/11/2022,KENTUCKY,T,,,https://vimeo.com/944290080,10.3,https://www.youtube.com/watch?v=c4n9-MTBXwk,
Midlantic May Two-Year-Olds in Training (2024),2024-05-21,337,B,F,BOLT D'ORO,SUMMER'S READY,MORE THAN READY,DE MERIC SALES AGENT,JDLP HOLDINGS INC,160000,,03/24/2022,PENNSYLVANIA,I&J,,,,10,https://www.youtube.com/watch?v=NDSHoHKqbyM,
Midlantic May Two-Year-Olds in Training (2024),2024-05-21,338,B,F,BOURBON COURAGE,SUNDAY IN MALIBU,MALIBU MOON,BEATTIE HORSE TRAINING AND SALES AGENT FOR DR. RONALD HARRIS PARKER,NOT SOLD,67000,,04/04/2022,MARYLAND,K,,,,10.2,https://www.youtube.com/watch?v=zKagxo3MyTI,
Midlantic May Two-Year-Olds in Training (2024),2024-05-21,339,CH,C,VEKOMA,SUPER DIVINE,DIVINE PARK,SEQUEL BLOODSTOCK AGENT II,BHUPAT SEEMAR,200000,,03/05/2022,KENTUCKY,H,,,https://vimeo.com/940388239?share=copy,10.1,https://www.youtube.com/watch?v=Dr9q7k0eqWU,
Midlantic May Two-Year-Olds in Training (2024),2024-05-21,340,B,C,COLLECTED,SUPERTREND,YES IT'S TRUE,PARRISH FARMS INC. AGENT,MICHAEL GORHAM AGT,45000,,02/04/2022,NEW YORK,I,,,,10.4,https://www.youtube.com/watch?v=5UP1gGVSGfU,
Midlantic May Two-Year-Olds in Training (2024),2024-05-21,341,DKB,F,INSTAGRAND,SWAMP PASS ALLEY,QUALITY ROAD,GRASSROOTS TRAINING AND SALES LLC,S.R.O.A. (K.O.I.D.),40000,,03/15/2022,MARYLAND,I,,,,10.3,https://www.youtube.com/watch?v=gs6WJuqUn-I,
Midlantic May Two-Year-Olds in Training (2024),2024-05-21,342,DKB,F,AMERICAN FREEDOM,SWEET ELLA,SCAT DADDY,SHAMROCK STABLE,OUT,0,,04/23/2022,KENTUCKY,C,,,,,,
Midlantic May Two-Year-Olds in Training (2024),2024-05-21,343,B,F,OUTWORK,SWEET LADY,SCAT DADDY,SCANLON TRAINING & SALES AGENT XII,CARGUYS RACING LLC,75000,,05/20/2022,KENTUCKY,T,,,https://vimeo.com/944586065?share=copy,10.3,https://www.youtube.com/watch?v=9kYXG35ucNM,
Midlantic May Two-Year-Olds in Training (2024),2024-05-21,344,DKB,C,HONEST MISCHIEF,SWEET MEADOW MIST,D' FUNNYBONE,FAST HORSES AGENT,TREVOR GALLIMORE,4000,,03/21/2022,KENTUCKY,J,,,,10.1,https://www.youtube.com/watch?v=OYeTUo8-CEA,
Midlantic May Two-Year-Olds in Training (2024),2024-05-21,345,CH,F,MORE THAN READY,SWEET PROMISES,BERNARDINI,CRANE THOROUGHBRED SERVICES AGENT,BURGER RACING,180000,,03/22/2022,PENNSYLVANIA,K&L,,,,21.3,https://www.youtube.com/watch?v=TH6Cj7xlXWI,
Midlantic May Two-Year-Olds in Training (2024),2024-05-21,346,DKB,F,MOSLER,SWIMMER,ROCK SLIDE,WES CARTER AGENT,NOT SOLD,15000,,02/10/2022,MARYLAND,F&G,,,,10.3,https://www.youtube.com/watch?v=r1n0F01BJUE,
Midlantic May Two-Year-Olds in Training (2024),2024-05-21,347,GRR,C,VOLATILE,SYMPATHETIC,SMART STRIKE,CARY FROMMER LLC AGENT I,OUT,0,,04/30/2022,KENTUCKY,A&B,,,,,,
Midlantic May Two-Year-Olds in Training (2024),2024-05-21,348,B,F,MALIBU MOON,TALE OF SUCCESS,TALE OF THE CAT,SGV THOROUGHBREDS LLC (STEVEN VENOSA) AGENT,BIG BEAR BLOODSTOCK,70000,,03/03/2022,FLORIDA,T,,,,10.2,https://www.youtube.com/watch?v=pJ4F-cSFp0s,
Midlantic May Two-Year-Olds in Training (2024),2024-05-21,349,DKB,F,ASTERN (AUS),TANGAROO,LONHRO (AUS),GRASSROOTS TRAINING AND SALES LLC AGENT,KENNETH MCPEEK AGENT,140000,,04/12/2022,KENTUCKY,I,,,,10.1,https://www.youtube.com/watch?v=UrbXncShTKM,
Midlantic May Two-Year-Olds in Training (2024),2024-05-21,350,B,F,BOLT D'ORO,TAP CLASS,TAPITURE,BEST A LUCK FARM LLC AGENT I,BILL REIGHTLER AGT. FOR GREGORY TATUM RACING LLC,50000,,04/30/2022,KENTUCKY,I,,,https://vimeo.com/946398878?share=copy,10.2,https://www.youtube.com/watch?v=5taDZ4GmSJ0,
Midlantic May Two-Year-Olds in Training (2024),2024-05-21,351,B,F,GAME WINNER,TAPIT BABY TAPIT,TAPIT,DE MERIC SALES AGENT,OUT,0,,04/27/2022,KENTUCKY,I&J,,,,,,
Midlantic May Two-Year-Olds in Training (2024),2024-05-21,352,DKB,F,NYQUIST,TAP TO MY LU,TAPIT,KINGS EQUINE AGENT,TRIN-BROOK STABLE,9000,,03/22/2022,KENTUCKY,T,,,https://vimeo.com/944291989,10.3,https://www.youtube.com/watch?v=6hvhOFAxl6E,
Midlantic May Two-Year-Olds in Training (2024),2024-05-21,353,B,C,AUTHENTIC,TAYLOR'S SPIRIT,ALGORITHMS,JULIE DAVIES LLC AGENT,NADIR KHASSANOV,50000,,04/29/2022,LOUISIANA,F&G,,,https://vimeo.com/944903788?share=copy,10.3,https://www.youtube.com/watch?v=n37FijQCeVw,
Midlantic May Two-Year-Olds in Training (2024),2024-05-21,354,CH,F,SOLOMINI,TEASE,CROWD PLEASER,RANDY MILES AGENT VIII,NOT SOLD,52000,,04/08/2022,PENNSYLVANIA,B&C,,,,10.4,https://www.youtube.com/watch?v=v0xDjbuLEkA,
Midlantic May Two-Year-Olds in Training (2024),2024-05-21,355,GRR,C,VOLATILE,TELL ME WHY,CORINTHIAN,PARRISH FARMS INC. AGENT,PEDRO LANZ AGENT FOR KAS STABLES,200000,,05/17/2022,KENTUCKY,I,,,,10.1,https://www.youtube.com/watch?v=8McoDVIU6YM,
Midlantic May Two-Year-Olds in Training (2024),2024-05-21,356,B,F,MACLEAN'S MUSIC,TENSAS COWGIRL,COWBOY CAL,PICK VIEW LLC AGENT,XTREME RACING STABLES LLC,50000,,04/28/2022,KENTUCKY,T,,,https://vimeo.com/945279136,10.3,https://www.youtube.com/watch?v=tSeCnJd3ZoU,
Midlantic May Two-Year-Olds in Training (2024),2024-05-21,357,B,F,VINO ROSSO,TENSAS IDEA,IDE,HOLLY HILL TRAINING CENTER LLC,OUT,0,,02/19/2022,LOUISIANA,J,,,,11,https://www.youtube.com/watch?v=zq7GyM22ric,
Midlantic May Two-Year-Olds in Training (2024),2024-05-21,358,B,F,MAXIMUS MISCHIEF,TERM PAPER,DIXIE UNION,NIALL BRENNAN STABLES AGENT I,OUT,0,,02/24/2022,KENTUCKY,K,,,,,,
Midlantic May Two-Year-Olds in Training (2024),2024-05-21,359,B,C,CITY OF LIGHT,THATCHER,GIANT'S CAUSEWAY,TOM MCCROCKLIN AGENT,OUT,0,,04/04/2022,KENTUCKY,D&E,,,,,,
Midlantic May Two-Year-Olds in Training (2024),2024-05-21,360,GRR,F,MACLEAN'S MUSIC,THE GIRL FACTOR,THE FACTOR,PAUL SHARP AGENT XIII,LEGION BLOODSTOCK,170000,,02/07/2022,KENTUCKY,J&K,,,,10.1,https://www.youtube.com/watch?v=d3kCHtcEhkk,
Midlantic May Two-Year-Olds in Training (2024),2024-05-21,361,GRR,F,GIFT BOX,THE LAST MEOW,STORM CAT,GRASSROOTS TRAINING AND SALES LLC,KNOLLWOOD STABLES,105000,,03/11/2022,INDIANA,I,,,,10,https://www.youtube.com/watch?v=L6q8SFlLke0,
Midlantic May Two-Year-Olds in Training (2024),2024-05-21,362,CH,F,AUDIBLE,THE NOW CROWD,TIZNOW,CRANE THOROUGHBRED SERVICES AGENT,LEO J AMBROGI,15000,,02/28/2022,KENTUCKY,K&L,,,,10.2,https://www.youtube.com/watch?v=lpQEhFpvfNs,
Midlantic May Two-Year-Olds in Training (2024),2024-05-21,363,B,F,IMPROBABLE,THRILL OF GIANTS,GIANT'S CAUSEWAY,NAVAS EQUINE AGENT,ROBERT CONTI,20000,,05/04/2022,KENTUCKY,L,,,https://vimeo.com/945004599,10.4,https://www.youtube.com/watch?v=6lFhMegzpn8,
Midlantic May Two-Year-Olds in Training (2024),2024-05-21,364,CH,F,LORD NELSON,TIME WARP,CAIRO PRINCE,GRASSROOTS TRAINING AND SALES LLC AGENT,MARK REID BLOODSTOCK,52000,,04/14/2022,NEW YORK,I,,,,10.2,https://www.youtube.com/watch?v=iebGUIzYUVk,
Midlantic May Two-Year-Olds in Training (2024),2024-05-21,365,GRR,F,PRACTICAL JOKE,TIP TOP TAP,TAPIT,CARY FROMMER LLC AGENT IX,CHRIS MCCARTHY,50000,,03/07/2022,NEW YORK,A&B,,,https://vimeo.com/946626156?share=copy,10.1,https://www.youtube.com/watch?v=bq_AfxJKHy8,
Midlantic May Two-Year-Olds in Training (2024),2024-05-21,366,DKB,F,NOT THIS TIME,TIZ FASHIONABLE,DISTORTED HUMOR,KINGS EQUINE AGENT,NOT SOLD,27000,,05/21/2022,KENTUCKY,T,,,https://vimeo.com/944290504,10.2,https://www.youtube.com/watch?v=bzC1vQHhfHg,
Midlantic May Two-Year-Olds in Training (2024),2024-05-21,367,B,F,MITOLE,TIZJET,TIZNOW,GRASSROOTS TRAINING AND SALES LLC AGENT,KSI,325000,,03/18/2022,NEW YORK,I,,,,10,https://www.youtube.com/watch?v=kQk8iFWfJ48,
Midlantic May Two-Year-Olds in Training (2024),2024-05-21,368,GRR,F,THE FACTOR,TIZ MY LOVE,TIZ WONDERFUL,GRASSROOTS TRAINING AND SALES LLC,JOEL LOGAN,45000,,03/10/2022,NEW YORK,I,,,,10.2,https://www.youtube.com/watch?v=B1dRMaRz9T4,
Midlantic May Two-Year-Olds in Training (2024),2024-05-21,369,B,F,OUTWORK,TRANSLATOR,POSSE,GOLDEN ROCK THOROUGHBREDS AGENT,DIANA LI,70000,,03/24/2022,KENTUCKY,K,,,,10.1,https://www.youtube.com/watch?v=oFqi06-NJw0,
Midlantic May Two-Year-Olds in Training (2024),2024-05-21,370,DKB,G,ISOTHERM,TRAVEL WISH,INTO MISCHIEF,CARY FROMMER LLC AGENT,S.R.O.A. (K.O.I.D.),40000,,03/22/2022,KENTUCKY,A&B,,,,10.2,https://www.youtube.com/watch?v=YEhI7ukkPdM,
Midlantic May Two-Year-Olds in Training (2024),2024-05-21,371,B,C,GOLDEN LAD,TRIPPIN' ALONG,TRIPPI,ROYAL BLOODSTOCK SALES LLC AGENT I,SULIMAN BLOODSTOCK,20000,,04/27/2022,NEW YORK,B,,,https://vimeo.com/946615793?share=copy,11.1,https://www.youtube.com/watch?v=ObrA7pdKf00,
Midlantic May Two-Year-Olds in Training (2024),2024-05-21,372,GRR,F,FROSTED,TROPICLIKEITSHOT,CITY ZIP,GOLDENCENTS THOROUGHBREDS AGENT,MARC TACHER,30000,,03/04/2022,KENTUCKY,C,,,,10.2,https://www.youtube.com/watch?v=5vjTMNBJwrk,
Midlantic May Two-Year-Olds in Training (2024),2024-05-21,373,B,F,HIGHER POWER,TRUE LOVE IS YARE,UNBRIDLED'S SONG,PAUL SHARP AGENT III,OUT,0,,05/18/2022,KENTUCKY,J&K,,,https://vimeo.com/945839362?share=copy,11,https://www.youtube.com/watch?v=25SUDJOAUc4,
Midlantic May Two-Year-Olds in Training (2024),2024-05-21,374,B,F,AUTHENTIC,TRULY GIFTED,AFLEET ALEX,HARTLEY/DE RENZO THOROUGHBREDS AGENT,DENNIS O'NEILL,300000,,03/15/2022,KENTUCKY,A&I,,,,21.1,https://www.youtube.com/watch?v=Bd8UYTXDVMM,
Midlantic May Two-Year-Olds in Training (2024),2024-05-21,375,CH,F,JUSTIFY,TURBULENT DESCENT,CONGRATS,PICK VIEW LLC AGENT,OUT,0,,02/15/2022,KENTUCKY,T,,,,,,
Midlantic May Two-Year-Olds in Training (2024),2024-05-21,376,DKB,F,MORE THAN READY,TUSCAN CHIANTI,ROMAN RULER,EDDIE WOODS AGENT XLVIII,NOT SOLD,27000,,03/08/2022,KENTUCKY,J&K,,,https://vimeo.com/941967732?share=copy,10.3,https://www.youtube.com/watch?v=6pTxjcyLB5c,
Midlantic May Two-Year-Olds in Training (2024),2024-05-21,377,B,F,UPSTART,TWICE AROUND,JIMMY CREED,MASON SPRINGS PARTNERSHIP,KENNETH MUNAO/ DADDYS DIP RACING,10000,,03/24/2022,KENTUCKY,J,,,,10.2,https://www.youtube.com/watch?v=tn1qSBsuMR0,
Midlantic May Two-Year-Olds in Training (2024),2024-05-21,378,CH,C,VINO ROSSO,TWISTED DECISION,OLD FASHIONED,TOM MCCROCKLIN AGENT,NADIR KHASSANOV,15000,,04/16/2022,KENTUCKY,D&E,,,https://vimeo.com/manage/videos/946351056/e4abe6d943,11.4,https://www.youtube.com/watch?v=nVJt2gy-AmE,
Midlantic May Two-Year-Olds in Training (2024),2024-05-21,379,B,C,MACLEAN'S MUSIC,TWO FACED MOON,MALIBU MOON,EDDIE WOODS AGENT LI,NAJD STUD,650000,,05/04/2022,KENTUCKY,J&K,,,https://vimeo.com/941967649?share=copy,10.1,https://www.youtube.com/watch?v=vCoYx37A9oQ,
Midlantic May Two-Year-Olds in Training (2024),2024-05-21,380,DKB,F,FLATTER,TWO SHAKES,EXCHANGE RATE,JULIE DAVIES LLC AGENT,OUT,0,,02/03/2022,KENTUCKY,F&G,,,,,,
Midlantic May Two-Year-Olds in Training (2024),2024-05-21,381,B,C,BOLT D'ORO,UNBRIDLED HUNTRESS,EMPIRE MAKER,LG AGENT,CJ STABLES LLC,70000,,01/27/2022,KENTUCKY,A,,,,10.1,https://www.youtube.com/watch?v=bsusmdd-8Eo,
Midlantic May Two-Year-Olds in Training (2024),2024-05-21,382,DKB,C,GUN RUNNER,UNBRIDLED QUEST,UNBRIDLED'S SONG,JULIE DAVIES LLC AGENT,STEVEN W YOUNG AGENT,170000,,05/11/2022,KENTUCKY,F&G,,,https://vimeo.com/944904958?share=copy,10.3,https://www.youtube.com/watch?v=1T3FOYPOjro,
Midlantic May Two-Year-Olds in Training (2024),2024-05-21,383,CH,F,UNION RAGS,UNCHAIN HER HEART,SHACKLEFORD,GOLDEN ROCK THOROUGHBREDS AGENT,OUT,0,,02/03/2022,KENTUCKY,K,,,,,,
Midlantic May Two-Year-Olds in Training (2024),2024-05-21,384,B,C,TAPITURE,UNION QUEEN,UNION RAGS,NAVAS EQUINE AGENT,OUT,0,,03/01/2022,KENTUCKY,L,,,,,,
Midlantic May Two-Year-Olds in Training (2024),2024-05-21,385,B,F,INSTAGRAND,UNLUCKY HILLARY,LOOKIN AT LUCKY,ROYAL BLOODSTOCK SALES LLC AGENT I,MICHAEL SCHEFFRES,14000,,05/08/2022,MARYLAND,B,,,https://vimeo.com/946615972?share=copy,23,https://www.youtube.com/watch?v=NHdF0xIQFLQ,
Midlantic May Two-Year-Olds in Training (2024),2024-05-21,386,B,C,INSTAGRAND,UPSTAGER,DISTORTED HUMOR,SBM TRAINING AND SALES AGENT,OUT,0,,04/30/2022,KENTUCKY,K&L,,,,,,
Midlantic May Two-Year-Olds in Training (2024),2024-05-21,387,DKB,F,UNIFIED,UPTOWN TUFFY,WINDSOR CASTLE,JAMES LAYDEN AGENT,BEN GOWANS/GRACIE BLSK AGT.,95000,,02/05/2022,WEST VIRGINIA,D,,,,10.1,https://www.youtube.com/watch?v=c0j3qe3jj9c,
Midlantic May Two-Year-Olds in Training (2024),2024-05-21,388,B,C,THOUSAND WORDS,VANTER,FLATTER,TOM MCCROCKLIN AGENT,BRUCE BROWN AGENT,47000,,05/01/2022,NEW YORK,D&E,,,https://vimeo.com/manage/videos/946354862/77edde92f4,10.2,https://www.youtube.com/watch?v=KeQ7WKf4duU,
Midlantic May Two-Year-Olds in Training (2024),2024-05-21,389,B,C,HONEST MISCHIEF,VIBRATO,UNBRIDLED'S SONG,SEQUEL BLOODSTOCK AGENT III,CLAY SCHERER/KERRI RADCLIFFE/ LADY SHEILA,260000,,03/07/2022,NEW YORK,H,,,https://vimeo.com/940388449?share=copy,10,https://www.youtube.com/watch?v=5z-uHpsuJPA,
Midlantic May Two-Year-Olds in Training (2024),2024-05-21,390,DKB,C,VOLATILE,VICTORIOUS HEART,LION HEARTED,LONGORIA TRAINING AND SALES AGENT,CARGUYS RACING LLC,55000,,04/04/2022,KENTUCKY,I,,,https://vimeo.com/945607033,10.1,https://www.youtube.com/watch?v=DkoXFWh9ON8,
Midlantic May Two-Year-Olds in Training (2024),2024-05-21,391,B,C,UNCLE MO,VICTORY PARTY,YANKEE VICTOR,SBM TRAINING AND SALES AGENT,OUT,0,,02/22/2022,KENTUCKY,K&L,,,https://vimeo.com/945606709,10.2,https://www.youtube.com/watch?v=PsPzuG-Uomw,
Midlantic May Two-Year-Olds in Training (2024),2024-05-21,392,DKB,C,STREET SENSE,VICTORY RALLY,JUMP START,THOROSTOCK LLC AGENT,NOT SOLD,45000,,02/18/2022,MARYLAND,J,,,https://vimeo.com/943067468,10.3,https://www.youtube.com/watch?v=BNftA499r_s,
Midlantic May Two-Year-Olds in Training (2024),2024-05-21,393,B,C,MCKINZIE,VIOLENT TIMES,VIOLENCE,TOM MCCROCKLIN AGENT,OUT,0,,02/20/2022,KENTUCKY,D&E,,,,,,
Midlantic May Two-Year-Olds in Training (2024),2024-05-21,394,CH,F,NYQUIST,VOTING AGREEMENT,MORE THAN READY,HARTLEY/DE RENZO THOROUGHBREDS AGENT,JONATHAN KALMAN,200000,,01/23/2022,KENTUCKY,A&I,,,,21.3,https://www.youtube.com/watch?v=-KXus54K4Hs,
Midlantic May Two-Year-Olds in Training (2024),2024-05-21,395,B,C,PRACTICAL JOKE,WAHGAH,DISTORTED HUMOR,SCANLON TRAINING & SALES AGENT II,OUT,0,,05/26/2022,KENTUCKY,T,,,,,,
Midlantic May Two-Year-Olds in Training (2024),2024-05-21,396,DKB,F,GLOBAL CAMPAIGN,WAR OF THE STATES,BODEMEISTER,WHITE PINE THOROUGHBREDS,TEN STRIKE RACING,50000,,04/07/2022,KENTUCKY,T,,,https://vimeo.com/944610846?share=copy,10.2,https://www.youtube.com/watch?v=IQnepyAOFy4,
Midlantic May Two-Year-Olds in Training (2024),2024-05-21,397,B,F,ALWAYS DREAMING,WAR VALUE,WAR FRONT,DE MERIC SALES AGENT,ERIC YUENG,120000,,04/10/2022,KENTUCKY,I&J,,,,10.1,https://www.youtube.com/watch?v=UXaHoyvhvtM,
Midlantic May Two-Year-Olds in Training (2024),2024-05-21,398,B,C,MITOLE,WEALTH CREATION,SUPER SAVER,SBM TRAINING AND SALES AGENT,OLLIE L FIGGINS,55000,,05/10/2022,KENTUCKY,K&L,,,,10.3,https://www.youtube.com/watch?v=Vc7yOhQTXF4,
Midlantic May Two-Year-Olds in Training (2024),2024-05-21,399,B,F,AUTHENTIC,WEAR RED,HENNY HUGHES,SEQUEL BLOODSTOCK AGENT II,P MILLER EQB AGENT,150000,,05/19/2022,KENTUCKY,H,,,https://vimeo.com/940388582?share=copy,10.3,https://www.youtube.com/watch?v=fwgIFxjT37k,
Midlantic May Two-Year-Olds in Training (2024),2024-05-21,400,CH,C,JUSTIFY,WEEKEND STRIKE,SMART STRIKE,HARTLEY/DE RENZO THOROUGHBREDS AGENT,PEDRO LANZ AGENT FOR KAS STABLES,425000,,05/13/2022,KENTUCKY,A&I,,,,10,https://www.youtube.com/watch?v=BD4aZ-tsKhU,
Midlantic May Two-Year-Olds in Training (2024),2024-05-21,401,B,F,BOLT D'ORO,WEREWOLF,ARCH,WAVERTREE STABLES INC. (CIARAN DUNNE) AGENT XIV,WINCHELL THOROUGHBREDS,1250000,,02/28/2022,KENTUCKY,T,,,https://vimeo.com/941967901?share=copy,10,https://www.youtube.com/watch?v=SBRDIxkV-94,
Midlantic May Two-Year-Olds in Training (2024),2024-05-21,402,CH,F,GUN RUNNER,WESTSIDE TAPSTRESS,LOOKIN AT LUCKY,DE MERIC SALES AGENT,FIRST FINDS,120000,,05/03/2022,KENTUCKY,I&J,,,,10.4,https://www.youtube.com/watch?v=NVP7w5iOCv4,
Midlantic May Two-Year-Olds in Training (2024),2024-05-21,403,B,C,PRACTICAL JOKE,WHATS YUR STORY,LIAISON,GOLDEN ROCK THOROUGHBREDS AGENT,MICHAEL MAKER,70000,,04/19/2022,KENTUCKY,K,,,,21.3,https://www.youtube.com/watch?v=CJdcpcuxyvY,
Midlantic May Two-Year-Olds in Training (2024),2024-05-21,404,DKB,C,JUSTIFY,WHISPER WISDOM,ROCKPORT HARBOR,HARTLEY/DE RENZO THOROUGHBREDS AGENT,OUT,0,,04/19/2022,NEW YORK,A&I,,,,10.2,https://www.youtube.com/watch?v=SoRssR76BhA,
Midlantic May Two-Year-Olds in Training (2024),2024-05-21,405,B,F,VEKOMA,WHITE SLIPPERS,SILVER DEPUTY,NAVAS EQUINE AGENT,PURE BRED FUNDING LLC,25000,,05/01/2022,NEW YORK,L,,,https://vimeo.com/945004676,10.3,https://www.youtube.com/watch?v=BNStKZow7Yg,
Midlantic May Two-Year-Olds in Training (2024),2024-05-21,406,B,C,STREET MAGICIAN,WHO'S IN LOVE,NOT FOR LOVE,FAST HORSES AGENT,BURNS THOROUGHBRED RACING LLC,55000,,04/16/2022,PENNSYLVANIA,J,,,,10.2,https://www.youtube.com/watch?v=_1qsPj0H2fc,
Midlantic May Two-Year-Olds in Training (2024),2024-05-21,407,B,C,INSTAGRAND,WILD YEAR,TIZNOW,LONGORIA TRAINING AND SALES AGENT,OUT,0,,03/11/2022,KENTUCKY,I,,,,,,
Midlantic May Two-Year-Olds in Training (2024),2024-05-21,409,B,F,MOSLER,WILL DO,ROMAN RULER,GRASSROOTS TRAINING AND SALES LLC AGENT I,SHEFFIELD STABLE LLC,40000,,01/31/2022,MARYLAND,I,,,,10.2,https://www.youtube.com/watch?v=XKvnkKo1Dk8,
Midlantic May Two-Year-Olds in Training (2024),2024-05-21,410,DKB,C,MOSLER,WINNING THREAD,LOOKIN AT LUCKY,GRASSROOTS TRAINING AND SALES LLC,CAL LYNCH,22000,,04/09/2022,VIRGINIA,I,,,,10.3,https://www.youtube.com/watch?v=BVaQEz6nHGg,
Midlantic May Two-Year-Olds in Training (2024),2024-05-21,411,B,F,GIFT BOX,WINTER BOOK,ANY GIVEN SATURDAY,SEQUEL BLOODSTOCK AGENT V,PRINCE AZIZ (NIZAR),40000,,05/22/2022,NEW YORK,H,,,https://vimeo.com/940388745?share=copy,10.2,https://www.youtube.com/watch?v=rhSIX1BB6I8,
Midlantic May Two-Year-Olds in Training (2024),2024-05-21,412,CH,C,UNION RAGS,WIZARDRY,TEUFLESBERG,TOP LINE SALES LLC AGENT XXVII,OUT,0,,02/24/2022,NEW YORK,E&F,,,,,,
Midlantic May Two-Year-Olds in Training (2024),2024-05-21,413,DKB,C,OMAHA BEACH,WONDERFULADVENTURE,TIZ WONDERFUL,TOP LINE SALES LLC AGENT XXVI,BLINKERS ON RACING STABLE,300000,,02/17/2022,KENTUCKY,E&F,,,,10.2,https://www.youtube.com/watch?v=PEL1CuVABgQ,
Midlantic May Two-Year-Olds in Training (2024),2024-05-21,414,CH,F,VINO ROSSO,WOODSBORO,CONGRATS,PICK VIEW LLC AGENT,WILL SACCOAGT/ELLIOTT MAVORAH,10000,,05/08/2022,KENTUCKY,T,,,https://vimeo.com/945279445,10.4,https://www.youtube.com/watch?v=zYzVD-iKPPg,
Midlantic May Two-Year-Olds in Training (2024),2024-05-21,415,B,C,PRACTICAL JOKE,W W AMERICAN,QUIET AMERICAN,EDDIE WOODS AGENT XVIII,OUT,0,,04/26/2022,KENTUCKY,J&K,,,https://vimeo.com/941967518?share=copy,11,https://www.youtube.com/watch?v=kjS9Whg3MVA,
Midlantic May Two-Year-Olds in Training (2024),2024-05-21,416,B,F,MITOLE,WYN JYM,PROUD CITIZEN,DE MERIC SALES AGENT,HUBERT GUY BLOODSTOCK,60000,,03/16/2022,KENTUCKY,I&J,,,,10.1,https://www.youtube.com/watch?v=egZW_7dErB0,
Midlantic May Two-Year-Olds in Training (2024),2024-05-21,417,B,F,SPUN TO RUN,YAKO,MINESHAFT,J & R THOROUGHBREDS LLC,GRACIE MAE STABLES,15000,,04/05/2022,KENTUCKY,I,,,,10.2,https://www.youtube.com/watch?v=Fn51QLVR45M,
Midlantic May Two-Year-Olds in Training (2024),2024-05-21,418,DKB,F,CARACARO,YENTA,MARSH SIDE,JAMES LAYDEN AGENT,OUT,0,,03/05/2022,NEW YORK,D,,,,,,
Midlantic May Two-Year-Olds in Training (2024),2024-05-21,419,CH,F,FLAMEAWAY,YOUR EYES ONLY,PIONEEROF THE NILE,GRASSROOTS TRAINING AND SALES LLC,RANDI PERSAUD,8000,,04/06/2022,KENTUCKY,I,,,,11,https://www.youtube.com/watch?v=HmH4N6s2ug0,
Midlantic May Two-Year-Olds in Training (2024),2024-05-21,420,DKB,F,STREET SENSE,ZETTA Z,BERNARDINI,HARTLEY/DE RENZO THOROUGHBREDS AGENT,OUT,0,,04/23/2022,KENTUCKY,A&I,,,,,,
Midlantic May Two-Year-Olds in Training (2024),2024-05-21,421,CH,F,MENDELSSOHN,ABOU,DISTORTED HUMOR,HOLLY HILL TRAINING CENTER LLC,THORONECK CORP,17000,,03/31/2022,KENTUCKY,J,,,,11,https://www.youtube.com/watch?v=G1bYApoRwgo,
Midlantic May Two-Year-Olds in Training (2024),2024-05-21,422,DKB,C,MISSION IMPAZIBLE,ABUNDANTLY CLEAR,PULPIT,THOROSTOCK LLC AGENT,S.R.O.A. (K.O.I.D.),50000,,05/01/2022,NEW YORK,J,,,https://vimeo.com/943067702,10.2,https://www.youtube.com/watch?v=akj_B094akI,
Midlantic May Two-Year-Olds in Training (2024),2024-05-21,423,CH,C,NYQUIST,ACTUALLY,SPEIGHTSTOWN,HOPPEL LLC AGENT,OUT,0,,04/11/2022,KENTUCKY,B&C,,,,,,
Midlantic May Two-Year-Olds in Training (2024),2024-05-21,424,B,C,DIALED IN,ADLER,UNUSUAL HEAT,PARRISH FARMS INC. AGENT,JOHN MARCEDA,8000,,03/17/2022,KENTUCKY,I,,,,10.4,https://www.youtube.com/watch?v=KHRcI_IZx0o,
Midlantic May Two-Year-Olds in Training (2024),2024-05-21,425,B,C,GOOD MAGIC,ADORINA,BERNARDINI,GRASSROOTS TRAINING AND SALES LLC AGENT,HRH PRINCE SAUD BIN SALMAN,120000,,03/24/2022,MARYLAND,I,,,,10.3,https://www.youtube.com/watch?v=hTxuSZZty4Q,
Midlantic May Two-Year-Olds in Training (2024),2024-05-21,426,CH,C,TIZ THE LAW,ADRIATIC DREAM,WILD DESERT,TOP LINE SALES LLC AGENT XXXI,OUT,0,,03/22/2022,NEW YORK,E&F,,,,,,
Midlantic May Two-Year-Olds in Training (2024),2024-05-21,427,DKB,F,PROTONICO,AESCULUS,HORSE CHESTNUT (SAF),SHAMROCK STABLE AGENT,COOL HILL FARM,8000,,05/05/2022,KENTUCKY,C,,,https://youtu.be/SR08-rzp0po?si=MPPX8td0P8pR9t95,11,https://www.youtube.com/watch?v=PVO-PL0HDBc,
Midlantic May Two-Year-Olds in Training (2024),2024-05-21,428,B,F,MACLEAN'S MUSIC,AFFIRMATION,ASTROLOGY,SBM TRAINING AND SALES AGENT,OUT,0,,02/10/2022,KENTUCKY,K&L,,,https://vimeo.com/945587956,10.2,https://www.youtube.com/watch?v=l7ocWCctBoo,
Midlantic May Two-Year-Olds in Training (2024),2024-05-21,429,B,C,CURLIN,AMERICA'S STARLET,CONCORD POINT,HARTLEY/DE RENZO THOROUGHBREDS AGENT,DONATO LANNI AGT FOR IMAGINE,500000,,05/05/2022,KENTUCKY,A&I,,,,10.1,https://www.youtube.com/watch?v=oTxjshNMYyI,
Midlantic May Two-Year-Olds in Training (2024),2024-05-21,430,B,C,HARD SPUN,ALHUCEMA,ALDEBARAN,BRYAN FORD TRAINING STABLE LLC AGENT IV,JOSE CORRALES,15000,,03/22/2022,NEW YORK,G,,,,11,https://www.youtube.com/watch?v=TQpUn_LOfpI,
Midlantic May Two-Year-Olds in Training (2024),2024-05-21,431,CH,F,AUDIBLE,ALLHAPPYANDBRIGHT,ALTERNATION,RANDY MILES AGENT IV,NOT SOLD,37000,,02/01/2022,KENTUCKY,B&C,,,,10.3,https://www.youtube.com/watch?v=Gk23_WXg8fw,
Midlantic May Two-Year-Olds in Training (2024),2024-05-21,432,B,F,HONEST MISCHIEF,ALL IN TIME,CURLIN,KINGS EQUINE AGENT,DONATO LANNI AGENT,190000,,04/04/2022,NEW YORK,T,,,https://vimeo.com/944290711,10.1,https://www.youtube.com/watch?v=UYz5Acxla9Q,
Midlantic May Two-Year-Olds in Training (2024),2024-05-21,433,DKB,C,KING FOR A DAY,ALL OVER THE MAP,LIAM'S MAP,PAUL SHARP AGENT V,OUT,0,,03/02/2022,NEW YORK,J&K,,,,,,
Midlantic May Two-Year-Olds in Training (2024),2024-05-21,434,CH,C,GAME WINNER,ALOTTALUTE,MIDNIGHT LUTE,WES CARTER AGENT FOR CARTER BROTHERS,R LARRY JOHNSON,95000,,03/10/2022,MARYLAND,F&G,,,,10.2,https://www.youtube.com/watch?v=Sm_S65ODEIc,
Midlantic May Two-Year-Olds in Training (2024),2024-05-21,435,DKB,F,TEMPLE CITY,ALTOON,SPEIGHTSTOWN,TOM MCCROCKLIN AGENT,RICHARD SILLAMAN AGENT FOR JOE PROCOPIO,12000,,02/12/2022,KENTUCKY,D&E,,,https://vimeo.com/manage/videos/946392679/a7da85a620,10.3,https://www.youtube.com/watch?v=82MzQZFReYw,
Midlantic May Two-Year-Olds in Training (2024),2024-05-21,436,B,F,KLIMT,ANABRANCH,CONGAREE,NAVAS EQUINE AGENT,CARL R MOORE MANAGEMENT LLC,85000,,01/23/2022,KENTUCKY,L,,,,10.2,https://www.youtube.com/watch?v=REfX3uU0r_I,
Midlantic May Two-Year-Olds in Training (2024),2024-05-21,437,CH,F,COMPLEXITY,ANANDI,ANABAA,TWO OAKS EQUINE AGENT,NOT SOLD,19000,,03/19/2022,KENTUCKY,F,,,,10.2,https://www.youtube.com/watch?v=VFAaTbmfMf4,
Midlantic May Two-Year-Olds in Training (2024),2024-05-21,438,GRR,F,LIAM'S MAP,ANDELE,BERNARDINI,PAUL SHARP AGENT I,FLYING P STABLE,30000,,04/04/2022,KENTUCKY,J&K,,,,10.3,https://www.youtube.com/watch?v=mTKs_ON87-0,
Midlantic May Two-Year-Olds in Training (2024),2024-05-21,439,GRR,C,FROSTED,ANJORIE,A. P JET,GOLDEN ROCK THOROUGHBREDS AGENT,RANDOM CHANCE RACING LLC,42000,,04/19/2022,NEW YORK,K,,,,10.3,https://www.youtube.com/watch?v=JGOOElLxSp4,
Midlantic May Two-Year-Olds in Training (2024),2024-05-21,440,CH,F,GOOD MAGIC,ANTONINA (PER),AWESOME TWIST,THOROSTOCK LLC AGENT,OVERTIME FARM LLC,13000,,02/13/2022,KENTUCKY,J,,,https://vimeo.com/943067168,22.2,https://www.youtube.com/watch?v=gt4Rw-rYK0w,
Midlantic May Two-Year-Olds in Training (2024),2024-05-21,441,DKB,C,TAKE CHARGE INDY,A PLUS,SMARTY JONES,HOPPEL LLC AGENT,ANTHONY FARRIOR,40000,,03/24/2022,ONTARIO,B&C,,,https://youtu.be/GVtvD5t-QSA?feature=shared,21.4,https://www.youtube.com/watch?v=mmcu1URtVGg,
Midlantic May Two-Year-Olds in Training (2024),2024-05-21,442,DKB,C,CATHOLIC BOY,APPEALING HONOR,QUALITY ROAD,CRANE THOROUGHBRED SERVICES AGENT,JOSE CORRALES,5000,,01/29/2022,KENTUCKY,K&L,,,,11.1,https://www.youtube.com/watch?v=30jJcLNPkZ0,
Midlantic May Two-Year-Olds in Training (2024),2024-05-21,443,DKB,C,BLAME,ARABISINI,BERNARDINI,ROYAL BLOODSTOCK SALES LLC,OUT,0,,03/28/2022,NEW YORK,B,,,https://vimeo.com/946616152?share=copy,11,https://www.youtube.com/watch?v=PoBB5rID4TE,
Midlantic May Two-Year-Olds in Training (2024),2024-05-21,444,CH,C,CLUBHOUSE RIDE,ARGUE MY CASE,CLOSING ARGUMENT,FAST HORSES AGENT,JOSE CORRALES,2000,,03/05/2022,KENTUCKY,J,,,,10.4,https://www.youtube.com/watch?v=9oUxdgnCoRo,
Midlantic May Two-Year-Olds in Training (2024),2024-05-21,445,CH,C,BUCCHERO,A ROSEFOR ISABELLE,HARD SPUN,TWO OAKS EQUINE AGENT,LC RACING LLC,60000,,02/19/2022,FLORIDA,F,,,,10.2,https://www.youtube.com/watch?v=uSjhhTUIc6s,
Midlantic May Two-Year-Olds in Training (2024),2024-05-21,446,DKB,G,CENTRAL BANKER,ARTILLERY PUNCH,KITTEN'S JOY,WES CARTER AGENT FOR CROSSED SABRES FARM,NOT SOLD,15000,,03/16/2022,NEW YORK,F&G,,,,10.3,https://www.youtube.com/watch?v=MgodOJ0Ahd4,
Midlantic May Two-Year-Olds in Training (2024),2024-05-21,447,DKB,C,INSTAGRAND,ARTISTICDIFFERENCE,ESKENDEREYA,RICEHORSE STABLE AGENT,OUT,0,,03/10/2022,KENTUCKY,K,,,,,,
Midlantic May Two-Year-Olds in Training (2024),2024-05-21,448,B,C,BERNARDINI,ARTISTIC LIFE,DISTORTED HUMOR,JULIE DAVIES LLC AGENT,SULLIMAN BLOODSTOCK,20000,,04/24/2022,KENTUCKY,F&G,,,https://vimeo.com/944906026?share=copy,11,https://www.youtube.com/watch?v=ODHxeERQ8MY,
Midlantic May Two-Year-Olds in Training (2024),2024-05-21,449,B,C,KANTHAROS,ASSURED,EMPIRE MAKER,LG AGENT,S.R.O.A. (K.O.I.D.),15000,,05/08/2022,NEW YORK,A,,,,10.4,https://www.youtube.com/watch?v=ZKonkCroRCM,
Midlantic May Two-Year-Olds in Training (2024),2024-05-21,450,B,F,PRACTICAL JOKE,AUNT DOROTHY,UNCLE MO,WAVERTREE STABLES INC. (CIARAN DUNNE) AGENT XV,CASE CLAY THOROUGHBRED MGMT.,525000,,02/02/2022,KENTUCKY,T,,,https://vimeo.com/941967846?share=copy,10.1,https://www.youtube.com/watch?v=vaaI0knvX-k,
Midlantic May Two-Year-Olds in Training (2024),2024-05-21,451,GRR,G,SOLOMINI,AUTUMN ASH,TAPIT,WES CARTER AGENT FOR CROSSED SABRES FARM,NOT SOLD,31000,,03/23/2022,NEW YORK,F&G,,,,10.4,https://www.youtube.com/watch?v=YoDKPyj_QlA,
Midlantic May Two-Year-Olds in Training (2024),2024-05-21,452,DKB,C,WORLD OF TROUBLE,AWESOME BEAUTY,AWESOME AGAIN,DE MERIC SALES AGENT,LINDA MERRITT,20000,,02/24/2022,FLORIDA,I&J,,,https://vimeo.com/946798730?share=copy,11,https://www.youtube.com/watch?v=kZg0lflIyJA,
Midlantic May Two-Year-Olds in Training (2024),2024-05-21,453,DKB,C,IMPROBABLE,AZALEA BELLE,DIXIE UNION,RANDY MILES AGENT IX,OUT,0,,03/04/2022,KENTUCKY,B&C,,,,,,
Midlantic May Two-Year-Olds in Training (2024),2024-05-21,454,B,C,MENDELSSOHN,BABY ZITO,CURLIN,NAVAS EQUINE AGENT,OUT,0,,03/22/2022,KENTUCKY,L,,,,,,
Midlantic May Two-Year-Olds in Training (2024),2024-05-21,455,GRR,F,THE FACTOR,BALLAD,TAPIT,FAST HORSES AGENT,RODNEY L HOCKER,25000,,04/19/2022,KENTUCKY,J,,,,10.4,https://www.youtube.com/watch?v=BdTqkbXxLI4,
Midlantic May Two-Year-Olds in Training (2024),2024-05-21,456,B,F,PRACTICAL JOKE,BALLETTE (IRE),GIANT'S CAUSEWAY,JULIE DAVIES LLC AGENT,LEGION BLOODSTOCK AGENT FOR KAMP RACING,270000,,05/14/2022,KENTUCKY,F&G,,,https://vimeo.com/944907939?share=copy,10.1,https://www.youtube.com/watch?v=w3TuWdpWgkc,
Midlantic May Two-Year-Olds in Training (2024),2024-05-21,457,DKB,C,UNIFIED,BAMBOLA DI PEZZA,EMPIRE MAKER,FAST HORSES AGENT,JOSE CORRALES,10000,,05/07/2022,KENTUCKY,J,,,,10.4,https://www.youtube.com/watch?v=5uGdqueS2Yg,
Midlantic May Two-Year-Olds in Training (2024),2024-05-21,458,CH,F,VIOLENCE,BANSHEE BIRDIE,BIRDSTONE,SHAMROCK STABLE AGENT,CHRISTINA R. JELM AGENT FOR MIKE PUHICH,50000,,03/30/2022,KENTUCKY,C,,,https://youtu.be/3egEcOVcJ2Y?si=zspjkcLq6w9fnbIa,10.3,https://www.youtube.com/watch?v=hqif4WP7-xw,
Midlantic May Two-Year-Olds in Training (2024),2024-05-21,459,B,C,COUNTRY HOUSE,BARB'S ON EDGE,INTO MISCHIEF,RANDY MILES AGENT III,GARY CONTESSA AGENT,15000,,02/16/2022,NEW YORK,B&C,,,,10.3,https://www.youtube.com/watch?v=KyFFtmyZisM,
Midlantic May Two-Year-Olds in Training (2024),2024-05-21,460,B,C,JIMMY CREED,BARBY SUE,PURGE,SHAMROCK STABLE,MIKE MCCARTY,150000,,04/10/2022,KENTUCKY,C,,,https://youtu.be/JPOSD5Ovjns?si=HGhmdcc6EPKhu1r4,10.2,https://www.youtube.com/watch?v=9ZWguYf2lVo,
Midlantic May Two-Year-Olds in Training (2024),2024-05-21,461,DKB,C,COMPLEXITY,BARES TRIPPER,SKY MESA,TOP LINE SALES LLC AGENT XXX,BHUPAT SEEMAR AGENT FOR SUITED AND BOOTED,57000,,02/07/2022,NEW YORK,E&F,,,,10.2,https://www.youtube.com/watch?v=A6KUX7IQHI8,
Midlantic May Two-Year-Olds in Training (2024),2024-05-21,462,GRR,F,LIAM'S MAP,BASAATA,DIXIELAND BAND,PIKE RACING AT HIGHLANDER AGENT V,P MILLER EQB AGENT,150000,,03/20/2022,KENTUCKY,H,,,https://vimeo.com/946240406?share=copy,10.1,https://www.youtube.com/watch?v=qqKCt9OeyyI,
Midlantic May Two-Year-Olds in Training (2024),2024-05-21,463,DKB,C,OMAHA BEACH,BAUBLE QUEEN,ARCH,EDDIE WOODS AGENT XVIII,NOT SOLD,220000,,05/20/2022,KENTUCKY,J&K,,,https://vimeo.com/941967465?share=copy,10.3,https://www.youtube.com/watch?v=6eqRg7q8k70,
Midlantic May Two-Year-Olds in Training (2024),2024-05-21,464,B,C,BOLT D'ORO,BAY FINN,HARLAN'S HOLIDAY,RANDY MILES AGENT I,TIM HACKERMAN,30000,Y,05/10/2022,NEW YORK,B&C,,,,10.4,https://www.youtube.com/watch?v=vUo4JD2UABw,
Midlantic May Two-Year-Olds in Training (2024),2024-05-21,465,CH,F,FLAMEAWAY,BEAUTY STAR,SKY MESA,GRASSROOTS TRAINING AND SALES LLC,JOSE M GARCIA BLANCO,12000,,05/08/2022,KENTUCKY,I,,,,10.3,https://www.youtube.com/watch?v=_i37nfjF6Ow,
Midlantic May Two-Year-Olds in Training (2024),2024-05-21,466,B,C,TIZ THE LAW,BEHIND THE LINES,MUNNINGS,SHAMROCK STABLE AGENT,NOT SOLD,20000,,02/11/2022,KENTUCKY,C,,,https://youtu.be/pz6itJW1sNo?si=rff2XunA_xvsvsHu,11,https://www.youtube.com/watch?v=Qp7Rm3dgEwY,
Midlantic May Two-Year-Olds in Training (2024),2024-05-21,467,DKB,F,VOLATILE,BELLA BIONDETTI,BIONDETTI,JULIE DAVIES LLC AGENT,OUT,0,,03/31/2022,KENTUCKY,F&G,,,,,,
Midlantic May Two-Year-Olds in Training (2024),2024-05-21,468,GRR,F,LEOFRIC,BERTRANDA,BOYS AT TOSCONOVA,PAUL SHARP AGENT VII,BRIAN MCFARLANE,10000,,01/17/2022,NEW YORK,J&K,,,,10.3,https://www.youtube.com/watch?v=dbg0dRIZuS4,
Midlantic May Two-Year-Olds in Training (2024),2024-05-21,469,B,C,WAR OF WILL,BERT'S ALTARCATION,BERTRANDO,TOM MCCROCKLIN AGENT,NOT SOLD,5000,,04/22/2022,KENTUCKY,D&E,,,https://vimeo.com/manage/videos/946359679/696e5806d1,11.1,https://www.youtube.com/watch?v=g_Q7dVzS4PM,
Midlantic May Two-Year-Olds in Training (2024),2024-05-21,470,CH,C,STREET BOSS,BIG BENNYS TRIBUTE,CURLIN,WAVERTREE STABLES INC. (CIARAN DUNNE) AGENT I,ANTHONY J FONTANA,45000,,03/19/2022,NEW YORK,T,,,https://vimeo.com/941967733?share=copy,10.2,https://www.youtube.com/watch?v=aHQ_KiHibNM,
Midlantic May Two-Year-Olds in Training (2024),2024-05-21,471,B,F,NYQUIST,BIG BIRTHDAY,MINESHAFT,TOM MCCROCKLIN AGENT,OUT,0,,04/30/2022,KENTUCKY,D&E,,,,,,
Midlantic May Two-Year-Olds in Training (2024),2024-05-21,472,B,F,BOLT D'ORO,BIG MOVE,MR. BIG,EDDIE WOODS AGENT LI,OUT,0,,03/28/2022,KENTUCKY,J&K,,,https://vimeo.com/941967349?share=copy,10.4,https://www.youtube.com/watch?v=zc1topGqzDc,
Midlantic May Two-Year-Olds in Training (2024),2024-05-21,473,CH,F,TOM'S D'ETAT,BITTY KITTY,KITTEN'S JOY,KINGS EQUINE AGENT,OUT,0,,05/07/2022,KENTUCKY,T,,,https://vimeo.com/944291475,10.4,https://www.youtube.com/watch?v=JfUo2HDG3h8,
Midlantic May Two-Year-Olds in Training (2024),2024-05-21,474,GRR,F,CARAVAGGIO,BLITHELY,EXCHANGE RATE,HIDDEN BROOK AGENT X,OUT,0,,01/23/2022,NEW YORK,K,,,,,,
Midlantic May Two-Year-Olds in Training (2024),2024-05-21,475,DKB,C,FROSTED,BLITZ AND GLAMOUR,AWESOME AGAIN,RANDY MILES AGENT II,DESTIN HEATH AGENT FOR BB RACING,50000,,02/25/2022,KENTUCKY,B&C,,,,G,https://www.youtube.com/watch?v=93duLibgkXI,
Midlantic May Two-Year-Olds in Training (2024),2024-05-21,476,B,F,KING FOR A DAY,BLUE CLARET,BLUEGRASS CAT,RICEHORSE STABLE AGENT,OUT,0,,04/24/2022,NEW YORK,K,,,,,,
Midlantic May Two-Year-Olds in Training (2024),2024-05-21,477,B,C,FIRST MONDAYS,BOHEME DE LAVI,GRAEME HALL,CARY FROMMER LLC AGENT VI,NOT SOLD,40000,,02/25/2022,MARYLAND,A&B,,,,10.4,https://www.youtube.com/watch?v=chevn70eQYc,
Midlantic May Two-Year-Olds in Training (2024),2024-05-21,478,CH,F,MUNNINGS,BONACA,KITTEN'S JOY,EDDIE WOODS AGENT XXI,OUT,0,,03/19/2022,LOUISIANA,J&K,,,,,,
Midlantic May Two-Year-Olds in Training (2024),2024-05-21,479,CH,C,THOUSAND WORDS,BOOT SCOOT N RUN,STORM BOOT,LITTLE FARM EQUINE LLC AGENT,JEFF MACKOR AGENT,20000,,03/19/2022,KENTUCKY,D,,,https://youtu.be/5EGQrkBerrQ?si=zXWzJQfYwpfi-ZBi,10.4,https://www.youtube.com/watch?v=FN8490o2JR4,
Midlantic May Two-Year-Olds in Training (2024),2024-05-21,480,DKB,C,JUBA,BOUND TO,BOUNDARY,NAVAS EQUINE AGENT,OUT,0,,04/10/2022,WEST VIRGINIA,L,,,https://vimeo.com/945004743,10.4,https://www.youtube.com/watch?v=I4BcfMzGiiA,
Midlantic May Two-Year-Olds in Training (2024),2024-05-21,481,CH,C,LORD NELSON,BOURBON QUEEN,SUCCESSFUL APPEAL,BRYAN FORD TRAINING STABLE LLC AGENT II,NOT SOLD,19000,,05/11/2022,KENTUCKY,G,,,,10.3,https://www.youtube.com/watch?v=CylMfHt7YXA,
Midlantic May Two-Year-Olds in Training (2024),2024-05-21,482,DKB,F,TWIRLING CANDY,BOW,MEDAGLIA D'ORO,PICK VIEW LLC AGENT,OUT,0,,04/29/2022,KENTUCKY,T,,,https://vimeo.com/943448840?share=copy,10.4,https://www.youtube.com/watch?v=SB5Z8epAen8,
Midlantic May Two-Year-Olds in Training (2024),2024-05-21,483,B,F,SPEIGHTSTOWN,BRANDONS DANGER,INTO MISCHIEF,PIKE RACING AT HIGHLANDER AGENT V,DARRS INC JAMES BREDIN AGT.,45000,,01/22/2022,KENTUCKY,H,,,,10.3,https://www.youtube.com/watch?v=PjdrShgUDlY,
Midlantic May Two-Year-Olds in Training (2024),2024-05-21,484,DKB,F,MO TOWN,BRILLIANT AUDREY,TALE OF THE CAT,TOM MCCROCKLIN AGENT,NOT SOLD,14000,,04/23/2022,KENTUCKY,D&E,,,https://vimeo.com/manage/videos/946394624/4349a792a7,10.4,https://www.youtube.com/watch?v=P2w7ZwFhOJs,
Midlantic May Two-Year-Olds in Training (2024),2024-05-21,485,DKB,C,SOLOMINI,BRINGYOUROWNBOTTLE,STAY THIRSTY,TOP LINE SALES LLC AGENT I,MG RACING TEAM LLC,4000,,05/02/2022,NEW YORK,E&F,,,,G,https://www.youtube.com/watch?v=_J0cPipblps,
Midlantic May Two-Year-Olds in Training (2024),2024-05-21,486,GRR,F,CARAVAGGIO,BRUSH UP,BROKEN VOW,JAMES LAYDEN AGENT,WENDY HENDRIKS,30000,,03/15/2022,PENNSYLVANIA,D,,,,10.2,https://www.youtube.com/watch?v=6AS0uiieSqc,
Midlantic May Two-Year-Olds in Training (2024),2024-05-21,487,B,C,ROGUEISH,BRUT ROSE,WARRIOR'S REWARD,SBM TRAINING AND SALES AGENT,SAFFIE JOSEPH,27000,,04/13/2022,FLORIDA,K&L,,,https://vimeo.com/945588498,10.4,https://www.youtube.com/watch?v=MR-XMhOA-Ek,
Midlantic May Two-Year-Olds in Training (2024),2024-05-21,488,DKB,F,COUNTRY HOUSE,BUD'S LITTLE EDGE,VALID EXPECTATIONS,JAMES LAYDEN AGENT,NOT SOLD,14000,,03/06/2022,INDIANA,D,,,,10.2,https://www.youtube.com/watch?v=50cCqNXQsvE,
Midlantic May Two-Year-Olds in Training (2024),2024-05-21,489,B,F,LAOBAN,BUNDLE UP,FROSTED,GRASSROOTS TRAINING AND SALES LLC AGENT,CHRIS ENGLEHART AGT.,15000,,03/06/2022,NEW YORK,I,,,,10.4,https://www.youtube.com/watch?v=bRlcCLYtJDI,
Midlantic May Two-Year-Olds in Training (2024),2024-05-21,490,DKB,C,MITOLE,BUT FOR MONEY,NOT FOR LOVE,SCANLON TRAINING & SALES AGENT VIII,OUT,0,,03/30/2022,KENTUCKY,T,,,,,,
Midlantic May Two-Year-Olds in Training (2024),2024-05-21,491,B,F,STREET SENSE,CALLMETHESQUEEZE,AWESOME AGAIN,PICK VIEW LLC AGENT,STARSHIP STABLES,160000,,04/18/2022,KENTUCKY,T,,,https://vimeo.com/945279222,10.2,https://www.youtube.com/watch?v=68YaoIa4Bs4,
Midlantic May Two-Year-Olds in Training (2024),2024-05-21,492,CH,C,VINO ROSSO,CANARY DIAMOND,ALPHABET SOUP,BRYAN FORD TRAINING STABLE LLC AGENT IV,ABC STABLES,115000,,04/13/2022,KENTUCKY,G,,,,10.3,https://www.youtube.com/watch?v=M9-cJEzX5NI,
Midlantic May Two-Year-Olds in Training (2024),2024-05-21,493,DKB,C,CONNECT,CANDLE MAKER,TAPIT,CRANE THOROUGHBRED SERVICES AGENT,HARMASH RACING,50000,,02/13/2022,KENTUCKY,K&L,,,,10.1,https://www.youtube.com/watch?v=sET12EquFXM,
Midlantic May Two-Year-Olds in Training (2024),2024-05-21,494,DKB,C,AUTHENTIC,CANDY FORTUNE,CANDY RIDE (ARG),CRANE THOROUGHBRED SERVICES AGENT,OUT,0,,03/03/2022,KENTUCKY,K&L,,,,22.1,https://www.youtube.com/watch?v=bKIiIkKVB7k,
Midlantic May Two-Year-Olds in Training (2024),2024-05-21,495,B,F,ECHO TOWN,CANTALOUPE ISLAND,GHOSTZAPPER,PAUL SHARP AGENT XI,OUT,0,,03/04/2022,KENTUCKY,J&K,,,,,,
Midlantic May Two-Year-Olds in Training (2024),2024-05-21,496,B,C,BRAVAZO,CAPTION,DISTORTED HUMOR,STERLING THOROUGHBREDS AGENT,S.R.O.A. (K.O.I.D.),45000,,05/08/2022,KENTUCKY,G,,,,10.4,https://www.youtube.com/watch?v=_MuwEJ34YOE,
Midlantic May Two-Year-Olds in Training (2024),2024-05-21,497,DKB,C,GOOD SAMARITAN,CARIBBEAN GIRL,PIONEEROF THE NILE,HOPPEL LLC AGENT,SIEGEL SEZ STABLE,40000,,04/22/2022,NEW YORK,B&C,,,https://youtu.be/jVUeafRPqdU?feature=shared,10.4,https://www.youtube.com/watch?v=SjdWlu46LxI,
Midlantic May Two-Year-Olds in Training (2024),2024-05-21,498,CH,F,GOLDENCENTS,CAROLINA TAPPER,TAPIT,WES CARTER AGENT FOR LEMON CREEK FARM,LEWIS MATHEWS JR,35000,,05/10/2022,MARYLAND,F&G,,,,10.3,https://www.youtube.com/watch?v=Hu4M7jQ-KgM,
Midlantic May Two-Year-Olds in Training (2024),2024-05-21,499,B,C,CATALINA CRUISER,CAT CHARMER,STORM CAT,CARY FROMMER LLC AGENT III,PROUD STABLES INC,35000,,04/24/2022,MARYLAND,A&B,,,https://vimeo.com/946808911?share=copy,10.4,https://www.youtube.com/watch?v=dyJ92Hfy3Yc,
Midlantic May Two-Year-Olds in Training (2024),2024-05-21,500,CH,C,LORD NELSON,CATCHING DIAMONDS,INTO MISCHIEF,PIKE RACING AT HIGHLANDER AGENT II,BHUPAT SEEMAR,250000,,04/18/2022,KENTUCKY,H,,,https://vimeo.com/946240566?share=copy,10.2,https://www.youtube.com/watch?v=uq28WJyI0Dk,
Midlantic May Two-Year-Olds in Training (2024),2024-05-21,501,CH,F,GUNNEVERA,CAUSE FOR REPENT,GIANT'S CAUSEWAY,TOM MCCROCKLIN AGENT,CLAUDE G PAYNE,3000,,02/19/2022,FLORIDA,D&E,,,https://vimeo.com/manage/videos/946397681/7706aaa8d9,10.3,https://www.youtube.com/watch?v=uxU-6hJqfok,
Midlantic May Two-Year-Olds in Training (2024),2024-05-21,502,GRR,F,CITY OF LIGHT,CAUY'S HUMOR,DISTORTED HUMOR,GRASSROOTS TRAINING AND SALES LLC,CHARLES L BIGGS,35000,,05/10/2022,KENTUCKY,I,,,,10.2,https://www.youtube.com/watch?v=6ddAsuJ5HPw,
Midlantic May Two-Year-Olds in Training (2024),2024-05-21,504,B,C,GOOD MAGIC,CEEME RUN WILD,TIZNOW,DE MERIC SALES AGENT,SPENDTHRIFT FARM LLC,400000,,03/31/2022,KENTUCKY,I&J,,,,10.1,https://www.youtube.com/watch?v=EGxpHyrOzYw,
Midlantic May Two-Year-Olds in Training (2024),2024-05-21,505,CH,F,INSTAGRAND,CELEBRATE NOW,STREET CRY (IRE),SEQUEL BLOODSTOCK AGENT III,BRIAN PEDOZA,15000,,03/23/2022,NEW YORK,H,,,https://vimeo.com/940388873?share=copy,10.3,https://www.youtube.com/watch?v=khEeY3ToVJ8,
Midlantic May Two-Year-Olds in Training (2024),2024-05-21,506,B,C,MALIBU MOON,CELSIUS,UNBRIDLED'S SONG,SCANLON TRAINING & SALES AGENT XI,OUT,0,,02/26/2022,KENTUCKY,T,,,https://vimeo.com/944588027?share=copy,10.4,https://www.youtube.com/watch?v=5Ka8nBctyGI,
Midlantic May Two-Year-Olds in Training (2024),2024-05-21,507,DKB,C,MORE THAN READY,CHAMPAGNE THERAPY,FREUD,NIALL BRENNAN STABLES AGENT X,NOT SOLD,45000,,04/17/2022,NEW YORK,K,,,https://youtu.be/VjCRxhFa_ms,10.3,https://www.youtube.com/watch?v=-ORfwTaZRMc,
Midlantic May Two-Year-Olds in Training (2024),2024-05-21,508,B,C,SPUN TO RUN,CHANEL'S PRIDE,ALPHABET SOUP,CARY FROMMER LLC AGENT,OUT,0,,02/22/2022,KENTUCKY,A&B,,,,,,
Midlantic May Two-Year-Olds in Training (2024),2024-05-21,509,B,F,CANDY RIDE (ARG),CHARGE BACK,TAKE CHARGE INDY,CARY FROMMER LLC AGENT II,HARLOW STABLES,80000,,03/06/2022,KENTUCKY,A&B,,,https://vimeo.com/946626352?share=copy,10.3,https://www.youtube.com/watch?v=KDZqx5ka3NE,
Midlantic May Two-Year-Olds in Training (2024),2024-05-21,510,DKB,F,VEKOMA,CHARMING DELILAH,STEPHEN GOT EVEN,DE MERIC SALES AGENT,OUT,0,,05/01/2022,KENTUCKY,I&J,,,,,,
Midlantic May Two-Year-Olds in Training (2024),2024-05-21,511,CH,F,FLAMEAWAY,CHARMING EMMY,SKY MESA,GRASSROOTS TRAINING AND SALES LLC AGENT,BHUPAT SEEMAR,40000,,04/13/2022,NEW YORK,I,,,,10.1,https://www.youtube.com/watch?v=aAwkc46w-FI,
Midlantic May Two-Year-Olds in Training (2024),2024-05-21,512,DKB,F,MUNNINGS,CHAUSIE,BLUEGRASS CAT,HARTLEY/DE RENZO THOROUGHBREDS AGENT,ARROYO BLOODSTOCK FOR BREEDERS MARK LLC/T.MCCAULEY,185000,,03/23/2022,KENTUCKY,A&I,,,,10.1,https://www.youtube.com/watch?v=jJZWp6oAvT4,
Midlantic May Two-Year-Olds in Training (2024),2024-05-21,513,DKB,F,INSTAGRAND,CHEESECAKE,DYNAFORMER,ROYAL BLOODSTOCK SALES LLC,OUT,0,,03/23/2022,KENTUCKY,B,,,https://vimeo.com/946616357?share=copy,10.3,https://www.youtube.com/watch?v=dOQ0TjyvJPs,
Midlantic May Two-Year-Olds in Training (2024),2024-05-21,514,DKB,C,ENTICED,CHEROKEE SKY,SKY MESA,GRASSROOTS TRAINING AND SALES LLC,SD TRADING,40000,,02/16/2022,PENNSYLVANIA,I,,,,10.2,https://www.youtube.com/watch?v=tDuFgSymqOc,
Midlantic May Two-Year-Olds in Training (2024),2024-05-21,515,B,C,INSTAGRAND,CHOCOLATE SWIRL,TWIRLING CANDY,PICK VIEW LLC AGENT,MG RACING TEAM LLC,2000,,04/03/2022,KENTUCKY,T,,,https://vimeo.com/944681337,11.1,https://www.youtube.com/watch?v=hYvFU6T_qMg,
Midlantic May Two-Year-Olds in Training (2024),2024-05-21,516,DKB,F,MITOLE,CHOICE PLAY,VINDICATION,BEST A LUCK FARM LLC AGENT II,MICHAEL MAKER,80000,,04/01/2022,NEW YORK,I,,,https://vimeo.com/946398375?share=copy,10.3,https://www.youtube.com/watch?v=RTH6lRnLL68,
Midlantic May Two-Year-Olds in Training (2024),2024-05-21,517,CH,F,VINO ROSSO,CITY SCAMPER,CITY ZIP,TOP LINE SALES LLC AGENT XXVIII,NRCLUB LLC,65000,,05/10/2022,NEW YORK,E&F,,,,10.3,https://www.youtube.com/watch?v=lN_hAkB2pEM,
Midlantic May Two-Year-Olds in Training (2024),2024-05-21,518,DKB,F,OMAHA BEACH,CLAIR DE LUNE,MALIBU MOON,HIDDEN BROOK AGENT II,MY RACEHORSE,100000,,04/06/2022,KENTUCKY,K,,,https://vimeo.com/945368871,10.3,https://www.youtube.com/watch?v=6PaaloVo6Dg,
Midlantic May Two-Year-Olds in Training (2024),2024-05-21,519,DKB,C,MACLEAN'S MUSIC,CLASS APART,WAR FRONT,RANDY MILES AGENT VII,L & N RACING/CLARK BREWSTER,160000,,03/02/2022,KENTUCKY,B&C,,,,10.2,https://www.youtube.com/watch?v=iddDFO7Jqhs,
Midlantic May Two-Year-Olds in Training (2024),2024-05-21,520,DKB,C,CUTTING HUMOR,CLASSY CORINTHIAN,CORINTHIAN,BRYAN FORD TRAINING STABLE LLC AGENT VII,NOT SOLD,30000,,04/22/2022,ARKANSAS,G,,,,10.4,https://www.youtube.com/watch?v=9fXOoUlYzjQ,
Midlantic May Two-Year-Olds in Training (2024),2024-05-21,521,B,F,GOLDENCENTS,CLOSING STATEMENT,BLAME,MASON SPRINGS PARTNERSHIP,NOT SOLD,45000,,02/17/2022,KENTUCKY,J,,,,10.4,https://www.youtube.com/watch?v=GbBjID3LTqU,
Midlantic May Two-Year-Olds in Training (2024),2024-05-21,522,GRR,F,LIAM'S MAP,COCKTAIL PARTY,MIZZEN MAST,CARY FROMMER LLC AGENT II,OUT,0,,02/28/2022,KENTUCKY,A&B,,,,,,
Midlantic May Two-Year-Olds in Training (2024),2024-05-21,523,B,F,MCKINZIE,COMIC CITY,CITY ZIP,RANDY MILES AGENT XI,RUDY RODRIGUEZ,50000,,03/12/2022,NEW YORK,B&C,,,,10.3,https://www.youtube.com/watch?v=42d-WR7NAic,
Midlantic May Two-Year-Olds in Training (2024),2024-05-21,524,DKB,C,TWIRLING CANDY,COMPETITION,DIXIE UNION,GOLDEN ROCK THOROUGHBREDS AGENT,BHUPAT SEEMAR AGENT FOR SUITED AND BOOTED,45000,,05/07/2022,KENTUCKY,K,,,,10.3,https://www.youtube.com/watch?v=5jyCUERCqo8,
Midlantic May Two-Year-Olds in Training (2024),2024-05-21,525,CH,C,MACLEAN'S MUSIC,CONGAREE PRINCESS,CONGAREE,CARY FROMMER LLC AGENT XI,OUT,0,,04/13/2022,MARYLAND,A&B,,,,,,
Midlantic May Two-Year-Olds in Training (2024),2024-05-21,526,B,C,FROSTED,COURT APPEAL,CANDY RIDE (ARG),PAUL SHARP AGENT I,JOHN ENNIS AGENT FOR MARK ARNOLD,50000,,03/10/2022,KENTUCKY,J&K,,,https://vimeo.com/945839516?share=copy,10.3,https://www.youtube.com/watch?v=Kf3EpglOrKw,
Midlantic May Two-Year-Olds in Training (2024),2024-05-21,527,B,C,HONEST MISCHIEF,COVE,PINE BLUFF,WAVERTREE STABLES INC. (CIARAN DUNNE) AGENT I,HARMASH RACING,140000,,03/31/2022,NEW YORK,T,,,https://vimeo.com/941967648?share=copy,10.1,https://www.youtube.com/watch?v=-5g0eppKj64,
Midlantic May Two-Year-Olds in Training (2024),2024-05-21,528,CH,C,MR. MONOMOY,COYOTE PRETTY,UNION RAGS,SBM TRAINING AND SALES AGENT,OUT,0,,04/27/2022,NEW YORK,K&L,,,,,,
Midlantic May Two-Year-Olds in Training (2024),2024-05-21,529,B,F,GLOBAL CAMPAIGN,CRACK OF DAWN,BERNARDINI,HIDDEN BROOK AGENT IX,JASON RICHEY,100000,,02/20/2022,KENTUCKY,K,,,https://vimeo.com/945369029,10.3,https://www.youtube.com/watch?v=wFzY5P4dsfo,
Midlantic May Two-Year-Olds in Training (2024),2024-05-21,530,B,C,LAOBAN,CRAFTY'S DREAM,BODEMEISTER,CRANE THOROUGHBRED SERVICES AGENT,GREG COMPTON AGT MAG RACING,350000,,02/28/2022,KENTUCKY,K&L,,,,10.1,https://www.youtube.com/watch?v=LmRo10uGGKM,
Midlantic May Two-Year-Olds in Training (2024),2024-05-21,531,GRR,F,GIFT BOX,CRY THE BLUES,BLUEGRASS CAT,GRASSROOTS TRAINING AND SALES LLC,RANDI PERSAUD,6000,,04/18/2022,WEST VIRGINIA,I,,,,10.3,https://www.youtube.com/watch?v=umcdJEFgiKU,
Midlantic May Two-Year-Olds in Training (2024),2024-05-21,532,B,C,PRACTICAL JOKE,CRY UNCLE,UNCLE MO,DE MERIC SALES AGENT,MUIR HUT STABLES,475000,,03/18/2022,ONTARIO,I&J,,,,10.1,https://www.youtube.com/watch?v=Ll1iTdlSbYc,
Midlantic May Two-Year-Olds in Training (2024),2024-05-21,533,GRR,F,GLOBAL CAMPAIGN,CUELLO DE LUNA,CHEROKEE RUN,DE MERIC SALES AGENT,DR. R. JONES,42000,,02/16/2022,NEW YORK,I&J,,,https://vimeo.com/946799582?share=copy,10.4,https://www.youtube.com/watch?v=M8H1bwDXlMA,
Midlantic May Two-Year-Olds in Training (2024),2024-05-21,534,DKB,C,GLOBAL CAMPAIGN,CULOTTE,SKY MESA,RICEHORSE STABLE AGENT,GREG COMPTON AGT. MARK DEAN MIKE COHEN & GREG COMPTON,42000,,02/10/2022,KENTUCKY,K,,,https://vimeo.com/940438354?share=copy,10.3,https://www.youtube.com/watch?v=cdXtnRECrAA,
Midlantic May Two-Year-Olds in Training (2024),2024-05-21,535,DKB,F,AUDIBLE,DADDY'S DIVA,SCAT DADDY,BALLYERIN RACING AGENT,ORACLE BLOODSTOCK AGENT,150000,,02/12/2022,KENTUCKY,K,,,,10.2,https://www.youtube.com/watch?v=qYN5tCU8_os,
Midlantic May Two-Year-Olds in Training (2024),2024-05-21,536,CH,F,IMPROBABLE,DANCING ALONE,KINGMAMBO,NAVAS EQUINE AGENT,OUT,0,,02/18/2022,KENTUCKY,L,,,,,,
Midlantic May Two-Year-Olds in Training (2024),2024-05-21,537,GRR,C,GIFT BOX,DANCING BLUES,CURE THE BLUES,LITTLE FARM EQUINE LLC AGENT,TOM KOLSCHOWSKY,40000,,03/22/2022,KENTUCKY,D,,,https://youtu.be/FtMEX6DsdmM?si=bFrBmizIWgGtyrmH,10.3,https://www.youtube.com/watch?v=LvnOcLrdbUw,
Midlantic May Two-Year-Olds in Training (2024),2024-05-21,538,DKB,F,AMERICAN FREEDOM,DANZIG GIRL,HARD SPUN,FAST HORSES AGENT,GRADE ONE LLC,19000,,04/23/2022,KENTUCKY,J,,,,10.4,https://www.youtube.com/watch?v=EuAaIOa6vpE,
Midlantic May Two-Year-Olds in Training (2024),2024-05-21,539,B,C,MOR SPIRIT,DEBORAH'S MOMENT,LEMON DROP KID,GRASSROOTS TRAINING AND SALES LLC,OUT,0,,03/27/2022,MARYLAND,I,,,,,,
Midlantic May Two-Year-Olds in Training (2024),2024-05-21,540,B,C,PAYNTER,DEEP IN DECEMBER,THE DADDY,TOM MCCROCKLIN AGENT,OUT,0,,02/27/2022,INDIANA,D&E,,,,,,
Midlantic May Two-Year-Olds in Training (2024),2024-05-21,541,DKB,F,OUTWORK,DELLAROSA,CANDY RIDE (ARG),THOROSTOCK LLC AGENT,JAYDE GELNER,31000,,02/09/2022,KENTUCKY,J,,,https://vimeo.com/943067589,21.3,https://www.youtube.com/watch?v=Y4imSZfqw0c,
Midlantic May Two-Year-Olds in Training (2024),2024-05-21,542,DKB,C,ASTERN (AUS),DEMETER,BERNARDINI,BALLYERIN RACING AGENT,LEWIS MATHEWS JR,50000,,02/11/2022,KENTUCKY,K,,,,10.2,https://www.youtube.com/watch?v=_K0UcK0AwTw,
Midlantic May Two-Year-Olds in Training (2024),2024-05-21,543,B,F,HONOR A. P.,DERWIN'S LADY,LANGFUHR,BALLYERIN RACING AGENT,PAT THE BAT,75000,,05/10/2022,NEW YORK,K,,,,10.3,https://www.youtube.com/watch?v=RJ1IyY3ZBvU,
Midlantic May Two-Year-Olds in Training (2024),2024-05-21,544,CH,F,MUNNINGS,DESERT DUCHESS,HARD SPUN,HOPPEL LLC AGENT,OUT,0,,03/29/2022,KENTUCKY,B&C,,,https://youtu.be/oSRG6DWbgoY?feature=shared,22.1,https://www.youtube.com/watch?v=1iLuM-RO6io,
Midlantic May Two-Year-Olds in Training (2024),2024-05-21,545,B,F,MACLEAN'S MUSIC,DESERT ILLUSION,SKY MESA,HIDDEN BROOK AGENT IV,KEVIN LATTA,150000,,02/09/2022,KENTUCKY,K,,,https://vimeo.com/945369193,10.1,https://www.youtube.com/watch?v=n_2iCAL03i4,
Midlantic May Two-Year-Olds in Training (2024),2024-05-21,546,DKB,C,UNIFIED,DETAIL,CITY ZIP,GRASSROOTS TRAINING AND SALES LLC,NOT SOLD,19000,,03/22/2022,NEW YORK,I,,,,10.3,https://www.youtube.com/watch?v=7cjajWP8xGk,
Midlantic May Two-Year-Olds in Training (2024),2024-05-21,547,DKB,C,CARACARO,DIAMOND HILL,ARTIE SCHILLER,STERLING THOROUGHBREDS AGENT,OUT,0,,01/28/2022,KENTUCKY,G,,,,,,
Midlantic May Two-Year-Olds in Training (2024),2024-05-21,548,B,F,CLOUD COMPUTING,DISTORTED JUSTICE,LANTANA MOB,TOP LINE SALES LLC AGENT II,KNOLLWOOD STABLES,70000,,04/25/2022,NEW YORK,E&F,,,,10.1,https://www.youtube.com/watch?v=9CIq0eGlZMY,
Midlantic May Two-Year-Olds in Training (2024),2024-05-21,549,CH,F,GUN RUNNER,DIVERGENT THINKING,MIZZEN MAST,EDDIE WOODS AGENT XXXV,OUT,0,,04/02/2022,KENTUCKY,J&K,,,,,,
Midlantic May Two-Year-Olds in Training (2024),2024-05-21,550,B,F,LEOFRIC,DIXIE GEM,STONESIDER,TOM MCCROCKLIN AGENT,ANTHONY PERRI,16000,,04/26/2022,NEW YORK,D&E,,,https://vimeo.com/manage/videos/946399865/528d773191,10.4,https://www.youtube.com/watch?v=hQikxCeAQtA,
Midlantic May Two-Year-Olds in Training (2024),2024-05-21,551,B,C,AUTHENTIC,DOGWOOD TRAIL,AWESOME OF COURSE,SBM TRAINING AND SALES AGENT,OUT,0,,03/10/2022,LOUISIANA,K&L,,,https://vimeo.com/945587543,10.3,https://www.youtube.com/watch?v=a0duR4YQunU,
Midlantic May Two-Year-Olds in Training (2024),2024-05-21,552,DKB,F,MCKINZIE,DONNA GETYOURGUN,STORMY ATLANTIC,DE MERIC SALES AGENT,TRIN-BROOK STABLE,8000,,04/10/2022,KENTUCKY,I&J,,,,10.3,https://www.youtube.com/watch?v=M2tzZ79N2TQ,
Midlantic May Two-Year-Olds in Training (2024),2024-05-21,553,GRR,F,MACLEAN'S MUSIC,DOWNTOWN MAMA,SPEIGHTSTOWN,WAVERTREE STABLES INC. (CIARAN DUNNE) AGENT II,LEGION BLOODSTOCK/ GRACIE BLOODSTOCK AGT.,190000,,02/04/2022,NEW YORK,T,,,https://vimeo.com/941967516?share=copy,10.1,https://www.youtube.com/watch?v=XMSWvRJO68I,
Midlantic May Two-Year-Olds in Training (2024),2024-05-21,554,B,C,HONOR A. P.,DREAMS OF FIRE,DYNAFORMER,RANDY MILES AGENT VI,ROBERT REIDY,35000,,03/30/2022,KENTUCKY,B&C,,,,10.3,https://www.youtube.com/watch?v=I-nsGqXFBBs,
Midlantic May Two-Year-Olds in Training (2024),2024-05-21,555,B,C,ROWAYTON,DROPS AND BUCKETS,LEMON DROP KID,SCANLON TRAINING & SALES AGENT I,R.L. GRAHAM AGENT FOR HERMAN BRANDE,10000,,03/18/2022,MARYLAND,T,,,https://vimeo.com/944590215?share=copy,G,https://www.youtube.com/watch?v=TsODCVOnuTc,
Midlantic May Two-Year-Olds in Training (2024),2024-05-21,556,B,F,JIMMY CREED,DYNAMIC HOLIDAY,HARLAN'S HOLIDAY,GRASSROOTS TRAINING AND SALES LLC AGENT,OUT,0,,04/18/2022,NEW YORK,I,,,,,,
Midlantic May Two-Year-Olds in Training (2024),2024-05-21,557,GRR,C,TAPIT,INDIA,HENNESSY,PICK VIEW LLC AGENT,ALICE MCEWEN,40000,,04/04/2022,KENTUCKY,T,,,https://vimeo.com/944681172,22.2,https://www.youtube.com/watch?v=YVuuuQCR4LQ,
Midlantic May Two-Year-Olds in Training (2024),2024-05-21,558,CH,F,ECHO TOWN,COUNTRY CAFE,LION HEART,PAUL SHARP AGENT I,FLURRY RACING STABLES,310000,,03/13/2022,KENTUCKY,J&K,,,,10.1,https://www.youtube.com/watch?v=GZDuJPRjdEc,
Midlantic May Two-Year-Olds in Training (2024),2024-05-21,559,CH,F,SPEIGHTSTOWN,WICKED AWESOME,AWESOME AGAIN,TOM MCCROCKLIN AGENT,OUT,0,,04/07/2022,KENTUCKY,D&E,,,https://vimeo.com/manage/videos/946403288/422417f7fd,10.1,https://www.youtube.com/watch?v=dC1qNITheaU,
Midlantic May Two-Year-Olds in Training (2024),2024-05-21,560,B,F,MAXIMUS MISCHIEF,LAST APRIL FROST,CITY ZIP,GRASSROOTS TRAINING AND SALES LLC AGENT,OUT,0,,03/26/2022,KENTUCKY,I,,,,,,
Midlantic May Two-Year-Olds in Training (2024),2024-05-21,561,CH,F,SPEIGHTSTOWN,TAKING AIM,TRAPPE SHOT,TOM MCCROCKLIN AGENT,OUT,0,,05/14/2022,KENTUCKY,D&E,,,https://vimeo.com/manage/videos/946405730/13c2a96d76,10.1,https://www.youtube.com/watch?v=HBB65VeKKzA,
Midlantic May Two-Year-Olds in Training (2024),2024-05-21,562,CH,C,GUN RUNNER,HOLY PLACE,PULPIT,PICK VIEW LLC AGENT,LOLLY POP RACING LLC,150000,,05/13/2022,KENTUCKY,T,,,https://vimeo.com/944681615,10.4,https://www.youtube.com/watch?v=qOzsW-3X_rU,
Midlantic May Two-Year-Olds in Training (2024),2024-05-21,563,CH,F,GIFT BOX,SUMMERTIMEMISCHIEF,INTO MISCHIEF,CARY FROMMER LLC AGENT,NOT SOLD,34000,,04/08/2022,KENTUCKY,A&B,,,https://vimeo.com/946809017?share=copy,10.3,https://www.youtube.com/watch?v=HND3lVhXcKU,
Midlantic May Two-Year-Olds in Training (2024),2024-05-21,564,DKB,F,NOT THIS TIME,STREET SURRENDER,STREET BOSS,PICK VIEW LLC AGENT,FLYING ZEE RACING STABLE,135000,,05/06/2022,KENTUCKY,T,,,https://vimeo.com/945279311,22.1,https://www.youtube.com/watch?v=hHKPMLXbHW0,
Midlantic May Two-Year-Olds in Training (2024),2024-05-21,565,DKB,C,AUTHENTIC,JEANNIE S,SKY MESA,PICK VIEW LLC AGENT,ROBERT SALOME/JOE DUHON AGT.,260000,,01/25/2022,KENTUCKY,T,,,https://vimeo.com/944681274,21.2,https://www.youtube.com/watch?v=HceGR9OMMBw,
Midlantic May Two-Year-Olds in Training (2024),2024-05-21,566,DKB,C,MCKINZIE,CHIC,ORB,PICK VIEW LLC AGENT,JEFF MACKOR AGENT FOR LOUIS CELLA,100000,,05/15/2022,KENTUCKY,T,,,https://vimeo.com/944681481,10.2,https://www.youtube.com/watch?v=3zloJbwDyPk,
Midlantic May Two-Year-Olds in Training (2024),2024-05-21,567,B,C,IMPROBABLE,LAHAINA LUCK,UNCLE MO,DE MERIC SALES AGENT,MY RACEHORSE & BIG PLAY,210000,,04/10/2022,KENTUCKY,I&J,,,,10.2,https://www.youtube.com/watch?v=OnC11Ztj-uc,
Midlantic May Two-Year-Olds in Training (2024),2024-05-21,568,GRR,F,INTO MISCHIEF,NOT IN JEST,UNBRIDLED'S SONG,PICK VIEW LLC AGENT,OUT,0,,04/15/2022,KENTUCKY,T,,,https://vimeo.com/945279756,22,https://www.youtube.com/watch?v=SWkVN3Hg1YM,
Midlantic May Two-Year-Olds in Training (2024),2024-05-21,569,DKB,F,SPUN TO RUN,THREE QUARTER TIME,TIZNOW,JULIE DAVIES LLC AGENT,NOT SOLD,59000,,04/10/2022,KENTUCKY,F&G,,,https://vimeo.com/945607156,10.3,https://www.youtube.com/watch?v=s_sNCZ8SRCE,
Midlantic May Two-Year-Olds in Training (2024),2024-05-21,570,B,F,SPUN TO RUN,AGGREGATOR,GRAYDAR,RANDY MILES AGENT XV,OUT,0,,03/16/2022,FLORIDA,B&C,,,,,,
Midlantic May Two-Year-Olds in Training (2024),2024-05-21,571,DKB,F,VIOLENCE,STREET FLIRT,STREET BOSS,LONGORIA TRAINING AND SALES AGENT,NOT SOLD,14000,,04/05/2022,KENTUCKY,I,,,https://vimeo.com/945607422,10.2,https://www.youtube.com/watch?v=TSTIheRYP2E,
Midlantic May Two-Year-Olds in Training (2024),2024-05-21,572,CH,F,GLOBAL CAMPAIGN,EL BANK ROBBER,ELTISH,CARY FROMMER LLC AGENT I,NOT SOLD,72000,,03/30/2022,KENTUCKY,A&B,,,https://vimeo.com/946809062?share=copy,10.3,https://www.youtube.com/watch?v=MRSOmaUB0fc,
Midlantic May Two-Year-Olds in Training (2024),2024-05-21,573,B,C,MAXIMUS MISCHIEF,AZASECRET,DISCREET CAT,JULIE DAVIES LLC AGENT,NOT SOLD,100000,,04/27/2022,FLORIDA,F&G,,,https://vimeo.com/945607506,10.1,https://www.youtube.com/watch?v=XBUL798O8hI,
Midlantic May Two-Year-Olds in Training (2024),2024-05-21,574,B,F,IMPROBABLE,GLAMOUR AND STYLE,DYNAFORMER,THOROSTOCK LLC AGENT,OUT,0,,05/08/2022,NEW YORK,J,,,https://vimeo.com/944292147,22.1,https://www.youtube.com/watch?v=iFNFWyy_KQI,
Midlantic May Two-Year-Olds in Training (2024),2024-05-21,575,B,F,QUALITY ROAD,MONKEYS UNCLE,UNCLE MO,PICK VIEW LLC AGENT,JIM GLENN,140000,,03/09/2022,KENTUCKY,T,,,https://vimeo.com/945279574,21.4,https://www.youtube.com/watch?v=g51L4FPJRJ8,
Midlantic May Two-Year-Olds in Training (2024),2024-05-21,576,CH,F,CATALINA CRUISER,PLAYA BLANCA,UNBRIDLED'S SONG,NAVAS EQUINE AGENT,JUAN C. AVILA,40000,,03/27/2022,KENTUCKY,L,,,https://vimeo.com/945987608,21.4,https://www.youtube.com/watch?v=4ZOpG4s0QIc,
Midlantic May Two-Year-Olds in Training (2024),2024-05-21,577,B,F,BERNARDINI,HONEY GRAEME,GRAEME HALL,HOPPEL LLC AGENT,ECLIPSE THOROUGHBRED PARTNERS,215000,,04/17/2022,KENTUCKY,B&C,,,https://youtu.be/8Z9TQyWisTM?feature=shared,21.3,https://www.youtube.com/watch?v=CLqaduI5I7w,
Midlantic May Two-Year-Olds in Training (2024),2024-05-21,578,B,C,TOM'S D'ETAT,BICKERSONS,SILVER DEPUTY,JULIE DAVIES LLC AGENT,THORONECK CORP,85000,,03/31/2022,FLORIDA,F&G,,,https://vimeo.com/945607271,10.2,https://www.youtube.com/watch?v=oE8B-zukev4,
Midlantic May Two-Year-Olds in Training (2024),2024-05-21,579,DKB,C,BOLT D'ORO,DISTORTED POINT,DISTORTED HUMOR,KINGS EQUINE AGENT,MICHAEL MAKER,70000,,05/25/2022,KENTUCKY,T,,,https://vimeo.com/946750622,10.1,https://www.youtube.com/watch?v=8Z0ZzSETaiY,
Midlantic May Two-Year-Olds in Training (2024),2024-05-21,580,CH,C,JUSTIFY,LADY OF KYUSHU,SMART STRIKE,TOM MCCROCKLIN AGENT,NOT SOLD,97000,,03/28/2022,KENTUCKY,D&E,,,https://vimeo.com/manage/videos/946362985/cf8e421506,10.3,https://www.youtube.com/watch?v=vEtTzCRJong,
Midlantic May Two-Year-Olds in Training (2024),2024-05-21,581,CH,F,GAME WINNER,J'RAY'S SUNSHINE,GIANT'S CAUSEWAY,KINGS EQUINE AGENT,OUT,0,,04/15/2022,NEW YORK,T,,,https://vimeo.com/946750529,10.4,https://www.youtube.com/watch?v=KiFJdVWn8As,
Midlantic May Two-Year-Olds in Training (2024),2024-05-21,582,CH,F,HARD SPUN,CHIFA,ORIENTATE,JAMES LAYDEN AGENT,TEN STRIKE RACING,70000,,02/18/2022,KENTUCKY,D,,,,10.2,https://www.youtube.com/watch?v=k5zvSpFPFOQ,
Midlantic May Two-Year-Olds in Training (2024),2024-05-21,583,GRR,F,LIAM'S MAP,TIME TO FLIRT,FLATTER,PARRISH FARMS INC. AGENT,FOX AND HARE STABLES,30000,,02/02/2022,KENTUCKY,I,,,,10.2,https://www.youtube.com/watch?v=eYChZlN9sSs,
Midlantic May Two-Year-Olds in Training (2024),2024-05-21,584,B,F,COMPLEXITY,WILL YE GO LASSIE,TRAPPE SHOT,LONGORIA TRAINING AND SALES AGENT,OUT,0,,03/01/2022,KENTUCKY,I,,,,,,
Midlantic May Two-Year-Olds in Training (2024),2024-05-21,585,DKB,C,AURELIUS MAXIMUS,SWEET ALICE BENBOW,WILDCAT HEIR,LONGORIA TRAINING AND SALES AGENT,OUT,0,,02/12/2022,LOUISIANA,I,,,,,,
