SALE TITLE,SESSION,HIP,COLOR,SEX,SIRE,DAM,SIRE OF DAM,PROPERTY LINE,PURCHASER,PRICE,PRIVATE SALE,YEAR OF BIRTH,FOALED,BARN,COVER DATE,SOLD AS DESCRIPTION,VIRTUAL INSPECTION
Midlantic May Two-Year-Olds in Training (2026),2026-05-18,1,CH,C,FROSTED,WEDDING BAND,CANDY RIDE (ARG),JVC TRAINING AND SALES AGENT,TRIPLE T RANCH,80000,,04/09/2024,KY,F-G,,,https://vimeo.com/1191525248,https://www.youtube.com/watch?v=4Pr2m9Y91UM,[object Object]
Midlantic May Two-Year-Olds in Training (2026),2026-05-18,2,B,F,SPEAKER'S CORNER,WHATS YUR STORY,LIAISON,GOLDEN ROCK THOROUGHBREDS LLC AGENT,OUT,0,,04/07/2024,KY,D,,,,,[object Object]
Midlantic May Two-Year-Olds in Training (2026),2026-05-18,3,GR/RO,C,CURLIN,WHISPER WISDOM,ROCKPORT HARBOR,SBM TRAINING AND SALES AGENT,NOT SOLD,274000,,04/20/2024,KY,K-L,,,https://vimeo.com/1190734959,https://www.youtube.com/watch?v=Ms8tSWam-Tw,[object Object]
Midlantic May Two-Year-Olds in Training (2026),2026-05-18,4,B,C,OSCAR PERFORMANCE,WILD ABOUT HARRY,HENRYTHENAVIGATOR,CARY FROMMER LLC AGENT,NOT SOLD,95000,,02/11/2024,NY,A-B,,,https://vimeo.com/1191392781,https://www.youtube.com/watch?v=mb_1lPd-iAs,[object Object]
Midlantic May Two-Year-Olds in Training (2026),2026-05-18,5,B,C,SPEAKER'S CORNER,WILD BOUT TIFFANY,WILDCAT HEIR,TOP LINE SALES LLC AGENT IV,OUT,0,,04/14/2024,KY,E-F,,,https://vimeo.com/1191588520,,[object Object]
Midlantic May Two-Year-Olds in Training (2026),2026-05-18,6,CH,C,EARLY VOTING,WILD LEMON GAL,LEMON DROP KID,ENDURANCE EQUINE AGENT,THREE AMIGOS,190000,,04/20/2024,MD,J,,,https://vimeo.com/1192385823,https://www.youtube.com/watch?v=rXmuVIzQ20g,[object Object]
Midlantic May Two-Year-Olds in Training (2026),2026-05-18,7,B,F,UPSTART,WINNING RHYTHM,GIANT'S CAUSEWAY,MASON SPRINGS LLC (MARCUS AND CRYSTAL RYAN PARTNERSHIP),HIDDEN BROOK AGT.,130000,,03/05/2024,KY,I,,,https://vimeo.com/1192368835,https://www.youtube.com/watch?v=l08jKnHV6xI,[object Object]
Midlantic May Two-Year-Olds in Training (2026),2026-05-18,8,GR/RO,F,VINO ROSSO,WINTER,AWESOME AGAIN,DE MERIC SALES AGENT,THE BROTHERS BLOODSTOCK,50000,,02/26/2024,VA,I-J,,,https://vimeo.com/1190548736,https://youtu.be/GoQHeQjwO8o,[object Object]
Midlantic May Two-Year-Olds in Training (2026),2026-05-18,9,DK B/,F,MCKINZIE,WINTER DAWN,SKY MESA,JULIE DAVIES LLC AGENT,OUT,0,,04/02/2024,KY,J-K,,,,,[object Object]
Midlantic May Two-Year-Olds in Training (2026),2026-05-18,10,B,C,MITOLE,WINTER MISCHIEF,INTO MISCHIEF,BUG THOROUGHBREDS LLC,HERB KUSHNER,65000,,02/21/2024,KY,K,,,https://youtu.be/Ga5kGjBWWZQ?si=6crFwKZ-HYYyPPpK,https://www.youtube.com/watch?v=-sCgPVaxt9g,[object Object]
Midlantic May Two-Year-Olds in Training (2026),2026-05-18,11,B,C,YAUPON,WINTER STORM NADIA,INTO MISCHIEF,KINGS EQUINE AGENT,MICHAEL J. MAKER,180000,,02/03/2024,KY,H,,,https://vimeo.com/1192035553,https://www.youtube.com/watch?v=GjPUZzdt3ws,[object Object]
Midlantic May Two-Year-Olds in Training (2026),2026-05-18,12,CH,F,VOLATILE,WITH PLEASURE,CAPE BLANCO (IRE),RANDY MILES AGENT XXIII,BEGG RACING AGENT FOR SECTION F,50000,Y,04/10/2024,KY,B-C,,,https://youtu.be/Ms8i79q14yQ,https://www.youtube.com/watch?v=K2aVDV993_I,[object Object]
Midlantic May Two-Year-Olds in Training (2026),2026-05-18,13,GR/RO,C,VOLATILE,YADIRA,PULPIT,CRANE THOROUGHBRED SERVICES AGENT,DONATO LANNI AGENT FOR ZEDAN RACING,650000,,02/19/2024,KY,C-D,,,,https://www.youtube.com/watch?v=l5nlbAU-q5M,[object Object]
Midlantic May Two-Year-Olds in Training (2026),2026-05-18,14,CH,C,CHARLATAN,YES I'LL GO,YES IT'S TRUE,JONATHAN NAVAS EQUINE SERVICES LLC,HARMASH RACING,30000,,04/27/2024,KY,K,,,https://vimeo.com/1192246800,https://www.youtube.com/watch?v=6DUlkFb8yPY,[object Object]
Midlantic May Two-Year-Olds in Training (2026),2026-05-18,15,DK B/,F,YAUPON,YES LIZ,YES IT'S TRUE,SBM TRAINING AND SALES AGENT,OUT,0,,05/07/2024,KY,K-L,,,https://vimeo.com/1190735430,https://www.youtube.com/watch?v=ft23w8ZN0l0,[object Object]
Midlantic May Two-Year-Olds in Training (2026),2026-05-18,16,B,C,INDEPENDENCE HALL,A CUT AHEAD,TIZ WONDERFUL,GRASSROOTS TRAINING AND SALES LLC AGENT,OUT,0,,04/13/2024,NY,I,,,,,[object Object]
Midlantic May Two-Year-Olds in Training (2026),2026-05-18,17,B,C,KEEPMEINMIND,A LOT OF FABRIC,GIROLAMO,LITTLE FARM EQUINE LLC AGENT,HIGH POINT BLOODSTOCK FOR MIKE ROSA,40000,,03/22/2024,NY,TENT,,,https://vimeo.com/1191379318,https://youtu.be/oF6ZjClJgaA,[object Object]
Midlantic May Two-Year-Olds in Training (2026),2026-05-18,18,DK B/,F,EARLY VOTING,A P LUCKY,LOOKIN AT LUCKY,HARTLEY/DE RENZO THOROUGHBREDS AGENT,DARRICK HAYDEN,60000,,03/18/2024,KY,A,,,https://vimeo.com/1189878645,https://www.youtube.com/watch?v=HzT5huVM77g,[object Object]
Midlantic May Two-Year-Olds in Training (2026),2026-05-18,19,DK B/,C,ARMY MULE,A THOUSAND REASONS,MUNNINGS,PICK VIEW LLC AGENT,OUT,0,,04/19/2024,KY,TENT,,,,,[object Object]
Midlantic May Two-Year-Olds in Training (2026),2026-05-18,20,CH,C,PRACTICAL JOKE,ABRACADABRA,SPEIGHTSTOWN,LUCAN BLOODSTOCK (KARL KEEGAN) AGENT XI,STERLING ROAD STABLES,75000,Y,04/06/2024,PA,J,,,https://youtu.be/juNk7lH-JV0,https://www.youtube.com/watch?v=OsIfcJasN_Y,[object Object]
Midlantic May Two-Year-Olds in Training (2026),2026-05-18,21,CH,F,DRAIN THE CLOCK,ABSOLUTE CRACKERS (IRE),GIANT'S CAUSEWAY,LITTLE FARM EQUINE LLC AGENT,ROBERT H ZOELLNER,55000,,04/12/2024,KY,TENT,,,https://vimeo.com/1191379319,https://www.youtube.com/watch?v=9EcveHMpONE,[object Object]
Midlantic May Two-Year-Olds in Training (2026),2026-05-18,22,DK B/,C,YAUPON,ACUSHLA,TIZNOW,DE MERIC SALES AGENT,NOT SOLD,485000,,05/05/2024,NY,I-J,,,https://vimeo.com/1191768823,https://www.youtube.com/watch?v=frfB1R9QivU,[object Object]
Midlantic May Two-Year-Olds in Training (2026),2026-05-18,23,CH,C,VEKOMA,ADAMAS,CORINTHIAN,CALIENTE THOROUGHBREDS AGENT,OUT,0,,04/11/2024,KY,TENT,,,,,[object Object]
Midlantic May Two-Year-Olds in Training (2026),2026-05-18,24,B,C,GREAT NOTION,ADORINA,BERNARDINI,CARY FROMMER LLC AGENT,JOHN MENTZ/HUGH ROBERTSON,80000,,04/25/2024,MD,A-B,,,https://vimeo.com/1191539410,https://www.youtube.com/watch?v=VN3a--GSkQY,[object Object]
Midlantic May Two-Year-Olds in Training (2026),2026-05-18,25,CH,C,SOLOMINI,ADRIATIC ROSE,CENTRAL BANKER,MCMAHON OF SARATOGA THOROUGHBREDS LLC AGENT,JOSEPH BROCKLEBANK AGT.,25000,,04/17/2024,NY,L,,,https://vimeo.com/1191768436,https://www.youtube.com/watch?v=_wJ2FM-imWU,[object Object]
Midlantic May Two-Year-Olds in Training (2026),2026-05-18,26,B,F,GOOD MAGIC,AFFIRMATION,ASTROLOGY,LUCAN BLOODSTOCK (KARL KEEGAN) AGENT VII,JOSEPH LLOYD,125000,,02/19/2024,KY,J,,,https://youtu.be/5QBRJuPuOtU,https://www.youtube.com/watch?v=FAwJAHLoN-8,[object Object]
Midlantic May Two-Year-Olds in Training (2026),2026-05-18,27,CH,F,CYBERKNIFE,AGAVE KISS,LION HEART,KINGS EQUINE AGENT,JOHN SERVIS AGENT,17000,,03/10/2024,KY,H,,,https://vimeo.com/1192035069,https://www.youtube.com/watch?v=gwSX0rgzD6w,[object Object]
Midlantic May Two-Year-Olds in Training (2026),2026-05-18,28,B,C,IMPROBABLE,AINTAFRAIDOFGHOSTS,GHOSTZAPPER,JONATHAN NAVAS EQUINE SERVICES LLC,DAT RACING STABLE,35000,,04/09/2024,KY,K,,,https://vimeo.com/1192246797,https://www.youtube.com/watch?v=VK2Wf80OGLs,[object Object]
Midlantic May Two-Year-Olds in Training (2026),2026-05-18,29,DK B/,C,CORNICHE,AKRON GOLD,MEDAGLIA D'ORO,LG AGENT I,DAVID PORTO,20000,,04/26/2024,NY,A,,,,https://www.youtube.com/watch?v=_FTLb3U5TXI,[object Object]
Midlantic May Two-Year-Olds in Training (2026),2026-05-18,30,CH,F,TACITUS,ALANA'S ALLURE,SHACKLEFORD,BRYAN FORD TRAINING STABLE AGENT,CLASS RACING,45000,,04/02/2024,NY,G,,,https://vimeo.com/1190812276?fl=ip&fe=ec,https://www.youtube.com/watch?v=Yox6Fao7J2c,[object Object]
Midlantic May Two-Year-Olds in Training (2026),2026-05-18,31,B,C,OSCAR PERFORMANCE,ALASAAYIL,HARD SPUN,SHAMROCK STABLE,WALSH RACING,65000,Y,05/05/2024,KY,E,,,https://vimeo.com/1191598567,https://www.youtube.com/watch?v=zD2qbe_gOo0,[object Object]
Midlantic May Two-Year-Olds in Training (2026),2026-05-18,32,CH,F,GUN RUNNER,ALEXANDRIA,CONSTITUTION,RANDY MILES AGENT V,OUT,0,,03/18/2024,KY,B-C,,,,,[object Object]
Midlantic May Two-Year-Olds in Training (2026),2026-05-18,33,CH,C,LIAM'S MAP,ALL NIGHT PARTY,TRAPPE SHOT,TOP LINE SALES LLC AGENT,GERVAIS RACING LLC & NET BIRDIE LLC,300000,,03/03/2024,KY,E-F,,,https://vimeo.com/1191588519,https://www.youtube.com/watch?v=wFyzxKO8pls,[object Object]
Midlantic May Two-Year-Olds in Training (2026),2026-05-18,34,B,F,LIAM'S MAP,ALLYMISSLOVE,PRACTICAL JOKE,CALIENTE THOROUGHBREDS AGENT,PETER COLUCCI,90000,,03/23/2024,KY,TENT,,,https://vimeo.com/1192413389,https://www.youtube.com/watch?v=qvpUSZh8vKA,[object Object]
Midlantic May Two-Year-Olds in Training (2026),2026-05-18,35,CH,C,FIRST SAMURAI,ALMIGHTY MIRACLE,GOLDENCENTS,GRASSROOTS TRAINING AND SALES LLC,TRIPLE T RANCH,15000,,03/03/2024,KY,I,,,,https://youtu.be/SZeYFbVlcPc,[object Object]
Midlantic May Two-Year-Olds in Training (2026),2026-05-18,36,B,C,NYQUIST,AN EDDIE SURPRISE,SQUARE EDDIE,CAMELOT ACRES RACING & SALES AGENT,KIM VALERIO AGENT FOR DJ STABLE,425000,,04/02/2024,LA,A,,,https://vimeo.com/1191295515,https://www.youtube.com/watch?v=HVojtaiuBrc,[object Object]
Midlantic May Two-Year-Olds in Training (2026),2026-05-18,37,B,C,OMAHA BEACH,ANABRANCH,CONGAREE,ARROYO BLOODSTOCK AGENT,CALIFORNIA RACING PARTNERS,105000,Y,03/11/2024,KY,F,,,https://vimeo.com/1192834120,https://www.youtube.com/watch?v=nCJDP8LoOqc,[object Object]
Midlantic May Two-Year-Olds in Training (2026),2026-05-18,38,B,F,IMPROBABLE,ANANDA,SCAT DADDY,HIDDEN BROOK AGENT III,GOKMEN KAYA,10000,,03/21/2024,KY,K,,,https://vimeo.com/1191150728,https://www.youtube.com/watch?v=wF120qYVeGM,[object Object]
Midlantic May Two-Year-Olds in Training (2026),2026-05-18,39,CH,F,GOLDEN PAL,ANDARTA,DECLARATION OF WAR,CARY FROMMER LLC AGENT,NOT SOLD,140000,,01/28/2024,NY,A-B,,,https://vimeo.com/1191734335,https://www.youtube.com/watch?v=pNUmbfWJ9OM,[object Object]
Midlantic May Two-Year-Olds in Training (2026),2026-05-18,40,DK B/,F,NASHVILLE,ANN OF CLEVES,VERRAZANO,JULIE DAVIES LLC AGENT,CRUZ RACING FOR WASABI VENTURES STABLES,50000,,03/27/2024,KY,J-K,,,https://vimeo.com/1191914349,https://www.youtube.com/watch?v=1TagZsX_orA,[object Object]
Midlantic May Two-Year-Olds in Training (2026),2026-05-18,41,B,F,SHARP AZTECA,ANNIES LAW,HARLAN'S HOLIDAY,RANDY MILES AGENT XXII,HARMASH RACING,30000,,02/21/2024,NY,B-C,,,,https://www.youtube.com/watch?v=ifQEyWdcD0I,[object Object]
Midlantic May Two-Year-Olds in Training (2026),2026-05-18,42,B,C,GALILEAN,ANOTHER LEVEL,EMCEE,GRASSROOTS TRAINING AND SALES LLC AGENT,JUSTIN CASSE/BAWNMORE RACING,190000,,05/01/2024,NY,I,,,,https://www.youtube.com/watch?v=MMdHuzHu71Q,[object Object]
Midlantic May Two-Year-Olds in Training (2026),2026-05-18,43,B,F,JACKIE'S WARRIOR,ANTE UP MY FRIEND,FRIEND OR FOE,SEQUEL AGENT FOR CHESTER BROMAN,BRADLEY THOROUGHBREDS LLC AGT,170000,,03/23/2024,NY,H,,,https://vimeo.com/1190169509,https://www.youtube.com/watch?v=EL7nzWbYpI4,[object Object]
Midlantic May Two-Year-Olds in Training (2026),2026-05-18,44,CH,F,CYBERKNIFE,ARBANNE,MIDSHIPMAN,RANDY MILES AGENT XV,BREY FARIA,75000,,05/05/2024,KY,B-C,,,https://youtu.be/FrmxGjIz4pw,https://www.youtube.com/watch?v=5l8JBZ-yyCo,[object Object]
Midlantic May Two-Year-Olds in Training (2026),2026-05-18,45,CH,F,JACK CHRISTOPHER,ARD MACHA,CANDY RIDE (ARG),PAUL SHARP AGENT IV,TRIPLE T RANCH,35000,,02/15/2024,NY,J-K,,,,https://www.youtube.com/watch?v=Yp7Ei0K_Wys,[object Object]
Midlantic May Two-Year-Olds in Training (2026),2026-05-18,46,GR/RO,C,GIRVIN,AREOLITE,TAPIT,JVC TRAINING AND SALES AGENT,TRAVIS FOLEY,55000,,05/18/2024,KY,F-G,,,https://vimeo.com/1191525240,https://www.youtube.com/watch?v=EKUw6D66wMo,[object Object]
Midlantic May Two-Year-Olds in Training (2026),2026-05-18,47,B,F,ENTICED,ARTILLERY PUNCH,KITTEN'S JOY,TWELVE TOES LLC AGENT,OUT,0,,04/05/2024,NY,G,,,,,[object Object]
Midlantic May Two-Year-Olds in Training (2026),2026-05-18,48,DK B/,F,REDESDALE,ASCOT WALK,DAAHER,KINGDOM THOROUGHBRED SALES  AGENT,STARSHIP STABLES,75000,,06/04/2024,NY,H,,,https://vimeo.com/1191029947,https://www.youtube.com/watch?v=j6K3vi2IDRY,[object Object]
Midlantic May Two-Year-Olds in Training (2026),2026-05-18,49,DK B/,C,JACKIE'S WARRIOR,ASHLEY'S BABE,PUT IT BACK,TOP LINE SALES LLC AGENT IX,NOT SOLD,295000,,02/19/2024,KY,E-F,,,https://vimeo.com/1191914281,https://www.youtube.com/watch?v=UxrWs4pqYPw,[object Object]
Midlantic May Two-Year-Olds in Training (2026),2026-05-18,50,B,C,GOLDEN PAL,AUNTIE MARTHA,WAR PASS,RANDY MILES AGENT I,NOT SOLD,145000,,03/25/2024,KY,B-C,,,https://youtu.be/pSCZorUps8M,https://www.youtube.com/watch?v=R_5i3yjX304,[object Object]
Midlantic May Two-Year-Olds in Training (2026),2026-05-18,51,DK B/,F,MYSTIC GUIDE,AUNTY MO,UNCLE MO,JULIE DAVIES LLC AGENT,BEGG RACING,90000,,04/05/2024,ON,J-K,,,https://vimeo.com/1191363390,https://www.youtube.com/watch?v=DAfnuSVzVnE,[object Object]
Midlantic May Two-Year-Olds in Training (2026),2026-05-18,52,B,F,INSTAGRAND,BAGS ARE PACKED,TOURIST,JULIE DAVIES LLC AGENT,TAPROOT BLOODSTOCK AGENT,25000,,03/15/2024,KY,J-K,,,https://vimeo.com/1191363377,https://www.youtube.com/watch?v=a9y70PuekWk,[object Object]
Midlantic May Two-Year-Olds in Training (2026),2026-05-18,53,CH,F,CHARLATAN,BALLET DRESS,HARD SPUN,CARY FROMMER LLC AGENT,NOT SOLD,47000,,01/28/2024,KY,A-B,,,https://vimeo.com/1191734160,https://www.youtube.com/watch?v=kn10zMdEwDc,[object Object]
Midlantic May Two-Year-Olds in Training (2026),2026-05-18,54,CH,C,FLIGHTLINE,BAR OF GOLD,MEDAGLIA D'ORO,SEQUEL AGENT FOR CHESTER BROMAN,PEDRO LANZ AGENT FOR KAS STABLES,2100000,,04/01/2024,NY,H,,,https://vimeo.com/1188261941,https://www.youtube.com/watch?v=t82e1p2Y560,[object Object]
Midlantic May Two-Year-Olds in Training (2026),2026-05-18,55,DK B/,F,VEKOMA,BARBY SUE,PURGE,TOM MCCROCKLIN AGENT,OUT,0,,03/01/2024,KY,D-E,,,,,[object Object]
Midlantic May Two-Year-Olds in Training (2026),2026-05-18,56,B,C,OSCAR PERFORMANCE,BAREEQA,GIROLAMO,RANDY MILES AGENT XIII,HIGH POINT BLOODSTOCK FOR RED STORM STABLE,70000,,02/07/2024,KY,B-C,,,https://youtu.be/UlGzRQdScfM,https://www.youtube.com/watch?v=_dzsuHe2-jc,[object Object]
Midlantic May Two-Year-Olds in Training (2026),2026-05-18,57,B,F,CENTRAL BANKER,BAY'S NANNY,FREUD,HIDDEN BROOK AGENT I,OUT,0,,03/01/2024,NY,K,,,,,[object Object]
Midlantic May Two-Year-Olds in Training (2026),2026-05-18,58,GR/RO,C,TAPIT,BAYOU TORTUGA,EMPIRE MAKER,DE MERIC SALES AGENT,GO GO GREYS BSW/CROW AGENT,735000,,03/05/2024,KY,I-J,,,https://vimeo.com/1190546822,https://www.youtube.com/watch?v=crL-_2HldM0,[object Object]
Midlantic May Two-Year-Olds in Training (2026),2026-05-18,59,DK B/,C,CYBERKNIFE,BE JEWELED,TIZNOW,NIALL BRENNAN STABLES AGENT XIII,TRIPLE T RANCH,90000,,03/20/2024,KY,J-K,,,https://youtu.be/vgHjpKCoE-A,https://www.youtube.com/watch?v=s2lIHC35g5w,[object Object]
Midlantic May Two-Year-Olds in Training (2026),2026-05-18,60,GR/RO,C,VOLATILE,BE NIMBLE,THE FACTOR,GRASSROOTS TRAINING AND SALES LLC,JOHN SERVIS AGENT,35000,,05/07/2024,KY,I,,,,https://www.youtube.com/watch?v=fyb1zncGx7w,[object Object]
Midlantic May Two-Year-Olds in Training (2026),2026-05-18,61,CH,F,MAXIMUM SECURITY,BEAUTIFUL ONE,MEDAGLIA D'ORO,STERLING THOROUGHBREDS AGENT,HIGH POINT BLOODSTOCK,25000,,04/23/2024,KY,C,,,,https://www.youtube.com/watch?v=E_LWPUVfIOU,[object Object]
Midlantic May Two-Year-Olds in Training (2026),2026-05-18,62,B,F,MANDALOUN,BEAUTY DAY,PAYNTER,ARROYO BLOODSTOCK AGENT,DUTCH RACING STABLES LLC,60000,,05/06/2024,NY,F,,,https://vimeo.com/1192834117,https://www.youtube.com/watch?v=PNLUJHHvkZ0,[object Object]
Midlantic May Two-Year-Olds in Training (2026),2026-05-18,64,B,C,CENTRAL BANKER,BEE IN A BONNET,PRECISE END,MCMAHON OF SARATOGA THOROUGHBREDS LLC AGENT,MITRE BOX STABLES,35000,,03/13/2024,NY,L,,,https://vimeo.com/1192219025,https://www.youtube.com/watch?v=gflgC2oI6SI,[object Object]
Midlantic May Two-Year-Olds in Training (2026),2026-05-18,65,B,F,PINEHURST,BEHOLDEN,CAT THIEF,BRYAN FORD TRAINING STABLE AGENT,STEVEN CHIRCOP,45000,,05/21/2024,KY,G,,,https://vimeo.com/1190813317?fl=ip&fe=ec,https://www.youtube.com/watch?v=SDi-JamnU1I,[object Object]
Midlantic May Two-Year-Olds in Training (2026),2026-05-18,66,CH,F,CORNICHE,BELIEVE IN CHARLIE,INDIAN CHARLIE,OMAR RAMIREZ BLOODSTOCK AGENT,OUT,0,,04/30/2024,FL,K,,,https://vimeo.com/1191355858,https://www.youtube.com/watch?v=NLoH1qv_Viw,[object Object]
Midlantic May Two-Year-Olds in Training (2026),2026-05-18,67,DK B/,C,PRACTICAL JOKE,BELLA COLLINA,PLEASANTLY PERFECT,GOLDEN ROCK THOROUGHBREDS LLC AGENT,MICHAEL V PINO,30000,,04/04/2024,FL,D,,,,https://www.youtube.com/watch?v=tI81LpbcvdQ,[object Object]
Midlantic May Two-Year-Olds in Training (2026),2026-05-18,68,DK B/,C,DRAIN THE CLOCK,BELLISSIMA INDY,TAKE CHARGE INDY,HOPPEL LLC AGENT III,ALESSANDRO MARCONI,140000,,03/27/2024,KY,I,,,https://vimeo.com/1191913863,https://www.youtube.com/watch?v=85yz6hoW5X0,[object Object]
Midlantic May Two-Year-Olds in Training (2026),2026-05-18,69,DK B/,F,KEEPMEINMIND,BETTER NOT CRY,STREET CRY (IRE),RANDY MILES AGENT XVI,OUT,0,,06/03/2024,KY,B-C,,,,,[object Object]
Midlantic May Two-Year-Olds in Training (2026),2026-05-18,70,B,C,ROCK YOUR WORLD,BIG AFFAIR,THE BIG BEAST,MIKELLE FARM AGENT,OUT,0,,03/03/2024,MD,OUT,,,,,[object Object]
Midlantic May Two-Year-Olds in Training (2026),2026-05-18,71,B,C,GIRVIN,BIOFUEL,STORMIN FEVER,GRADE ONE INVESTMENTS AGENT XV,OUT,0,,04/13/2024,KY,G,,,,,[object Object]
Midlantic May Two-Year-Olds in Training (2026),2026-05-18,72,CH,C,FLAMEAWAY,BIRD MAKER,EMPIRE MAKER,CRANE THOROUGHBRED SERVICES AGENT,OUT,0,,03/11/2024,KY,C-D,,,,,[object Object]
Midlantic May Two-Year-Olds in Training (2026),2026-05-18,73,CH,C,MYSTIC GUIDE,BLAME THE GODS,BLAME,WAVERTREE STABLES INC. (CIARAN DUNNE) AGENT I,OUT,0,,03/23/2024,KY,TENT,,,,,[object Object]
Midlantic May Two-Year-Olds in Training (2026),2026-05-18,74,B,C,WIN WIN WIN,BLASE,LEROIDESANIMAUX (BRZ),JONATHAN NAVAS EQUINE SERVICES LLC AGENT,OUT,0,,04/13/2024,NY,K,,,,,[object Object]
Midlantic May Two-Year-Olds in Training (2026),2026-05-18,75,B,C,ROCK YOUR WORLD,BLUEGRASS ELLIE,BLUEGRASS CAT,PICK VIEW LLC AGENT,LEGION BLOODSTOC AGT. FOR JCE RACING,35000,Y,02/21/2024,NY,TENT,,,https://vimeo.com/1191768503,https://www.youtube.com/watch?v=w596A59BdDE,[object Object]
Midlantic May Two-Year-Olds in Training (2026),2026-05-18,76,GR/RO,F,MUNNINGS,BO'S IMAGE,TAPIT,MARGAUX FARM LLC AGENT III,STARVIEW STABLE,140000,,05/20/2024,KY,I,,,https://vimeo.com/1188527374,https://www.youtube.com/watch?v=vw2wqTMUof8,[object Object]
Midlantic May Two-Year-Olds in Training (2026),2026-05-18,77,B,C,MCKINZIE,BOERNE,FED BIZ,HARTLEY/DE RENZO THOROUGHBREDS AGENT,DELTA SQUAD RACING,310000,,04/04/2024,KY,A,,,https://vimeo.com/1189878797,https://www.youtube.com/watch?v=hWViTbebohg,[object Object]
Midlantic May Two-Year-Olds in Training (2026),2026-05-18,78,B,C,GOLDEN PAL,BONITA BIANCA,CURLIN,DE MERIC SALES AGENT,SAM VOGEL & JOE MORGAN,180000,,04/14/2024,KY,I-J,,,https://vimeo.com/1190545366,https://www.youtube.com/watch?v=mutjrYvH54Q,[object Object]
Midlantic May Two-Year-Olds in Training (2026),2026-05-18,79,CH,F,JACKIE'S WARRIOR,BOODLES,MR. GREELEY,NIALL BRENNAN STABLES AGENT III,LEGION/GRACIE AGENT,750000,,02/07/2024,KY,J-K,,,https://youtu.be/MjAwooFwi9o,https://www.youtube.com/watch?v=nHDUvEkYwOo,[object Object]
Midlantic May Two-Year-Olds in Training (2026),2026-05-18,80,CH,F,GOLDEN PAL,BORDEAUX BELLE,QUALITY ROAD,JONATHAN NAVAS EQUINE SERVICES LLC,OUT,0,,04/12/2024,KY,K,,,,,[object Object]
Midlantic May Two-Year-Olds in Training (2026),2026-05-18,81,CH,F,WARRIOR'S CHARGE,BOSS BARNEY'S BABE,STREET BOSS,GRASSROOTS TRAINING AND SALES LLC,OSB STABLES LLC,17500,,05/11/2024,NY,I,,,,https://www.youtube.com/watch?v=-CDrFpdVt8g,[object Object]
Midlantic May Two-Year-Olds in Training (2026),2026-05-18,82,CH,C,MYSTIC GUIDE,BOURBON REBELLION,SHANGHAI BOBBY,THOROSTOCK LLC AGENT,WILLIS HORTON RACING LLC,210000,,02/27/2024,KY,I,,,https://vimeo.com/1191375684,https://www.youtube.com/watch?v=zq3PDVMMxio,[object Object]
Midlantic May Two-Year-Olds in Training (2026),2026-05-18,83,B,F,INTO MISCHIEF,BRAZILIAN SOUL,CURLIN,RANDY MILES AGENT V,OUT,0,,03/01/2024,KY,B-C,,,https://youtu.be/apbRXtD1Uvw,https://www.youtube.com/watch?v=3pGVjVuUXFk,[object Object]
Midlantic May Two-Year-Olds in Training (2026),2026-05-18,84,GR/RO,C,VEKOMA,BREAKAWAY DIXIE,MARINO MARINI,CRANE THOROUGHBRED SERVICES AGENT,ALESSANDRO MARCONI,40000,,04/08/2024,KY,C-D,,,,https://www.youtube.com/watch?v=5iB3ReBTrw0,[object Object]
Midlantic May Two-Year-Olds in Training (2026),2026-05-18,85,CH,C,CORNICHE,BREVIARY,SUPER NINETY NINE,WAVERTREE STABLES INC. (CIARAN DUNNE) AGENT I,OUT,0,,04/01/2024,KY,TENT,,,,,[object Object]
Midlantic May Two-Year-Olds in Training (2026),2026-05-18,86,B,C,CORNICHE,BREWSTER FLATS,MINESHAFT,TOM MCCROCKLIN AGENT,SPEEDWAY STABLES LLC,325000,,03/23/2024,KY,D-E,,,https://vimeo.com/1190812960,https://www.youtube.com/watch?v=h7aVFQicaSY,[object Object]
Midlantic May Two-Year-Olds in Training (2026),2026-05-18,87,B,C,MO DONEGAL,BRIEF HOLIDAY,HARLAN'S HOLIDAY,CALIENTE THOROUGHBREDS AGENT,DODGER RUN INC,97000,,02/09/2024,PA,TENT,,,https://vimeo.com/1192541919,https://www.youtube.com/watch?v=6b8xzLeeASs,[object Object]
Midlantic May Two-Year-Olds in Training (2026),2026-05-18,88,CH,C,VEKOMA,BROADWAY DINER,TAPIZAR,GRADE ONE INVESTMENTS AGENT X,NOT SOLD,185000,,05/20/2024,KY,G,,,https://vimeo.com/1191029654,https://www.youtube.com/watch?v=ZSLGIp0Sq64,[object Object]
Midlantic May Two-Year-Olds in Training (2026),2026-05-18,89,B,C,MCKINZIE,BUY ME A ROSE,VIOLENCE,LITTLE FARM EQUINE LLC AGENT,NOT SOLD,45000,,03/14/2024,KY,TENT,,,https://vimeo.com/1191379321,https://youtu.be/7Zi8fRi2rEM,[object Object]
Midlantic May Two-Year-Olds in Training (2026),2026-05-18,90,CH,G,EARLY VOTING,C V'S POWERPAK,POWER BROKER,R. MARIE FARMS AGENT,OUT,0,,03/11/2024,WV,J,,,,,[object Object]
Midlantic May Two-Year-Olds in Training (2026),2026-05-18,92,GR/RO,F,ROCK YOUR WORLD,CAIRO QUEEN,CAIRO PRINCE,DE MERIC SALES AGENT,OUT,0,,01/25/2024,KY,I-J,,,https://vimeo.com/1190543666,,[object Object]
Midlantic May Two-Year-Olds in Training (2026),2026-05-18,93,B,F,HIGHLY MOTIVATED,CAJUN KID,LEMON DROP KID,TOM MCCROCKLIN AGENT,NOT SOLD,47000,,04/08/2024,FL,D-E,,,https://vimeo.com/1190814208,https://www.youtube.com/watch?v=Vg0rxpnHuz0,[object Object]
Midlantic May Two-Year-Olds in Training (2026),2026-05-18,94,B,F,QUALITY ROAD,CAJUN TEASE,CAJUN BREEZE,SBM TRAINING AND SALES AGENT,A FERRIS ALLEN III AGT. FOR WALTER DOGGETT,100000,,04/24/2024,KY,K-L,,,https://vimeo.com/1190735510,https://www.youtube.com/watch?v=q23P_VKLbW4,[object Object]
Midlantic May Two-Year-Olds in Training (2026),2026-05-18,95,B,F,UNCLE MO,CAL ROUGH,CALIFORNIA CHROME,CALIENTE THOROUGHBREDS AGENT,TRIPLE T RANCH,20000,,01/22/2024,KY,TENT,,,https://vimeo.com/1192413394,https://www.youtube.com/watch?v=68aDEQ-TBQI,[object Object]
Midlantic May Two-Year-Olds in Training (2026),2026-05-18,96,B,C,LIAM'S MAP,CALINAS SONG,ELUSIVE QUALITY,GOLDEN ROCK THOROUGHBREDS LLC AGENT,NOT SOLD,52000,,01/25/2024,KY,D,,,,https://www.youtube.com/watch?v=DpKyBZ_IZ4s,[object Object]
Midlantic May Two-Year-Olds in Training (2026),2026-05-18,97,B,F,GALILEAN,CANDY D'ORO,JOHANNESBURG,GRASSROOTS TRAINING AND SALES LLC AGENT,JOSEPH BESECKER,27000,,05/01/2024,NY,I,,,,https://www.youtube.com/watch?v=FHYtxR9lFy0,[object Object]
Midlantic May Two-Year-Olds in Training (2026),2026-05-18,98,B,F,ROADSTER,CARA SORELLA,BROTHER DEREK,CRANE THOROUGHBRED SERVICES AGENT,OUT,0,,05/08/2024,KY,C-D,,,,,[object Object]
Midlantic May Two-Year-Olds in Training (2026),2026-05-18,99,GR/RO,F,YAUPON,CARA'S DREAMER,THE FACTOR,OMAR RAMIREZ BLOODSTOCK AGENT,WILLIS HORTON RACING LLC,130000,,02/29/2024,AR,K,,,https://vimeo.com/1191355867,https://www.youtube.com/watch?v=o4x5mGkVy0Q,[object Object]
Midlantic May Two-Year-Olds in Training (2026),2026-05-18,100,GR/RO,F,KNICKS GO,CARSON CITY STORM,NOT THIS TIME,TWO COUSINS TRAINING AND SALES AGENT,NOT SOLD,19000,,02/01/2024,NJ,B,,,https://vimeo.com/1192217901,https://www.youtube.com/watch?v=cAp3MxZ-oVg,[object Object]
Midlantic May Two-Year-Olds in Training (2026),2026-05-18,101,B,C,ARMY MULE,CASCADING CASH,DISTORTED HUMOR,BRITTON PEAK AGENT IX,TRIPLE T RANCH,20000,,02/03/2024,KY,F,,,,https://www.youtube.com/watch?v=LJm-4cwueL4,[object Object]
Midlantic May Two-Year-Olds in Training (2026),2026-05-18,102,GR/RO,C,TAPIT,CASHMERE,COWBOY CAL,CALIENTE THOROUGHBREDS AGENT,TRIPLE T RANCH,60000,,03/22/2024,KY,TENT,,,https://vimeo.com/1192534711,https://www.youtube.com/watch?v=MVS8yX93LZs,[object Object]
Midlantic May Two-Year-Olds in Training (2026),2026-05-18,103,CH,F,CHARLATAN,CASSATT,TAPIT,ENDURANCE EQUINE AGENT,TREVOR GALLIMORE,5000,,03/03/2024,KY,J,,,https://vimeo.com/1192385832,https://www.youtube.com/watch?v=WVq3sseWHfk,[object Object]
Midlantic May Two-Year-Olds in Training (2026),2026-05-18,104,B,F,GREAT NOTION,CASUAL KISS,DEHERE,MARSHALL W. SILVERMAN AGENT,OUT,0,,05/04/2024,MD,F,,,,,[object Object]
Midlantic May Two-Year-Olds in Training (2026),2026-05-18,105,B,C,LIFE IS GOOD,CATHERINETHEGREAT,UNCAPTURED,DE MERIC SALES AGENT,JOHN KIMMEL AGT FOR SEAN FLANAGAN,300000,,03/31/2024,KY,I-J,,,https://vimeo.com/1190541924,https://www.youtube.com/watch?v=Eurm4AZaLVw,[object Object]
Midlantic May Two-Year-Olds in Training (2026),2026-05-18,106,CH,F,CHARLATAN,CATHY'S CORNBREAD,INDIAN CHARLIE,CRANE THOROUGHBRED SERVICES AGENT,OUT,0,,05/26/2024,PA,C-D,,,,,[object Object]
Midlantic May Two-Year-Olds in Training (2026),2026-05-18,107,B,C,UNCLE MO,CAUSEWAY CAROLYN,GIANT'S CAUSEWAY,RANDY MILES AGENT III,LAEL STABLE,675000,,05/15/2024,KY,B-C,,,https://youtu.be/XrIoyjquOr4,https://www.youtube.com/watch?v=ZZiBLLTN1pU,[object Object]
Midlantic May Two-Year-Olds in Training (2026),2026-05-18,108,DK B/,C,NASHVILLE,CAUSIN COMMOTION,MINESHAFT,LG AGENT I,ALESSANDRO MARCONI,140000,,02/21/2024,KY,A,,,,https://www.youtube.com/watch?v=AiborffARSo,[object Object]
Midlantic May Two-Year-Olds in Training (2026),2026-05-18,109,B,C,MIDSHIPMAN,CELESTIAL WISH,GHOSTZAPPER,TOP LINE SALES LLC AGENT VI,NORMA LEE STOCKSETH,75000,,02/05/2024,KY,E-F,,,https://vimeo.com/1192062416,https://www.youtube.com/watch?v=auhukK0c2a0,[object Object]
Midlantic May Two-Year-Olds in Training (2026),2026-05-18,110,CH,C,IDOL,CHAMADE,FLATTER,STERLING THOROUGHBREDS AGENT,DAN GLEASON,5000,,03/26/2024,KY,C,,,,https://www.youtube.com/watch?v=0s5j52twPI8,[object Object]
Midlantic May Two-Year-Olds in Training (2026),2026-05-18,111,B,F,VIOLENCE,CHAMPAGNE DIET,DECLARATION OF WAR,CARY FROMMER LLC AGENT,NOT SOLD,50000,,03/06/2024,KY,A-B,,,https://vimeo.com/1191734143,https://www.youtube.com/watch?v=2t4MCwszl60,[object Object]
Midlantic May Two-Year-Olds in Training (2026),2026-05-18,112,B,F,CORNICHE,CHAOTIC CAT,TALE OF THE CAT,GRADE ONE INVESTMENTS AGENT IV,SACKATOGA STABLE LLC,150000,,02/26/2024,NY,G,,,https://vimeo.com/1190457485,https://www.youtube.com/watch?v=-r6EfQFCGA4,[object Object]
Midlantic May Two-Year-Olds in Training (2026),2026-05-18,113,B,C,JACKIE'S WARRIOR,CHILLY FASHION,ARTIE SCHILLER,WAVERTREE STABLES INC. (CIARAN DUNNE) AGENT II,SGV AGENT,250000,,03/28/2024,KY,TENT,,,https://vimeo.com/1190568474,https://www.youtube.com/watch?v=Al4T_M-P16g,[object Object]
Midlantic May Two-Year-Olds in Training (2026),2026-05-18,114,B,C,COMPLEXITY,CHINKARA,BERNARDINI,TOM MCCROCKLIN AGENT,KELSEY DANNER AGENT,50000,,02/13/2024,KY,D-E,,,https://vimeo.com/1190815368,https://www.youtube.com/watch?v=bjeGiBsPYQQ,[object Object]
Midlantic May Two-Year-Olds in Training (2026),2026-05-18,115,DK B/,F,BOLT D'ORO,CHIONE,FROSTED,OMAR RAMIREZ BLOODSTOCK AGENT,TAPROOT BLOODSTOCK AGENT,160000,,02/28/2024,MD,K,,,https://vimeo.com/1191355866,https://www.youtube.com/watch?v=XTOcb64ykI8,[object Object]
Midlantic May Two-Year-Olds in Training (2026),2026-05-18,116,B,F,GLOBAL CAMPAIGN,CHRISTIANSTED,ARTIE SCHILLER,TOP LINE SALES LLC AGENT X,HAPPY TENTH STABLE,100000,,04/29/2024,KY,E-F,,,https://vimeo.com/1191914282,https://www.youtube.com/watch?v=_m5A35u7vUc,[object Object]
Midlantic May Two-Year-Olds in Training (2026),2026-05-18,117,DK B/,F,YAUPON,CHRISTINA'S COMET,SUCCESSFUL APPEAL,BRYAN FORD TRAINING STABLE AGENT,JOHN SERVIS AGENT,50000,,05/06/2024,PA,G,,,https://vimeo.com/1190814167?fl=ip&fe=ec,https://www.youtube.com/watch?v=NeJ3kvDv2i0,[object Object]
Midlantic May Two-Year-Olds in Training (2026),2026-05-18,118,DK B/,C,MIND CONTROL,CICADA'S SONG,TWIRLING CANDY,JULIE DAVIES LLC AGENT,HARMASH RACING,15000,,04/03/2024,NY,J-K,,,https://vimeo.com/1192219024,https://www.youtube.com/watch?v=Ere1Cez13N4,[object Object]
Midlantic May Two-Year-Olds in Training (2026),2026-05-18,119,DK B/,C,ROCK YOUR WORLD,CITIZEN EMMA,PROUD CITIZEN,HOPPEL LLC AGENT IV,JAGGER INC,65000,,02/27/2024,VA,I,,,https://vimeo.com/1191392782,https://www.youtube.com/watch?v=mcmkC-OgihI,[object Object]
Midlantic May Two-Year-Olds in Training (2026),2026-05-18,120,CH,C,KNOWN AGENDA,CITY IN THE SKY,SKY CLASSIC,STERLING THOROUGHBREDS AGENT,CARL JONES,7000,,03/28/2024,KY,C,,,,https://www.youtube.com/watch?v=0gcklxOHFIg,[object Object]
Midlantic May Two-Year-Olds in Training (2026),2026-05-18,121,B,F,MO DONEGAL,CLAIRVOYANT LADY,ASTROLOGY,DUFFY RACING LLC (SEAN DUFFY) AGENT,TREVOR GALLIMORE,6000,,03/18/2024,FL,L,,,https://vimeo.com/1190912657,https://www.youtube.com/watch?v=jPXunGwApig,[object Object]
Midlantic May Two-Year-Olds in Training (2026),2026-05-18,122,DK B/,F,DIALED IN,CLASSY SHACKLES,SHACKLEFORD,JONATHAN NAVAS EQUINE SERVICES LLC AGENT,OUT,0,,02/11/2024,KY,K,,,,,[object Object]
Midlantic May Two-Year-Olds in Training (2026),2026-05-18,123,DK B/,C,GIRVIN,CLEOPATRA'S FINEST,SMART STRIKE,TOM MCCROCKLIN AGENT,K.O.I.D.,45000,,05/14/2024,KY,D-E,,,https://vimeo.com/1190819470,https://www.youtube.com/watch?v=YfGXM-SypAs,[object Object]
Midlantic May Two-Year-Olds in Training (2026),2026-05-18,124,DK B/,F,WARRIOR'S CHARGE,CLOSING MOVE,BERNARDINI,JULIE DAVIES LLC AGENT,LEO S NECHAMKIN II,10000,,05/03/2024,NY,J-K,,,https://vimeo.com/1191363392,https://www.youtube.com/watch?v=D4QYa0Q6dus,[object Object]
Midlantic May Two-Year-Olds in Training (2026),2026-05-18,125,B,F,GUN RUNNER,COIN BROKER (IRE),MONTJEU (IRE),PICK VIEW LLC AGENT,GEORGE CHILDS,450000,,02/27/2024,KY,TENT,,,https://vimeo.com/1191669279,https://www.youtube.com/watch?v=P7CyTWiPbWU,[object Object]
Midlantic May Two-Year-Olds in Training (2026),2026-05-18,126,GR/RO,F,ROADSTER,COLD FOREST,FORESTRY,TOM MCCROCKLIN AGENT,NOT SOLD,45000,,02/07/2024,FL,D-E,,,https://vimeo.com/1190816599,https://www.youtube.com/watch?v=tGBiobuScXQ,[object Object]
Midlantic May Two-Year-Olds in Training (2026),2026-05-18,127,CH,C,MUNNINGS,COLONIAL FLAG,PLEASANT TAP,MASON SPRINGS LLC AGENT,WAYWARD FARM LLC,10000,,05/02/2024,KY,I,,,https://vimeo.com/1192368834,https://www.youtube.com/watch?v=2mg1jcRwAXE,[object Object]
Midlantic May Two-Year-Olds in Training (2026),2026-05-18,128,CH,C,MITOLE,COLONIZER,SPEIGHTSTOWN,SEQUEL AGENT FOR CHESTER BROMAN,NOT SOLD,97000,,04/09/2024,NY,H,,,https://vimeo.com/1190171734,https://www.youtube.com/watch?v=LXPiKPPKDz4,[object Object]
Midlantic May Two-Year-Olds in Training (2026),2026-05-18,129,CH,C,JACK CHRISTOPHER,COLOR ME FLYING,DISTORTED HUMOR,CALIENTE THOROUGHBREDS AGENT,NOT SOLD,135000,,04/01/2024,KY,TENT,,,https://vimeo.com/1192425231,https://www.youtube.com/watch?v=ijOBcDhr1no,[object Object]
Midlantic May Two-Year-Olds in Training (2026),2026-05-18,130,CH,F,CORNICHE,COMET LINE (IRE),NO NAY NEVER,TOP LINE SALES LLC AGENT VII,NOT SOLD,170000,,04/04/2024,KY,E-F,,,https://vimeo.com/1191588834,https://www.youtube.com/watch?v=f2Kb83X8OpM,[object Object]
Midlantic May Two-Year-Olds in Training (2026),2026-05-18,131,B,F,CHARLATAN,CONQUERING,WAR FRONT,HOPPEL LLC AGENT I,AUGUSTUS MCRAE,110000,,03/20/2024,KY,I,,,https://vimeo.com/1191913941,https://www.youtube.com/watch?v=3kFEB7vsXj4,[object Object]
Midlantic May Two-Year-Olds in Training (2026),2026-05-18,132,DK B/,F,CONSTITUTION,CONTRIBUTING,MEDAGLIA D'ORO,DE MERIC SALES AGENT,CASE CLAY THOROUGHBRED MANAGEMENT,575000,,03/30/2024,KY,I-J,,,https://vimeo.com/1190539893,https://www.youtube.com/watch?v=r1iPsSGleMc,[object Object]
Midlantic May Two-Year-Olds in Training (2026),2026-05-18,133,CH,C,MUNNINGS,COPACETIC,CURLIN,GOLDEN ROCK THOROUGHBREDS LLC AGENT,RAFAEL LOPEZ,30000,Y,03/04/2024,KY,D,,,,https://www.youtube.com/watch?v=41XRn8jfXjY,[object Object]
Midlantic May Two-Year-Olds in Training (2026),2026-05-18,134,GR/RO,F,VEKOMA,COPPER BEECH,CROSS TRAFFIC,HIDDEN BROOK AGENT V,JAMES BREDIN AGT. FOR DARRS INC,100000,Y,02/09/2024,KY,K,,,https://vimeo.com/1191150784,https://www.youtube.com/watch?v=q7em4rqLtPI,[object Object]
Midlantic May Two-Year-Olds in Training (2026),2026-05-18,135,CH,F,SPEIGHTSTOWN,COPPER GEM,GEMOLOGIST,DE MERIC SALES AGENT,LINDA MERRITT,15000,,02/26/2024,KY,I-J,,,https://vimeo.com/1190538036,https://www.youtube.com/watch?v=SM2NsfMgXx4,[object Object]
Midlantic May Two-Year-Olds in Training (2026),2026-05-18,136,CH,F,EPICENTER,COSMIC BURST,VIOLENCE,TOP LINE SALES LLC AGENT VI,NORMA LEE STOCKSETH,100000,,04/06/2024,KY,E-F,,,https://vimeo.com/1191588816,https://www.youtube.com/watch?v=8jXGpUwScyc,[object Object]
Midlantic May Two-Year-Olds in Training (2026),2026-05-18,137,CH,F,WARRIOR'S CHARGE,COTTONWOOD FALLS,MALIBU MOON,GRASSROOTS TRAINING AND SALES LLC,MARK REID BLOODSTOCK,70000,,02/25/2024,NY,I,,,,https://www.youtube.com/watch?v=v5zjsd-y4oI,[object Object]
Midlantic May Two-Year-Olds in Training (2026),2026-05-18,138,B,F,SNAPPER SINCLAIR,COUNTRY TIME,LEMON DROP KID,NIALL BRENNAN STABLES AGENT XII,EDWARD C POTASH,30000,,03/03/2024,NY,J-K,,,https://youtu.be/TzXjOn8T16M,https://www.youtube.com/watch?v=fC7TJ17kVZM,[object Object]
Midlantic May Two-Year-Olds in Training (2026),2026-05-18,139,CH,C,VINO ROSSO,COUSIN NEWYORK FAY,BLUEGRASS CAT,THOROSTOCK LLC AGENT,GARY C. YOUNG AGT.,200000,,04/03/2024,NY,I,,,https://vimeo.com/1191375685,https://www.youtube.com/watch?v=TlX1bkqxtOw,[object Object]
Midlantic May Two-Year-Olds in Training (2026),2026-05-18,140,B,C,NASHVILLE,COVER VERSION,MEDAGLIA D'ORO,CALIENTE THOROUGHBREDS AGENT,OUT,0,,02/16/2024,KY,TENT,,,,,[object Object]
Midlantic May Two-Year-Olds in Training (2026),2026-05-18,141,B,F,CONSTITUTION,COWBOYTAKEMEAWAY,STREET CRY (IRE),DE MERIC SALES AGENT,OUT,0,,04/15/2024,KY,I-J,,,,,[object Object]
Midlantic May Two-Year-Olds in Training (2026),2026-05-18,142,B,C,MO DONEGAL,CRACK OF DAWN,BERNARDINI,PAUL SHARP AGENT V,SPEEDWAY STABLES LLC,560000,,03/09/2024,KY,J-K,,,,https://www.youtube.com/watch?v=z61lSqzVOe0,[object Object]
Midlantic May Two-Year-Olds in Training (2026),2026-05-18,144,B,C,BLAME,CUMBRIA,DISTORTED HUMOR,PAUL SHARP AGENT IX,SOUTHERN SPRINGS STABLES,60000,,04/18/2024,VA,J-K,,,,https://www.youtube.com/watch?v=P_ftomBXDrc,[object Object]
Midlantic May Two-Year-Olds in Training (2026),2026-05-18,145,GR/RO,C,CAIRO PRINCE,CUP OF JAVA,MEDAGLIA D'ORO,HOLLY HILL TRAINING CENTER LLC,RISING SUN RACING STABLES INC,40000,,04/13/2024,KY,J,,,https://youtu.be/shKfrpmRQag?si=xnKGXagGHpfYw0no,https://www.youtube.com/watch?v=xRM-PHl_IU0,[object Object]
Midlantic May Two-Year-Olds in Training (2026),2026-05-18,147,CH,F,EPICENTER,CURLISM,CURLIN,SCANLON TRAINING & SALES AGENT (DISPERSAL OF REPOSSESSED HORSES),SOUTHERN SPRINGS STABLES,50000,,03/30/2024,KY,TENT,,,https://vimeo.com/1190282641,https://www.youtube.com/watch?v=bYiGjxy7zNE,[object Object]
Midlantic May Two-Year-Olds in Training (2026),2026-05-18,148,B,C,BLAME,CUSTODY,BROKEN VOW,NIALL BRENNAN STABLES AGENT XII,OUT,0,,05/22/2024,KY,J-K,,,,,[object Object]
Midlantic May Two-Year-Olds in Training (2026),2026-05-18,149,DK B/,C,MEDAGLIA D'ORO,D' LOURDES,GUN RUNNER,OMAR RAMIREZ BLOODSTOCK AGENT,ABDULLAH SALMAN ALSABAH,50000,,03/11/2024,KY,K,,,https://vimeo.com/1191371154,https://www.youtube.com/watch?v=N1ioj4X6Swk,[object Object]
Midlantic May Two-Year-Olds in Training (2026),2026-05-18,150,B,F,EPICENTER,DAISY MASON,ORIENTATE,JULIE DAVIES LLC AGENT,LINDSAY SCHULTZ RACING STABLE,85000,,05/23/2024,KY,J-K,,,https://vimeo.com/1191363375,https://www.youtube.com/watch?v=gF8hFfQrMOk,[object Object]
Midlantic May Two-Year-Olds in Training (2026),2026-05-18,151,B,F,CORNICHE,DAKOTA (GB),FASTNET ROCK (AUS),TOP LINE SALES LLC AGENT XII,RYDER FINNEY AGENT FOR WOODFORD THOROUGHBREDS,400000,,01/18/2024,KY,E-F,,,https://vimeo.com/1191588714,https://www.youtube.com/watch?v=MEHiOF1OIv4,[object Object]
Midlantic May Two-Year-Olds in Training (2026),2026-05-18,152,DK B/,C,DRAIN THE CLOCK,DAKOTA READY,MORE THAN READY,GRASSROOTS TRAINING AND SALES LLC AGENT,WEST POINT TB L.E.B. AGENT,80000,,05/12/2024,PA,I,,,,https://www.youtube.com/watch?v=1FaWbtGpr8A,[object Object]
Midlantic May Two-Year-Olds in Training (2026),2026-05-18,153,B,F,CORE BELIEFS,DAWN'S DANCER,CURLIN,JULIE DAVIES LLC AGENT,WHITAKER WEST,14000,,05/08/2024,KY,J-K,,,https://vimeo.com/1191363470,https://www.youtube.com/watch?v=7rsHaw2Os8E,[object Object]
Midlantic May Two-Year-Olds in Training (2026),2026-05-18,154,GR/RO,F,ESSENTIAL QUALITY,DAYFA,TIZNOW,TOM MCCROCKLIN AGENT,B FLAY THOROUGHBREDS INC,110000,,03/15/2024,KY,D-E,,,https://vimeo.com/1190822176,https://www.youtube.com/watch?v=JPwDsi50ziA,[object Object]
Midlantic May Two-Year-Olds in Training (2026),2026-05-18,155,B,F,ENGAGE,DEFOE STREET,STREET SENSE,GRASSROOTS TRAINING AND SALES LLC AGENT,OUT,0,,05/11/2024,MD,I,,,,https://www.youtube.com/watch?v=uLWcnL42PHs,[object Object]
Midlantic May Two-Year-Olds in Training (2026),2026-05-18,156,DK B/,F,VIOLENCE,DERBY BRAVE,STREET SENSE,JVC TRAINING AND SALES AGENT,NAUKABENA FARMS,50000,,02/21/2024,KY,F-G,,,https://vimeo.com/1191525242,https://www.youtube.com/watch?v=1DN69fPH0F4,[object Object]
Midlantic May Two-Year-Olds in Training (2026),2026-05-18,157,GR/RO,C,MACLEAN'S MUSIC,DETERMINED HOPE,MEDAGLIA D'ORO,ARROYO BLOODSTOCK AGENT,NOT SOLD,190000,,01/18/2024,KY,F,,,https://vimeo.com/1192834122,https://www.youtube.com/watch?v=3y7o9p4mCrI,[object Object]
Midlantic May Two-Year-Olds in Training (2026),2026-05-18,158,GR/RO,F,SOLOMINI,DIAMOND JEN BRADY,YES IT'S TRUE,HIDDEN BROOK AGENT I,WHITE HOUSE STABLES LLC,50000,,02/29/2024,NY,K,,,https://vimeo.com/1191150848,https://www.youtube.com/watch?v=TJAGwz-K5oo,[object Object]
Midlantic May Two-Year-Olds in Training (2026),2026-05-18,159,CH,C,GOOD MAGIC,DIAMONDSANDPEARLS,CONGRATS,CALIENTE THOROUGHBREDS AGENT,CLARK O. BREWSTER,150000,,04/08/2024,KY,TENT,,,https://youtu.be/9Sp5bCXTFt0?si=yOCpHFO1nVd01TLw,https://www.youtube.com/watch?v=0-MXGss3bZo,[object Object]
Midlantic May Two-Year-Olds in Training (2026),2026-05-18,160,CH,C,VEKOMA,DISCREET LADY,DISCREET CAT,ARROYO BLOODSTOCK AGENT,NOT SOLD,147000,,02/27/2024,NY,F,,,https://vimeo.com/1192834118,https://www.youtube.com/watch?v=Fic7IwG-fMA,[object Object]
Midlantic May Two-Year-Olds in Training (2026),2026-05-18,161,CH,F,GOOD MAGIC,DISGUISING,TAPIT,CALIENTE THOROUGHBREDS AGENT,OUT,0,,04/13/2024,KY,TENT,,,,,[object Object]
Midlantic May Two-Year-Olds in Training (2026),2026-05-18,162,DK B/,C,NYQUIST,DISOBEDIENT,INTO MISCHIEF,MARGAUX FARM LLC AGENT II,CASE CLAY THOROUGHBRED MANAGEMENT,700000,,03/27/2024,ON,I,,,https://vimeo.com/1188527234,https://www.youtube.com/watch?v=WK37Y5CB9BU,[object Object]
Midlantic May Two-Year-Olds in Training (2026),2026-05-18,163,CH,C,SOLOMINI,DISTORTED JUSTICE,LANTANA MOB,MCMAHON OF SARATOGA THOROUGHBREDS LLC AGENT,NOT SOLD,15000,,04/17/2024,NY,L,,,https://vimeo.com/1191768438,https://www.youtube.com/watch?v=forhNRqArPg,[object Object]
Midlantic May Two-Year-Olds in Training (2026),2026-05-18,164,B,C,ESSENTIAL QUALITY,DIXIE SERENADE,UPTOWNCHARLYBROWN,GRASSROOTS TRAINING AND SALES LLC AGENT,NADIR KHASSANOV,150000,,04/18/2024,PA,I,,,,https://www.youtube.com/watch?v=NgKSqUPtMl4,[object Object]
Midlantic May Two-Year-Olds in Training (2026),2026-05-18,165,DK B/,F,MAXIMUS MISCHIEF,DOLCE APRILE,TONALIST,KINGS EQUINE AGENT,SARAH WHITE,5000,Y,04/19/2024,KY,H,,,https://vimeo.com/1192035070,https://www.youtube.com/watch?v=RHQ8WjBnZfI,[object Object]
Midlantic May Two-Year-Olds in Training (2026),2026-05-18,166,CH,F,MUNNINGS,DON'T RUSH,MALIBU MOON,DE MERIC SALES AGENT,ALESSANDRO MARCONI,45000,,02/05/2024,KY,I-J,,,https://vimeo.com/1190536381,https://www.youtube.com/watch?v=3Vl4TboPnYc,[object Object]
Midlantic May Two-Year-Olds in Training (2026),2026-05-18,167,DK B/,C,MACLEAN'S MUSIC,DON'T TALK,VIOLENCE,CRANE THOROUGHBRED SERVICES AGENT,JOSEPH BESECKER,30000,,04/15/2024,KY,C-D,,,,https://www.youtube.com/watch?v=uQ0-KD3ZceY,[object Object]
Midlantic May Two-Year-Olds in Training (2026),2026-05-18,168,CH,F,CORNICHE,DONTWASTEURPRETTY,UNBRIDLED'S SONG,DE MERIC SALES AGENT,NOT SOLD,220000,,03/07/2024,KY,I-J,,,https://vimeo.com/1190534714,https://www.youtube.com/watch?v=Da2bPbEscDE,[object Object]
Midlantic May Two-Year-Olds in Training (2026),2026-05-18,169,B,F,MIND CONTROL,DRAMA MAMA,CENTURY CITY (IRE),GRASSROOTS TRAINING AND SALES LLC,ROBERT L WINTERS,9000,,03/08/2024,NY,I,,,,https://www.youtube.com/watch?v=7H3kou1mCIs,[object Object]
Midlantic May Two-Year-Olds in Training (2026),2026-05-18,170,B,F,UNCLE MO,DREAM A DREAM,CURLIN,TOM MCCROCKLIN AGENT,OUT,0,,02/10/2024,KY,D-E,,,,,[object Object]
Midlantic May Two-Year-Olds in Training (2026),2026-05-18,171,DK B/,C,TIZ THE LAW,DRIVEN,FORESTRY,CRANE THOROUGHBRED SERVICES AGENT,DAVID WORKMAN,19000,,05/06/2024,KY,C-D,,,,https://www.youtube.com/watch?v=aJi3e-phbgg,[object Object]
Midlantic May Two-Year-Olds in Training (2026),2026-05-18,172,B,F,HONEST MISCHIEF,DYNA VISION,CITY ZIP,JULIE DAVIES LLC AGENT,THOMAS E. AND DARYN A. BROCKLEY,17500,Y,05/17/2024,NY,J-K,,,https://vimeo.com/1191768908,https://www.youtube.com/watch?v=tQessiWgWYI,[object Object]
Midlantic May Two-Year-Olds in Training (2026),2026-05-18,173,B,F,MIND CONTROL,EARTH SHAKING,WAR FRONT,RANDY MILES AGENT XXIV,OUT,0,,01/22/2024,NY,B-C,,,,,[object Object]
Midlantic May Two-Year-Olds in Training (2026),2026-05-18,174,B,C,MANDALOUN,EASTER RISING,DECLARATION OF WAR,NIALL BRENNAN STABLES AGENT X,HARMASH RACING,55000,,04/03/2024,KY,J-K,,,https://youtu.be/MKnSoMlA82A,https://www.youtube.com/watch?v=vDzmZjewHG4,[object Object]
Midlantic May Two-Year-Olds in Training (2026),2026-05-18,175,DK B/,C,TACITUS,EDYE'S CANDY,CANDY RIDE (ARG),JULIE DAVIES LLC AGENT,K.O.I.D.,53000,,03/20/2024,KY,J-K,,,https://vimeo.com/1191363736,https://www.youtube.com/watch?v=gWQ7IerMvoU,[object Object]
Midlantic May Two-Year-Olds in Training (2026),2026-05-18,176,CH,F,OMAHA BEACH,EMOTIONAL WORDS,CURLIN,LUCAN BLOODSTOCK (KARL KEEGAN) AGENT XVI,ANTHONY PERRI,90000,Y,04/03/2024,KY,J,,,https://youtu.be/IB_5zGjiI4Y,https://www.youtube.com/watch?v=28BsScN-0uk,[object Object]
Midlantic May Two-Year-Olds in Training (2026),2026-05-18,177,B,C,GUN RUNNER,EMPIRE HOUSE,EMPIRE MAKER,WAVERTREE STABLES INC. (CIARAN DUNNE) AGENT III,OUT,0,,02/01/2024,KY,TENT,,,https://vimeo.com/1190566755,,[object Object]
Midlantic May Two-Year-Olds in Training (2026),2026-05-18,178,DK B/,C,ARMY MULE,EMPIRITA,CALEB'S POSSE,SHANE T. MEYERS,OUT,0,,04/04/2024,KY,A,,,,,[object Object]
Midlantic May Two-Year-Olds in Training (2026),2026-05-18,179,B,F,TWIRLING CANDY,EMPRESS ERICA,EMPIRE MAKER,MARGAUX FARM LLC AGENT III,OUT,0,,05/02/2024,KY,I,,,https://vimeo.com/1188527457,https://www.youtube.com/watch?v=GuqwzCvbk54,[object Object]
Midlantic May Two-Year-Olds in Training (2026),2026-05-18,180,B,F,HAPPY SAVER,ENCOUNTER,SOUTHERN IMAGE,GRASSROOTS TRAINING AND SALES LLC,GOKMEN KAYA,15000,,04/18/2024,KY,I,,,,https://www.youtube.com/watch?v=CDCqlOplW_I,[object Object]
Midlantic May Two-Year-Olds in Training (2026),2026-05-18,181,DK B/,C,OLYMPIAD,EURO K SHOTGUN,EUROEARS,CALIENTE THOROUGHBREDS AGENT,OUT,0,,04/13/2024,KY,TENT,,,https://vimeo.com/1192428012,https://www.youtube.com/watch?v=zNZwqi-PQSA,[object Object]
Midlantic May Two-Year-Olds in Training (2026),2026-05-18,182,B,C,HONEST MISCHIEF,EVANGELINE'S HOPE,CITY ZIP,TOM MCCROCKLIN AGENT,OURBESTPAL STABLE LLC,5000,,03/26/2024,NY,D-E,,,https://vimeo.com/1190823344,https://www.youtube.com/watch?v=MMa0oD303lo,[object Object]
Midlantic May Two-Year-Olds in Training (2026),2026-05-18,183,B,C,AUTHENTIC,EVERYLITTLETHING,EMPIRE MAKER,CALIENTE THOROUGHBREDS AGENT,CALUMET FARM,90000,,02/04/2024,KY,TENT,,,https://vimeo.com/1192536551,https://www.youtube.com/watch?v=XqXk9c7Jj7g,[object Object]
Midlantic May Two-Year-Olds in Training (2026),2026-05-18,184,B,F,FREUD,EXCLUSIVELY YOURS,ELUSIVE QUALITY,TOM MCCROCKLIN AGENT,DREAM MAKER RACING,90000,,05/05/2024,NY,D-E,,,https://vimeo.com/1190824431,https://www.youtube.com/watch?v=JzSzygTWEc4,[object Object]
Midlantic May Two-Year-Olds in Training (2026),2026-05-18,185,CH,F,GOOD MAGIC,EXOTIC BLOOM,MONTBROOK,TOP LINE SALES LLC AGENT XI,AMANDA GILLMAN AGENT FOR EGL-ONE,210000,,03/26/2024,KY,E-F,,,https://vimeo.com/1191588627,https://www.youtube.com/watch?v=wdxQX-gTJfc,[object Object]
Midlantic May Two-Year-Olds in Training (2026),2026-05-18,186,B,F,JACK CHRISTOPHER,FADE,CANDY RIDE (ARG),DJURIC SPORTHORSES,ANDREW  PHELAN BLOODSTOCK,60000,,01/18/2024,KY,L,,,https://youtu.be/7EXp0LzMzv4?si=huyYHLkkJJuRaKn_,https://www.youtube.com/watch?v=xkn4JC5ongM,[object Object]
Midlantic May Two-Year-Olds in Training (2026),2026-05-18,187,CH,C,CHARLATAN,FAITHFULLY,SMART STRIKE,HIDDEN BROOK AGENT II,OUT,0,,05/14/2024,KY,K,,,,,[object Object]
Midlantic May Two-Year-Olds in Training (2026),2026-05-18,188,DK B/,C,MO DONEGAL,FALCONESS,FOREST WILDCAT,RANDY MILES AGENT I,NOT SOLD,175000,,02/22/2024,NY,B-C,,,https://youtu.be/8MoyM1_SZE0,https://www.youtube.com/watch?v=qUQ2PTKPwvI,[object Object]
Midlantic May Two-Year-Olds in Training (2026),2026-05-18,189,CH,F,CHARLATAN,FAMOUS ALICE,KITTEN'S JOY,MARGAUX FARM LLC AGENT III,FRED ALLOR,50000,Y,03/24/2024,KY,I,,,https://vimeo.com/1189342339?share=copy&fl=sv&fe=ci,https://www.youtube.com/watch?v=vYGG0b-JGE4,[object Object]
Midlantic May Two-Year-Olds in Training (2026),2026-05-18,190,DK B/,C,JACKIE'S WARRIOR,FANCY KITTEN,KITTEN'S JOY,COLIN BRENNAN BLOODSTOCK AT HIGHLANDER TRAINING CENTER AGENT I,ALICE MCEWEN,50000,,04/23/2024,KY,K,,,https://vimeo.com/1191189086,https://www.youtube.com/watch?v=3DVhg9XTqlI,[object Object]
Midlantic May Two-Year-Olds in Training (2026),2026-05-18,191,B,F,JACK CHRISTOPHER,FAST RETAILING,MALIBU MOON,KINGS EQUINE AGENT,BSW/CROW AGENT,210000,,03/07/2024,KY,H,,,https://vimeo.com/1192035067,https://www.youtube.com/watch?v=Y4k9Ow-TH6M,[object Object]
Midlantic May Two-Year-Olds in Training (2026),2026-05-18,192,B,C,CHARLATAN,FAYPIEN,GHOSTZAPPER,KINGS EQUINE AGENT,VERDIGRIS VENTURES LLC,200000,,05/09/2024,KY,H,,,https://vimeo.com/1192035471,https://www.youtube.com/watch?v=H2afSsLO0IA,[object Object]
Midlantic May Two-Year-Olds in Training (2026),2026-05-18,193,B,F,GOLDEN PAL,FENWICK HALL,FREUD,SEQUEL AGENT I,BLOODSTOCKADVISORS.COM J TAISEY AGT - RUDY RODRIGUEZ,60000,,04/24/2024,NY,H,,,https://vimeo.com/1190174246,https://www.youtube.com/watch?v=MaDhMGtT4WQ,[object Object]
Midlantic May Two-Year-Olds in Training (2026),2026-05-18,194,CH,C,SPEIGHTSTOWN,FISCAL LARGESSE,KITTEN'S JOY,RANDY MILES AGENT II,OUT,0,,04/09/2024,ON,B-C,,,https://youtu.be/CsVsAvgkhF8,https://www.youtube.com/watch?v=MQUAjl9WCjs,[object Object]
Midlantic May Two-Year-Olds in Training (2026),2026-05-18,195,B,F,TWIRLING CANDY,FISCAL LITERACY,UNCLE MO,JULIE DAVIES LLC AGENT,CLAY SCHERER AGT.,190000,,03/06/2024,KY,J-K,,,https://vimeo.com/1191363598,https://www.youtube.com/watch?v=KLrV5jlmgJo,[object Object]
Midlantic May Two-Year-Olds in Training (2026),2026-05-18,196,B,C,EPICENTER,FITZROVIA,UNCLE MO,SBM TRAINING AND SALES AGENT,CASE CLAY THOROUGHBRED MANAGEMENT,500000,,04/23/2024,KY,K-L,,,https://vimeo.com/1190735018,https://www.youtube.com/watch?v=9fOKmTAoUpY,[object Object]
Midlantic May Two-Year-Olds in Training (2026),2026-05-18,197,CH,C,JUSTIFY,FIVE PRIZES,BERNARDINI,DE MERIC SALES AGENT,5 PRICES BLOODSTOCK,430000,,03/09/2024,KY,I-J,,,https://vimeo.com/1190532834,https://www.youtube.com/watch?v=SQcUu0HNj84,[object Object]
Midlantic May Two-Year-Olds in Training (2026),2026-05-18,198,DK B/,F,CENTRAL BANKER,FLASH ACT,SKY MESA,MCMAHON OF SARATOGA THOROUGHBREDS LLC AGENT,NOT SOLD,37000,,03/24/2024,NY,L,,,https://vimeo.com/1191768435,https://www.youtube.com/watch?v=waJE1ZoeKjs,[object Object]
Midlantic May Two-Year-Olds in Training (2026),2026-05-18,199,CH,C,GOOD MAGIC,FLATTERING BEA,FLATTER,CALIENTE THOROUGHBREDS AGENT,HARMASH RACING,150000,,04/03/2024,KY,TENT,,,,https://www.youtube.com/watch?v=7BdTR9VUnfY,[object Object]
Midlantic May Two-Year-Olds in Training (2026),2026-05-18,200,CH,F,CYBERKNIFE,FLUMMOXED,OUTWORK,SCANLON TRAINING & SALES AGENT I,HARLOW STABLES LLC,90000,Y,03/09/2024,KY,TENT,,,https://vimeo.com/1190284414,https://www.youtube.com/watch?v=cpivbHwgIpc,[object Object]
Midlantic May Two-Year-Olds in Training (2026),2026-05-18,201,DK B/,F,UPSTART,FLY THE FLAG,GIANT'S CAUSEWAY,MASON SPRINGS LLC AGENT II,NOT SOLD,55000,,03/06/2024,KY,I,,,https://vimeo.com/1192368833,https://www.youtube.com/watch?v=BsnRlFa0SK0,[object Object]
Midlantic May Two-Year-Olds in Training (2026),2026-05-18,202,GR/RO,F,TACITUS,FOLLY FASHION,OLD FASHIONED,MARSHALL W. SILVERMAN AGENT,OUT,0,,05/01/2024,PA,F,,,,,[object Object]
Midlantic May Two-Year-Olds in Training (2026),2026-05-18,203,GR/RO,F,EARLY VOTING,FOREVER CHANGED,FLASHBACK,MCMAHON OF SARATOGA THOROUGHBREDS LLC AGENT,COUNTRY LIFE FARM AGENT,80000,,03/24/2024,NY,L,,,https://vimeo.com/1192219026,https://www.youtube.com/watch?v=r13_C2jqacs,[object Object]
Midlantic May Two-Year-Olds in Training (2026),2026-05-18,204,B,C,MYSTIC GUIDE,FOREVER FOR NOW,WAR FRONT,GRADE ONE INVESTMENTS AGENT XVI,MICHAEL MAKER,80000,,02/10/2024,KY,G,,,https://vimeo.com/1190457364,https://www.youtube.com/watch?v=1-RPvqwAy2g,[object Object]
Midlantic May Two-Year-Olds in Training (2026),2026-05-18,205,B,F,DIALED IN,FORTUNE CANDY,MILWAUKEE BREW,HOPPEL LLC AGENT (DISPERSAL OF REPOSSESSED HORSES),OUT,0,,03/16/2024,KY,I,,,,,[object Object]
Midlantic May Two-Year-Olds in Training (2026),2026-05-18,206,DK B/,C,VEKOMA,FOXTROT SALLY,OXBOW,CALIENTE THOROUGHBREDS AGENT,NOT SOLD,42000,,03/31/2024,NY,TENT,,,https://vimeo.com/1192543256,https://www.youtube.com/watch?v=yXmUcumVJVw,[object Object]
Midlantic May Two-Year-Olds in Training (2026),2026-05-18,207,DK B/,C,NYQUIST,FRAGRANCE,MALIBU MOON,SCANLON TRAINING & SALES AGENT VII,NOT SOLD,675000,,04/11/2024,ON,TENT,,,https://vimeo.com/1190286857,https://www.youtube.com/watch?v=PIimujrqTI0,[object Object]
Midlantic May Two-Year-Olds in Training (2026),2026-05-18,208,B,C,HIGHLY MOTIVATED,FRAME OF MIND,HARD SPUN,PAUL SHARP AGENT I,MICHAEL J GRAMIAK,45000,,01/27/2024,MD,J-K,,,,https://www.youtube.com/watch?v=OZxJLELWEPg,[object Object]
Midlantic May Two-Year-Olds in Training (2026),2026-05-18,209,CH,C,DRAIN THE CLOCK,FREEDOM RINGS,PROUD CITIZEN,RANDY MILES AGENT IV,ROY,140000,,03/04/2024,KY,B-C,,,https://youtu.be/Uf5uZZ7Fdh0,https://www.youtube.com/watch?v=HmSJPmpbxA8,[object Object]
Midlantic May Two-Year-Olds in Training (2026),2026-05-18,210,B,F,MO DONEGAL,FREUD'S NOTEBOOK,FREUD,JULIE DAVIES LLC AGENT,OUT,0,,02/24/2024,NY,J-K,,,,,[object Object]
Midlantic May Two-Year-Olds in Training (2026),2026-05-18,211,CH,C,JACK CHRISTOPHER,FULL SWING,VERRAZANO,TWELVE TOES LLC AGENT,SAUDI RACING,450000,,03/21/2024,KY,G,,,,https://www.youtube.com/watch?v=3LtVY4DCEq0,[object Object]
Midlantic May Two-Year-Olds in Training (2026),2026-05-18,212,GR/RO,C,LIAM'S MAP,FUTURE SHOW,MALIBU MOON,RANDY MILES AGENT I,CASE CLAY THOROUGHBRED MANAGEMENT,300000,,04/28/2024,KY,B-C,,,https://youtu.be/Y4NWVqG0Azg,https://www.youtube.com/watch?v=6MiDWEEkY9U,[object Object]
Midlantic May Two-Year-Olds in Training (2026),2026-05-18,213,CH,C,VIOLENCE,GAUDETE,DISTORTED HUMOR,BRITTON PEAK AGENT VII,OUT,0,,03/03/2024,KY,F,,,,,[object Object]
Midlantic May Two-Year-Olds in Training (2026),2026-05-18,214,B,F,DRAIN THE CLOCK,GEMINI R N,MINESHAFT,OAK CREEK THOROUGHBREDS AGENT,NOT SOLD,120000,,04/26/2024,KY,TENT,,,https://vimeo.com/1191029769,https://www.youtube.com/watch?v=U3P3n5xECKM,[object Object]
Midlantic May Two-Year-Olds in Training (2026),2026-05-18,215,B,C,GAME WINNER,GENTLE HUMOR,DISTORTED HUMOR,TOM MCCROCKLIN AGENT,CARROT RACING,15000,,04/23/2024,KY,D-E,,,https://vimeo.com/1191395582,https://www.youtube.com/watch?v=WT0JKmnWAc0,[object Object]
Midlantic May Two-Year-Olds in Training (2026),2026-05-18,216,DK B/,F,ESSENTIAL QUALITY,GEORGIA SNOW,NYQUIST,TOP LINE SALES LLC AGENT XVI,OUT,0,,01/31/2024,NY,E-F,,,,,[object Object]
Midlantic May Two-Year-Olds in Training (2026),2026-05-18,217,B,F,LIFE IS GOOD,GHOST INTHE MIRROR,GHOSTZAPPER,NIALL BRENNAN STABLES AGENT III,STARLADIES RACING,140000,,02/20/2024,KY,J-K,,,https://youtu.be/F2hTMK16FcA,https://www.youtube.com/watch?v=AQ33oW5vC2c,[object Object]
Midlantic May Two-Year-Olds in Training (2026),2026-05-18,218,B,F,INTO MISCHIEF,GIFT OF GLORY,LOOKIN AT LUCKY,RANDY MILES AGENT XXII,CASE CLAY THOROUGHBRED MANAGEMENT,220000,,03/07/2024,KY,B-C,,,,https://www.youtube.com/watch?v=A0If5U8Z3fs,[object Object]
Midlantic May Two-Year-Olds in Training (2026),2026-05-18,219,CH,F,MUNNINGS,GINGER TAP,TAPIT,CALIENTE THOROUGHBREDS AGENT,JOHN SERVIS AGENT,40000,,02/10/2024,KY,TENT,,,https://vimeo.com/1192413391,https://www.youtube.com/watch?v=i8VOjASlRpU,[object Object]
Midlantic May Two-Year-Olds in Training (2026),2026-05-18,220,CH,F,DRAIN THE CLOCK,GIRLABOUTOWN,A.P. INDY,CALIENTE THOROUGHBREDS AGENT,STARLADIES RACING/TEN STRIKE RACING,160000,,02/24/2024,NY,TENT,,,https://vimeo.com/1192413385,https://www.youtube.com/watch?v=ITJ98mOMxnk,[object Object]
Midlantic May Two-Year-Olds in Training (2026),2026-05-18,221,DK B/,F,JACK CHRISTOPHER,GLYCINE,PULPIT,MASON SPRINGS LLC (MARCUS AND CRYSTAL RYAN PARTNERSHIP),JOSEPH BESECKER,70000,,02/04/2024,KY,I,,,https://vimeo.com/1192368831,https://www.youtube.com/watch?v=PHl2GBty_g0,[object Object]
Midlantic May Two-Year-Olds in Training (2026),2026-05-18,222,DK B/,C,RAGING BULL (FR),GO BIG BLUE NATION,ANIMAL KINGDOM,CRANE THOROUGHBRED SERVICES AGENT,NOT SOLD,120000,,02/22/2024,VA,C-D,,,,https://www.youtube.com/watch?v=BLwInxKDysQ,[object Object]
Midlantic May Two-Year-Olds in Training (2026),2026-05-18,223,B,C,ENGAGE,GOLDEN ANGEL,GOLDEN LAD,JVC TRAINING AND SALES AGENT,MICHAEL SCHEFFRES,22000,,05/06/2024,MD,F-G,,,https://vimeo.com/1191525239,https://www.youtube.com/watch?v=j8MOYrsGlXg,[object Object]
Midlantic May Two-Year-Olds in Training (2026),2026-05-18,224,B,F,CURLIN,GOOD FAIRY,SUPER SAVER,MARGAUX FARM LLC AGENT IV,OUT,0,,02/16/2024,KY,I,,,https://vimeo.com/1188546338,https://www.youtube.com/watch?v=ArnssWTCKxQ,[object Object]
Midlantic May Two-Year-Olds in Training (2026),2026-05-18,225,GR/RO,C,FROSTED,GOOD MEASURE,SMARTY JONES,CARY FROMMER LLC AGENT,OUT,0,,04/19/2024,MD,A-B,,,,,[object Object]
Midlantic May Two-Year-Olds in Training (2026),2026-05-18,226,CH,F,CHARLATAN,GOODBYE STRANGER,BROAD BRUSH,TOM MCCROCKLIN AGENT,NOT SOLD,24000,,02/23/2024,KY,D-E,,,https://vimeo.com/1191600682,https://www.youtube.com/watch?v=3szPrvlHqvQ,[object Object]
Midlantic May Two-Year-Olds in Training (2026),2026-05-18,227,CH,C,OSCAR PERFORMANCE,GOTE GO,STREET BOSS,JVC TRAINING AND SALES AGENT FOR WILLIAM B. HARRIGAN,PHIL ANTONACCI AGT.,200000,,01/24/2024,KY,F-G,,,https://vimeo.com/1191527659,https://www.youtube.com/watch?v=8yH5m8Y4OuU,[object Object]
Midlantic May Two-Year-Olds in Training (2026),2026-05-18,228,B,C,GOLDEN PAL,GRAN NIGHTHAWK,AWESOME AGAIN,ARROYO BLOODSTOCK AGENT,AMERMAN RACING LLC,235000,,02/06/2024,KY,F,,,https://vimeo.com/1192834121,https://www.youtube.com/watch?v=ZL0_grVJYYk,[object Object]
Midlantic May Two-Year-Olds in Training (2026),2026-05-18,229,GR/RO,F,HONEST MISCHIEF,GRAY LOLLIPOPS,GRAYDAR,SEQUEL AGENT I,AMANDA GILLMAN AGENT FOR LUCKY HAT,150000,,04/05/2024,NY,H,,,https://vimeo.com/1190177114,https://www.youtube.com/watch?v=HYPxEet-b5g,[object Object]
Midlantic May Two-Year-Olds in Training (2026),2026-05-18,230,B,C,CHARLATAN,GUILTY VERDICT,MEDAGLIA D'ORO,GRASSROOTS TRAINING AND SALES LLC AGENT,OUT,0,,02/17/2024,KY,I,,,,,[object Object]
Midlantic May Two-Year-Olds in Training (2026),2026-05-18,231,B,F,CYBERKNIFE,GYPSY ANGEL,SILVER TRAIN,SEQUEL AGENT I,OUT,0,,04/11/2024,NY,H,,,https://vimeo.com/1190179473,https://www.youtube.com/watch?v=7dYCP9SvrCg,[object Object]
Midlantic May Two-Year-Olds in Training (2026),2026-05-18,232,GR/RO,C,HALLADAY,HAPPY GAL,RUNHAPPY,DUFFY RACING LLC (SEAN DUFFY) AGENT,ROBERT LEAF III,12000,,04/17/2024,CA,L,,,https://vimeo.com/1190912592,https://www.youtube.com/watch?v=1krK4tjvUOQ,[object Object]
Midlantic May Two-Year-Olds in Training (2026),2026-05-18,233,B,C,UNCLE MO,HAPPY NOW,MR. GREELEY,TOP LINE SALES LLC AGENT XV,NOT SOLD,240000,,04/04/2024,KY,E-F,,,https://vimeo.com/1191913818,https://www.youtube.com/watch?v=e7uXaOKbN0w,[object Object]
Midlantic May Two-Year-Olds in Training (2026),2026-05-18,234,B,C,MAXIMUS MISCHIEF,HAPPY ROAD,QUALITY ROAD,HOPPEL LLC AGENT (DISPERSAL OF REPOSSESSED HORSES),PEDRO LANZ AGENT,160000,,03/19/2024,KY,I,,,https://vimeo.com/1191392779,https://www.youtube.com/watch?v=9cBANdmVMvU,[object Object]
Midlantic May Two-Year-Olds in Training (2026),2026-05-18,235,DK B/,F,GIRVIN,HAVEN,TAKE CHARGE INDY,SCANLON TRAINING & SALES AGENT I,ECLIPSE THOROUGHBRED PARTNERS,230000,,04/08/2024,KY,TENT,,,https://vimeo.com/1190582651,https://www.youtube.com/watch?v=0g25WC4Sm-E,[object Object]
Midlantic May Two-Year-Olds in Training (2026),2026-05-18,236,B,F,EPICENTER,HEARTBREAK HILL,GHOSTZAPPER,JVC TRAINING AND SALES AGENT,OUT,0,,02/23/2024,KY,F-G,,,,,[object Object]
Midlantic May Two-Year-Olds in Training (2026),2026-05-18,237,B,C,BOLT D'ORO,HEAVENLY PRAISE,ARROGATE,TOM MCCROCKLIN AGENT,ROBERT H ZOELLNER,50000,,03/19/2024,KY,D-E,,,https://vimeo.com/1191612115,https://www.youtube.com/watch?v=spcRFo_rqXc,[object Object]
Midlantic May Two-Year-Olds in Training (2026),2026-05-18,238,B,C,SPEAKER'S CORNER,HEDONISM,CURLIN,RANDY MILES AGENT II,BREEZE EASY LLC,650000,,05/16/2024,KY,B-C,,,https://youtu.be/khVK6fCs47k,https://www.youtube.com/watch?v=BBZQlfBE6Y4,[object Object]
Midlantic May Two-Year-Olds in Training (2026),2026-05-18,239,DK B/,F,GREATEST HONOUR,HERECOMESKAT,STREET SENSE,BUG THOROUGHBREDS LLC,STEPHEN MURDOCK,34000,,04/07/2024,KY,K,,,https://youtu.be/4BONkdYqsdo?si=WW80FHQYI_gY93_Q,https://www.youtube.com/watch?v=1CIpKIYaBcg,[object Object]
Midlantic May Two-Year-Olds in Training (2026),2026-05-18,240,CH,F,CURLIN,HIGHWAY STAR,GIROLAMO,SEQUEL AGENT FOR CHESTER BROMAN,MILK RIVER RACING,560000,,02/13/2024,NY,H,,,https://vimeo.com/1191323486?share=copy&fl=sv&fe=ci,https://www.youtube.com/watch?v=n24pUQQRYOU,[object Object]
Midlantic May Two-Year-Olds in Training (2026),2026-05-18,241,GR/RO,F,CENTRAL BANKER,HOLY GOLD,TOUCH GOLD,THOROSTOCK LLC AGENT,OUT,0,,04/04/2024,NY,I,,,,,[object Object]
Midlantic May Two-Year-Olds in Training (2026),2026-05-18,242,B,F,INSTAGRAND,HOMEROOM ANGEL,WILL TAKE CHARGE,STERLING THOROUGHBREDS AGENT,OUT,0,,02/08/2024,KY,C,,,,,[object Object]
Midlantic May Two-Year-Olds in Training (2026),2026-05-18,243,CH,F,PRACTICAL JOKE,HOOKAH LADY,SMOKE GLACKEN,RANDY MILES AGENT I,OUT,0,,03/25/2024,KY,B-C,,,,,[object Object]
Midlantic May Two-Year-Olds in Training (2026),2026-05-18,244,GR/RO,F,SOLOMINI,HOOPSKIRT,BIRDSTONE,GRASSROOTS TRAINING AND SALES LLC AGENT,KFR,10000,,05/14/2024,NY,I,,,,https://youtu.be/G-ScdgCbx4o,[object Object]
Midlantic May Two-Year-Olds in Training (2026),2026-05-18,245,CH,F,JACK CHRISTOPHER,HUMOR ME COLONEL,COLONEL JOHN,BRITTON PEAK AGENT II,OUT,0,,05/08/2024,KY,F,,,,,[object Object]
Midlantic May Two-Year-Olds in Training (2026),2026-05-18,246,B,C,MAXIMUS MISCHIEF,I AM MISS BROWN,BIG BROWN,RANDY MILES AGENT XVIII,OUT,0,,04/20/2024,KY,B-C,,,,,[object Object]
Midlantic May Two-Year-Olds in Training (2026),2026-05-18,247,CH,C,JACK CHRISTOPHER,I'M A COUNTRY GIRL,MORE THAN READY,SBM TRAINING AND SALES AGENT,LEGION BLOODSTOCK AGENT,130000,,02/28/2024,KY,K-L,,,https://vimeo.com/1190735192,https://www.youtube.com/watch?v=YbL-b4_j-vI,[object Object]
Midlantic May Two-Year-Olds in Training (2026),2026-05-18,248,B,F,DIALED IN,I'M SO FANCY,UNBRIDLED'S SONG,GRADE ONE INVESTMENTS AGENT XIV,OUT,0,,03/02/2024,OH,G,,,,,[object Object]
Midlantic May Two-Year-Olds in Training (2026),2026-05-18,249,GR/RO,F,BOLT D'ORO,ICE PRINCESS,PALACE MALICE,TOM MCCROCKLIN AGENT,JOHN T BEHRENDT,75000,,01/30/2024,NY,D-E,,,https://vimeo.com/1191595625,https://www.youtube.com/watch?v=x8SieearH98,[object Object]
Midlantic May Two-Year-Olds in Training (2026),2026-05-18,250,CH,F,JACKIE'S WARRIOR,ICE WOMEN,STREET SENSE,RANDY MILES AGENT XIX,OUT,0,,04/22/2024,KY,B-C,,,,,[object Object]
Midlantic May Two-Year-Olds in Training (2026),2026-05-18,251,GR/RO,C,THE FACTOR,IDLE TALK,OLMODAVOR,DE MERIC SALES AGENT,OUT,0,,04/27/2024,MD,I-J,,,,,[object Object]
Midlantic May Two-Year-Olds in Training (2026),2026-05-18,252,DK B/,C,JACK CHRISTOPHER,IDYLLIC FORTRESS (IRE),CAMELOT (GB),GRADE ONE INVESTMENTS AGENT VIII,OUT,0,,03/29/2024,NY,G,,,,,[object Object]
Midlantic May Two-Year-Olds in Training (2026),2026-05-18,253,B,C,EARLY VOTING,IL BRIGANTE,KELA,PICK VIEW LLC AGENT,WILLIAM SACCO AGT. PHIL WRIGHT,15000,,03/18/2024,KY,TENT,,,https://vimeo.com/1191669845,https://www.youtube.com/watch?v=I398NuR5Zp4,[object Object]
Midlantic May Two-Year-Olds in Training (2026),2026-05-18,254,B,F,PINEHURST,IMFOREAL,IN EXCESS (IRE),JULIE DAVIES LLC AGENT,JOE MIGLIORE AGENT FOR LJSS TBREDS & ADELPHI RACING CLUB,130000,,05/04/2024,KY,J-K,,,https://vimeo.com/1191013713,https://www.youtube.com/watch?v=S6uBMGnBvLQ,[object Object]
Midlantic May Two-Year-Olds in Training (2026),2026-05-18,255,B,C,EPICENTER,IN A JIF,SAINTLY LOOK,SBM TRAINING AND SALES AGENT,MICHAEL V PINO,60000,,04/24/2024,KY,K-L,,,https://vimeo.com/1190735073,https://www.youtube.com/watch?v=e29zzGiB5vs,[object Object]
Midlantic May Two-Year-Olds in Training (2026),2026-05-18,256,GR/RO,C,TAPIT,INDIAN CEE,INDIAN CHARLIE,CALIENTE THOROUGHBREDS AGENT,TOM DURANT,425000,,04/09/2024,KY,TENT,,,https://vimeo.com/1192429958,https://www.youtube.com/watch?v=e8b4SQCFrCE,[object Object]
Midlantic May Two-Year-Olds in Training (2026),2026-05-18,257,B,C,MO DONEGAL,INFRINGEMENT,TEMPLE CITY,LITTLE FARM EQUINE LLC AGENT,NOT SOLD,57000,,02/22/2024,KY,TENT,,,https://vimeo.com/1191379320,https://www.youtube.com/watch?v=fucuGI4-rLA,[object Object]
Midlantic May Two-Year-Olds in Training (2026),2026-05-18,258,B,F,SPEIGHTSTOWN,INGRASSIA,MEDAGLIA D'ORO,SCANLON TRAINING & SALES AGENT III,OUT,0,,04/05/2024,KY,TENT,,,,,[object Object]
Midlantic May Two-Year-Olds in Training (2026),2026-05-18,259,DK B/,F,AUTHENTIC,INSPIRED BY GRACE,CURLIN,NIALL BRENNAN STABLES AGENT V,OUT,0,,02/12/2024,KY,J-K,,,https://youtu.be/TVV-nOhmaNk,https://www.youtube.com/watch?v=hP0e5klbrHw,[object Object]
Midlantic May Two-Year-Olds in Training (2026),2026-05-18,260,CH,C,AUTHENTIC,INSPIRING,MEDAGLIA D'ORO,TOM MCCROCKLIN AGENT,FMQ,70000,,02/25/2024,KY,D-E,,,https://vimeo.com/1191621519,https://www.youtube.com/watch?v=b1k7A7XB3uM,[object Object]
Midlantic May Two-Year-Olds in Training (2026),2026-05-18,261,B,C,GOOD MAGIC,INTO VANISHING,INTO MISCHIEF,NIALL BRENNAN STABLES AGENT IV,OUT,0,,04/02/2024,KY,J-K,,,https://youtu.be/GAyT55NC2BA,https://www.youtube.com/watch?v=joEA3Aqw0GI,[object Object]
Midlantic May Two-Year-Olds in Training (2026),2026-05-18,262,DK B/,F,NOT THIS TIME,ISN'T SHE SWEET,GUN RUNNER,RANDY MILES AGENT V,OUT,0,,02/02/2024,KY,B-C,,,,https://www.youtube.com/watch?v=0yyKe_jBzeE,[object Object]
Midlantic May Two-Year-Olds in Training (2026),2026-05-18,263,B,F,JACK CHRISTOPHER,ISOLA MIA,VANCOUVER (AUS),SCANLON TRAINING & SALES AGENT III,KELSEY DANNER AGENT,75000,,02/17/2024,KY,TENT,,,https://vimeo.com/1190280915,https://youtu.be/zHCSrwqhDCk,[object Object]
Midlantic May Two-Year-Olds in Training (2026),2026-05-18,264,B,C,CORNICHE,IT ASPEN AGAIN,TEMPLE CITY,RANDY MILES AGENT XI,MICHAEL V PINO,50000,,01/26/2024,KY,B-C,,,,https://www.youtube.com/watch?v=swxn2qUlssQ,[object Object]
Midlantic May Two-Year-Olds in Training (2026),2026-05-18,265,CH,C,VEKOMA,IZZY IZZY,MIZZEN MAST,RANDY MILES AGENT I,SGV AGENT,600000,,05/06/2024,KY,B-C,,,https://youtu.be/923vLa04UHY,https://www.youtube.com/watch?v=2z6bjwKJwa4,[object Object]
Midlantic May Two-Year-Olds in Training (2026),2026-05-18,266,DK B/,F,OLYMPIAD,JABUTICABA,CITY ZIP,GRASSROOTS TRAINING AND SALES LLC AGENT,COLT PIKE AGENT,100000,,02/25/2024,NY,I,,,,https://www.youtube.com/watch?v=3XyaJgaz9qQ,[object Object]
Midlantic May Two-Year-Olds in Training (2026),2026-05-18,267,B,C,EARLY VOTING,JACCAT,MIDNIGHT LUTE,DE MERIC SALES AGENT,DANIEL SCHAFER,30000,,03/04/2024,KY,I-J,,,https://vimeo.com/1190531163,https://www.youtube.com/watch?v=SzCtxcbS7S4,[object Object]
Midlantic May Two-Year-Olds in Training (2026),2026-05-18,268,DK B/,F,YAUPON,JAVANESE,MEDAGLIA D'ORO,GRADE ONE INVESTMENTS AGENT III,CHOCTAW RACING STABLE,200000,,05/10/2024,KY,G,,,https://vimeo.com/1191276038,https://www.youtube.com/watch?v=kx9J-ZDh6eA,[object Object]
Midlantic May Two-Year-Olds in Training (2026),2026-05-18,269,DK B/,F,PINEHURST,JENNIFER'S RULES,WILL TAKE CHARGE,JULIE DAVIES LLC AGENT,NOT SOLD,45000,,05/21/2024,KY,J-K,,,https://vimeo.com/1191363800,https://www.youtube.com/watch?v=dM4cEZp3xEg,[object Object]
Midlantic May Two-Year-Olds in Training (2026),2026-05-18,270,B,C,GIRVIN,JEWEL OF THE SEA,CURLIN,MARGAUX FARM LLC AGENT,MARQUEE BLOODSTOCK AGT.,200000,,04/19/2024,KY,I,,,https://vimeo.com/1188536553,https://www.youtube.com/watch?v=y9G-C2AQgOo,[object Object]
Midlantic May Two-Year-Olds in Training (2026),2026-05-18,271,CH,F,IDOL,JORDY CAN TAP,TAPITURE,GRASSROOTS TRAINING AND SALES LLC,RUN FAST AND WIN STABLES LLC,10000,,03/11/2024,KY,I,,,,https://www.youtube.com/watch?v=00FRHwwixvA,[object Object]
Midlantic May Two-Year-Olds in Training (2026),2026-05-18,272,CH,C,KEEPMEINMIND,JUDICIARY,UNION RAGS,PICK VIEW LLC AGENT,ROBERT LEAF III,5000,,04/30/2024,NY,TENT,,,https://vimeo.com/1191669700,https://www.youtube.com/watch?v=oXMhSk0x7V0,[object Object]
Midlantic May Two-Year-Olds in Training (2026),2026-05-18,273,B,F,EPICENTER,JULIAMARIE,MIZZEN MAST,JONATHAN NAVAS EQUINE SERVICES LLC,NOT SOLD,37000,,02/24/2024,KY,K,,,https://vimeo.com/1192297234,https://www.youtube.com/watch?v=vCF8xrPej_w,[object Object]
Midlantic May Two-Year-Olds in Training (2026),2026-05-18,274,B,C,DRAIN THE CLOCK,JULUCA,BLAME,WAVERTREE STABLES INC. (CIARAN DUNNE) AGENT VII,NOT SOLD,425000,,03/13/2024,NY,TENT,,,https://vimeo.com/1191768638,https://www.youtube.com/watch?v=JzwpA7yQ3ko,[object Object]
Midlantic May Two-Year-Olds in Training (2026),2026-05-18,275,CH,F,GOOD MAGIC,JUMBY BAY,CITY ZIP,PICK VIEW LLC AGENT,SELTZER THOROUGHBREDS LLC,100000,,02/19/2024,KY,TENT,,,https://vimeo.com/1191669277,https://www.youtube.com/watch?v=ga4D24yFK7g,[object Object]
Midlantic May Two-Year-Olds in Training (2026),2026-05-18,276,DK B/,F,KEEPMEINMIND,JUNGLE TALE,LION HEART,JONATHAN NAVAS EQUINE SERVICES LLC,CARDOZO BROTHERS,5000,Y,03/02/2024,NY,K,,,https://vimeo.com/1192246801,https://www.youtube.com/watch?v=3SFximy7tL8,[object Object]
Midlantic May Two-Year-Olds in Training (2026),2026-05-18,277,B,C,MIND CONTROL,JUST HATTIE,QUALITY ROAD,RANDY MILES AGENT XXI,BLOODSTOCKADVISORS.COM J TAISEY AGT - RUDY RODRIGUEZ,45000,,04/02/2024,NY,B-C,,,,https://www.youtube.com/watch?v=4dkc-9CWN_A,[object Object]
Midlantic May Two-Year-Olds in Training (2026),2026-05-18,278,DK B/,C,SOLOMINI,JUST TOO PERFECT,PLEASANTLY PERFECT,MCMAHON OF SARATOGA THOROUGHBREDS LLC AGENT,DAVID DONK,20000,,03/22/2024,NY,L,,,https://vimeo.com/1192219023,https://www.youtube.com/watch?v=vuwlnSdfKsM,[object Object]
Midlantic May Two-Year-Olds in Training (2026),2026-05-18,279,CH,C,JACK CHRISTOPHER,KAMAR TAJ,VIOLENCE,CARY FROMMER LLC AGENT,NOT SOLD,42000,,02/24/2024,KY,A-B,,,https://vimeo.com/1191539412,https://www.youtube.com/watch?v=Y1dJg_bNoJ4,[object Object]
Midlantic May Two-Year-Olds in Training (2026),2026-05-18,280,DK B/,C,LIFE IS GOOD,KAYCE ACE,TIZNOW,RANDY MILES AGENT VIII,HARMASH RACING,50000,,04/15/2024,KY,B-C,,,https://youtu.be/YWaG0rbItQA,https://www.youtube.com/watch?v=OLQXz_oC9Mo,[object Object]
Midlantic May Two-Year-Olds in Training (2026),2026-05-18,281,B,C,SIR WINSTON,KAZAM,DYNAFORMER,RANDY MILES AGENT X,OLIVIA PERKINS-MACKEY AGENT FOR BLUEGRASS RACING CLUB,22000,,05/02/2024,KY,B-C,,,,https://www.youtube.com/watch?v=M2YZlphVkkU,[object Object]
Midlantic May Two-Year-Olds in Training (2026),2026-05-18,282,CH,F,MYSTIC GUIDE,KENDALIN,DISTORTED HUMOR,LITTLE FARM EQUINE LLC AGENT,HARBOR 60 CLUB,95000,,04/14/2024,KY,TENT,,,https://vimeo.com/1191379307,https://www.youtube.com/watch?v=9NupKawV6xg,[object Object]
Midlantic May Two-Year-Olds in Training (2026),2026-05-18,283,B,F,LIFE IS GOOD,THIRTEEN ARROWS,INDIAN CHARLIE,NIALL BRENNAN STABLES AGENT V,SABBY RACING,490000,,05/07/2024,KY,J-K,,,https://youtu.be/kEE8lIxtLXs,https://www.youtube.com/watch?v=F46NwbvXrtE,[object Object]
Midlantic May Two-Year-Olds in Training (2026),2026-05-18,284,B,F,MAXIMUS MISCHIEF,KENTUCKY DANCER,HAYNESFIELD,GRASSROOTS TRAINING AND SALES LLC AGENT,CASH IS KING & L C RACING LLC,250000,,01/26/2024,NY,I,,,,https://www.youtube.com/watch?v=ShHTe8W3vMU,[object Object]
Midlantic May Two-Year-Olds in Training (2026),2026-05-18,285,DK B/,F,SPEAKER'S CORNER,KING'S GHOST,GHOSTZAPPER,TWO COUSINS TRAINING AND SALES AGENT,OUT,0,,04/26/2024,KY,B,,,,,[object Object]
Midlantic May Two-Year-Olds in Training (2026),2026-05-18,286,B,F,JACKIE'S WARRIOR,KISSIN KIM,YES IT'S TRUE,TWELVE TOES LLC AGENT,NOT SOLD,240000,,02/16/2024,KY,G,,,,https://www.youtube.com/watch?v=2KXcayAUbwM,[object Object]
Midlantic May Two-Year-Olds in Training (2026),2026-05-18,287,GR/RO,F,YAUPON,KNIGHTWITHPUTNAM,UNBRIDLED'S SONG,GRASSROOTS TRAINING AND SALES LLC AGENT,M. MAKER AGENT,130000,,05/16/2024,KY,I,,,,https://www.youtube.com/watch?v=3GzXR8IT8sk,[object Object]
Midlantic May Two-Year-Olds in Training (2026),2026-05-18,288,DK B/,F,KNICKS GO,KYLEE ROSE,QUALITY ROAD,RANDY MILES AGENT FOR SMITH CIANNELLO AND HODGE,RUDY RODRIGUEZ,110000,,02/29/2024,CA,B-C,,,,https://www.youtube.com/watch?v=D0DlUMqMdEY,[object Object]
Midlantic May Two-Year-Olds in Training (2026),2026-05-18,289,B,C,DRAIN THE CLOCK,LA BOMBA,MIDNIGHT LUTE,GRADE ONE INVESTMENTS AGENT XIII,ST ELIAS STABLES LLC,500000,,05/22/2024,KY,G,,,https://vimeo.com/1190457727,https://www.youtube.com/watch?v=j37VX7UgIzI,[object Object]
Midlantic May Two-Year-Olds in Training (2026),2026-05-18,290,B,F,DRAIN THE CLOCK,LA CONDESA,FREUD,HIDDEN BROOK AGENT IV,NOT SOLD,50000,,04/20/2024,NY,K,,,https://vimeo.com/1191150911,https://www.youtube.com/watch?v=Zo9SrI8Tzcc,[object Object]
Midlantic May Two-Year-Olds in Training (2026),2026-05-18,291,CH,F,UNCLE LINO,LA DUQUESA,POSEIDON'S WARRIOR,SUGARLAND LLC EQUINE ETIQUETTE,MJ,16000,Y,05/03/2024,WV,E,,,https://vimeo.com/1191320085?fl=ip&fe=ec,https://www.youtube.com/watch?v=7EY7QfZlU48,[object Object]
Midlantic May Two-Year-Olds in Training (2026),2026-05-18,292,DK B/,C,MAXFIELD,LADY OF KYUSHU,SMART STRIKE,MASON SPRINGS LLC AGENT III,NOT SOLD,45000,,04/16/2024,KY,I,,,https://vimeo.com/1192368836,https://www.youtube.com/watch?v=9mCRT6mkoRA,[object Object]
Midlantic May Two-Year-Olds in Training (2026),2026-05-18,293,B,F,KING FOR A DAY,LADY ON HOLIDAY,HARLAN'S HOLIDAY,JULIE DAVIES LLC AGENT,OUT,0,,02/16/2024,NY,J-K,,,,,[object Object]
Midlantic May Two-Year-Olds in Training (2026),2026-05-18,294,GR/RO,C,CAIRO PRINCE,LADY SQUARED,GOLDENCENTS,RANDY MILES AGENT I,KARON  ASHFORD,50000,,05/05/2024,KY,B-C,,,,https://www.youtube.com/watch?v=ftGOY4OZRog,[object Object]
Midlantic May Two-Year-Olds in Training (2026),2026-05-18,295,B,F,CHARLATAN,LAND MINE,MINESHAFT,NIALL BRENNAN STABLES AGENT XI,NOT SOLD,185000,,03/18/2024,KY,J-K,,,https://youtu.be/P-xmOxEUEDI,https://www.youtube.com/watch?v=uiC5Y_N11GA,[object Object]
Midlantic May Two-Year-Olds in Training (2026),2026-05-18,296,DK B/,F,MAXFIELD,LAND OF LIBERTY,UNCLE MO,TOP LINE SALES LLC AGENT V,CORBIN BLUMBERG AGENT,110000,,04/25/2024,KY,E-F,,,https://vimeo.com/1191589112,https://www.youtube.com/watch?v=YRtLKJGuYcE,[object Object]
Midlantic May Two-Year-Olds in Training (2026),2026-05-18,297,CH,F,PINEHURST,LASTING GIFT,ORB,CALIENTE THOROUGHBREDS AGENT,OUT,0,,01/27/2024,KY,TENT,,,,,[object Object]
Midlantic May Two-Year-Olds in Training (2026),2026-05-18,298,B,C,GOLDEN PAL,LE RELAIS,CORONADO'S QUEST,JULIE DAVIES LLC AGENT,OUT,0,,05/10/2024,KY,J-K,,,,,[object Object]
Midlantic May Two-Year-Olds in Training (2026),2026-05-18,299,CH,C,VOLATILE,LEMON DROP KITTY,LEMON DROP KID,SCANLON TRAINING & SALES AGENT I,BHUPAT SEEMAR SUITED & BOOTED,200000,,05/19/2024,NY,TENT,,,https://vimeo.com/1190255528,https://www.youtube.com/watch?v=U5s1712fv1M,[object Object]
Midlantic May Two-Year-Olds in Training (2026),2026-05-18,300,B,F,GREAT NOTION,LEMON SCHNAPPS,FLATTER,SUGARLAND LLC EQUINE ETIQUETTE,C.J.I. PHOENIX GROUP,19000,,04/22/2024,VA,E,,,https://vimeo.com/1191318541?fl=ip&fe=ec,https://www.youtube.com/watch?v=xZqnEWqPCEI,[object Object]
Midlantic May Two-Year-Olds in Training (2026),2026-05-19,301,B,C,DRAIN THE CLOCK,LETTERED OLIVE,MACHO UNO,DE MERIC SALES AGENT,OUT,0,,03/09/2024,KY,I-J,,,https://vimeo.com/1191768699,https://www.youtube.com/watch?v=Ryz-yVEIejg,[object Object]
Midlantic May Two-Year-Olds in Training (2026),2026-05-19,302,GR/RO,F,TWIRLING CANDY,LIAM'S LIGHT,LIAM'S MAP,PAUL SHARP AGENT V,LITTLE RED FEATHER RACING,240000,,02/29/2024,KY,J-K,,,,https://www.youtube.com/watch?v=lvICjs9HfEA,[object Object]
Midlantic May Two-Year-Olds in Training (2026),2026-05-19,303,B,F,NYQUIST,LIAM'S LOOKOUT,LIAM'S MAP,SCANLON TRAINING & SALES AGENT VIII,OUT,0,,03/31/2024,KY,TENT,,,https://vimeo.com/1190580609,https://www.youtube.com/watch?v=ZqFJ6zerk60,[object Object]
Midlantic May Two-Year-Olds in Training (2026),2026-05-19,304,B,C,GLOBAL CAMPAIGN,LIENAU,GIO PONTI,HOPPEL LLC AGENT IV,FAITH TANCHAK,20000,,04/03/2024,NY,I,,,https://vimeo.com/1191392780,https://www.youtube.com/watch?v=VdMoBMYqHlg,[object Object]
Midlantic May Two-Year-Olds in Training (2026),2026-05-19,305,GR/RO,C,IDOL,LIGHT FROST,FROSTED,CRANE THOROUGHBRED SERVICES AGENT,OUT,0,,04/24/2024,KY,C-D,,,,,[object Object]
Midlantic May Two-Year-Olds in Training (2026),2026-05-19,306,DK B/,F,CATHOLIC BOY,LIGHTNIN FAST GIRL,HARLINGTON,SUGARLAND LLC EQUINE ETIQUETTE,MJ,11000,,04/19/2024,VA,E,,,https://vimeo.com/1191319660?fl=ip&fe=ec,https://www.youtube.com/watch?v=yaxYDl3JZww,[object Object]
Midlantic May Two-Year-Olds in Training (2026),2026-05-19,307,B,F,GHOSTZAPPER,LIKE A CHARM,QUALITY ROAD,PAUL SHARP AGENT III,TRIN BROOK STABLES INC,20000,,03/26/2024,KY,J-K,,,,https://www.youtube.com/watch?v=DS-xjbFW2lM,[object Object]
Midlantic May Two-Year-Olds in Training (2026),2026-05-19,308,GR/RO,F,JUSTIFY,LILI'S SONG,LIAM'S MAP,SCANLON TRAINING & SALES AGENT (DISPERSAL OF REPOSSESSED HORSES),JD THOROUGHBREDS LLC,140000,,04/29/2024,KY,TENT,,,https://vimeo.com/1190253380,https://www.youtube.com/watch?v=5rK-hOXCBl0,[object Object]
Midlantic May Two-Year-Olds in Training (2026),2026-05-19,309,CH,C,MYSTIC GUIDE,LINE OF MUSIC,LINE OF DAVID,JVC TRAINING AND SALES AGENT,MICHAEL V PINO,100000,,05/04/2024,PA,F-G,,,https://vimeo.com/1191527674,https://www.youtube.com/watch?v=FRBMzIDT8oM,[object Object]
Midlantic May Two-Year-Olds in Training (2026),2026-05-19,310,CH,F,JACK CHRISTOPHER,LISTEN BOY,AFTER MARKET,DE MERIC SALES AGENT,MENTZ/RYAN/ROBERTSON,115000,,02/01/2024,MD,I-J,,,https://vimeo.com/1190529321,https://www.youtube.com/watch?v=TqAAosPRrAM,[object Object]
Midlantic May Two-Year-Olds in Training (2026),2026-05-19,311,CH,C,MYSTIC GUIDE,LITTLE SWOON,YOU AND I,ARROYO BLOODSTOCK AGENT,MARQUEE BLOODSTOCK AGT.,290000,,05/28/2024,KY,F,,,https://vimeo.com/1192834112,https://www.youtube.com/watch?v=eUoMggXLkt0,[object Object]
Midlantic May Two-Year-Olds in Training (2026),2026-05-19,312,B,C,MO DONEGAL,LODE LADY,POSSE,TWELVE TOES LLC AGENT,OUT,0,,02/29/2024,NY,G,,,,,[object Object]
Midlantic May Two-Year-Olds in Training (2026),2026-05-19,313,DK B/,F,YAUPON,LOLA LOLA,TIZNOW,TWELVE TOES LLC AGENT,SAFFIE A. JOSEPH JR,100000,,02/27/2024,NJ,G,,,,https://www.youtube.com/watch?v=KuT_3fzRmTA,[object Object]
Midlantic May Two-Year-Olds in Training (2026),2026-05-19,314,B,C,JACK CHRISTOPHER,LOTTIE,ARCH,WAVERTREE STABLES INC. (CIARAN DUNNE) AGENT I,WILLIAM SACCO AGT. PHIL WRIGHT AND WARREN CHEEKES,40000,,04/23/2024,KY,TENT,,,https://vimeo.com/1190564919,https://www.youtube.com/watch?v=-rozIl-CQns,[object Object]
Midlantic May Two-Year-Olds in Training (2026),2026-05-19,315,B,C,HIGHLY MOTIVATED,LOVELY COOL,INDIAN CHARLIE,MASON SPRINGS LLC (MARCUS AND CRYSTAL RYAN PARTNERSHIP),JOHN ENNIS AGENT MARK ARNOLD,65000,,04/13/2024,KY,I,,,https://vimeo.com/1192368825,https://www.youtube.com/watch?v=hOErmN4K5-A,[object Object]
Midlantic May Two-Year-Olds in Training (2026),2026-05-19,316,DK B/,F,CYBERKNIFE,LOVING MOMENT,UNCLE MO,JULIE DAVIES LLC AGENT,ONE LOVE RACING STABLE,9000,,05/16/2024,NY,J-K,,,https://vimeo.com/1191013547,https://www.youtube.com/watch?v=ITAOVtO3Rl4,[object Object]
Midlantic May Two-Year-Olds in Training (2026),2026-05-19,317,DK B/,F,MIND CONTROL,LULA'S ROADRUNNER,UPTOWNCHARLYBROWN,TOM MCCROCKLIN AGENT,FIVE STAR STABLES,52000,,02/17/2024,NY,D-E,,,https://vimeo.com/1191953225,https://www.youtube.com/watch?v=GFukmSZpMK8,[object Object]
Midlantic May Two-Year-Olds in Training (2026),2026-05-19,318,DK B/,F,PINEHURST,MACKENZIE'S GIRL,TAKE CHARGE INDY,JULIE DAVIES LLC AGENT,NOT SOLD,37000,,04/07/2024,KY,J-K,,,https://vimeo.com/1191363836,https://www.youtube.com/watch?v=aLqY3cqHGbM,[object Object]
Midlantic May Two-Year-Olds in Training (2026),2026-05-19,319,CH,F,SOLOMINI,MADAME BOURBON,GOLDENCENTS,CRANE THOROUGHBRED SERVICES AGENT,PATRICE  MILLER EQB INC. FOR BOCA HORSE,35000,,04/29/2024,NY,C-D,,,,https://www.youtube.com/watch?v=MToWIrnNpEs,[object Object]
Midlantic May Two-Year-Olds in Training (2026),2026-05-19,320,B,C,DRAIN THE CLOCK,MAGESTIC STINGER,MAJESTIC WARRIOR,CRANE THOROUGHBRED SERVICES AGENT,BRADLEY THOROUGHBREDS LLC AGT,100000,,03/28/2024,KY,C-D,,,,https://www.youtube.com/watch?v=YFeT_GAxOu0,[object Object]
Midlantic May Two-Year-Olds in Training (2026),2026-05-19,321,DK B/,F,MAXFIELD,MAGIC BELLE,GOLD CASE,SEQUEL AGENT III,OUT,0,,04/25/2024,KY,H,,,https://vimeo.com/1190183751,https://www.youtube.com/watch?v=54eY3e-WOJw,[object Object]
Midlantic May Two-Year-Olds in Training (2026),2026-05-19,322,B,F,GIRVIN,MAGICAL HOLIDAY,SPEIGHTSTOWN,MARGAUX FARM LLC AGENT,OUT,0,,05/03/2024,KY,I,,,https://vimeo.com/1188546351,https://www.youtube.com/watch?v=fHby9EH8XUY,[object Object]
Midlantic May Two-Year-Olds in Training (2026),2026-05-19,323,B,F,CITY OF LIGHT,MAJESTIC BONNIE,MAJESTIC WARRIOR,SBM TRAINING AND SALES AGENT,OUT,0,,03/15/2024,KY,K-L,,,,,[object Object]
Midlantic May Two-Year-Olds in Training (2026),2026-05-19,324,B,C,CYBERKNIFE,MAJESTIC HEAT,UNUSUAL HEAT,TOP LINE SALES LLC AGENT VI,TRIN BROOK STABLES,20000,,05/20/2024,NY,E-F,,,https://vimeo.com/1191588518,https://www.youtube.com/watch?v=Cy8wCh_Y3kg,[object Object]
Midlantic May Two-Year-Olds in Training (2026),2026-05-19,325,B,C,CITY OF LIGHT,MAJESTIC REASON,MAJESTIC WARRIOR,JULIE DAVIES LLC AGENT,CLAY SCHERER AGT.,175000,,02/20/2024,MD,J-K,,,https://vimeo.com/1191013494,https://www.youtube.com/watch?v=8SpNwYkIeXY,[object Object]
Midlantic May Two-Year-Olds in Training (2026),2026-05-19,326,CH,C,LIAM'S MAP,MALIBU DAWN,MALIBU MOON,GOLDEN ROCK THOROUGHBREDS LLC AGENT,NOT SOLD,77000,,03/29/2024,KY,D,,,,https://www.youtube.com/watch?v=CAXw6J4nkx8,[object Object]
Midlantic May Two-Year-Olds in Training (2026),2026-05-19,327,DK B/,F,ROCK YOUR WORLD,MARACAS BAY,UNCAPTURED,TWELVE TOES LLC AGENT,NADIR KHASSANOV,20000,,02/29/2024,KY,G,,,,https://www.youtube.com/watch?v=44Wz-x4VJRs,[object Object]
Midlantic May Two-Year-Olds in Training (2026),2026-05-19,328,DK B/,F,VEKOMA,MARGAREE HARBOUR,FLAT OUT,JONATHAN NAVAS EQUINE SERVICES LLC AGENT,MENS GRILLE RACING,55000,,04/16/2024,KY,K,,,https://vimeo.com/1192297235,https://www.youtube.com/watch?v=ZC3vdZt1XX8,[object Object]
Midlantic May Two-Year-Olds in Training (2026),2026-05-19,329,B,C,YAUPON,MARGARET DRIVE,CALIFORNIA CHROME,OMAR RAMIREZ BLOODSTOCK AGENT,OUT,0,,02/12/2024,KY,K,,,,,[object Object]
Midlantic May Two-Year-Olds in Training (2026),2026-05-19,330,B,F,EPICENTER,MARGARET REAY,PIONEEROF THE NILE,LUCAN BLOODSTOCK (KARL KEEGAN) AGENT X,SAFFIE A. JOSEPH JR,150000,,02/27/2024,KY,J,,,https://youtu.be/Fs88omNRasY,https://www.youtube.com/watch?v=8gY_yYQ-0_I,[object Object]
Midlantic May Two-Year-Olds in Training (2026),2026-05-19,331,DK B/,C,SPEAKER'S CORNER,MARVELOUS SPOT,ARCHARCHARCH,LG AGENT I,SAFFIE A. JOSEPH JR,425000,,04/29/2024,KY,A,,,,https://www.youtube.com/watch?v=VNIBrbYU78o,[object Object]
Midlantic May Two-Year-Olds in Training (2026),2026-05-19,332,B,F,SPEAKER'S CORNER,MEETMEONLINE,LINE OF DAVID,CALIENTE THOROUGHBREDS AGENT,BRADLEY THOROUGHBREDS LLC AGT,75000,,03/23/2024,KY,TENT,,,https://vimeo.com/1192413390,https://www.youtube.com/watch?v=qax2ArazCDM,[object Object]
Midlantic May Two-Year-Olds in Training (2026),2026-05-19,333,GR/RO,F,CYBERKNIFE,MELODY GIRL,UNBRIDLED'S SONG,HOPPEL LLC AGENT V,MICHAEL SCHEFFRES,3000,,03/05/2024,KY,I,,,https://vimeo.com/1191392865,https://www.youtube.com/watch?v=jXQJwaEF49M,[object Object]
Midlantic May Two-Year-Olds in Training (2026),2026-05-19,334,CH,F,JUSTIFY,MICHELLE D'ORO,BERNARDINI,CRANE THOROUGHBRED SERVICES AGENT,OUT,0,,05/14/2024,KY,C-D,,,,https://www.youtube.com/watch?v=4fhB7MuzC5c,[object Object]
Midlantic May Two-Year-Olds in Training (2026),2026-05-19,335,B,C,NOT THIS TIME,MICROBIOME,TWIRLING CANDY,COLIN BRENNAN BLOODSTOCK AT HIGHLANDER TRAINING CENTER AGENT II,OUT,0,,04/25/2024,KY,K,,,https://vimeo.com/1191190813,https://www.youtube.com/watch?v=xEAOgN6-lBM,[object Object]
Midlantic May Two-Year-Olds in Training (2026),2026-05-19,336,CH,F,JACKIE'S WARRIOR,MIDNIGHT BALLET,MIDNIGHT LUTE,BRYAN FORD TRAINING STABLE AGENT,RAGS RACING STABLE LLC,130000,,05/07/2024,KY,G,,,https://vimeo.com/1190811245?fl=ip&fe=ec,https://www.youtube.com/watch?v=LHifT5Vosj8,[object Object]
Midlantic May Two-Year-Olds in Training (2026),2026-05-19,337,B,C,UNCLE MO,MIDNIGHT CROSSING (IRE),DARK ANGEL (IRE),WAVERTREE STABLES INC. (CIARAN DUNNE) AGENT XII,OUT,0,,01/28/2024,KY,TENT,,,,,[object Object]
Midlantic May Two-Year-Olds in Training (2026),2026-05-19,338,B,C,EPICENTER,MIDNIGHT MILEY,MIDNIGHT LUTE,CARDOZO BROTHERS,MILTON MCKENZIE,20000,,02/22/2024,KY,K,,,,https://www.youtube.com/watch?v=ygOQCPAxR88,[object Object]
Midlantic May Two-Year-Olds in Training (2026),2026-05-19,339,B,C,CLASSIC EMPIRE,MIDWAY MUSIC,BLUEGRASS CAT,CRANE THOROUGHBRED SERVICES AGENT,MICHAEL SCHEFFRES,10000,,02/13/2024,NY,C-D,,,,https://www.youtube.com/watch?v=s2fm95yG6mQ,[object Object]
Midlantic May Two-Year-Olds in Training (2026),2026-05-19,340,DK B/,C,GIRVIN,MINE ALL MINE,BELONG TO ME,SHAMROCK STABLE,BONUCCELLI RACING,50000,,03/17/2024,KY,E,,,https://vimeo.com/1191608418,https://www.youtube.com/watch?v=eL5YSsNfxbw,[object Object]
Midlantic May Two-Year-Olds in Training (2026),2026-05-19,341,B,C,MIND CONTROL,MISCHIEVOUS MOLLY,INTO MISCHIEF,CRANE THOROUGHBRED SERVICES AGENT,BRUCE GOLDEN RACING,30000,,05/22/2024,NY,C-D,,,,https://www.youtube.com/watch?v=GDfK_umkfWM,[object Object]
Midlantic May Two-Year-Olds in Training (2026),2026-05-19,342,CH,F,AUTHENTIC,MISS ADELE,SPEIGHTSTOWN,CRANE THOROUGHBRED SERVICES AGENT,RUNAWAY POINT FARM,60000,,03/26/2024,MD,C-D,,,,https://www.youtube.com/watch?v=zk7oNo4uy3I,[object Object]
Midlantic May Two-Year-Olds in Training (2026),2026-05-19,343,B,C,LIFE IS GOOD,MISS J MCKAY,HANGOVER KID,BRITTON PEAK AGENT VI,OUT,0,,05/18/2024,KY,F,,,,,[object Object]
Midlantic May Two-Year-Olds in Training (2026),2026-05-19,344,DK B/,F,SPEAKER'S CORNER,MISS LUNA,HENNY HUGHES,GRASSROOTS TRAINING AND SALES LLC,MISS GOLDEN LUNA BS,165000,,02/03/2024,KY,I,,,,https://www.youtube.com/watch?v=v3Ezc_Y77Ns,[object Object]
Midlantic May Two-Year-Olds in Training (2026),2026-05-19,345,DK B/,C,NYQUIST,MISS MAJORETTE,TWIRLING CANDY,RANDY MILES AGENT I,OUT,0,,05/04/2024,KY,B-C,,,https://youtu.be/4d5QuKqy8Ig,https://www.youtube.com/watch?v=b8O4PmQZDqg,[object Object]
Midlantic May Two-Year-Olds in Training (2026),2026-05-19,346,B,F,QUALITY ROAD,MISS MATTIE B,TONALIST,SBM TRAINING AND SALES AGENT,ECLIPSE THOROUGHBRED PARTNERS,220000,,03/05/2024,KY,K-L,,,https://vimeo.com/1190735574,https://www.youtube.com/watch?v=nYXRavFmsrQ,[object Object]
Midlantic May Two-Year-Olds in Training (2026),2026-05-19,347,B,F,GOLDEN PAL,MISS MATZO,ROYAL ACADEMY,COLIN BRENNAN BLOODSTOCK AT HIGHLANDER TRAINING CENTER AGENT I,LAMBHOLM SOUTH,75000,,03/14/2024,ON,K,,,https://vimeo.com/1191192151,https://www.youtube.com/watch?v=YlVlbUwHRMw,[object Object]
Midlantic May Two-Year-Olds in Training (2026),2026-05-19,348,B,F,HARD SPUN,MISS PERSONALITY,BROKEN VOW,JVC TRAINING AND SALES AGENT,AUGUSTUS MCRAE,250000,,03/23/2024,KY,F-G,,,https://vimeo.com/1191530786,https://www.youtube.com/watch?v=zfHmNTNsqs4,[object Object]
Midlantic May Two-Year-Olds in Training (2026),2026-05-19,349,GR/RO,C,MUNNINGS,MISS PIPPA,MASTER COMMAND,TOM MCCROCKLIN AGENT,JUSTIN CASSE/CARRIGANOG,100000,,04/19/2024,KY,D-E,,,https://vimeo.com/1191397125,https://www.youtube.com/watch?v=w23Es0UHBX4,[object Object]
Midlantic May Two-Year-Olds in Training (2026),2026-05-19,350,B,C,PRACTICAL JOKE,MISS SPRIGHTLY,MR. GREELEY,THOROSTOCK LLC AGENT,OUT,0,,03/11/2024,KY,I,,,https://vimeo.com/1191375682,,[object Object]
Midlantic May Two-Year-Olds in Training (2026),2026-05-19,351,B,C,UNCLE MO,MISS TAPIRADO,TAPIT,SCANLON TRAINING & SALES AGENT (DISPERSAL OF REPOSSESSED HORSES),BREY FARIA,45000,,03/04/2024,KY,TENT,,,https://vimeo.com/1190250215,https://www.youtube.com/watch?v=-s-KXW9FaNo,[object Object]
Midlantic May Two-Year-Olds in Training (2026),2026-05-19,352,B,C,GIRVIN,MISSED OPPORTUNITY,TIZNOW,TOM MCCROCKLIN AGENT,TOM MCCROCKLIN,20000,,02/05/2024,KY,D-E,,,https://vimeo.com/1191399967,https://www.youtube.com/watch?v=i_q0Fe8sWZk,[object Object]
Midlantic May Two-Year-Olds in Training (2026),2026-05-19,353,CH,C,PRACTICAL JOKE,MISTRESS OF EVIL,FROSTED,RANDY MILES AGENT II,CHAD SUMMERS AGT.,150000,,04/22/2024,KY,B-C,,,https://youtu.be/TlQGFaz9Jps,https://www.youtube.com/watch?v=98tIu_1Gqpo,[object Object]
Midlantic May Two-Year-Olds in Training (2026),2026-05-19,354,DK B/,C,KNICKS GO,MO OF THE WEST,UNCLE MO,HOPPEL LLC AGENT (DISPERSAL OF REPOSSESSED HORSES),JEFFREY MACKOR AGENT FOR TRITON THOROUGHBREDS,82000,,03/11/2024,KY,I,,,https://vimeo.com/1191392829,https://www.youtube.com/watch?v=aPObVYqhTzc,[object Object]
Midlantic May Two-Year-Olds in Training (2026),2026-05-19,355,B,F,JACK CHRISTOPHER,MODACIOUS,UNCLE MO,JULIE DAVIES LLC AGENT,OUT,0,,05/09/2024,KY,J-K,,,,,[object Object]
Midlantic May Two-Year-Olds in Training (2026),2026-05-19,356,CH,C,JACK CHRISTOPHER,LIZA TOO,OLMODAVOR,KINGS EQUINE AGENT,MICHAEL SCHEFFRES,9000,,05/24/2024,KY,H,,,https://vimeo.com/1192035649,https://www.youtube.com/watch?v=N4lQBWwbkOo,[object Object]
Midlantic May Two-Year-Olds in Training (2026),2026-05-19,357,B,F,GUN RUNNER,MODEST MAVEN,UNCLE MO,SEQUEL AGENT FOR CHESTER BROMAN,PEDRO LANZ AGENT FOR KAS STABLES,1375000,,05/11/2024,NY,H,,,https://vimeo.com/1190185902,https://www.youtube.com/watch?v=LW_j0NFAH_M,[object Object]
Midlantic May Two-Year-Olds in Training (2026),2026-05-19,358,DK B/,C,STREET SENSE,MOM'S ON STRIKE,FIRST DUDE,RANDY MILES AGENT XX,CASH IS KING RACING STABLE,75000,,02/21/2024,KY,B-C,,,,https://www.youtube.com/watch?v=I5-0eQqqei8,[object Object]
Midlantic May Two-Year-Olds in Training (2026),2026-05-19,359,DK B/,C,DRAIN THE CLOCK,MOMENT TO DREAM,STAR GUITAR,NIALL BRENNAN STABLES AGENT IX,MICHAEL MAKER,52000,,02/02/2024,OK,J-K,,,https://youtu.be/qsxgpcEXPRI,https://www.youtube.com/watch?v=T4_CmZCdMFc,[object Object]
Midlantic May Two-Year-Olds in Training (2026),2026-05-19,360,CH,F,SOLOMINI,MONEYBACKGUARANTEE,CENTRAL BANKER,MCMAHON OF SARATOGA THOROUGHBREDS LLC AGENT,OUT,0,,05/10/2024,NY,L,,,https://vimeo.com/1191768437,https://www.youtube.com/watch?v=X8F8DEUnqVw,[object Object]
Midlantic May Two-Year-Olds in Training (2026),2026-05-19,361,B,C,EPICENTER,MONGOLIAN ROSE,BODEMEISTER,BRITTON PEAK AGENT I,OUT,0,,01/14/2024,KY,F,,,,,[object Object]
Midlantic May Two-Year-Olds in Training (2026),2026-05-19,362,CH,F,JACK CHRISTOPHER,MOOGHAREADH,MALIBU MOON,WAVERTREE STABLES INC. (CIARAN DUNNE) AGENT VI,THREE DIAMONDS FARM,40000,,02/22/2024,KY,TENT,,,https://vimeo.com/1190252318,https://www.youtube.com/watch?v=33l79QgXaZ0,[object Object]
Midlantic May Two-Year-Olds in Training (2026),2026-05-19,363,B,F,MO DONEGAL,MOONDANCE,MALIBU MOON,DE MERIC SALES AGENT,NOT SOLD,95000,,05/18/2024,KY,I-J,,,https://vimeo.com/1190527795,https://www.youtube.com/watch?v=WQUDsqmwnX8,[object Object]
Midlantic May Two-Year-Olds in Training (2026),2026-05-19,364,B,F,SPEAKER'S CORNER,MOONLIGHT SERENADE,MALIBU MOON,ENDURANCE EQUINE AGENT,SD TRADING,50000,,04/16/2024,PA,J,,,https://vimeo.com/1192385830,https://www.youtube.com/watch?v=WUBUyWEfgAY,[object Object]
Midlantic May Two-Year-Olds in Training (2026),2026-05-19,365,CH,F,VEKOMA,MOONSTONE MAGIC,MALIBU MOON,JVC TRAINING AND SALES AGENT,PETER & JOSEPH COLUCCI,150000,,02/06/2024,KY,F-G,,,https://vimeo.com/1191536809,https://www.youtube.com/watch?v=9Nx1zudUiLE,[object Object]
Midlantic May Two-Year-Olds in Training (2026),2026-05-19,366,B,F,COMPLEXITY,MOTIVATED SELLER,INTO MISCHIEF,DE MERIC SALES AGENT,OUT,0,,03/16/2024,KY,I-J,,,https://vimeo.com/1190526174,https://www.youtube.com/watch?v=XYIy0ZLXtzU,[object Object]
Midlantic May Two-Year-Olds in Training (2026),2026-05-19,367,B,F,JACK CHRISTOPHER,MOTOWN GIRL,UNCLE MO,MARSHALL W. SILVERMAN AGENT,DAVID BERMAN,50000,,02/20/2024,KY,F,,,https://vimeo.com/1188809278,https://www.youtube.com/watch?v=MhcNLftVVjg,[object Object]
Midlantic May Two-Year-Olds in Training (2026),2026-05-19,368,CH,F,SOLOMINI,MRS. CHAPMAN,COURAGEOUS CAT,ARROYO BLOODSTOCK AGENT,HIGH POINT BLOODSTOCK,55000,,05/17/2024,NY,F,,,https://vimeo.com/1192834123,https://www.youtube.com/watch?v=Qoj7_1WXvqs,[object Object]
Midlantic May Two-Year-Olds in Training (2026),2026-05-19,369,B,F,HIGHLY MOTIVATED,MUSIC TOWN,SPEIGHTSTOWN,R. MARIE FARMS AGENT,NOT SOLD,27000,,02/23/2024,WV,J,,,,https://www.youtube.com/watch?v=SV35tWquRqE,[object Object]
Midlantic May Two-Year-Olds in Training (2026),2026-05-19,370,DK B/,F,JACK CHRISTOPHER,MY AUNT MO,UNCLE MO,OMAR RAMIREZ BLOODSTOCK AGENT,OUT,0,,03/30/2024,NY,K,,,,,[object Object]
Midlantic May Two-Year-Olds in Training (2026),2026-05-19,371,B,C,GHOSTZAPPER,MY BEST TEN,HARD SPUN,CALIENTE THOROUGHBREDS AGENT,JOSE ARANA,30000,,03/15/2024,FL,TENT,,,https://youtu.be/wHhMx2dTqcs,https://www.youtube.com/watch?v=ROaxa5enjxA,[object Object]
Midlantic May Two-Year-Olds in Training (2026),2026-05-19,372,B,F,UNION RAGS,MY GOLDEN BELLE,MY GOLDEN SONG,CRANE THOROUGHBRED SERVICES AGENT,RUNAWAY POINT FARM,55000,,04/15/2024,MD,C-D,,,,https://www.youtube.com/watch?v=INIyFdFF_7I,[object Object]
Midlantic May Two-Year-Olds in Training (2026),2026-05-19,373,DK B/,F,YAUPON,MY KENTUCKY ROSE,MACHO UNO,GRADE ONE INVESTMENTS AGENT II,NOT SOLD,245000,,04/28/2024,KY,G,,,https://vimeo.com/1191029707,https://www.youtube.com/watch?v=w5JkDF3FwLg,[object Object]
Midlantic May Two-Year-Olds in Training (2026),2026-05-19,374,CH,C,NASHVILLE,MY KINDA DEVIL,LEMON DROP KID,PAUL SHARP AGENT II,MICHAEL MAKER,57000,,05/10/2024,KY,J-K,,,,https://www.youtube.com/watch?v=g0lBckJ2gyE,[object Object]
Midlantic May Two-Year-Olds in Training (2026),2026-05-19,375,B,F,UNCLE MO,MY SISTER SANDY,MONTBROOK,SBM TRAINING AND SALES AGENT,OUT,0,,04/21/2024,KY,K-L,,,https://vimeo.com/1190903582,https://www.youtube.com/watch?v=Gt4hi6dYVBA,[object Object]
Midlantic May Two-Year-Olds in Training (2026),2026-05-19,376,DK B/,C,YAUPON,MY SISTERSLEDGE,ETCHED,OMAR RAMIREZ BLOODSTOCK AGENT,OUT,0,,02/14/2024,KY,K,,,,,[object Object]
Midlantic May Two-Year-Olds in Training (2026),2026-05-19,377,DK B/,F,NASHVILLE,MY SWEETNESS,CANDY RIDE (ARG),JVC TRAINING AND SALES AGENT,OUT,0,,03/21/2024,KY,F-G,,,https://vimeo.com/1191542251,,[object Object]
Midlantic May Two-Year-Olds in Training (2026),2026-05-19,378,B,F,FIRE AT WILL,MYCRAZYXGIRLFRIEND,RACE DAY,GRASSROOTS TRAINING AND SALES LLC,JOE MIGLIORE AGENT FOR ADELPHI RACING CLUB & SARATOGA DREAMS RACING,77000,,03/21/2024,NY,I,,,,https://youtu.be/pLBC10eHNsY,[object Object]
Midlantic May Two-Year-Olds in Training (2026),2026-05-19,379,B,C,MCKINZIE,NANA ANNA,HENNY HUGHES,MARGAUX FARM LLC AGENT,TRIN BROOK STABLES,10000,,01/31/2024,KY,I,,,https://vimeo.com/1188527311,https://www.youtube.com/watch?v=DV3zkjjNXbY,[object Object]
Midlantic May Two-Year-Olds in Training (2026),2026-05-19,380,B,F,YAUPON,NAUGHTY TIGER,SMILING TIGER,OAK CREEK THOROUGHBREDS AGENT,OUT,0,,03/10/2024,PA,TENT,,,https://vimeo.com/1191029821,https://www.youtube.com/watch?v=m6guZXKM7W4,[object Object]
Midlantic May Two-Year-Olds in Training (2026),2026-05-19,381,CH,F,DRAIN THE CLOCK,NAUGHTY TRICK,SONGANDAPRAYER,OMAR RAMIREZ BLOODSTOCK AGENT,STORMY STABLES LLC,40000,,03/15/2024,KY,K,,,https://vimeo.com/1191355871,https://www.youtube.com/watch?v=wv9c8efuy9w,[object Object]
Midlantic May Two-Year-Olds in Training (2026),2026-05-19,382,B,F,BLAME,NAWAADIR (GB),OASIS DREAM (GB),KINGS EQUINE AGENT,OUT,0,,04/01/2024,KY,H,,,,,[object Object]
Midlantic May Two-Year-Olds in Training (2026),2026-05-19,383,B,F,GREATEST HONOUR,NICORINA,GORMLEY,JONATHAN NAVAS EQUINE SERVICES LLC,KIM VALERIO AGENT MAINLINE RACING,45000,,03/25/2024,NY,K,,,https://vimeo.com/1192246791,https://www.youtube.com/watch?v=vE3Xa_KfUVA,[object Object]
Midlantic May Two-Year-Olds in Training (2026),2026-05-19,384,CH,F,CORNICHE,NIGHT WITCH,INDIAN CHARLIE,GRADE ONE INVESTMENTS AGENT IX,OUT,0,,05/29/2024,KY,G,,,,,[object Object]
Midlantic May Two-Year-Olds in Training (2026),2026-05-19,385,CH,F,VIOLENCE,NIPPY,PULPIT,CARY FROMMER LLC AGENT,PATRICE MILLER EQB INC AGT.,100000,,03/08/2024,NY,A-B,,,https://vimeo.com/1191734159,https://www.youtube.com/watch?v=hyZj0VFpUUg,[object Object]
Midlantic May Two-Year-Olds in Training (2026),2026-05-19,386,CH,F,NASHVILLE,NO JINXIN ME,GOOD MAGIC,SEQUEL AGENT FOR CHESTER BROMAN,JOSEPH BESECKER,10000,,03/10/2024,NY,H,,,https://vimeo.com/1190188433,https://www.youtube.com/watch?v=7P8epK3RRkc,[object Object]
Midlantic May Two-Year-Olds in Training (2026),2026-05-19,387,DK B/,F,KEEPMEINMIND,NO ONE'S LAUGHING,PRACTICAL JOKE,OMAR RAMIREZ BLOODSTOCK AGENT,NOT SOLD,45000,,03/06/2024,NY,K,,,https://vimeo.com/1191355870,https://www.youtube.com/watch?v=nY1_ERmJouc,[object Object]
Midlantic May Two-Year-Olds in Training (2026),2026-05-19,388,B,C,REDESDALE,NO PESO NO SAYSO,SCAT DADDY,JULIE DAVIES LLC AGENT,CARL JONES,5000,,04/22/2024,NY,J-K,,,https://vimeo.com/1191363545,https://www.youtube.com/watch?v=u3ZsW849czo,[object Object]
Midlantic May Two-Year-Olds in Training (2026),2026-05-19,389,B,F,EPICENTER,NO SWEAT,BLAME,TOM MCCROCKLIN AGENT,JULIA ROBINSON,130000,,03/31/2024,KY,D-E,,,https://vimeo.com/1191959416,https://www.youtube.com/watch?v=dJUUJxQDomA,[object Object]
Midlantic May Two-Year-Olds in Training (2026),2026-05-19,390,B,F,GIRVIN,NOBLE FREUD,FREUD,SEQUEL AGENT I,OUT,0,,05/12/2024,KY,H,,,,,[object Object]
Midlantic May Two-Year-Olds in Training (2026),2026-05-19,391,DK B/,F,ARMY MULE,NOMINATE,PALACE MALICE,JONATHAN NAVAS EQUINE SERVICES LLC,VALTER M RAMOS,70000,,04/17/2024,KY,K,,,https://vimeo.com/1192297232,https://www.youtube.com/watch?v=mhS681vO7wA,[object Object]
Midlantic May Two-Year-Olds in Training (2026),2026-05-19,392,B,F,AUTHENTIC,NORA'S JOY,STREET SENSE,CRANE THOROUGHBRED SERVICES AGENT,JOE MIGLIORE AGENT FOR LJSS TBREDS & ADELPHI RACING CLUB,140000,,03/28/2024,KY,C-D,,,,https://www.youtube.com/watch?v=XUfwtt-FSNk,[object Object]
Midlantic May Two-Year-Olds in Training (2026),2026-05-19,393,GR/RO,C,VOLATILE,NORTHERN BEAUTY,MUNNINGS,GRASSROOTS TRAINING AND SALES LLC AGENT,PEWTER STABLE,90000,,05/06/2024,PA,I,,,,https://www.youtube.com/watch?v=IhUz9smfoCg,[object Object]
Midlantic May Two-Year-Olds in Training (2026),2026-05-19,394,DK B/,C,PRACTICAL JOKE,NOVELLA,RED ROCKS (IRE),TOM MCCROCKLIN AGENT,MICHAEL V PINO,50000,,05/13/2024,KY,D-E,,,https://vimeo.com/1191401629,https://www.youtube.com/watch?v=3loVi7pJoKI,[object Object]
Midlantic May Two-Year-Olds in Training (2026),2026-05-19,395,CH,F,TAPIT,NOW PLAY NICE,ROMAN RULER,DE MERIC SALES AGENT,GREGORY F. MARTIN AGENT,60000,,04/30/2024,KY,I-J,,,https://vimeo.com/1190524677,https://www.youtube.com/watch?v=FemJt0KbfIs,[object Object]
Midlantic May Two-Year-Olds in Training (2026),2026-05-19,396,B,C,COMPLEXITY,OCEAN RAGS,UNION RAGS,CARY FROMMER LLC AGENT,OUT,0,,03/30/2024,KY,A-B,,,,,[object Object]
Midlantic May Two-Year-Olds in Training (2026),2026-05-19,397,GR/RO,C,DAREDEVIL,OCTOBER BRIDE,BERNARDINI,GRASSROOTS TRAINING AND SALES LLC AGENT,GREGORY F. MARTIN AGENT,40000,,02/17/2024,KY,I,,,,https://www.youtube.com/watch?v=yfJUoLxcp4Q,[object Object]
Midlantic May Two-Year-Olds in Training (2026),2026-05-19,398,B,C,DIALED IN,ODE TO SAMI,LION HEART,CRANE THOROUGHBRED SERVICES AGENT,OUT,0,,01/22/2024,OH,C-D,,,,,[object Object]
Midlantic May Two-Year-Olds in Training (2026),2026-05-19,399,CH,C,DRAIN THE CLOCK,ON PAROLE,PUT IT BACK,MASON SPRINGS LLC (MARCUS AND CRYSTAL RYAN PARTNERSHIP),MILK RIVER RACING,300000,,03/27/2024,AR,I,,,https://vimeo.com/1192368830,https://www.youtube.com/watch?v=CsFFV6ECmnY,[object Object]
Midlantic May Two-Year-Olds in Training (2026),2026-05-19,400,B,F,WIN WIN WIN,ONE MORE MINUTE,ISTAN,GRASSROOTS TRAINING AND SALES LLC AGENT,OUT,0,,03/18/2024,KY,I,,,,,[object Object]
Midlantic May Two-Year-Olds in Training (2026),2026-05-19,401,DK B/,F,SPEAKER'S CORNER,ONESTARATATIME,CAPE CANAVERAL,MARGAUX FARM LLC AGENT,STARSHIP STABLES,100000,,04/07/2024,KY,I,,,https://vimeo.com/1189037295?share=copy&fl=sv&fe=ci,https://www.youtube.com/watch?v=b_3DIzWJgDs,[object Object]
Midlantic May Two-Year-Olds in Training (2026),2026-05-19,402,B,F,NYQUIST,OOLA GAL,QUALITY ROAD,TOP LINE SALES LLC AGENT XIV,NOT SOLD,500000,,03/24/2024,FL,E-F,,,https://vimeo.com/1191598813,https://www.youtube.com/watch?v=lQk0gNUubwo,[object Object]
Midlantic May Two-Year-Olds in Training (2026),2026-05-19,403,CH,F,GAME WINNER,OPEN HOUSE,TAPIT,JVC TRAINING AND SALES AGENT,TEAM GAUDET,45000,,04/19/2024,KY,F-G,,,https://vimeo.com/1191548238,https://www.youtube.com/watch?v=0V7EeZbKDh4,[object Object]
Midlantic May Two-Year-Olds in Training (2026),2026-05-19,404,B,F,EPICENTER,OSAGE TREATY,DECLARATION OF WAR,KINGS EQUINE AGENT,NOT SOLD,75000,,05/05/2024,KY,H,,,https://vimeo.com/1192035068,https://www.youtube.com/watch?v=WXFfiW3rnKg,[object Object]
Midlantic May Two-Year-Olds in Training (2026),2026-05-19,405,B,C,MANDALOUN,OUR LUTE,MIDNIGHT LUTE,TOM MCCROCKLIN AGENT,RODRIGUEZ RACING LLC,4000,,05/02/2024,KY,D-E,,,https://vimeo.com/1191946155,https://www.youtube.com/watch?v=XveS1xS7AOA,[object Object]
Midlantic May Two-Year-Olds in Training (2026),2026-05-19,406,CH,F,JACK CHRISTOPHER,OURS TO RUN,HALF OURS,NIALL BRENNAN STABLES AGENT VIII,ADRIANNE DEVAUX,25000,,03/25/2024,NY,J-K,,,https://youtu.be/OQfQrds8wHE,https://www.youtube.com/watch?v=vn6In27ThWw,[object Object]
Midlantic May Two-Year-Olds in Training (2026),2026-05-19,407,B,C,MCKINZIE,OUTRAGEOUS MISS,BERNARDINI,WAVERTREE STABLES INC. (CIARAN DUNNE) AGENT I,MISS MCKINZIE BS,100000,,03/06/2024,KY,TENT,,,https://vimeo.com/1190563329,https://www.youtube.com/watch?v=rxI1r8V0MNQ,[object Object]
Midlantic May Two-Year-Olds in Training (2026),2026-05-19,408,B,C,MCKINZIE,OVERT,GHOSTZAPPER,TOM MCCROCKLIN AGENT,MADDIE MATTMILLER AGENT,205000,,04/08/2024,KY,D-E,,,https://vimeo.com/1191588479,https://www.youtube.com/watch?v=Z8YE-uvKOKo,[object Object]
Midlantic May Two-Year-Olds in Training (2026),2026-05-19,409,B,F,TIZ THE LAW,PAMS CRYSTAL CANDY,CANDY RIDE (ARG),LUCAN BLOODSTOCK (KARL KEEGAN) AGENT XVII,OUT,0,,04/04/2024,KY,J,,,,,[object Object]
Midlantic May Two-Year-Olds in Training (2026),2026-05-19,410,B,F,INTO MISCHIEF,PAOLA QUEEN,FLATTER,SCANLON TRAINING & SALES AGENT III,OUT,0,,05/01/2024,KY,TENT,,,,,[object Object]
Midlantic May Two-Year-Olds in Training (2026),2026-05-19,411,DK B/,F,LIFE IS GOOD,PARTY LINE VOTE,TIZNOW,RANDY MILES AGENT XXII,OUT,0,,05/08/2024,KY,B-C,,,,https://www.youtube.com/watch?v=p-nPhGQvKAU,[object Object]
Midlantic May Two-Year-Olds in Training (2026),2026-05-19,412,B,C,INTO MISCHIEF,PASSING OUT,ORB,WAVERTREE STABLES INC. (CIARAN DUNNE) AGENT IV,WILLIAM SACCO AGT. PHIL WRIGHT AND WARREN CHEEKES,65000,,04/13/2024,KY,TENT,,,https://vimeo.com/1190561718,https://www.youtube.com/watch?v=ntZdi7B4Ltk,[object Object]
Midlantic May Two-Year-Olds in Training (2026),2026-05-19,413,B,C,TWIRLING CANDY,PATNA,INTO MISCHIEF,TOM MCCROCKLIN AGENT,OUT,0,,02/29/2024,KY,D-E,,,https://vimeo.com/1191773410,https://www.youtube.com/watch?v=mI1FrTfXbfY,[object Object]
Midlantic May Two-Year-Olds in Training (2026),2026-05-19,414,DK B/,C,PRACTICAL JOKE,PEARL PENDANT,MINESHAFT,WAVERTREE STABLES INC. (CIARAN DUNNE) AGENT I,NOT SOLD,335000,,04/20/2024,KY,TENT,,,https://vimeo.com/1190560101,https://www.youtube.com/watch?v=B3V0gT10a6E,[object Object]
Midlantic May Two-Year-Olds in Training (2026),2026-05-19,415,GR/RO,F,MAGIC ON TAP,PERFECT BISCUIT,POLITICAL FORCE,DUFFY RACING LLC (SEAN DUFFY) AGENT,C.J.I. PHOENIX GROUP,7000,,02/05/2024,FL,L,,,https://vimeo.com/1190912741,https://www.youtube.com/watch?v=ubvZCz1ruEI,[object Object]
Midlantic May Two-Year-Olds in Training (2026),2026-05-19,416,B,C,YAUPON,PERFECT FOR YOU,GIANT'S CAUSEWAY,HOPPEL LLC AGENT I,NADIR KHASSANOV,52000,,03/31/2024,KY,I,,,https://vimeo.com/1191914030,https://www.youtube.com/watch?v=Nzxojh-s8vI,[object Object]
Midlantic May Two-Year-Olds in Training (2026),2026-05-19,417,CH,C,JACK CHRISTOPHER,PERFECTA,PLEASANTLY PERFECT,TWELVE TOES LLC AGENT,NOT SOLD,22000,,04/23/2024,NY,G,,,,https://www.youtube.com/watch?v=1KabYFdU87w,[object Object]
Midlantic May Two-Year-Olds in Training (2026),2026-05-19,418,B,C,PRACTICAL JOKE,PERSIAN QUEEN,UNION RAGS,SHANE T. MEYERS,OUT,0,,05/18/2024,KY,A,,,,,[object Object]
Midlantic May Two-Year-Olds in Training (2026),2026-05-19,419,CH,C,MITOLE,PHANTOM VISION,DECLARATION OF WAR,GRASSROOTS TRAINING AND SALES LLC AGENT,OUT,0,,04/11/2024,KY,I,,,,,[object Object]
Midlantic May Two-Year-Olds in Training (2026),2026-05-19,420,B,F,MO DONEGAL,PINHOOKER,LORD NELSON,TWELVE TOES LLC AGENT,R B BLOODSTOCK AGT. FOR SEPTEMBER FARM LLC,35000,,02/12/2024,KY,G,,,,https://www.youtube.com/watch?v=8pSQSh-sMP4,[object Object]
Midlantic May Two-Year-Olds in Training (2026),2026-05-19,421,B,C,JACK CHRISTOPHER,PINKABOO,BERNARDINI,PICK VIEW LLC AGENT,WARWICK EQUINE AGENT,20000,,04/20/2024,KY,TENT,,,https://vimeo.com/1191669550,https://www.youtube.com/watch?v=Ox1VH2xYsEk,[object Object]
Midlantic May Two-Year-Olds in Training (2026),2026-05-19,422,CH,C,NYQUIST,PLEASE,LIAM'S MAP,TOP LINE SALES LLC AGENT XVII,CASE CLAY THOROUGHBRED MANAGEMENT,400000,,04/17/2024,KY,E-F,,,https://vimeo.com/1191588926,https://www.youtube.com/watch?v=LbzLdLmUEG0,[object Object]
Midlantic May Two-Year-Olds in Training (2026),2026-05-19,423,CH,C,TACITUS,POOCHY,OFFLEE WILD,HOLLY HILL TRAINING CENTER LLC,SCOTT H GROH,35000,,02/22/2024,NJ,J,,,https://youtu.be/7Uf5otX2-rM?si=Y6GAgdBfvTI_KZGA,https://www.youtube.com/watch?v=l_swW6Yxflc,[object Object]
Midlantic May Two-Year-Olds in Training (2026),2026-05-19,424,B,C,STREET SENSE,PRAYER CIRCLE,INCLUDE,HARTLEY/DE RENZO THOROUGHBREDS AGENT,A FERRIS ALLEN III AGT. FOR WALTER B. DOGGETT,50000,,03/15/2024,VA,A,,,https://vimeo.com/1189878984,https://www.youtube.com/watch?v=nl4jM22fAzU,[object Object]
Midlantic May Two-Year-Olds in Training (2026),2026-05-19,425,CH,F,GOOD MAGIC,PREPOSTEROUS,UNION RAGS,NIALL BRENNAN STABLES AGENT VI,OUT,0,,03/10/2024,KY,J-K,,,https://youtu.be/HAkSEPVQE4Y,https://www.youtube.com/watch?v=ute6zOd1w2w,[object Object]
Midlantic May Two-Year-Olds in Training (2026),2026-05-19,426,DK B/,F,NOT THIS TIME,PRINCESSE LELE,QUALITY ROAD,RANDY MILES AGENT V,OUT,0,,02/21/2024,KY,B-C,,,https://youtu.be/YoXAm95lsZM,https://www.youtube.com/watch?v=uZ5Q7KDhX28,[object Object]
Midlantic May Two-Year-Olds in Training (2026),2026-05-19,427,CH,F,OSCAR PERFORMANCE,PROXIMITY BIAS,FLATTER,TOM MCCROCKLIN AGENT,PATRICK LAWLEY-WAKELIN AGENT,200000,,04/08/2024,KY,D-E,,,https://vimeo.com/1191745663,https://www.youtube.com/watch?v=3K3WnG25cj0,[object Object]
Midlantic May Two-Year-Olds in Training (2026),2026-05-19,428,B,F,GUN RUNNER,PURELY HOT,PURE PRIZE,TOM MCCROCKLIN AGENT,REVERIE FARM LLC,600000,,03/25/2024,KY,D-E,,,https://vimeo.com/1191969027,https://www.youtube.com/watch?v=AUq5Ky1u-wE,[object Object]
Midlantic May Two-Year-Olds in Training (2026),2026-05-19,429,GR/RO,C,INDEPENDENCE HALL,PURPLE LIGHTS,GRAYDAR,CRANE THOROUGHBRED SERVICES AGENT,SAFFIE A. JOSEPH JR,17000,,05/10/2024,PA,C-D,,,,https://www.youtube.com/watch?v=mDkSefyE25c,[object Object]
Midlantic May Two-Year-Olds in Training (2026),2026-05-19,430,B,F,MYSTIC GUIDE,QUASANTE,HARD SPUN,JVC TRAINING AND SALES AGENT,RAUL DELVALLE,40000,,03/16/2024,KY,F-G,,,https://vimeo.com/1191558844,https://www.youtube.com/watch?v=nNa05F9Chm4,[object Object]
Midlantic May Two-Year-Olds in Training (2026),2026-05-19,431,B,F,TIZ THE LAW,QUEEN OF DIAMONDS,UNCLE MO,SCANLON TRAINING & SALES AGENT VI,EDDIE CHRIS AND HEATHER ZENNEDJIAN,15000,,03/14/2024,NY,TENT,,,https://vimeo.com/1190247950,https://www.youtube.com/watch?v=QBFFMhNe5FQ,[object Object]
Midlantic May Two-Year-Olds in Training (2026),2026-05-19,432,DK B/,F,CANDY RIDE (ARG),QUEEN YOLANDA,PIONEEROF THE NILE,SBM TRAINING AND SALES AGENT,PATRICE  MILLER EQB INC. FOR BOCA HORSE,150000,,04/03/2024,KY,K-L,,,https://vimeo.com/1190903621,https://www.youtube.com/watch?v=JhRLw2sjczg,[object Object]
Midlantic May Two-Year-Olds in Training (2026),2026-05-19,433,DK B/,F,CENTRAL BANKER,QUICK RELEASE,TRAPPE SHOT,GRADE ONE INVESTMENTS AGENT I,TAPROOT BLOODSTOCK AGENT,50000,,02/06/2024,NY,G,,,https://vimeo.com/1190457604,https://www.youtube.com/watch?v=hEqxt0Svfxg,[object Object]
Midlantic May Two-Year-Olds in Training (2026),2026-05-19,434,B,F,DRAIN THE CLOCK,QUIET INFERNO,QUIET AMERICAN,GRADE ONE INVESTMENTS AGENT I,LC RACING,250000,,03/03/2024,PA,G,,,https://vimeo.com/1190457229,https://www.youtube.com/watch?v=9eZCRDT5K7I,[object Object]
Midlantic May Two-Year-Olds in Training (2026),2026-05-19,435,B,F,MANDALOUN,QUOTA,DISTORTED HUMOR,MASON SPRINGS LLC (MARCUS AND CRYSTAL RYAN PARTNERSHIP),STEVEN W YOUNG AGT,90000,,01/19/2024,KY,I,,,https://vimeo.com/1192872953,https://www.youtube.com/watch?v=AHdbVT1EjPw,[object Object]
Midlantic May Two-Year-Olds in Training (2026),2026-05-19,436,B,C,CORE BELIEFS,RADIANT IN BLUE,STREET SENSE,JULIE DAVIES LLC AGENT,NOT SOLD,10000,,02/15/2024,KY,J-K,,,https://vimeo.com/1191013292,https://www.youtube.com/watch?v=7Z5H5jqkDPA,[object Object]
Midlantic May Two-Year-Olds in Training (2026),2026-05-19,437,B,G,RUNHAPPY,RAISE THE FLAG,AWESOME AGAIN,MARSHALL W. SILVERMAN AGENT,NOT SOLD,29000,,03/25/2024,MD,F,,,https://youtu.be/h-5JJTDdFK0?si=LRCd-zGmsHFn4313,https://www.youtube.com/watch?v=-l--yBTqPMA,[object Object]
Midlantic May Two-Year-Olds in Training (2026),2026-05-19,438,DK B/,C,YAUPON,RARE BIT,ELTISH,JULIE DAVIES LLC AGENT,NOT SOLD,72000,,05/03/2024,KY,J-K,,,https://vimeo.com/1191013403,https://www.youtube.com/watch?v=sn1I2EJHdxc,[object Object]
Midlantic May Two-Year-Olds in Training (2026),2026-05-19,439,B,C,NYQUIST,MERCURY'S WIMBO,MALIBU MOON,TOP LINE SALES LLC AGENT XX,OUT,0,,01/16/2024,KY,E-F,,,,,[object Object]
Midlantic May Two-Year-Olds in Training (2026),2026-05-19,440,DK B/,F,WIN WIN WIN,REACHREACHREACH,ARCHARCHARCH,CRANE THOROUGHBRED SERVICES AGENT
FOR ALL MY HART RACING,OUT,0,,02/10/2024,MD,C-D,,,,,[object Object]
Midlantic May Two-Year-Olds in Training (2026),2026-05-19,441,DK B/,C,PINEHURST,REALLY NICE,CURLIN,JULIE DAVIES LLC AGENT,VALENE FARMS LLC,75000,,01/25/2024,LA,J-K,,,https://vimeo.com/1191013353,https://www.youtube.com/watch?v=2Kz878MVSTI,[object Object]
Midlantic May Two-Year-Olds in Training (2026),2026-05-19,442,DK B/,C,MACLEAN'S MUSIC,RECIPROCAL,QUALITY ROAD,HOPPEL LLC AGENT I,OUT,0,,05/26/2024,KY,I,,,,,[object Object]
Midlantic May Two-Year-Olds in Training (2026),2026-05-19,443,B,C,ENGAGE,REGAL MADAME,COLONEL JOHN,GRASSROOTS TRAINING AND SALES LLC,ROBIN SMULLEN AGENT FOR SURE THING STABLES,65000,,05/19/2024,MD,I,,,,https://www.youtube.com/watch?v=2oP7RPFPqs0,[object Object]
Midlantic May Two-Year-Olds in Training (2026),2026-05-19,444,CH,F,NYQUIST,REGAL RAGS,UNION RAGS,CALIENTE THOROUGHBREDS AGENT,BLACK CHERRY,20000,,03/07/2024,KY,TENT,,,https://vimeo.com/1192545012,https://www.youtube.com/watch?v=ZQqX9keVShM,[object Object]
Midlantic May Two-Year-Olds in Training (2026),2026-05-19,445,CH,C,EARLY VOTING,RENEE'S QUEEN,AFTER MARKET,TOM MCCROCKLIN AGENT,WARWICK EQUINE FOR HYTECK RACING LLC,150000,,01/13/2024,NY,D-E,,,https://vimeo.com/1191767099,https://www.youtube.com/watch?v=OEkx_aWl84I,[object Object]
Midlantic May Two-Year-Olds in Training (2026),2026-05-19,446,B,C,KANTHAROS,RETORT,LIAM'S MAP,MARGAUX FARM LLC AGENT,LEGION BLOODSTOCK AGENT FOR BOB HAHN,150000,,04/20/2024,KY,I,,,https://vimeo.com/1188536527,https://www.youtube.com/watch?v=D2yylOMGqTc,[object Object]
Midlantic May Two-Year-Olds in Training (2026),2026-05-19,447,DK B/,F,YAUPON,RIMANISEMPREFORTE,ESKENDEREYA,KINGS EQUINE AGENT,C.J.I. PHOENIX GROUP,29000,,03/09/2024,MD,H,,,https://vimeo.com/1192035214,https://www.youtube.com/watch?v=b3o1GkJHnYI,[object Object]
Midlantic May Two-Year-Olds in Training (2026),2026-05-19,448,GR/RO,C,TAPIT,RIVER MAID,WHERE'S THE RING,CALIENTE THOROUGHBREDS AGENT,GO GO GREYS BSW/CROW LLC,350000,,05/12/2024,KY,TENT,,,https://youtu.be/9PAecj7oaxk?si=6R7GP3ZkDt3ASmLg,https://www.youtube.com/watch?v=FXT-YWmskBw,[object Object]
Midlantic May Two-Year-Olds in Training (2026),2026-05-19,449,CH,C,MYSTIC GUIDE,ROAD TIGER,QUALITY ROAD,OMAR RAMIREZ BLOODSTOCK AGENT,NOVOGRATZ RACING STABLES INC,480000,,05/06/2024,KY,K,,,https://vimeo.com/1191355865,https://www.youtube.com/watch?v=7UDjIwNFkI4,[object Object]
Midlantic May Two-Year-Olds in Training (2026),2026-05-19,450,B,C,BOLT D'ORO,ROCK MY LOVE (GER),HOLY ROMAN EMPEROR (IRE),NIALL BRENNAN STABLES AGENT IV,RIVERDEE STABLE,10000,,05/25/2024,KY,J-K,,,https://youtu.be/aqWvWT6AxCg,https://www.youtube.com/watch?v=qdrMRCorhpg,[object Object]
Midlantic May Two-Year-Olds in Training (2026),2026-05-19,451,GR/RO,F,WAR DANCER,ROCK N COZY,ROCKPORT HARBOR,TOM MCCROCKLIN AGENT,SWEEZEY AGENT FOR STARRY NIGHT RACING,7000,,04/07/2024,NY,D-E,,,https://vimeo.com/1191748653,https://www.youtube.com/watch?v=vShta5BmYIc,[object Object]
Midlantic May Two-Year-Olds in Training (2026),2026-05-19,452,B,C,BOLT D'ORO,ROCKADELIC,BERNARDINI,RANDY MILES AGENT XII,NOT SOLD,490000,,03/23/2024,KY,B-C,,,https://youtu.be/pceTmBebKEQ,https://www.youtube.com/watch?v=5eeQUlfkMRY,[object Object]
Midlantic May Two-Year-Olds in Training (2026),2026-05-19,453,B,C,CITY OF LIGHT,ROSE' TO BLAME,BLAME,SCANLON TRAINING & SALES AGENT V,MARQUEE BLOODSTOCK/MY RACEHORSE,350000,,04/29/2024,NY,TENT,,,https://vimeo.com/1190245780,https://www.youtube.com/watch?v=ehP6ehxjKdA,[object Object]
Midlantic May Two-Year-Olds in Training (2026),2026-05-19,454,CH,F,GREATEST HONOUR,ROSSELLINI,FREUD,TWO COUSINS TRAINING AND SALES AGENT,OUT,0,,03/25/2024,FL,B,,,https://youtu.be/MjnTafnrXoc?si=5UrRUFWIGx_bWAD_,https://www.youtube.com/watch?v=M6NWbSjD2WM,[object Object]
Midlantic May Two-Year-Olds in Training (2026),2026-05-19,455,CH,C,GOOD MAGIC,ROVENNA,VRONSKY,RANDY MILES AGENT XX,OUT,0,,05/01/2024,KY,B-C,,,,https://www.youtube.com/watch?v=SF6H10r2Ejk,[object Object]
Midlantic May Two-Year-Olds in Training (2026),2026-05-19,456,CH,G,CONSTITUTION,ROYAL MISCHIEF,INTO MISCHIEF,JVC TRAINING AND SALES AGENT,NO GUTS NO GLORY FARM,65000,,03/20/2024,KY,F-G,,,https://vimeo.com/1191565087,https://www.youtube.com/watch?v=QMkp8IqnDWo,[object Object]
Midlantic May Two-Year-Olds in Training (2026),2026-05-19,457,B,F,CAJUN BREEZE,RUN MACY RUN,WEST ACRE,TOM MCCROCKLIN AGENT,D AND L FARMS,15000,,04/27/2024,FL,D-E,,,https://vimeo.com/1191985060?share=copy&fl=sv&fe=ci,https://www.youtube.com/watch?v=6d50O97HoFw,[object Object]
Midlantic May Two-Year-Olds in Training (2026),2026-05-19,458,B,C,CYBERKNIFE,RUNFASTANDLOUD,NATIVE RULER,WAVERTREE STABLES INC. (CIARAN DUNNE) AGENT I,CASE CLAY THOROUGHBRED MANAGEMENT,350000,,03/13/2024,NY,TENT,,,https://vimeo.com/1190558189,https://www.youtube.com/watch?v=kdRkX3IMsOo,[object Object]
Midlantic May Two-Year-Olds in Training (2026),2026-05-19,459,B,C,AUTHENTIC,RUNWAY DOLL,MAJESTIC WARRIOR,JULIE DAVIES LLC AGENT,CLAY SCHERER AGT.,160000,,05/08/2024,KY,J-K,,,https://vimeo.com/1191013455,https://www.youtube.com/watch?v=xkhWhEssjl8,[object Object]
Midlantic May Two-Year-Olds in Training (2026),2026-05-19,460,DK B/,C,CONSTITUTION,RUSSIAN INFLUENCE,INTO MISCHIEF,DE MERIC SALES AGENT,OUT,0,,02/08/2024,LA,I-J,,,https://vimeo.com/1190521957,https://www.youtube.com/watch?v=PmEOnyEyxEE,[object Object]
Midlantic May Two-Year-Olds in Training (2026),2026-05-19,461,DK B/,F,HIGHLY MOTIVATED,SACRED CHANT,MINESHAFT,NIALL BRENNAN STABLES AGENT X,OUT,0,,04/09/2024,KY,J-K,,,https://youtu.be/sVqmaJn90HE,,[object Object]
Midlantic May Two-Year-Olds in Training (2026),2026-05-19,462,CH,F,GOOD MAGIC,SACRED KITTEN,KITTEN'S JOY,GRADE ONE INVESTMENTS AGENT VI,OUT,0,,03/23/2024,KY,G,,,https://vimeo.com/1190456951,https://www.youtube.com/watch?v=W-0Tj0sRJiM,[object Object]
Midlantic May Two-Year-Olds in Training (2026),2026-05-19,463,B,C,FLIGHTLINE,SAFWAH,MEDAGLIA D'ORO,CALIENTE THOROUGHBREDS AGENT,OUT,0,,02/17/2024,KY,TENT,,,https://youtu.be/Tw9V5GaYoaQ,https://www.youtube.com/watch?v=qvwAQcr6eAU,[object Object]
Midlantic May Two-Year-Olds in Training (2026),2026-05-19,464,DK B/,F,CENTRAL BANKER,SAILONSILVERGIRL,MIZZEN MAST,JULIE DAVIES LLC AGENT,RED STORM STABLE INC,65000,,04/26/2024,NY,J-K,,,https://vimeo.com/1191013580,https://www.youtube.com/watch?v=jSAYjgp9gos,[object Object]
Midlantic May Two-Year-Olds in Training (2026),2026-05-19,465,B,C,FIRE AT WILL,SALINO,VANCOUVER (AUS),GRASSROOTS TRAINING AND SALES LLC AGENT,OUT,0,,02/29/2024,NY,I,,,,https://www.youtube.com/watch?v=OUM2UebnGJs,[object Object]
Midlantic May Two-Year-Olds in Training (2026),2026-05-19,466,B,F,EPICENTER,SARANDA,SMART STRIKE,JONATHAN NAVAS EQUINE SERVICES LLC AGENT,ROSE FARM,4000,,04/12/2024,KY,K,,,https://vimeo.com/1192297233,https://www.youtube.com/watch?v=03V51S_ZTpg,[object Object]
Midlantic May Two-Year-Olds in Training (2026),2026-05-19,467,B,F,DRAIN THE CLOCK,SASSY SASS,MORE THAN READY,GRADE ONE INVESTMENTS AGENT V,OUT,0,,05/05/2024,KY,G,,,,,[object Object]
Midlantic May Two-Year-Olds in Training (2026),2026-05-19,468,CH,F,CURLIN,SAUCY LADY T,TONALIST,SCANLON TRAINING & SALES AGENT IX,OUT,0,,02/12/2024,KY,TENT,,,,,[object Object]
Midlantic May Two-Year-Olds in Training (2026),2026-05-19,469,CH,C,MIDSHIPMAN,SAWYER,INTO MISCHIEF,ENDURANCE EQUINE AGENT,C.J.I. PHOENIX GROUP,13000,,03/26/2024,VA,J,,,https://vimeo.com/1192385828,https://www.youtube.com/watch?v=k5Rwcs7Tsak,[object Object]
Midlantic May Two-Year-Olds in Training (2026),2026-05-19,470,B,F,HIGHLY MOTIVATED,SCOTLAND BAY,GONE ASTRAY,JULIE DAVIES LLC AGENT,STEPHEN SKAGGS AGENT,40000,,03/09/2024,KY,J-K,,,https://vimeo.com/1191013621,https://www.youtube.com/watch?v=cRnMIw0gO2s,[object Object]
Midlantic May Two-Year-Olds in Training (2026),2026-05-19,471,B,C,UNCLE MO,SEA TRIAL,UNBRIDLED'S SONG,CALIENTE THOROUGHBREDS AGENT,ROBERT COTRAN,50000,,03/03/2024,KY,TENT,,,https://youtu.be/UqEdA8zwlBU,https://www.youtube.com/watch?v=NoQaB5DHB-0,[object Object]
Midlantic May Two-Year-Olds in Training (2026),2026-05-19,472,DK B/,F,JACK CHRISTOPHER,SECRET QUALITY,ELUSIVE QUALITY,HOLLY HILL TRAINING CENTER LLC,SCOTT H GROH,17000,,02/04/2024,KY,J,,,https://youtu.be/pKFz_N7SCHo?si=WRPxc_bCC4L9YlI7,https://www.youtube.com/watch?v=BF84sdsITnw,[object Object]
Midlantic May Two-Year-Olds in Training (2026),2026-05-19,473,B,C,CORNICHE,SECRET UNION,DIXIE UNION,DE MERIC SALES AGENT,LEE ACKERLEY,1000000,,05/06/2024,KY,I-J,,,https://vimeo.com/1190519610,https://www.youtube.com/watch?v=MBHXPIOBNCA,[object Object]
Midlantic May Two-Year-Olds in Training (2026),2026-05-19,474,CH,C,BEE JERSEY,SECRETARIAT HUMOR,DISTORTED HUMOR,TOP LINE SALES LLC AGENT VIII,MILK RIVER RACING,285000,,04/01/2024,KY,E-F,,,https://vimeo.com/1191588523,https://www.youtube.com/watch?v=I3yuEBIfJ8Q,[object Object]
Midlantic May Two-Year-Olds in Training (2026),2026-05-19,475,B,C,NYQUIST,RARITIES,CITY ZIP,THOROSTOCK LLC AGENT,SPECULATION EQUUS,220000,,05/06/2024,KY,I,,,https://vimeo.com/1191375672,https://www.youtube.com/watch?v=P9iEqbmJzJw,[object Object]
Midlantic May Two-Year-Olds in Training (2026),2026-05-19,476,B,C,JACK CHRISTOPHER,SEND FOR ME,INTO MISCHIEF,NIALL BRENNAN STABLES AGENT IV,NOT SOLD,47000,,04/18/2024,KY,J-K,,,https://youtu.be/ldF6dfkFFe4,https://www.youtube.com/watch?v=rKILwnyDaaE,[object Object]
Midlantic May Two-Year-Olds in Training (2026),2026-05-19,477,DK B/,F,SPEAKER'S CORNER,SEND THE LIMO,TIZ WONDERFUL,CALIENTE THOROUGHBREDS AGENT,OUT,0,,02/29/2024,KY,TENT,,,,,[object Object]
Midlantic May Two-Year-Olds in Training (2026),2026-05-19,478,DK B/,F,FIRE AT WILL,SENORA ROMA,VERRAZANO,SEQUEL AGENT I,WEST POINT TB L.E.B. AGENT,230000,,03/03/2024,NY,H,,,https://vimeo.com/1190190727,https://www.youtube.com/watch?v=qGx63PhIMQA,[object Object]
Midlantic May Two-Year-Olds in Training (2026),2026-05-19,479,B,C,PEACE AND JUSTICE,SEVEN DREAMS,MAJESTIC WARRIOR,PAUL SHARP AGENT VI,K.O.I.D.,65000,,03/02/2024,PA,J-K,,,,https://www.youtube.com/watch?v=KLX40wPT4aU,[object Object]
Midlantic May Two-Year-Olds in Training (2026),2026-05-19,480,B,F,LIFE IS GOOD,SHE GOGO,ARROGATE,NIALL BRENNAN STABLES AGENT V,OUT,0,,03/11/2024,KY,J-K,,,,,[object Object]
Midlantic May Two-Year-Olds in Training (2026),2026-05-19,481,CH,C,DRAIN THE CLOCK,SHE'S A HONEY,HARD SPUN,COLIN BRENNAN BLOODSTOCK AT HIGHLANDER TRAINING CENTER AGENT I,OUT,0,,02/22/2024,KY,K,,,,,[object Object]
Midlantic May Two-Year-Olds in Training (2026),2026-05-19,482,B,F,VEKOMA,SHE'S ALL LOVE,LANGFUHR,THOROSTOCK LLC AGENT,OUT,0,,02/10/2024,NY,I,,,,,[object Object]
Midlantic May Two-Year-Olds in Training (2026),2026-05-19,483,GR/RO,F,LIAM'S MAP,SHE'S NO DRAMA,BIG DRAMA,HOPPEL LLC AGENT (DISPERSAL OF REPOSSESSED HORSES),OUT,0,,04/06/2024,KY,I,,,,,[object Object]
Midlantic May Two-Year-Olds in Training (2026),2026-05-19,484,B,F,GOLDENCENTS,SHE'SAFLASHYMISS,FLASHY BULL,SHAMROCK STABLE,OUT,0,,02/18/2024,KY,E,,,,,[object Object]
Midlantic May Two-Year-Olds in Training (2026),2026-05-19,485,B,C,MACLEAN'S MUSIC,SHERINI,BERNARDINI,HOLLY HILL TRAINING CENTER LLC,MENS GRILLE RACING,65000,,01/15/2024,KY,J,,,https://youtu.be/4KjJ5lC8oJ8?si=UueclgePcS65ximf,https://www.youtube.com/watch?v=piYJ2OqelfQ,[object Object]
Midlantic May Two-Year-Olds in Training (2026),2026-05-19,486,B,C,GUN RUNNER,SHOCKING FAST,DISTORTED HUMOR,RANDY MILES AGENT V,OUT,0,,01/27/2024,KY,B-C,,,https://youtu.be/04OGjdP_leY,https://www.youtube.com/watch?v=kmKRBXVhvfA,[object Object]
Midlantic May Two-Year-Olds in Training (2026),2026-05-19,487,B,C,JACKIE'S WARRIOR,SHOPPERS RETURN,PUT IT BACK,JULIE DAVIES LLC AGENT,OUT,0,,04/27/2024,KY,J-K,,,,,[object Object]
Midlantic May Two-Year-Olds in Training (2026),2026-05-19,488,B,F,FLIGHTLINE,SHOW ME THE GOLD,MEDAGLIA D'ORO,CALIENTE THOROUGHBREDS AGENT,HARMASH RACING,65000,,04/11/2024,KY,TENT,,,https://vimeo.com/1193622644,https://www.youtube.com/watch?v=BsnHZQpOQUM,[object Object]
Midlantic May Two-Year-Olds in Training (2026),2026-05-19,489,CH,F,EPICENTER,SHOWMETHEMAGIC,POWER BROKER,JVC TRAINING AND SALES AGENT,JOE SHARP AGT. (RELENTLESS PURSUIT RACING),300000,,02/20/2024,NY,F-G,,,https://vimeo.com/1191571645,https://www.youtube.com/watch?v=PCV2b3IpTjs,[object Object]
Midlantic May Two-Year-Olds in Training (2026),2026-05-19,490,DK B/,C,ARMY MULE,SIGNADORA,GHOSTZAPPER,WAVERTREE STABLES INC. (CIARAN DUNNE) AGENT II,OUT,0,,04/09/2024,KY,TENT,,,https://vimeo.com/1190248424,https://www.youtube.com/watch?v=tgL0OezieEk,[object Object]
Midlantic May Two-Year-Olds in Training (2026),2026-05-19,491,B,F,EPICENTER,SILVER MALIBU,MALIBU MOON,CALIENTE THOROUGHBREDS AGENT,NOT SOLD,9000,,04/29/2024,FL,TENT,,,https://vimeo.com/1192532962,https://www.youtube.com/watch?v=2fAz4kPXbnY,[object Object]
Midlantic May Two-Year-Olds in Training (2026),2026-05-19,492,DK B/,F,VIOLENCE,SINCERITY,MUCHO MACHO MAN,JONATHAN NAVAS EQUINE SERVICES LLC,WIZARD STABLES INC.,45000,,02/21/2024,KY,K,,,https://vimeo.com/1192297226,https://www.youtube.com/watch?v=nN1eCYfM3Iw,[object Object]
Midlantic May Two-Year-Olds in Training (2026),2026-05-19,493,GR/RO,C,IDOL,SINNERS SAINTS,FROSTED,OAK CREEK THOROUGHBREDS AGENT,RICHARD BAHDE,140000,,05/06/2024,KY,TENT,,,https://vimeo.com/1191029888,https://www.youtube.com/watch?v=4FUFzjEMAHk,[object Object]
Midlantic May Two-Year-Olds in Training (2026),2026-05-19,494,B,C,GOLDEN PAL,SIPARIA,GIANT'S CAUSEWAY,SHAMROCK STABLE,DJ STABLE LLC,65000,,04/02/2024,NY,E,,,https://vimeo.com/1191619989,https://www.youtube.com/watch?v=otNN2dcrQmU,[object Object]
Midlantic May Two-Year-Olds in Training (2026),2026-05-19,495,B,C,CURLIN,SIPPICAN HARBOR,ORB,KINGS EQUINE AGENT,MARQUEE BLOODSTOCK AGT.,600000,,03/02/2024,KY,H,,,https://vimeo.com/1192035759,https://www.youtube.com/watch?v=cebFmmPJVpA,[object Object]
Midlantic May Two-Year-Olds in Training (2026),2026-05-19,496,CH,C,MACLEAN'S MUSIC,SISTER MAC,MEDAGLIA D'ORO,CALIENTE THOROUGHBREDS AGENT,EDUARDO FILGUEIRAS,10000,,02/28/2024,KY,TENT,,,https://youtu.be/KAdRVleNJVY,https://www.youtube.com/watch?v=SC_nkD75mx4,[object Object]
Midlantic May Two-Year-Olds in Training (2026),2026-05-19,497,CH,F,OLYMPIAD,SISTER SUPERIOR,PULPIT,CALIENTE THOROUGHBREDS AGENT,NOT SOLD,17000,,04/16/2024,KY,TENT,,,https://vimeo.com/1192540336,https://www.youtube.com/watch?v=ky65oC48V-E,[object Object]
Midlantic May Two-Year-Olds in Training (2026),2026-05-19,498,DK B/,F,MOR SPIRIT,SKINDY,SKIP AWAY,GRASSROOTS TRAINING AND SALES LLC,MARC A. WAMPLER AGENT FOR POCKET ACES RACING,100000,,04/29/2024,KY,I,,,,https://www.youtube.com/watch?v=FzDBLTfYqeY,[object Object]
Midlantic May Two-Year-Olds in Training (2026),2026-05-19,499,B,C,GIRVIN,SKIPPER SUE,CAIRO PRINCE,PICK VIEW LLC AGENT,OUT,0,,04/23/2024,KY,TENT,,,,,[object Object]
Midlantic May Two-Year-Olds in Training (2026),2026-05-19,500,B,C,YAUPON,SKY AY AY AY,SKY MESA,TOP LINE SALES LLC AGENT II,OUT,0,,04/25/2024,KY,E-F,,,,,[object Object]
Midlantic May Two-Year-Olds in Training (2026),2026-05-19,501,CH,F,LONE SAILOR,SLICK AND TRUE,YES IT'S TRUE,DARREN EGAN TRAINING & SALES AGENT,JOHN FOX,70000,,04/30/2024,AR,K,,,https://youtu.be/oW_ZHx9_sxE?si=ZwmNTaR1SZyRx1-v,https://www.youtube.com/watch?v=3okiqyje4ew,[object Object]
Midlantic May Two-Year-Olds in Training (2026),2026-05-19,502,B,F,LIFE IS GOOD,SLIEVE MISH,BERNARDINI,RANDY MILES AGENT XIV,LEGION/GRACIE AGENT,450000,,03/26/2024,KY,B-C,,,https://youtu.be/F_HQIrXRXjQ,https://www.youtube.com/watch?v=Ukx3HuKJg9g,[object Object]
Midlantic May Two-Year-Olds in Training (2026),2026-05-19,503,CH,F,DRAIN THE CLOCK,SLIVER OF HOPE,VALUE PLUS,JULIE DAVIES LLC AGENT,JOSH STEVENS AGT,65000,Y,04/12/2024,KY,J-K,,,https://vimeo.com/1191013673,https://www.youtube.com/watch?v=VGzidCMBJGk,[object Object]
Midlantic May Two-Year-Olds in Training (2026),2026-05-19,504,B,C,OMAHA BEACH,SMOKIN MISCHIEF,INTO MISCHIEF,PAUL SHARP AGENT VIII,OUT,0,,04/09/2024,KY,J-K,,,,https://www.youtube.com/watch?v=pUDhqqR7A18,[object Object]
Midlantic May Two-Year-Olds in Training (2026),2026-05-19,505,B,C,CHARLATAN,SOCIAL QUEEN,DYNAFORMER,RANDY MILES AGENT II,L & N RACING & 4 SONS STABLES,260000,,04/21/2024,KY,B-C,,,https://youtu.be/62__8pYjsWw,https://www.youtube.com/watch?v=bKD4fM8zGD8,[object Object]
Midlantic May Two-Year-Olds in Training (2026),2026-05-19,506,GR/RO,C,ROCK YOUR WORLD,SOLAR REFLECTION,CREATIVE CAUSE,CALIENTE THOROUGHBREDS AGENT,NOT SOLD,27000,,02/14/2024,KY,TENT,,,https://youtu.be/vDlDUnhgS08?si=O381L-np0AHb_466,https://www.youtube.com/watch?v=9NHoPgo-D0Y,[object Object]
Midlantic May Two-Year-Olds in Training (2026),2026-05-19,507,DK B/,C,CONSTITUTION,SOLIDARITY,QUALITY ROAD,SCANLON TRAINING & SALES AGENT XI,OUT,0,,04/28/2024,KY,TENT,,,https://vimeo.com/1190243740,https://www.youtube.com/watch?v=ypib5UGo1vM,[object Object]
Midlantic May Two-Year-Olds in Training (2026),2026-05-19,508,DK B/,F,VEKOMA,SONORA,DISCREETLY MINE,HOPPEL LLC AGENT I,OUT,0,,03/24/2024,NY,I,,,,,[object Object]
Midlantic May Two-Year-Olds in Training (2026),2026-05-19,509,GR/RO,F,IDOL,SOUPER COLKET,GHOSTZAPPER,DE MERIC SALES AGENT,NOT SOLD,17000,,03/19/2024,NY,I-J,,,https://vimeo.com/1190517725,https://www.youtube.com/watch?v=R_mqICLgNIU,[object Object]
Midlantic May Two-Year-Olds in Training (2026),2026-05-19,510,B,C,CORNICHE,SOUTHERN STRIKE,SMART STRIKE,DE MERIC SALES AGENT,NOT SOLD,65000,,04/18/2024,NY,I-J,,,https://vimeo.com/1190515375,https://www.youtube.com/watch?v=LzzSDTOa_ts,[object Object]
Midlantic May Two-Year-Olds in Training (2026),2026-05-19,511,B,C,HAPPY SAVER,SPANDREL,ARCH,JONATHAN NAVAS EQUINE SERVICES LLC,STEPHEN MURDOCK,20000,,02/08/2024,KY,K,,,https://vimeo.com/1192246798,https://www.youtube.com/watch?v=qtBfsaG6B-0,[object Object]
Midlantic May Two-Year-Olds in Training (2026),2026-05-19,512,B,C,MAXIMUS MISCHIEF,SPANXAMILLION,STREET CRY (IRE),CARY FROMMER LLC AGENT,ECLIPSE THOROUGHBRED PARTNERS & POINDEXTER THOROUGHBREDS LLC,65000,Y,02/04/2024,KY,A-B,,,https://vimeo.com/1191539596,https://www.youtube.com/watch?v=AVpG0DMYwfM,[object Object]
Midlantic May Two-Year-Olds in Training (2026),2026-05-19,513,B,F,SPEAKER'S CORNER,SPECIAL BLESSING,FLAT OUT,HOPPEL LLC AGENT VI,GARY & JANET ANDERSON,170000,,02/11/2024,LA,I,,,https://vimeo.com/1191914114,https://www.youtube.com/watch?v=KwvJJXtYLjA,[object Object]
Midlantic May Two-Year-Olds in Training (2026),2026-05-19,514,DK B/,F,GLOBAL CAMPAIGN,SPRING BLOOM,AFTER MARKET,CARY FROMMER LLC AGENT,JJE THOROUGHBREDS LLC,80000,,04/30/2024,KY,A-B,,,https://vimeo.com/1191734142,https://www.youtube.com/watch?v=M6FwpbYHCsw,[object Object]
Midlantic May Two-Year-Olds in Training (2026),2026-05-19,515,DK B/,F,OLYMPIAD,SQUAN'S KINGDOM,TRAPPE SHOT,ENDURANCE EQUINE AGENT,JAGGER INC,70000,,02/26/2024,PA,J,,,https://vimeo.com/1192385831,https://www.youtube.com/watch?v=9xmLHr4069k,[object Object]
Midlantic May Two-Year-Olds in Training (2026),2026-05-19,516,B,F,INTO MISCHIEF,STAR OF THE EMPIRE,EMPIRE MAKER,KINGS EQUINE AGENT,RUDY RODRIGUEZ,50000,,02/05/2024,KY,H,,,https://vimeo.com/1192035161,https://www.youtube.com/watch?v=-0UHL5WL1dA,[object Object]
Midlantic May Two-Year-Olds in Training (2026),2026-05-19,517,GR/RO,C,PRACTICAL JOKE,STAR TABLE,OVERANALYZE,CALIENTE THOROUGHBREDS AGENT,PRACTICAL STAR BS,50000,,04/04/2024,KY,TENT,,,https://youtu.be/jZ9XbKMdw3c?si=kZo04TGvS7jkR-Wa,https://www.youtube.com/watch?v=P6eArriIt3U,[object Object]
Midlantic May Two-Year-Olds in Training (2026),2026-05-19,518,CH,C,DRAIN THE CLOCK,STARR BEAR,BROKEN VOW,TOM MCCROCKLIN AGENT,OUT,0,,05/10/2024,KY,D-E,,,,,[object Object]
Midlantic May Two-Year-Olds in Training (2026),2026-05-19,519,DK B/,F,PINEHURST,STARSHIP KIARA,FREUD,TOM MCCROCKLIN AGENT,H RAY ASHFORD,9000,,03/26/2024,KY,D-E,,,https://vimeo.com/1191992189?share=copy&fl=sv&fe=ci,https://www.youtube.com/watch?v=WcW0rIywnYM,[object Object]
Midlantic May Two-Year-Olds in Training (2026),2026-05-19,520,GR/RO,C,LEXITONIAN,STEAL THE DANCE,TAPIT,GRASSROOTS TRAINING AND SALES LLC,DENNIS O'NEILL,195000,,05/27/2024,KY,I,,,,https://www.youtube.com/watch?v=pGZfjT7rZR8,[object Object]
Midlantic May Two-Year-Olds in Training (2026),2026-05-19,521,DK B/,F,UNCLE MO,STEIDLE,PETIONVILLE,PICK VIEW LLC AGENT,CLARK   BREWSTER,140000,,04/21/2024,KY,TENT,,,https://vimeo.com/1191768586,https://www.youtube.com/watch?v=6rNnRHvWatk,[object Object]
Midlantic May Two-Year-Olds in Training (2026),2026-05-19,522,B,C,TWIRLING CANDY,STORM RAVEN,BODEMEISTER,HARTLEY/DE RENZO THOROUGHBREDS AGENT,MYRACEHORSE,250000,,02/20/2024,KY,A,,,https://vimeo.com/1189879107,https://www.youtube.com/watch?v=RvOQMt9eahg,[object Object]
Midlantic May Two-Year-Olds in Training (2026),2026-05-19,523,DK B/,F,SPEIGHTSTOWN,STORM RISING,MEDAGLIA D'ORO,THOROSTOCK LLC AGENT,POINDEXTER THOROUGHBREDS,70000,,04/22/2024,KY,I,,,https://vimeo.com/1191375680,https://www.youtube.com/watch?v=EjyV_yUgKdQ,[object Object]
Midlantic May Two-Year-Olds in Training (2026),2026-05-19,524,B,F,EARLY VOTING,STREET DOLL,STREET CRY (IRE),ARROYO BLOODSTOCK AGENT,PAUL BELJAN,65000,,03/21/2024,KY,F,,,https://vimeo.com/1192834119,https://www.youtube.com/watch?v=HtHiIkmyN9c,[object Object]
Midlantic May Two-Year-Olds in Training (2026),2026-05-19,525,DK B/,F,AUDIBLE,STREET LOVE,STREET BOSS,RANDY MILES AGENT II,WEST POINT TB L.E.B. AGENT,600000,,03/12/2024,KY,B-C,,,https://youtu.be/Se5f6_jSvJA,https://www.youtube.com/watch?v=vk6fLF1bdXs,[object Object]
Midlantic May Two-Year-Olds in Training (2026),2026-05-19,526,B,F,JACK CHRISTOPHER,STREET OF GOLD,STREET SENSE,PAUL SHARP AGENT VII,OUT,0,,04/02/2024,KY,J-K,,,,,[object Object]
Midlantic May Two-Year-Olds in Training (2026),2026-05-19,527,B,C,JACK CHRISTOPHER,STRIKING IMPACT,SMART STRIKE,BRYAN FORD TRAINING STABLE AGENT,SLEEPER TBS,95000,,04/28/2024,KY,G,,,https://vimeo.com/1190810072?fl=ip&fe=ec,https://www.youtube.com/watch?v=LTTRF7VtoQY,[object Object]
Midlantic May Two-Year-Olds in Training (2026),2026-05-19,528,DK B/,F,TWIRLING CANDY,STUDY HARD,MALIBU MOON,NIALL BRENNAN STABLES AGENT XII,OUT,0,,04/06/2024,KY,J-K,,,,,[object Object]
Midlantic May Two-Year-Olds in Training (2026),2026-05-19,529,B,F,LIAM'S MAP,STYLISH RAGS,UNION RAGS,CARY FROMMER LLC AGENT,NOT SOLD,210000,,01/14/2024,KY,A-B,,,https://vimeo.com/1191734499,https://www.youtube.com/watch?v=Fhejr8lyd1g,[object Object]
Midlantic May Two-Year-Olds in Training (2026),2026-05-19,530,DK B/,F,CARACARO,SUEDE SHOE,PULPIT,POPLAR PLACE LLC AGENT,NOT SOLD,30000,,04/22/2024,KY,I,,,,https://www.youtube.com/watch?v=rSLM5LsAF3c,[object Object]
Midlantic May Two-Year-Olds in Training (2026),2026-05-19,531,CH,C,KEEPMEINMIND,SUGAR BOSS,STREET BOSS,SEQUEL AGENT II,KERRI RADCLIFFE AGENT FOR LADY SHEILA STABLE,300000,,03/15/2024,NY,H,,,https://vimeo.com/1190193116,https://www.youtube.com/watch?v=GsAK9oP6eCc,[object Object]
Midlantic May Two-Year-Olds in Training (2026),2026-05-19,532,DK B/,C,ARMY MULE,SUGAR HAPPY,RUNHAPPY,OMAR RAMIREZ BLOODSTOCK AGENT,NOT SOLD,37000,,03/11/2024,KY,K,,,https://vimeo.com/1191355869,https://www.youtube.com/watch?v=FJPTqcrGe9c,[object Object]
Midlantic May Two-Year-Olds in Training (2026),2026-05-19,533,CH,F,CONSTITUTION,SUPER PATRIOT,UNUSUAL HEAT,TOM MCCROCKLIN AGENT,NOT SOLD,97000,,02/16/2024,KY,D-E,,,https://vimeo.com/1191755142,https://www.youtube.com/watch?v=T1RvW2MQCRk,[object Object]
Midlantic May Two-Year-Olds in Training (2026),2026-05-19,534,B,C,HARD SPUN,SUPER STING,AWESOME AGAIN,CRANE THOROUGHBRED SERVICES AGENT,DOYLE WILLIAMS,20000,,04/09/2024,KY,C-D,,,,https://www.youtube.com/watch?v=jRkJCqdc7GM,[object Object]
Midlantic May Two-Year-Olds in Training (2026),2026-05-19,535,CH,F,THOUSAND WORDS,SUPERIOR SELECTION,GIANT'S CAUSEWAY,HOLLY HILL TRAINING CENTER LLC,GOODMAN,15000,,02/28/2024,KY,J,,,https://youtu.be/8R6dAixiKj0?si=UL6fIsdAMNQEwRo6,https://www.youtube.com/watch?v=iFyQH0oxYGw,[object Object]
Midlantic May Two-Year-Olds in Training (2026),2026-05-19,536,B,C,IDOL,SUSIE'S DADDY,SCAT DADDY,CALIENTE THOROUGHBREDS AGENT,NICK J HINES AGENT,15000,,02/10/2024,KY,TENT,,,https://youtu.be/a-5GTtrMAfA?si=3WigbUJqMpNAjCaK,https://www.youtube.com/watch?v=-Bzikcf7Olw,[object Object]
Midlantic May Two-Year-Olds in Training (2026),2026-05-19,537,CH,F,OMAHA BEACH,SUSPICIOUS SPOUSE,FIRST DEFENCE,TOM MCCROCKLIN AGENT,NOT SOLD,95000,,04/15/2024,KY,D-E,,,https://vimeo.com/1191761194,https://www.youtube.com/watch?v=v9mxojxXDKs,[object Object]
Midlantic May Two-Year-Olds in Training (2026),2026-05-19,538,B,F,EIGHT RINGS,SWEET AND CHEEKY,CANDY RIDE (ARG),GRASSROOTS TRAINING AND SALES LLC,NICK J HINES AGENT,70000,,03/25/2024,MD,I,,,,https://www.youtube.com/watch?v=FlHS-7sKmIg,[object Object]
Midlantic May Two-Year-Olds in Training (2026),2026-05-19,539,B,C,UNCLE MO,SWEET KISSES,CARPE DIEM,SBM TRAINING AND SALES AGENT,OUT,0,,04/08/2024,KY,K-L,,,https://vimeo.com/1190735136,https://www.youtube.com/watch?v=H2-E6yUKiNA,[object Object]
Midlantic May Two-Year-Olds in Training (2026),2026-05-19,540,B,F,MO DONEGAL,SWEET SUGAR,UNION RAGS,CARY FROMMER LLC AGENT,NOT SOLD,37000,,05/13/2024,IN,A-B,,,https://vimeo.com/1191734591,https://www.youtube.com/watch?v=A-N9UIMNOSc,[object Object]
Midlantic May Two-Year-Olds in Training (2026),2026-05-19,541,B,C,ENGAGE,SWIMMER,ROCK SLIDE,CALIENTE THOROUGHBREDS AGENT,DAVID PORTO,9000,,02/10/2024,MD,TENT,,,https://youtu.be/oU9oklXAi8s?si=0KJfTq1ZB2y2Jh3U,https://www.youtube.com/watch?v=AEaytwjElks,[object Object]
Midlantic May Two-Year-Olds in Training (2026),2026-05-19,542,B,F,OLYMPIAD,TAIL FEATHER,WAR FRONT,TOP LINE SALES LLC AGENT VI,MYRACEHORSE & PAT HIBAN,240000,,02/11/2024,KY,E-F,,,https://vimeo.com/1191589325,https://www.youtube.com/watch?v=x72vPaXJ9DA,[object Object]
Midlantic May Two-Year-Olds in Training (2026),2026-05-19,543,B,C,MANDALOUN,TAKE IT ALL BACK,FLASHBACK,CRANE THOROUGHBRED SERVICES AGENT,OUT,0,,04/02/2024,NY,C-D,,,,,[object Object]
Midlantic May Two-Year-Olds in Training (2026),2026-05-19,544,DK B/,F,MANDALOUN,TALK YOU OUT OF IT,OVERANALYZE,PICK VIEW LLC AGENT,GRACIE BLOODSTOCK AGENT,95000,,04/21/2024,NY,TENT,,,https://vimeo.com/1191669262,https://www.youtube.com/watch?v=TC5yF_9DcuA,[object Object]
Midlantic May Two-Year-Olds in Training (2026),2026-05-19,545,DK B/,F,GREAT NOTION,TALKIN SMACK,NOT FOR LOVE,CARY FROMMER LLC AGENT,R.L. GRAHAM AGENT FOR DENISHEEN STABLE,150000,,04/01/2024,MD,A-B,,,https://vimeo.com/1191734261,https://www.youtube.com/watch?v=3rcOK4bWiKM,[object Object]
Midlantic May Two-Year-Olds in Training (2026),2026-05-19,546,B,C,WAR OF WILL,TALLYMOOR,DEHERE,CARDOZO BROTHERS,SERGIO GOMEZ,5000,,03/30/2024,KY,K,,,,https://www.youtube.com/watch?v=XzpapRw92dY,[object Object]
Midlantic May Two-Year-Olds in Training (2026),2026-05-19,547,CH,F,GOLDEN PAL,TAP TIL DAWN,TAPIT,KINGS EQUINE AGENT,OUT,0,,03/01/2024,KY,H,,,https://vimeo.com/1192035311,https://www.youtube.com/watch?v=replFTLu3yI,[object Object]
Midlantic May Two-Year-Olds in Training (2026),2026-05-19,548,GR/RO,C,JACK CHRISTOPHER,TAPITRY,TAPIT,CALIENTE THOROUGHBREDS AGENT,KIM VALERIO AGENT MAINLINE RACING,100000,,05/14/2024,KY,TENT,,,https://youtu.be/jOWzoCArdbI?si=Xkx3Sdf6hHYLgIpe,https://www.youtube.com/watch?v=8NF2W_QcD3Y,[object Object]
Midlantic May Two-Year-Olds in Training (2026),2026-05-19,549,DK B/,F,OLYMPIAD,TAPPED,TAPIT,HOPPEL LLC AGENT II,G. PRECIADO,65000,,02/26/2024,KY,I,,,https://vimeo.com/1191914220,https://www.youtube.com/watch?v=oweGUc8G2Yw,[object Object]
Midlantic May Two-Year-Olds in Training (2026),2026-05-19,550,DK B/,C,EARLY VOTING,TASTE'S CLASSYLADY,AFLEET ALEX,TOM MCCROCKLIN AGENT,NADIR KHASSANOV,25000,,04/14/2024,NY,D-E,,,https://vimeo.com/1192109091?fl=ip&fe=ec,https://www.youtube.com/watch?v=Z_FFj8WI6zU,[object Object]
Midlantic May Two-Year-Olds in Training (2026),2026-05-19,551,B,F,STREET SENSE,TAYLOR'S SPIRIT,ALGORITHMS,TOM MCCROCKLIN AGENT,OUT,0,,02/15/2024,KY,D-E,,,,,[object Object]
Midlantic May Two-Year-Olds in Training (2026),2026-05-19,552,B,C,NASHVILLE,TEMPLE MOON,TEMPLE CITY,MARGAUX FARM LLC AGENT I,OUT,0,,02/21/2024,KY,I,,,https://vimeo.com/1188527191,,[object Object]
Midlantic May Two-Year-Olds in Training (2026),2026-05-19,553,DK B/,C,MANDALOUN,TENACIOUS TINA,BENCHMARK,DE MERIC SALES AGENT,MARVIN RICHARDS,8000,,05/13/2024,NY,I-J,,,https://vimeo.com/1190513395,https://www.youtube.com/watch?v=H5XJ3pjIX34,[object Object]
Midlantic May Two-Year-Olds in Training (2026),2026-05-19,554,CH,C,OLYMPIAD,TEXAS TIARA,MALIBU MOON,TOM MCCROCKLIN AGENT,HARMASH RACING,85000,,01/31/2024,KY,D-E,,,https://vimeo.com/1191764558,https://www.youtube.com/watch?v=RQPqiSjlcM8,[object Object]
Midlantic May Two-Year-Olds in Training (2026),2026-05-19,555,B,C,GREATEST HONOUR,THATS MY CHOCOLATE,INTO MISCHIEF,PICK VIEW LLC AGENT,LEGION BLOODSTOCK AGENT FOR FRONT PAGE EQUESTRIAN,325000,,03/22/2024,KY,TENT,,,https://vimeo.com/1191669413,https://www.youtube.com/watch?v=PuXn8EmNlHo,[object Object]
Midlantic May Two-Year-Olds in Training (2026),2026-05-19,556,B,F,SPEAKER'S CORNER,THATS OUR PRINCESS,CURLIN,TWO COUSINS TRAINING AND SALES AGENT,TRIN BROOK STABLES,17000,,02/24/2024,KY,B,,,https://vimeo.com/1192217900,https://www.youtube.com/watch?v=mbDKZMN4bo0,[object Object]
Midlantic May Two-Year-Olds in Training (2026),2026-05-19,557,DK B/,C,VEKOMA,THE LAST MEOW,STORM CAT,PICK VIEW LLC AGENT,AUGUSTUS MCRAE,75000,,04/09/2024,IN,TENT,,,https://vimeo.com/1191669278,https://www.youtube.com/watch?v=laak5PDA9-g,[object Object]
Midlantic May Two-Year-Olds in Training (2026),2026-05-19,558,DK B/,C,COMPLEXITY,THICKER THAN WATER,SPEIGHTSTOWN,HOLLY HILL TRAINING CENTER LLC,MICHAEL J GRAMIAK,20000,,05/11/2024,PA,J,,,https://youtu.be/HRYtfxECHdo?si=LIFP1zFEnKXsBuB6,https://www.youtube.com/watch?v=bGM4xFzlwnU,[object Object]
Midlantic May Two-Year-Olds in Training (2026),2026-05-19,560,B,F,INTO MISCHIEF,THREE STRANDS,EMPIRE MAKER,HARTLEY/DE RENZO THOROUGHBREDS AGENT,BILL CHILDS,450000,,05/04/2024,KY,A,,,https://vimeo.com/1189879222,https://www.youtube.com/watch?v=uVYDNelgLW4,[object Object]
Midlantic May Two-Year-Olds in Training (2026),2026-05-19,561,GR/RO,C,FROSTED,THUS,TIZNOW,RANDY MILES AGENT XVII,CHAD SUMMERS AGT.,50000,,03/14/2024,PA,B-C,,,,https://www.youtube.com/watch?v=WmZf3aVRm-w,[object Object]
Midlantic May Two-Year-Olds in Training (2026),2026-05-19,562,B,F,MCKINZIE,TIA RAFAELA,BERNARDINI,JULIE DAVIES LLC AGENT,JEFFREY MACKOR AGENT,87000,,02/10/2024,KY,J-K,,,https://vimeo.com/1191013754,https://www.youtube.com/watch?v=q1DxUl61Wt0,[object Object]
Midlantic May Two-Year-Olds in Training (2026),2026-05-19,563,B,C,BOLT D'ORO,TIMELESS BEAUTY,NEW YEAR'S DAY,CARY FROMMER LLC AGENT,NOT SOLD,72000,,04/25/2024,NY,A-B,,,https://vimeo.com/1191539409,https://www.youtube.com/watch?v=eiBUMVa4gRg,[object Object]
Midlantic May Two-Year-Olds in Training (2026),2026-05-19,564,B,C,OMAHA BEACH,TITLE WINNER,TIZ WONDERFUL,CRANE THOROUGHBRED SERVICES AGENT,H RAY ASHFORD,35000,,01/19/2024,KY,C-D,,,,https://www.youtube.com/watch?v=kItgaxKzRQA,[object Object]
Midlantic May Two-Year-Olds in Training (2026),2026-05-19,565,B,F,MIND CONTROL,TIZ EMILY AND JILL,TIZ WONDERFUL,TWELVE TOES LLC AGENT,BIG RUN STABLES LLC,12000,,02/02/2024,NY,G,,,,https://www.youtube.com/watch?v=J9O2ZCevkmE,[object Object]
Midlantic May Two-Year-Olds in Training (2026),2026-05-19,566,GR/RO,F,CORNICHE,TIZLEGAL,TIZNOW,WAVERTREE STABLES INC. (CIARAN DUNNE) AGENT V,THREE DIAMONDS FARM,35000,,03/05/2024,KY,TENT,,,https://vimeo.com/1190555726,https://www.youtube.com/watch?v=7m5LJcf39wU,[object Object]
Midlantic May Two-Year-Olds in Training (2026),2026-05-19,568,B,C,JACKIE'S WARRIOR,TONAL VISION,TONALIST,GOLDEN ROCK THOROUGHBREDS LLC AGENT,ERIC LONG,150000,,02/15/2024,KY,D,,,,https://www.youtube.com/watch?v=xJYVOaMXmYg,[object Object]
Midlantic May Two-Year-Olds in Training (2026),2026-05-19,569,B,F,AMERICAN PHAROAH,TONAPITA,TONALIST,SCANLON TRAINING & SALES AGENT (DISPERSAL OF REPOSSESSED HORSES),AMANDA GILLMAN AGENT FOR EGL-ONE AND LUCKY HAT,200000,,03/30/2024,KY,TENT,,,https://vimeo.com/1190241998,https://www.youtube.com/watch?v=_mJufJ2Eczw,[object Object]
Midlantic May Two-Year-Olds in Training (2026),2026-05-19,570,B,F,JUSTIFY,TOP QUALITY,QUALITY ROAD,RANDY MILES AGENT I,OUT,0,,04/26/2024,KY,B-C,,,,,[object Object]
Midlantic May Two-Year-Olds in Training (2026),2026-05-19,571,CH,C,CORNICHE,TOPANGA CANYON,LORD NELSON,MARGAUX FARM LLC AGENT,OUT,0,,02/11/2024,KY,I,,,https://vimeo.com/1188536538,,[object Object]
Midlantic May Two-Year-Olds in Training (2026),2026-05-19,572,B,F,ARMY MULE,TOUCH OF EMMA,MIDAS TOUCH (GB),SHANE T. MEYERS,OUT,0,,02/17/2024,KY,A,,,,,[object Object]
Midlantic May Two-Year-Olds in Training (2026),2026-05-19,573,DK B/,C,CLOUD COMPUTING,TRUE CHICK,YES IT'S TRUE,MIKELLE FARM AGENT,OUT,0,,04/30/2024,MD,OUT,,,,,[object Object]
Midlantic May Two-Year-Olds in Training (2026),2026-05-19,574,DK B/,F,BLAME,TRUE EGYPTIAN,PIONEEROF THE NILE,BRYAN FORD TRAINING STABLE AGENT,NEWELL THOROUGHBREDS LTD,67000,,02/28/2024,KY,G,,,https://vimeo.com/1190809010?fl=ip&fe=ec,https://www.youtube.com/watch?v=E1SjdzxWNsA,[object Object]
Midlantic May Two-Year-Olds in Training (2026),2026-05-19,575,B,F,UPSTART,TURTLE TRAX,CAIRO PRINCE,TOM MCCROCKLIN AGENT,OUT,0,,02/14/2024,KY,D-E,,,https://vimeo.com/1192105542?fl=ip&fe=ec,https://www.youtube.com/watch?v=58_bINs22uo,[object Object]
Midlantic May Two-Year-Olds in Training (2026),2026-05-19,576,DK B/,C,MACLEAN'S MUSIC,TWIRLING LIZ,TWIRLING CANDY,PAUL SHARP AGENT V,OUT,0,,03/17/2024,KY,J-K,,,,,[object Object]
Midlantic May Two-Year-Olds in Training (2026),2026-05-19,577,B,C,FROSTED,UNSHAKABLE U,BODEMEISTER,DE MERIC SALES AGENT,OUT,0,,02/28/2024,VA,I-J,,,,,[object Object]
Midlantic May Two-Year-Olds in Training (2026),2026-05-19,578,DK B/,F,VEKOMA,UNTAKEN,NOONMARK,CARY FROMMER LLC AGENT,HARMASH RACING,185000,,02/16/2024,NY,A-B,,,https://vimeo.com/1191734407,https://www.youtube.com/watch?v=ZwML_Qtn7LA,[object Object]
Midlantic May Two-Year-Olds in Training (2026),2026-05-19,579,B,C,UNCLE MO,UNTOUCHED TALENT,STORM CAT,TOP LINE SALES LLC AGENT VI,OUT,0,,02/08/2024,KY,E-F,,,https://vimeo.com/1191589152,https://www.youtube.com/watch?v=w_0v2LN-0zU,[object Object]
Midlantic May Two-Year-Olds in Training (2026),2026-05-19,580,B,F,UNCLE MO,VACCINE OF HOPE,PIONEEROF THE NILE,TWO COUSINS TRAINING AND SALES AGENT,CASE CLAY THOROUGHBRED MANAGEMENT,300000,,02/27/2024,KY,B,,,https://youtu.be/eT8fSjpDr44?si=Tq1XmEqxrrT6a_Po,https://www.youtube.com/watch?v=f1UCE5cRLMU,[object Object]
Midlantic May Two-Year-Olds in Training (2026),2026-05-19,581,DK B/,C,JACKIE'S WARRIOR,VAGABOND PRINCESS,PURE PRIZE,CAMELOT ACRES RACING & SALES AGENT,CASE CLAY THOROUGHBRED MANAGEMENT,750000,,04/19/2024,KY,A,,,https://vimeo.com/1191295516,https://www.youtube.com/watch?v=WztC1ht3oE4,[object Object]
Midlantic May Two-Year-Olds in Training (2026),2026-05-19,582,B,C,JACK CHRISTOPHER,VALENTINES ROMANCE,ARCH,SEQUEL AGENT IV,JORDAN ABRAMS,13000,,03/14/2024,NY,H,,,https://vimeo.com/1190205879,https://www.youtube.com/watch?v=OLCZ4cXpxEA,[object Object]
Midlantic May Two-Year-Olds in Training (2026),2026-05-19,583,B,C,INTO MISCHIEF,VERDANA BOLD,RAHY,LUCAN BLOODSTOCK (KARL KEEGAN) AGENT II,CASE CLAY THOROUGHBRED MANAGEMENT,750000,,01/24/2024,KY,J,,,https://youtu.be/_oB-mUbSMoI,https://www.youtube.com/watch?v=fFiFIutzN5E,[object Object]
Midlantic May Two-Year-Olds in Training (2026),2026-05-19,584,B,C,SILVER STATE,VERNA LEA,SUPER SAVER,MARSHALL W. SILVERMAN AGENT,MENS GRILLE RACING,45000,,02/28/2024,KY,F,,,https://vimeo.com/1188809284,https://www.youtube.com/watch?v=iaAlm7yZ5as,[object Object]
Midlantic May Two-Year-Olds in Training (2026),2026-05-19,585,GR/RO,F,JACKIE'S WARRIOR,VERSAILLES SONG,UNBRIDLED'S SONG,OMAR RAMIREZ BLOODSTOCK AGENT,NPZ RACING AGENT,110000,,03/29/2024,KY,K,,,https://vimeo.com/1191355868,https://www.youtube.com/watch?v=TTvYBYBnW1Q,[object Object]
Midlantic May Two-Year-Olds in Training (2026),2026-05-19,586,B,C,KING FOR A DAY,VERY ACCOMPLISHED,BORREGO,LUCAN BLOODSTOCK (KARL KEEGAN) AGENT XIV,MARK REID BLOODSTOCK,100000,,03/02/2024,NY,J,,,https://youtu.be/rwVnP7yJhtc,https://www.youtube.com/watch?v=l19QusbGdM0,[object Object]
Midlantic May Two-Year-Olds in Training (2026),2026-05-19,587,GR/RO,C,PRACTICAL JOKE,VESPER LYND,HENNY HUGHES,GOLDEN ROCK THOROUGHBREDS LLC AGENT,STORMY STABLES LLC,30000,,05/05/2024,NY,D,,,,https://www.youtube.com/watch?v=D1ITqB3hFA0,[object Object]
Midlantic May Two-Year-Olds in Training (2026),2026-05-19,588,GR/RO,F,TWIRLING CANDY,VICARIOUSLY,GIANT'S CAUSEWAY,JVC TRAINING AND SALES AGENT,OUT,0,,02/27/2024,KY,F-G,,,,,[object Object]
Midlantic May Two-Year-Olds in Training (2026),2026-05-19,589,DK B/,C,UNCLE MO,VICTORY PARTY,YANKEE VICTOR,TOP LINE SALES LLC AGENT XIII,BLUEBLOOD RACING,300000,,04/11/2024,KY,E-F,,,https://vimeo.com/1191588995,https://www.youtube.com/watch?v=Zu8r313Ihpc,[object Object]
Midlantic May Two-Year-Olds in Training (2026),2026-05-19,590,DK B/,C,MAXFIELD,VICTORY RALLY,JUMP START,CARY FROMMER LLC AGENT,NOT SOLD,85000,,03/22/2024,MD,A-B,,,https://vimeo.com/1191539411,https://www.youtube.com/watch?v=li4rGB0adOo,[object Object]
Midlantic May Two-Year-Olds in Training (2026),2026-05-19,592,B,C,MANDALOUN,VIOLENT WONDER,VIOLENCE,TOP LINE SALES LLC AGENT VI,KING OF THE GIPSY BS,225000,,04/13/2024,KY,E-F,,,https://vimeo.com/1191589231,https://www.youtube.com/watch?v=6lyHRP3wkMw,[object Object]
Midlantic May Two-Year-Olds in Training (2026),2026-05-19,593,B,F,PINEHURST,VOW SAVER,SUPER SAVER,SBM TRAINING AND SALES AGENT,POINDEXTER THOROUGHBREDS,40000,,03/24/2024,KY,K-L,,,https://vimeo.com/1190735270,https://www.youtube.com/watch?v=w8BQQwJDk2Q,[object Object]
Midlantic May Two-Year-Olds in Training (2026),2026-05-19,594,B,F,MITOLE,STONEFACTOR,THE FACTOR,HOPPEL LLC AGENT VIII,JASON RICHEY,65000,,04/14/2024,NY,I,,,https://vimeo.com/1191392922,https://www.youtube.com/watch?v=49fR3SOxmMY,[object Object]
Midlantic May Two-Year-Olds in Training (2026),2026-05-19,595,DK B/,F,NOT THIS TIME,BOLD BREANNA,ARCH,JULIE DAVIES LLC AGENT,OUT,0,,02/26/2024,KY,J-K,,,https://vimeo.com/1191913464,https://www.youtube.com/watch?v=aJsyHvqtcqY,[object Object]
Midlantic May Two-Year-Olds in Training (2026),2026-05-19,596,DK B/,C,OLYMPIAD,CRY HALLELUJAH,STREET CRY (IRE),NIALL BRENNAN STABLES AGENT XIII,CORIE ANDERSON AGENT,45000,,05/12/2024,KY,J-K,,,https://youtu.be/pRos35vxf1k,https://www.youtube.com/watch?v=e-ufywquOh8,[object Object]
Midlantic May Two-Year-Olds in Training (2026),2026-05-19,597,B,C,MAXFIELD,FROZAY ALL DAY,FROSTED,RANDY MILES AGENT I,TAPROOT BLOODSTOCK AGENT,310000,,04/17/2024,KY,B-C,,,https://youtu.be/rEDqXbMmrwI,https://www.youtube.com/watch?v=g_Zgy7E4t0M,[object Object]
Midlantic May Two-Year-Olds in Training (2026),2026-05-19,598,CH,C,TAPIT,HARD CLOTH,HARD SPUN,SBM TRAINING AND SALES AGENT,BHUPAT SEEMAR FOR DEREK PASSANT,250000,,05/16/2024,KY,K-L,,,https://vimeo.com/1190903489,https://www.youtube.com/watch?v=I6Yql44vzGU,[object Object]
Midlantic May Two-Year-Olds in Training (2026),2026-05-19,599,B,C,TAPIT,HONEY I'M GOOD,SHACKLEFORD,CALIENTE THOROUGHBREDS AGENT,NOT SOLD,185000,,05/04/2024,KY,TENT,,,https://youtu.be/ByZBJY_WHc0,https://www.youtube.com/watch?v=D1JbfoC9tGU,[object Object]
Midlantic May Two-Year-Olds in Training (2026),2026-05-19,600,DK B/,F,CORNICHE,HOT ROOTS,INDIAN CHARLIE,SBM TRAINING AND SALES AGENT,OUT,0,,04/09/2024,KY,K-L,,,https://vimeo.com/1190735354,https://www.youtube.com/watch?v=m2Mt-esrheo,[object Object]
Midlantic May Two-Year-Olds in Training (2026),2026-05-19,601,DK B/,C,CORNICHE,I'LL TAKE THE CAKE,NOBIZ LIKE SHOBIZ,JULIE DAVIES LLC AGENT,HARMASH RACING,70000,,03/30/2024,KY,J-K,,,https://vimeo.com/1191913465,https://www.youtube.com/watch?v=bka31zAivlo,[object Object]
Midlantic May Two-Year-Olds in Training (2026),2026-05-19,602,DK B/,C,CURLIN,IM A DIXIE GIRL,DIXIE UNION,SCANLON TRAINING & SALES AGENT XII,OUT,0,,02/19/2024,KY,TENT,,,,,[object Object]
Midlantic May Two-Year-Olds in Training (2026),2026-05-19,603,B,F,CORNICHE,LOGIC OF ABSURDITY,BODEMEISTER,SCANLON TRAINING & SALES AGENT XIII,CASE CLAY THOROUGHBRED MANAGEMENT,200000,,03/24/2024,MD,TENT,,,https://vimeo.com/1190578744,https://www.youtube.com/watch?v=dhuXjzva3Pc,[object Object]
Midlantic May Two-Year-Olds in Training (2026),2026-05-19,604,GR/RO,F,YAUPON,MISCHIEF GALORE,INTO MISCHIEF,JULIE DAVIES LLC AGENT,OUT,0,,04/14/2024,FL,J-K,,,https://vimeo.com/1191913463,https://www.youtube.com/watch?v=y9Wr829X-Jw,[object Object]
Midlantic May Two-Year-Olds in Training (2026),2026-05-19,605,B,F,CONSTITUTION,ONE FOR SURE,TIZNOW,CALIENTE THOROUGHBREDS AGENT,CASE CLAY THOROUGHBRED MANAGEMENT,500000,,04/18/2024,KY,TENT,,,,https://www.youtube.com/watch?v=27Uxhm4XnNI,[object Object]
Midlantic May Two-Year-Olds in Training (2026),2026-05-19,606,GR/RO,F,BOLT D'ORO,ROMAN LASSIE,LIAM'S MAP,GOLDEN ROCK THOROUGHBREDS LLC AGENT,OUT,0,,03/14/2024,KY,D,,,,,[object Object]
Midlantic May Two-Year-Olds in Training (2026),2026-05-19,607,B,F,PRACTICAL JOKE,SABINOS PRIDE,LIAM'S MAP,COLIN BRENNAN BLOODSTOCK AT HIGHLANDER TRAINING CENTER AGENT I,NOT SOLD,15000,,03/19/2024,KY,K,,,https://youtu.be/-hEwbVEDB1Y,https://www.youtube.com/watch?v=mVvgfwWTWVo,[object Object]
Midlantic May Two-Year-Olds in Training (2026),2026-05-19,608,B,C,MANDALOUN,SHE BE STRIKING (GB),SMART STRIKE,COLIN BRENNAN BLOODSTOCK AT HIGHLANDER TRAINING CENTER AGENT I,CHAD SUMMERS AGT.,90000,,03/03/2024,KY,K,,,https://youtu.be/ArbFGLhnuvU,https://www.youtube.com/watch?v=gZht5aXPUbg,[object Object]
Midlantic May Two-Year-Olds in Training (2026),2026-05-19,609,B,C,JUSTIFY,SKY DREAMER,SKY MESA,WAVERTREE STABLES INC. (CIARAN DUNNE) AGENT III,OUT,0,,03/18/2024,KY,TENT,,,,,[object Object]
Midlantic May Two-Year-Olds in Training (2026),2026-05-19,610,B,C,GOLDEN PAL,STARLUNA,INTO MISCHIEF,JULIE DAVIES LLC AGENT,MENS GRILLE RACING,70000,,04/11/2024,KY,J-K,,,https://vimeo.com/1191913482,https://www.youtube.com/watch?v=oJtWPoJsMvo,[object Object]
Midlantic May Two-Year-Olds in Training (2026),2026-05-19,611,DK B/,F,HIGHLY MOTIVATED,SWEETNSOUR KITTY,LEMON DROP KID,OMAR RAMIREZ BLOODSTOCK AGENT,NOT SOLD,375000,,04/11/2024,KY,K,,,https://vimeo.com/1191371148,https://www.youtube.com/watch?v=AQH5KRlDCNA,[object Object]
Midlantic May Two-Year-Olds in Training (2026),2026-05-19,612,B,C,MANDALOUN,TABOO,FORESTRY,OMAR RAMIREZ BLOODSTOCK AGENT,SOUTHERN SPRINGS STABLES,70000,,05/04/2024,KY,K,,,https://vimeo.com/1191355864,https://www.youtube.com/watch?v=U894GxhLHiY,[object Object]
Midlantic May Two-Year-Olds in Training (2026),2026-05-19,613,B,F,ARMY MULE,TIZ HEAVEN,TIZDEJAVU,JULIE DAVIES LLC AGENT,MILK RIVER RACING,350000,,04/21/2024,KY,J-K,,,https://vimeo.com/1191913575,https://www.youtube.com/watch?v=2e31751eFeY,[object Object]
Midlantic May Two-Year-Olds in Training (2026),2026-05-19,614,CH,C,VEKOMA,TYRA RED,RED GIANT,RANDY MILES AGENT I,OUT,0,,04/08/2024,KY,B-C,,,https://youtu.be/ioQDD3VtC88,https://www.youtube.com/watch?v=bm-5vhJRbkM,[object Object]
Midlantic May Two-Year-Olds in Training (2026),2026-05-19,615,B,C,GIRVIN,USRAH,TIZNOW,SBM TRAINING AND SALES AGENT,TAPROOT FOR TEAM PENNEY,140000,,03/24/2024,KY,K-L,,,https://vimeo.com/1190903548,https://www.youtube.com/watch?v=4FL2RpgzqGo,[object Object]
Midlantic May Two-Year-Olds in Training (2026),2026-05-19,616,B,C,PRACTICAL JOKE,KISS THEORY,STREET SENSE,HOPPEL LLC AGENT VII,NOT SOLD,110000,,02/03/2024,KY,I,,,https://vimeo.com/1191913687,https://www.youtube.com/watch?v=ErsSA-RReFI,[object Object]
Midlantic May Two-Year-Olds in Training (2026),2026-05-19,617,GR/RO,F,NASHVILLE,FIFTYPLUSTIP,THE FACTOR,KINGS EQUINE AGENT,THE ELKSTONE GROUP,60000,,02/15/2024,NY,H,,,https://vimeo.com/1192035386,https://www.youtube.com/watch?v=Ns7JYFTH1ig,[object Object]
Midlantic May Two-Year-Olds in Training (2026),2026-05-19,618,GR/RO,C,LIAM'S MAP,INDYGITA,INDYGO SHINER,KINGS EQUINE AGENT,OUT,0,,03/19/2024,KY,H,,,https://vimeo.com/1192035777,https://www.youtube.com/watch?v=hSg-gxgmVPo,[object Object]
Midlantic May Two-Year-Olds in Training (2026),2026-05-19,619,B,F,MANDALOUN,MAYBELLENE,LOOKIN AT LUCKY,KINGS EQUINE AGENT,NICK J. HINES AGENT FOR MARK STANTON,200000,,04/25/2024,KY,H,,,https://vimeo.com/1192035469,https://www.youtube.com/watch?v=QQhDaiDgtmE,[object Object]
