SALE TITLE,SESSION,HIP,COLOR,NAME,SEX,SIRE,DAM,SIRE OF DAM,PROPERTY LINE,PURCHASER,PRICE,PRIVATE SALE,YEAR OF BIRTH,FOALED,BARN,COVER DATE,CONSIGNOR NAME,SOLD AS DESCRIPTION,VIRTUAL INSPECTION
Midlantic Fall Yearlings (2017),2017-10-02,1,GRR,,C,WINCHILL,ONLY ME,RUNAWAY GROOM,BECKY DAVIS INC. AGENT,PEWTER STABLE LLC,4500,,2016-03-28,PENNSYLVANIA,B-C,,BECKY DAVIS INC. AGENT,,
Midlantic Fall Yearlings (2017),2017-10-02,2,B,,C,FLASHBACK,ONOTA,STRONG HOPE,DAREN ENGLISH & CATHY BETTS AGENT,JOSEPH IMBESI,30000,,2016-02-10,NEW YORK,K,,DAREN ENGLISH & CATHY BETTS AGENT,,
Midlantic Fall Yearlings (2017),2017-10-02,3,B,,F,ORIENTATE,OTHERWISE PERFECT,LEMON DROP KID,BECKY DAVIS INC. AGENT,JAH RACING,27000,,2016-05-16,MARYLAND,B-C,,BECKY DAVIS INC. AGENT,,
Midlantic Fall Yearlings (2017),2017-10-02,4,B,,F,BLAME,OUR IRISH LASSIE'S,YES IT'S TRUE,STUART MORRIS AGENT FOR HIGHCLERE AND SPRINGTOWN SHOW STABLE,NOT SOLD,27000,,2016-03-27,KENTUCKY,I-J,,STUART MORRIS AGENT FOR HIGHCLERE AND SPRINGTOWN SHOW STABLE,,
Midlantic Fall Yearlings (2017),2017-10-02,5,CH,,F,D' FUNNYBONE,OUR MARY ELIZABETH,CITY ZIP,VINERY SALES AGENT II,OUT,0,,2016-03-16,NEW YORK,I,,VINERY SALES AGENT II,,
Midlantic Fall Yearlings (2017),2017-10-02,6,B,,G,DUBLIN,OVEREXTENDED (FR),ENTREPRENEUR (GB),MCMAHON OF SARATOGA THOROUGHBREDS LLC AGENT,JOHN STAHLIN,10000,,2016-02-27,NEW YORK,K,,MCMAHON OF SARATOGA THOROUGHBREDS LLC AGENT,,
Midlantic Fall Yearlings (2017),2017-10-02,7,DKB,,C,STROLL,OVERLOOK,ROARING FEVER,CANDYLAND AGENT III,CYNTHIA REESE,15000,,2016-04-27,MARYLAND,J-K,,CANDYLAND AGENT III,,
Midlantic Fall Yearlings (2017),2017-10-02,8,B,,G,CREATIVE CAUSE,OVERTIME BELLE,EVEN THE SCORE,MORGAN'S FORD FARM,ALEXANDRA WHITE,14000,,2016-03-27,KENTUCKY,I,,MORGAN'S FORD FARM,,
Midlantic Fall Yearlings (2017),2017-10-02,9,DKB,DEL'S BEAUTY,F,SEVILLE (GER),PACIFIC ISLAND,GRAND SLAM,MARSHALL W. SILVERMAN AGENT FOR ELIZABETH B. BARR,WENDY UHACZ,4500,,2016-04-08,PENNSYLVANIA,J-K,,MARSHALL W. SILVERMAN AGENT FOR ELIZABETH B. BARR,,
Midlantic Fall Yearlings (2017),2017-10-02,10,CH,,C,KITTEN'S JOY,PACIFIC TRAIL,GRAND SLAM,STUART MORRIS AGENT,THREE DIAMONDS FARM,15000,Y,2016-04-12,KENTUCKY,I-J,,STUART MORRIS AGENT,,
Midlantic Fall Yearlings (2017),2017-10-02,11,CH,,C,BANDBOX,PAM'SSUMMERWIND,RODEO,BILL REIGHTLER AGENT,JOSEPH BESECKER,9000,,2016-05-09,MARYLAND,I-J,,BILL REIGHTLER AGENT,,
Midlantic Fall Yearlings (2017),2017-10-02,12,DKB,,C,STREET SENSE,PAST AS PRELUDE,BERNARDINI,BECKY DAVIS INC. AGENT,OUT,0,,2016-04-18,MARYLAND,B-C,,BECKY DAVIS INC. AGENT,,
Midlantic Fall Yearlings (2017),2017-10-02,13,DKB,,F,GOLDENCENTS,PAST DUE,DEVIL HIS DUE,MARSHALL W. SILVERMAN AGENT,NOT SOLD,18000,,2016-03-10,KENTUCKY,J-K,,MARSHALL W. SILVERMAN AGENT,,
Midlantic Fall Yearlings (2017),2017-10-02,14,B,ROCK RABBIT,G,ROCK SLIDE,PASTEL,AMERICAN CHANCE,SHAMROCK FARM AGENT FOR STEVEN HINDS,HELEN POLINGER,15000,,2016-04-26,MARYLAND,I,,SHAMROCK FARM AGENT FOR STEVEN HINDS,,
Midlantic Fall Yearlings (2017),2017-10-02,15,CH,SLAP JACK WILLY,C,HONORABLE DILLON,PATEL,SKIP AWAY,NORTHVIEW STALLION STATION (DAVID WADE) AGENT FOR JOE M. THOMSON,FRANKLIN D BENNETT,1500,,2016-05-02,NEW YORK,C-D,,NORTHVIEW STALLION STATION (DAVID WADE) AGENT FOR JOE M. THOMSON,,
Midlantic Fall Yearlings (2017),2017-10-02,16,GRR,,F,CROSS TRAFFIC,PATIENTOFTHEHEART,LION HEART,STUART MORRIS AGENT,NOT SOLD,12000,,2016-03-18,KENTUCKY,I-J,,STUART MORRIS AGENT,,
Midlantic Fall Yearlings (2017),2017-10-02,17,DKB,,C,POSEIDON'S WARRIOR,PEACETIME MISSY,PEACE RULES,WALNUT HILL STABLE LLC AGENT FOR PORTER RACING STABLE LLC,NOT SOLD,4000,,2016-03-20,FLORIDA,E,,WALNUT HILL STABLE LLC AGENT FOR PORTER RACING STABLE LLC,,
Midlantic Fall Yearlings (2017),2017-10-02,18,DKB,,F,WINCHILL,PEACHES,CANDY RIDE (ARG),BECKY DAVIS INC. AGENT,PETER SHINDEL,6000,,2016-04-07,PENNSYLVANIA,B-C,,BECKY DAVIS INC. AGENT,,
Midlantic Fall Yearlings (2017),2017-10-02,19,B,,C,SEVILLE (GER),PEARLY BEACH,TIZNOW,BECKY DAVIS INC. AGENT FOR GLENANGUS FARM LLC,FRANKLIN D BENNETT,3500,,2016-03-22,MARYLAND,B-C,,BECKY DAVIS INC. AGENT FOR GLENANGUS FARM LLC,,
Midlantic Fall Yearlings (2017),2017-10-02,20,B,,C,LIAISON,PEGASTORM,FUSAICHI PEGASUS,TONYA JURGENS AGENT,NOT SOLD,19000,,2016-03-29,KENTUCKY,H,,TONYA JURGENS AGENT,,
Midlantic Fall Yearlings (2017),2017-10-02,21,B,,F,HE'S HAD ENOUGH,PERFECT LOVER,NOT FOR LOVE,SARATOGA GLEN FARM LLC AGENT,EISAMAN EQUINE,20000,,2016-01-24,NEW YORK,G,,SARATOGA GLEN FARM LLC AGENT,,
Midlantic Fall Yearlings (2017),2017-10-02,22,CH,,F,MACLEAN'S MUSIC,PERFECTLY AWESOME,AWESOME AGAIN,STUART MORRIS AGENT,NOT SOLD,27000,,2016-01-21,MARYLAND,I-J,,STUART MORRIS AGENT,,
Midlantic Fall Yearlings (2017),2017-10-02,23,B,,C,LINE OF DAVID,PERFECT PLEASURE,APTITUDE,FORBUSH FARM,NOT SOLD,9500,,2016-03-14,KENTUCKY,L,,FORBUSH FARM,,
Midlantic Fall Yearlings (2017),2017-10-02,24,GRR,,F,TRITAP,PERVERSE,DISTORTED HUMOR,BECKY DAVIS INC. AGENT,EISAMAN EQUINE,25000,,2016-04-17,MARYLAND,B-C,,BECKY DAVIS INC. AGENT,,
Midlantic Fall Yearlings (2017),2017-10-02,25,CH,,C,POWER BROKER,PHYLLIS SASSY GIRL,CONCERTO,SALLY THOMAS AGENT,ROD MCVEY,50000,,2016-02-05,NEW YORK,B,,SALLY THOMAS AGENT,,
Midlantic Fall Yearlings (2017),2017-10-02,26,B,,F,TIZWAY,PIANO BAR,CARSON CITY,CHANCELAND FARM AGENT,HILLWOOD STABLE LLC,120000,,2016-04-06,MARYLAND,A-B,,CHANCELAND FARM AGENT,,
Midlantic Fall Yearlings (2017),2017-10-02,27,DKB,,C,CAL NATION,PILGRIMS TRAIL,ORATORY,MARSHALL W. SILVERMAN AGENT,JOHN SALZMAN JR,5000,,2016-02-21,MARYLAND,J-K,,MARSHALL W. SILVERMAN AGENT,,
Midlantic Fall Yearlings (2017),2017-10-02,28,B,,F,BODEMEISTER,PINK CHAMPAGNE,AWESOME AGAIN,AUDLEY FARM EQUINE,SALLUSTO & ALBINA AGENT FOR NEWTOWN ANNER,140000,,2016-02-28,VIRGINIA,I,,AUDLEY FARM EQUINE,,
Midlantic Fall Yearlings (2017),2017-10-02,29,B,,C,GIO PONTI,PINK CORAL (IRE),SADLER'S WELLS,BECKY DAVIS INC. AGENT,EISAMAN EQUINE,19000,,2016-04-16,MARYLAND,B-C,,BECKY DAVIS INC. AGENT,,
Midlantic Fall Yearlings (2017),2017-10-02,30,DKB,PINK NOTION,F,GREAT NOTION,PINK SAND,SKY MESA,HUNT RIDGE STABLES,JOHN SALZMAN SR,13000,,2016-02-17,MARYLAND,D,,HUNT RIDGE STABLES,,
Midlantic Fall Yearlings (2017),2017-10-02,31,B,,F,SUPER NINETY NINE,PLATINUM MINE,MEMO (CHI),BILL REIGHTLER AGENT FOR SPENDTHRIFT FARM LLC,EISAMAN EQUINE,25000,,2016-04-22,MARYLAND,I-J,,BILL REIGHTLER AGENT FOR SPENDTHRIFT FARM LLC,,
Midlantic Fall Yearlings (2017),2017-10-02,32,B,PLAYING SMART,F,SMART BID,PLAYINGINTHEBAND,ELTISH,HARRY L. LANDRY BLOODSTOCK LLC AGENT,NOT SOLD,2500,,2016-03-31,NEW YORK,D-E,,HARRY L. LANDRY BLOODSTOCK LLC AGENT,,
Midlantic Fall Yearlings (2017),2017-10-02,33,B,,C,DISCREET CAT,PLEASANT PASTURES,VALLEY CROSSING,GRACIE BLOODSTOCK AGENT,ROLAND REELEY JR,17000,,2016-04-27,PENNSYLVANIA,E-F,,GRACIE BLOODSTOCK AGENT,,
Midlantic Fall Yearlings (2017),2017-10-02,34,DKB,,F,GEMOLOGIST,PLEASUREVILLE MISS,CHAPEL ROYAL,BECKY MERKEL AGENT,NOT SOLD,9000,,2016-05-10,KENTUCKY,K-L,,BECKY MERKEL AGENT,,
Midlantic Fall Yearlings (2017),2017-10-02,35,B,,C,BODEMEISTER,PLUM,PURE PRIZE,DARK HOLLOW FARM AGENT X,CARY FROMMER,125000,,2016-03-28,MARYLAND,A,,DARK HOLLOW FARM AGENT X,,
Midlantic Fall Yearlings (2017),2017-10-02,36,B,,F,WEIGELIA,POLAR MISS,HOUSEBUSTER,WYNOAKS FARM LLC AGENT,NOT SOLD,40000,,2016-04-06,PENNSYLVANIA,K,,WYNOAKS FARM LLC AGENT,,
Midlantic Fall Yearlings (2017),2017-10-02,37,B,,C,SEVILLE (GER),POP DITTY'S GIRL,AFLEET ALEX,BECKY DAVIS INC. AGENT,NOT SOLD,9000,,2016-04-15,MARYLAND,B-C,,BECKY DAVIS INC. AGENT,,
Midlantic Fall Yearlings (2017),2017-10-02,38,B,,F,FLATTER,POPEYE'S LADY,FOREST WILDCAT,DARK HOLLOW FARM AGENT X,HERBERT W KUSHNER,70000,,2016-03-22,MARYLAND,A,,DARK HOLLOW FARM AGENT X,,
Midlantic Fall Yearlings (2017),2017-10-02,39,DKB,SHANGHAI ZEUS,C,SHANGHAI BOBBY,POULTNEY,EDDINGTON,SALLY THOMAS AGENT FOR CORDELIA STABLES,EISAMAN EQUINE,75000,,2016-03-25,MARYLAND,B,,SALLY THOMAS AGENT FOR CORDELIA STABLES,,
Midlantic Fall Yearlings (2017),2017-10-02,40,B,,F,TIZWAY,POWHATAN PRINCESS,INDIAN CHARLIE,NORTHVIEW STALLION STATION (DAVID WADE) AGENT,CASH IS KING,25000,,2016-03-23,PENNSYLVANIA,C-D,,NORTHVIEW STALLION STATION (DAVID WADE) AGENT,,
Midlantic Fall Yearlings (2017),2017-10-02,41,GRR,,G,JUMP START,PRETTY CATTY,ALLEN'S PROSPECT,BILL REIGHTLER AGENT FOR MANTUA FARM,NOT SOLD,7500,,2016-03-12,MARYLAND,I-J,,BILL REIGHTLER AGENT FOR MANTUA FARM,,
Midlantic Fall Yearlings (2017),2017-10-02,42,DKB,,F,BELLAMY ROAD,PRINCESS LEGACY,SAINT BALLADO,GRACIE BLOODSTOCK AGENT,C AND C STABLES LLC,23000,,2016-03-28,PENNSYLVANIA,E-F,,GRACIE BLOODSTOCK AGENT,,
Midlantic Fall Yearlings (2017),2017-10-02,43,DKB,,F,SKY MESA,PRISCILLA MARIE,BUSTIN STONES,CHANCELAND FARM AGENT,NOT SOLD,24000,,2016-04-25,MARYLAND,A-B,,CHANCELAND FARM AGENT,,
Midlantic Fall Yearlings (2017),2017-10-02,44,CH,,F,POSSE,PRIVATE MERGER,CONSOLIDATOR,FORT CHRISTOPHER'S THOROUGHBREDS LLC AGENT,KINGSPORT FARM,12000,,2016-02-27,NEW YORK,I-J,,FORT CHRISTOPHER'S THOROUGHBREDS LLC AGENT,,
Midlantic Fall Yearlings (2017),2017-10-02,46,CH,,F,SHACKLEFORD,PROFIT GIRL,GENERAL MEETING,TAKARO FARM,GRASSROOTS TRN & SALES LLC,20000,,2016-05-11,WEST VIRGINIA,C,,TAKARO FARM,,
Midlantic Fall Yearlings (2017),2017-10-02,47,B,,F,TIZWAY,PROMENADE LANE,WOODMAN,SHAMROCK FARM AGENT,ALLEN M GARST,5000,,2016-02-12,MARYLAND,I,,SHAMROCK FARM AGENT,,
Midlantic Fall Yearlings (2017),2017-10-02,48,B,GEMS MINESHAFT RVF,C,GEMOLOGIST,PULL IT OFF,MINESHAFT,GRACIE BLOODSTOCK AGENT FOR RIVERVIEW FARMS,NOT SOLD,7000,,2016-04-09,KENTUCKY,E-F,,GRACIE BLOODSTOCK AGENT FOR RIVERVIEW FARMS,,
Midlantic Fall Yearlings (2017),2017-10-02,49,CH,,C,MUNNINGS,QUEEN MERCURY,LANGFUHR,STUART MORRIS AGENT,GRASSROOTS TRN & SALES LLC,25000,,2016-04-21,KENTUCKY,I-J,,STUART MORRIS AGENT,,
Midlantic Fall Yearlings (2017),2017-10-02,50,DKB,,C,TRAPPE SHOT,QUEEN OF GREEN,DISTORTED HUMOR,GRACIE BLOODSTOCK AGENT,NOT SOLD,29000,,2016-05-08,KENTUCKY,E-F,,GRACIE BLOODSTOCK AGENT,,
Midlantic Fall Yearlings (2017),2017-10-02,51,DKB,REINA DE CARAMELO,F,TWIRLING CANDY,QUEEN'S HARBOR,MIZZEN MAST,FORT CHRISTOPHER'S THOROUGHBREDS LLC AGENT,OUT,0,,2016-03-29,NEW YORK,I-J,,FORT CHRISTOPHER'S THOROUGHBREDS LLC AGENT,,
Midlantic Fall Yearlings (2017),2017-10-02,52,B,,F,INCLUDE,QUEENS PLAZA,FORESTRY,MORGAN'S FORD FARM,KARL PERGOLA,47000,,2016-05-13,VIRGINIA,I,,MORGAN'S FORD FARM,,
Midlantic Fall Yearlings (2017),2017-10-02,53,DKB,,F,TALE OF THE CAT,QUEEN'S WOOD,TIZNOW,STUART MORRIS AGENT,NOT SOLD,65000,,2016-02-29,KENTUCKY,I-J,,STUART MORRIS AGENT,,
Midlantic Fall Yearlings (2017),2017-10-02,54,B,,C,LINE OF DAVID,QUIET DINERO,REAL QUIET,MARSHALL W. SILVERMAN AGENT,OUT,0,,2016-04-11,MARYLAND,J-K,,MARSHALL W. SILVERMAN AGENT,,
Midlantic Fall Yearlings (2017),2017-10-02,55,CH,GIANT WARRIOR RVF,C,MAJESTIC WARRIOR,QUINTELA (GB),GIANT'S CAUSEWAY,GRACIE BLOODSTOCK AGENT FOR RIVERVIEW FARMS,NOT SOLD,9000,,2016-03-29,KENTUCKY,E-F,,GRACIE BLOODSTOCK AGENT FOR RIVERVIEW FARMS,,
Midlantic Fall Yearlings (2017),2017-10-02,56,DKB,,F,AFLEET ALEX,RAGIN CAJUN,EL CORREDOR,BLAKE-ALBINA THOROUGHBRED SERVICES LLC AGENT,NOT SOLD,17000,,2016-05-04,NEW YORK,J-K,,BLAKE-ALBINA THOROUGHBRED SERVICES LLC AGENT,,
Midlantic Fall Yearlings (2017),2017-10-02,57,CH,,C,YES IT'S TRUE,RAGING DIVA,CORINTHIAN,MCMAHON OF SARATOGA THOROUGHBREDS LLC AGENT,OUT,0,,2016-04-03,NEW YORK,K,,MCMAHON OF SARATOGA THOROUGHBREDS LLC AGENT,,
Midlantic Fall Yearlings (2017),2017-10-02,58,CH,,C,POINT OF ENTRY,RAHY CONNECTION,RAHY,CHILLY BLEAK FARM AGENT,GRASSROOTS TRN & SALES LLC,12000,,2016-05-17,VIRGINIA,G,,CHILLY BLEAK FARM AGENT,,
Midlantic Fall Yearlings (2017),2017-10-02,59,B,,F,SEVILLE (GER),RAP AND DANCE,PLEASANT TAP,BILL REIGHTLER AGENT FOR S. BRUCE SMART,CEASAR NAMBO,5000,,2016-02-06,MARYLAND,I-J,,BILL REIGHTLER AGENT FOR S. BRUCE SMART,,
Midlantic Fall Yearlings (2017),2017-10-02,60,B,TOMBOY TUFF,F,WEIGELIA,RED BANK ROBIN,INDIAN OCEAN,WYNOAKS FARM LLC AGENT,FRANKLIN D BENNETT,4500,,2016-02-20,PENNSYLVANIA,K,,WYNOAKS FARM LLC AGENT,,
Midlantic Fall Yearlings (2017),2017-10-02,61,B,,C,GOLDENCENTS,RED CONSTITUTION,BERNARDINI,FOGGY BOTTOM FARM AGENT,RENPHER STABLES,5000,,2016-04-16,NEW YORK,L,,FOGGY BOTTOM FARM AGENT,,
Midlantic Fall Yearlings (2017),2017-10-02,62,B,UNCONQUERED SPIRIT,C,SMART BID,RED HOT JAZZ,SMOOTH JAZZ,RUNNER'S DREAM FARM INC.,NOT SOLD,40000,,2016-04-03,NEW YORK,H,,RUNNER'S DREAM FARM INC.,,
Midlantic Fall Yearlings (2017),2017-10-02,63,B,,C,TAPIZAR,RED'S ROUND TABLE,CUVEE,DARK HOLLOW FARM AGENT X,HELEN POLINGER,23000,,2016-03-04,MARYLAND,A,,DARK HOLLOW FARM AGENT X,,
Midlantic Fall Yearlings (2017),2017-10-02,64,CH,GOOD GUY,C,ORIENTATE,RED VALENTINE,DEHERE,THORNMAR,EISAMAN EQUINE,52000,,2016-04-17,MARYLAND,I,,THORNMAR,,
Midlantic Fall Yearlings (2017),2017-10-02,65,DKB,,F,SHAKIN IT UP,REGIME,EMPIRE MAKER,BILL REIGHTLER AGENT FOR SPENDTHRIFT FARM LLC,MARY K HAIRE,14000,,2016-03-26,NEW YORK,I-J,,BILL REIGHTLER AGENT FOR SPENDTHRIFT FARM LLC,,
Midlantic Fall Yearlings (2017),2017-10-02,66,B,,F,UNCLE MO,RESTLESS ANGEL,FUSAICHI PEGASUS,CANDYLAND AGENT XV,NOT SOLD,47000,,2016-02-06,KENTUCKY,J-K,,CANDYLAND AGENT XV,,
Midlantic Fall Yearlings (2017),2017-10-02,67,CH,,F,NOBLE MISSION (GB),REVOCABLE,STREET CRY (IRE),CHANCELAND FARM AGENT,LUIS FRANCO,3000,,2016-04-17,MARYLAND,A-B,,CHANCELAND FARM AGENT,,
Midlantic Fall Yearlings (2017),2017-10-02,68,DKB,,F,SHANGHAI BOBBY,RHOME MAGIC,MAGIC CAT,MEADOWLARK VALLEY SALES AGENT,OUT,0,,2016-04-28,PENNSYLVANIA,E,,MEADOWLARK VALLEY SALES AGENT,,
Midlantic Fall Yearlings (2017),2017-10-02,69,B,,C,BROKEN VOW,RICHETTA,POLISH NUMBERS,BECKY DAVIS INC. AGENT FOR GLENANGUS FARM LLC,OUT,0,,2016-04-19,MARYLAND,B-C,,BECKY DAVIS INC. AGENT FOR GLENANGUS FARM LLC,,
Midlantic Fall Yearlings (2017),2017-10-02,70,DKB,,C,ORIENTATE,RIVETING,PETIONVILLE,MARSHALL W. SILVERMAN AGENT FOR FOXHARBOR FARM,ANTHONY PECORARO AGENT,7500,,2016-04-06,MARYLAND,J-K,,MARSHALL W. SILVERMAN AGENT FOR FOXHARBOR FARM,,
Midlantic Fall Yearlings (2017),2017-10-02,71,GRR,,F,MISSION IMPAZIBLE,RIVIERA CHIC,MEDAGLIA D'ORO,WOODFORD THOROUGHBREDS AGENT,OUT,0,,2016-05-18,NEW YORK,A,,WOODFORD THOROUGHBREDS AGENT,,
Midlantic Fall Yearlings (2017),2017-10-02,72,DKB,,F,FREEDOM CHILD,ROCK HALL HONEY,CUVEE,MCMAHON OF SARATOGA THOROUGHBREDS LLC AGENT,OUT,0,,2016-02-15,NEW YORK,K,,MCMAHON OF SARATOGA THOROUGHBREDS LLC AGENT,,
Midlantic Fall Yearlings (2017),2017-10-02,73,B,,F,WARRIOR'S REWARD,RODEO'SBEENSPOTTED,RODEO,BECKY DAVIS INC. AGENT,GARY SCIACCA AGENT,46000,,2016-04-04,NEW YORK,B-C,,BECKY DAVIS INC. AGENT,,
Midlantic Fall Yearlings (2017),2017-10-02,75,B,,C,BUSTIN STONES,ROMAN RENEGADE,ROMAN RULER,CANDYLAND AGENT VIII,NOT SOLD,24000,,2016-02-12,NEW YORK,J-K,,CANDYLAND AGENT VIII,,
Midlantic Fall Yearlings (2017),2017-10-02,76,DKB,,F,BODEMEISTER,ROSE OF HARLAN,HARLAN'S HOLIDAY,BECKY MERKEL AGENT,PATRICK HOPPEL,23000,,2016-03-19,NEW YORK,K-L,,BECKY MERKEL AGENT,,
Midlantic Fall Yearlings (2017),2017-10-02,77,B,SHEZA HEARTTHROB,F,MACLEAN'S MUSIC,ROWDY WOMAN,FASTNESS (IRE),BILL REIGHTLER AGENT,CARY FROMMER,135000,,2016-04-22,WEST VIRGINIA,I-J,,BILL REIGHTLER AGENT,,
Midlantic Fall Yearlings (2017),2017-10-02,78,B,ALPHA QUEST R V F,C,ALPHA,ROYAL DISCOVERY,ALLEN'S PROSPECT,GRACIE BLOODSTOCK AGENT FOR RIVERVIEW FARMS,JOHN SALZMAN SR,2000,,2016-04-01,FLORIDA,E-F,,GRACIE BLOODSTOCK AGENT FOR RIVERVIEW FARMS,,
Midlantic Fall Yearlings (2017),2017-10-02,79,DKB,,F,PAYNTER,ROYAL RHIANNON,BROKEN VOW,NORTHVIEW STALLION STATION (DAVID WADE) AGENT,NOT SOLD,22000,,2016-01-30,NEW YORK,C-D,,NORTHVIEW STALLION STATION (DAVID WADE) AGENT,,
Midlantic Fall Yearlings (2017),2017-10-02,80,CH,,C,POSSE,ROYAL'S LASS,SMARTY JONES,DAREN ENGLISH & CATHY BETTS AGENT,NOT SOLD,29000,,2016-03-07,NEW YORK,K,,DAREN ENGLISH & CATHY BETTS AGENT,,
Midlantic Fall Yearlings (2017),2017-10-02,81,DKB,,F,HOLD ME BACK,RUBY MONDAY,E DUBAI,MARSHALL W. SILVERMAN AGENT,OUT,0,,2016-04-14,PENNSYLVANIA,J-K,,MARSHALL W. SILVERMAN AGENT,,
Midlantic Fall Yearlings (2017),2017-10-02,82,B,,F,ASTROLOGY,RUN CAT RUN,SIR CAT,MARSHALL W. SILVERMAN AGENT I,HORSECO BLOODSTOCK AGENT FOR RON POTTS,8500,,2016-03-05,PENNSYLVANIA,J-K,,MARSHALL W. SILVERMAN AGENT I,,
Midlantic Fall Yearlings (2017),2017-10-02,83,B,,C,BIRDSTONE,SABEEB,LABEEB (GB),BECKY DAVIS INC. AGENT,HARRY WEISLEDER,15000,,2016-06-04,KENTUCKY,B-C,,BECKY DAVIS INC. AGENT,,
Midlantic Fall Yearlings (2017),2017-10-02,84,DKB,,C,LINE OF DAVID,SADLER'S SARAH,WAYNE COUNTY (IRE),BILL REIGHTLER AGENT FOR CAROL KAYE/JEANNE BAKER/JAMES BOYCE,NOT SOLD,4500,,2016-04-09,MARYLAND,I-J,,BILL REIGHTLER AGENT FOR CAROL KAYE/JEANNE BAKER/JAMES BOYCE,,
Midlantic Fall Yearlings (2017),2017-10-02,85,DKB,QUICK MAN,C,CAN THE MAN,SAINT DINORAH,ST AVERIL,SALLY THOMAS AGENT FOR CAROL KAYE,NOT SOLD,3500,,2016-03-25,MARYLAND,B,,SALLY THOMAS AGENT FOR CAROL KAYE,,
Midlantic Fall Yearlings (2017),2017-10-02,86,DKB,LILAH MAE,F,WILLCOX INN,SALDANHA,CAPE TOWN,RUNNER'S DREAM FARM INC.,PETER SHINDEL,4500,,2016-03-05,PENNSYLVANIA,H,,RUNNER'S DREAM FARM INC.,,
Midlantic Fall Yearlings (2017),2017-10-02,87,DKB,,C,SOARING EMPIRE,SALTY LITTLE SIS,CHIEF SEATTLE,SETH GREGORY BLOODSTOCK AGENT,OUT,0,,2016-02-22,NEW YORK,H,,SETH GREGORY BLOODSTOCK AGENT,,
Midlantic Fall Yearlings (2017),2017-10-02,88,CH,,F,TALENT SEARCH,SARATOGA MISS,ELUSIVE QUALITY,BECKY MERKEL AGENT,OUT,0,,2016-02-28,PENNSYLVANIA,K-L,,BECKY MERKEL AGENT,,
Midlantic Fall Yearlings (2017),2017-10-02,89,B,,G,HEY CHUB,SASSY BROAD,ARCH,GRACIE BLOODSTOCK AGENT FOR JOE-DAN FARM INC.,ROBERT KRANGEL,9500,,2016-03-09,NEW JERSEY,E-F,,GRACIE BLOODSTOCK AGENT FOR JOE-DAN FARM INC.,,
Midlantic Fall Yearlings (2017),2017-10-02,90,B,,C,CAIRO PRINCE,SASSY MOLLY,MINESHAFT,NORTHVIEW STALLION STATION (DAVID WADE) AGENT,CARY FROMMER,27000,Y,2016-03-15,KENTUCKY,C-D,,NORTHVIEW STALLION STATION (DAVID WADE) AGENT,,
Midlantic Fall Yearlings (2017),2017-10-02,91,DKB,FLIRTATION WALK,F,OUTFLANKER,SAUCY COUNTESS,TABASCO CAT,SHAMROCK FARM AGENT,BIRD MOBBERLEY LLC,15000,,2016-02-26,MARYLAND,I,,SHAMROCK FARM AGENT,,
Midlantic Fall Yearlings (2017),2017-10-02,92,B,,C,SHAKIN IT UP,SAVANNAH HARBOR,ROCKPORT HARBOR,C & S THOROUGHBRED SALES AGENT,ARON YAGODA,32000,,2016-04-11,NEW YORK,G,,C & S THOROUGHBRED SALES AGENT,,
Midlantic Fall Yearlings (2017),2017-10-02,93,B,,C,FRIESAN FIRE,SAVVY GIRL,VALID EXPECTATIONS,BILL REIGHTLER AGENT,NOT SOLD,14000,,2016-04-04,PENNSYLVANIA,I-J,,BILL REIGHTLER AGENT,,
Midlantic Fall Yearlings (2017),2017-10-02,94,CH,,C,VIOLENCE,SECOND MARRIAGE,NOT FOR LOVE,BECKY MERKEL AGENT,THREE DIAMONDS FARM,47000,,2016-03-15,NEW YORK,K-L,,BECKY MERKEL AGENT,,
Midlantic Fall Yearlings (2017),2017-10-02,95,B,,F,CAN THE MAN,SECRET FOREST,FORESTRY,GRACIE BLOODSTOCK AGENT,RICHARD H BOSSHARD JR,10000,,2016-04-14,PENNSYLVANIA,E-F,,GRACIE BLOODSTOCK AGENT,,
Midlantic Fall Yearlings (2017),2017-10-02,96,CH,,F,STREET MAGICIAN,SENSIBLE SHOES,SONGANDAPRAYER,CANDYLAND AGENT II,DEWAYNE C JOHNSON,2000,,2016-04-29,MARYLAND,J-K,,CANDYLAND AGENT II,,
Midlantic Fall Yearlings (2017),2017-10-02,97,B,POSSES ROSE,F,POSSE,SHAFT IN PLACE,MINESHAFT,SARATOGA GLEN FARM LLC AGENT,OUT,0,,2016-03-12,NEW YORK,G,,SARATOGA GLEN FARM LLC AGENT,,
Midlantic Fall Yearlings (2017),2017-10-02,98,GRR,,F,HONORABLE DILLON,SHE GETS IT,CLOSING ARGUMENT,FORT CHRISTOPHER'S THOROUGHBREDS LLC AGENT,SPIDERMAN,10500,,2016-03-26,NEW YORK,I-J,,FORT CHRISTOPHER'S THOROUGHBREDS LLC AGENT,,
Midlantic Fall Yearlings (2017),2017-10-02,99,CH,,F,INCLUDE,SHE RAISED THE BAR,DIVINE PARK,TONYA JURGENS AGENT,JOE IOWA & S PINA J J CRUPI AGENT,30000,,2016-04-24,KENTUCKY,H,,TONYA JURGENS AGENT,,
Midlantic Fall Yearlings (2017),2017-10-02,100,CH,,C,POWER BROKER,SHE'S HOT STUFF,NOT FOR LOVE,THORNMAR AGENT,GRASSROOTS TRN & SALES LLC,10000,,2016-03-14,PENNSYLVANIA,I,,THORNMAR AGENT,,
Midlantic Fall Yearlings (2017),2017-10-02,101,DKB,,F,TAKE CHARGE INDY,SHE'S READY MADE,MORE THAN READY,BLAKE-ALBINA THOROUGHBRED SERVICES LLC AGENT,NOT SOLD,75000,,2016-02-08,NEW YORK,J-K,,BLAKE-ALBINA THOROUGHBRED SERVICES LLC AGENT,,
Midlantic Fall Yearlings (2017),2017-10-02,102,B,,F,GREAT NOTION,SHE'S SCARY,CONGRATS,BECKY DAVIS INC. AGENT,OUT,0,,2016-04-11,MARYLAND,B-C,,BECKY DAVIS INC. AGENT,,
Midlantic Fall Yearlings (2017),2017-10-02,103,B,,C,TO HONOR AND SERVE,SHE'S STRIKING,SMART STRIKE,GRACIE BLOODSTOCK AGENT,NOT SOLD,6500,,2016-03-10,KENTUCKY,E-F,,GRACIE BLOODSTOCK AGENT,,
Midlantic Fall Yearlings (2017),2017-10-02,104,GRR,,C,TRAPPE SHOT,SHOCKING BEHAVIOR,EL PRADO (IRE),BLAKE-ALBINA THOROUGHBRED SERVICES LLC AGENT,JOSEPH IMBESI,20000,,2016-02-18,NEW YORK,J-K,,BLAKE-ALBINA THOROUGHBRED SERVICES LLC AGENT,,
Midlantic Fall Yearlings (2017),2017-10-02,105,B,,C,CROSS TRAFFIC,SHOTGUN PERSUASION,STEPHEN GOT EVEN,DAREN ENGLISH & CATHY BETTS AGENT,EISAMAN EQUINE,97000,,2016-02-29,KENTUCKY,K,,DAREN ENGLISH & CATHY BETTS AGENT,,
Midlantic Fall Yearlings (2017),2017-10-02,106,B,WHIRLAWAY R V F,C,HAT TRICK (JPN),SILKENTOWN,SPEIGHTSTOWN,GRACIE BLOODSTOCK AGENT FOR RIVERVIEW FARMS,OUT,0,,2016-03-30,FLORIDA,E-F,,GRACIE BLOODSTOCK AGENT FOR RIVERVIEW FARMS,,
Midlantic Fall Yearlings (2017),2017-10-02,107,CH,SHUX R V F,C,ESKENDEREYA,SILKY LACE,BERNARDINI,GRACIE BLOODSTOCK AGENT FOR RIVERVIEW FARMS,CHRIS MELTON,8000,Y,2016-04-20,PENNSYLVANIA,E-F,,GRACIE BLOODSTOCK AGENT FOR RIVERVIEW FARMS,,
Midlantic Fall Yearlings (2017),2017-10-02,108,B,,F,TAPIZAR,SILVER ASHLEE,RED BULLET,DARK HOLLOW FARM AGENT X,TIMOTHY A BURR,5500,,2016-02-17,MARYLAND,A,,DARK HOLLOW FARM AGENT X,,
Midlantic Fall Yearlings (2017),2017-10-02,109,B,,F,UNCLE MO,SILVER HEART,LION HEARTED,CANDYLAND AGENT VI,SPIDERMAN,40000,,2016-02-13,VIRGINIA,J-K,,CANDYLAND AGENT VI,,
Midlantic Fall Yearlings (2017),2017-10-02,110,B,,F,CURRENCY SWAP,SILVISLIP,FORESTRY,FORT CHRISTOPHER'S THOROUGHBREDS LLC AGENT,NOT SOLD,1000,,2016-05-22,NEW YORK,I-J,,FORT CHRISTOPHER'S THOROUGHBREDS LLC AGENT,,
Midlantic Fall Yearlings (2017),2017-10-02,111,B,GRANPA'S GRAYSON,C,WILLCOX INN,SIMMERETTE,EL PRADO (IRE),RUNNER'S DREAM FARM INC.,NOT SOLD,5500,,2016-04-14,NEW YORK,H,,RUNNER'S DREAM FARM INC.,,
Midlantic Fall Yearlings (2017),2017-10-02,112,DKB,,C,TWIRLING CANDY,SINCLAIR,DESERT WARRIOR,P.J. ARNOLD BLOODSTOCK LLC AGENT,OUT,0,,2016-05-09,NEW YORK,F,,P.J. ARNOLD BLOODSTOCK LLC AGENT,,
Midlantic Fall Yearlings (2017),2017-10-02,113,B,,C,INTO MISCHIEF,SISTER BABY,LORD AVIE,BARBAZON RACING & BLOODSTOCK LLC,NOT SOLD,65000,,2016-04-28,NEW YORK,H,,BARBAZON RACING & BLOODSTOCK LLC,,
Midlantic Fall Yearlings (2017),2017-10-02,114,GRR,,C,AMERICAN LION,SIXY CHIC,SARATOGA SIX,DM PERFORMANCE HORSES LLC,ANTHONY PECORARO AGENT,5000,,2016-04-06,KENTUCKY,G,,DM PERFORMANCE HORSES LLC,,
Midlantic Fall Yearlings (2017),2017-10-02,115,B,,C,DANCE WITH RAVENS,SKYLER'S RAINBOW,EXPLOIT,P.J. ARNOLD BLOODSTOCK LLC AGENT FOR JELLICOE CREEK LLC,NOT SOLD,5000,,2016-05-08,MARYLAND,F,,P.J. ARNOLD BLOODSTOCK LLC AGENT FOR JELLICOE CREEK LLC,,
Midlantic Fall Yearlings (2017),2017-10-02,116,CH,,F,HAYNESFIELD,SKY SKIER,SKY MESA,GRACIE BLOODSTOCK AGENT,BILL W BENSON DVM,1500,,2016-03-17,KENTUCKY,E-F,,GRACIE BLOODSTOCK AGENT,,
Midlantic Fall Yearlings (2017),2017-10-02,117,DKB,,C,FREEDOM CHILD,SKY'S LEGACY,DIXIE UNION,CHANCELAND FARM AGENT FOR LUCAS RACING INC.,NOT SOLD,20000,,2016-02-04,MARYLAND,A-B,,CHANCELAND FARM AGENT FOR LUCAS RACING INC.,,
Midlantic Fall Yearlings (2017),2017-10-02,118,GRR,REBID,F,TRITAP,SLAM BID,GRAND SLAM,BILL REIGHTLER AGENT FOR MANTUA FARM,THOMAS NASH,9000,,2016-02-11,MARYLAND,I-J,,BILL REIGHTLER AGENT FOR MANTUA FARM,,
Midlantic Fall Yearlings (2017),2017-10-02,119,B,,F,LOOKIN AT LUCKY,SLOW AND STEADY,MALIBU MOON,CANDYLAND AGENT XX,SPRINGHOUSE FARM,175000,,2016-02-07,MARYLAND,J-K,,CANDYLAND AGENT XX,,
Midlantic Fall Yearlings (2017),2017-10-02,120,GRR,MISS JIMMY,F,COLONEL JOHN,SMART EYES,MIDAS EYES,FOGGY BOTTOM FARM AGENT,NOT SOLD,6000,,2016-03-13,NEW YORK,L,,FOGGY BOTTOM FARM AGENT,,
Midlantic Fall Yearlings (2017),2017-10-02,121,B,,F,TIZWAY,SMARTLEE AWAY,SKIP AWAY,DARBY DAN FARM AGENT,MICHAEL ANTHONY FERRARO,7500,,2016-02-12,NEW YORK,F-G,,DARBY DAN FARM AGENT,,
Midlantic Fall Yearlings (2017),2017-10-02,122,CH,,F,MUNNINGS,SMART POLICY,SMART STRIKE,SHAMROCK FARM AGENT,CHARLES FELTON,37000,,2016-04-23,MARYLAND,I,,SHAMROCK FARM AGENT,,
Midlantic Fall Yearlings (2017),2017-10-02,123,B,,C,SUPER NINETY NINE,SMASH REVIEW,BATES MOTEL,CHILLY BLEAK FARM AGENT,MICHAEL V PINO,35000,,2016-06-14,MARYLAND,G,,CHILLY BLEAK FARM AGENT,,
Midlantic Fall Yearlings (2017),2017-10-02,124,B,,F,EL PADRINO,SMILESTONE,MIZZEN MAST,NORTHVIEW STALLION STATION (DAVID WADE) AGENT,NOT SOLD,14000,,2016-04-13,PENNSYLVANIA,C-D,,NORTHVIEW STALLION STATION (DAVID WADE) AGENT,,
Midlantic Fall Yearlings (2017),2017-10-02,125,DKB,,C,DISCREETLY MINE,SOBER LIVING,OFFICER,FORT CHRISTOPHER'S THOROUGHBREDS LLC AGENT,OUT,0,,2016-04-13,PENNSYLVANIA,I-J,,FORT CHRISTOPHER'S THOROUGHBREDS LLC AGENT,,
Midlantic Fall Yearlings (2017),2017-10-02,126,B,LITTLE BOY JIM,C,GREAT NOTION,SOFIA AND MIA,TOCCET,GREENMOUNT FARM AGENT,NOT SOLD,4500,,2016-04-03,FLORIDA,G,,GREENMOUNT FARM AGENT,,
Midlantic Fall Yearlings (2017),2017-10-02,127,B,,F,TRITAP,SOMETIMES NOT,GREAT NOTION,STUART MORRIS AGENT,JOSEPH LLOYD,1000,,2016-04-22,PENNSYLVANIA,I-J,,STUART MORRIS AGENT,,
Midlantic Fall Yearlings (2017),2017-10-02,128,B,,C,WARRIOR'S REWARD,SOPHIE'S DESTINY,TWO PUNCH,MARSHALL W. SILVERMAN AGENT I,NOT SOLD,4500,,2016-03-21,PENNSYLVANIA,J-K,,MARSHALL W. SILVERMAN AGENT I,,
Midlantic Fall Yearlings (2017),2017-10-02,129,GRR,,C,BANDBOX,SO SMASHING,TWO PUNCH,NORTHVIEW STALLION STATION (DAVID WADE) AGENT,GRASSROOTS TRN & SALES LLC,20000,,2016-03-01,MARYLAND,C-D,,NORTHVIEW STALLION STATION (DAVID WADE) AGENT,,
Midlantic Fall Yearlings (2017),2017-10-02,130,DKB,,C,WITH DISTINCTION,SPAWNING BROOK,MONTBROOK,WALNUT HILL STABLE LLC AGENT FOR PORTER RACING STABLE LLC,NOT SOLD,4000,,2016-04-16,MARYLAND,E,,WALNUT HILL STABLE LLC AGENT FOR PORTER RACING STABLE LLC,,
Midlantic Fall Yearlings (2017),2017-10-02,131,DKB,,C,ATREIDES,SPEECHIFYING,ACTIVIST,THORNMAR AGENT,NOT SOLD,17000,,2016-05-08,PENNSYLVANIA,I,,THORNMAR AGENT,,
Midlantic Fall Yearlings (2017),2017-10-02,132,B,,C,SEVILLE (GER),SPLIT TALLY,TWO PUNCH,CHANCELAND FARM AGENT,NOT SOLD,14500,,2016-05-11,MARYLAND,A-B,,CHANCELAND FARM AGENT,,
Midlantic Fall Yearlings (2017),2017-10-02,133,DKB,DELTA EXPRESS,G,WEIGELIA,SPUNKY SPARROW,ATTORNEY,WYNOAKS FARM LLC AGENT,WAYNE A DACOSTA,8000,,2016-03-23,PENNSYLVANIA,K,,WYNOAKS FARM LLC AGENT,,
Midlantic Fall Yearlings (2017),2017-10-02,134,CH,,F,SHACKLEFORD,STAND ON TOP,PEAKS AND VALLEYS,SETH GREGORY BLOODSTOCK AGENT,NOT SOLD,4500,,2016-03-21,NEW YORK,H,,SETH GREGORY BLOODSTOCK AGENT,,
Midlantic Fall Yearlings (2017),2017-10-02,135,DKB,,F,ARCHARCHARCH,STEPHENS VISION,STEPHEN GOT EVEN,HUNT RIDGE STABLES,JEANNE MAYBERRY,5500,,2016-03-29,MARYLAND,D,,HUNT RIDGE STABLES,,
Midlantic Fall Yearlings (2017),2017-10-02,136,CH,,F,MISREMEMBERED,STORMY KRISTINE,STORM CREEK,FORBUSH FARM,NOT SOLD,9000,,2016-03-09,KENTUCKY,L,,FORBUSH FARM,,
Midlantic Fall Yearlings (2017),2017-10-02,137,B,FOUR LADY,F,SUPER SAVER,SCORE FOUR,GRAND SLAM,BILL REIGHTLER AGENT,OUT,0,,2016-04-11,KENTUCKY,I-J,,BILL REIGHTLER AGENT,,
Midlantic Fall Yearlings (2017),2017-10-02,138,B,,F,ARCHARCHARCH,STRAWBERRY HALO,SOUTHERN HALO,NORTHVIEW STALLION STATION (DAVID WADE) AGENT,DAVE NEILSON,5200,,2016-04-04,KENTUCKY,C-D,,NORTHVIEW STALLION STATION (DAVID WADE) AGENT,,
Midlantic Fall Yearlings (2017),2017-10-02,139,CH,,F,EL PADRINO,STUTTGART,CHEROKEE RUN,NORTHVIEW STALLION STATION (DAVID WADE) AGENT,SARAH SHARP,30000,,2016-03-26,MARYLAND,C-D,,NORTHVIEW STALLION STATION (DAVID WADE) AGENT,,
Midlantic Fall Yearlings (2017),2017-10-02,140,GRR,,C,SEVILLE (GER),SUDS,HOUSEBUSTER,NORTHVIEW STALLION STATION (DAVID WADE) AGENT,OUT,0,,2016-04-06,MARYLAND,C-D,,NORTHVIEW STALLION STATION (DAVID WADE) AGENT,,
Midlantic Fall Yearlings (2017),2017-10-02,141,B,,C,BIG BROWN,SUMMER MOON,MARIA'S MON,MEADOWLARK VALLEY SALES AGENT,NOT SOLD,1000,,2016-01-30,NEW YORK,E,,MEADOWLARK VALLEY SALES AGENT,,
Midlantic Fall Yearlings (2017),2017-10-02,142,DKB,,C,SUPER NINETY NINE,SUMMER VACATION,DEPUTED TESTAMONY,NORTHVIEW STALLION STATION (DAVID WADE) AGENT,SMITH RACING STABLE,17000,,2016-06-20,MARYLAND,C-D,,NORTHVIEW STALLION STATION (DAVID WADE) AGENT,,
Midlantic Fall Yearlings (2017),2017-10-02,143,DKB,SUMTHINBOUTNICANOR,F,NICANOR,SUM THIN BOUT MARY,VALLEY CROSSING,NORTHVIEW STALLION STATION (DAVID WADE) AGENT FOR BLACK FOX FARM,JOHN SALZMAN JR,5000,,2016-05-12,MARYLAND,C-D,,NORTHVIEW STALLION STATION (DAVID WADE) AGENT FOR BLACK FOX FARM,,
Midlantic Fall Yearlings (2017),2017-10-02,144,B,,F,FRIESAN FIRE,SUNCOAST PARKWAY,QUIET AMERICAN,CHANCELAND FARM AGENT FOR LUCAS RACING INC.,NOT SOLD,5000,,2016-03-19,MARYLAND,A-B,,CHANCELAND FARM AGENT FOR LUCAS RACING INC.,,
Midlantic Fall Yearlings (2017),2017-10-02,145,CH,,C,TALENT SEARCH,SUNDAYS ON THE BAY,DISCO RICO,BECKY MERKEL AGENT,OUT,0,,2016-02-12,PENNSYLVANIA,K-L,,BECKY MERKEL AGENT,,
Midlantic Fall Yearlings (2017),2017-10-02,146,CH,,F,EMCEE,SUN PENNIES,SPEIGHTSTOWN,HARRY L. LANDRY BLOODSTOCK LLC AGENT,JOSE S PALACIOS,2000,,2016-03-25,NEW YORK,D-E,,HARRY L. LANDRY BLOODSTOCK LLC AGENT,,
Midlantic Fall Yearlings (2017),2017-10-02,147,B,TIZ A DATE,F,TIZWAY,SUZY'S MANDATE,FULL MANDATE,FOX TALE (DAWN NEWMAN),NOT SOLD,7000,,2016-04-05,PENNSYLVANIA,L,,FOX TALE (DAWN NEWMAN),,
Midlantic Fall Yearlings (2017),2017-10-02,148,B,DIXIE'S FASCINATOR,F,SEVILLE (GER),SWEAR TO IT,SWEAR BY DIXIE,BILL REIGHTLER AGENT FOR CORNELIA A. GIBSON,DENNIS G HAINES,6000,,2016-03-06,MARYLAND,I-J,,BILL REIGHTLER AGENT FOR CORNELIA A. GIBSON,,
Midlantic Fall Yearlings (2017),2017-10-02,149,DKB,,F,JUMP START,TAANIS,DAYJUR,STUART MORRIS AGENT,NOT SOLD,1000,,2016-05-10,PENNSYLVANIA,I-J,,STUART MORRIS AGENT,,
Midlantic Fall Yearlings (2017),2017-10-02,150,CH,,C,BUSTIN STONES,TABUHA,BUDDHA,SARATOGA GLEN FARM LLC AGENT,NOT SOLD,19000,,2016-02-01,NEW YORK,G,,SARATOGA GLEN FARM LLC AGENT,,
Midlantic Fall Yearlings (2017),2017-10-03,151,CH,,C,FREEDOM CHILD,TACONIC VICTORY,EDDINGTON,BILL REIGHTLER AGENT FOR SPENDTHRIFT FARM LLC,ROBERT S ATKINSON,7500,,2016-05-05,MARYLAND,I-J,,BILL REIGHTLER AGENT FOR SPENDTHRIFT FARM LLC,,
Midlantic Fall Yearlings (2017),2017-10-03,152,CH,,C,SIDNEY'S CANDY,TALE OF A DREAM,TALE OF THE CAT,MARSHALL W. SILVERMAN AGENT,NOT SOLD,11000,,2016-01-27,NEW YORK,J-K,,MARSHALL W. SILVERMAN AGENT,,
Midlantic Fall Yearlings (2017),2017-10-03,153,B,,F,SEVILLE (GER),TANCA,POLISH NUMBERS,CHANCELAND FARM AGENT,NOT SOLD,30000,,2016-03-12,MARYLAND,A-B,,CHANCELAND FARM AGENT,,
Midlantic Fall Yearlings (2017),2017-10-03,154,CH,,C,RED ROCKS (IRE),TARIKA,COZZENE,BILL REIGHTLER AGENT FOR S. BRUCE SMART,NOT SOLD,19000,,2016-04-26,MARYLAND,I-J,,BILL REIGHTLER AGENT FOR S. BRUCE SMART,,
Midlantic Fall Yearlings (2017),2017-10-03,155,DKB,,C,ATREIDES,TASLEY,MR. GREELEY,WOODFORD THOROUGHBREDS AGENT,PHILIP DICOSMO,20000,,2016-03-15,KENTUCKY,A,,WOODFORD THOROUGHBREDS AGENT,,
Midlantic Fall Yearlings (2017),2017-10-03,156,GRR,,C,TAKE CHARGE INDY,TAZMON,MARIA'S MON,FORT CHRISTOPHER'S THOROUGHBREDS LLC AGENT,SPIDERMAN,17000,,2016-05-03,NEW YORK,I-J,,FORT CHRISTOPHER'S THOROUGHBREDS LLC AGENT,,
Midlantic Fall Yearlings (2017),2017-10-03,157,DKB,,C,EL PADRINO,TELL SOME TALES,TALE OF THE CAT,NORTHVIEW STALLION STATION (DAVID WADE) AGENT,MICHAEL J TROMBETTA,17000,,2016-04-25,PENNSYLVANIA,C-D,,NORTHVIEW STALLION STATION (DAVID WADE) AGENT,,
Midlantic Fall Yearlings (2017),2017-10-03,158,DKB,RUNNING ROCKET,C,STREET MAGICIAN,TENACIOUS TRACI,ROCK HARD TEN,BILL REIGHTLER AGENT FOR DR. & MRS. BRUCE C. WELLS,R LARRY JOHNSON,15000,,2016-02-20,MARYLAND,I-J,,BILL REIGHTLER AGENT FOR DR. & MRS. BRUCE C. WELLS,,
Midlantic Fall Yearlings (2017),2017-10-03,159,CH,,C,GIROLAMO,TEN KISSES,KRIS S.,NORTHVIEW STALLION STATION (DAVID WADE) AGENT,CHRIS MELTON,4000,,2016-03-08,MARYLAND,C-D,,NORTHVIEW STALLION STATION (DAVID WADE) AGENT,,
Midlantic Fall Yearlings (2017),2017-10-03,160,B,,F,GIANT'S CAUSEWAY,TEN LEGENDS,ROCK HARD TEN,BECKY MERKEL AGENT,OUT,0,,2016-04-03,NEW YORK,K-L,,BECKY MERKEL AGENT,,
Midlantic Fall Yearlings (2017),2017-10-03,161,DKB,,C,GREAT NOTION,TERMINALLY PRETTY,GIACOMO,CANDYLAND AGENT II,OUT,0,,2016-02-24,MARYLAND,J-K,,CANDYLAND AGENT II,,
Midlantic Fall Yearlings (2017),2017-10-03,162,GRR,,F,WEIGELIA,TERMINKATOR,PRIVATE TERMS,WYNOAKS FARM LLC AGENT,WAYNE A DACOSTA,5000,,2016-01-16,PENNSYLVANIA,K,,WYNOAKS FARM LLC AGENT,,
Midlantic Fall Yearlings (2017),2017-10-03,164,CH,,F,SUPER NINETY NINE,TERUKO,CORONADO'S QUEST,MARSHALL W. SILVERMAN AGENT FOR BAYNE & CHRISTINA WELKER,DEAN PURDOM,47000,,2016-05-22,MARYLAND,J-K,,MARSHALL W. SILVERMAN AGENT FOR BAYNE & CHRISTINA WELKER,,
Midlantic Fall Yearlings (2017),2017-10-03,165,DKB,,C,HEY CHUB,THATHOLEINMYPOCKET,PURE PRIZE,GRACIE BLOODSTOCK AGENT FOR JOE-DAN FARM INC.,DANIEL J LOPEZ,3000,,2016-03-05,PENNSYLVANIA,E-F,,GRACIE BLOODSTOCK AGENT FOR JOE-DAN FARM INC.,,
Midlantic Fall Yearlings (2017),2017-10-03,166,B,WARFRONT PEACE RVF,F,FLAT OUT,THE ADJUDENT,WAR FRONT,GRACIE BLOODSTOCK AGENT FOR RIVERVIEW FARMS,NOT SOLD,9000,,2016-02-13,KENTUCKY,E-F,,GRACIE BLOODSTOCK AGENT FOR RIVERVIEW FARMS,,
Midlantic Fall Yearlings (2017),2017-10-03,167,CH,,C,NICANOR,THE GREAT TYLER,DONERAILE COURT,SHAMROCK FARM AGENT,NOT SOLD,1000,,2016-05-11,MARYLAND,I,,SHAMROCK FARM AGENT,,
Midlantic Fall Yearlings (2017),2017-10-03,168,DKB,,C,JUMP START,THICKET,SUCCESSFUL APPEAL,NORTHVIEW STALLION STATION (DAVID WADE) AGENT,NOT SOLD,17000,,2016-04-02,PENNSYLVANIA,C-D,,NORTHVIEW STALLION STATION (DAVID WADE) AGENT,,
Midlantic Fall Yearlings (2017),2017-10-03,169,B,,F,TRITAP,THREE QUEENS,ALLEN'S PROSPECT,BECKY DAVIS INC. AGENT,HELEN POLINGER,11000,,2016-03-03,MARYLAND,B-C,,BECKY DAVIS INC. AGENT,,
Midlantic Fall Yearlings (2017),2017-10-03,170,CH,,F,POWER BROKER,THUNDER WARMTH,THUNDER GULCH,HARRY L. LANDRY BLOODSTOCK LLC AGENT,OUT,0,,2016-03-30,NEW YORK,D-E,,HARRY L. LANDRY BLOODSTOCK LLC AGENT,,
Midlantic Fall Yearlings (2017),2017-10-03,171,CH,,C,EL PADRINO,TIME TO DREAM,TIME FOR A CHANGE,CANDYLAND AGENT IX,BIRD IN HAND STABLES,10000,,2016-04-20,MARYLAND,J-K,,CANDYLAND AGENT IX,,
Midlantic Fall Yearlings (2017),2017-10-03,172,B,,F,DISCREET CAT,TIME TO ENJOY,DISTORTED HUMOR,WOODFORD THOROUGHBREDS AGENT,ASCENCION STABLE,25000,Y,2016-02-24,KENTUCKY,A,,WOODFORD THOROUGHBREDS AGENT,,
Midlantic Fall Yearlings (2017),2017-10-03,173,B,,F,WILL TAKE CHARGE,TIS ME,NOTEBOOK,MARSHALL W. SILVERMAN AGENT,MADISON RIVER THOROUGHBREDS,150000,,2016-02-15,KENTUCKY,J-K,,MARSHALL W. SILVERMAN AGENT,,
Midlantic Fall Yearlings (2017),2017-10-03,174,DKB,,F,MACLEAN'S MUSIC,TO GIVE,BLUEGRASS CAT,CHANCELAND FARM AGENT,OUT,0,,2016-02-17,MARYLAND,A-B,,CHANCELAND FARM AGENT,,
Midlantic Fall Yearlings (2017),2017-10-03,175,CH,,C,D' FUNNYBONE,TOKEN KITTY,GOLD TOKEN,VINERY SALES AGENT II,WAYNE A DACOSTA,1500,,2016-02-27,NEW YORK,I,,VINERY SALES AGENT II,,
Midlantic Fall Yearlings (2017),2017-10-03,176,B,,C,MAJESTIC WARRIOR,TO THE GOOD TIMES,POLISH NUMBERS,GREENMOUNT FARM AGENT,ROYAL FLUSH RACING,38000,,2016-03-06,KENTUCKY,G,,GREENMOUNT FARM AGENT,,
Midlantic Fall Yearlings (2017),2017-10-03,177,B,,C,STONESIDER,TOUGH HEART,LION HEARTED,FORT CHRISTOPHER'S THOROUGHBREDS LLC AGENT,OUT,0,,2016-04-02,NEW YORK,I-J,,FORT CHRISTOPHER'S THOROUGHBREDS LLC AGENT,,
Midlantic Fall Yearlings (2017),2017-10-03,178,B,,F,JIMMY CREED,TRINI DUBAI,E DUBAI,VINERY SALES AGENT XIV,GRASSROOTS TRN & SALES LLC,10000,,2016-05-11,NEW YORK,I,,VINERY SALES AGENT XIV,,
Midlantic Fall Yearlings (2017),2017-10-03,179,GRR,,F,HONORABLE DILLON,TRY YOUR BEST (TUR),ROYAL ACADEMY,FORT CHRISTOPHER'S THOROUGHBREDS LLC AGENT,NOT SOLD,1000,,2016-02-21,NEW YORK,I-J,,FORT CHRISTOPHER'S THOROUGHBREDS LLC AGENT,,
Midlantic Fall Yearlings (2017),2017-10-03,180,B,,F,SEVILLE (GER),T. SWIFT,TOMAHAWK,BECKY DAVIS INC. AGENT,KINGDOM BLOODSTOCK INC,15000,,2016-03-01,MARYLAND,B-C,,BECKY DAVIS INC. AGENT,,
Midlantic Fall Yearlings (2017),2017-10-03,181,B,,F,CENTRAL BANKER,TURDUCKEN,MARIA'S MON,STUART MORRIS AGENT,NOT SOLD,4500,,2016-03-28,NEW YORK,I-J,,STUART MORRIS AGENT,,
Midlantic Fall Yearlings (2017),2017-10-03,182,B,,C,TAKE CHARGE INDY,TWEET,MEDAGLIA D'ORO,STUART MORRIS AGENT,WEE WILLIE,50000,,2016-05-04,PENNSYLVANIA,I-J,,STUART MORRIS AGENT,,
Midlantic Fall Yearlings (2017),2017-10-03,183,B,,C,GREAT NOTION,TWO COLUMBUS,TWO PUNCH,BECKY DAVIS INC. AGENT,HELEN POLINGER,45000,,2016-01-31,MARYLAND,B-C,,BECKY DAVIS INC. AGENT,,
Midlantic Fall Yearlings (2017),2017-10-03,184,B,,F,TRITAP,TWO EYES,TWO PUNCH,BECKY DAVIS INC. AGENT,BRYAN RICE,12000,,2016-02-16,MARYLAND,B-C,,BECKY DAVIS INC. AGENT,,
Midlantic Fall Yearlings (2017),2017-10-03,185,GRR,,C,BANDBOX,TWO'S COZY,COZZENE,NORTHVIEW STALLION STATION (DAVID WADE) AGENT,WOODBERRY PAYNE AGENT,40000,,2016-03-13,MARYLAND,C-D,,NORTHVIEW STALLION STATION (DAVID WADE) AGENT,,
Midlantic Fall Yearlings (2017),2017-10-03,186,B,,C,SIDNEY'S CANDY,TWO STEP TRUDY,CAPOTE,FORBUSH FARM,JOHN SALZMAN JR,7500,,2016-05-03,KENTUCKY,L,,FORBUSH FARM,,
Midlantic Fall Yearlings (2017),2017-10-03,187,CH,,C,EL PADRINO,UNDISPUTED LEGEND,DOMESTIC DISPUTE,NORTHVIEW STALLION STATION (DAVID WADE) AGENT,CLOVIS CRANE AGENT,26000,,2016-03-20,MARYLAND,C-D,,NORTHVIEW STALLION STATION (DAVID WADE) AGENT,,
Midlantic Fall Yearlings (2017),2017-10-03,188,B,MYKINGDOMFORYOU,F,ANIMAL KINGDOM,UNTILTHEREWASYOU,BIG BROWN,THORNMAR,NOT SOLD,27000,,2016-04-30,MARYLAND,I,,THORNMAR,,
Midlantic Fall Yearlings (2017),2017-10-03,189,DKB,,F,COURAGEOUS CAT,VALID CODE,VALID EXPECTATIONS,FORT CHRISTOPHER'S THOROUGHBREDS LLC AGENT,GINA ROSENTHAL,3500,,2016-01-14,NEW YORK,I-J,,FORT CHRISTOPHER'S THOROUGHBREDS LLC AGENT,,
Midlantic Fall Yearlings (2017),2017-10-03,190,B,,F,OVERANALYZE,VALID TOUCHE,STEPHEN GOT EVEN,HEART HILL FARMS,CRUPI'S NEW CASTLE FARM INC,40000,,2016-02-17,PENNSYLVANIA,L,,HEART HILL FARMS,,
Midlantic Fall Yearlings (2017),2017-10-03,191,DKB,,F,SOLDAT,VILLA D MARIE,MONTBROOK,OLDE PENNSYLVANIA BREEDERS,OUT,0,,2016-05-01,PENNSYLVANIA,B,,OLDE PENNSYLVANIA BREEDERS,,
Midlantic Fall Yearlings (2017),2017-10-03,192,CH,,F,FRIESAN FIRE,WATERFRONT JAZZ,JAZZ CLUB,MARSHALL W. SILVERMAN AGENT,CHRIS MELTON,3000,,2016-03-21,PENNSYLVANIA,J-K,,MARSHALL W. SILVERMAN AGENT,,
Midlantic Fall Yearlings (2017),2017-10-03,193,B,,C,OXBOW,WAY WITH WORDS,SEFAPIANO,CANDYLAND AGENT III,SPIDERMAN,15000,,2016-04-27,NEW YORK,J-K,,CANDYLAND AGENT III,,
Midlantic Fall Yearlings (2017),2017-10-03,194,B,,F,INCLUDE,WEEKEND CONNECTION,PULPIT,BLAKE-ALBINA THOROUGHBRED SERVICES LLC AGENT,DAYBREAK STABLES INC,42000,,2016-02-03,KENTUCKY,J-K,,BLAKE-ALBINA THOROUGHBRED SERVICES LLC AGENT,,
Midlantic Fall Yearlings (2017),2017-10-03,195,CH,,F,EL PADRINO,WEEKENDS FOR LOVE,NOT FOR LOVE,NORTHVIEW STALLION STATION (DAVID WADE) AGENT FOR JAY AR DEE STABLES,JOHN J ROBB,2000,,2016-03-05,PENNSYLVANIA,C-D,,NORTHVIEW STALLION STATION (DAVID WADE) AGENT FOR JAY AR DEE STABLES,,
Midlantic Fall Yearlings (2017),2017-10-03,196,B,ZAHAVA,F,JUMP START,WEEKS,GHAZI,MCMAHON OF SARATOGA THOROUGHBREDS LLC AGENT,RENPHER STABLES,15000,,2016-02-17,PENNSYLVANIA,K,,MCMAHON OF SARATOGA THOROUGHBREDS LLC AGENT,,
Midlantic Fall Yearlings (2017),2017-10-03,197,DKB,,F,COURAGEOUS CAT,WE KEPT HER,VICTORY GALLOP,FORT CHRISTOPHER'S THOROUGHBREDS LLC AGENT,ASSAF RONEN,2000,,2016-03-25,NEW YORK,I-J,,FORT CHRISTOPHER'S THOROUGHBREDS LLC AGENT,,
Midlantic Fall Yearlings (2017),2017-10-03,198,GRR,,C,OLD FASHIONED,WELLSONG,EL PRADO (IRE),P.J. ARNOLD BLOODSTOCK LLC AGENT,R VALENTE J J CRUPI AGENT,31000,,2016-02-17,NEW YORK,F,,P.J. ARNOLD BLOODSTOCK LLC AGENT,,
Midlantic Fall Yearlings (2017),2017-10-03,199,B,,F,FAIRBANKS,WHAT IS NEXT,DEVIL'S BAG,CHANCELAND FARM AGENT,RICHARD VEGA,20000,,2016-03-03,PENNSYLVANIA,A-B,,CHANCELAND FARM AGENT,,
Midlantic Fall Yearlings (2017),2017-10-03,200,GRR,,C,CROSS TRAFFIC,WHEY SAUCE (JPN),KUROFUNE,BILL REIGHTLER AGENT FOR SPENDTHRIFT FARM LLC,EISAMAN EQUINE,25000,,2016-03-07,NEW YORK,I-J,,BILL REIGHTLER AGENT FOR SPENDTHRIFT FARM LLC,,
Midlantic Fall Yearlings (2017),2017-10-03,201,GRR,,F,HEY CHUB,WHITE EYE JULIA I.,TAPIT,GRACIE BLOODSTOCK AGENT FOR JOE-DAN FARM INC.,ANDY SIMOFF,3000,,2016-03-06,PENNSYLVANIA,E-F,,GRACIE BLOODSTOCK AGENT FOR JOE-DAN FARM INC.,,
Midlantic Fall Yearlings (2017),2017-10-03,203,DKB,,F,TRITAP,WHO GOES THERE,STREET MAGICIAN,BECKY DAVIS INC. AGENT,VIRGINIA B YOUNG,5000,Y,2016-02-09,MARYLAND,B-C,,BECKY DAVIS INC. AGENT,,
Midlantic Fall Yearlings (2017),2017-10-03,204,DKB,,C,MUNNINGS,WHO'S IN LOVE,NOT FOR LOVE,NORTHVIEW STALLION STATION (DAVID WADE) AGENT,DBH AGENT,3000,,2016-04-13,MARYLAND,C-D,,NORTHVIEW STALLION STATION (DAVID WADE) AGENT,,
Midlantic Fall Yearlings (2017),2017-10-03,205,DKB,,F,EL PADRINO,WHY YOU,POLISH NUMBERS,NORTHVIEW STALLION STATION (DAVID WADE) AGENT,NOT SOLD,4500,,2016-05-16,MARYLAND,C-D,,NORTHVIEW STALLION STATION (DAVID WADE) AGENT,,
Midlantic Fall Yearlings (2017),2017-10-03,206,B,YOURS COMPLETELY,F,OXBOW,WILD EYED,INDIAN CHARLIE,THORNMAR,CHARLES J ZACNEY,23000,,2016-03-27,MARYLAND,I,,THORNMAR,,
Midlantic Fall Yearlings (2017),2017-10-03,207,B,,F,STAY THIRSTY,WINDS OF CHANGE,MR. GREELEY,CANDYLAND AGENT II,DAVE NEILSON,1500,,2016-05-14,MARYLAND,J-K,,CANDYLAND AGENT II,,
Midlantic Fall Yearlings (2017),2017-10-03,208,DKB,,F,CAIRO PRINCE,WITCH WOMAN,AWESOME AGAIN,OLDE PENNSYLVANIA BREEDERS,SCANLON TRAINING & SALES,80000,,2016-05-15,PENNSYLVANIA,B,,OLDE PENNSYLVANIA BREEDERS,,
Midlantic Fall Yearlings (2017),2017-10-03,209,B,NOBLE ACT,C,MAJESTICPERFECTION,WITHOUT QUESTION,CANADIAN FRONTIER,BARBAZON RACING & BLOODSTOCK LLC AGENT,HARRY WEISLEDER,20000,,2016-01-29,FLORIDA,H,,BARBAZON RACING & BLOODSTOCK LLC AGENT,,
Midlantic Fall Yearlings (2017),2017-10-03,210,B,,C,SEVILLE (GER),WONDEROUS WOMAN,PARTNER'S HERO,BECKY DAVIS INC. AGENT,RANDY MILES,6000,,2016-04-29,MARYLAND,B-C,,BECKY DAVIS INC. AGENT,,
Midlantic Fall Yearlings (2017),2017-10-03,211,GRR,,F,CAIRO PRINCE,YANG N YING,FORESTRY,TONYA JURGENS AGENT,FOOLISH SENTIMENT,20000,,2016-04-26,KENTUCKY,H,,TONYA JURGENS AGENT,,
Midlantic Fall Yearlings (2017),2017-10-03,212,GRR,,C,SEVILLE (GER),YES MY LOVE,SUCCESSFUL APPEAL,ANCHOR & HOPE FARM,OUT,0,,2016-05-04,MARYLAND,F,,ANCHOR & HOPE FARM,,
Midlantic Fall Yearlings (2017),2017-10-03,213,CH,YESTERDAYSPLAN,F,PLAN,YESTERDAYSTOUCH,PIONEERING,NORTHVIEW STALLION STATION (DAVID WADE) AGENT,CEASAR NAMBO,1000,,2016-04-14,MARYLAND,C-D,,NORTHVIEW STALLION STATION (DAVID WADE) AGENT,,
Midlantic Fall Yearlings (2017),2017-10-03,214,B,,C,MAD FLATTER,YOULAND,GREAT NOTION,BECKY MERKEL AGENT,OUT,0,,2016-01-17,PENNSYLVANIA,K-L,,BECKY MERKEL AGENT,,
Midlantic Fall Yearlings (2017),2017-10-03,215,CH,GRAVESTONE,C,BUSTIN STONES,YOUR TIME IS UP,FREUD,DARBY DAN FARM AGENT III,TIM HILLS AGENT,35000,,2016-03-24,NEW YORK,F-G,,DARBY DAN FARM AGENT III,,
Midlantic Fall Yearlings (2017),2017-10-03,216,B,,F,GOLDENCENTS,ACE OF KAY,STRAVINSKY,DARBY DAN FARM AGENT II,NOT SOLD,20000,,2016-04-29,PENNSYLVANIA,F-G,,DARBY DAN FARM AGENT II,,
Midlantic Fall Yearlings (2017),2017-10-03,217,DKB,,F,JUMP START,ACT OF GLORY,HONOUR AND GLORY,GRACIE BLOODSTOCK AGENT FOR BRIGHT VIEW FARM,OUT,0,,2016-04-15,NEW JERSEY,E-F,,GRACIE BLOODSTOCK AGENT FOR BRIGHT VIEW FARM,,
Midlantic Fall Yearlings (2017),2017-10-03,218,DKB,,F,ASTROLOGY,A LADY WITH AN ACE,FIRST SAMURAI,CANDYLAND AGENT XVI,NOT SOLD,9000,,2016-02-20,PENNSYLVANIA,J-K,,CANDYLAND AGENT XVI,,
Midlantic Fall Yearlings (2017),2017-10-03,219,DKB,,F,CROSS TRAFFIC,ALASKA MISS,OFFICER,BECKY MERKEL AGENT,PAM JONES,3000,,2016-02-20,NEW YORK,K-L,,BECKY MERKEL AGENT,,
Midlantic Fall Yearlings (2017),2017-10-03,220,DKB,TAPITTIZER R V F,F,TRITAP,ALL APOLOGIES,MAHOGANY HALL,GRACIE BLOODSTOCK AGENT FOR RIVERVIEW FARMS,NOT SOLD,9500,,2016-04-25,MARYLAND,E-F,,GRACIE BLOODSTOCK AGENT FOR RIVERVIEW FARMS,,
Midlantic Fall Yearlings (2017),2017-10-03,221,B,,C,UNCAPTURED,ALL NIGHT LABOR,DOUBLE HONOR,WALNUT HILL STABLE LLC AGENT FOR PORTER RACING STABLE LLC,STEVE EPLEY JR,15000,Y,2016-02-17,FLORIDA,E,,WALNUT HILL STABLE LLC AGENT FOR PORTER RACING STABLE LLC,,
Midlantic Fall Yearlings (2017),2017-10-03,222,B,,C,SEVILLE (GER),ALL THE WORDS,ALLEN'S PROSPECT,BECKY DAVIS INC. AGENT,SKEEDATTLE ASSOC,15000,,2016-04-15,MARYLAND,B-C,,BECKY DAVIS INC. AGENT,,
Midlantic Fall Yearlings (2017),2017-10-03,223,CH,SUMMER SUN,C,AFLEET ALEX,A LOVE THEME,NOT FOR LOVE,BILL REIGHTLER AGENT FOR DR. & MRS. BRUCE C. WELLS,WAYNE A DACOSTA,8000,,2016-04-21,MARYLAND,I-J,,BILL REIGHTLER AGENT FOR DR. & MRS. BRUCE C. WELLS,,
Midlantic Fall Yearlings (2017),2017-10-03,224,GRR,,F,HONORABLE DILLON,ALS DELIGHT,WAYNE COUNTY (IRE),NORTHVIEW STALLION STATION (DAVID WADE) AGENT,NOT SOLD,2500,,2016-04-10,NEW YORK,C-D,,NORTHVIEW STALLION STATION (DAVID WADE) AGENT,,
Midlantic Fall Yearlings (2017),2017-10-03,225,CH,,F,EL PADRINO,AMIE'S LEGEND,NOT FOR LOVE,NORTHVIEW STALLION STATION (DAVID WADE) AGENT,DEWAYNE C JOHNSON,1500,,2016-04-25,MARYLAND,C-D,,NORTHVIEW STALLION STATION (DAVID WADE) AGENT,,
Midlantic Fall Yearlings (2017),2017-10-03,226,DKB,,F,ALTERNATION,AND STAY OUT,EXCHANGE RATE,WOODFORD THOROUGHBREDS AGENT,OUT,0,,2016-02-19,PENNSYLVANIA,A,,WOODFORD THOROUGHBREDS AGENT,,
Midlantic Fall Yearlings (2017),2017-10-03,227,GRR,,F,PADDY O'PRADO,ANGEL PARK,BLAME,ANCHOR & HOPE FARM AGENT FOR FINN'S NICKEL LLC & COPPER PENNY STABLES,OUT,0,,2016-03-20,MARYLAND,F,,ANCHOR & HOPE FARM AGENT FOR FINN'S NICKEL LLC & COPPER PENNY STABLES,,
Midlantic Fall Yearlings (2017),2017-10-03,228,CH,THATWOULDBEGRAND,C,POWER BROKER,ANOFFICERANDALADY,OFFICER,THORNMAR,STEVEN NEWBY,30000,,2016-02-16,MARYLAND,I,,THORNMAR,,
Midlantic Fall Yearlings (2017),2017-10-03,229,CH,,C,HAYNESFIELD,ANOTHER ALEYNA,OUT OF PLACE,CANDYLAND AGENT XVI,JAGGER INC,12000,,2016-04-16,PENNSYLVANIA,J-K,,CANDYLAND AGENT XVI,,
Midlantic Fall Yearlings (2017),2017-10-03,230,DKB,,F,FLATTER,APPLE CIDER,MORE THAN READY,NORTHVIEW STALLION STATION (DAVID WADE) AGENT,JOHN HALL AGENT FOR ALAN BURKHARD,170000,,2016-03-02,MARYLAND,C-D,,NORTHVIEW STALLION STATION (DAVID WADE) AGENT,,
Midlantic Fall Yearlings (2017),2017-10-03,231,DKB,,F,STAY THIRSTY,ARCING,ARCH,MARSHALL W. SILVERMAN AGENT,WEBB CARROLL TRAINING CENTER,3500,,2016-04-05,KENTUCKY,J-K,,MARSHALL W. SILVERMAN AGENT,,
Midlantic Fall Yearlings (2017),2017-10-03,232,CH,,F,DUBLIN,ARGUABLY,SKY MESA,VINERY SALES AGENT XI,TIMOTHY A BURR,2500,,2016-04-09,NEW YORK,I,,VINERY SALES AGENT XI,,
Midlantic Fall Yearlings (2017),2017-10-03,233,DKB,TESLA'S TURN,F,MR. SIDNEY,ARMOURETTE,RAHY,FORBUSH FARM AGENT I,OUT,0,,2016-02-27,MARYLAND,L,,FORBUSH FARM AGENT I,,
Midlantic Fall Yearlings (2017),2017-10-03,234,DKB,THE FRANCHISE,C,SIDNEY'S CANDY,ASHTON GIRL (IRE),ELNADIM,BILL REIGHTLER AGENT,NOT SOLD,1000,,2016-04-05,PENNSYLVANIA,I-J,,BILL REIGHTLER AGENT,,
Midlantic Fall Yearlings (2017),2017-10-03,235,CH,,C,SUPER NINETY NINE,AS LONG AS ITTAKES,SKY CLASSIC,BILL REIGHTLER AGENT FOR COUNTRY LIFE FARM/AS LONG AS ITTAKES LLC,DEAN PURDOM,45000,,2016-05-31,MARYLAND,I-J,,BILL REIGHTLER AGENT FOR COUNTRY LIFE FARM/AS LONG AS ITTAKES LLC,,
Midlantic Fall Yearlings (2017),2017-10-03,236,B,,C,FRIESAN FIRE,AVANI FORCE,FORESTRY,MARSHALL W. SILVERMAN AGENT,GRASSROOTS TRN & SALES LLC,20000,,2016-01-26,PENNSYLVANIA,J-K,,MARSHALL W. SILVERMAN AGENT,,
Midlantic Fall Yearlings (2017),2017-10-03,237,GRR,,C,HONORABLE DILLON,AWESOME REWARD,GRAND REWARD,FORT CHRISTOPHER'S THOROUGHBREDS LLC AGENT,CARL RAFTER,1000,,2016-04-21,NEW YORK,I-J,,FORT CHRISTOPHER'S THOROUGHBREDS LLC AGENT,,
Midlantic Fall Yearlings (2017),2017-10-03,238,CH,POPULIST TAP R V F,C,RATTLESNAKE BRIDGE,AZTEC SALLY,MEDAGLIA D'ORO,GRACIE BLOODSTOCK AGENT FOR RIVERVIEW FARMS,NOT SOLD,4700,,2016-03-28,KENTUCKY,E-F,,GRACIE BLOODSTOCK AGENT FOR RIVERVIEW FARMS,,
Midlantic Fall Yearlings (2017),2017-10-03,239,B,,F,BODEMEISTER,BABY BIRD,CAPE TOWN,WOODFORD THOROUGHBREDS AGENT FOR BAYNE & CHRISTINA WELKER,EISAMAN EQUINE,75000,,2016-04-08,KENTUCKY,A,,WOODFORD THOROUGHBREDS AGENT FOR BAYNE & CHRISTINA WELKER,,
Midlantic Fall Yearlings (2017),2017-10-03,240,B,,F,LIAISON,BALD N BLUE,CAPOTE,CANDYLAND AGENT XVI,RENPHER STABLES,1000,,2016-03-22,PENNSYLVANIA,J-K,,CANDYLAND AGENT XVI,,
Midlantic Fall Yearlings (2017),2017-10-03,241,CH,BOURBON AND BRANCH,F,OLD FASHIONED,BANG AWAY,SKY MESA,THORNMAR,KINGDOM BLOODSTOCK INC,30000,,2016-02-28,MARYLAND,I,,THORNMAR,,
Midlantic Fall Yearlings (2017),2017-10-03,242,GRR,,F,BANDBOX,BAROUCHKA,NOT FOR LOVE,MARSHALL W. SILVERMAN AGENT FOR FOXHARBOR FARM,HILLWOOD STABLE LLC,16000,,2016-05-09,MARYLAND,J-K,,MARSHALL W. SILVERMAN AGENT FOR FOXHARBOR FARM,,
Midlantic Fall Yearlings (2017),2017-10-03,243,CH,,C,BUSTIN STONES,BEAM OF LOVE,PRIME TIMBER,SARATOGA GLEN FARM LLC AGENT,EISAMAN EQUINE,40000,,2016-03-30,NEW YORK,G,,SARATOGA GLEN FARM LLC AGENT,,
Midlantic Fall Yearlings (2017),2017-10-03,244,B,,F,MUNNINGS,BELLA TRAVIATA,INDIAN CHARLIE,CANDYLAND AGENT XVI,NOT SOLD,65000,,2016-01-29,PENNSYLVANIA,J-K,,CANDYLAND AGENT XVI,,
Midlantic Fall Yearlings (2017),2017-10-03,245,CH,,F,NOBLE MISSION (GB),BENS KIN,DANCE WITH RAVENS,BILL REIGHTLER AGENT,JOHN KOENIG,19000,Y,2016-01-23,MARYLAND,I-J,,BILL REIGHTLER AGENT,,
Midlantic Fall Yearlings (2017),2017-10-03,246,DKB,,C,MALIBU MOON,BEST PRESENT EVER,UNUSUAL HEAT,CANDYLAND AGENT XII,FRANK DEMARCO,125000,,2016-04-10,MARYLAND,J-K,,CANDYLAND AGENT XII,,
Midlantic Fall Yearlings (2017),2017-10-03,247,DKB,,C,SHAKIN IT UP,BIRD COLORS,BIRDSTONE,HARRY L. LANDRY BLOODSTOCK LLC AGENT,NOT SOLD,2000,,2016-02-24,NEW YORK,D-E,,HARRY L. LANDRY BLOODSTOCK LLC AGENT,,
Midlantic Fall Yearlings (2017),2017-10-03,248,GRR,,C,HONORABLE DILLON,BIT BUSTIN,BUSTIN STONES,SARATOGA GLEN FARM LLC AGENT,CIRCLE D THOROUGHBREDS,4500,,2016-04-16,NEW YORK,G,,SARATOGA GLEN FARM LLC AGENT,,
Midlantic Fall Yearlings (2017),2017-10-03,249,GRR,,C,THE FACTOR,BLONDIE'S BUCKS,JUMP START,BUCKSTUD,NOT SOLD,11000,,2016-02-18,WEST VIRGINIA,D,,BUCKSTUD,,
Midlantic Fall Yearlings (2017),2017-10-03,250,CH,ONE OF THREE,F,BIONDETTI,BLUEGRASS ATATUDE,TWO PUNCH,BARBAZON RACING & BLOODSTOCK LLC AGENT,WAYNE A DACOSTA,6000,,2016-01-10,FLORIDA,H,,BARBAZON RACING & BLOODSTOCK LLC AGENT,,
Midlantic Fall Yearlings (2017),2017-10-03,251,CH,,C,KITTEN'S JOY,BLUE GRASS MUSIC,BLUEGRASS CAT,STUART MORRIS AGENT,WENDY HENDRIKS,20000,,2016-03-17,KENTUCKY,I-J,,STUART MORRIS AGENT,,
Midlantic Fall Yearlings (2017),2017-10-03,252,B,,F,JIMMY CREED,BLUEGRASS SMILE,BLUEGRASS CAT,CANDYLAND AGENT XVI,NOT SOLD,9000,,2016-04-05,PENNSYLVANIA,J-K,,CANDYLAND AGENT XVI,,
Midlantic Fall Yearlings (2017),2017-10-03,253,B,,C,OXBOW,BLUES MUSIC,SOUTHERN IMAGE,MARSHALL W. SILVERMAN AGENT,LINDY REDDING,50000,,2016-02-06,KENTUCKY,J-K,,MARSHALL W. SILVERMAN AGENT,,
Midlantic Fall Yearlings (2017),2017-10-03,254,CH,SPORTY SOCKS,C,SMARTY JONES,BOMBSHELL BABE,DOMESTIC DISPUTE,NORTHVIEW STALLION STATION (DAVID WADE) AGENT FOR JOE M. THOMSON,DAVID O'NEILL,2500,,2016-02-26,PENNSYLVANIA,C-D,,NORTHVIEW STALLION STATION (DAVID WADE) AGENT FOR JOE M. THOMSON,,
Midlantic Fall Yearlings (2017),2017-10-03,255,B,,C,CREATIVE CAUSE,BONNIE ROSE,HANSEL,STUART MORRIS AGENT FOR LAZY LANE FARM,CHARLES J ZACNEY,75000,,2016-02-17,VIRGINIA,I-J,,STUART MORRIS AGENT FOR LAZY LANE FARM,,
Midlantic Fall Yearlings (2017),2017-10-03,256,B,,C,TWIRLING CANDY,BOSTON CAT,HIGH YIELD,BUCKSTUD,KATHRYN MARTIN,8500,,2016-03-15,WEST VIRGINIA,D,,BUCKSTUD,,
Midlantic Fall Yearlings (2017),2017-10-03,257,CH,,C,SIDNEY'S CANDY,BRAVE THE STORM,STORM CAT,MARSHALL W. SILVERMAN AGENT,OUT,0,,2016-05-03,NEW YORK,J-K,,MARSHALL W. SILVERMAN AGENT,,
Midlantic Fall Yearlings (2017),2017-10-03,258,B,,C,OVERANALYZE,BREAKSHOT,LEMON DROP KID,FORBUSH FARM,OUT,0,,2016-04-06,KENTUCKY,L,,FORBUSH FARM,,
Midlantic Fall Yearlings (2017),2017-10-03,259,DKB,,F,REVOLUTIONARY,BRIEF ENCOUNTER,LION HEARTED,STUART MORRIS AGENT,EAGLE POINT FARM,5000,Y,2016-03-05,MARYLAND,I-J,,STUART MORRIS AGENT,,
Midlantic Fall Yearlings (2017),2017-10-03,261,CH,,F,HAYNESFIELD,BUCK TROUT'S NIECE,WAQUOIT,CANDYLAND AGENT XVI,TRIN-BROOK STABLE,5000,,2016-02-18,PENNSYLVANIA,J-K,,CANDYLAND AGENT XVI,,
Midlantic Fall Yearlings (2017),2017-10-03,262,GRR,,F,BANDBOX,BUFFGIRL,QUIET AMERICAN,DARK HOLLOW FARM AGENT XI,KATHLEEN WILLIER,20000,,2016-04-29,MARYLAND,A,,DARK HOLLOW FARM AGENT XI,,
Midlantic Fall Yearlings (2017),2017-10-03,263,GRR,,F,OLD FASHIONED,BUSTINATTHESEAMS,BUSTIN STONES,MARSHALL W. SILVERMAN AGENT,MICHAEL ANTHONY FERRARO,22000,,2016-03-17,NEW YORK,J-K,,MARSHALL W. SILVERMAN AGENT,,
Midlantic Fall Yearlings (2017),2017-10-03,264,CH,,F,HAYNESFIELD,BUZZ HOME,BELLAMY ROAD,MARSHALL W. SILVERMAN AGENT I,WENDY UHACZ,3000,,2016-03-25,PENNSYLVANIA,J-K,,MARSHALL W. SILVERMAN AGENT I,,
Midlantic Fall Yearlings (2017),2017-10-03,265,B,,F,TWO STEP SALSA,CAITRIONELL,GIANT'S CAUSEWAY,BECKY MERKEL AGENT,CHAD SCHUMER AGENT,9000,,2016-03-06,FLORIDA,K-L,,BECKY MERKEL AGENT,,
Midlantic Fall Yearlings (2017),2017-10-03,266,DKB,,C,FREUD,CALLER TRUST,TRUST N LUCK,STUART MORRIS AGENT,CAL LYNCH,25000,Y,2016-05-03,MARYLAND,I-J,,STUART MORRIS AGENT,,
Midlantic Fall Yearlings (2017),2017-10-03,267,B,,C,EL PADRINO,CANT PASS A TURTLE,DOMESTIC DISPUTE,CANDYLAND AGENT II,ANTHONY PECORARO,2000,,2016-04-23,MARYLAND,J-K,,CANDYLAND AGENT II,,
Midlantic Fall Yearlings (2017),2017-10-03,268,B,,F,CENTRAL BANKER,CARLY LEE,BROAD BRUSH,SARATOGA GLEN FARM LLC AGENT,C AND C STABLES LLC,10000,,2016-04-22,NEW YORK,G,,SARATOGA GLEN FARM LLC AGENT,,
Midlantic Fall Yearlings (2017),2017-10-03,269,DKB,STRANGER DANGER,C,BUFFUM,CASUAL KISS,DEHERE,THORNMAR,WAYNE A DACOSTA,7000,,2016-04-21,MARYLAND,I,,THORNMAR,,
Midlantic Fall Yearlings (2017),2017-10-03,270,B,,C,TWIRLING CANDY,CAT MAGIC,TALE OF THE CAT,HEART HILL FARMS,CHARLES R YONKER,17000,,2016-01-19,PENNSYLVANIA,L,,HEART HILL FARMS,,
Midlantic Fall Yearlings (2017),2017-10-03,271,B,,C,DATA LINK,CATNIPPER,KITTEN'S JOY,ANCHOR & HOPE FARM AGENT,OUT,0,,2016-05-28,MARYLAND,F,,ANCHOR & HOPE FARM AGENT,,
Midlantic Fall Yearlings (2017),2017-10-03,272,B,RUNNINGWSCISSORS,C,CONGAREE,CELESTA,BERNSTEIN,BECKY DAVIS INC. AGENT,OUT,0,,2016-04-20,NEW YORK,B-C,,BECKY DAVIS INC. AGENT,,
Midlantic Fall Yearlings (2017),2017-10-03,273,CH,,C,PETIONVILLE,CELTIC MUSIC,YARROW BRAE,MURMUR FARM AGENT,PRISCILLA ANTHONY,1000,,2016-03-01,MARYLAND,K,,MURMUR FARM AGENT,,
Midlantic Fall Yearlings (2017),2017-10-03,274,DKB,,C,SUPER NINETY NINE,CHAPENA,FUSAICHI PEGASUS,BILL REIGHTLER AGENT FOR SPENDTHRIFT FARM LLC,DEAN PURDOM,5000,Y,2016-05-20,MARYLAND,I-J,,BILL REIGHTLER AGENT FOR SPENDTHRIFT FARM LLC,,
Midlantic Fall Yearlings (2017),2017-10-03,275,B,,C,UNCLE MO,CHARISSA,CORINTHIAN,CANDYLAND AGENT XI,HILLWOOD STABLE LLC,80000,,2016-04-10,MARYLAND,J-K,,CANDYLAND AGENT XI,,
Midlantic Fall Yearlings (2017),2017-10-03,277,GRR,WAIT FOR DARK,C,BANDBOX,CHEROKEE RIBBON,CHEROKEE RUN,THORNMAR,KRISTINA EISAMAN,30000,,2016-02-13,MARYLAND,I,,THORNMAR,,
Midlantic Fall Yearlings (2017),2017-10-03,278,B,,F,SEVILLE (GER),CHICKASAW GAL,INDIAN CHARLIE,BECKY DAVIS INC. AGENT,OUT,0,,2016-04-15,MARYLAND,B-C,,BECKY DAVIS INC. AGENT,,
Midlantic Fall Yearlings (2017),2017-10-03,279,GRR,,C,LIAISON,CHIPANAPUTT,UNBRIDLED'S SONG,C & S THOROUGHBRED SALES AGENT,HAPPY DAYS,12000,,2016-03-07,KENTUCKY,G,,C & S THOROUGHBRED SALES AGENT,,
Midlantic Fall Yearlings (2017),2017-10-03,280,B,,C,GIANT'S CAUSEWAY,CHIVE BLOSSOM,UNBRIDLED'S SONG,BECKY MERKEL AGENT,HARRY WEISLEDER,20000,,2016-02-19,NEW YORK,K-L,,BECKY MERKEL AGENT,,
Midlantic Fall Yearlings (2017),2017-10-03,281,CH,,F,FED BIZ,CHOCOLATE ON TAP,TAPIT,DAREN ENGLISH & CATHY BETTS AGENT,NOT SOLD,39000,,2016-01-27,KENTUCKY,K,,DAREN ENGLISH & CATHY BETTS AGENT,,
Midlantic Fall Yearlings (2017),2017-10-03,282,B,,C,ASTROLOGY,CIRCUMSPECT,DISCREET CAT,MARSHALL W. SILVERMAN AGENT I,HARRY WEISLEDER,10000,,2016-03-29,PENNSYLVANIA,J-K,,MARSHALL W. SILVERMAN AGENT I,,
Midlantic Fall Yearlings (2017),2017-10-03,283,B,,F,VIOLENCE,CITIZEN EMMA,PROUD CITIZEN,DAREN ENGLISH & CATHY BETTS AGENT FOR SUGARLAND THOROUGHBREDS LLC,ALL IN SALES,16000,,2016-01-06,KENTUCKY,K,,DAREN ENGLISH & CATHY BETTS AGENT FOR SUGARLAND THOROUGHBREDS LLC,,
Midlantic Fall Yearlings (2017),2017-10-03,284,B,,F,TEMPLE CITY,CITY SCAMPER,CITY ZIP,PATRICIA CALANDRO AGENT FOR MOONSTAR FARM,OUT,0,,2016-04-30,NEW YORK,H,,PATRICIA CALANDRO AGENT FOR MOONSTAR FARM,,
Midlantic Fall Yearlings (2017),2017-10-03,285,DKB,,F,MAJESTIC WARRIOR,CLEOPATRA'S NEEDLE,SKY CLASSIC,FOGGY BOTTOM FARM AGENT,NOT SOLD,4000,,2016-04-07,NEW YORK,L,,FOGGY BOTTOM FARM AGENT,,
Midlantic Fall Yearlings (2017),2017-10-03,286,DKB,,F,AWESOME PATRIOT,CLEVER BUDDHA,BUDDHA,BLAKE-ALBINA THOROUGHBRED SERVICES LLC AGENT,NOT SOLD,9000,,2016-04-25,MARYLAND,J-K,,BLAKE-ALBINA THOROUGHBRED SERVICES LLC AGENT,,
Midlantic Fall Yearlings (2017),2017-10-03,287,DKB,,F,SMARTY JONES,CORAL CAY,GULCH,STUART MORRIS AGENT,DONALD K DEAN,2000,,2016-04-03,PENNSYLVANIA,I-J,,STUART MORRIS AGENT,,
Midlantic Fall Yearlings (2017),2017-10-03,288,CH,,F,BIG BROWN,CORINNAISE,CORINTHIAN,CANDYLAND AGENT XII,NOT SOLD,1000,,2016-04-24,MARYLAND,J-K,,CANDYLAND AGENT XII,,
Midlantic Fall Yearlings (2017),2017-10-03,289,B,YOURS TO KEEP,F,REDEEMED,CRYING THE BLUES,KIRIDASHI,THORNMAR,GINA ROSENTHAL,2500,,2016-01-29,MARYLAND,I,,THORNMAR,,
Midlantic Fall Yearlings (2017),2017-10-03,290,CH,SILK STOCKING,F,DROSSELMEYER,CUP O' LUCK,BORREGO,MARSHALL W. SILVERMAN AGENT FOR WOODSLANE FARM,CARISA A FIGGINS,3000,,2016-03-07,KENTUCKY,J-K,,MARSHALL W. SILVERMAN AGENT FOR WOODSLANE FARM,,
Midlantic Fall Yearlings (2017),2017-10-03,291,B,,F,TAPIZAR,CURE FOR SALE (ARG),NOT FOR SALE (ARG),FORT CHRISTOPHER'S THOROUGHBREDS LLC AGENT FOR HIDDEN LAKE FARM LLC/KINGSPORT FARM LLC,DENNIS HUIE,1000,,2016-01-29,NEW YORK,I-J,,FORT CHRISTOPHER'S THOROUGHBREDS LLC AGENT FOR HIDDEN LAKE FARM LLC/KINGSPORT FARM LLC,,
Midlantic Fall Yearlings (2017),2017-10-03,292,B,,F,GRAYDAR,CURIOUS CAT,TALE OF THE CAT,MARSHALL W. SILVERMAN AGENT I,OUT,0,,2016-03-29,PENNSYLVANIA,J-K,,MARSHALL W. SILVERMAN AGENT I,,
Midlantic Fall Yearlings (2017),2017-10-03,293,CH,KNIT WIT,F,DATA LINK,CURLIN'S NEEDLE,CURLIN,BILL REIGHTLER AGENT FOR HOUSATONIC STABLES LLC,NOT SOLD,14000,,2016-02-19,MARYLAND,I-J,,BILL REIGHTLER AGENT FOR HOUSATONIC STABLES LLC,,
Midlantic Fall Yearlings (2017),2017-10-03,294,DKB,WORLD AFFAIRS,C,CAIRO PRINCE,CURRENT EVENT,CURLIN,BECKY DAVIS INC. AGENT,EISAMAN EQUINE,300000,,2016-05-06,KENTUCKY,B-C,,BECKY DAVIS INC. AGENT,,
Midlantic Fall Yearlings (2017),2017-10-03,295,B,DANCING CONTESSA,F,SEVILLE (GER),DANCE APPROVAL,WITH APPROVAL,BILL REIGHTLER AGENT FOR CORNELIA A. GIBSON,RICHARD F BLUE JR,5000,,2016-02-23,MARYLAND,I-J,,BILL REIGHTLER AGENT FOR CORNELIA A. GIBSON,,
Midlantic Fall Yearlings (2017),2017-10-03,296,CH,,C,FREEDOM CHILD,DANCE FOR JAN,CITIDANCER,MARSHALL W. SILVERMAN AGENT,OUT,0,,2016-04-15,MARYLAND,J-K,,MARSHALL W. SILVERMAN AGENT,,
Midlantic Fall Yearlings (2017),2017-10-03,297,CH,,C,SUPER NINETY NINE,DANCING ANNA,CUVEE,BILL REIGHTLER AGENT FOR SPENDTHRIFT FARM LLC,STANLEY HOUGH,20000,,2016-06-05,MARYLAND,I-J,,BILL REIGHTLER AGENT FOR SPENDTHRIFT FARM LLC,,
Midlantic Fall Yearlings (2017),2017-10-03,298,DKB,,C,WARRIOR'S REWARD,DARK DOLORES,STRONG HOPE,P.J. ARNOLD BLOODSTOCK LLC AGENT,MICHAEL R DI TOMASSO,10000,,2016-02-25,NEW YORK,F,,P.J. ARNOLD BLOODSTOCK LLC AGENT,,
Midlantic Fall Yearlings (2017),2017-10-03,299,B,,C,WARRIOR'S REWARD,DATTTS OUR GIRL,THUNDER GULCH,GRACIE BLOODSTOCK AGENT,NOT SOLD,6000,,2016-04-07,NEW YORK,E-F,,GRACIE BLOODSTOCK AGENT,,
Midlantic Fall Yearlings (2017),2017-10-03,300,B,FEARLESS TERP,C,NICANOR,DAYLIGHT LASSIE,SEEKING DAYLIGHT,BLAKE-ALBINA THOROUGHBRED SERVICES LLC AGENT,NOT SOLD,29000,,2016-04-01,MARYLAND,J-K,,BLAKE-ALBINA THOROUGHBRED SERVICES LLC AGENT,,
Midlantic Fall Yearlings (2017),2017-10-03,301,B,,C,REVOLUTIONARY,DENALI RED,CRAFTY PROSPECTOR,DAREN ENGLISH & CATHY BETTS AGENT,BLACK CLOUD RACING,33000,,2016-02-23,KENTUCKY,K,,DAREN ENGLISH & CATHY BETTS AGENT,,
Midlantic Fall Yearlings (2017),2017-10-03,302,B,COME SUNDOWN,G,GREAT NOTION,DESIDERATA,DURING,THORNMAR,STEVEN T NEWBY,30000,,2016-03-11,MARYLAND,I,,THORNMAR,,
Midlantic Fall Yearlings (2017),2017-10-03,303,CH,,F,SUPER NINETY NINE,DESPINAS DESIRE,BADGE OF SILVER,GREENMOUNT FARM AGENT,ALL IN SALES,5000,,2016-05-03,MARYLAND,G,,GREENMOUNT FARM AGENT,,
Midlantic Fall Yearlings (2017),2017-10-03,304,B,,C,HAYNESFIELD,DISCLOSED DESIRE,FORESTRY,DARBY DAN FARM AGENT II,OUT,0,,2016-01-27,PENNSYLVANIA,F-G,,DARBY DAN FARM AGENT II,,
Midlantic Fall Yearlings (2017),2017-10-03,305,DKB,,F,SHACKLEFORD,DISTINCTIVE FLAG,DISTINCTIVE PRO,VINERY SALES AGENT II,OUT,0,,2016-05-09,NEW YORK,I,,VINERY SALES AGENT II,,
Midlantic Fall Yearlings (2017),2017-10-03,306,CH,,F,BANDBOX,DIVINE HONOR,HONOR GRADES,NORTHVIEW STALLION STATION (DAVID WADE) AGENT,DOUBLE TROUBLE STABLES LLC,6000,,2016-03-29,MARYLAND,C-D,,NORTHVIEW STALLION STATION (DAVID WADE) AGENT,,
Midlantic Fall Yearlings (2017),2017-10-03,307,DKB,,F,WEIGELIA,DIXIEWOOD,DIXIE UNION,WYNOAKS FARM LLC AGENT,LC RACING LLC,12000,,2016-02-11,PENNSYLVANIA,K,,WYNOAKS FARM LLC AGENT,,
Midlantic Fall Yearlings (2017),2017-10-03,308,DKB,,F,BIRDSTONE,D' ORSAY,MEDAGLIA D'ORO,CANDYLAND AGENT I,TERRY GABRIEL,30000,,2016-01-10,NEW YORK,J-K,,CANDYLAND AGENT I,,
Midlantic Fall Yearlings (2017),2017-10-03,309,B,,F,CENTRAL BANKER,DOUBLE DINGHY DAY,FORESTRY,MCMAHON OF SARATOGA THOROUGHBREDS LLC AGENT,NOT SOLD,22000,,2016-03-12,NEW YORK,K,,MCMAHON OF SARATOGA THOROUGHBREDS LLC AGENT,,
Midlantic Fall Yearlings (2017),2017-10-03,310,B,,F,TIZWAY,DOUBLE STUFF,DOUBLE HONOR,TONYA JURGENS AGENT,HARRIS TRAINING CENTER,19000,,2016-03-21,PENNSYLVANIA,H,,TONYA JURGENS AGENT,,
Midlantic Fall Yearlings (2017),2017-10-03,311,B,,C,WEIGELIA,DOWHATYOURBIGSISDO,CRYPTO STAR,WYNOAKS FARM LLC AGENT,NOT SOLD,1000,,2016-05-18,PENNSYLVANIA,K,,WYNOAKS FARM LLC AGENT,,
Midlantic Fall Yearlings (2017),2017-10-03,312,CH,,C,POSSE,DRAMATIC MOMENTS,DISTORTED HUMOR,VINERY SALES AGENT FOR GRANT & CONSTANCE WHITMER,NOT SOLD,1000,,2016-02-20,NEW YORK,I,,VINERY SALES AGENT FOR GRANT & CONSTANCE WHITMER,,
Midlantic Fall Yearlings (2017),2017-10-03,313,CH,,F,ALTERNATION,DREAM REALIZED,AWESOME AGAIN,DARBY DAN FARM AGENT II,NOT SOLD,9000,,2016-03-12,PENNSYLVANIA,F-G,,DARBY DAN FARM AGENT II,,
Midlantic Fall Yearlings (2017),2017-10-03,314,B,,C,FLAT OUT,DYNA'S DESTINY,DYNAFORMER,BECKY DAVIS INC. AGENT,NOT SOLD,50000,,2016-02-12,KENTUCKY,B-C,,BECKY DAVIS INC. AGENT,,
Midlantic Fall Yearlings (2017),2017-10-03,315,B,,C,LIAISON,EDERLE,ENGLISH CHANNEL,DARBY DAN FARM AGENT,HARRY WEISLEDER,23000,,2016-03-28,KENTUCKY,F-G,,DARBY DAN FARM AGENT,,
Midlantic Fall Yearlings (2017),2017-10-03,316,B,,F,UNION RAGS,EL COYOTE,A.P. INDY,BECKY MERKEL AGENT,CHAD SUMMERS AGENT FOR M SCOTT SUMMERS,20000,,2016-04-26,NEW YORK,K-L,,BECKY MERKEL AGENT,,
Midlantic Fall Yearlings (2017),2017-10-03,317,CH,,C,NEW YEAR'S DAY,ELECTRIC VENUS,FLATTER,STUART MORRIS AGENT,NOT SOLD,20000,,2016-04-03,MARYLAND,I-J,,STUART MORRIS AGENT,,
Midlantic Fall Yearlings (2017),2017-10-03,318,GRR,,F,FLASHBACK,ELLE TISH SLEW,ELTISH,SETH GREGORY BLOODSTOCK AGENT,NOT SOLD,14000,,2016-03-25,NEW YORK,H,,SETH GREGORY BLOODSTOCK AGENT,,
Midlantic Fall Yearlings (2017),2017-10-03,319,B,,F,POWER BROKER,ELMER'S GYPSY ROSE,BARKERVILLE,DM PERFORMANCE HORSES LLC,NOT SOLD,1000,,2016-03-02,FLORIDA,G,,DM PERFORMANCE HORSES LLC,,
Midlantic Fall Yearlings (2017),2017-10-03,320,B,,F,REVOLUTIONARY,EMMA HAMILTON,EMPIRE MAKER,BECKY DAVIS INC. AGENT,RUSSELL YOUNG,15000,Y,2016-03-07,MARYLAND,B-C,,BECKY DAVIS INC. AGENT,,
Midlantic Fall Yearlings (2017),2017-10-03,321,CH,CARROT CAKE,F,BIRDSTONE,ENGLISH MUFFIN,ENGLISH CHANNEL,THORNMAR,A FERRIS ALLEN III,15000,Y,2016-03-08,MARYLAND,I,,THORNMAR,,
Midlantic Fall Yearlings (2017),2017-10-03,323,B,,F,WARRIOR'S REWARD,ESCAPE WITH ME,ARAZI,MARSHALL W. SILVERMAN AGENT I,EISAMAN EQUINE,50000,,2016-04-30,PENNSYLVANIA,J-K,,MARSHALL W. SILVERMAN AGENT I,,
Midlantic Fall Yearlings (2017),2017-10-03,324,DKB,,C,LOOKIN AT LUCKY,ESPERANZA D'ORO,MEDAGLIA D'ORO,HARRY L. LANDRY BLOODSTOCK LLC AGENT,LUCKY  BOYS,40000,,2016-03-04,NEW YORK,D-E,,HARRY L. LANDRY BLOODSTOCK LLC AGENT,,
Midlantic Fall Yearlings (2017),2017-10-03,325,B,,F,MAD FLATTER,ESTAPRIMO,PRIMAL STORM,BECKY MERKEL AGENT,OUT,0,,2016-03-07,PENNSYLVANIA,K-L,,BECKY MERKEL AGENT,,
Midlantic Fall Yearlings (2017),2017-10-03,326,GRR,,F,EXCHANGE RATE,EXCEPTIONALLY,EL PRADO (IRE),AUDLEY FARM EQUINE,RODNEY JENKINS,20000,,2016-04-22,VIRGINIA,I,,AUDLEY FARM EQUINE,,
Midlantic Fall Yearlings (2017),2017-10-03,327,GRR,,C,HONORABLE DILLON,EXCESSIVE CAUSE,IN EXCESS (IRE),MARSHALL W. SILVERMAN AGENT,LINDY REDDING,10000,,2016-02-23,NEW YORK,J-K,,MARSHALL W. SILVERMAN AGENT,,
Midlantic Fall Yearlings (2017),2017-10-03,328,B,,C,MAD FLATTER,EXIT INTERVIEW,NOTIONAL,BECKY MERKEL AGENT,OUT,0,,2016-02-01,PENNSYLVANIA,K-L,,BECKY MERKEL AGENT,,
Midlantic Fall Yearlings (2017),2017-10-03,329,CH,,C,BIG BROWN,FACEINEVERYFLOWER,GIANT'S CAUSEWAY,BARBAZON RACING & BLOODSTOCK LLC,DR TRUDY SUNSHINE,32000,,2016-02-29,NEW YORK,H,,BARBAZON RACING & BLOODSTOCK LLC,,
Midlantic Fall Yearlings (2017),2017-10-03,330,DKB,,C,CONGRATS,FAIR ROSE,HARLAN'S HOLIDAY,MARSHALL W. SILVERMAN AGENT,EISAMAN EQUINE,50000,,2016-03-15,KENTUCKY,J-K,,MARSHALL W. SILVERMAN AGENT,,
Midlantic Fall Yearlings (2017),2017-10-03,331,DKB,,F,LIAISON,FANCY AND SMART,SMARTY JONES,MCMAHON OF SARATOGA THOROUGHBREDS LLC AGENT,NOT SOLD,18000,,2016-03-28,NEW YORK,K,,MCMAHON OF SARATOGA THOROUGHBREDS LLC AGENT,,
Midlantic Fall Yearlings (2017),2017-10-03,332,GRR,BACKWARD GLANCE,F,FLASHBACK,FANCY DIAMOND,EASTERN ECHO,THORNMAR,FRANCIS J CLEMENS,15000,,2016-04-30,MARYLAND,I,,THORNMAR,,
Midlantic Fall Yearlings (2017),2017-10-03,334,B,,F,TRAPPE SHOT,FARCE,POLITICAL FORCE,BECKY DAVIS INC. AGENT,KATHRYN MARTIN,22000,,2016-03-27,KENTUCKY,B-C,,BECKY DAVIS INC. AGENT,,
Midlantic Fall Yearlings (2017),2017-10-03,335,B,,C,YES IT'S TRUE,FASHION BEE,OMEGA CODE,CANDYLAND AGENT VII,ROLAND REELEY JR,4500,,2016-04-10,FLORIDA,J-K,,CANDYLAND AGENT VII,,
Midlantic Fall Yearlings (2017),2017-10-03,336,B,,C,JUMP START,FEELIN ABIT FRISKY,POSSE,NORTHVIEW STALLION STATION (DAVID WADE) AGENT,MICHAEL J TROMBETTA,4000,,2016-05-01,NEW YORK,C-D,,NORTHVIEW STALLION STATION (DAVID WADE) AGENT,,
Midlantic Fall Yearlings (2017),2017-10-03,337,B,,C,TIZWAY,FEELS SO RIGHT,HIGH COTTON,DARBY DAN FARM AGENT I,AMENTA RACING STABLES LLC,4000,,2016-05-11,PENNSYLVANIA,F-G,,DARBY DAN FARM AGENT I,,
Midlantic Fall Yearlings (2017),2017-10-03,338,B,THERE'S A UNICORN,F,TO HONOR AND SERVE,FICTIONAL HERO,CHEROKEE RUN,CANDYLAND AGENT II,HERBERT S HOUSEN,5000,,2016-01-31,MARYLAND,J-K,,CANDYLAND AGENT II,,
Midlantic Fall Yearlings (2017),2017-10-03,339,DKB,,F,LIAISON,FINE CUT,POSSE,BECKY MERKEL AGENT,OUT,0,,2016-02-09,KENTUCKY,K-L,,BECKY MERKEL AGENT,,
Midlantic Fall Yearlings (2017),2017-10-03,340,DKB,,G,CAN THE MAN,FLAMINGO KEY,INCLUDE,CANDYLAND AGENT V,STEPHEN FULTON,1000,,2016-04-03,WEST VIRGINIA,J-K,,CANDYLAND AGENT V,,
Midlantic Fall Yearlings (2017),2017-10-03,341,B,,C,EL PADRINO,FLIRTATIOUS HEART,ALLEN'S PROSPECT,NORTHVIEW STALLION STATION (DAVID WADE) AGENT,GARY CAPUANO AGENT,28000,,2016-04-11,MARYLAND,C-D,,NORTHVIEW STALLION STATION (DAVID WADE) AGENT,,
Midlantic Fall Yearlings (2017),2017-10-03,342,B,,C,TRAPPE SHOT,FLUXX,BLUEGRASS CAT,MORGAN'S FORD FARM,GREG COMPTON,5000,,2016-04-24,VIRGINIA,I,,MORGAN'S FORD FARM,,
Midlantic Fall Yearlings (2017),2017-10-03,343,CH,,F,UNCAPTURED,FONDANT,CANDY RIDE (ARG),RUNNER'S DREAM FARM INC. AGENT,OUT,0,,2016-02-15,FLORIDA,H,,RUNNER'S DREAM FARM INC. AGENT,,
Midlantic Fall Yearlings (2017),2017-10-03,344,CH,,F,POWER BROKER,FOREST GLITTER,FOREST CAMP,VINERY SALES AGENT XIII,JASON EGAN AGENT,13000,,2016-04-13,NEW YORK,I,,VINERY SALES AGENT XIII,,
Midlantic Fall Yearlings (2017),2017-10-03,345,GRR,,C,LIAISON,FOREVER SUNSHINE,ROCKPORT HARBOR,DARBY DAN FARM AGENT II,J J CRUPI AGENT FOR JOE IOIA,42000,Y,2016-04-10,PENNSYLVANIA,F-G,,DARBY DAN FARM AGENT II,,
Midlantic Fall Yearlings (2017),2017-10-03,346,GRR,,F,MIZZEN MAST,FOR KISSES,NOT FOR LOVE,MORGAN'S FORD FARM & BUCKINGHAM FARM,J WILLIAM BONIFACE,21000,,2016-03-25,MARYLAND,I,,MORGAN'S FORD FARM & BUCKINGHAM FARM,,
Midlantic Fall Yearlings (2017),2017-10-03,347,DKB,,F,JUMP START,FOR SALLY,NOT FOR LOVE,NORTHVIEW STALLION STATION (DAVID WADE) AGENT,HELEN POLINGER,20000,,2016-02-29,MARYLAND,C-D,,NORTHVIEW STALLION STATION (DAVID WADE) AGENT,,
Midlantic Fall Yearlings (2017),2017-10-03,348,GRR,MISS CINDERELLA,F,HONORABLE DILLON,FOUR STAR MORNING,PRESS CARD,GREENMOUNT FARM AGENT,NOT SOLD,35000,,2016-04-06,PENNSYLVANIA,G,,GREENMOUNT FARM AGENT,,
Midlantic Fall Yearlings (2017),2017-10-03,349,DKB,,C,TEMPLE CITY,FOURTH CHAPTER,TOUCH GOLD,HARRY L. LANDRY BLOODSTOCK LLC AGENT,NOT SOLD,9500,,2016-04-17,NEW YORK,D-E,,HARRY L. LANDRY BLOODSTOCK LLC AGENT,,
Midlantic Fall Yearlings (2017),2017-10-03,350,CH,,C,EL PADRINO,FRIVOLOUS FLO,FLAME THROWER,CANDYLAND AGENT X,DAWN NEILSON,7500,,2016-03-22,MARYLAND,J-K,,CANDYLAND AGENT X,,
Midlantic Fall Yearlings (2017),2017-10-03,351,DKB,,C,TRINNIBERG,FRONT COVER,WESTERN EXPRESSION,HARRY L. LANDRY BLOODSTOCK LLC AGENT,NOT SOLD,2700,,2016-05-10,NEW YORK,D-E,,HARRY L. LANDRY BLOODSTOCK LLC AGENT,,
Midlantic Fall Yearlings (2017),2017-10-03,352,B,,C,FLAT OUT,FULLERENE,QUIET AMERICAN,ANCHOR & HOPE FARM AGENT FOR FINN'S NICKEL LLC,TIMOTHY L KEEFE,10500,,2016-03-25,MARYLAND,F,,ANCHOR & HOPE FARM AGENT FOR FINN'S NICKEL LLC,,
Midlantic Fall Yearlings (2017),2017-10-03,353,DKB,,C,CENTRAL BANKER,GALA REGATTA,BOSTON HARBOR,MCMAHON OF SARATOGA THOROUGHBREDS LLC AGENT,NOT SOLD,23000,,2016-04-09,NEW YORK,K,,MCMAHON OF SARATOGA THOROUGHBREDS LLC AGENT,,
Midlantic Fall Yearlings (2017),2017-10-03,354,CH,QUEEN OF SOMEDAY,F,REDEEMED,GALLANT EFFORT,MOSCOW BALLET,THORNMAR,JOSEPH BESECKER,8000,,2016-02-18,MARYLAND,I,,THORNMAR,,
Midlantic Fall Yearlings (2017),2017-10-03,355,B,,C,GREAT NOTION,GANZA,WAGON LIMIT,BECKY DAVIS INC. AGENT,JOHN J ROBB,5500,,2016-04-06,MARYLAND,B-C,,BECKY DAVIS INC. AGENT,,
Midlantic Fall Yearlings (2017),2017-10-03,356,DKB,,C,CONGRATS,GASP,HENNESSY,HARRY L. LANDRY BLOODSTOCK LLC AGENT FOR GASP BREEDING SYNDICATE LLC,SAGAMORE FARM LLC,30000,,2016-02-10,NEW YORK,D-E,,HARRY L. LANDRY BLOODSTOCK LLC AGENT FOR GASP BREEDING SYNDICATE LLC,,
Midlantic Fall Yearlings (2017),2017-10-03,357,DKB,,F,HEY CHUB,GEEKY GORGEOUS,DEVIL HIS DUE,GRACIE BLOODSTOCK AGENT FOR JOE-DAN FARM INC.,B B HORSES,4500,,2016-01-15,PENNSYLVANIA,E-F,,GRACIE BLOODSTOCK AGENT FOR JOE-DAN FARM INC.,,
Midlantic Fall Yearlings (2017),2017-10-03,358,B,,C,FREEDOM CHILD,G G'S DOLLY,COMIC STRIP,BILL REIGHTLER AGENT FOR SPENDTHRIFT FARM LLC,MEN'S GRILLE RACING,12000,,2016-04-30,MARYLAND,I-J,,BILL REIGHTLER AGENT FOR SPENDTHRIFT FARM LLC,,
Midlantic Fall Yearlings (2017),2017-10-03,359,DKB,,C,ALTERNATION,GHOST TOWN KAT,GHOSTZAPPER,STUART MORRIS AGENT,SUNSHINE EQUINE,37000,,2016-03-28,NEW YORK,I-J,,STUART MORRIS AGENT,,
Midlantic Fall Yearlings (2017),2017-10-03,360,GRR,,C,CROSS TRAFFIC,GHOUL,STORMY ATLANTIC,MARSHALL W. SILVERMAN AGENT,MEGAN CALIBERY,1500,,2016-04-25,NEW YORK,J-K,,MARSHALL W. SILVERMAN AGENT,,
Midlantic Fall Yearlings (2017),2017-10-03,361,B,,F,YES IT'S TRUE,GINGER LIGHT,COLONY LIGHT,BECKY MERKEL AGENT,JEANNE MAYBERRY,22000,,2016-03-31,KENTUCKY,K-L,,BECKY MERKEL AGENT,,
Midlantic Fall Yearlings (2017),2017-10-03,362,DKB,DISTANT SHORE,C,ALGORITHMS,GLIMPSE,TOUCH GOLD,THORNMAR,ON POINT PARTNERS,70000,,2016-04-09,MARYLAND,I,,THORNMAR,,
Midlantic Fall Yearlings (2017),2017-10-03,363,DKB,,C,MIDNIGHT LUTE,GLOBAL HOTTIE,DIXIE CHATTER,BARBAZON RACING & BLOODSTOCK LLC,NOT SOLD,59000,,2016-04-20,KENTUCKY,H,,BARBAZON RACING & BLOODSTOCK LLC,,
Midlantic Fall Yearlings (2017),2017-10-03,364,B,,C,SCIPION,GOLDEN INNIS,YARROW BRAE,MURMUR FARM AGENT,HERBERT S HOUSEN,2300,,2016-04-25,MARYLAND,K,,MURMUR FARM AGENT,,
Midlantic Fall Yearlings (2017),2017-10-03,365,CH,,C,DATA LINK,GOLDEN KAI,POLLARD'S VISION,P.J. ARNOLD BLOODSTOCK LLC AGENT,DIANA L MCCLURE,10000,Y,2016-03-14,WEST VIRGINIA,F,,P.J. ARNOLD BLOODSTOCK LLC AGENT,,
Midlantic Fall Yearlings (2017),2017-10-03,366,DKB,STORM BABE,F,MISSION IMPAZIBLE,GO ON BABE,STORMY ATLANTIC,BLAKE-ALBINA THOROUGHBRED SERVICES LLC AGENT,CLUB RISQUE STABLE,30000,,2016-03-25,PENNSYLVANIA,J-K,,BLAKE-ALBINA THOROUGHBRED SERVICES LLC AGENT,,
Midlantic Fall Yearlings (2017),2017-10-03,367,B,,C,TWIRLING CANDY,GOT NO NAME,BERNSTEIN,BUCKSTUD,NOT SOLD,4000,,2016-05-17,WEST VIRGINIA,D,,BUCKSTUD,,
Midlantic Fall Yearlings (2017),2017-10-03,368,B,GOTTA GET SMART,F,SMARTY JONES,GOTTA GOGO GIRL,CONGRATS,MARSHALL W. SILVERMAN AGENT,OUT,0,,2016-02-19,PENNSYLVANIA,J-K,,MARSHALL W. SILVERMAN AGENT,,
Midlantic Fall Yearlings (2017),2017-10-03,369,B,,F,STRONG MANDATE,GOTTA RUSH,WILD RUSH,MARSHALL W. SILVERMAN AGENT,CHRIS MELTON,2100,,2016-04-14,PENNSYLVANIA,J-K,,MARSHALL W. SILVERMAN AGENT,,
Midlantic Fall Yearlings (2017),2017-10-03,370,CH,,F,TALENT SEARCH,GRAEMY,GRAEME HALL,BECKY MERKEL AGENT,OUT,0,,2016-03-02,PENNSYLVANIA,K-L,,BECKY MERKEL AGENT,,
Midlantic Fall Yearlings (2017),2017-10-03,371,B,,C,EL PADRINO,GRAND CANYON GOLD,TALE OF THE CAT,NORTHVIEW STALLION STATION (DAVID WADE) AGENT,ELEVATE EQUINE STABLE,2000,,2016-02-15,MARYLAND,C-D,,NORTHVIEW STALLION STATION (DAVID WADE) AGENT,,
Midlantic Fall Yearlings (2017),2017-10-03,372,B,,F,FRIESAN FIRE,GRECIAN MAIDEN,GHOSTZAPPER,MARSHALL W. SILVERMAN AGENT,ROLAND REELEY JR,7000,,2016-04-15,MARYLAND,J-K,,MARSHALL W. SILVERMAN AGENT,,
Midlantic Fall Yearlings (2017),2017-10-03,373,CH,,F,AFLEET ALEX,HANA J,PEAKS AND VALLEYS,GRACIE BLOODSTOCK AGENT FOR BRIGHT VIEW FARM,OUT,0,,2016-05-11,NEW JERSEY,E-F,,GRACIE BLOODSTOCK AGENT FOR BRIGHT VIEW FARM,,
Midlantic Fall Yearlings (2017),2017-10-03,374,CH,,C,MINESHAFT,HAPPY CHOICE,BROKEN VOW,WOODFORD THOROUGHBREDS AGENT,CHARLES J ZACNEY,105000,,2016-04-13,LOUISIANA,A,,WOODFORD THOROUGHBREDS AGENT,,
Midlantic Fall Yearlings (2017),2017-10-03,375,B,BRUCIA LA TERRA,F,EL PADRINO,HAPPY REFRAIN,NOT FOR LOVE,MARSHALL W. SILVERMAN AGENT,WILLIAM M FERRONE,20000,,2016-04-14,MARYLAND,J-K,,MARSHALL W. SILVERMAN AGENT,,
Midlantic Fall Yearlings (2017),2017-10-03,376,CH,,C,MARK VALESKI,HARLAN LIGHT,ARTIE SCHILLER,SETH GREGORY BLOODSTOCK AGENT,NOT SOLD,7000,,2016-03-22,NEW YORK,H,,SETH GREGORY BLOODSTOCK AGENT,,
Midlantic Fall Yearlings (2017),2017-10-03,377,B,,F,SEVILLE (GER),HARPERS FERRY,POINT GIVEN,ANCHOR & HOPE FARM,NOT SOLD,10000,,2016-03-05,MARYLAND,F,,ANCHOR & HOPE FARM,,
Midlantic Fall Yearlings (2017),2017-10-03,378,B,,C,SHACKLEFORD,HEART THROB,BANDINI,DARBY DAN FARM AGENT,J J CRUPI AGENT,50000,Y,2016-01-24,KENTUCKY,F-G,,DARBY DAN FARM AGENT,,
Midlantic Fall Yearlings (2017),2017-10-03,379,B,,C,BIG BROWN,HEAVENLY HUMOR,DISTORTED HUMOR,DARBY DAN FARM AGENT III,RSB FARM,10000,,2016-03-08,NEW YORK,F-G,,DARBY DAN FARM AGENT III,,
Midlantic Fall Yearlings (2017),2017-10-03,380,B,CAMERON MARIE,F,SUPER NINETY NINE,HELEN LOUISE,LOUIS QUATORZE,BILL REIGHTLER AGENT FOR KEN LOWE JR.,JULIE DAVIES,40000,,2016-04-30,MARYLAND,I-J,,BILL REIGHTLER AGENT FOR KEN LOWE JR.,,
Midlantic Fall Yearlings (2017),2017-10-03,381,CH,,F,CENTRAL BANKER,HEMET HUMOR,DISTORTED HUMOR,SARATOGA GLEN FARM LLC AGENT,EQB INC AGENT,35000,,2016-04-23,NEW YORK,G,,SARATOGA GLEN FARM LLC AGENT,,
Midlantic Fall Yearlings (2017),2017-10-03,382,DKB,,F,FLAT OUT,HEY WHERESMYDINNER,WAR PASS,CANDYLAND AGENT IV,MELVIN ST CLAIR JR,8000,Y,2016-04-26,KENTUCKY,J-K,,CANDYLAND AGENT IV,,
Midlantic Fall Yearlings (2017),2017-10-03,383,GRR,,F,HAT TRICK (JPN),HIGH RESOLVE,PUT IT BACK,CANDYLAND AGENT II,JOSE S PALACIOS,4200,,2016-03-10,MARYLAND,J-K,,CANDYLAND AGENT II,,
Midlantic Fall Yearlings (2017),2017-10-03,384,B,,C,GOLDENCENTS,HITCH VILLAGE,OLD TRIESTE,STUART MORRIS AGENT,DE MERIC STABLES,62000,,2016-05-21,NEW YORK,I-J,,STUART MORRIS AGENT,,
Midlantic Fall Yearlings (2017),2017-10-03,385,DKB,MAGIC HAPPENS,F,AWESOME PATRIOT,HOLLYBYGOLLY,OLD TRIESTE,VINERY SALES AGENT FOR WINDHORSE THOROUGHBREDS LLC,FRED HART,5000,,2016-03-17,NEW YORK,I,,VINERY SALES AGENT FOR WINDHORSE THOROUGHBREDS LLC,,
Midlantic Fall Yearlings (2017),2017-10-03,386,DKB,SUN VALLEY STAR,F,LION HEARTED,HOLY HOLY MOLY,HOLY BULL,BILL REIGHTLER AGENT FOR CAROL KAYE,CAMERON FROCK,3900,,2016-04-23,MARYLAND,I-J,,BILL REIGHTLER AGENT FOR CAROL KAYE,,
Midlantic Fall Yearlings (2017),2017-10-03,387,DKB,,C,LIAISON,HOUSE OF TAYLOR,NORTHERN AFLEET,C & S THOROUGHBRED SALES AGENT,WAYNE A DACOSTA,17000,,2016-03-15,KENTUCKY,G,,C & S THOROUGHBRED SALES AGENT,,
Midlantic Fall Yearlings (2017),2017-10-03,388,DKB,LAST LIONESS,F,LION HEARTED,HUG'N THE POLE,POLISH MINER,BILL REIGHTLER AGENT FOR DRAGON'S LAIR FARM LLC,CAMERON FROCK,1500,,2016-04-21,MARYLAND,I-J,,BILL REIGHTLER AGENT FOR DRAGON'S LAIR FARM LLC,,
Midlantic Fall Yearlings (2017),2017-10-03,389,DKB,,F,JUSTIN PHILLIP,HURRICANE ISABEL,UNBRIDLED JET,FORBUSH FARM,JAGGER INC,10000,,2016-05-01,KENTUCKY,L,,FORBUSH FARM,,
Midlantic Fall Yearlings (2017),2017-10-03,390,GRR,I SAW IT ALL,C,THE LUMBER GUY,I AIN'T SHY,INDYGO SHINER,VINERY SALES AGENT FOR WINDHORSE THOROUGHBREDS LLC,NOT SOLD,9500,,2016-03-19,NEW YORK,I,,VINERY SALES AGENT FOR WINDHORSE THOROUGHBREDS LLC,,
Midlantic Fall Yearlings (2017),2017-10-03,391,DKB,,C,VERRAZANO,I BE ME,MINESHAFT,C & S THOROUGHBRED SALES AGENT,NOT SOLD,9500,,2016-02-24,KENTUCKY,G,,C & S THOROUGHBRED SALES AGENT,,
Midlantic Fall Yearlings (2017),2017-10-03,392,B,,C,HEY CHUB,IFOUGHTDALAW,POSSE,GRACIE BLOODSTOCK AGENT FOR JOE-DAN FARM INC.,SUSAN MCBRIDE,4200,,2016-03-24,NEW JERSEY,E-F,,GRACIE BLOODSTOCK AGENT FOR JOE-DAN FARM INC.,,
Midlantic Fall Yearlings (2017),2017-10-03,393,CH,,C,FREEDOM CHILD,ILLUSION OF SPEED,TRIPPI,BILL REIGHTLER AGENT FOR SPENDTHRIFT FARM LLC,EISAMAN EQUINE,20000,,2016-05-07,MARYLAND,I-J,,BILL REIGHTLER AGENT FOR SPENDTHRIFT FARM LLC,,
Midlantic Fall Yearlings (2017),2017-10-03,394,DKB,LAMETA LUNA,F,ORIENTATE,IMPADOODLE,SUAVE PROSPECT,CHANCELAND FARM AGENT FOR MEZZA LUNA FARM LLC,BILL W BENSON DVM,1000,,2016-03-04,MARYLAND,A-B,,CHANCELAND FARM AGENT FOR MEZZA LUNA FARM LLC,,
Midlantic Fall Yearlings (2017),2017-10-03,395,DKB,,F,TALENT SEARCH,INTERVIEWING,ALLEN'S PROSPECT,BECKY MERKEL AGENT,OUT,0,,2016-04-07,PENNSYLVANIA,K-L,,BECKY MERKEL AGENT,,
Midlantic Fall Yearlings (2017),2017-10-03,396,B,GOSPEL MUSIC R V F,F,FREUD,INTIMATE MUSIC,PRIVATE TERMS,GRACIE BLOODSTOCK AGENT FOR RIVERVIEW FARMS,NOT SOLD,9000,,2016-04-01,KENTUCKY,E-F,,GRACIE BLOODSTOCK AGENT FOR RIVERVIEW FARMS,,
Midlantic Fall Yearlings (2017),2017-10-03,397,GRR,,C,TAKE CHARGE INDY,IRISH SMOKE,SMOKE GLACKEN,VINERY SALES AGENT IV,THREE DIAMONDS FARM,50000,,2016-05-05,KENTUCKY,I,,VINERY SALES AGENT IV,,
Midlantic Fall Yearlings (2017),2017-10-03,398,DKB,,C,NEW YEAR'S DAY,IRISHTOCAT,TOMORROWS CAT,HARRY L. LANDRY BLOODSTOCK LLC AGENT,NOT SOLD,1000,,2016-03-08,NEW YORK,D-E,,HARRY L. LANDRY BLOODSTOCK LLC AGENT,,
Midlantic Fall Yearlings (2017),2017-10-03,399,DKB,,F,ARCHARCHARCH,ISBELL AMBIEL,STRODES CREEK,BLAKE-ALBINA THOROUGHBRED SERVICES LLC AGENT,HEROLD WHYLIE,2000,,2016-05-03,KENTUCKY,J-K,,BLAKE-ALBINA THOROUGHBRED SERVICES LLC AGENT,,
Midlantic Fall Yearlings (2017),2017-10-03,400,B,,C,NOBLE MISSION (GB),ISLAND BOUND,SPEIGHTSTOWN,CHANCELAND FARM AGENT,OUT,0,,2016-04-18,MARYLAND,A-B,,CHANCELAND FARM AGENT,,
Midlantic Fall Yearlings (2017),2017-10-03,401,B,,F,JUMP START,JADE TUNE,CONGAREE,NORTHVIEW STALLION STATION (DAVID WADE) AGENT,OUT,0,,2016-03-22,PENNSYLVANIA,C-D,,NORTHVIEW STALLION STATION (DAVID WADE) AGENT,,
Midlantic Fall Yearlings (2017),2017-10-03,402,GRR,,C,DESERT PARTY,JAMAICAN GINGER,MARIA'S MON,MEADOWLARK VALLEY SALES AGENT,COOL HILL FARM,8000,,2016-04-11,NEW YORK,E,,MEADOWLARK VALLEY SALES AGENT,,
Midlantic Fall Yearlings (2017),2017-10-03,403,B,KICKSTARTMYHEART,F,JUMP START,JAMESTOWN ROMANCE,DILIGENCE,MARSHALL W. SILVERMAN AGENT,HELEN POLINGER,30000,,2016-04-14,MARYLAND,J-K,,MARSHALL W. SILVERMAN AGENT,,
Midlantic Fall Yearlings (2017),2017-10-03,404,CH,,C,GIO PONTI,JOXY ROXY,CITY ZIP,MARSHALL W. SILVERMAN AGENT,JERRY ROMANS,4000,,2016-03-10,KENTUCKY,J-K,,MARSHALL W. SILVERMAN AGENT,,
Midlantic Fall Yearlings (2017),2017-10-03,405,B,,F,STREET MAGICIAN,JUICE,CROWD PLEASER,BECKY DAVIS INC. AGENT,WASABI VENTURES STABLES,3500,,2016-04-23,MARYLAND,B-C,,BECKY DAVIS INC. AGENT,,
Midlantic Fall Yearlings (2017),2017-10-03,406,B,,F,MODERN COWBOY,JULIA,EASTERN ECHO,SHAMROCK FARM AGENT,NOT SOLD,1500,,2016-05-20,MARYLAND,I,,SHAMROCK FARM AGENT,,
Midlantic Fall Yearlings (2017),2017-10-03,407,DKB,,F,LIAISON,JUST A BELLA,CRYPTOCLEARANCE,VINERY SALES AGENT V,LINDA RICE AGENT,95000,,2016-04-16,NEW YORK,I,,VINERY SALES AGENT V,,
Midlantic Fall Yearlings (2017),2017-10-03,408,GRR,,F,ADIOS CHARLIE,JUST PERFECT,THEWAYYOUARE,HARRY L. LANDRY BLOODSTOCK LLC AGENT,NOT SOLD,1000,,2016-03-18,PENNSYLVANIA,D-E,,HARRY L. LANDRY BLOODSTOCK LLC AGENT,,
Midlantic Fall Yearlings (2017),2017-10-03,410,B,,F,WEIGELIA,KATARICA DISCO,DISCO RICO,WYNOAKS FARM LLC AGENT,THOMAS FOSTER,3000,,2016-03-30,PENNSYLVANIA,K,,WYNOAKS FARM LLC AGENT,,
Midlantic Fall Yearlings (2017),2017-10-03,411,GRR,FINDER ANGEL R V F,F,TO HONOR AND SERVE,KENTUCKY MELODY,YANKEE GENTLEMAN,GRACIE BLOODSTOCK AGENT FOR RIVERVIEW FARMS,NOT SOLD,4500,,2016-03-17,PENNSYLVANIA,E-F,,GRACIE BLOODSTOCK AGENT FOR RIVERVIEW FARMS,,
Midlantic Fall Yearlings (2017),2017-10-03,412,B,,F,WARRIOR'S REWARD,KIMONO,BERNARDINI,WOODFORD THOROUGHBREDS AGENT,CASSANDRA L HORNER,14000,Y,2016-01-15,KENTUCKY,A,,WOODFORD THOROUGHBREDS AGENT,,
Midlantic Fall Yearlings (2017),2017-10-03,413,DKB,,C,TRITAP,KIP BERRIES,KIPLING,BECKY DAVIS INC. AGENT,ELLEN HORNER,1000,,2016-04-14,MARYLAND,B-C,,BECKY DAVIS INC. AGENT,,
Midlantic Fall Yearlings (2017),2017-10-03,414,CH,,F,EL PADRINO,KISSMEDADDY,SCAT DADDY,NORTHVIEW STALLION STATION (DAVID WADE) AGENT FOR JAY AR DEE STABLES,NOT SOLD,12000,,2016-04-13,PENNSYLVANIA,C-D,,NORTHVIEW STALLION STATION (DAVID WADE) AGENT FOR JAY AR DEE STABLES,,
Midlantic Fall Yearlings (2017),2017-10-03,415,B,,F,BLAME,KISS THE DIVA,PULPIT,STUART MORRIS AGENT,NOT SOLD,19000,,2016-03-27,MARYLAND,I-J,,STUART MORRIS AGENT,,
Midlantic Fall Yearlings (2017),2017-10-03,416,B,JUMP JONES,C,JUMP START,KISS THE STARS,KISSIN KRIS,FORBUSH FARM AGENT II,NOT SOLD,19000,,2016-04-08,PENNSYLVANIA,L,,FORBUSH FARM AGENT II,,
Midlantic Fall Yearlings (2017),2017-10-03,417,B,,C,DURING,KNOTTY ASH,SILVER DEPUTY,SCOTT MALLORY AGENT II,OUT,0,,2016-05-09,KENTUCKY,F,,SCOTT MALLORY AGENT II,,
Midlantic Fall Yearlings (2017),2017-10-03,418,GRR,,F,FLASHBACK,LADY ARTEMIS,AWESOME AGAIN,STUART MORRIS AGENT,OUT,0,,2016-04-24,MARYLAND,I-J,,STUART MORRIS AGENT,,
Midlantic Fall Yearlings (2017),2017-10-03,419,DKB,LAUREL LADY,F,BELLAMY ROAD,LADY IN ERMINE,HONOUR AND GLORY,SALLY THOMAS AGENT FOR CAROL KAYE/JEANNE BAKER/JAMES BOYCE,NOT SOLD,27000,,2016-04-22,MARYLAND,B,,SALLY THOMAS AGENT FOR CAROL KAYE/JEANNE BAKER/JAMES BOYCE,,
Midlantic Fall Yearlings (2017),2017-10-03,420,DKB,,C,OUTFLANKER,LADY LEAR,LEAR FAN,SHAMROCK FARM AGENT,VINA DEL MAR THOROUGHBREDS LLC,10000,,2016-03-22,MARYLAND,I,,SHAMROCK FARM AGENT,,
Midlantic Fall Yearlings (2017),2017-10-03,421,B,REDRIGHTRETURNING,C,ORIENTATE,L'ANCH,BERNSTEIN,ANCHOR & HOPE FARM AGENT,JAMES R LAYDEN AGENT,8000,,2016-04-27,PENNSYLVANIA,F,,ANCHOR & HOPE FARM AGENT,,
Midlantic Fall Yearlings (2017),2017-10-03,422,GRR,,F,MISSION IMPAZIBLE,LAVENDER GEM,HARLAN'S HOLIDAY,MARSHALL W. SILVERMAN AGENT,DAK ATTACK,5000,,2016-02-25,NEW YORK,J-K,,MARSHALL W. SILVERMAN AGENT,,
Midlantic Fall Yearlings (2017),2017-10-03,423,DKB,,F,SEVILLE (GER),LEAGLEYESER,EAGLE EYED,MARSHALL W. SILVERMAN AGENT FOR ELIZABETH B. BARR,JOSEPH BESECKER,1000,,2016-04-20,PENNSYLVANIA,J-K,,MARSHALL W. SILVERMAN AGENT FOR ELIZABETH B. BARR,,
Midlantic Fall Yearlings (2017),2017-10-03,424,CH,,C,CAL NATION,LEAWOOD,CAPE CANAVERAL,BILL REIGHTLER AGENT,NOT SOLD,7000,,2016-03-21,PENNSYLVANIA,I-J,,BILL REIGHTLER AGENT,,
Midlantic Fall Yearlings (2017),2017-10-03,425,B,,F,POSEIDON'S WARRIOR,LEMONS TO LEMONADE,LEMON DROP KID,RUNNER'S DREAM FARM INC. AGENT,JAGGER INC,2000,,2016-04-05,FLORIDA,H,,RUNNER'S DREAM FARM INC. AGENT,,
Midlantic Fall Yearlings (2017),2017-10-03,426,GRR,,C,PADDY O'PRADO,LIBERTY'S LYRIC,UNBRIDLED'S SONG,MARSHALL W. SILVERMAN AGENT,JERRY ROMANS,60000,,2016-03-09,KENTUCKY,J-K,,MARSHALL W. SILVERMAN AGENT,,
Midlantic Fall Yearlings (2017),2017-10-03,427,B,,F,CENTRAL BANKER,LIFELONG,VINDICATION,MCMAHON OF SARATOGA THOROUGHBREDS LLC AGENT,RICHARD VEGA,18000,,2016-03-19,NEW YORK,K,,MCMAHON OF SARATOGA THOROUGHBREDS LLC AGENT,,
Midlantic Fall Yearlings (2017),2017-10-03,428,CH,WALKONTHEWILDSIDE,F,ANIMAL KINGDOM,LINNEA CAL,CRAFTY PROSPECTOR,NORTHVIEW STALLION STATION (DAVID WADE) AGENT,OUT,0,,2016-01-17,KENTUCKY,C-D,,NORTHVIEW STALLION STATION (DAVID WADE) AGENT,,
Midlantic Fall Yearlings (2017),2017-10-03,429,CH,,F,ITSMYLUCKYDAY,LION D N A,LION HEART,BILL REIGHTLER AGENT FOR SPENDTHRIFT FARM LLC,RLB RACING LLC (RON BROADWATER JR),2500,,2016-02-09,NEW YORK,I-J,,BILL REIGHTLER AGENT FOR SPENDTHRIFT FARM LLC,,
Midlantic Fall Yearlings (2017),2017-10-03,430,DKB,,C,SEVILLE (GER),LISTENTOTHEWINDBLO,PARTNER'S HERO,DARK HOLLOW FARM AGENT XII,JOSEPH BESECKER,6000,,2016-03-22,MARYLAND,A,,DARK HOLLOW FARM AGENT XII,,
Midlantic Fall Yearlings (2017),2017-10-03,431,DKB,,F,FLAT OUT,LITTLEBITABLING,CARSON CITY,GREENMOUNT FARM AGENT,NOT SOLD,9000,,2016-05-14,MARYLAND,G,,GREENMOUNT FARM AGENT,,
Midlantic Fall Yearlings (2017),2017-10-03,432,CH,,C,DATA LINK,LONDON VALLEY,FAST PLAY,SCOTT MALLORY AGENT,CHAMPION EQUINE LLC,150000,,2016-02-07,KENTUCKY,F,,SCOTT MALLORY AGENT,,
Midlantic Fall Yearlings (2017),2017-10-03,433,B,,C,TO HONOR AND SERVE,LOOKIN FOR ME,POSSE,CHANCELAND FARM AGENT,NOT SOLD,7000,,2016-02-10,KENTUCKY,A-B,,CHANCELAND FARM AGENT,,
Midlantic Fall Yearlings (2017),2017-10-03,434,DKB,SKY GAZER R V F,C,ASTROLOGY,LOST IN THE WOODS,FOREST DANGER,GRACIE BLOODSTOCK AGENT FOR RIVERVIEW FARMS,NOT SOLD,7000,,2016-04-05,KENTUCKY,E-F,,GRACIE BLOODSTOCK AGENT FOR RIVERVIEW FARMS,,
Midlantic Fall Yearlings (2017),2017-10-03,435,CH,,C,FRIESAN FIRE,LOTOSBLUME,MR. SEKIGUCHI,CHANCELAND FARM AGENT,EQB INC AGENT FOR ZAYAT STABLE,70000,,2016-03-13,MARYLAND,A-B,,CHANCELAND FARM AGENT,,
Midlantic Fall Yearlings (2017),2017-10-03,436,B,,F,GOLDENCENTS,LOVE MY GIRL,EL CORREDOR,STUART MORRIS AGENT,SHOWCASE STABLES,7000,,2016-01-24,NEW YORK,I-J,,STUART MORRIS AGENT,,
Midlantic Fall Yearlings (2017),2017-10-03,437,DKB,,C,SHANGHAI BOBBY,LUCETTE,DAYJUR,MARSHALL W. SILVERMAN AGENT,CHARLES J ZACNEY,135000,,2016-05-10,MARYLAND,J-K,,MARSHALL W. SILVERMAN AGENT,,
Midlantic Fall Yearlings (2017),2017-10-03,438,B,LUCKY BULL,C,BULLSBAY,LUCKY BRIDLE,UNBRIDLED JET,NORTHVIEW STALLION STATION (DAVID WADE) AGENT FOR BLACK FOX FARM,KATHLEEN WILLIER,30000,,2016-05-07,MARYLAND,C-D,,NORTHVIEW STALLION STATION (DAVID WADE) AGENT FOR BLACK FOX FARM,,
Midlantic Fall Yearlings (2017),2017-10-03,439,B,,F,GIROLAMO,LUCKY DANCE,KAFWAIN,CHANCELAND FARM AGENT,NOT SOLD,20000,,2016-02-19,MARYLAND,A-B,,CHANCELAND FARM AGENT,,
Midlantic Fall Yearlings (2017),2017-10-03,440,DKB,,C,MUCHO MACHO MAN,LUCKY LIZA,CHAPEL ROYAL,HARRY L. LANDRY BLOODSTOCK LLC AGENT,NOT SOLD,18000,,2016-07-15,KENTUCKY,D-E,,HARRY L. LANDRY BLOODSTOCK LLC AGENT,,
Midlantic Fall Yearlings (2017),2017-10-03,441,GRR,,C,TRITAP,LYRICAL PRADO,EL PRADO (IRE),ANCHOR & HOPE FARM,COOL HILL FARM,21000,,2016-05-08,MARYLAND,F,,ANCHOR & HOPE FARM,,
Midlantic Fall Yearlings (2017),2017-10-03,442,CH,ABBO,F,UNION RAGS,MADDALENA,GOOD AND TOUGH,STUART MORRIS AGENT,NOT SOLD,120000,,2016-05-03,MARYLAND,I-J,,STUART MORRIS AGENT,,
Midlantic Fall Yearlings (2017),2017-10-03,443,B,,F,ELUSIVE QUALITY,MAKE WAVES,MACHO UNO,MORGAN'S FORD FARM,ALEXANDRA WHITE,2000,,2016-04-08,VIRGINIA,I,,MORGAN'S FORD FARM,,
Midlantic Fall Yearlings (2017),2017-10-03,444,B,,F,PAYNTER,MALIBU QUEEN,MALIBU MOON,STUART MORRIS AGENT,NOT SOLD,2000,,2016-03-10,ONTARIO,I-J,,STUART MORRIS AGENT,,
Midlantic Fall Yearlings (2017),2017-10-03,445,B,,F,KITTEN'S JOY,MANDA BAY,EMPIRE MAKER,STUART MORRIS AGENT,OUT,0,,2016-01-31,KENTUCKY,I-J,,STUART MORRIS AGENT,,
Midlantic Fall Yearlings (2017),2017-10-03,446,B,,C,MAGICIAN (IRE),MARGARET LILIAN,POLITICAL FORCE,HARRY L. LANDRY BLOODSTOCK LLC AGENT,NOT SOLD,9000,,2016-03-22,NEW YORK,D-E,,HARRY L. LANDRY BLOODSTOCK LLC AGENT,,
Midlantic Fall Yearlings (2017),2017-10-03,447,B,TAP THE MARK,C,TRITAP,MARK UP TINY,BENCHMARK,NORTHVIEW STALLION STATION (DAVID WADE) AGENT,B B HORSES,9500,,2016-04-11,MARYLAND,C-D,,NORTHVIEW STALLION STATION (DAVID WADE) AGENT,,
Midlantic Fall Yearlings (2017),2017-10-03,448,DKB,,C,FLAT OUT,MARVELOUS MONKEY,SAINT LIAM,NORTHVIEW STALLION STATION (DAVID WADE) AGENT,ANDREW J HAWTHORNE,4000,,2016-03-22,PENNSYLVANIA,C-D,,NORTHVIEW STALLION STATION (DAVID WADE) AGENT,,
Midlantic Fall Yearlings (2017),2017-10-03,449,B,,F,TIZNOW,MARY BERNICE,BERNARDINI,MARSHALL W. SILVERMAN AGENT I,CHARLES J ZACNEY,65000,,2016-01-31,PENNSYLVANIA,J-K,,MARSHALL W. SILVERMAN AGENT I,,
Midlantic Fall Yearlings (2017),2017-10-03,450,B,,F,SUPER SAVER,MISS SPINKS,ROCK HARD TEN,CHILLY BLEAK FARM AGENT,OUT,0,,2016-04-24,VIRGINIA,G,,CHILLY BLEAK FARM AGENT,,
Midlantic Fall Yearlings (2017),2017-10-03,451,CH,,F,JIMMY CREED,MATTIE CAKES,MEADOWLAKE,BECKY MERKEL AGENT FOR ELISHA PEREZ,NOT SOLD,9000,,2016-04-14,KENTUCKY,K-L,,BECKY MERKEL AGENT FOR ELISHA PEREZ,,
Midlantic Fall Yearlings (2017),2017-10-03,452,GRR,,F,TRITAP,MAUDE ONIONS,TWO PUNCH,BECKY DAVIS INC. AGENT,KIM CAMPBELL,20000,,2016-03-21,MARYLAND,B-C,,BECKY DAVIS INC. AGENT,,
Midlantic Fall Yearlings (2017),2017-10-03,453,B,,F,HONORABLE DILLON,MAYBE LIN,FLY SO FREE,MARSHALL W. SILVERMAN AGENT,OUT,0,,2016-01-20,NEW YORK,J-K,,MARSHALL W. SILVERMAN AGENT,,
Midlantic Fall Yearlings (2017),2017-10-03,454,DKB,,C,BANDBOX,MCCOUGHTRY,PURIM,DARK HOLLOW FARM AGENT XIII,HILLWOOD STABLE LLC,60000,,2016-03-20,MARYLAND,A,,DARK HOLLOW FARM AGENT XIII,,
Midlantic Fall Yearlings (2017),2017-10-03,455,DKB,,C,ITSMYLUCKYDAY,MEDIEVAL CAT,DISCREET CAT,SALLY THOMAS AGENT,NOT SOLD,18000,,2016-02-19,NEW YORK,B,,SALLY THOMAS AGENT,,
Midlantic Fall Yearlings (2017),2017-10-03,456,B,,C,SEVILLE (GER),MELISMA'S VALLEY,PEAKS AND VALLEYS,MURMUR FARM AGENT,WALTER C REESE,5500,,2016-03-24,MARYLAND,K,,MURMUR FARM AGENT,,
Midlantic Fall Yearlings (2017),2017-10-03,457,B,,F,SEVILLE (GER),MERRIWEATHER,OPENING VERSE,BECKY DAVIS INC. AGENT,OUT,0,,2016-03-03,MARYLAND,B-C,,BECKY DAVIS INC. AGENT,,
Midlantic Fall Yearlings (2017),2017-10-03,458,B,,F,WEIGELIA,MERRY WIDOW,CORONADO'S QUEST,WYNOAKS FARM LLC AGENT,MIKE MASON,1000,,2016-03-28,PENNSYLVANIA,K,,WYNOAKS FARM LLC AGENT,,
Midlantic Fall Yearlings (2017),2017-10-03,459,CH,,F,ITSMYLUCKYDAY,MIA GATTO,CAT THIEF,WOODFORD THOROUGHBREDS AGENT,OUT,0,,2016-05-18,NEW YORK,A,,WOODFORD THOROUGHBREDS AGENT,,
Midlantic Fall Yearlings (2017),2017-10-03,460,DKB,,C,BIG BROWN,MIA'S FIRST,MALABAR GOLD,BLAKE-ALBINA THOROUGHBRED SERVICES LLC AGENT,GARY SCIACCA,20000,,2016-04-27,NEW YORK,J-K,,BLAKE-ALBINA THOROUGHBRED SERVICES LLC AGENT,,
Midlantic Fall Yearlings (2017),2017-10-03,461,B,PASCHA PASCHA,F,COURAGEOUS CAT,MICK'S DOLL,MOJAVE MOON,HARRY L. LANDRY BLOODSTOCK LLC AGENT FOR MOJO STABLES INC.,HEROLD WHYLIE,1000,,2016-03-17,NEW YORK,D-E,,HARRY L. LANDRY BLOODSTOCK LLC AGENT FOR MOJO STABLES INC.,,
Midlantic Fall Yearlings (2017),2017-10-03,462,DKB,,F,TALE OF THE CAT,MIDTOWN MISS,YES IT'S TRUE,AUDLEY FARM EQUINE,EISAMAN EQUINE,150000,,2016-03-04,VIRGINIA,I,,AUDLEY FARM EQUINE,,
Midlantic Fall Yearlings (2017),2017-10-03,463,B,POSSETIZZLY,C,POSSE,MIMI'S TIZZY,CEE'S TIZZY,HARRY L. LANDRY BLOODSTOCK LLC AGENT,NOT SOLD,19000,,2016-05-05,NEW YORK,D-E,,HARRY L. LANDRY BLOODSTOCK LLC AGENT,,
Midlantic Fall Yearlings (2017),2017-10-03,464,CH,,C,MIDSHIPMAN,MIRJAH,ELUSIVE QUALITY,TONYA JURGENS AGENT,MASON SPRINGS LLC,20000,,2016-03-16,KENTUCKY,H,,TONYA JURGENS AGENT,,
Midlantic Fall Yearlings (2017),2017-10-03,465,B,,F,STAY THIRSTY,MISS ACCORD,A. P JET,PATRICIA CALANDRO AGENT FOR BARELY ABLE FARM,NOT SOLD,1000,,2016-04-16,NEW YORK,H,,PATRICIA CALANDRO AGENT FOR BARELY ABLE FARM,,
Midlantic Fall Yearlings (2017),2017-10-03,466,DKB,,C,CONGRATS,MISS BLARNEY STONE,DYNAFORMER,VINERY SALES AGENT III,NOT SOLD,19000,,2016-05-17,NEW YORK,I,,VINERY SALES AGENT III,,
Midlantic Fall Yearlings (2017),2017-10-03,467,GRR,,F,FLASHBACK,MISS CHARADES,MIZZEN MAST,STUART MORRIS AGENT,OUT,0,,2016-03-11,MARYLAND,I-J,,STUART MORRIS AGENT,,
Midlantic Fall Yearlings (2017),2017-10-03,468,CH,,F,STREET BOSS,MISS FOREST CITY,CORONADO'S QUEST,CANDYLAND AGENT XIII,JAY A REESE,14000,,2016-05-06,KENTUCKY,J-K,,CANDYLAND AGENT XIII,,
Midlantic Fall Yearlings (2017),2017-10-03,469,CH,REDEEM MY HEART,F,REDEEMED,MISS GEMSTONE,CLEVER TRICK,MARSHALL W. SILVERMAN AGENT,TIM GIRTEN,5000,,2016-05-01,PENNSYLVANIA,J-K,,MARSHALL W. SILVERMAN AGENT,,
Midlantic Fall Yearlings (2017),2017-10-03,470,GRR,,F,FLASHBACK,MISS HENNY PENNY,HALF OURS,SCOTT MALLORY AGENT,WALNUT GREEN LLC,50000,,2016-05-07,WEST VIRGINIA,F,,SCOTT MALLORY AGENT,,
Midlantic Fall Yearlings (2017),2017-10-03,471,DKB,,C,SUPER NINETY NINE,MISSION TRUE,WARRIOR'S REWARD,BILL REIGHTLER AGENT FOR SPENDTHRIFT FARM LLC,DEAN PURDOM,4000,,2016-05-14,MARYLAND,I-J,,BILL REIGHTLER AGENT FOR SPENDTHRIFT FARM LLC,,
Midlantic Fall Yearlings (2017),2017-10-03,472,GRR,,C,BANDBOX,MISS JAZZMIN,JAZZ CLUB,MARSHALL W. SILVERMAN AGENT,HERBERT S HOUSEN,2000,,2016-04-04,PENNSYLVANIA,J-K,,MARSHALL W. SILVERMAN AGENT,,
Midlantic Fall Yearlings (2017),2017-10-03,473,CH,,F,TEUFLESBERG,MISS LIBBY,DESERT WARRIOR,MCMAHON OF SARATOGA THOROUGHBREDS LLC AGENT,NOT SOLD,9000,,2016-03-04,NEW YORK,K,,MCMAHON OF SARATOGA THOROUGHBREDS LLC AGENT,,
Midlantic Fall Yearlings (2017),2017-10-03,474,GRR,,F,CENTRAL BANKER,MLLE. DE PARIS,SILVER CHARM,VINERY SALES AGENT I,SUNSHINE EQUINE,5000,,2016-04-03,NEW YORK,I,,VINERY SALES AGENT I,,
Midlantic Fall Yearlings (2017),2017-10-03,475,B,,F,QUALITY ROAD,MODEST MADAME,KING CUGAT,CHANCELAND FARM AGENT,EISAMAN EQUINE,100000,,2016-04-26,MARYLAND,A-B,,CHANCELAND FARM AGENT,,
Midlantic Fall Yearlings (2017),2017-10-03,476,B,,C,FROST GIANT,MOLLYPUTTHEKETELON,RAINBOW QUEST,VINERY SALES AGENT FOR GRANT & CONSTANCE WHITMER,LESLEY F YOUNG,5000,,2016-03-21,NEW YORK,I,,VINERY SALES AGENT FOR GRANT & CONSTANCE WHITMER,,
Midlantic Fall Yearlings (2017),2017-10-03,477,B,,F,WEIGELIA,MORE PARTY GIRL,MORE SMOKE,WYNOAKS FARM LLC AGENT,GRASSROOTS TRN & SALES LLC,6000,,2016-04-28,PENNSYLVANIA,K,,WYNOAKS FARM LLC AGENT,,
Midlantic Fall Yearlings (2017),2017-10-03,478,DKB,,C,FLATTER,MORE THAN LOVE,MORE THAN READY,BLAKE-ALBINA THOROUGHBRED SERVICES LLC AGENT,NOT SOLD,47000,,2016-04-19,NEW YORK,J-K,,BLAKE-ALBINA THOROUGHBRED SERVICES LLC AGENT,,
Midlantic Fall Yearlings (2017),2017-10-03,479,B,,C,ALPHA,MOSS ROSE,ELUSIVE QUALITY,HARRY L. LANDRY BLOODSTOCK LLC AGENT,OUT,0,,2016-03-19,NEW YORK,D-E,,HARRY L. LANDRY BLOODSTOCK LLC AGENT,,
Midlantic Fall Yearlings (2017),2017-10-03,480,CH,,F,FREEDOM CHILD,MOST BEAUTIFUL,MORE THAN READY,ANCHOR & HOPE FARM AGENT FOR FINN'S NICKEL LLC & COPPER PENNY STABLES,JAGGER INC,5000,,2016-04-11,MARYLAND,F,,ANCHOR & HOPE FARM AGENT FOR FINN'S NICKEL LLC & COPPER PENNY STABLES,,
Midlantic Fall Yearlings (2017),2017-10-03,481,DKB,,F,FRIESAN FIRE,MOVISION,MONARCHOS,CHANCELAND FARM AGENT FOR LUCAS RACING INC.,DONALD K DEAN,1500,,2016-01-17,MARYLAND,A-B,,CHANCELAND FARM AGENT FOR LUCAS RACING INC.,,
Midlantic Fall Yearlings (2017),2017-10-03,482,CH,TAKE THEM ON,C,SHACKLEFORD,MS. CRUISEN',CANDY RIDE (ARG),DARBY DAN FARM AGENT I,PICK VIEW LLC,100000,,2016-03-12,PENNSYLVANIA,F-G,,DARBY DAN FARM AGENT I,,
Midlantic Fall Yearlings (2017),2017-10-03,483,B,,F,OUTFLANKER,MY MAD CAM,JUMP START,SHAMROCK FARM AGENT,NOT SOLD,4500,,2016-03-13,MARYLAND,I,,SHAMROCK FARM AGENT,,
Midlantic Fall Yearlings (2017),2017-10-03,484,B,,C,ELUSIVE QUALITY,MY REDBYRD,ROYAL ACADEMY,BLAKE-ALBINA THOROUGHBRED SERVICES LLC AGENT,CHARLES J ZACNEY,87000,,2016-02-25,NEW YORK,J-K,,BLAKE-ALBINA THOROUGHBRED SERVICES LLC AGENT,,
Midlantic Fall Yearlings (2017),2017-10-03,485,GRR,,F,TRITAP,MY RIB,PARTNER'S HERO,BECKY DAVIS INC. AGENT,RUSS YOUNG,21000,,2016-04-22,MARYLAND,B-C,,BECKY DAVIS INC. AGENT,,
Midlantic Fall Yearlings (2017),2017-10-03,486,CH,,F,MAJESTIC WARRIOR,MY SPARKY,DEHERE,DARBY DAN FARM AGENT III,JOSEPH LLOYD,1000,,2016-05-05,NEW YORK,F-G,,DARBY DAN FARM AGENT III,,
Midlantic Fall Yearlings (2017),2017-10-03,487,DKB,,F,JUMP START,NANA KNOWS,GOLD TRIBUTE,CHANCELAND FARM AGENT,GARY HACKER,32000,,2016-04-22,MARYLAND,A-B,,CHANCELAND FARM AGENT,,
Midlantic Fall Yearlings (2017),2017-10-03,488,B,ASIAN TRICK,C,CONGAREE,NEAT TRICK,CLEVER TRICK,RUNNER'S DREAM FARM INC.,B B HORSES,1500,,2016-04-17,PENNSYLVANIA,H,,RUNNER'S DREAM FARM INC.,,
Midlantic Fall Yearlings (2017),2017-10-03,489,CH,,F,HAYNESFIELD,NEC METU,SUCCESSFUL APPEAL,DARBY DAN FARM AGENT II,NOT SOLD,19000,,2016-04-24,PENNSYLVANIA,F-G,,DARBY DAN FARM AGENT II,,
Midlantic Fall Yearlings (2017),2017-10-03,490,B,,F,VERRAZANO,NIGHT BRIGADE,ROCKPORT HARBOR,ANCHOR & HOPE FARM AGENT FOR FINN'S NICKEL LLC,PEWTER STABLE LLC,31000,,2016-01-14,MARYLAND,F,,ANCHOR & HOPE FARM AGENT FOR FINN'S NICKEL LLC,,
Midlantic Fall Yearlings (2017),2017-10-03,491,DKB,,C,TEMPLE CITY,NILE HIGH,PIONEEROF THE NILE,STUART MORRIS AGENT,BLACK CLOUD RACING,25000,,2016-02-11,KENTUCKY,I-J,,STUART MORRIS AGENT,,
Midlantic Fall Yearlings (2017),2017-10-03,492,GRR,,F,HONORABLE DILLON,NOCTIVAGANT,WITH DISTINCTION,VINERY SALES AGENT X,NOT SOLD,4500,,2016-03-31,NEW YORK,I,,VINERY SALES AGENT X,,
Midlantic Fall Yearlings (2017),2017-10-03,493,DKB,,C,SHAKIN IT UP,NO NAME NEEDED,MEDAGLIA D'ORO,CANDYLAND AGENT XIV,NOT SOLD,45000,,2016-05-17,KENTUCKY,J-K,,CANDYLAND AGENT XIV,,
Midlantic Fall Yearlings (2017),2017-10-03,494,DKB,,F,REDEEMED,NOORISSUN (IRE),CHAPEL ROYAL,P.J. ARNOLD BLOODSTOCK LLC AGENT FOR JELLICOE CREEK LLC,NOT SOLD,2200,,2016-02-20,MARYLAND,F,,P.J. ARNOLD BLOODSTOCK LLC AGENT FOR JELLICOE CREEK LLC,,
Midlantic Fall Yearlings (2017),2017-10-03,495,GRR,,F,MISSION IMPAZIBLE,NORTHERN CITY,CITY ZIP,HARRY L. LANDRY BLOODSTOCK LLC AGENT,OUT,0,,2016-02-15,NEW YORK,D-E,,HARRY L. LANDRY BLOODSTOCK LLC AGENT,,
Midlantic Fall Yearlings (2017),2017-10-03,496,DKB,KENILWORTH,C,HERE COMES BEN,TAP THE SKY,PLEASANT TAP,DARBY DAN FARM AGENT XIII,MIKE MASON,1200,,2016-03-30,PENNSYLVANIA,F-G,,DARBY DAN FARM AGENT XIII,,
Midlantic Fall Yearlings (2017),2017-10-03,497,DKB,SUDDEN AFLEET,F,NORTHERN AFLEET,MANHATTAN NOW,PRIVATE TERMS,STUART MORRIS AGENT,NOT SOLD,9500,,2016-04-12,KENTUCKY,I-J,,STUART MORRIS AGENT,,
Midlantic Fall Yearlings (2017),2017-10-03,498,B,,F,MACLEAN'S MUSIC,PARTY GIRL (FR),BERING (GB),STUART MORRIS AGENT FOR HIGHCLERE,COUNTRY LIFE FARM,35000,,2016-04-13,LOUISIANA,I-J,,STUART MORRIS AGENT FOR HIGHCLERE,,
Midlantic Fall Yearlings (2017),2017-10-03,499,B,,F,TIZWAY,BLUES LEGEND,MR. GREELEY,BLAKE-ALBINA THOROUGHBRED SERVICES LLC AGENT,OUT,0,,2016-03-05,KENTUCKY,J-K,,BLAKE-ALBINA THOROUGHBRED SERVICES LLC AGENT,,
Midlantic Fall Yearlings (2017),2017-10-03,500,CH,,F,HARD SPUN,MY GOLDEN BELLE,MY GOLDEN SONG,CHANCELAND FARM AGENT,CLASSIC BLOODSTOCK,67000,,2016-03-12,KENTUCKY,A-B,,CHANCELAND FARM AGENT,,
Midlantic Fall Yearlings (2017),2017-10-03,501,CH,,F,CURLIN,SALLYPORT,FLOWER ALLEY,CANDYLAND AGENT XXI,CLASSIC BLOODSTOCK,75000,,2016-03-23,KENTUCKY,J-K,,CANDYLAND AGENT XXI,,
Midlantic Fall Yearlings (2017),2017-10-03,502,B,,C,DECLARATION OF WAR,QUEEN OF THE REALM,EMPIRE MAKER,CHANCELAND FARM AGENT,TERRY GABRIEL,85000,,2016-02-15,KENTUCKY,A-B,,CHANCELAND FARM AGENT,,
Midlantic Fall Yearlings (2017),2017-10-03,503,B,,F,UNION RAGS,DIVA STYLE,UNBRIDLED'S SONG,STUART MORRIS AGENT,THREE DIAMONDS FARM,90000,,2016-03-02,KENTUCKY,I-J,,STUART MORRIS AGENT,,
Midlantic Fall Yearlings (2017),2017-10-03,504,CH,,F,EXCHANGE RATE,AMARETTA'S WAY,GIANT'S CAUSEWAY,STUART MORRIS AGENT,NOT SOLD,35000,,2016-02-27,KENTUCKY,I-J,,STUART MORRIS AGENT,,
Midlantic Fall Yearlings (2017),2017-10-03,505,CH,,C,UNION RAGS,CATCH THE BEAT,TAPIT,MARSHALL W. SILVERMAN AGENT,BIRD IN HAND STABLES,5000,,2016-04-05,NORTH CAROLINA,J-K,,MARSHALL W. SILVERMAN AGENT,,
Midlantic Fall Yearlings (2017),2017-10-03,506,B,,F,STREET SENSE,LA LA'S COOKIN,HARLAN'S HOLIDAY,STUART MORRIS AGENT,COUNTRY LIFE FARM,70000,,2016-03-25,KENTUCKY,I-J,,STUART MORRIS AGENT,,
Midlantic Fall Yearlings (2017),2017-10-03,507,B,,F,NOBLE MISSION (GB),ALEXANDRIA WA,BLUEGRASS CAT,DARBY DAN FARM AGENT II,NOT SOLD,19000,,2016-04-14,PENNSYLVANIA,F-G,,DARBY DAN FARM AGENT II,,
Midlantic Fall Yearlings (2017),2017-10-03,508,DKB,TEMPLE CITY CHARM,F,TEMPLE CITY,CHARMSIL,SILVER CHARM,BECKY MERKEL AGENT,NOT SOLD,1000,,2016-03-13,FLORIDA,K-L,,BECKY MERKEL AGENT,,
Midlantic Fall Yearlings (2017),2017-10-03,509,DKB,,F,STAY THIRSTY,AIN'T SHE AWESOME,AWESOME AGAIN,MARSHALL W. SILVERMAN AGENT FOR WILLOW OAKS FARM,NOT SOLD,9500,,2016-03-03,MARYLAND,J-K,,MARSHALL W. SILVERMAN AGENT FOR WILLOW OAKS FARM,,
Midlantic Fall Yearlings (2017),2017-10-03,510,B,,C,BLAME,BERRY BLESSED,ST. JOVITE,MARSHALL W. SILVERMAN AGENT FOR WILLOW OAKS FARM,JOHN KOENIG,10000,,2016-04-26,MARYLAND,J-K,,MARSHALL W. SILVERMAN AGENT FOR WILLOW OAKS FARM,,
Midlantic Fall Yearlings (2017),2017-10-03,511,B,,F,KITTEN'S JOY,MAY ISLAND,HARD SPUN,STUART MORRIS AGENT,HARRY WEISLEDER,20000,,2016-02-11,KENTUCKY,I-J,,STUART MORRIS AGENT,,
Midlantic Fall Yearlings (2017),2017-10-03,512,DKB,,C,KITTEN'S JOY,LONE TIGRESS,TALE OF THE CAT,STUART MORRIS AGENT FOR JEFFREY AND WILLIAM AND STEPHANIE RAMSEY,B B HORSES,22000,,2016-04-30,KENTUCKY,I-J,,STUART MORRIS AGENT FOR JEFFREY AND WILLIAM AND STEPHANIE RAMSEY,,
Midlantic Fall Yearlings (2017),2017-10-03,513,B,,F,DISCREET CAT,EXPERTS ONLY,POWER OF MIND,CHANCELAND FARM AGENT,JOSEPH BESECKER,8500,,2016-04-22,MARYLAND,A-B,,CHANCELAND FARM AGENT,,
