SALE TITLE,SESSION,HIP,COLOR,SEX,SIRE,DAM,SIRE OF DAM,PROPERTY LINE,PURCHASER,PRICE,PRIVATE SALE,YEAR OF BIRTH,FOALED,BARN,COVER DATE,SOLD AS DESCRIPTION,VIRTUAL INSPECTION
Midlantic May Two-Year-Olds in Training (2023),2023-05-22,1,B,F,AUDIBLE,YANKEE VICTORIA,YANKEE VICTOR,JAMES LAYDEN AGENT,NOT SOLD,47000,,01/22/2021,KENTUCKY,D,,,,10.3,https://www.youtube.com/watch?v=9b_KZwRIyXA
Midlantic May Two-Year-Olds in Training (2023),2023-05-22,2,B,C,THE FACTOR,YOU BETCHA BABE,YES IT'S TRUE,CRANE THOROUGHBRED SERVICES LLC AGENT,TWO PALS RACING,100000,,04/11/2021,PENNSYLVANIA,K&L,,,,G,https://www.youtube.com/watch?v=KOnT9Rehe6U
Midlantic May Two-Year-Olds in Training (2023),2023-05-22,3,B,C,AUDIBLE,YOU LAUGHIN,SHARP HUMOR,SBM TRAINING AND SALES AGENT,OUT,0,,03/08/2021,LOUISIANA,K&L,,,,,
Midlantic May Two-Year-Olds in Training (2023),2023-05-22,4,B,C,CENTRAL BANKER,YOUMAKEMEBLUSH,VIOLENCE,HIDDEN BROOK AGENT VII,OUT,0,,04/12/2021,NEW YORK,K,,,,,
Midlantic May Two-Year-Olds in Training (2023),2023-05-22,5,CH,C,COMPETITIVE EDGE,A BIT OF PRESSURE,HIGH YIELD,PAUL SHARP AGENT XII,S.R.O.A. (K.O.I.D.),40000,,05/08/2021,KENTUCKY,J&K,,,,11,https://www.youtube.com/watch?v=3F_9ax2jOEA
Midlantic May Two-Year-Olds in Training (2023),2023-05-22,6,DKB,C,GIRVIN,ABSOULUTE HEAVEN,NOT FOR LOVE,TOM MCCROCKLIN AGENT XVII,JULIA CAREY,40000,,04/01/2021,FLORIDA,D&E,,,,10.3,https://www.youtube.com/watch?v=YA_tZpRqZxI
Midlantic May Two-Year-Olds in Training (2023),2023-05-22,7,B,C,TAPITURE,ABUNDANCEOFCAUTION,KITTEN'S JOY,COASTAL EQUINE LLC (JESSE HOPPEL) AGENT,MICHAEL V PINO,50000,,01/19/2021,KENTUCKY,B&C,,,,10.3,https://www.youtube.com/watch?v=MnjRtlPb3CA
Midlantic May Two-Year-Olds in Training (2023),2023-05-22,8,CH,C,FREE DROP BILLY,ACCELEBRATE,NORTHERN AFLEET,PAUL SHARP AGENT I,TEN STRIKE RACING,15000,,02/15/2021,NEW YORK,J&K,,,,11,https://www.youtube.com/watch?v=9P1ARNwja50
Midlantic May Two-Year-Olds in Training (2023),2023-05-22,9,GRR,C,CREATIVE CAUSE,ACENDA,LATENT HEAT,WAVERTREE STABLES INC. (CIARAN DUNNE) AGENT III,HAMMER TIME STABLE LLC,250000,,04/15/2021,KENTUCKY,T,,,https://vimeo.com/825299439?share=copy,10.2,https://www.youtube.com/watch?v=5ykXlQa-w74
Midlantic May Two-Year-Olds in Training (2023),2023-05-22,10,B,C,GOLDENCENTS,ADIRA,QUALITY ROAD,GRASSROOTS TRAINING AND SALES LLC,ROBERT REIDY,8000,Y,04/04/2021,NEW YORK,I,,,,11,https://www.youtube.com/watch?v=dIRpD7zNAqU
Midlantic May Two-Year-Olds in Training (2023),2023-05-22,11,B,F,AUDIBLE,AFLEET HONEY,UNCLE MO,DE MERIC SALES AGENT,MARK GLATT AGENT,100000,Y,04/21/2021,KENTUCKY,J,,,,10.3,https://www.youtube.com/watch?v=RpzFqFDe16Q
Midlantic May Two-Year-Olds in Training (2023),2023-05-22,12,DKB,C,CONSTITUTION,AKRIS QUEEN,ARCH,TOP LINE SALES LLC AGENT XXI,MARCELLO ROSA,13000,,05/07/2021,NEW YORK,E&F,,,,11,https://www.youtube.com/watch?v=twGIJi4Y3uw
Midlantic May Two-Year-Olds in Training (2023),2023-05-22,13,DKB,F,BOLT D'ORO,ALETTE,LEMON DROP KID,KINGS EQUINE AGENT,NOT SOLD,75000,,02/05/2021,NEW YORK,T,,,,10.3,https://www.youtube.com/watch?v=iOQf3T_7nK8
Midlantic May Two-Year-Olds in Training (2023),2023-05-22,14,CH,C,MORE THAN READY,ALHUCEMA,ALDEBARAN,JULIE DAVIES LLC AGENT,NOT SOLD,37000,,02/15/2021,KENTUCKY,C&D,,,,11,https://www.youtube.com/watch?v=WJ_Ls7N2bog
Midlantic May Two-Year-Olds in Training (2023),2023-05-22,15,B,C,FLAMEAWAY,ALLEZ JETE,PETIONVILLE,LG AGENT,STEVE MOGER,80000,Y,03/01/2021,KENTUCKY,A,,,,21.3,https://www.youtube.com/watch?v=d0Ro1Mxv6To
Midlantic May Two-Year-Olds in Training (2023),2023-05-22,16,B,C,UNCLE MO,ALOTTA SKIRT,CANDY RIDE (ARG),WAVERTREE STABLES INC. (CIARAN DUNNE) AGENT I,RANDY PATTERSON,75000,,04/24/2021,KENTUCKY,T,,,https://vimeo.com/823588523?share=copy,10.3,https://www.youtube.com/watch?v=1PVQxlTo9X0
Midlantic May Two-Year-Olds in Training (2023),2023-05-22,17,B,F,SKY MESA,AMADEUS MELODY (GB),AMADEUS WOLF (GB),KINGS EQUINE AGENT,ARROYO BLOODSTOCK AGENT FOR ROY LINDSAY,33000,,04/18/2021,KENTUCKY,T,,,,10.3,https://www.youtube.com/watch?v=8mnYhFJ_dNs
Midlantic May Two-Year-Olds in Training (2023),2023-05-22,18,B,F,GUN RUNNER,AMBER ISLE,FIRST DEFENCE,WAVERTREE STABLES INC. (CIARAN DUNNE) AGENT II,MWG LLC,50000,,05/03/2021,KENTUCKY,T,,,https://vimeo.com/825299476?share=copy,10.3,https://www.youtube.com/watch?v=FimSTLE13XY
Midlantic May Two-Year-Olds in Training (2023),2023-05-22,19,B,F,UPTOWNCHARLYBROWN,ANGEL FOOD,SIDNEY'S CANDY,GRASSROOTS TRAINING AND SALES LLC AGENT I,OUT,0,,04/12/2021,PENNSYLVANIA,I,,,,10.3,https://www.youtube.com/watch?v=39627nDETBU
Midlantic May Two-Year-Olds in Training (2023),2023-05-22,20,DKB,F,PRACTICAL JOKE,ANNIE WALKER,WAR CHANT,PICK VIEW LLC AGENT,OUT,0,,04/09/2021,NEW YORK,T,,,,,
Midlantic May Two-Year-Olds in Training (2023),2023-05-22,21,CH,F,MUNNINGS,ANOTHER WORLD,MARIA'S MON,NIALL BRENNAN STABLES AGENT XIV,OUT,0,,04/20/2021,NEW YORK,K,,,,,
Midlantic May Two-Year-Olds in Training (2023),2023-05-22,22,DKB,F,ALWAYS DREAMING,ANTE UP MY FRIEND,FRIEND OR FOE,SEQUEL BLOODSTOCK AGENT FOR CHESTER & MARY BROMAN,NOT SOLD,24000,,03/12/2021,NEW YORK,H,,,https://vimeo.com/825298359?share=copy,11,https://www.youtube.com/watch?v=t7GQmUcnhdc
Midlantic May Two-Year-Olds in Training (2023),2023-05-22,23,DKB,F,WORLD OF TROUBLE,APPEARANCE,HARLINGTON,HIDDEN BROOK AGENT (TO DISSOLVE A PARTNERSHIP),MCMAHON & HILL BLOODSTOCK AGT PORCH PARTY RACING,15000,,02/20/2021,KENTUCKY,K,,,,10.4,https://www.youtube.com/watch?v=-_dOFDQ6hSI
Midlantic May Two-Year-Olds in Training (2023),2023-05-22,24,CH,F,UNION JACKSON,AQUARIVA,FLASHBACK,LG AGENT,HIGH POINT BLOODSTOCK FOR RICHARD GREELEY,47000,,03/01/2021,NEW YORK,A,,,,10.2,https://www.youtube.com/watch?v=xD3kHUBtiF0
Midlantic May Two-Year-Olds in Training (2023),2023-05-22,25,DKB,F,SOLOMINI,ARCH ROYAL,ARCH,KINGS EQUINE AGENT,THOROSTOCK AGENT,37000,,02/27/2021,NEW YORK,T,,,,10.3,https://www.youtube.com/watch?v=zWnLe5eQixg
Midlantic May Two-Year-Olds in Training (2023),2023-05-22,26,DKB,C,NOT THIS TIME,ARCH SUPPORT,ARCH,TOM MCCROCKLIN AGENT XVII,OUT,0,,06/03/2021,FLORIDA,D&E,,,,,
Midlantic May Two-Year-Olds in Training (2023),2023-05-22,27,CH,G,COLLECTED,ARMONY'S ANGEL,TO HONOR AND SERVE,TOP LINE SALES LLC AGENT XXXI,OUT,0,,04/15/2021,PENNSYLVANIA,E&F,,,,11,https://www.youtube.com/watch?v=EMSzPhiVcto
Midlantic May Two-Year-Olds in Training (2023),2023-05-22,28,B,F,NOT THIS TIME,ARONIA,MUTAKDDIM,JAMES LAYDEN AGENT,ORACLE BLOODSTOCK AGENT,125000,Y,04/02/2021,VIRGINIA,D,,,,10.4,https://www.youtube.com/watch?v=jmgV_svqDBk
Midlantic May Two-Year-Olds in Training (2023),2023-05-22,29,B,F,CABLE BAY (IRE),ART INSTITUTE,ARCH,TOP LINE SALES LLC AGENT I,LEGION BLOODSTOCK AGENT,115000,,04/14/2021,IRE,E&F,,,,10.3,https://www.youtube.com/watch?v=TDD7-rd8_2c
Midlantic May Two-Year-Olds in Training (2023),2023-05-22,30,DKB,C,ARROGATE,ASPIRING,SEEKING THE GOLD,MCKATHAN BROS. SALES AGENT,NOT SOLD,97000,,05/02/2021,KENTUCKY,J,,,https://vimeo.com/807342735/184b486ca5,10.3,https://www.youtube.com/watch?v=1yBCEYsv5O4
Midlantic May Two-Year-Olds in Training (2023),2023-05-22,31,DKB,F,GOLDENCENTS,ASSCHER ROSE,DYNAFORMER,BRYAN FORD TRAINING STABLE LLC AGENT,MIKE GOETZ,37000,,04/13/2021,KENTUCKY,G,,,,11,https://www.youtube.com/watch?v=iDQznq127f8
Midlantic May Two-Year-Olds in Training (2023),2023-05-22,32,DKB,C,CONSTITUTION,ATHENS QUEEN,MAJESTIC WARRIOR,EDDIE WOODS AGENT LV,HRH PRINCE SAUD BIN SALMAN RACING STABLE,105000,,03/17/2021,KENTUCKY,J&K,,,,11,https://www.youtube.com/watch?v=CzUc9_kfdNA
Midlantic May Two-Year-Olds in Training (2023),2023-05-22,33,CH,C,FLATTER,ATLANTIC DREAM,STORMY ATLANTIC,NIALL BRENNAN STABLES AGENT XV,OUT,0,,04/22/2021,KENTUCKY,K,,,,,
Midlantic May Two-Year-Olds in Training (2023),2023-05-22,34,CH,F,PRESERVATIONIST,A TRUE PUSSYCAT,YES IT'S TRUE,RANDY MILES AGENT I,AMIRA CHICHAKLY AGENT,27500,,04/12/2021,NEW YORK,C,,,,11,https://www.youtube.com/watch?v=bhDHAyGe7uU
Midlantic May Two-Year-Olds in Training (2023),2023-05-22,35,CH,C,KANTHAROS,AURORA'S RIDE,MEDAGLIA D'ORO,TOM MCCROCKLIN AGENT X,DAVID PORTO,12000,,01/30/2021,KENTUCKY,D&E,,,,10.4,https://www.youtube.com/watch?v=fcyJOyOhsnQ
Midlantic May Two-Year-Olds in Training (2023),2023-05-22,36,CH,C,ACCELERATE,AVENDESORA,MAJESTICPERFECTION,SCANLON TRAINING & SALES AGENT I,DUTCH RACING STABLE,50000,,04/29/2021,NEW YORK,T,,,,11,https://www.youtube.com/watch?v=QCHm5vkiAtY
Midlantic May Two-Year-Olds in Training (2023),2023-05-22,37,B,C,UNCLE MO,AWESOME BELLA,AWESOME AGAIN,DE MERIC SALES AGENT,MICHAEL SCHEFFRES,11000,,04/02/2021,KENTUCKY,J,,,,11.1,https://www.youtube.com/watch?v=1R-3F4M0GxU
Midlantic May Two-Year-Olds in Training (2023),2023-05-22,38,B,C,PEACE AND JUSTICE,BACK STOP,BLAME,EDDIE WOODS AGENT LIX,SCOTT A LAKE,20000,,05/13/2021,PENNSYLVANIA,J&K,,,https://vimeo.com/824748799,23,https://www.youtube.com/watch?v=Iti5ff5P_vM
Midlantic May Two-Year-Olds in Training (2023),2023-05-22,39,B,C,NYQUIST,BACK TO LOVE,STREET CRY (IRE),PICK VIEW LLC AGENT,RICK G JORDAN,7000,,05/07/2021,ONTARIO,T,,,,11,https://www.youtube.com/watch?v=BjTL5tY7LAg
Midlantic May Two-Year-Olds in Training (2023),2023-05-22,40,CH,C,OMAHA BEACH,BAHAMA BABE,POINT OF ENTRY,KINGS EQUINE AGENT,DEUCE GREATHOUSE FOR TURMAN RACING,70000,,03/03/2021,KENTUCKY,T,,,,10.3,https://www.youtube.com/watch?v=IHUNDYJoH3Q
Midlantic May Two-Year-Olds in Training (2023),2023-05-22,41,CH,C,TAPIT,BAR OF GOLD,MEDAGLIA D'ORO,SEQUEL BLOODSTOCK AGENT FOR CHESTER & MARY BROMAN,OUT,0,,03/30/2021,NEW YORK,H,,,https://vimeo.com/825301203?share=copy,11.1,
Midlantic May Two-Year-Olds in Training (2023),2023-05-22,42,DKB,C,NOT THIS TIME,BARONESS JULIETTE,SPEIGHTSTOWN,HARTLEY/DE RENZO THOROUGHBREDS AGENT,OUT,0,,02/25/2021,IOWA,A,,,,,
Midlantic May Two-Year-Olds in Training (2023),2023-05-22,43,B,F,TWIRLING CANDY,BATALHA,SMART STRIKE,JVC TRAINING AND SALES AGENT,TAPROOT BLOODSTOCK AGENT,150000,,04/13/2021,KENTUCKY,L,,,,10.2,https://www.youtube.com/watch?v=dVnTzC7HRoA
Midlantic May Two-Year-Olds in Training (2023),2023-05-22,44,B,F,MITOLE,BAY HARBOR,SPEIGHTSTOWN,PICK VIEW LLC AGENT,JR RANCH,230000,,05/01/2021,KENTUCKY,T,,,,10.3,https://www.youtube.com/watch?v=582O9ECML7U
Midlantic May Two-Year-Olds in Training (2023),2023-05-22,45,B,C,PRACTICAL JOKE,BAYOU MISS,DIXIE UNION,SBM TRAINING AND SALES AGENT,LEGION BLOODSTOCK AGENT FOR CHARLIE BIGGS,30000,,03/06/2021,KENTUCKY,K&L,,,https://vimeo.com/826940124,10.4,https://www.youtube.com/watch?v=npX4bzzbHSM
Midlantic May Two-Year-Olds in Training (2023),2023-05-22,46,B,F,MACLEAN'S MUSIC,BEAUTY FOR ASHES,CITY PLACE,WOODFORD THOROUGHBREDS AGENT I,NOT SOLD,135000,,05/24/2021,KENTUCKY,I,,,https://vimeo.com/826571828,10.2,https://www.youtube.com/watch?v=0ssxfVIAHl4
Midlantic May Two-Year-Olds in Training (2023),2023-05-22,47,B,C,UPTOWNCHARLYBROWN,BE BOP A LULA,UNBRIDLED'S SONG,GRASSROOTS TRAINING AND SALES LLC AGENT I,OUT,0,,01/29/2021,PENNSYLVANIA,I,,,,10.4,https://www.youtube.com/watch?v=ZlY5-PWkcUw
Midlantic May Two-Year-Olds in Training (2023),2023-05-22,48,B,C,LOOKIN AT LUCKY,BEDANKEN,GERI,JULIE DAVIES LLC AGENT,S.R.O.A. (K.O.I.D.),50000,,03/15/2021,KENTUCKY,C&D,,,,10.4,https://www.youtube.com/watch?v=9-5cCNhRVE8
Midlantic May Two-Year-Olds in Training (2023),2023-05-22,49,DKB,F,WORLD OF TROUBLE,BEGINNER'S LUCK,AWESOME AGAIN,RICEHORSE STABLE (BRANDON & ALI RICE) AGENT,EUGENE MCGOWAN,25000,Y,04/10/2021,NEW YORK,G,,,https://vimeo.com/824950530,22.2,https://www.youtube.com/watch?v=bTVeT5wnDYg
Midlantic May Two-Year-Olds in Training (2023),2023-05-22,50,DKB,C,UNCLE MO,BELLE GALLANTEY,AFTER MARKET,HARTLEY/DE RENZO THOROUGHBREDS AGENT,OUT,0,,03/06/2021,KENTUCKY,A,,,,,
Midlantic May Two-Year-Olds in Training (2023),2023-05-22,51,GRR,F,BLOFELD,BELLE OF CAMDEN,BLACK TIE AFFAIR (IRE),MARSHALL W. SILVERMAN AGENT,OUT,0,,03/15/2021,MARYLAND,H,,,,,
Midlantic May Two-Year-Olds in Training (2023),2023-05-22,52,B,C,MITOLE,BELLISSIMA INDY,TAKE CHARGE INDY,KINGS EQUINE AGENT,NOT SOLD,15000,,04/29/2021,KENTUCKY,T,,,,10.4,https://www.youtube.com/watch?v=M2GhkP6LN3Q
Midlantic May Two-Year-Olds in Training (2023),2023-05-22,53,CH,F,OMAHA BEACH,BENVENUTTA,TAPIT,WAVERTREE STABLES INC. (CIARAN DUNNE) AGENT III,MIACOMET BLOODSTOCK,20000,,02/16/2021,MARYLAND,T,,,https://vimeo.com/825299499?share=copy,11,https://www.youtube.com/watch?v=qNjVqsxfVV0
Midlantic May Two-Year-Olds in Training (2023),2023-05-22,54,B,C,STREET SENSE,BERNADETTA,BERNARDINI,WHITE PINE THOROUGHBREDS AGENT,NOT SOLD,38000,,03/10/2021,KENTUCKY,J,,,https://vimeo.com/825789501?share=copy,10.3,https://www.youtube.com/watch?v=PnIuV_B0dZo
Midlantic May Two-Year-Olds in Training (2023),2023-05-22,55,GRR,F,MACHO UNO,BEST DIAMOND,COZZENE,GRASSROOTS TRAINING AND SALES LLC,OUT,0,,04/20/2021,KENTUCKY,I,,,,,
Midlantic May Two-Year-Olds in Training (2023),2023-05-22,56,CH,F,ACCELERATE,BETHAN,GIANT'S CAUSEWAY,SHAMROCK STABLES (JOE DEEGAN) AGENT,MCKEEVER RACING,47000,,01/28/2021,KENTUCKY,J,,,,10.3,https://www.youtube.com/watch?v=zyTrK95popE
Midlantic May Two-Year-Olds in Training (2023),2023-05-22,57,GRR,F,LIAM'S MAP,BIG BIRTHDAY,MINESHAFT,JULIE DAVIES LLC AGENT,OUT,0,,04/09/2021,KENTUCKY,C&D,,,,,
Midlantic May Two-Year-Olds in Training (2023),2023-05-22,58,CH,F,GET STORMY,BISOU FRANCAIS,CURLIN,KINGS EQUINE AGENT,ZILLA RACINGORACLE BLSK AGT.,45000,,02/24/2021,NEW YORK,T,,,,10.4,https://www.youtube.com/watch?v=Bli6Unodb8c
Midlantic May Two-Year-Olds in Training (2023),2023-05-22,59,DKB,F,NYQUIST,BITACORA,DOMINUS,JULIE DAVIES LLC AGENT,OUT,0,,01/10/2021,NEW YORK,C&D,,,,,
Midlantic May Two-Year-Olds in Training (2023),2023-05-22,60,B,C,BOLT D'ORO,BLAKELY'S SMILE,WILDCAT HEIR,GOLDEN ROCK THOROUGHBREDS AGENT,OUT,0,,03/13/2021,FLORIDA,F,,,,,
Midlantic May Two-Year-Olds in Training (2023),2023-05-22,61,DKB,F,PAYNTER,BLAME IT ON DIXIE,BLAME,CRANE THOROUGHBRED SERVICES LLC AGENT,OUT,0,,04/20/2021,KENTUCKY,K&L,,,,,
Midlantic May Two-Year-Olds in Training (2023),2023-05-22,62,GRR,F,MENDELSSOHN,BLONDE BOMBER,FORT LARNED,EDDIE WOODS AGENT LV,OUT,0,,04/20/2021,KENTUCKY,J&K,,,,,
Midlantic May Two-Year-Olds in Training (2023),2023-05-22,63,B,C,PALACE MALICE,BLUE GRASS MARY,BLUEGRASS CAT,WES CARTER AGENT FOR CARTER BROTHERS,NOT SOLD,15000,,04/14/2021,NEW YORK,G,,,,11,https://www.youtube.com/watch?v=lt2PkZAjsZg
Midlantic May Two-Year-Olds in Training (2023),2023-05-22,64,B,F,TAKE CHARGE INDY,BODEBABE,BODEMEISTER,BRYAN FORD TRAINING STABLE LLC AGENT,CORBIN BLUMBERG AGENT FOR BARON STABLES,110000,,01/21/2021,KENTUCKY,G,,,,10.3,https://www.youtube.com/watch?v=TP0NWJou5qU
Midlantic May Two-Year-Olds in Training (2023),2023-05-22,65,DKB,C,TWIRLING CANDY,BONITA CAT,TALE OF THE CAT,CARY FROMMER LLC AGENT,NORMA LEE STOCKSETH,80000,,02/23/2021,KENTUCKY,A&B,,,,10.4,https://www.youtube.com/watch?v=oJdisZUF-Kk
Midlantic May Two-Year-Olds in Training (2023),2023-05-22,66,B,F,LORD NELSON,BONITA MIA,WARRIOR'S REWARD,SGV THOROUGHBREDS LLC (STEVEN VENOSA) AGENT,EURO STABLE,75000,,03/17/2021,KENTUCKY,T,,,,10.3,https://www.youtube.com/watch?v=IjZDJvj-nuA
Midlantic May Two-Year-Olds in Training (2023),2023-05-22,67,B,F,STREET BOSS,BOOM TOWN SALLY,YES IT'S TRUE,SGV THOROUGHBREDS LLC (STEVEN VENOSA) AGENT,HP RACING STABLES AND ARTHUR HOYEAU,40000,,02/27/2021,KENTUCKY,T,,,,10.2,https://www.youtube.com/watch?v=ZeyksHhBIMA
Midlantic May Two-Year-Olds in Training (2023),2023-05-22,68,DKB,C,ARMY MULE,BOUFFANT,UNCLE MO,TOP LINE SALES LLC AGENT XXXII,OUT,0,,01/28/2021,KENTUCKY,E&F,,,,,
Midlantic May Two-Year-Olds in Training (2023),2023-05-22,69,B,F,MAXIMUS MISCHIEF,BOX OFFICE SMASH,DIXIE UNION,BRYAN FORD TRAINING STABLE LLC AGENT I,TIMOTHY FREITAG,60000,,02/08/2021,KENTUCKY,G,,,,10.1,https://www.youtube.com/watch?v=qUwkuP7O-gE
Midlantic May Two-Year-Olds in Training (2023),2023-05-22,70,B,C,GIRVIN,BRANDENBURG,DUNKIRK,BOBBY DODD AGENT,OUT,0,,01/23/2021,FLORIDA,J,,,,,
Midlantic May Two-Year-Olds in Training (2023),2023-05-22,71,DKB,C,TWIRLING CANDY,BRANDY,UNBRIDLED'S SONG,NIALL BRENNAN STABLES AGENT III,OUT,0,,02/01/2021,KENTUCKY,K,,,,,
Midlantic May Two-Year-Olds in Training (2023),2023-05-22,72,B,C,BERNARDINI,BRILLIANCY,EXCHANGE RATE,JAMES LAYDEN AGENT,OUT,0,,01/29/2021,PENNSYLVANIA,D,,,,11.1,https://www.youtube.com/watch?v=5h6YDKyElM4
Midlantic May Two-Year-Olds in Training (2023),2023-05-22,73,DKB,C,SOLOMINI,BRINGYOUROWNBOTTLE,STAY THIRSTY,TOP LINE SALES LLC AGENT XXX,OUT,0,,04/29/2021,NEW YORK,E&F,,,,11.1,https://www.youtube.com/watch?v=7a1rcn_KokA
Midlantic May Two-Year-Olds in Training (2023),2023-05-22,74,B,F,MAXIMUS MISCHIEF,BRITTNEY BRAT,PIKEPASS,GOLDEN ROCK THOROUGHBREDS AGENT,DENNIS O'NEILL,87000,,04/24/2021,KENTUCKY,F,,,,10.2,https://www.youtube.com/watch?v=T6vYMOa0Or4
Midlantic May Two-Year-Olds in Training (2023),2023-05-22,75,B,F,PALACE MALICE,BROAD STRIPES,BERNARDINI,PICK VIEW LLC AGENT,GEORGE WEAVER AGENT FOR TOM BROCKLEY,35000,Y,03/30/2021,NEW YORK,T,,,,11,https://www.youtube.com/watch?v=vuCfW1qUHUM
Midlantic May Two-Year-Olds in Training (2023),2023-05-22,76,CH,C,FLAMEAWAY,BROADWAY DINER,TAPIZAR,BRITTON PEAK LLC AGENT,OUT,0,,03/12/2021,KENTUCKY,L,,,,,
Midlantic May Two-Year-Olds in Training (2023),2023-05-22,77,CH,C,JUSTIFY,BROADWAY RUN,PROSPECTIVE,SCANLON TRAINING & SALES AGENT II,WEST POINT TB L.E.B. AGENT,120000,,02/11/2021,KENTUCKY,T,,,,10.2,https://www.youtube.com/watch?v=MZcjvPQuh2I
Midlantic May Two-Year-Olds in Training (2023),2023-05-22,78,B,F,INTO MISCHIEF,BROOKLYNSWAY,GIANT GIZMO,KINGS EQUINE AGENT,OUT,0,,01/26/2021,KENTUCKY,T,,,,10.2,https://www.youtube.com/watch?v=7Li65lsBAqs
Midlantic May Two-Year-Olds in Training (2023),2023-05-22,79,DKB,F,ENTICED,BROWN EYES,HALO'S IMAGE,GOLDEN ROCK THOROUGHBREDS AGENT,ORACLE BLOODSTOCK AGENT,85000,,04/10/2021,KENTUCKY,F,,,,10.2,https://www.youtube.com/watch?v=NGxvSvTYGqo
Midlantic May Two-Year-Olds in Training (2023),2023-05-22,80,B,C,TAKE CHARGE INDY,BUTTERSCOTCH ROSE,STREET SENSE,WHITE PINE THOROUGHBREDS AGENT,KERRI RADCLIFFE AGENT,170000,,03/20/2021,KENTUCKY,J,,,https://vimeo.com/825789465?share=copy,10.3,https://www.youtube.com/watch?v=_rHGfO7FsA0
Midlantic May Two-Year-Olds in Training (2023),2023-05-22,81,DKB,F,MORE THAN READY,CABANA,FLATTER,KINGS EQUINE AGENT,THORO VENTURES AGENT FOR JKX AND PARTNERS,30000,,02/21/2021,KENTUCKY,T,,,,10.3,https://www.youtube.com/watch?v=0xWSrZJ1br8
Midlantic May Two-Year-Olds in Training (2023),2023-05-22,82,B,C,WORLD OF TROUBLE,CALDWELL,MALIBU MOON,SEQUEL BLOODSTOCK AGENT VI,ALI FYFE RACING,80000,,04/22/2021,NEW YORK,H,,,https://vimeo.com/825298418?share=copy,10.3,https://www.youtube.com/watch?v=CI0s3rPat44
Midlantic May Two-Year-Olds in Training (2023),2023-05-22,83,B,F,UNION RAGS,CANARYINACAGE,MINESHAFT,DE MERIC SALES AGENT,SEAN S. PERL BLOODSTOCK LLC,50000,,02/26/2021,NEW YORK,J,,,,10.3,https://www.youtube.com/watch?v=1PG4cCVTLSs
Midlantic May Two-Year-Olds in Training (2023),2023-05-22,84,GRR,F,TAPWRIT,CANDY D'ORO,JOHANNESBURG,SBM TRAINING AND SALES AGENT,R T RACING,25000,,03/22/2021,NEW YORK,K&L,,,https://vimeo.com/826937587,11,https://www.youtube.com/watch?v=1y49k4ghUAk
Midlantic May Two-Year-Olds in Training (2023),2023-05-22,85,DKB,F,MO TOWN,CAN'T STEAL MY JOY,EXCLUSIVE QUALITY,WOODFORD THOROUGHBREDS AGENT I,BACCARI BLOODSTOCK AGENT FOR D.W.F. INC.,120000,,02/17/2021,WEST VIRGINIA,I,,,https://vimeo.com/826571854,10.2,https://www.youtube.com/watch?v=o6letVc2-Ao
Midlantic May Two-Year-Olds in Training (2023),2023-05-22,86,DKB,C,FLATTER,CAP,ARCH,CARY FROMMER LLC AGENT,NOT SOLD,72000,,05/31/2021,NEW YORK,A&B,,,,11.1,https://www.youtube.com/watch?v=ezGJCHCbglA
Midlantic May Two-Year-Olds in Training (2023),2023-05-22,87,GRR,C,PRACTICAL JOKE,CARAMEL CANDY,CANDY RIDE (ARG),COASTAL EQUINE LLC (JESSE HOPPEL) AGENT,RASHIDS TBRED RACINGSTERLING RD STABLE & LBR RACING STABLE,60000,,03/20/2021,KENTUCKY,B&C,,,,22.1,https://www.youtube.com/watch?v=qbnRdm5BP7M
Midlantic May Two-Year-Olds in Training (2023),2023-05-22,88,DKB,C,TAKE CHARGE INDY,CARELESS MOMENT,SUCCESSFUL APPEAL,CARY FROMMER LLC AGENT,MEAH/LLOYD BLOODSTOCK,75000,,04/11/2021,IOWA,A&B,,,,10.4,https://www.youtube.com/watch?v=_obTKMiktdY
Midlantic May Two-Year-Olds in Training (2023),2023-05-22,89,CH,C,LOOKIN AT LUCKY,CARIBBEAN LADY,SPEIGHTSTOWN,TOP LINE SALES LLC AGENT III,WEST POINT TB L.E.B. AGENT,320000,,04/30/2021,NEW YORK,E&F,,,,10.1,https://www.youtube.com/watch?v=gh5TTupgWoM
Midlantic May Two-Year-Olds in Training (2023),2023-05-22,90,DKB,C,VIOLENCE,CAROLINE'S SPIRIT,GHOSTZAPPER,CARY FROMMER LLC AGENT,WEST BLDSTK AGT FOR REPOLE STABLE,185000,,02/19/2021,KENTUCKY,A&B,,,,11,https://www.youtube.com/watch?v=G7AaanAQR6Q
Midlantic May Two-Year-Olds in Training (2023),2023-05-22,91,B,C,AWESOME SLEW,CASH RESERVE,DISTORTED HUMOR,TOM MCCROCKLIN AGENT XVII,MAVERICK RACING/SIENA FARM/ CMNWLTH,700000,,03/01/2021,FLORIDA,D&E,,,,10,https://www.youtube.com/watch?v=84-4MxqHbTc
Midlantic May Two-Year-Olds in Training (2023),2023-05-22,92,DKB,F,MACLEAN'S MUSIC,CASTOR,MALIBU MOON,GOLDEN ROCK THOROUGHBREDS AGENT,OUT,0,,04/14/2021,NEW YORK,F,,,,,
Midlantic May Two-Year-Olds in Training (2023),2023-05-22,93,CH,C,OMAHA BEACH,CATCH MY FANCY,YES IT'S TRUE,WAVERTREE STABLES INC. (CIARAN DUNNE) AGENT IV,SAINTS OR SINNERS & MUIR HUT STABLES LLC,425000,,04/17/2021,KENTUCKY,T,,,https://vimeo.com/825299540?share=copy,10.2,https://www.youtube.com/watch?v=YyIqlaPTvjo
Midlantic May Two-Year-Olds in Training (2023),2023-05-22,94,CH,C,PRESERVATIONIST,CAT DANCE,FOREST WILDCAT,KINGS EQUINE AGENT,S.R.O.A. (K.O.I.D.),25000,,05/06/2021,KENTUCKY,T,,,,11,https://www.youtube.com/watch?v=igZSdvAdNMk
Midlantic May Two-Year-Olds in Training (2023),2023-05-22,95,DKB,F,FREE DROP BILLY,CENTERPIECE,BERTRANDO,PAUL SHARP AGENT II,LEARNING LAB LLC,120000,,02/11/2021,KENTUCKY,J&K,,,,10.3,https://www.youtube.com/watch?v=X98sznDWo5c
Midlantic May Two-Year-Olds in Training (2023),2023-05-22,96,CH,C,VINO ROSSO,CHAPARELLA,SERVICE STRIPE,SIX K'S TRAINING & SALES LLC AGENT,NOT SOLD,22000,,03/22/2021,KENTUCKY,I,,,https://vimeo.com/826553514,11.3,https://www.youtube.com/watch?v=QjNCpz6o6Ps
Midlantic May Two-Year-Olds in Training (2023),2023-05-22,97,B,F,CITY OF LIGHT,CHARGE BACK,TAKE CHARGE INDY,KINGS EQUINE AGENT,NOT SOLD,62000,,01/02/2021,KENTUCKY,T,,,,22.1,https://www.youtube.com/watch?v=Qt3YdquGyt8
Midlantic May Two-Year-Olds in Training (2023),2023-05-22,98,CH,C,EASTWOOD,CHARLYBROWN'S ROSE,UPTOWNCHARLYBROWN,GRASSROOTS TRAINING AND SALES LLC AGENT I,OUT,0,,05/08/2021,PENNSYLVANIA,I,,,,,
Midlantic May Two-Year-Olds in Training (2023),2023-05-22,99,B,C,BOURBON COURAGE,CHARM CITY,CITY ZIP,BEATTIE HORSE TRAINING & SALES AGENT FOR DR. RONALD HARRIS PARKER,OUT,0,,05/04/2021,MARYLAND,K,,,,,
Midlantic May Two-Year-Olds in Training (2023),2023-05-22,100,GRR,F,CROSS TRAFFIC,CHILDHOOD DREAM,FREUD,TOM MCCROCKLIN AGENT XIII,AUGUST DAWN FARM,110000,,02/13/2021,NEW YORK,D&E,,,,10.3,https://www.youtube.com/watch?v=WxeWCnUxa9I
Midlantic May Two-Year-Olds in Training (2023),2023-05-22,101,B,C,TAMARKUZ,CHILLY START,JUMP START,BEST A LUCK FARM LLC AGENT,LARRY METZ,40000,,04/16/2021,PENNSYLVANIA,I,,,,11,https://www.youtube.com/watch?v=4Cijp8-g0AQ
Midlantic May Two-Year-Olds in Training (2023),2023-05-22,102,CH,F,SOLOMINI,CHOCOLATE SMOOTHIE,GHOSTZAPPER,GOLDEN ROCK THOROUGHBREDS AGENT,ALLISON FULMER,18000,,03/31/2021,NEW YORK,F,,,,10.4,https://www.youtube.com/watch?v=yQwc198r8Q8
Midlantic May Two-Year-Olds in Training (2023),2023-05-22,103,B,F,BOLT D'ORO,CIRCLEOFCOMPETENCE,CURLIN,TOP LINE SALES LLC AGENT XXVII,NOT SOLD,37000,,03/20/2021,KENTUCKY,E&F,,,,10.3,https://www.youtube.com/watch?v=ICEWgT2QV7Q
Midlantic May Two-Year-Olds in Training (2023),2023-05-22,104,CH,C,NOT THIS TIME,CITRUS BLOOM,LEMON DROP KID,BRICK CITY THOROUGHBREDS,R T RACING,60000,,03/10/2021,NEW YORK,B,,,,10.4,https://www.youtube.com/watch?v=RWsC-cEAYoc
Midlantic May Two-Year-Olds in Training (2023),2023-05-22,105,B,C,MUNNINGS,CIVILITY PLEDGE,HARD SPUN,TOM MCCROCKLIN AGENT XIV,NOT SOLD,47000,,04/28/2021,KENTUCKY,D&E,,,,10.4,https://www.youtube.com/watch?v=maozJHZZBWw
Midlantic May Two-Year-Olds in Training (2023),2023-05-22,106,CH,F,QURBAAN,CLARA KELLY,WAR FRONT,JULIE DAVIES LLC AGENT,DOMEYKO TAYLOR LP,35000,,02/15/2021,TEXAS,C&D,,,,11,https://www.youtube.com/watch?v=qCJLScquck4
Midlantic May Two-Year-Olds in Training (2023),2023-05-22,107,B,F,MAXIMUS MISCHIEF,COLONEL DETTWILLER,COLONEL JOHN,SCANLON TRAINING & SALES AGENT III,OUT,0,,04/07/2021,KENTUCKY,T,,,,,
Midlantic May Two-Year-Olds in Training (2023),2023-05-22,108,B,C,MUNNINGS,COMPETITION,DIXIE UNION,JULIE DAVIES LLC AGENT,ALONZO RACING LLC,25000,,04/12/2021,KENTUCKY,C&D,,,,10.3,https://www.youtube.com/watch?v=OAJnTItkHIM
Midlantic May Two-Year-Olds in Training (2023),2023-05-22,109,B,F,VINO ROSSO,CONQUEST RAMPAGE,QUALITY ROAD,TOM MCCROCKLIN AGENT XVI,OUT,0,,05/08/2021,KENTUCKY,D&E,,,,,
Midlantic May Two-Year-Olds in Training (2023),2023-05-22,110,CH,C,PRACTICAL JOKE,CONSPICUOUS,GHOSTZAPPER,CRANE THOROUGHBRED SERVICES LLC AGENT,OUT,0,,05/27/2021,MARYLAND,K&L,,,,,
Midlantic May Two-Year-Olds in Training (2023),2023-05-22,111,CH,F,VINO ROSSO,COOL AND STORMY,STORMY ATLANTIC,TOP LINE SALES LLC AGENT XXXIV,OUT,0,,03/13/2021,KENTUCKY,E&F,,,,,
Midlantic May Two-Year-Olds in Training (2023),2023-05-22,112,B,F,YOSHIDA (JPN),COOL SKY,SKY MESA,PAUL SHARP AGENT XI,REDEEMER RACING,70000,,04/23/2021,KENTUCKY,J&K,,,,10.2,https://www.youtube.com/watch?v=Z7scC5DMnfI
Midlantic May Two-Year-Olds in Training (2023),2023-05-22,113,GRR,C,BLAME,CORSAGE,EXCHANGE RATE,BOUTTE SALES AGENT I,AUGUSTUS MCRAE,200000,,05/17/2021,KENTUCKY,K,,,https://youtu.be/nXJH3wr5MCI,21.4,https://www.youtube.com/watch?v=4Nr1a66SiKE
Midlantic May Two-Year-Olds in Training (2023),2023-05-22,114,DKB,F,DIALED IN,COURAGEOUS ANGEL,COURAGEOUS CAT,WAVERTREE STABLES INC. (CIARAN DUNNE) AGENT V,BONA VENTURE STABLE/ GEORGE WEAVER AGT.,65000,,02/19/2021,NEW YORK,T,,,https://vimeo.com/825299571?share=copy,10.2,https://www.youtube.com/watch?v=3RveTltgDDY
Midlantic May Two-Year-Olds in Training (2023),2023-05-22,115,DKB,F,MAXIMUS MISCHIEF,COURIER,EL CORREDOR,CARY FROMMER LLC AGENT,RUSTY ROBERTS AGENT,40000,,03/03/2021,KENTUCKY,A&B,,,,10.3,https://www.youtube.com/watch?v=UY_lugtQ2t8
Midlantic May Two-Year-Olds in Training (2023),2023-05-22,116,B,C,CENTRAL BANKER,COURTLY LARK,SHAKESPEARE,HIDDEN BROOK AGENT I,JACKSON KNOWLTON FOR SACKATOGA STABLE,65000,,04/29/2021,NEW YORK,K,,,,10.2,https://www.youtube.com/watch?v=xe6JeUzXqBw
Midlantic May Two-Year-Olds in Training (2023),2023-05-22,117,B,F,MAXIMUS MISCHIEF,COVE,PINE BLUFF,WAVERTREE STABLES INC. (CIARAN DUNNE) AGENT,AMIRA CHICHAKLY AGENT FOR PHOENIX RISING,19000,,02/02/2021,NEW YORK,T,,,https://vimeo.com/825299592?share=copy,10.2,https://www.youtube.com/watch?v=PdJFXDAi3UI
Midlantic May Two-Year-Olds in Training (2023),2023-05-22,118,DKB,F,GOOD SAMARITAN,CRAB KEY,CANDY RIDE (ARG),PICK VIEW LLC AGENT,OUT,0,,05/11/2021,KENTUCKY,T,,,,,
Midlantic May Two-Year-Olds in Training (2023),2023-05-22,119,CH,C,AMERICAN PHAROAH,CRAFTY'S DREAM,BODEMEISTER,KINGS EQUINE AGENT,DAT RACING STABLE,150000,,02/21/2021,KENTUCKY,T,,,,10.3,https://www.youtube.com/watch?v=onSOsHQhOxA
Midlantic May Two-Year-Olds in Training (2023),2023-05-22,120,DKB,F,MOHAYMEN,CRAYON,HARD SPUN,SBM TRAINING AND SALES AGENT,NOT SOLD,47000,,02/01/2021,KENTUCKY,K&L,,,https://vimeo.com/826938448,10.2,https://www.youtube.com/watch?v=bw19d6bLduc
Midlantic May Two-Year-Olds in Training (2023),2023-05-22,121,B,F,MENDELSSOHN,CREATIVE TALENT,CREATIVE CAUSE,JVC TRAINING AND SALES AGENT,JONATHAN THOMAS AGENT,150000,,02/14/2021,KENTUCKY,L,,,,10.2,https://www.youtube.com/watch?v=8byALOCqWok
Midlantic May Two-Year-Olds in Training (2023),2023-05-22,122,DKB,F,MENDELSSOHN,CRITIC'S CHOICE,SMART STRIKE,RICEHORSE STABLE (BRANDON & ALI RICE) AGENT,OUT,0,,05/07/2021,KENTUCKY,G,,,https://vimeo.com/824950557,11,https://www.youtube.com/watch?v=W40fM60csF4
Midlantic May Two-Year-Olds in Training (2023),2023-05-22,124,B,C,INTO MISCHIEF,C. S. ROYCE,UNBRIDLED'S SONG,HARTLEY/DE RENZO THOROUGHBREDS AGENT,OUT,0,,04/26/2021,KENTUCKY,A,,,,10.3,https://www.youtube.com/watch?v=0s33Vf_UowQ
Midlantic May Two-Year-Olds in Training (2023),2023-05-22,125,B,C,MAXIMUS MISCHIEF,DADDY'S DIVA,SCAT DADDY,CARY FROMMER LLC AGENT,SPENDTHRIFT FARM LLC,250000,,01/16/2021,KENTUCKY,A&B,,,,10.1,https://www.youtube.com/watch?v=-MwksfE0ccc
Midlantic May Two-Year-Olds in Training (2023),2023-05-22,126,B,C,NYQUIST,DANCE THEWAYYOUARE,MINESHAFT,TOP LINE SALES LLC AGENT XXIV,EURO STABLE,90000,,03/31/2021,ONTARIO,E&F,,,,21.3,https://www.youtube.com/watch?v=pppm708BTZ0
Midlantic May Two-Year-Olds in Training (2023),2023-05-22,127,DKB,C,LIAM'S MAP,DARBY BLUSH,ARCH,WAVERTREE STABLES INC. (CIARAN DUNNE) AGENT XIV,KERRI RADCLIFFE AGENT,350000,,03/08/2021,NEW YORK,T,,,https://vimeo.com/825299618?share=copy,10.2,https://www.youtube.com/watch?v=iXSrudXeirE
Midlantic May Two-Year-Olds in Training (2023),2023-05-22,128,B,C,DISTORTED HUMOR,DARK MISSION,MEDAGLIA D'ORO,PICK VIEW LLC AGENT,PATRICK LAWLEY WAKELIN,45000,,04/09/2021,ONTARIO,T,,,,11,https://www.youtube.com/watch?v=mKRwkuOV0wk
Midlantic May Two-Year-Olds in Training (2023),2023-05-22,129,B,C,CITY OF LIGHT,DATING GAME,GHOSTZAPPER,PIKE RACING AGENT,CORRALES RACING LLC,12000,,04/06/2021,KENTUCKY,H,,,,10.4,https://www.youtube.com/watch?v=rilD89ORtZo
Midlantic May Two-Year-Olds in Training (2023),2023-05-22,130,B,C,OMAHA BEACH,D'CATS MEOW,D'WILDCAT,SBM TRAINING AND SALES AGENT,GREG COMPTON AGT FOR HICKORY STABLES & T/C STABLES,95000,,03/16/2021,KENTUCKY,K&L,,,https://vimeo.com/826940506,10.3,https://www.youtube.com/watch?v=o_Qd6tbmcdY
Midlantic May Two-Year-Olds in Training (2023),2023-05-22,131,DKB,F,CENTRAL BANKER,DEAR WILLA,HERE COMES BEN,RANDY MILES AGENT I,OUT,0,,02/16/2021,NEW YORK,C,,,,,
Midlantic May Two-Year-Olds in Training (2023),2023-05-22,132,DKB,F,HONOR CODE,DEBBIE'S DIAMOND,SILVER CHARM,RANDY MILES AGENT X,SAB STABLE INC,35000,,01/27/2021,MARYLAND,C,,,https://vimeo.com/827110020,10.4,https://www.youtube.com/watch?v=BTflxDZxIJg
Midlantic May Two-Year-Olds in Training (2023),2023-05-22,133,B,F,PRESERVATIONIST,DEEP IN DECEMBER,THE DADDY,COASTAL EQUINE LLC (JESSE HOPPEL) AGENT,OUT,0,,02/17/2021,KENTUCKY,B&C,,,,,
Midlantic May Two-Year-Olds in Training (2023),2023-05-22,134,B,C,INTO MISCHIEF,DELIGHTFUL MARY,LIMEHOUSE,TOM MCCROCKLIN AGENT XV,OUT,0,,04/03/2021,KENTUCKY,D&E,,,,10.4,https://www.youtube.com/watch?v=bhoQ1Gvfyzw
Midlantic May Two-Year-Olds in Training (2023),2023-05-22,135,DKB,F,NOT THIS TIME,DELTA HOLIDAY,HARLAN'S HOLIDAY,TOM MCCROCKLIN AGENT IV,OUT,0,,05/26/2021,KENTUCKY,D&E,,,,,
Midlantic May Two-Year-Olds in Training (2023),2023-05-22,136,B,C,AMERICAN PHAROAH,DESERT ISLE,BERNARDINI,CARY FROMMER LLC AGENT,CHERIE DEVAUX AGENT,180000,,01/29/2021,KENTUCKY,A&B,,,,10.3,https://www.youtube.com/watch?v=6iaPWGN4cCQ
Midlantic May Two-Year-Olds in Training (2023),2023-05-22,137,B,C,TEMPLE CITY,DESI GIRL,SILVER TRAIN,GRASSROOTS TRAINING AND SALES LLC,MIKE GRAMIAK,18000,,03/27/2021,PENNSYLVANIA,I,,,,10.4,https://www.youtube.com/watch?v=JRW9bt9vEaY
Midlantic May Two-Year-Olds in Training (2023),2023-05-22,138,GRR,C,THE FACTOR,DILLINGHAM,PLEASANT TAP,GRASSROOTS TRAINING AND SALES LLC AGENT,S.R.O.A. (K.O.I.D.),30000,,04/09/2021,PENNSYLVANIA,I,,,,10.4,https://www.youtube.com/watch?v=RJrwWz4h3N8
Midlantic May Two-Year-Olds in Training (2023),2023-05-22,139,DKB,C,MASTERY,DILLY,FIRST SAMURAI,EDDIE WOODS AGENT LX,CAMMAROTA RACING LLC,45000,,04/29/2021,KENTUCKY,J&K,,,https://vimeo.com/824748900,10.3,https://www.youtube.com/watch?v=hGUiPj-idqs
Midlantic May Two-Year-Olds in Training (2023),2023-05-22,140,B,C,TAKE CHARGE INDY,DISTORTED TYPE,DISTORTED HUMOR,JULIE DAVIES LLC AGENT,TRIN-BROOK STABLE,30000,,03/07/2021,FLORIDA,C&D,,,,11,https://www.youtube.com/watch?v=eShLrqUthUA
Midlantic May Two-Year-Olds in Training (2023),2023-05-22,141,B,F,TAPITURE,DIVINE FRIENDS,DIVINE PARK,TOM MCCROCKLIN AGENT VII,TOM MCCROCKLIN AGENT,75000,,04/02/2021,KENTUCKY,D&E,,,,10.3,https://www.youtube.com/watch?v=-UPDhCR9_mo
Midlantic May Two-Year-Olds in Training (2023),2023-05-22,142,GRR,F,TAPWRIT,DIXIE DANCER,UNION RAGS,SCANLON TRAINING & SALES AGENT III,BARRY BERKELHAMMER AGENT,70000,,03/01/2021,KENTUCKY,T,,,,10.2,https://www.youtube.com/watch?v=onEKedCojJ4
Midlantic May Two-Year-Olds in Training (2023),2023-05-22,143,B,F,MENDELSSOHN,DORITZA,MINESHAFT,PIKE RACING AGENT,OUT,0,,03/23/2021,KENTUCKY,H,,,,,
Midlantic May Two-Year-Olds in Training (2023),2023-05-22,144,CH,C,MUNNINGS,DOWNSTREAM,CITY ZIP,PIKE RACING AGENT,HARMASH RACING,16000,,03/04/2021,KENTUCKY,H,,,,10.4,https://www.youtube.com/watch?v=9fU7g7CkzBQ
Midlantic May Two-Year-Olds in Training (2023),2023-05-22,145,CH,C,SPEIGHTSTER,DREAM REALIZED,AWESOME AGAIN,CRANE THOROUGHBRED SERVICES LLC AGENT,JOHN SERVIS AGENT,40000,Y,04/04/2021,PENNSYLVANIA,K&L,,,,10.4,https://www.youtube.com/watch?v=OLA3-0FqTTk
Midlantic May Two-Year-Olds in Training (2023),2023-05-22,146,CH,F,NOT THIS TIME,E BUILT THIS CITY,CITY ZIP,TOM MCCROCKLIN AGENT XVII,JEFF PARTHEMORE,65000,,04/01/2021,FLORIDA,D&E,,,,10.4,https://www.youtube.com/watch?v=aOu-GJNQe6s
Midlantic May Two-Year-Olds in Training (2023),2023-05-22,147,DKB,C,MIDNIGHT STORM,ECLIPTICAL MARY,IN SUMMATION,TOP LINE SALES LLC AGENT V,RADWIN RACING STABLE,40000,,04/18/2021,MARYLAND,E&F,,,,22.2,https://www.youtube.com/watch?v=HzXfEp7yZX8
Midlantic May Two-Year-Olds in Training (2023),2023-05-22,148,DKB,F,CONNECT,ELAZANI,A.P. INDY,GOLDEN ROCK THOROUGHBREDS AGENT FOR DAVID GEOFROY,GREG COMPTON AGT FOR DANNY W. BROWN,40000,Y,02/21/2021,KENTUCKY,F,,,,10.2,https://www.youtube.com/watch?v=hsD4qFAPcj4
Midlantic May Two-Year-Olds in Training (2023),2023-05-22,149,B,C,MSHAWISH,ELECTIVE,GRAND SLAM,TOM MCCROCKLIN AGENT XXII,NOT SOLD,53000,,04/10/2021,FLORIDA,D&E,,,,10.2,https://www.youtube.com/watch?v=tyGHlSjAu_o
Midlantic May Two-Year-Olds in Training (2023),2023-05-22,150,DKB,F,SOLOMINI,ELECTRIC BOOTS,BELLAMY ROAD,JULIE DAVIES LLC AGENT,NOT SOLD,37000,,03/19/2021,NEW YORK,C&D,,,,10.4,https://www.youtube.com/watch?v=IB-6XGbz_aA
Midlantic May Two-Year-Olds in Training (2023),2023-05-22,151,CH,C,ENGLISH CHANNEL,ELEGANT SUPERMODEL (GER),LOPE DE VEGA (IRE),CARY FROMMER LLC AGENT,NOT SOLD,43000,,03/29/2021,KENTUCKY,A&B,,,,23,https://www.youtube.com/watch?v=WHryzECuJzw
Midlantic May Two-Year-Olds in Training (2023),2023-05-22,152,B,C,UNCLE MO,EMMA'S ENCORE,CONGRATS,PICK VIEW LLC AGENT,OUT,0,,02/19/2021,KENTUCKY,T,,,,,
Midlantic May Two-Year-Olds in Training (2023),2023-05-22,153,B,F,PRACTICAL JOKE,EMOTIONAL WORDS,CURLIN,TOM MCCROCKLIN AGENT IX,OUT,0,,01/31/2021,NEW YORK,D&E,,,,,
Midlantic May Two-Year-Olds in Training (2023),2023-05-22,154,B,F,MENDELSSOHN,EMPIRE QUEEN,UNION RAGS,STERLING THOROUGHBREDS AGENT,OUT,0,,04/06/2021,KENTUCKY,K,,,,11.1,https://www.youtube.com/watch?v=Ljh1q-iAkq4
Midlantic May Two-Year-Olds in Training (2023),2023-05-22,155,B,C,ECLIPTICALSPRALINE,EMPRESS MONTEZ,SHAKIN IT UP,TOM MCCROCKLIN AGENT XXI,HUGO O. PADILLA,8000,,03/21/2021,PENNSYLVANIA,D&E,,,,10.4,https://www.youtube.com/watch?v=FJ8jQ3rlzzk
Midlantic May Two-Year-Olds in Training (2023),2023-05-22,156,B,F,TAPIT,ENCHANTED GHOST,GHOSTZAPPER,PICK VIEW LLC AGENT,CHARLIE ALLEN,250000,,02/06/2021,KENTUCKY,T,,,,10.2,https://www.youtube.com/watch?v=99QaLFHyl_8
Midlantic May Two-Year-Olds in Training (2023),2023-05-22,157,B,F,UNION RAGS,ENCHANTED JASMINE,WAR CHANT,JULIE DAVIES LLC AGENT,OUT,0,,04/03/2021,VIRGINIA,C&D,,,https://vimeo.com/827408493,10.4,https://www.youtube.com/watch?v=wfZokltORgQ
Midlantic May Two-Year-Olds in Training (2023),2023-05-22,158,DKB,C,NYQUIST,ENVIOUS MOON,MALIBU MOON,SCANLON TRAINING & SALES AGENT IV,MOSSAROSA LLC,130000,Y,03/07/2021,NEW YORK,T,,,,10.2,https://www.youtube.com/watch?v=qQWyO7jQh-E
Midlantic May Two-Year-Olds in Training (2023),2023-05-22,159,DKB,F,HARD SPUN,ESCULTURA,PULPIT,SCANLON TRAINING & SALES AGENT V,TRIN-BROOK STABLE,40000,,01/17/2021,KENTUCKY,T,,,,10.3,https://www.youtube.com/watch?v=acM_s0QxcS0
Midlantic May Two-Year-Olds in Training (2023),2023-05-22,160,B,F,MUNNINGS,EVERYONELOVESJIMMY,JIMMY CREED,SEQUEL BLOODSTOCK AGENT IV,BO BROMAGEN AGT,160000,,02/26/2021,KENTUCKY,H,,,https://vimeo.com/825298454?share=copy,10.1,https://www.youtube.com/watch?v=LXHeisR617g
Midlantic May Two-Year-Olds in Training (2023),2023-05-22,161,B,C,AUDIBLE,EVITA'S SISTER,CANDY RIDE (ARG),COASTAL EQUINE LLC (JESSE HOPPEL) AGENT,LEGION BLOODSTOCK AGENT FOR CHARLIE BIGGS,70000,Y,05/06/2021,KENTUCKY,B&C,,,,22,https://www.youtube.com/watch?v=kvGyVInBpqM
Midlantic May Two-Year-Olds in Training (2023),2023-05-22,162,B,C,CLOUD COMPUTING,EVRY LIL BREEZE,MAJESTIC WARRIOR,JAMES LAYDEN AGENT,NOT SOLD,19000,,04/06/2021,NEW YORK,D,,,,10.4,https://www.youtube.com/watch?v=8R_45PrTeyg
Midlantic May Two-Year-Olds in Training (2023),2023-05-22,163,CH,F,ACCELERATE,EYE OF TAURUS,ALDEBARAN,CRANE THOROUGHBRED SERVICES LLC AGENT,OUT,0,,03/02/2021,KENTUCKY,K&L,,,,10.4,https://www.youtube.com/watch?v=r-7gg2zhvUc
Midlantic May Two-Year-Olds in Training (2023),2023-05-22,164,B,F,CATHOLIC BOY,FAITH IN ME,MR. GREELEY,LG AGENT,STEVE MOGER,25000,,05/05/2021,KENTUCKY,A,,,,10.4,https://www.youtube.com/watch?v=tgL5MeEuZkg
Midlantic May Two-Year-Olds in Training (2023),2023-05-22,165,B,F,ENTICED,FANTASTIC GIRL,PIONEEROF THE NILE,PICK VIEW LLC AGENT,LEGION BLOODSTOCK AGENT FOR RYAN SCOTT,40000,,04/11/2021,KENTUCKY,T,,,,10.2,https://www.youtube.com/watch?v=AcJ2lNsobWY
Midlantic May Two-Year-Olds in Training (2023),2023-05-22,166,B,F,SHARP AZTECA,FARAYYA,HARD SPUN,PAUL SHARP AGENT VIII,OUT,0,,05/07/2021,KENTUCKY,J&K,,,,,
Midlantic May Two-Year-Olds in Training (2023),2023-05-22,167,CH,F,CONNECT,FASHION FORWARD,ELUSIVE QUALITY,GRASSROOTS TRAINING AND SALES LLC AGENT,NOT SOLD,37000,,04/10/2021,NEW YORK,I,,,,10.4,https://www.youtube.com/watch?v=YVAUAGMkgn4
Midlantic May Two-Year-Olds in Training (2023),2023-05-22,168,B,F,SKY MESA,FINEST QUALITY,QUALITY ROAD,CARY FROMMER LLC AGENT,OUT,0,,02/11/2021,FLORIDA,A&B,,,,,
Midlantic May Two-Year-Olds in Training (2023),2023-05-22,169,GRR,C,LIAM'S MAP,FIRE ASSAY,MEDAGLIA D'ORO,GRASSROOTS TRAINING AND SALES LLC AGENT,JOHN GUARNERE,80000,,04/17/2021,NEW YORK,I,,,,10.3,https://www.youtube.com/watch?v=1Ja6RHyNoL8
Midlantic May Two-Year-Olds in Training (2023),2023-05-22,170,B,C,CATHOLIC BOY,FLAGSTAFF (GB),DANSILI (GB),SEQUEL BLOODSTOCK AGENT V,OUT,0,,03/05/2021,KENTUCKY,H,,,,,
Midlantic May Two-Year-Olds in Training (2023),2023-05-22,171,B,C,LIAM'S MAP,FLASHY AMERICAN,FLASHY BULL,TOM MCCROCKLIN AGENT XVII,OUT,0,,02/19/2021,FLORIDA,D&E,,,,,
Midlantic May Two-Year-Olds in Training (2023),2023-05-22,172,CH,F,MIDSHIPMAN,FLAT OUT GITTIN IT,FLAT OUT,CRANE THOROUGHBRED SERVICES LLC AGENT,MICHAEL MAKER,70000,,03/03/2021,KENTUCKY,K&L,,,,10.4,https://www.youtube.com/watch?v=K5xxBBiLAwY
Midlantic May Two-Year-Olds in Training (2023),2023-05-22,173,CH,C,GUN RUNNER,FLATTERYWILLGETYOU,FLATTER,PIKE RACING AGENT,HARMASH RACING,70000,,04/24/2021,NEW YORK,H,,,,10.2,https://www.youtube.com/watch?v=htIJNPbUQ80
Midlantic May Two-Year-Olds in Training (2023),2023-05-22,174,B,F,CITY OF LIGHT,FLY TO THE STARS,GIANT'S CAUSEWAY,SGV THOROUGHBREDS LLC (STEVEN VENOSA) AGENT,BREGMAN FAMILY RACING LLC,260000,,03/22/2021,KENTUCKY,T,,,,10.1,https://www.youtube.com/watch?v=1XSeT2ZzyUs
Midlantic May Two-Year-Olds in Training (2023),2023-05-22,175,CH,F,FLAMEAWAY,FOLLOW YOUR BLISS,THUNDER GULCH,BEATTIE HORSE TRAINING & SALES AGENT,BAMFAM,15000,,01/30/2021,PENNSYLVANIA,K,,,,11.2,https://www.youtube.com/watch?v=3qpew8QAk6Y
Midlantic May Two-Year-Olds in Training (2023),2023-05-22,176,DKB,C,VIOLENCE,FORBIDDEN KISS,TOUCH GOLD,CARY FROMMER LLC AGENT,NOT SOLD,120000,,05/01/2021,KENTUCKY,A&B,,,,10.4,https://www.youtube.com/watch?v=gQDQK0s6A38
Midlantic May Two-Year-Olds in Training (2023),2023-05-22,177,DKB,C,OMAHA BEACH,FOREST LAKE,FORESTRY,TOP LINE SALES LLC AGENT,MICHAEL MAKER,110000,,03/02/2021,KENTUCKY,E&F,,,,11,https://www.youtube.com/watch?v=s-AMYxBCUhY
Midlantic May Two-Year-Olds in Training (2023),2023-05-22,178,B,F,ALWAYS DREAMING,FOURNINETEEN,FLATTER,WHITE PINE THOROUGHBREDS AGENT,OUT,0,,03/28/2021,NEW YORK,J,,,,,
Midlantic May Two-Year-Olds in Training (2023),2023-05-22,179,CH,F,MITOLE,FREE AND PROUD,ALGORITHMS,SBM TRAINING AND SALES AGENT,STORMY STABLE LLC,30000,,04/16/2021,KENTUCKY,K&L,,,https://vimeo.com/826939284,10.3,https://www.youtube.com/watch?v=kGvDxVYekbc
Midlantic May Two-Year-Olds in Training (2023),2023-05-22,180,GRR,F,ENTICED,FREEDOM COME,LIT DE JUSTICE,JAMES LAYDEN AGENT,NOT SOLD,49000,,05/05/2021,KENTUCKY,D,,,,10.3,https://www.youtube.com/watch?v=OwI77KdjdpI
Midlantic May Two-Year-Olds in Training (2023),2023-05-22,181,DKB,F,HONOR CODE,FREUD'S NOTEBOOK,FREUD,BOBBY DODD AGENT,OUT,0,,04/21/2021,NEW YORK,J,,,,,
Midlantic May Two-Year-Olds in Training (2023),2023-05-22,182,B,F,MAXIMUS MISCHIEF,FROLIC'S CANDY,CANDY RIDE (ARG),NIALL BRENNAN STABLES AGENT III,OUT,0,,03/01/2021,NEW YORK,K,,,,,
Midlantic May Two-Year-Olds in Training (2023),2023-05-22,183,CH,C,MALIBU MOON,FROSTIE ANNE,FROST GIANT,CLASSIC BLOODSTOCK AGENT,OUT,0,,02/02/2021,NEW YORK,I,,,,,
Midlantic May Two-Year-Olds in Training (2023),2023-05-22,184,B,C,MENDELSSOHN,FULL SWING,VERRAZANO,SBM TRAINING AND SALES AGENT,DONNA DOUGLAS,10000,,01/14/2021,KENTUCKY,K&L,,,https://vimeo.com/826939531,10.4,https://www.youtube.com/watch?v=BfXYU91GLOk
Midlantic May Two-Year-Olds in Training (2023),2023-05-22,185,B,F,FORCE THE PASS,GABBY'S BROWN,BIG BROWN,GRASSROOTS TRAINING AND SALES LLC,DOMEYKO TAYLOR LP,25000,,03/13/2021,MARYLAND,I,,,,10.3,https://www.youtube.com/watch?v=ffkBEdpCSWQ
Midlantic May Two-Year-Olds in Training (2023),2023-05-22,186,B,F,UNCLE MO,GABRIELLESTOBLAME,BLAME,PICK VIEW LLC AGENT,SOLIS/LITT,625000,,03/27/2021,FLORIDA,T,,,,10.1,https://www.youtube.com/watch?v=WwtrBDpbYew
Midlantic May Two-Year-Olds in Training (2023),2023-05-22,187,DKB,C,MEDAGLIA D'ORO,GAMBLE'S GHOST,GHOSTZAPPER,EDDIE WOODS AGENT VIII,OUT,0,,02/15/2021,KENTUCKY,J&K,,,,,
Midlantic May Two-Year-Olds in Training (2023),2023-05-22,188,DKB,C,BOLT D'ORO,GENEROSITY,UNBRIDLED'S SONG,NIALL BRENNAN STABLES AGENT VII,OUT,0,,04/07/2021,NEW YORK,K,,,,,
Midlantic May Two-Year-Olds in Training (2023),2023-05-22,189,B,C,MUNNINGS,GHOST JUMPER,GHOSTZAPPER,WAVERTREE STABLES INC. (CIARAN DUNNE) AGENT VI,NOT SOLD,47000,,03/20/2021,KENTUCKY,T,,,https://vimeo.com/825299651?share=copy,11,https://www.youtube.com/watch?v=l9SLwCdP6Qo
Midlantic May Two-Year-Olds in Training (2023),2023-05-22,190,DKB,C,SHARP AZTECA,GIRLABOUTOWN,A.P. INDY,SEQUEL BLOODSTOCK AGENT FOR CHESTER & MARY BROMAN,R T RACING,55000,,05/17/2021,NEW YORK,H,,,https://vimeo.com/825298537?share=copy,10.4,https://www.youtube.com/watch?v=G-9l-v2Odko
Midlantic May Two-Year-Olds in Training (2023),2023-05-22,191,CH,F,MITOLE,GIRL POWER,PURE PRIZE,TOM MCCROCKLIN AGENT V,TOM MCCROCKLIN,30000,,03/25/2021,KENTUCKY,D&E,,,,10.4,https://www.youtube.com/watch?v=oRzcqBA-lS4
Midlantic May Two-Year-Olds in Training (2023),2023-05-22,192,B,F,VINO ROSSO,GLOOMY I'M KNOT,D'WILDCAT,SEQUEL BLOODSTOCK AGENT III,R T RACING,42000,,02/12/2021,NEW YORK,H,,,https://vimeo.com/825298605?share=copy,10.3,https://www.youtube.com/watch?v=t_rvL7916Zw
Midlantic May Two-Year-Olds in Training (2023),2023-05-22,193,B,C,GOLDENCENTS,GLORIOUS HOUR,BODEMEISTER,WAVERTREE STABLES INC. (CIARAN DUNNE) AGENT VII,PIERRE & LESLIE AMESTOY & ROGER K BEASLEY,250000,,03/09/2021,KENTUCKY,T,,,https://vimeo.com/825299698?share=copy,10.2,https://www.youtube.com/watch?v=ECZ5DyMQEjE
Midlantic May Two-Year-Olds in Training (2023),2023-05-22,194,B,C,GOOD MAGIC,GLORY,TAPIT,PAUL SHARP AGENT VII,EMERALD SALES AGENT FOR KEM RACING,85000,,05/01/2021,KENTUCKY,J&K,,,,10.2,https://www.youtube.com/watch?v=Or0pdHmfX3k
Midlantic May Two-Year-Olds in Training (2023),2023-05-22,195,DKB,C,TAKE CHARGE INDY,GOIAS (IRE),HARD SPUN,COASTAL EQUINE LLC (JESSE HOPPEL) AGENT,AMIRA CHICHAKLY AGENT FOR PHOENIX RISING,12000,,02/01/2021,NEW YORK,B&C,,,,10.4,https://www.youtube.com/watch?v=3OWeW8q0Dec
Midlantic May Two-Year-Olds in Training (2023),2023-05-22,196,B,C,BOLT D'ORO,GOLDEN DOMER,QUALITY ROAD,WAVERTREE STABLES INC. (CIARAN DUNNE) AGENT,OUT,0,,02/28/2021,KENTUCKY,T,,,,,
Midlantic May Two-Year-Olds in Training (2023),2023-05-22,197,DKB,C,TWIRLING CANDY,GOLDENMINE,MINESHAFT,KINGS EQUINE AGENT,K.O.I.D.,18000,Y,03/14/2021,NEW YORK,T,,,,10.2,https://www.youtube.com/watch?v=1pntcSY3z2Q
Midlantic May Two-Year-Olds in Training (2023),2023-05-22,198,GRR,C,NOT THIS TIME,GOODNESS UNBRIDLED,UNBRIDLED'S SONG,PICK VIEW LLC AGENT,SPEEDWAY STABLES,500000,,05/13/2021,KENTUCKY,T,,,,10.3,https://www.youtube.com/watch?v=YsD-W1mOIZ8
Midlantic May Two-Year-Olds in Training (2023),2023-05-22,199,DKB,F,ANCHOR DOWN,GRACE ALMIGHTY,MENIFEE,COASTAL EQUINE LLC (JESSE HOPPEL) AGENT,AMATY RACING STABLES,30000,,04/26/2021,KENTUCKY,B&C,,,,21.4,https://www.youtube.com/watch?v=800_t41KJiU
Midlantic May Two-Year-Olds in Training (2023),2023-05-22,200,DKB,G,CLOUD COMPUTING,GRACEFUL LIGHT,SILVER TRAIN,JAMES LAYDEN AGENT,ANTHONY J FONTANA,22000,,02/03/2021,NEW YORK,D,,,,10.4,https://www.youtube.com/watch?v=e3uALnI_q7w
Midlantic May Two-Year-Olds in Training (2023),2023-05-22,201,GRR,C,FUNTASTIC,GRACIOUS SAKES,LANGFUHR,CROWN THOROUGHBRED AGENT,S.R.O.A. (K.O.I.D.),37000,Y,05/17/2021,KENTUCKY,T,,,,10.3,https://www.youtube.com/watch?v=y-g8bqh19w4
Midlantic May Two-Year-Olds in Training (2023),2023-05-22,202,B,C,BOLT D'ORO,GRITTY GAL,WAR PASS,SCANLON TRAINING & SALES AGENT FOR EXCEL BLOODSTOCK (BRUNO DEBERDT),OUT,0,,04/06/2021,KENTUCKY,T,,,,,
Midlantic May Two-Year-Olds in Training (2023),2023-05-22,203,CH,F,VINO ROSSO,GROOVITUDE,DIXIE UNION,TWO OAKS EQUINE,HORSE HAVEN STABLE,45000,,02/02/2021,KENTUCKY,F,,,,10.3,https://www.youtube.com/watch?v=a4FrxIWUkIQ
Midlantic May Two-Year-Olds in Training (2023),2023-05-22,204,B,F,CONSTITUTION,GUEST HOUSE,GHOSTZAPPER,RANDY MILES AGENT VIII,JOHN MENTZ,50000,,02/15/2021,KENTUCKY,C,,,https://vimeo.com/827110070,11,https://www.youtube.com/watch?v=9B4QvAn1AcM
Midlantic May Two-Year-Olds in Training (2023),2023-05-22,205,B,C,MAXIMUS MISCHIEF,GYPSY LOU,ELUSIVE QUALITY,SCANLON TRAINING & SALES AGENT XII,ZILLA RACING STABLES & NORMAN TREMBLAY,75000,,04/29/2021,KENTUCKY,T,,,https://vimeo.com/826485612?share=copy,10.3,https://www.youtube.com/watch?v=1REQLvHqrl4
Midlantic May Two-Year-Olds in Training (2023),2023-05-22,206,DKB,F,MALIBU MOON,HADRIANA,BODEMEISTER,NIALL BRENNAN STABLES AGENT IX,OUT,0,,03/24/2021,NEW YORK,K,,,,,
Midlantic May Two-Year-Olds in Training (2023),2023-05-22,207,B,F,KLIMT,HAKA'S SISTER,DECLARATION OF WAR,DE MERIC SALES AGENT,JOHN SERVIS AGENT,40000,,02/22/2021,KENTUCKY,J,,,,10.4,https://www.youtube.com/watch?v=Uw0Ao7FIIIM
Midlantic May Two-Year-Olds in Training (2023),2023-05-22,208,CH,F,WORLD OF TROUBLE,HAPPY DESTINY,CONGRATS,SBM TRAINING AND SALES AGENT,RUSTY ROBERTS AGENT,5000,,02/09/2021,LOUISIANA,K&L,,,https://vimeo.com/826938665,10.3,https://www.youtube.com/watch?v=j6z0bo9hygA
Midlantic May Two-Year-Olds in Training (2023),2023-05-22,209,CH,F,PRACTICAL JOKE,HAPPY VALE,DISTORTED HUMOR,KINGS EQUINE AGENT,OUT,0,,05/21/2021,NEW YORK,T,,,,,
Midlantic May Two-Year-Olds in Training (2023),2023-05-22,210,CH,C,MENDELSSOHN,HARBINGEROFTHINGS,ROCKPORT HARBOR,KINGS EQUINE AGENT FOR SPENDTHRIFT FARM LLC,RON ELLIS AGENT,190000,,02/05/2021,KENTUCKY,T,,,,10.3,https://www.youtube.com/watch?v=PvJ3yiI4u0I
Midlantic May Two-Year-Olds in Training (2023),2023-05-22,211,B,F,UNCLE MO,HEAVENLY SCAT,SCAT DADDY,KINGS EQUINE AGENT,NOT SOLD,25000,,02/27/2021,KENTUCKY,T,,,,10.3,https://www.youtube.com/watch?v=93zIkB-I_ZY
Midlantic May Two-Year-Olds in Training (2023),2023-05-22,212,B,F,FROSTED,HELOTES,PAYNTER,KINGS EQUINE AGENT,RAFAEL KODESH,20000,,02/24/2021,NEW YORK,T,,,,10.3,https://www.youtube.com/watch?v=OYhq9GJn6Sk
Midlantic May Two-Year-Olds in Training (2023),2023-05-22,213,B,C,PAYNTER,HEY LITTLE SISTER,JUMP START,PAUL SHARP AGENT VI,OUT,0,,03/28/2021,KENTUCKY,J&K,,,,,
Midlantic May Two-Year-Olds in Training (2023),2023-05-22,214,DKB,F,CANDY RIDE (ARG),HIGH AUTHORITY,UNCLE MO,DE MERIC SALES AGENT,STEPHEN & DENISE SMITH FOR ELEMENTS RACING,90000,,05/06/2021,KENTUCKY,J,,,,10.3,https://www.youtube.com/watch?v=7g5l6WoTrsU
Midlantic May Two-Year-Olds in Training (2023),2023-05-22,215,B,F,AMERICAN PHAROAH,HIGHWAY MARY,U S RANGER,EDDIE WOODS AGENT XXXIV,JOHN GUARNERE,150000,,02/11/2021,KENTUCKY,J&K,,,https://vimeo.com/8247490,21.4,https://www.youtube.com/watch?v=-At5hFwTssw
Midlantic May Two-Year-Olds in Training (2023),2023-05-22,216,DKB,F,CLASSIC EMPIRE,HINT OF MINT,MORE THAN READY,COASTAL EQUINE LLC (JESSE HOPPEL) AGENT,JACOB G HESS,10000,,03/24/2021,KENTUCKY,B&C,,,,22.1,https://www.youtube.com/watch?v=cG_H-k2qJkA
Midlantic May Two-Year-Olds in Training (2023),2023-05-22,217,DKB,F,HOPPERTUNITY,HOLIDAY HOPES,HARLAN'S HOLIDAY,GRASSROOTS TRAINING AND SALES LLC AGENT,JOHN SERVIS AGENT,37000,,03/03/2021,PENNSYLVANIA,I,,,,10.2,https://www.youtube.com/watch?v=7cAKz9QOI3I
Midlantic May Two-Year-Olds in Training (2023),2023-05-22,218,B,C,BOLT D'ORO,HOLIDAY WISHES,HARLAN'S HOLIDAY,TOP LINE SALES LLC AGENT XII,OUT,0,,03/26/2021,NEW YORK,E&F,,,,,
Midlantic May Two-Year-Olds in Training (2023),2023-05-22,219,CH,C,SOLOMINI,HOLLY'S STAR,DUBLIN,PIKE RACING AGENT,GARY CONTESSA AGENT,65000,,03/22/2021,NEW YORK,H,,,https://vimeo.com/827021222?share=copy,10.3,https://www.youtube.com/watch?v=LPvwkOQxQeM
Midlantic May Two-Year-Olds in Training (2023),2023-05-22,220,B,F,BEE JERSEY,ICY TALES,TALE OF EKATI,COASTAL EQUINE LLC (JESSE HOPPEL) AGENT,BRUNO SCHICKEDANZ,40000,,04/19/2021,KENTUCKY,B&C,,,,21.4,https://www.youtube.com/watch?v=s9TSLN1T59A
Midlantic May Two-Year-Olds in Training (2023),2023-05-22,221,B,F,CONSTITUTION,I'M BETTY G,INTO MISCHIEF,WOODFORD THOROUGHBREDS AGENT VI,OUT,0,,03/26/2021,KENTUCKY,I,,,,,
Midlantic May Two-Year-Olds in Training (2023),2023-05-22,222,B,C,CONSTITUTION,INDIA,HENNESSY,WOODFORD THOROUGHBREDS AGENT III,OUT,0,,03/05/2021,KENTUCKY,I,,,,,
Midlantic May Two-Year-Olds in Training (2023),2023-05-22,223,DKB,C,WORLD OF TROUBLE,INDIAN SPLENDOR,INDIAN OCEAN,CLASSIC BLOODSTOCK AGENT II,J.A.S.,200000,,04/06/2021,NEW YORK,I,,,https://vimeo.com/826170847?share=copy,10.1,https://www.youtube.com/watch?v=urNCQe0P-Kw
Midlantic May Two-Year-Olds in Training (2023),2023-05-22,224,CH,F,CATALINA CRUISER,INDUSTRIAL POLICY,HARLAN'S HOLIDAY,KINGS EQUINE AGENT,BOOTS N BIKINIS LLC,32000,,02/19/2021,OHIO,T,,,,10.3,https://www.youtube.com/watch?v=iqzKno1Y48s
Midlantic May Two-Year-Olds in Training (2023),2023-05-22,225,B,F,RUNHAPPY,INVESTED PROSPECT,ABRAAJ,SIX K'S TRAINING & SALES LLC AGENT,JON TAISEY AGT FOR BIG DOM RACINGHIBISCUS & BIG TOE,45000,Y,02/06/2021,KENTUCKY,I,,,https://vimeo.com/826553526,10.1,https://www.youtube.com/watch?v=zUawbKjdTCA
Midlantic May Two-Year-Olds in Training (2023),2023-05-22,226,B,F,UNCLE MO,ISSUES,AWESOME AGAIN,PIKE RACING AGENT,OUT,0,,05/09/2021,KENTUCKY,H,,,,10.2,https://www.youtube.com/watch?v=DUR747VpJLA
Midlantic May Two-Year-Olds in Training (2023),2023-05-22,227,B,F,KANTHAROS,JANE OF ALL TRADES,ROCK HARD TEN,KINGS EQUINE AGENT,ANGELINOS RACING LLC,60000,Y,04/23/2021,KENTUCKY,T,,,,10.1,https://www.youtube.com/watch?v=bbZqVq_2SH8
Midlantic May Two-Year-Olds in Training (2023),2023-05-22,228,GRR,C,LIAM'S MAP,JAYLAN,SCAT DADDY,CARY FROMMER LLC AGENT,GREG FOLEY AGT,95000,Y,03/01/2021,KENTUCKY,A&B,,,,10.2,https://www.youtube.com/watch?v=KLjIcCp4v7U
Midlantic May Two-Year-Olds in Training (2023),2023-05-22,229,B,C,GUN RUNNER,JEMMABELLE,STREET SENSE,GOLDEN ROCK THOROUGHBREDS AGENT FOR DAVID GEOFROY,OUT,0,,05/02/2021,KENTUCKY,F,,,,,
Midlantic May Two-Year-Olds in Training (2023),2023-05-22,230,B,C,AMERICAN PHAROAH,JEWELIANA,SMART STRIKE,GOODMAN CARAMORI AGENT,OUT,0,,05/05/2021,KENTUCKY,L,,,,,
Midlantic May Two-Year-Olds in Training (2023),2023-05-22,231,B,C,KITTEN'S JOY,JOELS LAST LAUGH,FORESTRY,WOODFORD THOROUGHBREDS AGENT VI,PBJ THOROUGHBREDS,150000,,04/26/2021,KENTUCKY,I,,,https://vimeo.com/826571862,10.3,https://www.youtube.com/watch?v=EGOnT9xYA04
Midlantic May Two-Year-Olds in Training (2023),2023-05-22,232,DKB,C,UNCLE MO,JUMBY BAY,CITY ZIP,WHITE PINE THOROUGHBREDS AGENT,BO BROMAGEN AGT,80000,,04/29/2021,KENTUCKY,J,,,https://vimeo.com/825789417?share=copy,10.2,https://www.youtube.com/watch?v=WYwwNtLA2l4
Midlantic May Two-Year-Olds in Training (2023),2023-05-22,233,DKB,F,MITOLE,JUNOON,STREET SENSE,CM THOROUGHBREDS AGENT,NOT SOLD,7000,,05/21/2021,NEW YORK,K,,,,10.3,https://www.youtube.com/watch?v=jlRqPW6NeDM
Midlantic May Two-Year-Olds in Training (2023),2023-05-22,234,CH,F,PALACE MALICE,JUST JENDA,MENIFEE,PAUL SHARP AGENT V,ORANGE HOUSE BLOODSTOCK,60000,,03/10/2021,NEW YORK,J&K,,,,10.2,https://www.youtube.com/watch?v=G-O0jA6SxHU
Midlantic May Two-Year-Olds in Training (2023),2023-05-22,235,B,F,OMAHA BEACH,KATERBUG,PULPIT,WOODFORD THOROUGHBREDS AGENT V,OUT,0,,04/03/2021,KENTUCKY,I,,,,,
Midlantic May Two-Year-Olds in Training (2023),2023-05-22,236,B,F,VINO ROSSO,KATIE LANE (IRE),QUALITY ROAD,COASTAL EQUINE LLC (JESSE HOPPEL) AGENT,JOHN FANELLI LLC,63000,,03/07/2021,KENTUCKY,B&C,,,,10.1,https://www.youtube.com/watch?v=vjJnZS42a98
Midlantic May Two-Year-Olds in Training (2023),2023-05-22,237,DKB,C,MOR SPIRIT,K C'S SONGOFPRAYER,SONGANDAPRAYER,WES CARTER AGENT FOR CARTER BROTHERS,LARRY E. RABOLD,42000,Y,04/09/2021,INDIANA,G,,,,10.2,https://www.youtube.com/watch?v=4WsGyyDv-bs
Midlantic May Two-Year-Olds in Training (2023),2023-05-22,238,B,C,MAXIMUS MISCHIEF,KILLAY (GB),AQLAAM (GB),SIX K'S TRAINING & SALES LLC AGENT,NOT SOLD,73000,,01/22/2021,KENTUCKY,I,,,https://vimeo.com/826553506,10.2,https://www.youtube.com/watch?v=FTXVjgbN6ro
Midlantic May Two-Year-Olds in Training (2023),2023-05-22,239,B,C,MIDSHIPMAN,KIPLING'S JOY,KIPLING,WAVERTREE STABLES INC. (CIARAN DUNNE) AGENT V,SHEPHERD EQUINE ADVISERS AGENT FOR LARRY HIRSCH,225000,,04/18/2021,NEW YORK,T,,,https://vimeo.com/825299765?share=copy,10.1,https://www.youtube.com/watch?v=NaWCb_GZy1U
Midlantic May Two-Year-Olds in Training (2023),2023-05-22,240,GRR,C,ARROGATE,KORTOBA,DISTORTED HUMOR,JULIE DAVIES LLC AGENT,OUT,0,,04/30/2021,PENNSYLVANIA,C&D,,,,10.3,https://www.youtube.com/watch?v=-TMWk4IEeFA
Midlantic May Two-Year-Olds in Training (2023),2023-05-22,241,B,F,GET STORMY,LACIE SLEW,MINESHAFT,CROWN THOROUGHBRED AGENT,STEVE MOGER,50000,,03/08/2021,KENTUCKY,T,,,https://youtu.be/Vt4BrsjLS0Y,10.2,https://www.youtube.com/watch?v=Yaz4hDTxNig
Midlantic May Two-Year-Olds in Training (2023),2023-05-22,242,DKB,F,MO TOWN,LA CONDESA,FREUD,GRASSROOTS TRAINING AND SALES LLC AGENT,HIDDEN BROOK AGENT,160000,,03/08/2021,NEW YORK,I,,,,10.1,https://www.youtube.com/watch?v=CZZAF7rABFc
Midlantic May Two-Year-Olds in Training (2023),2023-05-22,243,DKB,F,VIOLENCE,LADY APHRODITE,GIANT'S CAUSEWAY,GRASSROOTS TRAINING AND SALES LLC AGENT,MUIR HUT STABLES LLC,120000,,03/13/2021,NEW YORK,I,,,,10.2,https://www.youtube.com/watch?v=U-Gw83nn0hI
Midlantic May Two-Year-Olds in Training (2023),2023-05-22,244,CH,F,CENTRAL BANKER,LADY DAPHNE,HARLAN'S HOLIDAY,DE MERIC SALES AGENT,MITRE BOX STABLES,100000,,04/07/2021,NEW YORK,J,,,,10.2,https://www.youtube.com/watch?v=T_jtNWHmKAA
Midlantic May Two-Year-Olds in Training (2023),2023-05-22,245,GRR,F,MENDELSSOHN,LADY HANSEN,HANSEN,PAUL SHARP AGENT I,SPEEDWAY STABLES,800000,,04/13/2021,KENTUCKY,J&K,,,,10.1,https://www.youtube.com/watch?v=oCGNSurPbCU
Midlantic May Two-Year-Olds in Training (2023),2023-05-22,246,CH,F,CURLIN,LADY KITTEN,KITTEN'S JOY,JAMES LAYDEN AGENT,NOT SOLD,120000,,03/11/2021,KENTUCKY,D,,,,10.3,https://www.youtube.com/watch?v=C3UiS10wYDQ
Midlantic May Two-Year-Olds in Training (2023),2023-05-22,247,DKB,F,NOT THIS TIME,LADY LIAM,SAINT LIAM,JULIE DAVIES LLC AGENT,MARC TACHER,135000,,05/07/2021,ONTARIO,C&D,,,,10.2,https://www.youtube.com/watch?v=LZC1y1-if4c
Midlantic May Two-Year-Olds in Training (2023),2023-05-22,248,B,F,KANTHAROS,LADY LUCK,MEDAGLIA D'ORO,BOBBY DODD AGENT,OUT,0,,04/03/2021,KENTUCKY,J,,,,,
Midlantic May Two-Year-Olds in Training (2023),2023-05-22,249,B,C,TWIRLING CANDY,LADY MAMBA,WAR FRONT,GRASSROOTS TRAINING AND SALES LLC AGENT,TAPROOT BLOODSTOCK AGENT,240000,,02/25/2021,KENTUCKY,I,,,,10,https://www.youtube.com/watch?v=ObAP-vBh6Uk
Midlantic May Two-Year-Olds in Training (2023),2023-05-22,250,CH,C,TAPIT,LADY PEWITT,ORIENTATE,JULIE DAVIES LLC AGENT,STEVEN W YOUNG AGENT,600000,,03/22/2021,KENTUCKY,C&D,,,,10.2,https://www.youtube.com/watch?v=v0OkOP9f90E
Midlantic May Two-Year-Olds in Training (2023),2023-05-22,251,DKB,C,MUNNINGS,LA RUMBLA,SUPER SAVER,PAUL SHARP AGENT V,ANNA'S BANDIT,20000,,03/24/2021,KENTUCKY,J&K,,,,10.4,https://www.youtube.com/watch?v=eb-adzOkB-4
Midlantic May Two-Year-Olds in Training (2023),2023-05-22,252,DKB,F,CONNECT,LA VITA BELLA,GIANT'S CAUSEWAY,CARY FROMMER LLC AGENT,ERIC AQUINO,37000,,02/13/2021,KENTUCKY,A&B,,,,10.4,https://www.youtube.com/watch?v=yb4cG2uJZ_M
Midlantic May Two-Year-Olds in Training (2023),2023-05-22,253,GRR,C,MAXIMUS MISCHIEF,L. A. WAY,TIZWAY,KINGS EQUINE AGENT,AARON KENNEDY,150000,Y,02/19/2021,IOWA,T,,,,10.1,https://www.youtube.com/watch?v=e4_Kov2DW0E
Midlantic May Two-Year-Olds in Training (2023),2023-05-22,254,CH,C,SPEIGHTSTOWN,LAWN PARTY,MEDAGLIA D'ORO,TOP LINE SALES LLC AGENT II,BHUPAT SEEMAR,150000,,05/26/2021,KENTUCKY,E&F,,,,10.3,https://www.youtube.com/watch?v=0CiVCStmbsw
Midlantic May Two-Year-Olds in Training (2023),2023-05-22,255,B,C,LAOBAN,LEVETTA,VIOLENCE,SEQUEL BLOODSTOCK AGENT VII,OUT,0,,05/04/2021,NEW YORK,H,,,,,
Midlantic May Two-Year-Olds in Training (2023),2023-05-22,256,B,C,CENTRAL BANKER,LIGHT THE DYNAMITE,INTO MISCHIEF,TOM MCCROCKLIN AGENT XVIII,FRANK CATAPANO  & NICHOLES PRIMPAS,22000,,04/02/2021,NEW YORK,D&E,,,,10.1,https://www.youtube.com/watch?v=kxP5PEk1NA0
Midlantic May Two-Year-Olds in Training (2023),2023-05-22,257,CH,F,PRACTICAL JOKE,LINE OF BEST FIT,TRAJECTORY,WES CARTER AGENT FOR CARTER BROTHERS,NICOLBY RACING STABLE LLC,60000,,04/09/2021,MARYLAND,G,,,,10.4,https://www.youtube.com/watch?v=Sszd0UWPK3Y
Midlantic May Two-Year-Olds in Training (2023),2023-05-22,258,DKB,C,CROSS TRAFFIC,LISTEN BOY,AFTER MARKET,DE MERIC SALES AGENT,JAGGER INC,32000,,02/16/2021,MARYLAND,J,,,,10.4,https://www.youtube.com/watch?v=a5PCli92rSE
Midlantic May Two-Year-Olds in Training (2023),2023-05-22,259,CH,C,SOLOMINI,LITERARY LADY,BIRDSTONE,PIKE RACING AGENT,LEGION BLOODSTOCK/JCE RACING,130000,,02/24/2021,NEW YORK,H,,,https://vimeo.com/827021071?share=copy,10.1,https://www.youtube.com/watch?v=QZeKSu-Ia0Y
Midlantic May Two-Year-Olds in Training (2023),2023-05-22,260,B,F,COAL FRONT,LITTLESTONE,BIRDSTONE,TOM MCCROCKLIN AGENT XX,ANTHONY MERLINO,5000,,02/17/2021,KENTUCKY,D&E,,,,10.3,https://www.youtube.com/watch?v=NAIIt3ncCFs
Midlantic May Two-Year-Olds in Training (2023),2023-05-22,261,DKB,F,GHOSTZAPPER,LITTLE SWOON,YOU AND I,WOODFORD THOROUGHBREDS AGENT III,OUT,0,,05/05/2021,KENTUCKY,I,,,https://vimeo.com/826571843,10.3,https://www.youtube.com/watch?v=XWS0wbUoq2E
Midlantic May Two-Year-Olds in Training (2023),2023-05-22,262,CH,C,MITOLE,LIZA TOO,OLMODAVOR,TOM MCCROCKLIN AGENT XVII,OUT,0,,02/13/2021,KENTUCKY,D&E,,,,10.2,https://www.youtube.com/watch?v=1M_z0wLeX1s
Midlantic May Two-Year-Olds in Training (2023),2023-05-22,263,DKB,F,CAIRO PRINCE,LOOKIN' FOR INDY,A.P. INDY,HIDDEN BROOK AGENT III,J.A.S.,150000,,02/02/2021,MARYLAND,K,,,,10.2,https://www.youtube.com/watch?v=V61t9-Mzumk
Midlantic May Two-Year-Olds in Training (2023),2023-05-22,264,B,C,SPEIGHTSTOWN,LOOKING GREAT,INCLUDE,JAMES LAYDEN AGENT,KSI,265000,,04/18/2021,VIRGINIA,D,,,,10.1,https://www.youtube.com/watch?v=J_pChy4N_4E
Midlantic May Two-Year-Olds in Training (2023),2023-05-22,265,GRR,C,LIAM'S MAP,LOUGH DERG,LEMON DROP KID,BOUTTE SALES AGENT III,NOT SOLD,49000,,03/04/2021,KENTUCKY,K,,,https://youtu.be/D7trUvT_LIQ,10.4,https://www.youtube.com/watch?v=RVEI2NoxHiw
Midlantic May Two-Year-Olds in Training (2023),2023-05-22,266,DKB,C,QUALITY ROAD,LOVE CHILD,FED BIZ,WAVERTREE STABLES INC. (CIARAN DUNNE) AGENT VIII,OUT,0,,04/10/2021,KENTUCKY,T,,,https://vimeo.com/825299796?share=copy,10.2,https://www.youtube.com/watch?v=A0_vwT_E5vo
Midlantic May Two-Year-Olds in Training (2023),2023-05-22,267,DKB,F,MITOLE,LOVE MY GIRL,EL CORREDOR,LITTLE FARM EQUINE LLC AGENT,REALITY HOUSE RACING,7000,,05/12/2021,NEW YORK,G,,,https://vimeo.com/827458549?share=copy,10.2,https://www.youtube.com/watch?v=yGiw23L6YEU
Midlantic May Two-Year-Olds in Training (2023),2023-05-22,268,CH,F,VINO ROSSO,LUNAR GAZE,MALIBU MOON,SEQUEL BLOODSTOCK AGENT II,WEST BLDSTK AGT FOR REPOLE STABLE,350000,,04/14/2021,NEW YORK,H,,,https://vimeo.com/826469065?share=copy,10.1,https://www.youtube.com/watch?v=ZTCGHz8Y-7Y
Midlantic May Two-Year-Olds in Training (2023),2023-05-22,269,B,F,CUPID,MADAM LAGONZA,KINGMAMBO,PAUL SHARP AGENT X,OUT,0,,04/09/2021,KENTUCKY,J&K,,,,,
Midlantic May Two-Year-Olds in Training (2023),2023-05-22,270,CH,F,STREET BOSS,MADDIE P,TRAPPE SHOT,HIDDEN BROOK AGENT IV,NOT SOLD,24000,,01/25/2021,KENTUCKY,K,,,https://www.youtube.com/watch?v=-jileATEThs,10.3,https://www.youtube.com/watch?v=pi2RKVkXWC0
Midlantic May Two-Year-Olds in Training (2023),2023-05-22,271,DKB,F,FLATTER,MAGICAL CAT (IRE),GIANT'S CAUSEWAY,GRASSROOTS TRAINING AND SALES LLC AGENT,AMIRA CHICHAKLY AGENT FOR PHOENIX RISING,50000,,05/10/2021,NEW YORK,I,,,,10.2,https://www.youtube.com/watch?v=Zj6xciN_JBQ
Midlantic May Two-Year-Olds in Training (2023),2023-05-22,272,CH,F,KANTHAROS,MAGICALLY,MR. GREELEY,TOM MCCROCKLIN AGENT XII,ANITA VELAZQUEZ,8000,,03/22/2021,KENTUCKY,D&E,,,,10.4,https://www.youtube.com/watch?v=qwy_gH2dZYQ
Midlantic May Two-Year-Olds in Training (2023),2023-05-22,273,B,F,MALIBU MOON,MAGICA STRIPES (ARG),EQUAL STRIPES (ARG),KINGS EQUINE AGENT FOR SPENDTHRIFT FARM LLC,NOT SOLD,50000,,01/17/2021,KENTUCKY,T,,,,10.2,https://www.youtube.com/watch?v=M5di18IdwZY
Midlantic May Two-Year-Olds in Training (2023),2023-05-22,274,DKB,C,OMAHA BEACH,MAGIC MISCHIEF,INTO MISCHIEF,WAVERTREE STABLES INC. (CIARAN DUNNE) AGENT IX,OUT,0,,01/28/2021,NEW YORK,T,,,,,
Midlantic May Two-Year-Olds in Training (2023),2023-05-22,275,B,C,SHARP AZTECA,MAISIE,STAY THIRSTY,TOM MCCROCKLIN AGENT XIX,OUT,0,,01/25/2021,KENTUCKY,D&E,,,,,
Midlantic May Two-Year-Olds in Training (2023),2023-05-22,276,B,C,GIRVIN,ITALIAN ROSE,FORESTRY,DE MERIC SALES AGENT,MADAKET STABLES LLC,125000,Y,03/27/2021,FLORIDA,J,,,,10.3,https://www.youtube.com/watch?v=F2T2ARb2a9M
Midlantic May Two-Year-Olds in Training (2023),2023-05-22,277,B,C,HOPPERTUNITY,MAJESTIC MELRESA,MAJESTIC WARRIOR,BEST A LUCK FARM LLC AGENT,BLUE STREAK RACING LLC,22500,,02/28/2021,PENNSYLVANIA,I,,,,10.4,https://www.youtube.com/watch?v=1PI_hz3bcho
Midlantic May Two-Year-Olds in Training (2023),2023-05-22,278,DKB,F,OMAHA BEACH,MAJESTIC MONARCH,MAJESTIC WARRIOR,JULIE DAVIES LLC AGENT,OUT,0,,04/24/2021,KENTUCKY,C&D,,,https://vimeo.com/827408391,10.4,https://www.youtube.com/watch?v=21D7KM-nTg4
Midlantic May Two-Year-Olds in Training (2023),2023-05-22,279,CH,F,VINO ROSSO,MALIBU PIER,MALIBU MOON,KINGS EQUINE AGENT FOR SPENDTHRIFT FARM LLC,NOT SOLD,100000,,03/12/2021,KENTUCKY,T,,,,10.3,https://www.youtube.com/watch?v=0yx2sU7o1Q0
Midlantic May Two-Year-Olds in Training (2023),2023-05-22,280,DKB,F,MUNNINGS,MANASSAS LASS,FLASHY BULL,TOP LINE SALES LLC AGENT XIII,OUT,0,,04/26/2021,NEW YORK,E&F,,,,,
Midlantic May Two-Year-Olds in Training (2023),2023-05-22,281,DKB,C,CONSTITUTION,MANDRELL,DUBAWI (IRE),WOODFORD THOROUGHBREDS AGENT XIII,TRIN-BROOK STABLE,77000,,05/06/2021,KENTUCKY,I,,,,10.3,https://www.youtube.com/watch?v=9a3w7CCDRJA
Midlantic May Two-Year-Olds in Training (2023),2023-05-22,282,B,F,AUDIBLE,MARIALUA,MARIA'S MON,GRASSROOTS TRAINING AND SALES LLC AGENT,OUT,0,,03/26/2021,NEW YORK,I,,,,,
Midlantic May Two-Year-Olds in Training (2023),2023-05-22,283,B,C,LIAM'S MAP,MARKET LOVER,LATENT HEAT,GRASSROOTS TRAINING AND SALES LLC AGENT,OUT,0,,04/07/2021,KENTUCKY,I,,,,10.3,https://www.youtube.com/watch?v=g_qgWCOttQs
Midlantic May Two-Year-Olds in Training (2023),2023-05-22,284,CH,C,MACLEAN'S MUSIC,MARTINI,YES IT'S TRUE,HARTLEY/DE RENZO THOROUGHBREDS AGENT,LEGION BLOODSTOCK AGENT,450000,,05/20/2021,MARYLAND,A,,,,10.1,https://www.youtube.com/watch?v=F8E1TUHE5UM
Midlantic May Two-Year-Olds in Training (2023),2023-05-22,285,CH,F,SOLOMINI,MARU,COMPETITIVE EDGE,TOP LINE SALES LLC AGENT XI,JEWEL BOX RACING,150000,,05/08/2021,NEW YORK,E&F,,,,10.2,https://www.youtube.com/watch?v=iWDVqCtukzI
Midlantic May Two-Year-Olds in Training (2023),2023-05-22,286,CH,F,TALENT SEARCH,MARY COLE,BROKEN VOW,GRASSROOTS TRAINING AND SALES LLC AGENT,OUT,0,,05/10/2021,PENNSYLVANIA,I,,,,,
Midlantic May Two-Year-Olds in Training (2023),2023-05-22,287,DKB,C,BOLT D'ORO,MASASI,MORE THAN READY,KINGS EQUINE AGENT FOR SPENDTHRIFT FARM LLC,RON ELLIS AGT,260000,,03/13/2021,KENTUCKY,T,,,,10,https://www.youtube.com/watch?v=w5X27O3GwLI
Midlantic May Two-Year-Olds in Training (2023),2023-05-22,288,CH,F,FORCE THE PASS,MATTY'S SENSATION,STEPHEN GOT EVEN,WES CARTER AGENT FOR LEMON CREEK FARM,NOT SOLD,35000,,04/21/2021,MARYLAND,G,,,,10.2,https://www.youtube.com/watch?v=51icAj60XJM
Midlantic May Two-Year-Olds in Training (2023),2023-05-22,289,B,F,PRACTICAL JOKE,MCHUGH,COLONEL JOHN,SGV THOROUGHBREDS LLC (STEVEN VENOSA) AGENT,RAGS RACING STABLE LLC,75000,,04/20/2021,NEW YORK,T,,,,10.3,https://www.youtube.com/watch?v=Wfe50uD9K5g
Midlantic May Two-Year-Olds in Training (2023),2023-05-22,290,B,F,TWIRLING CANDY,MEETMEONLINE,LINE OF DAVID,DE MERIC SALES AGENT,MAVERICK RACING & SIENA FARM,485000,,02/28/2021,KENTUCKY,J,,,,10.2,https://www.youtube.com/watch?v=7pX_Vc87B2s
Midlantic May Two-Year-Olds in Training (2023),2023-05-22,291,DKB,F,STREET BOSS,MEGARA,TAKE CHARGE INDY,CM THOROUGHBREDS AGENT,OUT,0,,03/12/2021,KENTUCKY,K,,,,,
Midlantic May Two-Year-Olds in Training (2023),2023-05-22,292,B,F,SKY MESA,MELLONBROOK,DISCREET CAT,CARY FROMMER LLC AGENT,MADDIE HAMLIN AGENT,87000,,04/12/2021,KENTUCKY,A&B,,,,10.1,https://www.youtube.com/watch?v=8xyInfkdiYY
Midlantic May Two-Year-Olds in Training (2023),2023-05-22,293,DKB,F,PRACTICAL JOKE,MEOW,GIO PONTI,COASTAL EQUINE LLC (JESSE HOPPEL) AGENT,BACCARI BLOODSTOCK AGENT FOR D.W.F. INC.,70000,Y,03/07/2021,MARYLAND,B&C,,,,21.3,https://www.youtube.com/watch?v=NddR5WIrRvI
Midlantic May Two-Year-Olds in Training (2023),2023-05-22,294,DKB,C,UNCLE MO,META MU,STREET SENSE,GOLDEN ROCK THOROUGHBREDS AGENT,NOT SOLD,149000,,05/29/2021,KENTUCKY,F,,,,10.3,https://www.youtube.com/watch?v=hNI-eo5NToY
Midlantic May Two-Year-Olds in Training (2023),2023-05-22,295,B,F,ARMY MULE,MEZCALITA,PIONEEROF THE NILE,TOM MCCROCKLIN AGENT XII,MICHAEL SCHEFFRES,7000,,03/16/2021,KENTUCKY,D&E,,,,10.2,https://www.youtube.com/watch?v=6ZdJF2LjfJI
Midlantic May Two-Year-Olds in Training (2023),2023-05-22,296,DKB,F,CLOUD COMPUTING,MIDNIGHT BLVD,BELLAMY ROAD,HIDDEN BROOK AGENT III,C & B STABLE,23000,,04/30/2021,MARYLAND,K,,,https://www.youtube.com/watch?v=PFIMZKeuEgQ,10.3,https://www.youtube.com/watch?v=WLmdODX233E
Midlantic May Two-Year-Olds in Training (2023),2023-05-22,297,B,C,FLATTER,MIDNIGHT SWEETIE,MIDNIGHT LUTE,BOBBY DODD AGENT,NOT SOLD,42000,,03/02/2021,FLORIDA,J,,,https://youtu.be/Nh7eUTvnIYs,10.3,https://www.youtube.com/watch?v=cBKDyOqid1E
Midlantic May Two-Year-Olds in Training (2023),2023-05-22,298,B,F,FIRST SAMURAI,MINCE,WAR FRONT,WHITE PINE THOROUGHBREDS AGENT,OUT,0,,02/26/2021,KENTUCKY,J,,,,,
Midlantic May Two-Year-Olds in Training (2023),2023-05-22,299,B,F,AUDIBLE,MINE AS WELL,MINESHAFT,CLASSIC BLOODSTOCK AGENT FOR TLC STABLE,RUDY RODRIGUEZ,22000,Y,02/24/2021,NEW YORK,I,,,https://vimeo.com/826169296?share=copy,10.3,https://www.youtube.com/watch?v=5yuyI4bE3Jw
Midlantic May Two-Year-Olds in Training (2023),2023-05-22,300,B,F,TWIRLING CANDY,MINER'S CAT,MINESHAFT,CRANE THOROUGHBRED SERVICES LLC AGENT,BRAD GRADY,50000,,03/10/2021,KENTUCKY,K&L,,,,10.3,https://www.youtube.com/watch?v=85Q4Kk9R3so
Midlantic May Two-Year-Olds in Training (2023),2023-05-23,301,GRR,C,CUPID,MINI ASHLEY,HENNY HUGHES,COASTAL EQUINE LLC (JESSE HOPPEL) AGENT,NOT SOLD,39000,,02/24/2021,KENTUCKY,B&C,,,,22.1,https://www.youtube.com/watch?v=_LhaEhWo4ic
Midlantic May Two-Year-Olds in Training (2023),2023-05-23,302,DKB,F,TEMPLE CITY,MIRABELLE MAGIC,HENNY HUGHES,BOUTTE SALES AGENT II,MARC A. WAMPLER AGENT FOR POCKET ACES RACING LLC,27000,,02/10/2021,KENTUCKY,K,,,https://youtu.be/VQo7LcbeG8k,11,https://www.youtube.com/watch?v=F_51jr6yZNM
Midlantic May Two-Year-Olds in Training (2023),2023-05-23,303,B,F,ARMY MULE,MIRACULOUS MISS,MR. GREELEY,DE MERIC SALES AGENT,K.O.I.D.,37000,,01/26/2021,KENTUCKY,J,,,,10.2,https://www.youtube.com/watch?v=2_6QPByYuY0
Midlantic May Two-Year-Olds in Training (2023),2023-05-23,304,B,C,INTO MISCHIEF,MISS ARRANGEMENT,MR. GREELEY,KINGS EQUINE AGENT,INTO THE RIDE,18000,,05/02/2021,KENTUCKY,T,,,,10.2,https://www.youtube.com/watch?v=xoinCp_r1P0
Midlantic May Two-Year-Olds in Training (2023),2023-05-23,305,GRR,F,MOR SPIRIT,MISS CHARLOTTE,TWO PUNCH,THOROSTOCK AGENT,OUT,0,,03/30/2021,MARYLAND,F,,,,10.3,https://www.youtube.com/watch?v=zFX_N63igsQ
Midlantic May Two-Year-Olds in Training (2023),2023-05-23,306,CH,C,FLAMEAWAY,MISSION GOOD KARMA,MISSION IMPAZIBLE,RANDY MILES AGENT XIII,NOT SOLD,27000,,02/09/2021,MARYLAND,C,,,https://vimeo.com/827671195,11,https://www.youtube.com/watch?v=JP33VV0Kgt0
Midlantic May Two-Year-Olds in Training (2023),2023-05-23,307,CH,F,MITOLE,MISS PIPPA,MASTER COMMAND,KINGS EQUINE AGENT FOR SPENDTHRIFT FARM LLC,NOT SOLD,65000,,02/06/2021,KENTUCKY,T,,,,10.1,https://www.youtube.com/watch?v=Pzz-ljYROz8
Midlantic May Two-Year-Olds in Training (2023),2023-05-23,308,B,C,HIT IT A BOMB,MIZZ SO SO,MIZZEN MAST,COASTAL EQUINE LLC (JESSE HOPPEL) AGENT,MICHAEL SCHEFFRES,10000,,04/12/2021,KENTUCKY,B&C,,,,10.4,https://www.youtube.com/watch?v=pQxV22K_BIE
Midlantic May Two-Year-Olds in Training (2023),2023-05-23,309,GRR,F,FROSTED,MODEST MAVEN,UNCLE MO,SEQUEL BLOODSTOCK AGENT FOR CHESTER & MARY BROMAN,OUT,0,,04/18/2021,NEW YORK,H,,,,,
Midlantic May Two-Year-Olds in Training (2023),2023-05-23,310,B,F,COLLECTED,MO DIXIE,UNCLE MO,CARY FROMMER LLC AGENT,NOT SOLD,28000,,03/19/2021,FLORIDA,A&B,,,,10.4,https://www.youtube.com/watch?v=hqkgFvMXSDo
Midlantic May Two-Year-Olds in Training (2023),2023-05-23,311,B,C,UPSTART,MOMMO,SPEIGHTSTOWN,PICK VIEW LLC AGENT,JOHN MENTZ,45000,,03/15/2021,KENTUCKY,T,,,https://vimeo.com/827484918,22.1,https://www.youtube.com/watch?v=NKMosBDmh6g
Midlantic May Two-Year-Olds in Training (2023),2023-05-23,312,B,F,PRACTICAL JOKE,MONKAH,DISTORTED HUMOR,WES CARTER AGENT FOR CROSS SABRES FARM,NOT SOLD,35000,,02/04/2021,KENTUCKY,G,,,,10.2,https://www.youtube.com/watch?v=1F9TWoksUuk
Midlantic May Two-Year-Olds in Training (2023),2023-05-23,313,CH,C,YOSHIDA (JPN),MOON AND STARS,ORB,BEATTIE HORSE TRAINING & SALES AGENT,SIMON STABLE,15000,,01/21/2021,KENTUCKY,K,,,,10.3,https://www.youtube.com/watch?v=KdzNdcmTvAE
Midlantic May Two-Year-Olds in Training (2023),2023-05-23,314,B,C,ENTICED,MOON AND SUN,MALIBU MOON,EDDIE WOODS AGENT LV,HEIMER RACING STABLE,18000,,05/03/2021,FLORIDA,J&K,,,,22,https://www.youtube.com/watch?v=igNH5fmIwaQ
Midlantic May Two-Year-Olds in Training (2023),2023-05-23,315,CH,C,CURLIN,MOONLIGHT SKY,SKY MESA,WAVERTREE STABLES INC. (CIARAN DUNNE) AGENT III,OUT,0,,02/12/2021,KENTUCKY,T,,,,,
Midlantic May Two-Year-Olds in Training (2023),2023-05-23,316,B,F,COLLECTED,MOON MEETING TOO,MALIBU MOON,LITTLE FARM EQUINE LLC AGENT,MARK STANLEY,90000,,04/13/2021,KENTUCKY,G,,,https://vimeo.com/827458449?share=copy,10.2,https://www.youtube.com/watch?v=xgrdNgrYDqQ
Midlantic May Two-Year-Olds in Training (2023),2023-05-23,317,B,C,GOLDENCENTS,MOON PIE (IRE),MR. GREELEY,RICEHORSE STABLE (BRANDON & ALI RICE) AGENT,RUN FAST AND WIN STABLES,12000,,02/10/2021,KENTUCKY,G,,,https://vimeo.com/824950581,10.4,https://www.youtube.com/watch?v=_bfOwFLN0IA
Midlantic May Two-Year-Olds in Training (2023),2023-05-23,318,DKB,F,TAKE CHARGE INDY,MOON PRINCESS,SONGANDAPRAYER,STERLING THOROUGHBREDS AGENT,S.R.O.A. (K.O.I.D.),40000,,02/14/2021,KENTUCKY,K,,,,10.2,https://www.youtube.com/watch?v=eqlY4JdbDUg
Midlantic May Two-Year-Olds in Training (2023),2023-05-23,319,GRR,C,LORD NELSON,MS SILVER OAK,LEROIDESANIMAUX (BRZ),SIX K'S TRAINING & SALES LLC AGENT,MICHAEL MCCARTHY AGENT,55000,,02/28/2021,KENTUCKY,I,,,https://vimeo.com/826553559,10.3,https://www.youtube.com/watch?v=kfDgouNHpb0
Midlantic May Two-Year-Olds in Training (2023),2023-05-23,320,DKB,F,BERNARDINI,MUST BE FATE,EUROSILVER,BEST A LUCK FARM LLC AGENT,NOT SOLD,19000,,02/14/2021,FLORIDA,I,,,,11,https://www.youtube.com/watch?v=90ViLOLKLqY
Midlantic May Two-Year-Olds in Training (2023),2023-05-23,321,DKB,C,CONSTITUTION,MY BELLAMY,BELLAMY ROAD,WAVERTREE STABLES INC. (CIARAN DUNNE) AGENT XV,OUT,0,,03/15/2021,KENTUCKY,T,,,https://vimeo.com/825299848?share=copy,10.2,https://www.youtube.com/watch?v=363qeZEMyEY
Midlantic May Two-Year-Olds in Training (2023),2023-05-23,322,B,C,JUSTIFY,MY FAST ONE,ELUSIVE QUALITY,HARTLEY/DE RENZO THOROUGHBREDS AGENT,TOM DURANT,400000,,04/17/2021,KENTUCKY,A,,,,21.2,https://www.youtube.com/watch?v=xdOsNzybENs
Midlantic May Two-Year-Olds in Training (2023),2023-05-23,323,B,C,MITOLE,MY LADY LAUREN,HARD SPUN,PIKE RACING AGENT,OUT,0,,04/12/2021,KENTUCKY,H,,,,10.2,https://www.youtube.com/watch?v=n9Bk1yOg4_0
Midlantic May Two-Year-Olds in Training (2023),2023-05-23,324,B,C,FORCE THE PASS,MY LITTLE JOSIE,OUTFLANKER,GOLDEN ROCK THOROUGHBREDS AGENT,BIRD MOBBERLEY LLC,65000,,04/20/2021,MARYLAND,F,,,,10.1,https://www.youtube.com/watch?v=6Rdq3XXkAXY
Midlantic May Two-Year-Olds in Training (2023),2023-05-23,325,CH,F,GOOD MAGIC,MY PERFECT TEN,PERFECT SOUL (IRE),PAUL SHARP AGENT I,MICHAEL GORHAM,20000,,05/04/2021,KENTUCKY,J&K,,,,10.4,https://www.youtube.com/watch?v=REM2aL6Odr0
Midlantic May Two-Year-Olds in Training (2023),2023-05-23,326,DKB,F,NYQUIST,MYSTIC CITY,CITY ZIP,GOLDEN ROCK THOROUGHBREDS AGENT,WIFE RACING STABLE,35000,,04/16/2021,KENTUCKY,F,,,,10.1,https://www.youtube.com/watch?v=B5RPNYV_OBU
Midlantic May Two-Year-Olds in Training (2023),2023-05-23,327,DKB,F,UPSTART,NARIA,DISTORTED HUMOR,TOP LINE SALES LLC AGENT XXII,OUT,0,,05/03/2021,KENTUCKY,E&F,,,,,
Midlantic May Two-Year-Olds in Training (2023),2023-05-23,328,B,F,INTO MISCHIEF,NEFERTITI,SPEIGHTSTOWN,GOLDEN ROCK THOROUGHBREDS AGENT,MWG LLC,250000,,01/31/2021,KENTUCKY,F,,,,10,https://www.youtube.com/watch?v=d5NGDq6PUXE
Midlantic May Two-Year-Olds in Training (2023),2023-05-23,329,B,C,LEOFRIC,NEVER MISS A TRICK,ANASHEED,KINGS EQUINE AGENT,LOUIS SMITH,37000,,03/30/2021,NEW YORK,T,,,,10.2,https://www.youtube.com/watch?v=9m4Di-u7i8I
Midlantic May Two-Year-Olds in Training (2023),2023-05-23,330,GRR,C,ANCHOR DOWN,NEVER TOOMANY GEMS,GEMOLOGIST,COASTAL EQUINE LLC (JESSE HOPPEL) AGENT,JOHN ENNIS AGENT,40000,,05/08/2021,KENTUCKY,B&C,,,,10.2,https://www.youtube.com/watch?v=kqsjxvXqq9g
Midlantic May Two-Year-Olds in Training (2023),2023-05-23,331,DKB,C,FRANK CONVERSATION,NIGHTENGALE MISS,HIGH COTTON,GRASSROOTS TRAINING AND SALES LLC,DENNIS AMATY,55000,,02/19/2021,NEW YORK,I,,,,10.2,https://www.youtube.com/watch?v=TB-nnfa2VC4
Midlantic May Two-Year-Olds in Training (2023),2023-05-23,332,GRR,F,LEOFRIC,NIGHT MADAM,MIDNIGHT LUTE,C & C STABLES LLC AGENT,MENS GRILLE RACING,60000,,02/27/2021,NEW YORK,H,,,https://vimeo.com/827079943?share=copy,10.2,https://www.youtube.com/watch?v=7DsX-x2SHac
Midlantic May Two-Year-Olds in Training (2023),2023-05-23,333,DKB,F,OMAHA BEACH,NIGHT TIME LADY,MIDNIGHT LUTE,PIKE RACING AGENT,PETER E BLUM THOROUGHBRDS LLC,52000,,04/24/2021,KENTUCKY,H,,,,10.2,https://www.youtube.com/watch?v=5j-jelQi0M8
Midlantic May Two-Year-Olds in Training (2023),2023-05-23,334,B,C,LAOBAN,NILE PRINCESS,PIONEEROF THE NILE,TOP LINE SALES LLC AGENT XIV,AJC BLOODSTOCK LLC AGENT,42000,,03/28/2021,NEW YORK,E&F,,,,G,https://www.youtube.com/watch?v=BWefa-9-0VU
Midlantic May Two-Year-Olds in Training (2023),2023-05-23,335,B,F,OUTWORK,NITTA YUMA,QUALITY ROAD,LITTLE FARM EQUINE LLC AGENT,NICK J HINES AGENT,45000,,03/24/2021,KENTUCKY,G,,,https://vimeo.com/827458380?share=copy,10.2,https://www.youtube.com/watch?v=Clhfui1tG9A
Midlantic May Two-Year-Olds in Training (2023),2023-05-23,336,B,C,OUTWORK,NOMINATIVE,JOHAR,CRANE THOROUGHBRED SERVICES LLC AGENT,OUT,0,,03/31/2021,KENTUCKY,K&L,,,,,
Midlantic May Two-Year-Olds in Training (2023),2023-05-23,337,B,F,MITOLE,NORA'S JOY,STREET SENSE,RANDY MILES AGENT XIV,JONATHAN THOMAS AGENT,230000,,04/17/2021,KENTUCKY,C,,,https://vimeo.com/827110245,10.1,https://www.youtube.com/watch?v=emvIVFVF2r0
Midlantic May Two-Year-Olds in Training (2023),2023-05-23,338,B,F,KLIMT,OCEANIC QUEEN,INVASOR (ARG),CRANE THOROUGHBRED SERVICES LLC AGENT,HOWARD RACING LLC,10000,,04/06/2021,KENTUCKY,K&L,,,,G,https://www.youtube.com/watch?v=4M2MtHwUnY0
Midlantic May Two-Year-Olds in Training (2023),2023-05-23,339,CH,F,PRACTICAL JOKE,OENOPHILE,PULPIT,TOP LINE SALES LLC AGENT IX,GARCIA RACING,40000,,04/09/2021,NEW YORK,E&F,,,,10.1,https://www.youtube.com/watch?v=4zbVWy9A96A
Midlantic May Two-Year-Olds in Training (2023),2023-05-23,340,CH,F,GOOD MAGIC,OFFERING,DISTORTED HUMOR,HIDDEN BROOK AGENT V,OUT,0,,05/04/2021,KENTUCKY,K,,,,,
Midlantic May Two-Year-Olds in Training (2023),2023-05-23,341,CH,F,MORE THAN READY,OFTEN (IRE),GALILEO (IRE),SBM TRAINING AND SALES AGENT,NOT SOLD,190000,,03/16/2021,KENTUCKY,K&L,,,https://vimeo.com/826937340,10.2,https://www.youtube.com/watch?v=MsGrC1-mJ7s
Midlantic May Two-Year-Olds in Training (2023),2023-05-23,342,DKB,C,PRACTICAL JOKE,OH FLO,UNCLE MO,HARTLEY/DE RENZO THOROUGHBREDS AGENT,OUT,0,,03/24/2021,KENTUCKY,A,,,,,
Midlantic May Two-Year-Olds in Training (2023),2023-05-23,343,B,F,RAISON D'ETAT,ONE CALL AWAY,UNBRIDLED'S SONG,NIALL BRENNAN STABLES AGENT I,NOT SOLD,24000,,02/28/2021,NEW YORK,K,,,https://youtu.be/YdOWuGQxLwA,10.4,https://www.youtube.com/watch?v=ZcFvwGZofNU
Midlantic May Two-Year-Olds in Training (2023),2023-05-23,344,B,C,GHOSTZAPPER,ONE NIGHT,DISTORTED HUMOR,PICK VIEW LLC AGENT,S.R.O.A. (K.O.I.D.),25000,,03/01/2021,KENTUCKY,T,,,https://vimeo.com/827484972,10.4,https://www.youtube.com/watch?v=nzo8Scpa3lw
Midlantic May Two-Year-Olds in Training (2023),2023-05-23,345,B,F,CATALINA CRUISER,ON GOLDEN PAWN,TIZNOW,PAUL SHARP AGENT I,STEVEN G LAYMON,40000,,03/06/2021,FLORIDA,J&K,,,,10.2,https://www.youtube.com/watch?v=BN9Mb3BorQ0
Midlantic May Two-Year-Olds in Training (2023),2023-05-23,346,CH,C,MITOLE,OOPS TIMES TWO,BADGE OF SILVER,WAVERTREE STABLES INC. (CIARAN DUNNE) AGENT III,GARY PALMISANO & HANS MARON,70000,,03/12/2021,KENTUCKY,T,,,https://vimeo.com/825299876?share=copy,10.2,https://www.youtube.com/watch?v=ZA7Ef_T3Iok
Midlantic May Two-Year-Olds in Training (2023),2023-05-23,347,DKB,C,NOT THIS TIME,ORIENT HWIN,SHANGHAI BOBBY,PIKE RACING AGENT,OUT,0,,03/13/2021,KENTUCKY,H,,,https://vimeo.com/826699806?share=copy,10.3,https://www.youtube.com/watch?v=9JppR6IldoI
Midlantic May Two-Year-Olds in Training (2023),2023-05-23,348,B,C,KANTHAROS,OSTOURAH,TEUFLESBERG,HIDDEN BROOK AGENT X,OUT,0,,03/10/2021,KENTUCKY,K,,,https://www.youtube.com/watch?v=DUEYSzZLxk8,10.4,https://www.youtube.com/watch?v=RKsh9NV2CR8
Midlantic May Two-Year-Olds in Training (2023),2023-05-23,349,B,C,AUDIBLE,OUR HOPE DIAMOND,GEMOLOGIST,NIALL BRENNAN STABLES AGENT XII,WHITEHORSE STABLES,140000,,04/30/2021,NEW YORK,K,,,https://vimeo.com/826186895,10.2,https://www.youtube.com/watch?v=QK5yPFs8mwE
Midlantic May Two-Year-Olds in Training (2023),2023-05-23,350,B,F,GIRVIN,OUR ROCKIN RUBY,ROCK HARD TEN,BOBBY DODD AGENT,WOODROW CALL,210000,,04/02/2021,FLORIDA,J,,,https://youtu.be/nT-Swj-h8R0,10.1,https://www.youtube.com/watch?v=pDL6-LQ8NMc
Midlantic May Two-Year-Olds in Training (2023),2023-05-23,351,CH,F,CATALINA CRUISER,OUT OF DANGER,GHOSTZAPPER,TOM MCCROCKLIN AGENT I,JIM SHANNON,85000,,04/14/2021,NEW YORK,D&E,,,,10.3,https://www.youtube.com/watch?v=B1Z9GsGKOO4
Midlantic May Two-Year-Olds in Training (2023),2023-05-23,352,DKB,F,BLAME,OUT OF MY DREAMS,TWO PUNCH,KINGS EQUINE AGENT,SOOKDEEN PASRAM,80000,,04/08/2021,KENTUCKY,T,,,,10.1,https://www.youtube.com/watch?v=KxHGMWwuEc0
Midlantic May Two-Year-Olds in Training (2023),2023-05-23,353,B,F,MAXIMUS MISCHIEF,OVERLY INDULGENT,PLEASANTLY PERFECT,TOM MCCROCKLIN AGENT XX,ROBERT H ZOELLNER,67000,,03/23/2021,KENTUCKY,D&E,,,,10.3,https://www.youtube.com/watch?v=AD51veKezWo
Midlantic May Two-Year-Olds in Training (2023),2023-05-23,354,B,F,MAXIMUS MISCHIEF,PALACE PIER,OUT OF PLACE,JAMES LAYDEN AGENT,JOHN SERVIS AGENT,50000,,04/17/2021,KENTUCKY,D,,,,10.2,https://www.youtube.com/watch?v=9c6xtAYol6M
Midlantic May Two-Year-Olds in Training (2023),2023-05-23,355,CH,F,NOT THIS TIME,PARADISE BIRD,SUMMER BIRD,CLASSIC BLOODSTOCK AGENT,OUT,0,,04/12/2021,MARYLAND,I,,,https://vimeo.com/826170953?share=copy,10.2,https://www.youtube.com/watch?v=fZhnLbalqps
Midlantic May Two-Year-Olds in Training (2023),2023-05-23,356,B,F,CLOUD COMPUTING,PARTY LIKE GRANDMA,DESERT PARTY,JULIE DAVIES LLC AGENT,OUT,0,,05/16/2021,NEW YORK,C&D,,,,,
Midlantic May Two-Year-Olds in Training (2023),2023-05-23,357,B,F,BOLT D'ORO,PATRONCITA,UNCLE MO,PAUL SHARP AGENT III,OUT,0,,05/13/2021,KENTUCKY,J&K,,,,,
Midlantic May Two-Year-Olds in Training (2023),2023-05-23,358,B,C,TEMPLE CITY,PAT'S KITTEN,KITTEN'S JOY,GRASSROOTS TRAINING AND SALES LLC AGENT,WENDY HENDRIKS,45000,,03/03/2021,PENNSYLVANIA,I,,,,10.2,https://www.youtube.com/watch?v=Ae3ChCkU_xI
Midlantic May Two-Year-Olds in Training (2023),2023-05-23,359,B,C,RACE DAY,PAY THE LADY,NOT FOR LOVE,TOM MCCROCKLIN AGENT XII,MICHAEL V PINO AGENT FOR SMART ANGLE LLP,65000,,02/21/2021,MARYLAND,D&E,,,,10.3,https://www.youtube.com/watch?v=fKMwfJFLmNE
Midlantic May Two-Year-Olds in Training (2023),2023-05-23,360,DKB,C,SOLOMINI,PEERESS,AMERICAIN,GRASSROOTS TRAINING AND SALES LLC,RANDI PERSAUD,15000,,05/07/2021,NEW YORK,I,,,,10.3,https://www.youtube.com/watch?v=xH-Hed-bL2w
Midlantic May Two-Year-Olds in Training (2023),2023-05-23,361,DKB,F,TAKE CHARGE INDY,PERFECT PAULA,SONGANDAPRAYER,DE MERIC SALES AGENT,JEFF MACKORAGENT FOR GUS KING,510000,,04/22/2021,KENTUCKY,J,,,,10,https://www.youtube.com/watch?v=F2Ee8Z0ZTjs
Midlantic May Two-Year-Olds in Training (2023),2023-05-23,362,CH,C,STREET BOSS,PERILS OF PAULINE,STRAVINSKY,TWO OAKS EQUINE,ANTHONY FOGLIA,27000,,04/26/2021,KENTUCKY,F,,,,10.4,https://www.youtube.com/watch?v=cUCLBcYYMOk
Midlantic May Two-Year-Olds in Training (2023),2023-05-23,363,CH,C,ACCELERATE,PERIQUE,TAPIT,GOLDEN ROCK THOROUGHBREDS AGENT,NOT SOLD,47000,,05/09/2021,KENTUCKY,F,,,,22.2,https://www.youtube.com/watch?v=E7sQjc-kkI0
Midlantic May Two-Year-Olds in Training (2023),2023-05-23,364,B,F,OMAHA BEACH,PETITION THE LADY,PETIONVILLE,WAVERTREE STABLES INC. (CIARAN DUNNE) AGENT X,HARMASH RACING,55000,,05/01/2021,KENTUCKY,T,,,https://vimeo.com/825299920?share=copy,10.2,https://www.youtube.com/watch?v=XZgskCSyK3Y
Midlantic May Two-Year-Olds in Training (2023),2023-05-23,366,B,C,COMMISSIONER,PICTURESQUE,SMART STRIKE,BRITTON PEAK LLC AGENT,OUT,0,,04/06/2021,PENNSYLVANIA,L,,,,,
Midlantic May Two-Year-Olds in Training (2023),2023-05-23,367,GRR,F,FLAMEAWAY,PLATINUM BRIDE,ALPHABET SOUP,GOLDEN ROCK THOROUGHBREDS AGENT,BONITA FARM AGT.,28000,,04/10/2021,KENTUCKY,F,,,,10.3,https://www.youtube.com/watch?v=lIp5dQnJahw
Midlantic May Two-Year-Olds in Training (2023),2023-05-23,368,B,C,GHOSTZAPPER,PLAYFUL HUMOR,DISTORTED HUMOR,EDDIE WOODS AGENT XV,DONATO LANNI AGENT,150000,,04/16/2021,KENTUCKY,J&K,,,https://vimeo.com/824749189,10.3,https://www.youtube.com/watch?v=v3K-gLUCU00
Midlantic May Two-Year-Olds in Training (2023),2023-05-23,369,DKB,F,UNIFIED,PLUM,PURE PRIZE,CARY FROMMER LLC AGENT,NOT SOLD,72000,,05/04/2021,MARYLAND,A&B,,,,10.1,https://www.youtube.com/watch?v=bZFgZxhEpn4
Midlantic May Two-Year-Olds in Training (2023),2023-05-23,370,DKB,C,BERNARDINI,PONDER LEA,MORE THAN READY,FLYING FISH AGENT,KIRKWOOD EQUINE ADVISORY AGT,20000,,05/16/2021,KENTUCKY,H,,,,10.3,https://www.youtube.com/watch?v=73CdOhuFNHQ
Midlantic May Two-Year-Olds in Training (2023),2023-05-23,371,DKB,F,BERNARDINI,PRAGMATIC PRINCESS,GHOSTZAPPER,NEW HORIZONS BLOODSTOCK LLC,NOT SOLD,42000,,03/25/2021,CALIFORNIA,K,,,,10.3,https://www.youtube.com/watch?v=FIeM-WVKePU
Midlantic May Two-Year-Olds in Training (2023),2023-05-23,372,B,F,MR SPEAKER,PRICING,AUSTRALIA (GB),JULIE DAVIES LLC AGENT,WENDY HENDRIKS,38000,,03/08/2021,PENNSYLVANIA,C&D,,,https://vimeo.com/827408230,10.3,https://www.youtube.com/watch?v=piNsbV9p8AU
Midlantic May Two-Year-Olds in Training (2023),2023-05-23,373,DKB,F,MASTERY,PRINCESA DE PAPI,BIRDSTONE,BOBBY DODD AGENT,OUT,0,,04/22/2021,NEW YORK,J,,,,,
Midlantic May Two-Year-Olds in Training (2023),2023-05-23,374,B,F,POINT OF ENTRY,PRINCESS ADELYN,TALE OF THE CAT,RICEHORSE STABLE (BRANDON & ALI RICE) AGENT,OUT,0,,01/29/2021,OHIO,G,,,,,
Midlantic May Two-Year-Olds in Training (2023),2023-05-23,375,B,F,LAOBAN,PRINCESS CONSORT,DIXIELAND BAND,SEQUEL BLOODSTOCK AGENT III,MCMAHON & HILL BLOODSTOCK AGT BEGG RACING,35000,,05/11/2021,NEW YORK,H,,,https://vimeo.com/825298748?share=copy,10.4,https://www.youtube.com/watch?v=L5nEoHPIxTc
Midlantic May Two-Year-Olds in Training (2023),2023-05-23,376,CH,C,SOLOMINI,PRIVATE ESCORT,DANCE WITH RAVENS,JULIE DAVIES LLC AGENT,KMA RACING,30000,,05/28/2021,NEW YORK,C&D,,,https://vimeo.com/827408313,10.3,https://www.youtube.com/watch?v=TQbUBe25ois
Midlantic May Two-Year-Olds in Training (2023),2023-05-23,377,B,C,MITOLE,PUTTIN ON MY ARMOR,VERRAZANO,SBM TRAINING AND SALES AGENT,NOT SOLD,39000,,03/13/2021,KENTUCKY,K&L,,,https://vimeo.com/826939840,10.3,https://www.youtube.com/watch?v=hh7xtiUzEp4
Midlantic May Two-Year-Olds in Training (2023),2023-05-23,378,DKB,C,AIROFORCE,QUALITY SILVER,EUROSILVER,BEST A LUCK FARM LLC AGENT,NOT SOLD,40000,,05/02/2021,PENNSYLVANIA,I,,,https://vimeo.com/826631380?share=copy,10.4,https://www.youtube.com/watch?v=M3aXn7qp7M8
Midlantic May Two-Year-Olds in Training (2023),2023-05-23,379,B,F,VINO ROSSO,QUALKRIS,MALIBU MOON,TOM MCCROCKLIN AGENT I,TEAM HANLEY & 30 YEAR FARM,385000,,02/24/2021,KENTUCKY,D&E,,,,10.1,https://www.youtube.com/watch?v=SvPCJB1g0wI
Midlantic May Two-Year-Olds in Training (2023),2023-05-23,380,DKB,C,CLASSIC EMPIRE,QUANIQUE,MORE THAN READY,TOP LINE SALES LLC AGENT X,OUT,0,,05/08/2021,KENTUCKY,E&F,,,,,
Midlantic May Two-Year-Olds in Training (2023),2023-05-23,381,B,F,KLIMT,QUEEN OF SILENCE,TWIRLING CANDY,JVC TRAINING AND SALES AGENT,BACCARI BLOODSTOCK AGENT FOR D.W.F. INC.,150000,,05/02/2021,KENTUCKY,L,,,,10.1,https://www.youtube.com/watch?v=h_k8Xje4ksM
Midlantic May Two-Year-Olds in Training (2023),2023-05-23,382,B,C,TAKE CHARGE INDY,QUICK LIL LADY,RUNNING STAG,CRANE THOROUGHBRED SERVICES LLC AGENT,K.O.I.D.,17000,,02/01/2021,PENNSYLVANIA,K&L,,,,11,https://www.youtube.com/watch?v=kDrQWzvTTkE
Midlantic May Two-Year-Olds in Training (2023),2023-05-23,383,GRR,F,LOOKIN AT LUCKY,QUIERO GANAR,LASTING APPROVAL,BOUTTE SALES AGENT I,JOSEPH BROCKLEBANK AGENT FOR GLEN LOSTRITTO,42000,,05/07/2021,KENTUCKY,K,,,https://youtu.be/0kmZhJpymbY,22.4,https://www.youtube.com/watch?v=anLv9yCCrnE
Midlantic May Two-Year-Olds in Training (2023),2023-05-23,384,DKB,F,CONSTITUTION,QUIRL,MORE THAN READY,JVC TRAINING AND SALES AGENT,MONKEY HORSE LLC,20000,,04/14/2021,KENTUCKY,L,,,,10.4,https://www.youtube.com/watch?v=n9neOJ3B17E
Midlantic May Two-Year-Olds in Training (2023),2023-05-23,385,B,C,CENTRAL BANKER,QUITE THE SIS,QUIET AMERICAN,TOP LINE SALES LLC AGENT XX,OUT,0,,03/30/2021,NEW YORK,E&F,,,,,
Midlantic May Two-Year-Olds in Training (2023),2023-05-23,386,B,F,CONGRATS,RACYN WITH GRACYN,VICTORY GALLOP,SHAMROCK STABLES (JOE DEEGAN) AGENT,JKX RACING,250000,,05/07/2021,KENTUCKY,J,,,,10.1,https://www.youtube.com/watch?v=92gS__ubfIg
Midlantic May Two-Year-Olds in Training (2023),2023-05-23,387,GRR,C,NYQUIST,RAFFLE TICKET,A.P. INDY,PICK VIEW LLC AGENT,DONATO LANNI AGENT,325000,,04/04/2021,KENTUCKY,T,,,https://vimeo.com/827463596,10.3,https://www.youtube.com/watch?v=wgnA__9L11A
Midlantic May Two-Year-Olds in Training (2023),2023-05-23,388,CH,F,SOLOMINI,RAGING DIVA,CORINTHIAN,LITTLE FARM EQUINE LLC AGENT,TEE-N-JAY FARM/THOMAS SWALES,32000,,04/08/2021,NEW YORK,G,,,https://vimeo.com/827458313?share=copy,10.3,https://www.youtube.com/watch?v=QtfUHRQsRDc
Midlantic May Two-Year-Olds in Training (2023),2023-05-23,389,B,F,KANTHAROS,RARE MEDAL,MEDAGLIA D'ORO,KINGS EQUINE AGENT,BAM & KEN,10000,,04/10/2021,KENTUCKY,T,,,,10.4,https://www.youtube.com/watch?v=49D1UcgtbF8
Midlantic May Two-Year-Olds in Training (2023),2023-05-23,390,B,F,MIDNIGHT LUTE,RARE PENNY,PLEASANTLY PERFECT,PIKE RACING AGENT,OUT,0,,04/24/2021,VIRGINIA,H,,,,,
Midlantic May Two-Year-Olds in Training (2023),2023-05-23,391,DKB,C,MITOLE,RAVING ABOUT YOU,ARCH,SCANLON TRAINING & SALES AGENT VII,RUDY RODRIGUEZ,45000,,02/21/2021,KENTUCKY,T,,,https://vimeo.com/826485674?share=copy,10.2,https://www.youtube.com/watch?v=fG_L4H3a4UE
Midlantic May Two-Year-Olds in Training (2023),2023-05-23,392,B,C,BLAME,REAL CLEVER TRICK,YES IT'S TRUE,KINGS EQUINE AGENT,MARK GLATT AGENT,165000,,05/05/2021,NEW YORK,T,,,,10.2,https://www.youtube.com/watch?v=n4nTR0Jww0Q
Midlantic May Two-Year-Olds in Training (2023),2023-05-23,393,DKB,C,PEACE AND JUSTICE,REALLY A GEM,MINESHAFT,EDDIE WOODS AGENT LIX,GRACIE MAE STABLES,22000,,04/05/2021,PENNSYLVANIA,J&K,,,https://vimeo.com/824749289,10.4,https://www.youtube.com/watch?v=KOVHMRmFoYc
Midlantic May Two-Year-Olds in Training (2023),2023-05-23,394,B,F,CONSTITUTION,REAL SISTER,INTO MISCHIEF,PAUL SHARP AGENT VII,ALISTAIR RODEN AGENT FOR MKW RACING & BREEDING,225000,,01/30/2021,KENTUCKY,J&K,,,,10.2,https://www.youtube.com/watch?v=n60lbQmqL8M
Midlantic May Two-Year-Olds in Training (2023),2023-05-23,395,B,F,GIRVIN,REDSKIN RHUMBA,SONGANDAPRAYER,PAUL SHARP AGENT I,RAMON MINGUET,16000,,03/05/2021,FLORIDA,J&K,,,,11,https://www.youtube.com/watch?v=5YSvPIPSuZ4
Midlantic May Two-Year-Olds in Training (2023),2023-05-23,396,DKB,C,MITOLE,REGAL SERENADE,BROKEN VOW,PAUL SHARP AGENT IV,OUT,0,,01/26/2021,NEW YORK,J&K,,,,,
Midlantic May Two-Year-Olds in Training (2023),2023-05-23,397,DKB,C,MENDELSSOHN,REIKI BABY,CURLIN,CARY FROMMER LLC AGENT,BHUPAT SEEMAR,85000,,04/14/2021,KENTUCKY,A&B,,,,10.3,https://www.youtube.com/watch?v=jLGSuTX5VGs
Midlantic May Two-Year-Olds in Training (2023),2023-05-23,398,CH,F,CLASSIC EMPIRE,REY LAKE,MEADOWLAKE,GRASSROOTS TRAINING AND SALES LLC AGENT,NOT SOLD,29000,,04/22/2021,MARYLAND,I,,,,10.4,https://www.youtube.com/watch?v=o9KEjwrlKb8
Midlantic May Two-Year-Olds in Training (2023),2023-05-23,399,B,F,COLLECTED,RICHETTA,POLISH NUMBERS,CARY FROMMER LLC AGENT,OUT,0,,04/12/2021,MARYLAND,A&B,,,,11,https://www.youtube.com/watch?v=eFoPV5YVYBg
Midlantic May Two-Year-Olds in Training (2023),2023-05-23,400,DKB,C,NYQUIST,RISTRETTO,MEDAGLIA D'ORO,WAVERTREE STABLES INC. (CIARAN DUNNE) AGENT XI,PEWTER STABLE,25000,,05/20/2021,PENNSYLVANIA,T,,,https://vimeo.com/825299961?share=copy,10.4,https://www.youtube.com/watch?v=_NZowJmxBtc
Midlantic May Two-Year-Olds in Training (2023),2023-05-23,401,DKB,F,GOLDEN LAD,RIVER TRAPPE,TRAPPE SHOT,GRASSROOTS TRAINING AND SALES LLC,OUT,0,,03/01/2021,MARYLAND,I,,,,,
Midlantic May Two-Year-Olds in Training (2023),2023-05-23,402,B,C,MORE THAN READY,ROAD OF HONOR,QUALITY ROAD,SBM TRAINING AND SALES AGENT,NOT SOLD,120000,,03/09/2021,KENTUCKY,K&L,,,https://vimeo.com/826940336,10.3,https://www.youtube.com/watch?v=dyHkCxA0MHM
Midlantic May Two-Year-Olds in Training (2023),2023-05-23,403,DKB,F,OUTWORK,ROCK HARD CAT,ROCK HARD TEN,GOLDEN ROCK THOROUGHBREDS AGENT,MALLET STABLES,27000,,04/29/2021,KENTUCKY,F,,,https://vimeo.com/826628001?share=copy,10.2,https://www.youtube.com/watch?v=UXnc8CisQHc
Midlantic May Two-Year-Olds in Training (2023),2023-05-23,404,DKB,C,MALIBU MOON,ROCKIN,HARD SPUN,BOBBY DODD AGENT,SLUGO RACING/DENNIS O'NEILL,100000,,04/25/2021,KENTUCKY,J,,,https://youtu.be/s2nC54ONWzY,10.3,https://www.youtube.com/watch?v=LfT_N7APLvU
Midlantic May Two-Year-Olds in Training (2023),2023-05-23,405,B,C,PALACE MALICE,ROCK WALL (IRE),FASTNET ROCK (AUS),KINGS EQUINE AGENT,OUT,0,,05/25/2021,KENTUCKY,T,,,,,
Midlantic May Two-Year-Olds in Training (2023),2023-05-23,406,DKB,F,GUN RUNNER,ROCKY POLICY,ROCK SLIDE,DE MERIC SALES AGENT,FLURRY RACING STABLES,450000,,03/14/2021,NEW YORK,J,,,,10.1,https://www.youtube.com/watch?v=NKE9TImKLs8
Midlantic May Two-Year-Olds in Training (2023),2023-05-23,407,B,F,CONSTITUTION,ROOM FOR ME,HARLINGTON,NIALL BRENNAN STABLES AGENT V,NL RACINGORACLE BLSK AGT,62000,,01/23/2021,KENTUCKY,K,,,https://youtu.be/NZmjvF10Iac,11,https://www.youtube.com/watch?v=mhl-waNj1uA
Midlantic May Two-Year-Olds in Training (2023),2023-05-23,408,DKB,C,ASTERN (AUS),ROSE LARUE,CAIRO PRINCE,WOODFORD THOROUGHBREDS AGENT VII,OUT,0,,04/07/2021,OKLAHOMA,I,,,,,
Midlantic May Two-Year-Olds in Training (2023),2023-05-23,409,DKB,F,DIALED IN,ROSSEZZA,MEDAGLIA D'ORO,TOM MCCROCKLIN AGENT VIII,AUGUST DAWN FARM,100000,,02/13/2021,KENTUCKY,D&E,,,,10.4,https://www.youtube.com/watch?v=FkDFNa-3KDs
Midlantic May Two-Year-Olds in Training (2023),2023-05-23,410,B,C,UPTOWNCHARLYBROWN,R SHADE OF GRAY,MACHO UNO,GRASSROOTS TRAINING AND SALES LLC AGENT I,MICHAEL SCHEFFRES,14000,,03/07/2021,PENNSYLVANIA,I,,,,11.1,https://www.youtube.com/watch?v=wRYSnXxNjxs
Midlantic May Two-Year-Olds in Training (2023),2023-05-23,411,B,C,AIR FORCE BLUE,RUBAN BLEU,BROKEN VOW,MCKATHAN BROS. SALES AGENT,NOT SOLD,39000,,04/25/2021,KENTUCKY,J,,,,10.3,https://www.youtube.com/watch?v=gojf-HTxWMc
Midlantic May Two-Year-Olds in Training (2023),2023-05-23,412,B,C,BLAME,RUMOR,INDIAN CHARLIE,WAVERTREE STABLES INC. (CIARAN DUNNE) AGENT III,ULTRA CHAMPIONSHIP RACING LLC,12000,,04/28/2021,KENTUCKY,T,,,https://vimeo.com/825299995?share=copy,10.4,https://www.youtube.com/watch?v=zUKbJPol8NE
Midlantic May Two-Year-Olds in Training (2023),2023-05-23,413,B,C,NOT THIS TIME,SABOULI,LEMON DROP KID,EDDIE WOODS AGENT XXXVI,OUT,0,,05/30/2021,NEW YORK,J&K,,,https://vimeo.com/824749401,11,https://www.youtube.com/watch?v=aazKsw1F87g
Midlantic May Two-Year-Olds in Training (2023),2023-05-23,414,DKB,F,PRACTICAL JOKE,SAFE HAVEN,A.P. INDY,SCANLON TRAINING & SALES AGENT,OUT,0,,03/24/2021,ONTARIO,T,,,https://vimeo.com/826485718?share=copy,10.3,https://www.youtube.com/watch?v=tMq-A2XP9-o
Midlantic May Two-Year-Olds in Training (2023),2023-05-23,415,DKB,C,MIDSHIPMAN,SAID IN SILENCE,BERNSTEIN,BRICK CITY THOROUGHBREDS AGENT,LARRY RABOLD,45000,,05/17/2021,WEST VIRGINIA,B,,,,11,https://www.youtube.com/watch?v=o6QwX0BeEuE
Midlantic May Two-Year-Olds in Training (2023),2023-05-23,416,CH,F,CUPID,SALUTE THE WARRIOR,WARRIOR'S REWARD,DE MERIC SALES AGENT,FELD FOR BERGERMEISTER LLC,23000,,03/03/2021,KENTUCKY,J,,,,11,https://www.youtube.com/watch?v=Y9j8viOEI3U
Midlantic May Two-Year-Olds in Training (2023),2023-05-23,417,CH,F,UNION RAGS,SARANDA,SMART STRIKE,NEW HORIZONS BLOODSTOCK LLC,JUAN C. AVILA,73000,,02/26/2021,KENTUCKY,K,,,https://vimeo.com/826560422,10.4,https://www.youtube.com/watch?v=jrua80amvQg
Midlantic May Two-Year-Olds in Training (2023),2023-05-23,418,DKB,C,BOLT D'ORO,SARATOGA SUMMER,SMART STRIKE,JAMES LAYDEN AGENT,WEST POINT TB & HANS MARON L.E.B. AGENT,180000,,04/13/2021,KENTUCKY,D,,,,10.3,https://www.youtube.com/watch?v=O3ziAVH7fBQ
Midlantic May Two-Year-Olds in Training (2023),2023-05-23,419,B,F,INTO MISCHIEF,SASSY SIENNA,MIDSHIPMAN,SGV THOROUGHBREDS LLC (STEVEN VENOSA) AGENT,ECLIPSE THOROUGHBRED PARTNERS,265000,,04/09/2021,KENTUCKY,T,,,,10.2,https://www.youtube.com/watch?v=GnNvhQXATUE
Midlantic May Two-Year-Olds in Training (2023),2023-05-23,420,CH,F,STREET BOSS,SAUCY JADE,ROCK HARD TEN,MCKATHAN BROS. SALES AGENT,M.B. RACING,13000,,04/20/2021,KENTUCKY,J,,,,11.1,https://www.youtube.com/watch?v=Q-ZRszTIQjw
Midlantic May Two-Year-Olds in Training (2023),2023-05-23,421,DKB,F,CONNECT,SAVASANA,SCATMANDU,HIDDEN BROOK AGENT IX,THOMAS G MORLEY AGENT,120000,,01/26/2021,NEW YORK,K,,,https://www.youtube.com/watch?v=Ve_fF3kU0HM,10.4,https://www.youtube.com/watch?v=oilPXGBV5Rk
Midlantic May Two-Year-Olds in Training (2023),2023-05-23,422,CH,F,VINO ROSSO,SCA DOODLE,SCAT DADDY,SCANLON TRAINING & SALES AGENT VIII,DARRS INC/JAMES BREDIN AGT,145000,,04/24/2021,KENTUCKY,T,,,https://vimeo.com/826485759?share=copy,10.4,https://www.youtube.com/watch?v=G45U4PX98-A
Midlantic May Two-Year-Olds in Training (2023),2023-05-23,423,B,F,GOOD SAMARITAN,SCATBACK,SCAT DADDY,COASTAL EQUINE LLC (JESSE HOPPEL) AGENT,MARJORIE J STRIETER,20000,,02/12/2021,NEW YORK,B&C,,,,10.4,https://www.youtube.com/watch?v=SHavur5PDLE
Midlantic May Two-Year-Olds in Training (2023),2023-05-23,424,B,C,MACLEAN'S MUSIC,SCHEFFLERA,MUTAKDDIM,TOM MCCROCKLIN AGENT I,OUT,0,,02/13/2021,KENTUCKY,D&E,,,,10.2,https://www.youtube.com/watch?v=aIzQoXINQB8
Midlantic May Two-Year-Olds in Training (2023),2023-05-23,425,B,C,MALIBU MOON,SCION POWER,WILDCAT HEIR,COASTAL EQUINE LLC (JESSE HOPPEL) AGENT,OUT,0,,01/12/2021,FLORIDA,B&C,,,,,
Midlantic May Two-Year-Olds in Training (2023),2023-05-23,426,GRR,F,PAYNTER,SCORECARD,TALE OF THE CAT,GRASSROOTS TRAINING AND SALES LLC,MICHAEL MAKER,40000,,03/16/2021,KENTUCKY,I,,,,10.4,https://www.youtube.com/watch?v=-BFoGf-VhVw
Midlantic May Two-Year-Olds in Training (2023),2023-05-23,427,B,F,ARMY MULE,SEAMS DISCREET,DISCREET CAT,KINGS EQUINE AGENT,CHARLES J REED,27000,,02/04/2021,KENTUCKY,T,,,,10.2,https://www.youtube.com/watch?v=JfuA2Kt0dAw
Midlantic May Two-Year-Olds in Training (2023),2023-05-23,428,DKB,C,TALE OF THE CAT,SEASONSOFTHEHEART,SMARTY JONES,GRASSROOTS TRAINING AND SALES LLC AGENT,NIZAR HAMEED,20000,,03/30/2021,NEW YORK,I,,,,10.3,https://www.youtube.com/watch?v=iZbsv91Uc1Q
Midlantic May Two-Year-Olds in Training (2023),2023-05-23,429,CH,C,MORE THAN READY,SEATTLE'S BEST,MUNNINGS,TOP LINE SALES LLC AGENT XXXIII,OUT,0,,02/18/2021,NEW YORK,E&F,,,,,
Midlantic May Two-Year-Olds in Training (2023),2023-05-23,430,CH,F,CONSTITUTION,SECRET PASSION,ARCHARCHARCH,GRASSROOTS TRAINING AND SALES LLC AGENT,NOT SOLD,45000,,05/20/2021,KENTUCKY,I,,,,10.4,https://www.youtube.com/watch?v=XAT3PwaZP7w
Midlantic May Two-Year-Olds in Training (2023),2023-05-23,431,B,F,TAPITURE,SECRET WITNESS,TIZNOW,BEST A LUCK FARM LLC AGENT,ED PRICE,45000,,03/06/2021,PENNSYLVANIA,I,,,,10.4,https://www.youtube.com/watch?v=ScsjDroBPNE
Midlantic May Two-Year-Olds in Training (2023),2023-05-23,433,CH,F,CARPE DIEM,SECRET WONDER,QUALITY ROAD,GRASSROOTS TRAINING AND SALES LLC AGENT,DONATO LANNI AGENT FOR MICHAEL LUND PETERSEN,350000,,02/15/2021,NEW YORK,I,,,,10.1,https://www.youtube.com/watch?v=AnZZP5Vnd3E
Midlantic May Two-Year-Olds in Training (2023),2023-05-23,434,CH,F,EXAGGERATOR,SEEKING LUCK,SEEKING THE GOLD,KINGS EQUINE AGENT,NBS STABLE/JOHN BALLANTYNE,120000,,05/17/2021,KENTUCKY,T,,,,10.2,https://www.youtube.com/watch?v=hJlyG3LyW18
Midlantic May Two-Year-Olds in Training (2023),2023-05-23,435,B,F,MADEFROMLUCKY,SEEKING OPTIONS,SEEKING DAYLIGHT,CARY FROMMER LLC AGENT,RISING SUN RACING STABLES INC,15000,,04/20/2021,MARYLAND,A&B,,,,11.1,https://www.youtube.com/watch?v=lpyXxMVW2MI
Midlantic May Two-Year-Olds in Training (2023),2023-05-23,436,B,F,LORD NELSON,SEND ME ON MY WAY,TIZNOW,SCANLON TRAINING & SALES AGENT V,K.O.I.D.,30000,,01/22/2021,KENTUCKY,T,,,https://vimeo.com/826485819?share=copy,10.4,https://www.youtube.com/watch?v=1yt-jRq3mGY
Midlantic May Two-Year-Olds in Training (2023),2023-05-23,437,B,F,AIR FORCE BLUE,SENORITA MARGARITA,ELUSIVE QUALITY,TOP LINE SALES LLC AGENT X,KNOLLWOOD STABLE,50000,,04/15/2021,NEW YORK,E&F,,,,10.3,https://www.youtube.com/watch?v=ZCHxS0qgLGk
Midlantic May Two-Year-Olds in Training (2023),2023-05-23,438,DKB,F,FIRING LINE,SENSATIONAL GOLD,MEDAGLIA D'ORO,GRASSROOTS TRAINING AND SALES LLC,OUT,0,,03/14/2021,INDIANA,I,,,,,
Midlantic May Two-Year-Olds in Training (2023),2023-05-23,439,B,F,AUDIBLE,SENSIBLE MATCH,STREET SENSE,PIKE RACING AGENT,NEWT DOBBS,40000,,03/03/2021,KENTUCKY,H,,,https://vimeo.com/826699865?share=copy,10.3,https://www.youtube.com/watch?v=rBKSxWm0nTs
Midlantic May Two-Year-Olds in Training (2023),2023-05-23,440,DKB,C,WEST COAST,SENZA TE,STREET CRY (IRE),TOP LINE SALES LLC AGENT XXXII,OUT,0,,01/29/2021,KENTUCKY,E&F,,,,,
Midlantic May Two-Year-Olds in Training (2023),2023-05-23,441,DKB,C,UPSTART,SEVEN FEATHERS,STEPHANOTIS,SHAMROCK STABLES (JOE DEEGAN) AGENT,DOMEYKO TAYLOR LP,30000,,03/02/2021,KENTUCKY,J,,,,11,https://www.youtube.com/watch?v=2GYw1feV2aU
Midlantic May Two-Year-Olds in Training (2023),2023-05-23,442,B,F,PRESERVATIONIST,SEVERN SHORE,PURE PRIZE,PAUL SHARP AGENT IX,OUT,0,,04/22/2021,KENTUCKY,J&K,,,,,
Midlantic May Two-Year-Olds in Training (2023),2023-05-23,443,DKB,F,OUTWORK,SHAKIN SUGAR,STROLL,GOLDEN ROCK THOROUGHBREDS AGENT,CONFEDERACION HIPICA DE PR,30000,,02/14/2021,KENTUCKY,F,,,https://vimeo.com/826627958?share=copy,10.4,https://www.youtube.com/watch?v=vbUAqGaLVLM
Midlantic May Two-Year-Olds in Training (2023),2023-05-23,444,GRR,F,FLAMEAWAY,SHANGHAI AGUILERA,SHANGHAI BOBBY,TOP LINE SALES LLC AGENT VIII,ENVIRONMENTAL RACING,20000,,05/14/2021,KENTUCKY,E&F,,,,10.3,https://www.youtube.com/watch?v=1W3tyCXXcBo
Midlantic May Two-Year-Olds in Training (2023),2023-05-23,445,B,F,CITY OF LIGHT,SHANGHAI STARLET,SHANGHAI BOBBY,GOLDEN ROCK THOROUGHBREDS AGENT,WIFE RACING STABLE,27000,,01/26/2021,KENTUCKY,F,,,https://vimeo.com/826627909?share=copy,11,https://www.youtube.com/watch?v=4XMZYPaZEac
Midlantic May Two-Year-Olds in Training (2023),2023-05-23,446,CH,C,AUDIBLE,SHARED CAUSE,GIANT'S CAUSEWAY,JULIE DAVIES LLC AGENT,OUT,0,,04/23/2021,TEXAS,C&D,,,,,
Midlantic May Two-Year-Olds in Training (2023),2023-05-23,447,CH,F,FLAMEAWAY,SHARPEN MY SENSES,STREET SENSE,JVC TRAINING AND SALES AGENT,OUT,0,,02/10/2021,FLORIDA,L,,,,10.4,https://www.youtube.com/watch?v=NaT-rdGKWp0
Midlantic May Two-Year-Olds in Training (2023),2023-05-23,448,CH,C,GOOD MAGIC,SHE BE CLASSY,TOCCET,CARY FROMMER LLC AGENT,JOHN GUARNERE,60000,,03/12/2021,KENTUCKY,A&B,,,https://vimeo.com/827482855?share=copy,11,https://www.youtube.com/watch?v=ewRq-tdaHIU
Midlantic May Two-Year-Olds in Training (2023),2023-05-23,449,DKB,F,CATALINA CRUISER,SHE BE STRIKING (GB),SMART STRIKE,SEQUEL BLOODSTOCK AGENT VIII,OUT,0,,04/04/2021,KENTUCKY,H,,,https://vimeo.com/825298814?share=copy,10.4,https://www.youtube.com/watch?v=3Ia1izOUuDA
Midlantic May Two-Year-Olds in Training (2023),2023-05-23,450,DKB,F,UPSTART,SHES DANGEROUS,FOREST DANGER,COASTAL EQUINE LLC (JESSE HOPPEL) AGENT,ANTHONY GRANITZ AGENT FOR DAVID D. WALTERS,40000,,02/03/2021,INDIANA,B&C,,,,10.4,https://www.youtube.com/watch?v=T2OCDnPFDt0
Midlantic May Two-Year-Olds in Training (2023),2023-05-23,451,DKB,F,ASTERN (AUS),SHE'S MESSI,PURIM,RICEHORSE STABLE (BRANDON & ALI RICE) AGENT,NOT SOLD,77000,,01/27/2021,KENTUCKY,G,,,https://vimeo.com/824950634,10.4,https://www.youtube.com/watch?v=s53H-dO3qEE
Midlantic May Two-Year-Olds in Training (2023),2023-05-23,452,B,F,LEOFRIC,SHE'S OVERANALYZED,OVERANALYZE,TOP LINE SALES LLC AGENT XV,R T RACING,30000,,04/10/2021,NEW YORK,E&F,,,,10.3,https://www.youtube.com/watch?v=KunYBOB5tUs
Midlantic May Two-Year-Olds in Training (2023),2023-05-23,453,CH,C,TALE OF THE CAT,SHE'S SO COSMO,LEMON DROP KID,WHITE PINE THOROUGHBREDS AGENT,OUT,0,,04/11/2021,KENTUCKY,J,,,,,
Midlantic May Two-Year-Olds in Training (2023),2023-05-23,454,B,F,BOLT D'ORO,SIDISINFORTHREE,WHYWHYWHY,JULIE DAVIES LLC AGENT,NOT SOLD,24000,,02/01/2021,FLORIDA,C&D,,,https://vimeo.com/827849328,11,https://www.youtube.com/watch?v=LjtGaRGl4n0
Midlantic May Two-Year-Olds in Training (2023),2023-05-23,455,B,F,VINO ROSSO,SILLY SISTER,BROKEN VOW,TOP LINE SALES LLC AGENT XVI,BRUCE BROWN AGENT,35000,,04/07/2021,NEW YORK,E&F,,,,11,https://www.youtube.com/watch?v=AXqhXGdPht4
Midlantic May Two-Year-Olds in Training (2023),2023-05-23,456,CH,C,COLLECTED,SILVER DIVA,CIRCULAR QUAY,JVC TRAINING AND SALES AGENT,BURNS THOROUGHBRED RACING LLC,38000,,03/16/2021,PENNSYLVANIA,L,,,,22.3,https://www.youtube.com/watch?v=6R5kmoPcHdY
Midlantic May Two-Year-Olds in Training (2023),2023-05-23,457,DKB,F,ARMY MULE,SILVER WAY,MIDNIGHT LUTE,MCKATHAN BROS. SALES AGENT,STEPHEN & DENISE SMITH FOR ELEMENTS RACING,125000,,05/10/2021,KENTUCKY,J,,,,10.3,https://www.youtube.com/watch?v=XlhToFzdOK4
Midlantic May Two-Year-Olds in Training (2023),2023-05-23,458,DKB,C,ALWAYS DREAMING,SINCLAIR,DESERT WARRIOR,CRANE THOROUGHBRED SERVICES LLC AGENT,OUT,0,,03/04/2021,WEST VIRGINIA,K&L,,,,,
Midlantic May Two-Year-Olds in Training (2023),2023-05-23,459,GRR,F,TAPIT,SINDY WITH AN S,BROKEN VOW,JULIE DAVIES LLC AGENT,ECLIPSE THOROUGHBRED PARTNERS,200000,,05/06/2021,KENTUCKY,C&D,,,https://vimeo.com/827849417,10.3,https://www.youtube.com/watch?v=HXWP1UAyS3Q
Midlantic May Two-Year-Olds in Training (2023),2023-05-23,460,DKB,F,LIAM'S MAP,SINISTER TALE,TALE OF THE CAT,SIX K'S TRAINING & SALES LLC AGENT,OUT,0,,04/05/2021,KENTUCKY,I,,,,,
Midlantic May Two-Year-Olds in Training (2023),2023-05-23,461,DKB,F,UNCLE MO,SIP SIP,BERNARDINI,GOLDEN ROCK THOROUGHBREDS AGENT FOR DAVID GEOFROY,OUT,0,,02/21/2021,KENTUCKY,F,,,,,
Midlantic May Two-Year-Olds in Training (2023),2023-05-23,462,DKB,F,CATHOLIC BOY,SISTERHOOD,KITTEN'S JOY,TOP LINE SALES LLC AGENT XXXIV,MADAKET STABLES LLC,50000,,05/01/2021,KENTUCKY,E&F,,,,10.3,https://www.youtube.com/watch?v=Gsj-iddMhF4
Midlantic May Two-Year-Olds in Training (2023),2023-05-23,463,CH,C,FLAMEAWAY,SIXTYFIVENORTH,MIDSHIPMAN,RANDY MILES AGENT II,OUT,0,,03/30/2021,KENTUCKY,C,,,,,
Midlantic May Two-Year-Olds in Training (2023),2023-05-23,464,B,C,FUNTASTIC,SKY AY AY AY,SKY MESA,MCKATHAN BROS. SALES AGENT,MARKO MILOJEVIC,18000,,03/08/2021,KENTUCKY,J,,,,11.1,https://www.youtube.com/watch?v=O3snPzs-K_c
Midlantic May Two-Year-Olds in Training (2023),2023-05-23,465,B,F,AMERICAN PHAROAH,SKYPHOS,KANTHAROS,TOM MCCROCKLIN AGENT VI,TWO AMIGAS,27000,,02/18/2021,KENTUCKY,D&E,,,,11.1,https://www.youtube.com/watch?v=NS6w31ytpu0
Midlantic May Two-Year-Olds in Training (2023),2023-05-23,466,CH,F,GOLDEN LAD,SKY WISE,SMARTY JONES,BEST A LUCK FARM LLC AGENT,JOHN MENTZ & HUGH H ROBERTSON,45000,,04/02/2021,MARYLAND,I,,,,10.2,https://www.youtube.com/watch?v=_NVJVz9pARI
Midlantic May Two-Year-Olds in Training (2023),2023-05-23,467,GRR,F,TOURIST,SLATED,UNION RAGS,TOM MCCROCKLIN AGENT XXII,P413 RACING,15000,,05/03/2021,FLORIDA,D&E,,,,11.3,https://www.youtube.com/watch?v=H1aCSPZ3FNs
Midlantic May Two-Year-Olds in Training (2023),2023-05-23,468,B,F,OMAHA BEACH,SMART MISSION,SMART STRIKE,MCKATHAN BROS. SALES AGENT,OUT,0,,05/09/2021,KENTUCKY,J,,,,,
Midlantic May Two-Year-Olds in Training (2023),2023-05-23,469,GRR,F,VINO ROSSO,SNAGGLEPUSS,HOLY BULL,PIKE RACING AGENT,OUT,0,,02/12/2021,KENTUCKY,H,,,,,
Midlantic May Two-Year-Olds in Training (2023),2023-05-23,470,CH,C,ACCELERATE,SNOWMASS,PIONEEROF THE NILE,CRANE THOROUGHBRED SERVICES LLC AGENT,OUT,0,,04/08/2021,KENTUCKY,K&L,,,,,
Midlantic May Two-Year-Olds in Training (2023),2023-05-23,471,B,F,VINO ROSSO,SNOW MESA,SKY MESA,COASTAL EQUINE LLC (JESSE HOPPEL) AGENT,LEGION BLOODSTOCK AGENT FOR DWIGHT BARON,50000,,04/02/2021,KENTUCKY,B&C,,,,10.4,https://www.youtube.com/watch?v=Cx_1xzG5UBk
Midlantic May Two-Year-Olds in Training (2023),2023-05-23,472,B,C,HARD SPUN,SOARING EMOTIONS,KINGMAMBO,PIKE RACING AGENT,OUT,0,,03/28/2021,KENTUCKY,H,,,https://vimeo.com/826699913?share=copy,10.1,https://www.youtube.com/watch?v=WyJ8yc8cbZg
Midlantic May Two-Year-Olds in Training (2023),2023-05-23,473,DKB,C,TWIRLING CANDY,SOARWITHTHEBIRDS,GIANT'S CAUSEWAY,GRASSROOTS TRAINING AND SALES LLC AGENT,SAB STABLE INC,20000,,04/11/2021,MARYLAND,I,,,,10.4,https://www.youtube.com/watch?v=44fq2Yc_UxU
Midlantic May Two-Year-Olds in Training (2023),2023-05-23,474,CH,F,PRESERVATIONIST,SOCKS,MACLEAN'S MUSIC,NEW HORIZONS BLOODSTOCK LLC,MCMAHON & HILL BLOODSTOCK AGT ROBERT CLARY,10000,,03/19/2021,KENTUCKY,K,,,https://vimeo.com/826560401,11.1,https://www.youtube.com/watch?v=fxcmFGWmUzo
Midlantic May Two-Year-Olds in Training (2023),2023-05-23,475,DKB,F,MALIBU MOON,SOLO SURVIVOR,PLEASANT TAP,CLASSIC BLOODSTOCK AGENT,OUT,0,,02/10/2021,NEW YORK,I,,,https://vimeo.com/827439724?share=copy,11,https://www.youtube.com/watch?v=enE2jrRYYCQ
Midlantic May Two-Year-Olds in Training (2023),2023-05-23,476,B,C,BERNARDINI,SOMETHINABOUTBETTY,FORESTRY,DE MERIC SALES AGENT,MONKEY HORSE LLC,80000,,02/17/2021,KENTUCKY,J,,,,10.4,https://www.youtube.com/watch?v=VwNttcTxAys
Midlantic May Two-Year-Olds in Training (2023),2023-05-23,477,B,C,INTO MISCHIEF,SONG TO THE MOON,SUCCESSFUL APPEAL,DE MERIC SALES AGENT,OGMA INVESTMENTS LLC/ MARQUEE BLOODSTOCK AGENT,300000,,02/26/2021,KENTUCKY,J,,,,10.2,https://www.youtube.com/watch?v=QqQuvSwjkjs
Midlantic May Two-Year-Olds in Training (2023),2023-05-23,478,CH,C,MENDELSSOHN,SORESCA (IRE),ELUSIVE CITY,JULIE DAVIES LLC AGENT,MICHAEL MAKER,50000,,02/22/2021,KENTUCKY,C&D,,,https://vimeo.com/827849383,10.4,https://www.youtube.com/watch?v=EOrnJzoAdBE
Midlantic May Two-Year-Olds in Training (2023),2023-05-23,479,B,C,UNCLE MO,SOUTHERN STRIKE,SMART STRIKE,TOP LINE SALES LLC AGENT,FMQ STABLES,160000,,02/02/2021,KENTUCKY,E&F,,,https://vimeo.com/823558640,10.3,https://www.youtube.com/watch?v=n_qBnvxbHz0
Midlantic May Two-Year-Olds in Training (2023),2023-05-23,480,DKB,C,PAYNTER,SPECIAL CHARM (IRE),DANSILI (GB),GRASSROOTS TRAINING AND SALES LLC AGENT,WIFE RACING STABLE,10000,,02/03/2021,NEW YORK,I,,,,11.1,https://www.youtube.com/watch?v=SI_0RpdJmdA
Midlantic May Two-Year-Olds in Training (2023),2023-05-23,481,B,F,HONOR CODE,SPECIAL GUEST,SMART STRIKE,JVC TRAINING AND SALES AGENT,OUT,0,,05/09/2021,KENTUCKY,L,,,,10.3,https://www.youtube.com/watch?v=O6sJRYCnuSw
Midlantic May Two-Year-Olds in Training (2023),2023-05-23,482,DKB,C,DIALED IN,SPECULATIVE BUBBLE,SKY MESA,TOP LINE SALES LLC AGENT X,ANTHONY AGUIRRE,7500,,04/12/2021,KENTUCKY,E&F,,,,G,https://www.youtube.com/watch?v=WgCMeUtfNRU
Midlantic May Two-Year-Olds in Training (2023),2023-05-23,483,CH,C,WORLD OF TROUBLE,SPIKES,DIXIE UNION,DE MERIC SALES AGENT,K.O.I.D,45000,,04/24/2021,KENTUCKY,J,,,,11,https://www.youtube.com/watch?v=q7RDck4Cn4g
Midlantic May Two-Year-Olds in Training (2023),2023-05-23,484,CH,C,SPEIGHTSTER,SPRING DRAGON,LIGHTNIN N THUNDER,CM THOROUGHBREDS AGENT,NOT SOLD,20000,,02/18/2021,KENTUCKY,K,,,,10.4,https://www.youtube.com/watch?v=rmEp-VoDjp0
Midlantic May Two-Year-Olds in Training (2023),2023-05-23,485,DKB,C,MACLEAN'S MUSIC,SPRINGSIDE,AWESOME AGAIN,LG AGENT,RANDY PATTERSON & JOE MORGAN,180000,,05/04/2021,KENTUCKY,A,,,,10.1,https://www.youtube.com/watch?v=pLk7gOSooog
Midlantic May Two-Year-Olds in Training (2023),2023-05-23,486,B,F,FROSTED,STAGE LUCK,UNBRIDLED'S SONG,DE MERIC SALES AGENT,R T RACING,95000,,03/30/2021,NEW YORK,J,,,,10.3,https://www.youtube.com/watch?v=anirQXW3q-s
Midlantic May Two-Year-Olds in Training (2023),2023-05-23,487,CH,F,MAJESTIC CITY,STARSHIP FLARE,STEVIE WONDERBOY,GRASSROOTS TRAINING AND SALES LLC,MICHAEL SCHEFFRES,10000,,04/01/2021,NEW YORK,I,,,,11,https://www.youtube.com/watch?v=ymG4_Cx48O8
Midlantic May Two-Year-Olds in Training (2023),2023-05-23,488,B,C,KANTHAROS,STEELY MAGNOLIA,MORE THAN READY,JULIE DAVIES LLC AGENT,S.R.O.A. (K.O.I.D.),30000,,04/18/2021,KENTUCKY,C&D,,,https://vimeo.com/827408163,10.2,https://www.youtube.com/watch?v=7JcxEcws8GA
Midlantic May Two-Year-Olds in Training (2023),2023-05-23,489,CH,C,CATALINA CRUISER,STEPHANIE JAYNE,HENNY HUGHES,MCKATHAN BROS. SALES AGENT,OUT,0,,05/06/2021,FLORIDA,J,,,,10.4,https://www.youtube.com/watch?v=sMAW4NFz7JM
Midlantic May Two-Year-Olds in Training (2023),2023-05-23,490,B,C,INTO MISCHIEF,STORMY SUNDAY,SIR CAT,HARTLEY/DE RENZO THOROUGHBREDS AGENT,OUT,0,,05/29/2021,KENTUCKY,A,,,,10.2,https://www.youtube.com/watch?v=p4gsw9WjFJg
Midlantic May Two-Year-Olds in Training (2023),2023-05-23,491,DKB,F,MOR SPIRIT,STREET TALK,STREET CRY (IRE),TOM MCCROCKLIN AGENT II,MICHAEL GORHAM,62000,,03/08/2021,KENTUCKY,D&E,,,,10.3,https://www.youtube.com/watch?v=vXFq0oJiURs
Midlantic May Two-Year-Olds in Training (2023),2023-05-23,492,DKB,C,MIDNIGHT LUTE,STRIKEALINETHRUIT,OFFICER,KINGS EQUINE AGENT,DUTCH RACING STABLE,15000,,03/07/2021,NEW YORK,T,,,,11,https://www.youtube.com/watch?v=FoUzkG45Kbw
Midlantic May Two-Year-Olds in Training (2023),2023-05-23,493,B,F,VINO ROSSO,STRIP IT DOWN,CONGRATS,PAUL SHARP AGENT VII,ALISTAIR RODEN AGENT FOR MKW RACING & BREEDING,50000,,01/29/2021,LOUISIANA,J&K,,,https://vimeo.com/826625563?share=copy,10.4,https://www.youtube.com/watch?v=fir78YKuFR0
Midlantic May Two-Year-Olds in Training (2023),2023-05-23,494,DKB,C,FORCE THE PASS,SUCCESS AT SUNUP,SUCCESSFUL APPEAL,WES CARTER AGENT FOR LEMON CREEK FARM,OUT,0,,05/16/2021,MARYLAND,G,,,,11.1,https://www.youtube.com/watch?v=QSJBMQYUazU
Midlantic May Two-Year-Olds in Training (2023),2023-05-23,495,B,C,CONGRATS,SUGAR MAY,STRATEGIC MISSION,WHITE PINE THOROUGHBREDS AGENT,STEVE MOGER,28000,,03/08/2021,KENTUCKY,J,,,,11,https://www.youtube.com/watch?v=vPYQcMjToM8
Midlantic May Two-Year-Olds in Training (2023),2023-05-23,496,B,C,UNCLE MO,SULTRY,MALIBU MOON,SEQUEL BLOODSTOCK AGENT FOR CHESTER & MARY BROMAN,MENS GRILLE RACING,200000,,04/01/2021,NEW YORK,H,,,https://vimeo.com/826469398?share=copy,10.3,https://www.youtube.com/watch?v=5p-SeCba0ZE
Midlantic May Two-Year-Olds in Training (2023),2023-05-23,497,DKB,F,WAR DANCER,SUNSHINE GAL,CONGRATS,WES CARTER AGENT FOR LEMON CREEK FARM,SEAN S. PERL BLOODSTOCK LLC,60000,,03/31/2021,NEW YORK,G,,,,10.3,https://www.youtube.com/watch?v=PhIa-mMgeOs
Midlantic May Two-Year-Olds in Training (2023),2023-05-23,498,B,C,MAXIMUS MISCHIEF,SUPREMA,STRONG MANDATE,MARSHALL W. SILVERMAN AGENT,OUT,0,,02/28/2021,KENTUCKY,H,,,,,
Midlantic May Two-Year-Olds in Training (2023),2023-05-23,499,B,F,WEST COAST,SUREMEANTTO,CANDY RIDE (ARG),BEST A LUCK FARM LLC AGENT,LEE GLASSBERG,25000,,04/11/2021,PENNSYLVANIA,I,,,,11,https://www.youtube.com/watch?v=kRAxTPNC1nM
Midlantic May Two-Year-Olds in Training (2023),2023-05-23,500,CH,C,MIDSHIPMAN,SURPRISE CAMEO,GIANT SURPRISE,GRASSROOTS TRAINING AND SALES LLC AGENT,CHETRAM BHIGROOG & CHRIFFALEE ERRIAH,30000,,02/25/2021,NEW YORK,I,,,,10.4,https://www.youtube.com/watch?v=zI4cqV-Q8qI
Midlantic May Two-Year-Olds in Training (2023),2023-05-23,501,B,C,SPEIGHTSTER,SURPRISING TWIST,UNION RAGS,CRANE THOROUGHBRED SERVICES LLC AGENT,FELIPE PEREZ,13000,,03/28/2021,PENNSYLVANIA,K&L,,,,11.1,https://www.youtube.com/watch?v=f26RiNf8NOQ
Midlantic May Two-Year-Olds in Training (2023),2023-05-23,502,DKB,F,UNCLE MO,SUSIE'S BABY,GIANT'S CAUSEWAY,WAVERTREE STABLES INC. (CIARAN DUNNE) AGENT XII,JOHN GUARNERE,300000,,04/23/2021,KENTUCKY,T,,,https://vimeo.com/825300033?share=copy,10.3,https://www.youtube.com/watch?v=SyjGhYWvAss
Midlantic May Two-Year-Olds in Training (2023),2023-05-23,503,CH,F,LORD NELSON,SWEET ALTERNATIVE,ALTERNATION,PAUL SHARP AGENT I,STEVE MOGER,45000,,05/08/2021,KENTUCKY,J&K,,,,10.4,https://www.youtube.com/watch?v=1Lm9LzYkf8I
Midlantic May Two-Year-Olds in Training (2023),2023-05-23,504,CH,F,GOLDENCENTS,SWEET HALORY,HOLD ME BACK,PICK VIEW LLC AGENT,OUT,0,,03/14/2021,KENTUCKY,T,,,https://vimeo.com/827463423,11,https://www.youtube.com/watch?v=kKGGYAWM3eY
Midlantic May Two-Year-Olds in Training (2023),2023-05-23,505,DKB,C,MITOLE,SWEETNESS GALORE,ROCK HARD TEN,RANDY MILES AGENT IV,OUT,0,,02/06/2021,KENTUCKY,C,,,https://vimeo.com/827110199,11.1,https://www.youtube.com/watch?v=WjmipO2lvHw
Midlantic May Two-Year-Olds in Training (2023),2023-05-23,506,CH,F,SOLOMINI,SWEET QUEEN,TWIRLING CANDY,WOODFORD THOROUGHBREDS AGENT II,BREGMAN FAMILY RACING/JACKPOT FARM/SWINBANK STABLES,290000,,04/09/2021,NEW YORK,I,,,https://vimeo.com/826571847,10.1,https://www.youtube.com/watch?v=DAgOpSqTKt0
Midlantic May Two-Year-Olds in Training (2023),2023-05-23,507,B,C,OMAHA BEACH,SWEET SHIRLEY MAE,BROKEN VOW,JAMES LAYDEN AGENT,OUT,0,,04/18/2021,KENTUCKY,D,,,,,
Midlantic May Two-Year-Olds in Training (2023),2023-05-23,508,B,F,JUSTIFY,SWISS ALPS,MAJESTICPERFECTION,SEQUEL BLOODSTOCK AGENT IV,MWG LLC,200000,,04/24/2021,KENTUCKY,H,,,https://vimeo.com/825298867?share=copy,10.2,https://www.youtube.com/watch?v=OlQ2hpFVMgc
Midlantic May Two-Year-Olds in Training (2023),2023-05-23,509,B,F,CLOUD COMPUTING,TALEOFTHEPRINCESS,TALE OF THE CAT,SIX K'S TRAINING & SALES LLC AGENT,TRIN-BROOK STABLE,14000,,02/06/2021,NEW YORK,I,,,https://vimeo.com/826553535,10.4,https://www.youtube.com/watch?v=hhq2CA9KtvU
Midlantic May Two-Year-Olds in Training (2023),2023-05-23,510,B,G,THE FACTOR,TANGO RUN,RUN AWAY AND HIDE,WES CARTER AGENT FOR CARTER BROTHERS,S.R.O.A. (K.O.I.D.),30000,,03/16/2021,KENTUCKY,G,,,,11,https://www.youtube.com/watch?v=3uczq58mlzU
Midlantic May Two-Year-Olds in Training (2023),2023-05-23,511,CH,F,FLATTER,TANGO TIME (IRE),DANEHILL DANCER (IRE),KINGS EQUINE AGENT,JOSE GARCIA-BLANCO,14000,,02/18/2021,KENTUCKY,T,,,,10.2,https://www.youtube.com/watch?v=KUXiA5a9SvA
Midlantic May Two-Year-Olds in Training (2023),2023-05-23,512,B,C,STREET SENSE,TAPITAL GAINS,TAPIT,CRANE THOROUGHBRED SERVICES LLC AGENT,OUT,0,,04/14/2021,PENNSYLVANIA,K&L,,,,,
Midlantic May Two-Year-Olds in Training (2023),2023-05-23,513,CH,C,JUSTIFY,TASTE LIKE CANDY,CANDY RIDE (ARG),SBM TRAINING AND SALES AGENT,OUT,0,,02/14/2021,KENTUCKY,K&L,,,https://vimeo.com/826937811,10.3,https://www.youtube.com/watch?v=hh_PWrUyn0k
Midlantic May Two-Year-Olds in Training (2023),2023-05-23,514,GRR,C,SPEIGHTSTOWN,TEMPERIT,TAPIT,BRICK CITY THOROUGHBREDS,NICK J. HINES AGENT FOR LAWRENCE P. ROMAN,100000,,04/04/2021,KENTUCKY,B,,,,10.3,https://www.youtube.com/watch?v=GR2mak1VTn8
Midlantic May Two-Year-Olds in Training (2023),2023-05-23,515,DKB,C,COLLECTED,TEN COINS,INDIAN CHARLIE,JULIE DAVIES LLC AGENT,LAZY HORSE RACE CLUB LLC,7000,,05/08/2021,KENTUCKY,C&D,,,https://vimeo.com/827974716,11.1,https://www.youtube.com/watch?v=pXliZy95Mc0
Midlantic May Two-Year-Olds in Training (2023),2023-05-23,517,CH,C,MENDELSSOHN,TERODA,LIMEHOUSE,PAUL SHARP AGENT III,OUT,0,,03/17/2021,KENTUCKY,J&K,,,,,
Midlantic May Two-Year-Olds in Training (2023),2023-05-23,518,DKB,C,CLOUD COMPUTING,THE MAGIC STONE,MALIBU MOON,MCKATHAN BROS. SALES AGENT,S.R.O.A. (K.O.I.D.),20000,,04/22/2021,KENTUCKY,J,,,,10.3,https://www.youtube.com/watch?v=S061whq_KIk
Midlantic May Two-Year-Olds in Training (2023),2023-05-23,519,CH,F,AUDIBLE,THEYPLAYINGOURSONG,SONGANDAPRAYER,NIALL BRENNAN STABLES AGENT IV,OUT,0,,03/19/2021,NEW YORK,K,,,,,
Midlantic May Two-Year-Olds in Training (2023),2023-05-23,520,GRR,F,TAPWRIT,THIEVERY,VALID EXPECTATIONS,CRANE THOROUGHBRED SERVICES LLC AGENT,OUT,0,,03/28/2021,ARKANSAS,K&L,,,,,
Midlantic May Two-Year-Olds in Training (2023),2023-05-23,521,DKB,C,UPSTART,THISIZSPARTA,CORINTHIAN,CARY FROMMER LLC AGENT,D C GOFF,25000,,06/03/2021,KENTUCKY,A&B,,,https://vimeo.com/827483492?share=copy,10.4,https://www.youtube.com/watch?v=6JvbtlwBeWw
Midlantic May Two-Year-Olds in Training (2023),2023-05-23,522,CH,F,MADEFROMLUCKY,THUNDER LILLY,THUNDER GULCH,CARY FROMMER LLC AGENT,HILLWOOD STABLE LLC,50000,,04/27/2021,MARYLAND,A&B,,,,10.4,https://www.youtube.com/watch?v=-hQpgIW9Dx4
Midlantic May Two-Year-Olds in Training (2023),2023-05-23,523,DKB,F,CENTRAL BANKER,TIMELESS BEAUTY,NEW YEAR'S DAY,GRASSROOTS TRAINING AND SALES LLC AGENT,R T RACING,37000,,03/22/2021,NEW YORK,I,,,,10.1,https://www.youtube.com/watch?v=DkyP_lGNVOE
Midlantic May Two-Year-Olds in Training (2023),2023-05-23,524,B,C,SPEIGHTSTER,TIME WARP,CAIRO PRINCE,GRASSROOTS TRAINING AND SALES LLC AGENT,ANTHONY J FONTANA/ JAMES RYERSON AGT,45000,,03/20/2021,NEW YORK,I,,,,10.3,https://www.youtube.com/watch?v=eKJlMTTsxFA
Midlantic May Two-Year-Olds in Training (2023),2023-05-23,525,B,C,LIAISON,TINDERETTE,MORE THAN READY,BRYAN FORD TRAINING STABLE LLC AGENT II,BILL EGERT,90000,,04/21/2021,ILLINOIS,G,,,,10.2,https://www.youtube.com/watch?v=hnxsXovrWnU
Midlantic May Two-Year-Olds in Training (2023),2023-05-23,526,CH,F,MUNNINGS,TIP TOP TAP,TAPIT,SHAMROCK STABLES (JOE DEEGAN) AGENT,SJB STABLE TRUST,100000,,02/21/2021,KENTUCKY,J,,,,10.4,https://www.youtube.com/watch?v=-1mhVFhCbsY
Midlantic May Two-Year-Olds in Training (2023),2023-05-23,527,CH,C,MUNNINGS,TIZ DIXIE,TIZNOW,DE MERIC SALES AGENT,VEDHYA JAGNANAN,14000,,04/07/2021,KENTUCKY,J,,,,11,https://www.youtube.com/watch?v=DiA9Z6ay55Y
Midlantic May Two-Year-Olds in Training (2023),2023-05-23,528,B,F,MAXIMUS MISCHIEF,TIZ MY LOVE,TIZ WONDERFUL,PAUL SHARP AGENT XIII,KSI,70000,,02/18/2021,NEW YORK,J&K,,,,10.2,https://www.youtube.com/watch?v=1RS5q2rv_wE
Midlantic May Two-Year-Olds in Training (2023),2023-05-23,529,DKB,C,GIRVIN,TIZ POSSIBLE,TIZNOW,TOM MCCROCKLIN AGENT XVII,MICHAEL SCHEFFRES,13000,,02/08/2021,NEW YORK,D&E,,,,10.4,https://www.youtube.com/watch?v=l6dIrGAFn48
Midlantic May Two-Year-Olds in Training (2023),2023-05-23,530,DKB,C,CONSTITUTION,TIZ SO SWEET,TIZNOW,PIKE RACING AGENT,NOT SOLD,95000,,02/21/2021,KENTUCKY,H,,,https://vimeo.com/826699987?share=copy,10.3,https://www.youtube.com/watch?v=vsJrjEhVKf8
Midlantic May Two-Year-Olds in Training (2023),2023-05-23,531,B,F,AUDIBLE,TIZTALENTED,TIZNOW,EDDIE WOODS AGENT XLI,OUT,0,,01/26/2021,VIRGINIA,J&K,,,,,
Midlantic May Two-Year-Olds in Training (2023),2023-05-23,532,CH,F,WILL TAKE CHARGE,TIZZY BE HOT,TIZ WONDERFUL,CRANE THOROUGHBRED SERVICES LLC AGENT,OUT,0,,04/06/2021,KENTUCKY,K&L,,,https://vimeo.com/827468696?share=copy,11.4,https://www.youtube.com/watch?v=OyGrN49zmE4
Midlantic May Two-Year-Olds in Training (2023),2023-05-23,533,DKB,F,WEST COAST,TOAST OF MAYFAIR,SPEIGHTSTOWN,WOODFORD THOROUGHBREDS AGENT I,JDLP HOLDINGS INC,50000,,04/29/2021,KENTUCKY,I,,,https://vimeo.com/826571836,10.4,https://www.youtube.com/watch?v=e1MdanQIOms
Midlantic May Two-Year-Olds in Training (2023),2023-05-23,534,CH,C,CATALINA CRUISER,TOAST TO LOVE,CONGRATS,GRASSROOTS TRAINING AND SALES LLC,THREE DIAMONDS FARM,40000,,04/01/2021,MARYLAND,I,,,,10.3,https://www.youtube.com/watch?v=W9WaH5uC0Jg
Midlantic May Two-Year-Olds in Training (2023),2023-05-23,535,GRR,F,FLAMEAWAY,TOMATO BISQUE,MACHO UNO,JULIE DAVIES LLC AGENT,OUT,0,,02/16/2021,KENTUCKY,C&D,,,https://vimeo.com/827408942,10.3,https://www.youtube.com/watch?v=sjoqGm8_dqU
Midlantic May Two-Year-Olds in Training (2023),2023-05-23,536,GRR,C,MOHAYMEN,TOP SHEET,TIZNOW,TWO OAKS EQUINE,K.O.I.D.,120000,,01/08/2021,FLORIDA,F,,,,10.2,https://www.youtube.com/watch?v=DZuO9u4u_kw
Midlantic May Two-Year-Olds in Training (2023),2023-05-23,537,B,F,UNCLE MO,TO THE MOON ALICE,MALIBU MOON,CARY FROMMER LLC AGENT,OUT,0,,04/07/2021,NEW YORK,A&B,,,https://vimeo.com/827484095?share=copy,22.3,https://www.youtube.com/watch?v=zg6KaElf4pk
Midlantic May Two-Year-Olds in Training (2023),2023-05-23,538,B,F,THE FACTOR,TRADE SHOW,GIANT'S CAUSEWAY,BEATTIE HORSE TRAINING & SALES AGENT,MICHAEL SCHEFFRES,6000,,03/16/2021,KENTUCKY,K,,,,11,https://www.youtube.com/watch?v=sy3sL7_7qFs
Midlantic May Two-Year-Olds in Training (2023),2023-05-23,539,DKB,C,NYQUIST,TRADING VOLUME,ARCH,TWO OAKS EQUINE,NOT SOLD,37000,,03/03/2021,KENTUCKY,F,,,,10.3,https://www.youtube.com/watch?v=jrCoNtITB4g
Midlantic May Two-Year-Olds in Training (2023),2023-05-23,540,DKB,C,LAOBAN,TRES CHARMANT,FREUD,CM THOROUGHBREDS AGENT,OUT,0,,04/19/2021,NEW YORK,K,,,,,
Midlantic May Two-Year-Olds in Training (2023),2023-05-23,541,DKB,F,FLATTER,TRICKY ONE,UNBRIDLED'S SONG,TOM MCCROCKLIN AGENT III,STEVEN W YOUNG AGT,70000,,03/15/2021,KENTUCKY,D&E,,,,10.3,https://www.youtube.com/watch?v=51iPmLHjV0w
Midlantic May Two-Year-Olds in Training (2023),2023-05-23,542,B,F,COMPETITIVE EDGE,TRI DELT GIRL,SEFAPIANO,BRYAN FORD TRAINING STABLE LLC AGENT,JOHN SERVIS AGENT,57000,,05/11/2021,KENTUCKY,G,,,,10.3,https://www.youtube.com/watch?v=h3W_McbZd-E
Midlantic May Two-Year-Olds in Training (2023),2023-05-23,544,DKB,F,DIALED IN,TROJAN SONG GIRL,PIONEEROF THE NILE,JULIE DAVIES LLC AGENT,S.R.O.A. (K.O.I.D.),30000,,02/16/2021,KENTUCKY,C&D,,,https://vimeo.com/827409011,10.3,https://www.youtube.com/watch?v=DHpSNDDnKPk
Midlantic May Two-Year-Olds in Training (2023),2023-05-23,545,DKB,C,CLASSIC EMPIRE,TRUE TO YOU,SCAT DADDY,TOP LINE SALES LLC AGENT VI,OUT,0,,04/01/2021,KENTUCKY,E&F,,,,,
Midlantic May Two-Year-Olds in Training (2023),2023-05-23,546,GRR,C,MAXIMUS MISCHIEF,TRY TO CATCH HER,BROKEN VOW,CARY FROMMER LLC AGENT,BARRY BERKELHAMMER AGENT,100000,,05/01/2021,KENTUCKY,A&B,,,https://vimeo.com/827484852?share=copy,10.3,https://www.youtube.com/watch?v=c47UOlgwA1w
Midlantic May Two-Year-Olds in Training (2023),2023-05-23,547,B,C,OUTWORK,TURLINGTON,TAPIZAR,NEW HORIZONS BLOODSTOCK LLC,OUT,0,,04/18/2021,KENTUCKY,K,,,https://vimeo.com/826560404,11,https://www.youtube.com/watch?v=NKjOZSYWfM0
Midlantic May Two-Year-Olds in Training (2023),2023-05-23,548,B,C,CONNECT,TURN TO LASS,BRIGHT LAUNCH,PICK VIEW LLC AGENT,RISING SUN RACING STABLES INC,25000,,04/07/2021,KENTUCKY,T,,,https://vimeo.com/827463530,11,https://www.youtube.com/watch?v=7jISibMdm1I
Midlantic May Two-Year-Olds in Training (2023),2023-05-23,549,B,F,FLASHBACK,TWEET,MEDAGLIA D'ORO,CLASSIC BLOODSTOCK AGENT,ANDREW J HAWTHORNE,30000,,03/26/2021,PENNSYLVANIA,I,,,https://vimeo.com/826169398?share=copy,22,https://www.youtube.com/watch?v=jdph_pb-xAQ
Midlantic May Two-Year-Olds in Training (2023),2023-05-23,550,B,F,HONOR CODE,TWEETER,UNBRIDLED'S SONG,SBM TRAINING AND SALES AGENT,OUT,0,,03/28/2021,KENTUCKY,K&L,,,https://vimeo.com/826938179,11.1,https://www.youtube.com/watch?v=axnfjP20HZk
Midlantic May Two-Year-Olds in Training (2023),2023-05-23,551,CH,F,GOOD MAGIC,TWIGA,UNION RAGS,NIALL BRENNAN STABLES AGENT III,OUT,0,,04/08/2021,KENTUCKY,K,,,,,
Midlantic May Two-Year-Olds in Training (2023),2023-05-23,552,CH,F,ARROGATE,TWIXY,MUTAKDDIM,HARTLEY/DE RENZO THOROUGHBREDS AGENT,KERRI RADCLIFFE AGENT,1000000,,03/04/2021,KENTUCKY,A,,,,10,https://www.youtube.com/watch?v=1thds6_kq0A
Midlantic May Two-Year-Olds in Training (2023),2023-05-23,553,B,C,OMAHA BEACH,TWO DOZEN ROSES,SUPER SAVER,DE MERIC SALES AGENT,VEB RACING STABLE CORP,150000,,04/11/2021,KENTUCKY,J,,,,10.3,https://www.youtube.com/watch?v=gvLQ1NZc1H0
Midlantic May Two-Year-Olds in Training (2023),2023-05-23,554,B,F,MITOLE,U. K. GIRL,TIGER RIDGE,RANDY MILES AGENT IX,OUT,0,,04/22/2021,PENNSYLVANIA,C,,,https://vimeo.com/827110136,11,https://www.youtube.com/watch?v=yWqw7KkQZ28
Midlantic May Two-Year-Olds in Training (2023),2023-05-23,555,DKB,C,MENDELSSOHN,UNDISPUTED LEGEND,DOMESTIC DISPUTE,CARY FROMMER LLC AGENT,NOT SOLD,70000,,02/12/2021,MARYLAND,A&B,,,https://vimeo.com/827485793?share=copy,11,https://www.youtube.com/watch?v=d3UX6YiIKOs
Midlantic May Two-Year-Olds in Training (2023),2023-05-23,556,DKB,C,EXAGGERATOR,UNIQUELY MINE,MINESHAFT,BEST A LUCK FARM LLC AGENT,NOT SOLD,17000,,03/14/2021,NEW YORK,I,,,https://vimeo.com/826631404?share=copy,11,https://www.youtube.com/watch?v=ZR4yHkEehLg
Midlantic May Two-Year-Olds in Training (2023),2023-05-23,557,DKB,C,DIALED IN,URQUIA,SCAT DADDY,TOM MCCROCKLIN AGENT XI,NBS STABLE/JOHN BALLANTYNE,45000,,04/03/2021,KENTUCKY,D&E,,,,10.4,https://www.youtube.com/watch?v=xSuFPhF3ieg
Midlantic May Two-Year-Olds in Training (2023),2023-05-23,558,DKB,C,STREET SENSE,VAGABOND PRINCESS,PURE PRIZE,SCANLON TRAINING & SALES AGENT FOR EXCEL BLOODSTOCK (BRUNO DEBERDT),ANTHONY FOGLIA,30000,,03/21/2021,KENTUCKY,T,,,https://vimeo.com/826485871?share=copy,11,https://www.youtube.com/watch?v=4sRve1o8boo
Midlantic May Two-Year-Olds in Training (2023),2023-05-23,559,CH,F,FLATTER,VARISIMO,UNBRIDLED'S SONG,NIALL BRENNAN STABLES AGENT X,KIM M VALERIO AGENT,57000,,03/18/2021,KENTUCKY,K,,,https://youtu.be/IRWUdusC_MA,10.4,https://www.youtube.com/watch?v=el4IL7KC63A
Midlantic May Two-Year-Olds in Training (2023),2023-05-23,560,DKB,C,MITOLE,VERNA LEA,SUPER SAVER,KINGS EQUINE AGENT,MARC TACHER,35000,,04/28/2021,KENTUCKY,T,,,,10.2,https://www.youtube.com/watch?v=u2eqqgJtSzs
Midlantic May Two-Year-Olds in Training (2023),2023-05-23,561,CH,F,ARMY MULE,VICTORINA,DELAWARE TOWNSHIP,SBM TRAINING AND SALES AGENT,SCOTT GELNER,21000,,06/04/2021,LOUISIANA,K&L,,,https://vimeo.com/826939090,G,https://www.youtube.com/watch?v=78GgPurFl3M
Midlantic May Two-Year-Olds in Training (2023),2023-05-23,562,B,F,VINO ROSSO,VISION OF JUSTICE,INTO MISCHIEF,LG AGENT,DAVID STRAUSS,10000,,03/02/2021,KENTUCKY,A,,,,10.3,https://www.youtube.com/watch?v=fscb2rg_gOU
Midlantic May Two-Year-Olds in Training (2023),2023-05-23,563,CH,F,MITOLE,WAKE ME UP,ACT OF WAR,SBM TRAINING AND SALES AGENT,WEST BLDSTK AGT FOR ROBERT E & LAWANA LOW,310000,,03/05/2021,KENTUCKY,K&L,,,https://vimeo.com/826938892,10.1,https://www.youtube.com/watch?v=v-RZNnIEpvY
Midlantic May Two-Year-Olds in Training (2023),2023-05-23,564,B,F,GOLDEN LAD,WALTZING CAT,MORE THAN READY,WES CARTER AGENT FOR CARTER BROTHERS,ROBERT CONTI,30000,,03/26/2021,MARYLAND,G,,,,10.4,https://www.youtube.com/watch?v=HDDxW1T99fQ
Midlantic May Two-Year-Olds in Training (2023),2023-05-23,565,B,C,PALACE MALICE,WAR POPPY,DISCREET CAT,CRANE THOROUGHBRED SERVICES LLC AGENT,OUT,0,,02/20/2021,PENNSYLVANIA,K&L,,,https://vimeo.com/827467673?share=copy,11.2,https://www.youtube.com/watch?v=4mh27BU2e4k
Midlantic May Two-Year-Olds in Training (2023),2023-05-23,566,B,C,LOOKIN AT LUCKY,WHISPERING ANGEL,HARD SPUN,BRICK CITY THOROUGHBREDS AGENT,OUT,0,,03/24/2021,NEW YORK,B,,,,,
Midlantic May Two-Year-Olds in Training (2023),2023-05-23,567,B,F,TAKE CHARGE INDY,WICKED ANGEL,DISTINCTIVE PRO,BEST A LUCK FARM LLC AGENT,OUT,0,,03/17/2021,KENTUCKY,I,,,,,
Midlantic May Two-Year-Olds in Training (2023),2023-05-23,568,CH,C,CATALINA CRUISER,WICKED SPEED,MACHO UNO,LG AGENT,JEFF MACKORAGENT FOR GUS KING,325000,,04/19/2021,KENTUCKY,A,,,,21.2,https://www.youtube.com/watch?v=mWFQkryJAcI
Midlantic May Two-Year-Olds in Training (2023),2023-05-23,569,B,C,FORCE THE PASS,WILD EYED,INDIAN CHARLIE,TOM MCCROCKLIN AGENT XII,RICHARD ORENS,10000,,02/05/2021,MARYLAND,D&E,,,,11.3,https://www.youtube.com/watch?v=1oShhN-ZdfQ
Midlantic May Two-Year-Olds in Training (2023),2023-05-23,570,B,C,UNCLE MO,WILSHEWED,CARSON CITY,SCANLON TRAINING & SALES AGENT X,DESTIN HEATH AGENT FOR KRATTIGER RACING,300000,,04/21/2021,KENTUCKY,T,,,https://vimeo.com/826485915?share=copy,10.3,https://www.youtube.com/watch?v=Lq6JB8mltyY
Midlantic May Two-Year-Olds in Training (2023),2023-05-23,571,DKB,F,CANDY RIDE (ARG),WIND GUST,DYNAFORMER,TOP LINE SALES LLC AGENT XXXIV,OUT,0,,01/31/2021,KENTUCKY,E&F,,,,,
Midlantic May Two-Year-Olds in Training (2023),2023-05-23,572,CH,C,BUCCHERO,WINNING FOR SARAH,GRAEME HALL,TWO OAKS EQUINE,RONNEY BROWN,12000,,03/06/2021,FLORIDA,F,,,,10.3,https://www.youtube.com/watch?v=myDr-OIKMag
Midlantic May Two-Year-Olds in Training (2023),2023-05-23,573,B,C,HOPPERTUNITY,WIN PICTURE,APTITUDE,TOM MCCROCKLIN AGENT XXII,ULTRA CHAMPIONSHIP RACING LLC,6000,,04/23/2021,MARYLAND,D&E,,,,11.1,https://www.youtube.com/watch?v=OyntYVhWmAM
Midlantic May Two-Year-Olds in Training (2023),2023-05-23,574,DKB,C,UNIFIED,WINSLET,FIVE STAR DAY,RANDY MILES AGENT VII,OUT,0,,04/05/2021,KENTUCKY,C,,,,,
Midlantic May Two-Year-Olds in Training (2023),2023-05-23,575,DKB,C,CENTRAL BANKER,WRIGLEY IVY,PLEASANT TAP,KINGS EQUINE AGENT,OUT,0,,03/03/2021,NEW YORK,T,,,,10.4,https://www.youtube.com/watch?v=IMmJ3QGk99k
Midlantic May Two-Year-Olds in Training (2023),2023-05-23,576,B,F,CANDY RIDE (ARG),YES LIZ,YES IT'S TRUE,JULIE DAVIES LLC AGENT,OUT,0,,04/07/2021,KENTUCKY,C&D,,,https://vimeo.com/827976974,10.4,https://www.youtube.com/watch?v=YQ30OW6VXv8
Midlantic May Two-Year-Olds in Training (2023),2023-05-23,577,CH,C,GOOD MAGIC,ANNATHELA,ELUSIVE QUALITY,MCKATHAN BROS. SALES AGENT,NOT SOLD,240000,,03/05/2021,KENTUCKY,J,,,,10.3,https://www.youtube.com/watch?v=96gPet_FO5A
Midlantic May Two-Year-Olds in Training (2023),2023-05-23,578,B,F,MITOLE,AUNT GLO,AWESOME AGAIN,CARY FROMMER LLC AGENT,LBR RACING STABLE/ RICHARD SILLAMAN,20000,,03/30/2021,NEW YORK,A&B,,,,11,https://www.youtube.com/watch?v=6OWYvpBEiN0
Midlantic May Two-Year-Olds in Training (2023),2023-05-23,579,GRR,F,QUALITY ROAD,AYAADY,TAPIT,TOP LINE SALES LLC AGENT XXXVI,JEREMIAH O'DWYER,105000,,04/28/2021,KENTUCKY,E&F,,,,10.3,https://www.youtube.com/watch?v=ePGomeqSXKI
Midlantic May Two-Year-Olds in Training (2023),2023-05-23,580,DKB,C,NYQUIST,BAWLMER HON,SILVER TRAIN,CARY FROMMER LLC AGENT,BARRY BERKELHAMMER AGENT,92000,,03/11/2021,MARYLAND,A&B,,,https://vimeo.com/827488238?share=copy,11,https://www.youtube.com/watch?v=4QGeGmrfFOQ
Midlantic May Two-Year-Olds in Training (2023),2023-05-23,581,B,F,MITOLE,BLUE UNION RAGS,UNION RAGS,TOM MCCROCKLIN AGENT,NOT SOLD,47000,,01/26/2021,KENTUCKY,D&E,,,,10.4,https://www.youtube.com/watch?v=-6UWONvsOWQ
Midlantic May Two-Year-Olds in Training (2023),2023-05-23,582,CH,C,FLAMEAWAY,CANARY DIAMOND,ALPHABET SOUP,TOP LINE SALES LLC AGENT XXXV,JAMES F CONNOR,25000,,04/05/2021,KENTUCKY,E&F,,,,11,https://www.youtube.com/watch?v=79FF9k8O9tI
Midlantic May Two-Year-Olds in Training (2023),2023-05-23,583,B,F,ENTICED,CANDY CAT CAN,LANGFUHR,TOM MCCROCKLIN AGENT,TOM MCCROCKLIN,70000,,02/19/2021,KENTUCKY,D&E,,,,10.4,https://www.youtube.com/watch?v=3oS3KNTLAZ0
Midlantic May Two-Year-Olds in Training (2023),2023-05-23,584,B,F,INTO MISCHIEF,CRUELMORE,FORESTRY,DAVIS BREAKING AND TRAINING AGENT,NOT SOLD,190000,,04/15/2021,KENTUCKY,K,,,https://youtu.be/NBOGg4VNUKE,11,https://www.youtube.com/watch?v=qV46qBblkkA
Midlantic May Two-Year-Olds in Training (2023),2023-05-23,585,GRR,F,INTO MISCHIEF,ERVSAYSLETHERGO,HOLD ME BACK,MCKATHAN BROS. SALES AGENT,CORBIN BLUMBERG AGENT FOR NORTHSTAR RACING,295000,,05/04/2021,KENTUCKY,J,,,,10.3,https://www.youtube.com/watch?v=s_6l8gNYQVA
Midlantic May Two-Year-Olds in Training (2023),2023-05-23,586,B,F,CANDY RIDE (ARG),HARLAN'S ROMANCE,HARLAN'S HOLIDAY,GRASSROOTS TRAINING AND SALES LLC,MIKE MAKER AGENT,42000,,04/20/2021,KENTUCKY,I,,,,10.2,https://www.youtube.com/watch?v=zOMxeax1i3U
Midlantic May Two-Year-Olds in Training (2023),2023-05-23,587,B,C,AUDIBLE,HELENA THE FIRST,LEMON DROP KID,GRASSROOTS TRAINING AND SALES LLC AGENT,ROBERT BISTLE,24000,Y,04/21/2021,KENTUCKY,I,,,,10.3,https://www.youtube.com/watch?v=6ZFIID2Fxgs
Midlantic May Two-Year-Olds in Training (2023),2023-05-23,588,B,F,SHARP AZTECA,HELLOO REGINA,WILBURN,GRASSROOTS TRAINING AND SALES LLC AGENT,FRANK CATAPANO  & NICHOLES PRIMPAS,20000,Y,01/22/2021,KENTUCKY,I,,,,10.4,https://www.youtube.com/watch?v=31vqiPaBJe0
Midlantic May Two-Year-Olds in Training (2023),2023-05-23,589,DKB,F,MO TOWN,LA CONTESSA,CONGRATS,RICEHORSE STABLE (BRANDON & ALI RICE) AGENT,ERIC AQUINO,18000,,02/21/2021,KENTUCKY,G,,,https://vimeo.com/825161227,11,https://www.youtube.com/watch?v=G-wvdHeYp8g
Midlantic May Two-Year-Olds in Training (2023),2023-05-23,590,B,C,AUDIBLE,LIVE TO DANCE,EMCEE,HARTLEY/DE RENZO THOROUGHBREDS AGENT,MICHAEL MAKER,200000,,05/04/2021,KENTUCKY,A,,,,10.2,https://www.youtube.com/watch?v=YeX5RvYvq_8
Midlantic May Two-Year-Olds in Training (2023),2023-05-23,591,B,C,AUDIBLE,LOVELY RATE,EXCHANGE RATE,PICK VIEW LLC AGENT,WEST BLOODSTOCK,75000,,04/22/2021,KENTUCKY,T,,,https://vimeo.com/827485087,11,https://www.youtube.com/watch?v=nlH2M47lrS4
Midlantic May Two-Year-Olds in Training (2023),2023-05-23,592,DKB,C,UNCLE MO,MAGICAL MOOD (GB),FORESTRY,HARTLEY/DE RENZO THOROUGHBREDS AGENT,STEVE ROTHBLUM AGENT FOR MARK DAVIS,375000,,03/01/2021,KENTUCKY,A,,,,10.2,https://www.youtube.com/watch?v=Jmi-xfwlrws
Midlantic May Two-Year-Olds in Training (2023),2023-05-23,593,GRR,C,TAPIT,MY TINA,BERTRANDO,JULIE DAVIES LLC AGENT,NOT SOLD,150000,,05/30/2021,KENTUCKY,C&D,,,,10.4,https://www.youtube.com/watch?v=s3gb1T9rpl8
Midlantic May Two-Year-Olds in Training (2023),2023-05-23,594,B,C,MAXIMUS MISCHIEF,PERFECT BOURBON,MAJESTICPERFECTION,RANDY MILES AGENT XV,FRANK ALOSA AGENT,280000,,03/02/2021,KENTUCKY,C,,,https://vimeo.com/827110299,10.3,https://www.youtube.com/watch?v=KKP4vtu-vJ8
Midlantic May Two-Year-Olds in Training (2023),2023-05-23,595,B,F,HARD SPUN,SEA LEVEL DRIVE,MALIBU MOON,SEQUEL BLOODSTOCK AGENT IV,DEUCE GREATHOUSE AGENT,185000,,03/08/2021,KENTUCKY,H,,,https://vimeo.com/826469344?share=copy,10.2,https://www.youtube.com/watch?v=ABeiV5q1VUc
Midlantic May Two-Year-Olds in Training (2023),2023-05-23,596,CH,F,MUNNINGS,SHE'S OVERWELMING,ALBERT THE GREAT,DE MERIC SALES AGENT,RICHARD VEGA RACING STABLES,50000,,04/03/2021,PENNSYLVANIA,J,,,,10.3,https://www.youtube.com/watch?v=XEVgdaRXbwE
Midlantic May Two-Year-Olds in Training (2023),2023-05-23,597,B,C,BLAME,TATTERSAIL,TWIRLING CANDY,TOM MCCROCKLIN AGENT,TOM MCCROCKLIN AGENT,42000,,04/26/2021,KENTUCKY,D&E,,,,10.4,https://www.youtube.com/watch?v=zcniiBuKbVQ
Midlantic May Two-Year-Olds in Training (2023),2023-05-23,598,B,C,MITOLE,TELL ME WHY,CORINTHIAN,COASTAL EQUINE LLC (JESSE HOPPEL) AGENT,TOM MCCROCKLIN,75000,,05/13/2021,KENTUCKY,B&C,,,,10.2,https://www.youtube.com/watch?v=vWXnueDWPwY
Midlantic May Two-Year-Olds in Training (2023),2023-05-23,599,B,C,CATHOLIC BOY,THAT'S A LADY,CITY ZIP,DE MERIC SALES AGENT,SERIO RACING STABLES,67000,,01/26/2021,KENTUCKY,J,,,,10.4,https://www.youtube.com/watch?v=F_prhEkEv_M
Midlantic May Two-Year-Olds in Training (2023),2023-05-23,600,B,F,VINO ROSSO,THOUGHTLESS,ROCKPORT HARBOR,GRASSROOTS TRAINING AND SALES LLC AGENT,JON TAISEY AGT FOR BIG DOM RACINGHIBISCUS & BIG TOE,25000,,03/20/2021,NEW YORK,I,,,,11,https://www.youtube.com/watch?v=DC-AFrkQ_ZA
Midlantic May Two-Year-Olds in Training (2023),2023-05-23,601,CH,C,FLAMEAWAY,TOUCH ME ONCE,TOUCH GOLD,PAUL SHARP AGENT XIV,CODASCA CONSTRUCTION,7000,,03/25/2021,NEW YORK,J&K,,,,11,https://www.youtube.com/watch?v=MCJ7_UVVqeE
Midlantic May Two-Year-Olds in Training (2023),2023-05-23,602,DKB,C,TWIRLING CANDY,VAMP,ARTIE SCHILLER,GRASSROOTS TRAINING AND SALES LLC AGENT,THREE DIAMONDS FARM,25000,,03/26/2021,KENTUCKY,I,,,,10.4,https://www.youtube.com/watch?v=pI4epgSki0g
Midlantic May Two-Year-Olds in Training (2023),2023-05-23,603,DKB,F,SHARP AZTECA,MISS SUBTLE,MISREMEMBERED,MCKATHAN BROS. SALES AGENT,OUT,0,,05/19/2021,KENTUCKY,J,,,,10.4,https://www.youtube.com/watch?v=u4T2YhhVuHE
