Hip Number,IN Out Status,Foaling Year,Horse Name,Color,Sex,Foaling Date,Sire Name,Dam Name,Sort Dam,Dam Sire,Covering Sire,Property Line 1,Property Line 2,Consignor Sort,Foaling Area,Barn Number,Buyer Name,Hammer Price,Post Sale Indicator,Outdate,UT Time,UT Distance,UT Actual Date,UT Group,UT Set,PP PDF Link
1,I,2022,,CH,F,03/04/2022,Mitole,Yabba,847,Lemon Drop Kid,,"Golden Rock Thoroughbreds, Agent III",,Golden Rock Thoroughbreds,KY,14,"JPG2, LLC",50000,,,10.0," 1/8",03/06/2024,1,13,
2,I,2022,,CH,F,05/05/2022,Midshipman,Yaletown,848,Thunder Gulch,,"Ruby Champion Horses, Agent",,Ruby Champion Horses,KY,6,Mark O'keefe,21000,Y,,10.2," 1/8",03/06/2024,3,132,
3,I,2022,,DB/BR,F,04/22/2022,Bee Jersey,You Make Luvin Fun,849,A.P. Indy,,"Majestic, Agent VII",,Majestic,ON,13,Brent Mclellan,45000,Y,,10.2," 1/8",03/06/2024,2,87,
4,I,2022,,DB/BR,C,03/05/2022,Higher Power,Zifena (GB),850,Zamindar,,"Eddie Woods, Agent XXVII",,Eddie Woods,KY,11,"Luis Duco Stables, Inc.",20000,,,10.2," 1/8",03/06/2024,2,115,
5,I,2022,,B,C,03/08/2022,Bee Jersey,Zo Bow,851,Oxbow,,"Majestic, Agent XI",,Majestic,KY,13,RNA,-47000,,,10.0," 1/8",03/06/2024,1,47,
6,O,2022,Waltzing Mitole,DB/BR,C,03/15/2022,Mitole,Zooming By,852,Cimarron Secret,,"Ocala Stud, Agent",,Ocala Stud,FL,4,OUT,,,03/12/2024,,,,,,
7,I,2022,,B,C,01/30/2022,Catalina Cruiser,Zurlin,853,Curlin,,"Limitless Thoroughbred LLC, Agent",,Limitless Thoroughbred LLC,KY,16,Mike McCarty,50000,,,10.1," 1/8",03/06/2024,2,89,
8,I,2022,,B,C,04/04/2022,Distorted Humor,Aerial Assets,1,Into Mischief,,Fast Horses,,"Fast Horses ",KY,15,"Equinox, Inc., Agent for George Sharp",50000,,,10.1," 1/8",03/06/2024,3,154,
9,O,2022,,B,F,02/10/2022,Maclean's Music,Affirmation,2,Astrology,,"S B M Training and Sales, Agent I",,S B M Training and Sales,KY,5,OUT,,,03/06/2024,,,,,,
10,I,2022,,CH,F,02/02/2022,Complexity,Afillyation,3,Gimmeawink,,"Dark Star Thoroughbreds (Stori Atchison), Agent I",,Dark Star Thoroughbreds (Stori Atchison),AR,3,RNA,-17000,,,10.2," 1/8",03/06/2024,1,59,
11,I,2022,,B,F,04/16/2022,Collected,Afleet Lily,4,Afleet Alex,,"Richardson Bloodstock, Agent for Bobby Rankin",,Richardson Bloodstock,KY,6,Vicente Stella Stables LLC,20000,,,10.3," 1/8",03/06/2024,3,170,
12,O,2022,,GR/RO,C,02/07/2022,Vekoma,After the Rose,5,Pioneerof the Nile,,Blas Perez Stables,,"Blas Perez Stables ",KY,19,OUT,,,03/01/2024,,,,,,
13,O,2022,,CH,C,03/30/2022,Audible,Alittlebitof Clare,6,Candy Ride (ARG),,"de Meric Sales, Agent  for Complete Dispersal for Lothenbach","Stables, Inc.",de Meric Sales,MN,12,OUT,,,03/06/2024,,,,,,
14,I,2022,,B,C,02/07/2022,Omaha Beach,All Dressed Up,7,Super Saver,,"de Meric Sales, Agent V",,de Meric Sales,ON,12,Case Clay Thoroughbred Management,350000,,,10.0," 1/8",03/06/2024,1,4,
15,I,2022,,CH,C,04/24/2022,Audible,Alluring Squall,8,Bernardini,,"Niall Brennan Stables, Agent  for Complete Dispersal for","Lothenbach Stables, Inc.",Niall Brennan Stables,KY,8,Tim Padilla,9000,,,G,G,03/06/2024,3,177,
16,O,2022,,CH,C,03/10/2022,Game Winner,Alottalute,9,Midnight Lute,,"Wes Carter, Agent for Carter Bros.",,Wes Carter,MD,14,OUT,,,02/07/2024,,,,,,
17,I,2022,,DB/BR,C,04/03/2022,McKinzie,Altamura,10,Artie Schiller,,"Kings Equine, Agent II",,Kings Equine,KY,1,"Jones/Everett, for Belmar Racing,RA Hill & Gargan",450000,,,9.4," 1/8",03/06/2024,1,9,
18,I,2022,,DB/BR,C,02/22/2022,Honest Mischief,Always and Forever,11,Broken Vow,,"Randy Miles, Agent I",,Randy Miles,NY,10,William Bartlett,55000,,,10.2," 1/8",03/06/2024,1,44,
19,I,2022,,CH,C,05/11/2022,Munnings,Amazing Littlelady,12,Unbridled's Song,,"Old South Farm LLC, Agent VI",,Old South Farm LLC,KY,9,James Divito,250000,,,10.1," 1/8",03/06/2024,1,46,
20,I,2022,,B,F,03/01/2022,Maclean's Music,Ambusher,13,Stephen Got Even,,"Niall Brennan Stables, Agent  for Complete Dispersal for","Lothenbach Stables, Inc.",Niall Brennan Stables,KY,8,William Bartlett,100000,,,G,G,03/06/2024,3,162,
21,I,2022,,B,F,04/21/2022,Flatter,Amiens,14,Oxbow,,A. G. Sales,,"A. G. Sales ",KY,15,Fernando Abrev,40000,Y,,10.1," 1/8",03/06/2024,1,57,
22,I,2022,,B,C,04/27/2022,Munnings,Ammannati (IRE),15,Galileo (IRE),,"Ocala Stud, Agent",,Ocala Stud,KY,4,D. J. Stables,300000,,,21.2," 1/4",03/06/2024,1,2,
23,I,2022,,CH,F,02/04/2022,Breaking Lucky,Anea,16,Unbridled's Song,,"Harris Training Center LLC, Agent",,Harris Training Center LLC,AR,13,George Lopez,7000,,,10.3," 1/8",03/06/2024,2,75,
24,I,2022,,GR/RO,C,04/19/2022,Frosted,Anjorie,17,A. P Jet,,"Empire Thoroughbred LLC, Agent",,Empire Thoroughbred LLC,NY,14,RNA,-45000,,,10.3," 1/8",03/06/2024,2,69,
25,O,2022,,CH,F,02/18/2022,Sottsass (FR),Annabelle Ja (FR),18,Singspiel (IRE),,"Top Line Sales LLC, Agent XXXIX",,Top Line Sales LLC,IRE,1,OUT,,,03/04/2024,,,,,,
26,I,2022,,B,F,02/10/2022,Munnings,Ansaam,19,Bernardini,,"Niall Brennan Stables, Agent IX",,Niall Brennan Stables,KY,8,Woodford Thoroughbreds,700000,,,9.4," 1/8",03/06/2024,1,8,
27,O,2022,,CH,F,02/13/2022,Good Magic,Antonina (PER),20,Awesome Twist,,"Thorostock LLC, Agent",,Thorostock LLC,KY,18,OUT,,,03/06/2024,,,,,,
28,I,2022,,B,C,04/03/2022,Unified,Apalachee Song,21,Songandaprayer,,"Old South Farm LLC, Agent",,Old South Farm LLC,KY,9,"Kimmel/Salusto, Agent for Flanagan Racing, LLC",235000,,,10.0," 1/8",03/06/2024,1,6,
29,I,2022,,B,F,01/11/2022,Street Sense,Appealing Audrey,22,Malibu Moon,,"Tom McCrocklin, Agent  for Complete Dispersal for Lothenbach","Stables, Inc.",Tom McCrocklin,KY,18,Town & Country Farm,100000,,,G,G,03/06/2024,2,98,
30,I,2022,,B,F,02/15/2022,Bernardini,Arbanne,23,Midshipman,,"Top Line Sales LLC, Agent XVIII",,Top Line Sales LLC,KY,1,"Simon Callaghan, Agent",400000,,,10.0," 1/8",03/06/2024,1,38,
31,I,2022,,GR/RO,C,03/14/2022,Take Charge Indy,Archer City,24,Silver City,,"Cesar Loya Training & Sales, Agent I",,Cesar Loya Training & Sales,KY,2,Ellman / Glassman / Plesa,32000,,,10.2," 1/8",03/06/2024,1,40,
32,I,2022,,CH,C,03/08/2022,Dialed In,Arisia,25,Declaration of War,,"de Meric Sales, Agent  for Complete Dispersal for Lothenbach","Stables, Inc.",de Meric Sales,KY,12,Calumet Farm,80000,,,G,G,03/06/2024,3,175,
33,I,2022,,B,F,03/27/2022,Complexity,Arradoul,26,Dixieland Band,,Horseland Stables,,"Horseland Stables ",KY,14,RNA,-30000,,,10.2," 1/8",03/06/2024,2,78,
34,I,2022,,B,F,02/21/2022,Maximum Security,Athehsa,27,Big Brown,,Bluejay Stables LLC,,"Bluejay Stables LLC ",KY,15,C.H.P.R.,32000,,,10.4," 1/8",03/06/2024,1,30,
35,I,2022,Alanis,B,F,03/28/2022,Brethren,Atrea,28,Storm Cat,,Arindel,,"Arindel ",FL,3,"Peter Miller, Agent",75000,,,10.0," 1/8",03/06/2024,1,22,
36,I,2022,,B,C,03/11/2022,Complexity,Auspiciously,29,Malibu Moon,,"Cortez Racing & Sales, Agent III",,Cortez Racing & Sales,KY,13,Mike McCarty,110000,,,10.2," 1/8",03/06/2024,1,63,
37,I,2022,,CH,F,05/30/2022,Accelerate,Avendesora,30,Majesticperfection,,"Sequel Bloodstock, Agent I",,Sequel Bloodstock,NY,9,Shigeto Saeki,90000,,,10.2," 1/8",03/06/2024,3,134,
38,I,2022,,DB/BR,C,04/08/2022,Honor A. P.,Averyblake,31,Curlin,,"Niall Brennan Stables, Agent I",,Niall Brennan Stables,KY,8,Mike Fazio,35000,Y,,10.4," 1/8",03/06/2024,2,73,
39,O,2022,Sister Sue,CH,F,03/23/2022,Bucchero,Awesome Sunrize,32,Awesome Again,,Crystal Eclipse Stable,,"Crystal Eclipse Stable ",IN,3,OUT,,,03/06/2024,,,,,,
40,O,2022,,DB/BR,C,03/04/2022,Improbable,Azalea Belle,33,Dixie Union,,"Randy Miles, Agent XI",,Randy Miles,KY,10,OUT,,,03/08/2024,,,,,,
41,I,2022,,B,C,01/26/2022,Rogueish,Baby Doll,34,Smarty Jones,,"de Meric Sales, Agent V",,de Meric Sales,FL,12,"JPG2, LLC",39000,,,10.0," 1/8",03/06/2024,2,72,
42,I,2022,,B,F,02/17/2022,Flameaway,Badge of Honor,35,Badge of Silver,,"Golden Rock Thoroughbreds, Agent XII",,Golden Rock Thoroughbreds,MN,14,Anthony J Didier,20000,,,10.2," 1/8",03/06/2024,2,85,
43,I,2022,Ms Kendrick B.,GR/RO,F,04/04/2022,Seeking the Soul,Barbarella,36,Cutlass Fax,,"Golden Rock Thoroughbreds, Agent V",,Golden Rock Thoroughbreds,FL,14,"The Winning Stables, Inc.",25000,,,10.3," 1/8",03/06/2024,3,180,
44,O,2022,Gua Sha,B,F,01/17/2022,Liam's Map,Bareeqa,37,Girolamo,,"Gene Recio, Agent XIX",,Gene Recio,KY,17,OUT,,,03/08/2024,,,,,,
45,I,2022,,CH,C,03/17/2022,Nyquist,Bashful,38,Orb,,"de Meric Sales, Agent II",,de Meric Sales,KY,12,Bradley Thoroughbreds for Rodeo Creek Racing LLC,380000,,,10.1," 1/8",03/06/2024,1,19,
46,O,2022,Battle On,CH,C,02/01/2022,More Than Ready,Battle Won,39,War Front,,Kinsman Farm,,"Kinsman Farm ",KY,7,OUT,,,03/06/2024,,,,,,
47,I,2022,,CH,C,03/14/2022,Echo Town,Bayou Miss,40,Dixie Union,,"de Meric Sales, Agent V",,de Meric Sales,KY,12,L & N Racing LLC,130000,,,10.1," 1/8",03/06/2024,1,23,
48,I,2022,,CH,F,03/04/2022,Stormy Atlantic,Bayshore Drive,41,Uncle Mo,,"New Way, Agent",,New Way,KY,13,C.H.P.R.,22000,,,11.2," 1/8",03/06/2024,2,119,
49,O,2022,,B,F,03/09/2022,Quality Road,Beau Belle,42,Giant's Causeway,,"de Meric Sales, Agent V",,de Meric Sales,KY,12,OUT,,,03/12/2024,,,,,,
50,I,2022,,GR/RO,C,02/22/2022,Caravaggio,Becky's Best,43,Elusive Quality,,"S B M Training and Sales, Agent II",,S B M Training and Sales,KY,5,RNA,-260000,,,10.1," 1/8",03/06/2024,2,91,
51,O,2022,,GR/RO,C,03/26/2022,Caravaggio,Believe in Me,44,Bodemeister,,"Top Line Sales LLC, Agent XXV",,Top Line Sales LLC,KY,1,OUT,,,02/16/2024,,,,,,
52,I,2022,,B,F,01/15/2022,Vekoma,Bella Alicita,45,Bellamy Road,,Galvan Brothers Equine,,"Galvan Brothers Equine ",FL,15,RNA,-95000,,,10.1," 1/8",03/06/2024,2,67,
53,I,2022,,CH,C,03/05/2022,Solomini,Bella Lady,46,Hook and Ladder,,"New Hope AB LLC, Agent III",,New Hope AB LLC,NY,3,"BloodstockAdvisors.com, J Taisey, Agt - Clear Star",55000,,,10.2," 1/8",03/06/2024,2,106,
54,I,2022,Spartacus's Dude,DB/BR,C,01/16/2022,First Dude,Bella Q.,47,Haynesfield,,"On Track, Agent",,On Track,FL,13,RNA,-25000,,,22.2," 1/4",03/06/2024,2,126,
55,I,2022,,DB/BR,C,03/23/2022,Malibu Moon,Belle de France,48,Thoreau,,"GOP Racing Stable Corp., Agent V",,GOP Racing Stable Corp.,NY,16,Glockenburg LLC,15000,Y,,10.4," 1/8",03/06/2024,3,165,
56,I,2022,,GR/RO,F,04/04/2022,Mendelssohn,Bello Porte,49,The Factor,,New Horizons Bloodstock LLC,,"New Horizons Bloodstock LLC ",KY,18,RNA,-17000,,,10.2," 1/8",03/06/2024,2,103,
57,O,2022,,CH,C,04/17/2022,Speightstown,Bengala (FR),50,Pivotal (GB),,"Niall Brennan Stables, Agent VII",,Niall Brennan Stables,KY,8,OUT,,,02/20/2024,,,,,,
58,O,2022,,DB/BR,C,03/17/2022,Nyquist,Benvenutta,51,Tapit,,"Niall Brennan Stables, Agent XI",,Niall Brennan Stables,KY,8,OUT,,,02/20/2024,,,,,,
59,I,2022,,CH,F,04/15/2022,Complexity,Bestinthebusiness,52,Ghostzapper,,"Scanlon Training & Sales, Agent III",,Scanlon Training & Sales,KY,4,David Wade for Sycamore Hall Thoroughbreds LLC,170000,,,10.1," 1/8",03/06/2024,1,51,
60,I,2022,,GR/RO,C,04/14/2022,Candy Ride (ARG),Bet She Wins,53,First Samurai,,"Tom McCrocklin, Agent  for Complete Dispersal for Lothenbach","Stables, Inc.",Tom McCrocklin,KY,18,Robert Cotran,42000,,,G,G,03/06/2024,3,152,
61,O,2022,,B,C,03/31/2022,Tom's d'Etat,Bickersons,54,Silver Deputy,,"Julie Davies LLC, Agent",,Julie Davies LLC,FL,7,OUT,,,02/19/2024,,,,,,
62,I,2022,Alia's Faith,DB/BR,F,04/12/2022,Win Win Win,Biloxi Princess,55,Animal Kingdom,,"Santa Fe Thoroughbreds, Agent",,Santa Fe Thoroughbreds,FL,15,RNA,-23000,,,10.2," 1/8",03/06/2024,3,133,
63,I,2022,,B,C,03/13/2022,Complexity,Bird Fu,56,Fusaichi Pegasus,,"Julie Davies LLC, Agent VIII",,Julie Davies LLC,KY,7,Doug O'Neill,90000,,,10.2," 1/8",03/06/2024,3,155,
64,I,2022,,CH,C,03/30/2022,Audible,Bitterroot,57,Not For Love,,"de Meric Sales, Agent XXIV",,de Meric Sales,NY,12,"Kimmel/Salusto, Agent for Flanagan Racing, LLC",105000,,,10.1," 1/8",03/06/2024,2,127,
65,O,2022,,CH,F,05/07/2022,Tom's d'Etat,Bitty Kitty,58,Kitten's Joy,,"Kings Equine, Agent IV",,Kings Equine,KY,1,OUT,,,03/12/2024,,,,,,
66,I,2022,,CH,F,02/12/2022,Army Mule,Bitzka,59,Tiago,,"Eddie Woods, Agent VIII",,Eddie Woods,KY,11,H. R. Racing,125000,,,10.0," 1/8",03/06/2024,1,24,
67,I,2022,,DB/BR,F,03/28/2022,Game Winner,Black Coronas,60,Curlin,,"Skies Thoroughbreds, Agent I",,Skies Thoroughbreds,KY,15,RNA,-37000,,,10.4," 1/8",03/06/2024,1,41,
68,I,2022,,DB/BR,C,02/27/2022,War of Will,Blameitonthemusic,61,Blame,,"Ocala Stud, Agent  for Complete Dispersal for Lothenbach","Stables, Inc.",Ocala Stud,KY,4,"DARRS, Inc., James Breedin, Agent",70000,,,G,G,03/06/2024,3,172,
69,I,2022,Velocity,B,F,03/12/2022,Nyquist,Blast,62,Harlan's Holiday,,Two Oaks Equine,,"Two Oaks Equine ",KY,17,Eclipse Thoroughbred Partners,75000,,,10.1," 1/8",03/06/2024,1,39,
70,O,2022,,CH,C,04/05/2022,Collected,Blasted Boss,63,Street Boss,,"F. Alanis Stables, Agent",,F. Alanis Stables,KY,17,OUT,,,03/12/2024,,,,,,
71,O,2022,,B,F,01/23/2022,Gun Runner,Bling On the Music,64,Too Much Bling,,"Eddie Woods, Agent XVIII",,Eddie Woods,KY,11,OUT,,,03/12/2024,,,,,,
72,O,2022,,B,C,02/10/2022,Justify,Blossomed,65,Deputy Minister,,"Paul Sharp, Agent III",,Paul Sharp,KY,8,OUT,,,03/01/2024,,,,,,
73,I,2022,,GR/RO,C,04/13/2022,Frosted,Blue Dahlia,66,Giant's Causeway,,Nice and Easy Thoroughbreds,,"Nice and Easy Thoroughbreds ",KY,16,ABC Racing,40000,,,10.2," 1/8",03/06/2024,2,123,
74,O,2022,,DB/BR,C,03/07/2022,Honest Mischief,Blue Hen Madness,67,Any Given Saturday,,"Universal Performance Horses, Agent",,Universal Performance Horses,NY,17,OUT,,,02/12/2024,,,,,,
75,I,2022,,CH,F,01/23/2022,Munnings,Blue Union Rags,68,Union Rags,,"Tom McCrocklin, Agent  for Complete Dispersal for Lothenbach","Stables, Inc.",Tom McCrocklin,KY,18,Crown's Way Racing,60000,,,G,G,03/06/2024,3,171,
76,I,2022,,CH,C,05/16/2022,Mitole,Board Battle,69,Seeking the Gold,,"Crown Thoroughbred, Agent II",,Crown Thoroughbred,KY,11,Highpoint Bloodstock Agent for Half Hallow,47000,Y,,10.2," 1/8",03/06/2024,1,52,
77,I,2022,Cheese,B,F,03/09/2022,Brethren,Boa Twelve,70,Lemon Drop Kid,,Arindel,,"Arindel ",FL,3,D. J. Stables,100000,,,10.3," 1/8",03/06/2024,3,163,
78,I,2022,,DB/BR,F,02/11/2022,McKinzie,Bodebabe,71,Bodemeister,,"Gene Recio, Agent XVI",,Gene Recio,KY,17,Parkland Thoroughbreds,85000,Y,,21.0," 1/4",03/06/2024,1,18,
79,I,2022,,B,C,03/18/2022,City of Light,Bodee Beautiful,72,Bodemeister,,"Scanlon Training & Sales, Agent VI",,Scanlon Training & Sales,NY,4,"Taproot, Agent for Team Penney Racing",100000,Y,,10.1," 1/8",03/06/2024,1,7,
80,O,2022,,B,C,03/14/2022,Volatile,Bodella,73,Bodemeister,,"Scanlon Training & Sales, Agent IX",,Scanlon Training & Sales,KY,4,OUT,,,03/08/2024,,,,,,
81,O,2022,,CH,F,03/19/2022,Munnings,Bonaca,74,Kitten's Joy,,"Eddie Woods, Agent XXI",,Eddie Woods,LA,11,OUT,,,03/12/2024,,,,,,
82,I,2022,,GR/RO,F,03/24/2022,Runhappy,Bonbourbon,75,Giant's Causeway,,"Cary Frommer LLC, Agent IV",,Cary Frommer LLC,KY,8,Main Line Racing Stables LLC,50000,,,10.3," 1/8",03/06/2024,2,77,
83,I,2022,,B,F,04/14/2022,American Pharoah,Bonita Bay,76,Bernardini,,"S B M Training and Sales, Agent III",,S B M Training and Sales,KY,5,Dennis O'Neill,250000,,,10.1," 1/8",03/06/2024,3,167,
84,O,2022,,GR/RO,C,01/30/2022,Volatile,Boom Boom Boom,77,More Than Ready,,"Ocala Stud, Agent",,Ocala Stud,KY,4,OUT,,,03/01/2024,,,,,,
85,O,2022,,CH,F,02/06/2022,Curlin's Honor,Bootery,78,Storm Boot,,"On Point Training & Sales, Agent",,On Point Training & Sales,FL,1,OUT,,,03/08/2024,,,,,,
86,I,2022,Star's Image,GR/RO,C,04/27/2022,Caravaggio,Bo's Image,79,Tapit,,"Top Line Sales LLC, Agent VI",,Top Line Sales LLC,KY,1,Patricia's Hope LLC,175000,,,10.0," 1/8",03/06/2024,2,70,
87,I,2022,,B,F,04/08/2022,Vekoma,Bound,80,Jump Start,,"Kings Equine, Agent for Spendthrift Farm LLC",,Kings Equine,KY,1,Michael Maker,120000,,,10.2," 1/8",03/06/2024,2,97,
88,I,2022,,GR/RO,F,01/25/2022,Girvin,Brandenburg,81,Dunkirk,,Dynasty Thoroughbreds,,"Dynasty Thoroughbreds ",FL,10,Starship Stables,60000,Y,,10.2," 1/8",03/06/2024,1,61,
89,I,2022,,B,C,02/26/2022,McKinzie,Breech Inlet,82,Holy Bull,,"Wavertree Stables, Inc. (Ciaran Dunne), Agent IV",,Wavertree Stables Inc. (Ciaran Dunne),ON,5,Bill Childs,750000,,,9.4," 1/8",03/06/2024,1,29,
90,O,2022,Xenon,CH,F,01/27/2022,Bucchero,Breezing Bye,83,City Zip,,Arindel,,"Arindel ",FL,3,OUT,,,03/01/2024,,,,,,
91,I,2022,,DB/BR,F,03/29/2022,Maclean's Music,Bridled Assurance,84,Unbridled's Song,,"Cary Frommer LLC, Agent V",,Cary Frommer LLC,MD,8,Nolan Ramsey,75000,,,10.1," 1/8",03/06/2024,1,14,
92,I,2022,,B,F,02/27/2022,Unified,Brie's Lucky Charm,85,Mastercraftsman (IRE),,Empire Bloodstock LLC,,"Empire Bloodstock LLC ",KY,17,C.H.P.R.,27000,,,10.2," 1/8",03/06/2024,1,64,
93,O,2022,Mighty Murphy,B,C,02/03/2022,Honest Mischief,Brilliantkatherine,86,Gemologist,,"Tom McCrocklin, Agent XVII",,Tom McCrocklin,NY,18,OUT,,,03/11/2024,,,,,,
94,I,2022,,B,C,04/21/2022,Catalina Cruiser,Brilliant Missy,87,Smart Strike,,"Pick View LLC, Agent II",,Pick View LLC,KY,3,RNA,-45000,,,10.3," 1/8",03/06/2024,3,174,
95,I,2022,,GR/RO,C,04/01/2022,Volatile,Bristol's Brooke,88,Speightstown,,"Golden Rock Thoroughbreds, Agent XV",,Golden Rock Thoroughbreds,NY,14,Rudy Rodriguez,45000,Y,,10.1," 1/8",03/06/2024,2,124,
96,I,2022,,CH,C,02/09/2022,Munnings,Broadway Run,89,Prospective,,"Scanlon Training & Sales, Agent I",,Scanlon Training & Sales,KY,4,Richard Malouf,60000,,,10.2," 1/8",03/06/2024,3,148,
97,O,2022,,B,C,02/25/2022,Maclean's Music,Broome,90,Bellamy Road,,"Majestic, Agent",,Majestic,KY,13,OUT,,,03/06/2024,,,,,,
98,O,2022,,CH,C,03/02/2022,Authentic,Brushwork,91,Discreet Cat,,"Eddie Woods, Agent XVIII",,Eddie Woods,KY,11,OUT,,,03/12/2024,,,,,,
99,I,2022,,B,C,05/05/2022,Bolt d'Oro,Burma Road,93,Street Boss,,"de Meric Sales, Agent  for Complete Dispersal for Lothenbach","Stables, Inc.",de Meric Sales,KY,12,Tom Aronson,130000,,,G,G,03/06/2024,3,179,
100,I,2022,,GR/RO,C,04/01/2022,Frosted,Butterfly Soul,94,Henny Hughes,,"Flynt Fesmire, Agent III",,Flynt Fesmire,KY,10,"KimDon Racing LLC, Clarity Thoroughbreds, Agent",45000,,,10.2," 1/8",03/06/2024,3,159,
101,O,2022,,B,F,02/14/2022,Uncle Mo,Cacciatora (VEN),95,Point of Entry,,"Top Line Sales LLC, Agent XIX",,Top Line Sales LLC,KY,1,OUT,,,03/12/2024,,,,,,
102,I,2022,,B,C,02/22/2022,Honor A. P.,Calamity Jane,96,Cowboy Cal,,"Top Line Sales LLC, Agent XXIX",,Top Line Sales LLC,KY,1,Ruben Ramirez,12000,,,10.2," 1/8",03/06/2024,3,131,
103,O,2022,,CH,C,04/05/2022,Goldencents,Call for Fire,97,War Chant,,Shooting Star Sales LLC,,"Shooting Star Sales LLC ",LA,17,OUT,,,02/13/2024,,,,,,
104,I,2022,,B,C,02/24/2022,Authentic,Call to Service,98,To Honor and Serve,,"de Meric Sales, Agent  for Complete Dispersal for Lothenbach","Stables, Inc.",de Meric Sales,LA,12,"West Bloodstock, Agent for Repole Stable, Inc.",310000,,,G,G,03/06/2024,3,168,
105,O,2022,,B,F,02/24/2022,Roman Candle (GB),Candy Rush,99,Twirling Candy,,"Two Oaks Equine, Agent I",,Two Oaks Equine,FR,17,OUT,,,03/09/2024,,,,,,
106,I,2022,,B,C,05/02/2022,Uncle Mo,Canteen,100,Candy Ride (ARG),,"Pick View LLC, Agent III",,Pick View LLC,KY,3,B S W / Crow Colts Group & Spendthrift Farm,750000,,,10.2," 1/8",03/06/2024,2,74,
107,O,2022,,DB/BR,C,03/22/2022,Maximus Mischief,Cape Discovery,101,Cape Town,,"Navas Equine, Agent III",,Navas Equine,KY,14,OUT,,,03/11/2024,,,,,,
108,I,2022,,DB/BR,F,02/08/2022,City of Light,Cariba,102,Cairo Prince,,"Ocala Stud, Agent  for Complete Dispersal for Lothenbach","Stables, Inc.",Ocala Stud,KY,4,Cheyenne Stables LLC,110000,,,G,G,03/06/2024,2,105,
109,I,2022,,DB/BR,F,03/10/2022,Caracaro,Caroline's Spirit,103,Ghostzapper,,"Omega Farm, Agent",,Omega Farm,KY,6,"Peter Miller, Agent",52000,,,21.4," 1/4",03/06/2024,1,49,
110,I,2022,,DB/BR,F,02/09/2022,Take Charge Indy,Carpe Solis,104,Carpe Diem,,Navas Equine,,"Navas Equine ",KY,14,Katsumi Yoshida,310000,,,10.0," 1/8",03/06/2024,1,28,
111,I,2022,,B,C,04/03/2022,Cairo Prince,Carta de Oro,105,Medaglia d'Oro,,Las Palmas Farm,,"Las Palmas Farm ",KY,13,Violeta Racing LLC,20000,Y,,10.2," 1/8",03/06/2024,2,88,
112,I,2022,,GR/RO,C,02/20/2022,Mendelssohn,Cash Register,106,The Factor,,30-30 Ranch,,"30-30 Ranch ",MD,13,Suliman Bloodstock,30000,Y,,21.3," 1/4",03/06/2024,2,95,
113,I,2022,,B,C,03/05/2022,Curlin's Honor,Cash Reserve,107,Distorted Humor,,30-30 Ranch,,"30-30 Ranch ",FL,13,RNA,-65000,,,21.1," 1/4",03/06/2024,1,26,
114,O,2022,Regency Tale,B,C,03/19/2022,Lord Nelson,Casual Kiss,108,Dehere,,"Thorostock LLC, Agent",,Thorostock LLC,MD,18,OUT,,,03/12/2024,,,,,,
115,O,2022,,B,C,04/24/2022,Catalina Cruiser,Cat Charmer,109,Storm Cat,,"Cary Frommer LLC, Agent II",,Cary Frommer LLC,MD,8,OUT,,,03/07/2024,,,,,,
116,I,2022,,DB/BR,C,03/29/2022,Complexity,Catenaria,110,Bernardini,,"Golden Rock Thoroughbreds, Agent IV",,Golden Rock Thoroughbreds,LA,14,RNA,-37000,,,10.3," 1/8",03/06/2024,3,157,
117,I,2022,,B,F,01/16/2022,Maximus Mischief,Cavallina,111,Will Take Charge,,"Navas Equine, Agent V",,Navas Equine,KY,14,Doug Anderson,75000,,,10.1," 1/8",03/06/2024,2,102,
118,I,2022,,DB/BR,C,02/01/2022,Echo Town,Cave In,112,Mineshaft,,"de Meric Sales, Agent V",,de Meric Sales,KY,12,James Politano,25000,Y,,10.2," 1/8",03/06/2024,2,90,
119,I,2022,,GR/RO,F,03/08/2022,Volatile,Cedar Hall,113,Bayern,,New Horizons Bloodstock LLC,,"New Horizons Bloodstock LLC ",KY,18,RNA,-195000,,,10.1," 1/8",03/06/2024,1,33,
120,I,2022,,B,C,03/15/2022,Thousand Words,Celeritas,114,Stephen Got Even,,"Skies Thoroughbreds, Agent",,Skies Thoroughbreds,IA,15,Jennifer Smith,3500,Y,,11.0," 1/8",03/06/2024,3,142,
121,O,2022,,B,F,04/20/2022,McKinzie,Chambray,115,Alphabet Soup,,"Omar Ramirez Bloodstock, Agent XIV",,Omar Ramirez Bloodstock,KY,14,OUT,,,03/05/2024,,,,,,
122,I,2022,,DB/BR,C,04/17/2022,More Than Ready,Champagne Therapy,116,Freud,,"Niall Brennan Stables, Agent III",,Niall Brennan Stables,NY,8,RNA,-95000,,,10.2," 1/8",03/06/2024,1,35,
123,O,2022,,GR/RO,C,03/06/2022,Frosted,Charge It Please,117,Will Take Charge,,"de Meric Sales, Agent XVI",,de Meric Sales,KY,12,OUT,,,03/07/2024,,,,,,
124,I,2022,Kerry's Gold Orb,GR/RO,C,02/16/2022,The Factor,Chasing Helicity,118,Sky Mesa,,"Hernandez Stables, Agent",,Hernandez Stables,KY,16,JWS Racing,120000,,,10.1," 1/8",03/06/2024,2,83,
125,I,2022,,DB/BR,F,03/23/2022,Munnings,Chausie,119,Bluegrass Cat,,"Hartley / DeRenzo Thoroughbreds LLC, Agent",,Hartley / DeRenzo Thoroughbreds LLC,KY,5,RNA,-285000,,,10.0," 1/8",03/06/2024,1,36,
126,I,2022,,DB/BR,C,04/20/2022,Global Campaign,Cheer for Foxes,120,Kafwain,,"Flynt Fesmire, Agent I",,Flynt Fesmire,KY,10,C.H.P.R.,8000,,,10.3," 1/8",03/06/2024,2,107,
127,O,2022,,B,F,04/14/2022,Global Campaign,Childhood Dream,121,Freud,,"Tom McCrocklin, Agent XVI",,Tom McCrocklin,NY,18,OUT,,,02/19/2024,,,,,,
128,O,2022,,DB/BR,C,02/27/2022,Complexity,Chokoloskee,122,Corinthian,,"Majestic, Agent IX",,Majestic,KY,13,OUT,,,03/11/2024,,,,,,
129,I,2022,,GR/RO,C,02/21/2022,Cairo Prince,Choragus,123,Harlan's Holiday,,"Ocala Stud, Agent  for Complete Dispersal for Lothenbach","Stables, Inc.",Ocala Stud,MN,4,Ervin Rodriguez,60000,,,G,G,03/06/2024,3,141,
130,I,2022,,DB/BR,F,03/07/2022,Bee Jersey,Christmas Cove,124,More Than Ready,,"Tom McCrocklin, Agent IX",,Tom McCrocklin,NY,18,"West Point Thoroughbreds& C J Stable LLC, LEB Ag",275000,,,20.4," 1/4",03/06/2024,1,12,
131,I,2022,,B,C,03/22/2022,Shancelot,Cicada's Song,125,Twirling Candy,,Jose Munoz,,"Jose Munoz ",KY,2,Hideyuki Mori,215000,,,10.0," 1/8",03/06/2024,2,104,
132,I,2022,,GR/RO,F,03/09/2022,Cairo Prince,Clara Barton,126,Union Rags,,CM Thoroughbreds,,"CM Thoroughbreds ",KY,15,RNA,-30000,,,10.2," 1/8",03/06/2024,1,16,
133,I,2022,,B,C,01/20/2022,McKinzie,Classy Act,127,Into Mischief,,"Eddie Woods, Agent VIII",,Eddie Woods,KY,11,Patricia Pavlish,15000,,,10.1," 1/8",03/06/2024,2,71,
134,I,2022,,GR/RO,F,02/02/2022,Practical Joke,Claudette Nonstop,128,The Factor,,"Old South Farm LLC, Agent",,Old South Farm LLC,KY,9,"Hidden Brook, Agent",170000,,,10.1," 1/8",03/06/2024,2,81,
135,O,2022,,GR/RO,F,02/28/2022,Liam's Map,Cocktail Party,129,Mizzen Mast,,"Cary Frommer LLC, Agent III",,Cary Frommer LLC,KY,8,OUT,,,02/07/2024,,,,,,
136,I,2022,,DB/BR,F,03/13/2022,Higher Power,Colarful Song,130,Songandaprayer,,"de Meric Sales, Agent XXI",,de Meric Sales,KY,12,C.H.P.R.,10000,,,10.4," 1/8",03/06/2024,3,145,
137,I,2022,,DB/BR,F,03/17/2022,World of Trouble,Colour Party (IRE),131,Invincible Spirit (IRE),,"Thorostock LLC, Agent",,Thorostock LLC,KY,18,Lawson Racing Stables,55000,,,10.0," 1/8",03/06/2024,1,20,
138,I,2022,,B,F,02/09/2022,Into Mischief,Confidently,132,War Front,,"Gene Recio, Agent XV",,Gene Recio,KY,17,RNA,-190000,,,10.1," 1/8",03/06/2024,2,86,
139,I,2022,,B,F,02/25/2022,Game Winner,Conquest Curlgirl,133,Curlin,,Winner Circle Racing Stable Corp.,,"Winner Circle Racing Stable Corp. ",KY,10,D. J. Stables,140000,,,10.1," 1/8",03/06/2024,3,130,
140,O,2022,,GR/RO,C,02/13/2022,Twirling Candy,Conquest Serenade,134,Unbridled's Song,,"Wavertree Stables, Inc. (Ciaran Dunne), Agent VI",,Wavertree Stables Inc. (Ciaran Dunne),KY,5,OUT,,,01/15/2024,,,,,,
141,I,2022,,CH,F,02/21/2022,Hard Spun,Conquest Superstep,135,Super Saver,,"Eddie Woods, Agent XXIX",,Eddie Woods,KY,11,"Equinox, Inc., Agent for George Sharp",200000,,,10.0," 1/8",03/06/2024,1,42,
142,I,2022,,B,C,03/21/2022,Dialed In,Conquest Valkyrie,136,Giant's Causeway,,"Ordonez Thoroughbreds, Agent V",,Ordonez Thoroughbreds,KY,17,RNA,-115000,,,10.1," 1/8",03/06/2024,1,21,
143,O,2022,,CH,F,04/07/2022,Mitole,Contentment,137,Super Saver,,"Richardson Bloodstock, Agent for Bobby Rankin",,Richardson Bloodstock,KY,6,OUT,,,02/08/2024,,,,,,
144,I,2022,,B,C,04/11/2022,Khozan,Corn Poppy,138,Smart Strike,,"Cary Frommer LLC, Agent IV",,Cary Frommer LLC,FL,8,RNA,-35000,,,10.3," 1/8",03/06/2024,2,120,
145,I,2022,,CH,C,02/11/2022,Kantharos,Countess Curlin,139,Curlin,,"Ordonez Thoroughbreds, Agent VI",,Ordonez Thoroughbreds,FL,17,RNA,-42000,,,10.3," 1/8",03/06/2024,3,158,
146,I,2022,,B,C,04/20/2022,Game Winner,Coy Cat,140,Hold That Tiger,,"Julie Davies LLC, Agent IV",,Julie Davies LLC,KY,7,Dare To Dream Stable Management LLC,100000,,,10.1," 1/8",03/06/2024,1,31,
147,O,2022,,DB/BR,C,03/09/2022,Blame,Crack Your Whip,141,Stephen Got Even,,Fast Horses,,"Fast Horses ",NY,15,OUT,,,03/12/2024,,,,,,
148,I,2022,,DB/BR,F,03/08/2022,Street Boss,Crayon,142,Hard Spun,,"Flynt Fesmire, Agent I",,Flynt Fesmire,KY,10,"Emerald Sales, Agent for K E M Stables",150000,,,10.0," 1/8",03/06/2024,1,10,
149,I,2022,,DB/BR,F,03/07/2022,Tiz the Law,Cryptobullet,143,Bernardini,,"Golden Rock Thoroughbreds, Agent V",,Golden Rock Thoroughbreds,KY,14,"Pedro Lanz, Agent",50000,Y,,21.4," 1/4",03/06/2024,1,56,
150,I,2022,,CH,C,04/21/2022,Midshipman,Crystian d'Oro,144,Medaglia d'Oro,,"Ordonez Thoroughbreds, Agent II",,Ordonez Thoroughbreds,FL,17,RNA,-45000,,,10.3," 1/8",03/06/2024,2,82,
151,O,2022,,B,C,03/18/2022,Practical Joke,Cry Uncle,145,Uncle Mo,,"de Meric Sales, Agent XV",,de Meric Sales,ON,12,OUT,,,03/12/2024,,,,,,
152,I,2022,,B,F,04/13/2022,Complexity,Ctimene,146,Consolidator,,CM Thoroughbreds,,"CM Thoroughbreds ",KY,15,RNA,-70000,,,10.2," 1/8",03/06/2024,2,112,
153,I,2022,,DB/BR,C,02/10/2022,Global Campaign,Culotte,147,Sky Mesa,,"Woodside Ranch, Agent I",,Woodside Ranch,KY,6,RNA,-45000,,,10.3," 1/8",03/06/2024,3,138,
154,I,2022,,B,F,03/06/2022,War of Will,Curled,148,Curlin,,"Top Line Sales LLC, Agent XXVI",,Top Line Sales LLC,KY,1,CJ Stables,180000,,,10.0," 1/8",03/06/2024,2,101,
155,I,2022,,CH,C,02/15/2022,Gun Runner,Curls and Bows,149,Curlin,,"Old South Farm LLC, Agent V",,Old South Farm LLC,KY,9,RM18 Stable,100000,,,10.3," 1/8",03/06/2024,3,151,
156,I,2022,,B,C,02/09/2022,Frosted,Curls for Girls,150,Curlin,,"Paul Sharp, Agent VII",,Paul Sharp,FL,8,RNA,-72000,,,10.2," 1/8",03/06/2024,3,147,
157,I,2022,,DB/BR,F,02/28/2022,Midnight Lute,Custody,151,Broken Vow,,"Wavertree Stables, Inc. (Ciaran Dunne), Agent VII",,Wavertree Stables Inc. (Ciaran Dunne),KY,5,Zap / Murphy for CA Racing Partn/Joseph Ciaglia Jr,250000,,,10.1," 1/8",03/06/2024,2,94,
158,O,2022,,CH,F,04/06/2022,Get Stormy,Daddyisdooley,152,Scat Daddy,,Jose Munoz,,"Jose Munoz ",KY,2,OUT,,,02/21/2024,,,,,,
159,I,2022,,B,F,04/17/2022,Authentic,Daddy Issues,153,Scat Daddy,,"de Meric Sales, Agent XXV",,de Meric Sales,FL,12,RNA,-95000,,,10.2," 1/8",03/06/2024,1,53,
160,I,2022,,B,C,04/22/2022,Bolt d'Oro,Daleelaty,154,Daaher,,"Parrish Farms, Agent",,Parrish Farms,KY,9,Jorge Casal & Robert Agnello,160000,,,10.2," 1/8",03/06/2024,2,117,
161,I,2022,,B,F,02/18/2022,City of Light,Dana Point,155,Union Rags,,"Caliente Thoroughbreds, Agent",,Caliente Thoroughbreds,KY,19,Hideyuki Mori,125000,,,10.1," 1/8",03/06/2024,1,62,
162,I,2022,,CH,C,04/08/2022,Improbable,Dancing Allstar,156,Millennium Allstar,,"New Horizons Bloodstock LLC, Agent III",,New Horizons Bloodstock LLC,TX,18,Jonathan S. Dean,10000,,,10.4," 1/8",03/06/2024,3,166,
163,O,2022,,CH,F,02/18/2022,Improbable,Dancing Alone,157,Kingmambo,,"Bluejay Stables LLC, Agent II",,Bluejay Stables LLC,KY,15,OUT,,,03/03/2024,,,,,,
164,I,2022,,B,C,02/02/2022,Game Winner,Darci's Dream (NZ),158,Darci Brahma (NZ),,"RiceHorse Stable (Brandon & Ali Rice), Agent I",,RiceHorse Stable (Brandon & Ali Rice),KY,6,Happy Tenth Stable,50000,,,10.1," 1/8",03/06/2024,3,137,
165,I,2022,,CH,C,02/26/2022,Accelerate,Daresay,159,Declaration of War,,"de Meric Sales, Agent XXIV",,de Meric Sales,NY,12,C.H.P.R.,15000,Y,,10.2," 1/8",03/06/2024,3,136,
166,I,2022,,CH,F,02/10/2022,Candy Ride (ARG),Dark Lightning,160,Speightstown,,"Cesar Loya Training & Sales, Agent II",,Cesar Loya Training & Sales,KY,2,John O'Brien,50000,,,10.2," 1/8",03/06/2024,3,156,
167,O,2022,,CH,C,04/16/2022,Justify,Data Dependent,161,More Than Ready,,"Pike Racing @ Highlander, Agent VI",,Pike Racing @ Highlander,KY,9,OUT,,,02/29/2024,,,,,,
168,O,2022,,CH,F,03/03/2022,Complexity,Deedeezee,162,Congrats,,"Omega Farm, Agent I",,Omega Farm,KY,6,OUT,,,03/06/2024,,,,,,
169,I,2022,,B,C,03/27/2022,Complexity,Diamond Maker,163,Mineshaft,,"Fast Horses, Agent II",,Fast Horses,KY,15,Juan Carlos Avila,60000,,,22.0," 1/4",03/06/2024,2,108,
170,O,2022,,B,C,04/19/2022,Vino Rosso,Di Maria,164,Data Link,,CM Thoroughbreds,,"CM Thoroughbreds ",FL,15,OUT,,,03/03/2024,,,,,,
171,I,2022,,B,C,03/01/2022,War of Will,Discreet Star,165,Discreet Cat,,Potrero Stables,,"Potrero Stables ",KY,3,"Brenda Zoppo, Agent",21000,,,11.0," 1/8",03/06/2024,2,128,
172,O,2022,,CH,C,02/26/2022,Kantharos,Disguising,166,Tapit,,"Grade One Investments LLC, Agent I",,Grade One Investments LLC,KY,13,OUT,,,02/06/2024,,,,,,
173,I,2022,,GR/RO,C,02/27/2022,Tapit,Distorted Music,167,Distorted Humor,,"Tom McCrocklin, Agent  for Complete Dispersal for Lothenbach","Stables, Inc.",Tom McCrocklin,KY,18,"West Point Thoroughbreds /D J Stable /C J, LEB Agt",1200000,,,G,G,03/06/2024,3,140,
174,I,2022,,CH,C,02/21/2022,Curlin,Divine Escapade,168,A.P. Indy,,"Silvestre Chavez Thoroughbreds, Agent IV",,Silvestre Chavez Thoroughbreds,KY,17,Suliman Bloodstock,50000,,,10.1," 1/8",03/06/2024,1,58,
175,I,2022,,DB/BR,C,03/09/2022,Improbable,Dixiana Delight,169,Gone West,,Del Valle Thoroughbreds,,"Del Valle Thoroughbreds ",KY,13,C.H.P.R.,15000,,,10.3," 1/8",03/06/2024,1,60,
176,I,2022,,B,C,03/02/2022,Practical Joke,Dixie Dancer,170,Union Rags,,"Pick View LLC, Agent V",,Pick View LLC,KY,3,James Costabile (Final Turn Racing Stable LLC),35000,,,10.4," 1/8",03/06/2024,2,122,
177,I,2022,,B,C,03/21/2022,Malibu Moon,Dixie Song,171,Fusaichi Pegasus,,"Eddie Woods, Agent XXXII",,Eddie Woods,KY,11,Edy Racing,10000,,,11.0," 1/8",03/06/2024,3,146,
178,O,2022,,DB/BR,C,04/27/2022,Midnight Lute,Donna D,172,Dixie Union,,"McKathan Bros. Sales, Agent II",,McKathan Bros. Sales,KY,6,OUT,,,03/07/2024,,,,,,
179,O,2022,,B,C,04/19/2022,McKinzie,Don't Blame Me,173,Blame,,"GOP Racing Stable Corp., Agent III",,GOP Racing Stable Corp.,KY,16,OUT,,,03/12/2024,,,,,,
180,I,2022,,CH,F,04/14/2022,Kitten's Joy,Doowop Shedoo,174,Scat Daddy,,30-30 Ranch,,"30-30 Ranch ",KY,13,"Luis Duco Stables, Inc.",28000,,,22.1," 1/4",03/06/2024,3,169,
181,O,2022,,DB/BR,C,03/07/2022,Uncle Mo,Dorothy B (IRE),175,Fastnet Rock (AUS),,"de Meric Sales, Agent IV",,de Meric Sales,KY,12,OUT,,,03/06/2024,,,,,,
182,I,2022,,CH,F,04/22/2022,Instagrand,D' Orsay,176,Medaglia d'Oro,,"de Meric Sales, Agent V",,de Meric Sales,KY,12,Jonathan S. Dean,10000,,,10.3," 1/8",03/06/2024,2,113,
183,I,2022,,DB/BR,C,01/24/2022,Not This Time,Dos Vinos,177,Twirling Candy,,"Hartley / DeRenzo Thoroughbreds LLC, Agent II",,Hartley / DeRenzo Thoroughbreds LLC,KY,5,Katsumi Yoshida,850000,,,10.0," 1/8",03/06/2024,3,153,
184,I,2022,,GR/RO,C,03/02/2022,Cairo Prince,Dottie,178,Bernardini,,"Ortiz Training Stable LLC, Agent",,Ortiz Training Stable LLC,KY,10,RNA,-40000,,,22.0," 1/4",03/06/2024,2,114,
185,I,2022,,CH,C,03/11/2022,Omaha Beach,Double Date,179,Rahy,,"Global Thoroughbreds LLC, Agent",,Global Thoroughbreds LLC,KY,10,Dr. Carlos A. Disdier,45000,Y,,10.2," 1/8",03/06/2024,1,43,
186,I,2022,,CH,C,04/08/2022,Connect,Dragon Army,180,Giant's Causeway,,"Scanlon Training & Sales, Agent for Excel Bloodstock",(Bruno DeBerdt),Scanlon Training & Sales,KY,4,Dennis O'Neill,140000,,,10.1," 1/8",03/06/2024,2,109,
187,I,2022,,CH,C,05/05/2022,Collected,Dreamcall,181,Midnight Lute,,"Paul Sharp, Agent II",,Paul Sharp,KY,8,Gatsas Stable,180000,,,10.1," 1/8",03/06/2024,1,45,
188,I,2022,,B,C,03/13/2022,Constitution,Dreaming of You,182,Pioneerof the Nile,,GOP Racing Stable Corp.,,"GOP Racing Stable Corp. ",KY,16,"Christina R. Jelm, Agent",40000,Y,,22.0," 1/4",03/06/2024,2,110,
189,O,2022,,CH,C,05/13/2022,Street Boss,Dreamy Blues,183,Curlin,,"McKathan Bros. Sales, Agent II",,McKathan Bros. Sales,KY,6,OUT,,,03/07/2024,,,,,,
190,I,2022,,DB/BR,C,04/30/2022,Flatter,Dreamy Lady,184,Giant's Causeway,,"Mayberry Farm, Agent",,Mayberry Farm,KY,7,RNA,-25000,,,11.0," 1/8",03/06/2024,2,92,
191,I,2022,,DB/BR,C,03/04/2022,Global Campaign,Driving Rain,185,Storm Cat,,"Eddie Woods, Agent XIV",,Eddie Woods,KY,11,Whitehorse Stables,350000,,,10.1," 1/8",03/08/2024,1,60,
192,I,2022,Casabanker Baby,B,F,04/02/2022,Central Banker,Ducasa,186,Discreet Cat,,"Tom McCrocklin, Agent",,Tom McCrocklin,NY,18,"BloodstockAdvisors.com, J Taisey, Agt - Hibiscus",30000,,,21.2," 1/4",03/06/2024,1,27,
193,O,2022,,CH,F,04/10/2022,Maclean's Music,Duff One,187,Harlan's Holiday,,"Old South Farm LLC, Agent",,Old South Farm LLC,KY,9,OUT,,,03/06/2024,,,,,,
194,I,2022,,CH,F,02/04/2022,Volatile,Dying to Dance,188,Street Cry (IRE),,"Niall Brennan Stables, Agent  for Complete Dispersal for","Lothenbach Stables, Inc.",Niall Brennan Stables,KY,8,ABC Racing,20000,,,G,G,03/06/2024,3,135,
195,I,2022,,B,F,03/25/2022,Global Campaign,Dyna's Destiny,189,Dynaformer,,"Pick View LLC, Agent VI",,Pick View LLC,KY,3,"Peter Miller, Agent",200000,,,21.0," 1/4",03/06/2024,1,17,
196,I,2022,,GR/RO,F,02/02/2022,Volatile,East Coast Swing,190,Exchange Rate,,Bold Arrow Thoroughbreds,,"Bold Arrow Thoroughbreds ",KY,15,Steve Kantor,45000,,,10.2," 1/8",03/06/2024,1,54,
197,O,2022,,DB/BR,C,03/08/2022,Honor A. P.,Economy of Motion,191,Pleasantly Perfect,,"Britton Peak, Agent I",,Britton Peak,KY,14,OUT,,,03/01/2024,,,,,,
198,I,2022,,DB/BR,F,04/19/2022,More Than Ready,Eden Prairie,192,Mizzen Mast,,"Niall Brennan Stables, Agent  for Complete Dispersal for","Lothenbach Stables, Inc.",Niall Brennan Stables,KY,8,Murray Valene,150000,,,G,G,03/06/2024,2,100,
199,I,2022,,B,C,03/01/2022,Instagrand,Eenie Meenie Miney,193,Uncle Mo,,"Majestic, Agent II",,Majestic,FL,13,Jackmax Ventures LLC,60000,Y,,10.3," 1/8",03/06/2024,1,5,
200,I,2022,,DB/BR,F,02/25/2022,Twirling Candy,Eileen's Song,194,Kitten's Joy,,Richardson Bloodstock,,"Richardson Bloodstock ",KY,6,"Joe Sharp, Agent",50000,,,10.3," 1/8",03/06/2024,2,93,
201,I,2022,,GR/RO,C,03/04/2022,Cairo Prince,Elbe (GB),195,Dansili (GB),,"Pike Racing @ Highlander, Agent I",,Pike Racing @ Highlander,KY,9,Pedro Rafael Garcia Rodriguez,20000,,,10.2," 1/8",03/06/2024,2,129,
202,I,2022,,B,C,03/19/2022,Into Mischief,Electric Forest,196,Curlin,,"Old South Farm LLC, Agent VI",,Old South Farm LLC,KY,9,Muir Hut Stables LLC,700000,,,10.1," 1/8",03/06/2024,2,111,
203,O,2022,,CH,F,02/24/2022,Midshipman,Eleganza,197,Nyquist,,"Thorostock LLC, Agent",,Thorostock LLC,KY,18,OUT,,,03/12/2024,,,,,,
204,I,2022,,DB/BR,C,03/27/2022,Improbable,Elusive Pearl,198,Medaglia d'Oro,,"L. G., Agent I",,L. G.,KY,14,Jeremy Ramsland,55000,,,10.2," 1/8",03/06/2024,2,79,
205,O,2022,,CH,F,04/28/2022,Frosted,Emma Carly,199,Unbridled's Song,,"Top Line Sales LLC, Agent VII",,Top Line Sales LLC,KY,1,OUT,,,03/04/2024,,,,,,
206,I,2022,,DB/BR,F,03/18/2022,Liam's Map,Emma Rose,200,Bernardini,,"Richardson Bloodstock, Agent I",,Richardson Bloodstock,KY,6,Woodford Thoroughbreds,300000,,,10.1," 1/8",03/06/2024,1,34,
207,I,2022,,DB/BR,C,03/20/2022,Gunnevera,Emotional Roar,201,Roar of the Tiger,,"de Meric Sales, Agent X",,de Meric Sales,FL,12,RNA,-250000,,,10.1," 1/8",03/06/2024,1,37,
208,I,2022,,CH,F,02/18/2022,Vekoma,Empire Angel,202,Empire Maker,,"Global Thoroughbreds LLC, Agent I",,Global Thoroughbreds LLC,KY,10,RNA,-65000,,,10.3," 1/8",03/09/2024,3,157,
209,I,2022,Backtrack,CH,C,04/05/2022,Khozan,Ephyra,203,Corinthian,,"Journeyman Bloodstock Services, Inc.","(Brent & Crystal Fernung), Agent",Journeyman Bloodstock (Brent & Crystal Fernung),FL,2,Christina Jelm for Giddyup Stables & Tom Lambro,50000,,,21.4," 1/4",03/06/2024,2,76,
210,I,2022,,B,C,05/07/2022,Instagrand,Equitable,204,Malibu Moon,,"Majestic, Agent III",,Majestic,KY,13,RNA,-47000,,,10.3," 1/8",03/06/2024,2,121,
211,I,2022,,CH,F,03/31/2022,Munnings,Essence of Audre,205,Exchange Rate,,"Triple J Equine Sales, Agent I",,Triple J Equine Sales,FL,16,"Greg Compton, Agent for MAG Racing Stables LLC",130000,,,10.0," 1/8",03/06/2024,3,139,
212,I,2022,Scarecrow,CH,C,03/20/2022,Neolithic,E Street Bourbon,206,E Dubai,,Arindel,,"Arindel ",FL,3,RNA,-47000,,,10.2," 1/8",03/06/2024,2,116,
213,O,2022,,B,F,04/05/2022,Justify,Etching,207,Paynter,,"Hartley / DeRenzo Thoroughbreds LLC, Agent",,Hartley / DeRenzo Thoroughbreds LLC,KY,5,OUT,,,02/22/2024,,,,,,
214,I,2022,,DB/BR,C,02/11/2022,Mendelssohn,Evasive Storm,208,Elusive Quality,,"Empire Thoroughbred LLC, Agent",,Empire Thoroughbred LLC,KY,14,Hajal Thoroughbreds,25000,Y,,10.2," 1/8",03/07/2024,3,170,
215,I,2022,,DB/BR,C,02/16/2022,Blame,Eve Harrington,209,Flatter,,"Tom McCrocklin, Agent  for Complete Dispersal for Lothenbach","Stables, Inc.",Tom McCrocklin,KY,18,Flatbird Stable,20000,,,G,G,03/07/2024,3,166,
216,I,2022,,B,C,03/16/2022,Tom's d'Etat,Exonerated,210,Johannesburg,,"Randy Miles, Agent V",,Randy Miles,KY,10,William Bartlett,75000,,,10.2," 1/8",03/07/2024,3,151,
217,O,2022,,B,C,02/24/2022,Gun Runner,False Impression,211,A.P. Indy,,"de Meric Sales, Agent XVIII",,de Meric Sales,KY,12,OUT,,,03/12/2024,,,,,,
218,I,2022,,B,F,02/07/2022,Catholic Boy,Faringdon Circle,212,Speightstown,,"Top Line Sales LLC, Agent III",,Top Line Sales LLC,KY,1,"Equinox, Inc., Agent for George Sharp",33000,,,10.0," 1/8",03/07/2024,2,87,
219,O,2022,,CH,C,02/23/2022,Curlin,Farrell,213,Malibu Moon,,"Wavertree Stables, Inc. (Ciaran Dunne), Agent VIII",,Wavertree Stables Inc. (Ciaran Dunne),KY,5,OUT,,,03/07/2024,,,,,,
220,O,2022,,GR/RO,F,03/15/2022,Practical Joke,Feisty Tomboy,214,Unbridled's Song,,"S B M Training and Sales, Agent I",,S B M Training and Sales,OH,5,OUT,,,03/09/2024,,,,,,
221,I,2022,,CH,C,04/01/2022,Caracaro,Femmen'fortune,215,Giant's Causeway,,"Top Line Sales LLC, Agent XXXVII",,Top Line Sales LLC,KY,1,"Taproot Bloodstock, Agent",220000,,,10.0," 1/8",03/07/2024,1,9,
222,I,2022,,B,F,04/27/2022,Practical Joke,Fierce Scarlett,216,Scat Daddy,,"Niall Brennan Stables, Agent IV",,Niall Brennan Stables,KY,8,C H P Racing,450000,,,10.1," 1/8",03/07/2024,1,20,
223,I,2022,,GR/RO,F,02/28/2022,Liam's Map,Fiftyshays Ofgreen,217,Bernardini,,"Mayberry Farm, Agent V",,Mayberry Farm,KY,7,Michael Maker,50000,Y,,10.1," 1/8",03/07/2024,1,11,
224,I,2022,,CH,F,02/26/2022,Volatile,Fighter Wing,218,Empire Maker,,"de Meric Sales, Agent  for Complete Dispersal for Lothenbach","Stables, Inc.",de Meric Sales,LA,12,"R. Otto Stable, Inc.",105000,,,G,G,03/07/2024,3,157,
225,I,2022,,DB/BR,F,03/02/2022,Caracaro,Figrare,219,Purge,,"Cesar Loya Training & Sales, Agent I",,Cesar Loya Training & Sales,KY,2,Full of Run Racing II  / BSW Crow,125000,Y,,9.4," 1/8",03/07/2024,2,86,
226,I,2022,,DB/BR,C,03/12/2022,Tom's d'Etat,Figure,220,Overanalyze,,"Boutte Sales, Agent I",,Boutte Sales,KY,9,Ken Kozaki,190000,,,10.1," 1/8",03/07/2024,2,127,
227,I,2022,,GR/RO,C,02/22/2022,Volatile,Final Jewel,221,Gemologist,,"Golden Noguez, Agent",,Golden Noguez,KY,17,RNA,-19000,,,11.0," 1/8",03/07/2024,2,77,
228,I,2022,,CH,C,04/10/2022,Flatter,Fingerprint,222,Competitive Edge,,"Wavertree Stables, Inc. (Ciaran Dunne), Agent XXIII",,Wavertree Stables Inc. (Ciaran Dunne),KY,5,Patricia's Hope LLC,225000,,,10.0," 1/8",03/07/2024,2,110,
229,I,2022,,B,F,04/01/2022,Munnings,Firefoot,223,Tapizar,,"Niall Brennan Stables, Agent V",,Niall Brennan Stables,LA,8,RNA,-220000,,,9.4," 1/8",03/07/2024,2,70,
230,I,2022,,CH,C,03/20/2022,Thousand Words,First Hunter,224,Philanthropist,,"White Lilac (Katie Miranda), Agent II",,White Lilac (Katie Miranda),NY,17,RNA,-70000,,,10.2," 1/8",03/07/2024,1,13,
231,O,2022,Quittin' Time,B,C,03/15/2022,Lookin At Lucky,Five Diamonds,225,Flatter,,"Niall Brennan Stables, Agent I",,Niall Brennan Stables,PA,8,OUT,,,02/28/2024,,,,,,
232,I,2022,,DB/BR,C,02/28/2022,Mo Town,Five Mach Speed,226,E Dubai,,"Ocala Stud, Agent  for Complete Dispersal for Lothenbach","Stables, Inc.",Ocala Stud,KY,4,"West Bloodstock, Agent for Repole Stable, Inc.",200000,,,G,G,03/07/2024,1,53,
233,I,2022,,B,F,04/29/2022,No Nay Never,Fixed Gaze,227,Speightstown,,"Pick View LLC, Agent XIX",,Pick View LLC,,3,RNA,-290000,,,10.0," 1/8",03/07/2024,2,94,
234,I,2022,,DB/BR,F,03/09/2022,Dialed In,Flat Meadow,228,War Chant,,"Ocala Stud, Agent  for Complete Dispersal for Lothenbach","Stables, Inc.",Ocala Stud,KY,4,Crown's Way Racing,27000,,,G,G,03/07/2024,2,97,
235,I,2022,,DB/BR,F,01/26/2022,Vekoma,Flatter Me Owen,229,Flatter,,"Coastal Equine LLC (Jesse Hoppel), Agent",,Coastal Equine LLC (Jesse Hoppel),WV,7,Hideyuki Mori,190000,,,9.4," 1/8",03/08/2024,3,165,
236,I,2022,,DB/BR,C,03/15/2022,Always Dreaming,Flirtatious,230,Hard Spun,,"Britton Peak, Agent I",,Britton Peak,KY,14,Michael Lerman,50000,Y,,21.1," 1/4",03/07/2024,2,124,
237,I,2022,,DB/BR,C,02/25/2022,Honor A. P.,Flit,231,Not For Love,,"Cary Frommer LLC, Agent I",,Cary Frommer LLC,MD,8,Amerman Racing LLC,300000,,,10.1," 1/8",03/07/2024,1,67,
238,I,2022,,CH,C,03/28/2022,Improbable,Floral Sky,232,Sky Mesa,,Fast Horses,,"Fast Horses ",KY,15,Juan Carlos Avila,40000,Y,,10.2," 1/8",03/07/2024,3,178,
239,I,2022,,GR/RO,F,04/04/2022,Cairo Prince,Flounce,233,More Than Ready,,"Omar Ramirez Bloodstock, Agent I",,Omar Ramirez Bloodstock,KY,14,Meah/LLoyd Bloodstock Agt for Starry Night Racing,50000,Y,,10.1," 1/8",03/07/2024,3,161,
240,I,2022,,CH,C,02/05/2022,Echo Town,Fly Down Too,234,Mineshaft,,"Dark Star Thoroughbreds (Stori Atchison), Agent",,Dark Star Thoroughbreds (Stori Atchison),KY,3,ABC Racing,110000,Y,,10.0," 1/8",03/07/2024,1,49,
241,I,2022,,B,C,03/23/2022,Higher Power,Fly in for the Win,235,Birdstone,,"Fast Horses, Agent II",,Fast Horses,KY,15,Nicole Droder,65000,Y,,10.1," 1/8",03/07/2024,2,104,
242,O,2022,,B,F,04/29/2022,Honest Mischief,Force Majeure (IRE),236,Smart Strike,,"Julie Davies LLC, Agent XII",,Julie Davies LLC,NY,7,OUT,,,03/11/2024,,,,,,
243,I,2022,,B,F,05/03/2022,Honest Mischief,Forget It,237,Distorted Humor,,"Coastal Equine LLC (Jesse Hoppel), Agent I",,Coastal Equine LLC (Jesse Hoppel),NY,7,"McMahon and Hill Bloodstock, Agent",310000,,,9.4," 1/8",03/07/2024,1,5,
244,I,2022,,DB/BR,F,04/07/2022,Complexity,Forget Me Not,238,Uncle Mo,,"Blas Perez Stables, Agent IV",,Blas Perez Stables,KY,19,C.H.P.R.,30000,,,10.0," 1/8",03/07/2024,1,22,
245,O,2022,,B,F,01/27/2022,Audible,Fortune Pearl,239,Mineshaft,,"Top Line Sales LLC, Agent XXI",,Top Line Sales LLC,KY,1,OUT,,,03/07/2024,,,,,,
246,I,2022,,DB/BR,C,02/14/2022,Thousand Words,Fortune Quest,240,Seeking the Gold,,"McKathan Bros. Sales, Agent II",,McKathan Bros. Sales,KY,6,George Iacovacci,40000,,,10.1," 1/8",03/07/2024,2,81,
247,I,2022,,CH,C,02/05/2022,Preservationist,Fought the Fight,241,War Front,,"Pick View LLC, Agent XXIV",,Pick View LLC,KY,3,Johnny Boy Sacco,60000,,,10.3," 1/8",03/07/2024,3,158,
248,I,2022,,CH,C,04/20/2022,Caracaro,Foxbeau,242,Bluegrass Cat,,"Global Thoroughbreds LLC, Agent",,Global Thoroughbreds LLC,KY,10,Joe Sharp Agt for Dugan-McNichol Racing LLC,60000,Y,,10.1," 1/8",03/07/2024,2,72,
249,I,2022,,DB/BR,F,02/12/2022,Classic Empire,French Press,243,Curlin,,"Thorostock LLC, Agent",,Thorostock LLC,KY,18,Gervais Racing,50000,Y,,10.0," 1/8",03/07/2024,2,95,
250,O,2022,,B,C,02/23/2022,Mitole,French Satin,244,French Deputy,,"Eddie Woods, Agent X",,Eddie Woods,NY,11,OUT,,,03/08/2024,,,,,,
251,O,2022,,B,C,02/20/2022,Spun to Run,Frisky Kitten,245,Kitten's Joy,,"Whitman Sales LLC, Agent III",,Whitman Sales LLC,NY,16,OUT,,,02/06/2024,,,,,,
252,I,2022,,B,F,02/10/2022,Uncle Mo,Full Swing,246,Verrazano,,"Pick View LLC, Agent III",,Pick View LLC,KY,3,Kamp Racing Stable,300000,Y,,20.4," 1/4",03/07/2024,1,43,
253,I,2022,,B,C,03/22/2022,Tiz the Law,Galileo's Melody,247,Galileo (IRE),,"Adios Amigos, Agent",,Adios Amigos,KY,13,Who Know's,90000,,,10.1," 1/8",03/07/2024,2,121,
254,I,2022,,GR/RO,C,03/09/2022,Gift Box,Gallus Mag,248,Cairo Prince,,"Blas Perez Stables, Agent III",,Blas Perez Stables,KY,19,RNA,-195000,,,10.1," 1/8",03/07/2024,2,88,
255,I,2022,,DB/BR,C,04/14/2022,Collected,Gauze,249,Saint Ballado,,"Blas Perez Stables, Agent IV",,Blas Perez Stables,KY,19,Marc Tacher,60000,,,10.0," 1/8",03/07/2024,3,174,
256,I,2022,,DB/BR,C,03/16/2022,Caracaro,Gay Duchess,250,Stephen Got Even,,"Cardozo's Brothers, Agent",,Cardozo's Brothers,KY,15,"Pedro Lanz, Agent for KAS Stable",95000,,,10.1," 1/8",03/07/2024,3,135,
257,I,2022,,B,C,02/04/2022,McKinzie,Gemswick Park,251,Speightstown,,Fabian Sales LLC,,"Fabian Sales LLC ",ON,16,C.H.P.R.,10000,,,10.3," 1/8",03/07/2024,1,63,
258,I,2022,,B,F,04/20/2022,Win Win Win,Genau,252,Into Mischief,,Ocala Stud,,"Ocala Stud ",FL,4,Bell Racing LLC,130000,,,21.0," 1/4",03/07/2024,1,2,
259,O,2022,,DB/BR,C,03/26/2022,Maclean's Music,Gentle Touch,253,Kitten's Joy,,"Pike Racing @ Highlander, Agent V",,Pike Racing @ Highlander,KY,9,OUT,,,02/29/2024,,,,,,
260,O,2022,Beau Meade,DB/BR,C,03/21/2022,Social Inclusion,Genuine Treasure,254,Tale of the Cat,,Kae Vazquez Stables LLC,,"Kae Vazquez Stables LLC ",FL,15,OUT,,,03/12/2024,,,,,,
261,I,2022,,DB/BR,C,03/01/2022,American Freedom,Ghostly Direction,255,Liam's Map,,"Hernandez Stables, Agent",,Hernandez Stables,KY,16,Ramon Arnoldo Rabago,27000,,,10.1," 1/8",03/07/2024,2,73,
262,O,2022,,DB/BR,F,04/20/2022,Caracaro,Giants Diva,256,Giant's Causeway,,"Wavertree Stables, Inc. (Ciaran Dunne), Agent IX",,Wavertree Stables Inc. (Ciaran Dunne),KY,5,OUT,,,03/07/2024,,,,,,
263,I,2022,,DB/BR,C,03/18/2022,Bernardini,Gift of the Nile,257,Pioneerof the Nile,,"Omar Ramirez Bloodstock, Agent XIX",,Omar Ramirez Bloodstock,KY,14,"Little Red Feather Racing - John Dowd, Agent",255000,,,10.0," 1/8",03/07/2024,1,21,
264,I,2022,,B,C,03/22/2022,Mr. Money,Glitterama,258,Rock Hard Ten,,"Tom McCrocklin, Agent",,Tom McCrocklin,FL,18,Ramon Arnoldo Rabago,25000,,,21.4," 1/4",03/07/2024,2,83,
265,I,2022,,B,F,02/13/2022,Vekoma,Glitter Appeal,259,Gemologist,,"Tom McCrocklin, Agent XVIII",,Tom McCrocklin,KY,18,"Tilted Shamrock Stables, LLC",55000,Y,,21.0," 1/4",03/07/2024,1,25,
266,I,2022,,B,C,04/07/2022,Malibu Moon,Glorious Sky,260,Aldebaran,,"A. G. Sales, Agent I",,A. G. Sales,FL,15,Flatbird Stable,50000,,,10.0," 1/8",03/07/2024,2,118,
267,I,2022,,B,C,05/03/2022,Curlin,Golden Artemis,261,Malibu Moon,,"Pick View LLC, Agent IX",,Pick View LLC,KY,3,On The Run Racing,500000,,,21.2," 1/4",03/07/2024,1,6,
268,O,2022,,B,F,04/07/2022,Khozan,Golden Bucket,262,Mass Media,,"Halcyon Hammock Farm, Agent I",,Halcyon Hammock Farm,FL,1,OUT,,,01/11/2024,,,,,,
269,O,2022,,CH,F,04/13/2022,Vekoma,Golden Miss,263,Golden Missile,,"de Meric Sales, Agent III",,de Meric Sales,NY,12,OUT,,,03/07/2024,,,,,,
270,O,2022,,CH,F,04/04/2022,Munnings,Gold Medal Dancer,264,Medaglia d'Oro,,"Tom McCrocklin, Agent IX",,Tom McCrocklin,KY,18,OUT,,,03/04/2024,,,,,,
271,I,2022,,CH,C,04/29/2022,Cajun Breeze,Goldminer's Dream,265,Distorted Humor,,"Tom McCrocklin, Agent",,Tom McCrocklin,FL,18,"West Point Thoroughbreds, L.E.B., Agent",210000,,,20.4," 1/4",03/07/2024,1,8,
272,O,2022,withdrawn 1,U,U,02/20/2022,withdrawn 1,withdrawn1,840,,,Blank Pages,,"Blank Pages ",,0,OUT,,,01/26/2024,,,,,,
273,I,2022,,B,C,04/02/2022,Authentic,Gomo,266,Uncle Mo,,"Hartley / DeRenzo Thoroughbreds LLC, Agent",,Hartley / DeRenzo Thoroughbreds LLC,FL,5,RNA,-385000,,,10.0," 1/8",03/07/2024,1,37,
274,I,2022,Instago,B,C,04/06/2022,Instagrand,Go No Go,267,Archarcharch,,"Empire Thoroughbred LLC, Agent",,Empire Thoroughbred LLC,KY,14,uptowncharleybrown Stud LLC,97500,Y,,10.1," 1/8",03/07/2024,1,27,
275,I,2022,Hit Song,B,F,02/15/2022,Maclean's Music,Good Cause,268,Giant's Causeway,,Galvan Brothers Equine,,"Galvan Brothers Equine ",FL,15,RNA,-20000,,,10.2," 1/8",03/07/2024,1,29,
276,I,2022,,DB/BR,F,03/16/2022,Complexity,Goods and Services,270,Paynter,,"Sequel Bloodstock, Agent VII",,Sequel Bloodstock,NY,9,"Louis Dubois, Agent for Wesley Ward",220000,,,10.0," 1/8",03/07/2024,1,12,
277,I,2022,,DB/BR,C,04/30/2022,Unified,Good So Far,269,Empire Maker,,"Flynt Fesmire, Agent I",,Flynt Fesmire,KY,10,"Peter Miller, Agent",72000,,,10.0," 1/8",03/07/2024,1,54,
278,I,2022,,DB/BR,F,03/21/2022,Star Guitar,Graceful Request,271,Scat Daddy,,"Coastal Equine LLC (Jesse Hoppel), Agent",,Coastal Equine LLC (Jesse Hoppel),LA,7,RNA,-40000,,,10.1," 1/8",03/07/2024,2,120,
279,I,2022,,CH,F,03/27/2022,Game Winner,Gracilia,272,Mr. Greeley,,"Kings Equine, Agent III",,Kings Equine,NY,1,RNA,-120000,,,10.0," 1/8",03/07/2024,2,103,
280,I,2022,,CH,C,02/28/2022,Caracaro,Gran Pashita,273,Horse Chestnut (SAF),,"King of Kings, Agent",,King of Kings,FL,15,"Equinox, Inc., Agent for George Sharp",55000,,,10.1," 1/8",03/07/2024,2,75,
281,I,2022,,DB/BR,C,03/30/2022,Kantharos,Grant Park,274,Action This Day,,Two Oaks Equine,,"Two Oaks Equine ",KY,17,Ramon Arnoldo Rabago,20000,,,10.0," 1/8",03/07/2024,2,90,
282,O,2022,,CH,C,03/31/2022,Munnings,Great Emmy M,275,Lemon Drop Kid,,"Paul Sharp, Agent II",,Paul Sharp,KY,8,OUT,,,03/12/2024,,,,,,
283,O,2022,,B,C,02/16/2022,Complexity,Great Family,276,Harlan's Holiday,,"Eddie Woods, Agent IX",,Eddie Woods,KY,11,OUT,,,03/08/2024,,,,,,
284,I,2022,,GR/RO,C,01/31/2022,McKinzie,Greek Sister,277,Tapit,,"White Lilac (Katie Miranda), Agent I",,White Lilac (Katie Miranda),FL,17,Fred Rosen,150000,,,21.2," 1/4",03/07/2024,3,175,
285,O,2022,,DB/BR,C,02/16/2022,World of Trouble,Greeley Greeley,278,Mr. Greeley,,"Sequel Bloodstock, Agent I",,Sequel Bloodstock,NY,9,OUT,,,03/07/2024,,,,,,
286,O,2022,,B,C,03/23/2022,Spun to Run,Gypsy Angel,279,Silver Train,,"Sequel Bloodstock, Agent V",,Sequel Bloodstock,NY,9,OUT,,,03/06/2024,,,,,,
287,I,2022,,B,F,02/28/2022,Fog of War,Haggith,280,Thunder Gulch,,RiceHorse Stable (Brandon & Ali Rice),,"RiceHorse Stable (Brandon & Ali Rice) ",NY,6,"Bridle Path Racing LLC, Franklin Ave Equine Agt",40000,,,10.1," 1/8",03/07/2024,1,28,
288,O,2022,,B,C,04/21/2022,Global Campaign,Hardcore Cat,281,Wildcat Heir,,"L. G., Agent I",,L. G.,FL,14,OUT,,,01/26/2024,,,,,,
289,I,2022,,CH,F,03/04/2022,Thousand Words,Harlan Showgirl,282,Harlan's Holiday,,"Majestic, Agent I",,Majestic,KY,13,Big Chief Racing East Coast Div,50000,,,10.2," 1/8",03/07/2024,3,172,
290,I,2022,,B,F,04/28/2022,City of Light,Hassler (IRE),283,War Front,,"Top Line Sales LLC, Agent XV",,Top Line Sales LLC,KY,1,Patricia's Hope LLC,435000,,,9.4," 1/8",03/07/2024,1,35,
291,I,2022,,CH,F,02/21/2022,Global Campaign,Haute Style,284,Unusual Heat,,"Blue Sapphire Stables, Agent II",,Blue Sapphire Stables,KY,16,Eclipse Thoroughbred Partners,100000,,,10.1," 1/8",03/07/2024,2,128,
292,I,2022,,B,C,03/27/2022,Complexity,Heart of Midway,285,Stevie Wonderboy,,Kinsman Farm,,"Kinsman Farm ",KY,7,RNA,-140000,,,10.2," 1/8",03/07/2024,2,71,
293,I,2022,So Grand,CH,C,02/11/2022,Goldencents,Heather's Vision,286,Zensational,,CM Thoroughbreds,,"CM Thoroughbreds ",KY,15,RNA,-25000,,,10.1," 1/8",03/07/2024,1,57,
294,I,2022,,GR/RO,F,03/22/2022,City of Light,Heavenly Score,287,Even the Score,,"Halcyon Hammock Farm, Agent I",,Halcyon Hammock Farm,NY,1,"Victoriam Farm LLC, Brad Kinsell Agent",55000,,,10.2," 1/8",03/07/2024,1,17,
295,I,2022,,B,C,04/30/2022,Dialed In,Hedonism,288,Curlin,,"Julie Davies LLC, Agent XV",,Julie Davies LLC,KY,7,Steven Rocco,240000,,,10.0," 1/8",03/07/2024,1,10,
296,I,2022,,B,F,04/06/2022,Kantharos,Helena the First,289,Lemon Drop Kid,,"Five Star Equestrian Sales, Agent I",,Five Star Equestrian Sales,KY,16,RNA,-22000,,,10.3," 1/8",03/07/2024,1,64,
297,I,2022,,CH,C,04/20/2022,Good Samaritan,Helen Sung,290,Candy Ride (ARG),,Golden Thoroughbreds Training and Sales,,"Golden Thoroughbreds Training and Sales ",NY,10,Bona Venture Stables LLC,65000,,,10.1," 1/8",03/07/2024,1,24,
298,O,2022,,DB/BR,C,03/03/2022,Bernardini,Hello Everybody,291,Candy Ride (ARG),,"Niall Brennan Stables, Agent  for Complete Dispersal for","Lothenbach Stables, Inc.",Niall Brennan Stables,MN,8,OUT,,,03/13/2024,,,,,,
299,I,2022,,CH,C,01/28/2022,Mitole,Hen Escape,292,Henny Hughes,,"Top Line Sales LLC, Agent XXXI",,Top Line Sales LLC,KY,1,Hideyuki Mori,135000,,,10.0," 1/8",03/07/2024,2,108,
300,O,2022,Carae,DB/BR,F,03/29/2022,Caravaggio,Hennyville,293,Henny Hughes,,"Paul Sharp, Agent VI",,Paul Sharp,NY,8,OUT,,,03/13/2024,,,,,,
301,I,2022,,B,C,04/08/2022,Violence,Heron Watch,294,Candy Ride (ARG),,"New Hope AB LLC, Agent IV",,New Hope AB LLC,KY,3,Five Fillies Stable,195000,,,9.4," 1/8",03/07/2024,2,93,
302,O,2022,,B,C,01/31/2022,Instagrand,Her Royal Grace,295,Any Given Saturday,,"Dark Star Thoroughbreds (Stori Atchison), Agent I",,Dark Star Thoroughbreds (Stori Atchison),FL,3,OUT,,,03/13/2024,,,,,,
303,I,2022,,DB/BR,C,03/25/2022,Caracaro,Hey Little Sister,296,Jump Start,,"Julie Davies LLC, Agent I",,Julie Davies LLC,KY,7,Crown's Way Racing,50000,Y,,10.1," 1/8",03/07/2024,2,68,
304,I,2022,,CH,F,02/24/2022,Nyquist,High Heeled Girl,297,Malibu Moon,,"Wavertree Stables, Inc. (Ciaran Dunne), Agent V",,Wavertree Stables Inc. (Ciaran Dunne),KY,5,"Justin Casse, Agent",750000,,,9.4," 1/8",03/07/2024,1,31,
305,O,2022,Attorney Wade,B,C,03/21/2022,Omaha Beach,High Pitch,298,Medaglia d'Oro,,"Sequel Bloodstock, Agent II",,Sequel Bloodstock,NY,9,OUT,,,03/13/2024,,,,,,
306,I,2022,,B,C,04/01/2022,Bodexpress,Hip Hip,299,Monarchos,,"Triple J Equine Sales, Agent II",,Triple J Equine Sales,CA,16,Kenneth Fishbein,35000,,,10.1," 1/8",03/07/2024,2,92,
307,I,2022,,DB/BR,C,03/27/2022,Catholic Boy,History Supreme,300,Speightstown,,"Mayberry Farm, Agent V",,Mayberry Farm,KY,7,RNA,-22000,,,10.1," 1/8",03/07/2024,2,107,
308,I,2022,,DB/BR,C,04/10/2022,Sergei Prokofiev,Holberg Suite (GB),301,Azamour (IRE),,"Wavertree Stables, Inc. (Ciaran Dunne), Agent X",,Wavertree Stables Inc. (Ciaran Dunne),,5,RNA,-210000,,,10.1," 1/8",03/07/2024,3,141,
309,I,2022,,B,C,04/19/2022,Maximus Mischief,Holidejavu,302,Tizdejavu,,Fast Horses,,"Fast Horses ",KY,15,KOID Co. Ltd.,60000,Y,,10.0," 1/8",03/07/2024,1,14,
310,I,2022,,DB/BR,F,02/28/2022,Omaha Beach,Hollidazzle,303,Tiznow,,"de Meric Sales, Agent  for Complete Dispersal for Lothenbach","Stables, Inc.",de Meric Sales,MN,12,JD Thoroughbreds,17000,,,G,G,03/07/2024,3,167,
311,O,2022,Hollywood Mayhem,DB/BR,C,02/21/2022,Omaha Beach,Hollywood Heroine,304,Medaglia d'Oro,,"GOP Racing Stable Corp., Agent II",,GOP Racing Stable Corp.,KY,16,OUT,,,03/13/2024,,,,,,
312,I,2022,,B,C,04/14/2022,Ghostzapper,Holy Lighting,305,Silver Max,,"Scanlon Training & Sales, Agent VIII",,Scanlon Training & Sales,CA,4,"Nick J. Hines, Agent",80000,,,10.1," 1/8",03/07/2024,1,62,
313,O,2022,,B,C,03/01/2022,Gunnevera,Homily,306,Super Saver,,"Niall Brennan Stables, Agent X",,Niall Brennan Stables,FL,8,OUT,,,02/28/2024,,,,,,
314,I,2022,,B,F,02/19/2022,Flameaway,Honeygirl Hit,307,Daaher,,Sweet River Thoroughbreds,,"Sweet River Thoroughbreds ",OK,13,RNA,-12000,,,10.2," 1/8",03/07/2024,1,65,
315,I,2022,,B,C,02/23/2022,Authentic,Honour Isabel,308,Honour and Glory,,"Tom McCrocklin, Agent X",,Tom McCrocklin,FL,18,RNA,-120000,,,21.2," 1/4",03/07/2024,2,100,
316,I,2022,Hot Promise,CH,C,04/05/2022,Promises Fulfilled,Hot Fun,309,Latent Heat,,"Eddie Woods, Agent VIII",,Eddie Woods,MD,11,"West Point Thoroughbreds& C J Stable LLC, LEB Ag",230000,,,9.4," 1/8",03/07/2024,1,26,
317,I,2022,Delvina,B,F,03/20/2022,Collected,Hottalabamba,310,Into Mischief,,"Harris Training Center LLC, Agent V",,Harris Training Center LLC,KY,13,C.H.P.R.,35000,,,10.2," 1/8",03/07/2024,2,74,
318,I,2022,,B,F,03/05/2022,Munnings,Humor Me Colonel,311,Colonel John,,"Wavertree Stables, Inc. (Ciaran Dunne), Agent XI",,Wavertree Stables Inc. (Ciaran Dunne),KY,5,AMO Racing,120000,,,10.0," 1/8",03/07/2024,2,80,
319,I,2022,,CH,F,03/02/2022,Good Magic,I'll Take the Cake,312,Nobiz Like Shobiz,,"Gene Recio, Agent IX",,Gene Recio,KY,17,George Mellon,270000,,,10.1," 1/8",03/07/2024,1,36,
320,I,2022,,B,C,02/21/2022,Global Campaign,Im a Dixie Diva,313,Henny Hughes,,"Old South Farm LLC, Agent IV",,Old South Farm LLC,FL,9,RNA,-50000,,,10.0," 1/8",03/07/2024,3,171,
321,I,2022,,B,C,03/16/2022,Kantharos,I'm Mom's Favorite,314,Indian Charlie,,"Coastal Equine LLC (Jesse Hoppel), Agent III",,Coastal Equine LLC (Jesse Hoppel),ON,7,"Steve Rothblum, Agent for Mark Davis",150000,,,10.0," 1/8",03/07/2024,1,44,
322,I,2022,Quizler,DB/BR,C,03/15/2022,Curlin's Honor,Imperial Code,315,Imperialism,,"New Way, Agent I",,New Way,FL,13,RNA,-32000,,,21.2," 1/4",03/07/2024,2,115,
323,I,2022,,DB/BR,F,04/05/2022,Spun to Run,Imprint,316,Quality Road,,Potrero Stables,,"Potrero Stables ",KY,3,"West Point Thoroughbreds, L.E.B., Agent",105000,,,10.1," 1/8",03/09/2024,2,113,
324,I,2022,,B,F,03/19/2022,Bolt d'Oro,Impulsive,317,Animal Kingdom,,"Davis Breaking and Training, Inc., Agent I",,Davis Breaking and Training Inc.,KY,4,James Redekop,60000,Y,,10.2," 1/8",03/07/2024,3,134,
325,I,2022,,B,C,03/08/2022,Improbable,Inaugurate,318,Empire Maker,,"Majestic, Agent V",,Majestic,KY,13,"James Divito, Agent",475000,,,9.4," 1/8",03/07/2024,1,15,
326,I,2022,,B,F,01/14/2022,Speightster,Incarnation,319,Temple City,,"Tom McCrocklin, Agent II",,Tom McCrocklin,KY,18,C.H.P.R.,10000,,,22.0," 1/4",03/07/2024,2,119,
327,O,2022,Caspian Wind,CH,C,03/14/2022,Vekoma,Inconclusive,320,Include,,"Top Line Sales LLC, Agent XXVIII",,Top Line Sales LLC,KY,1,OUT,,,02/16/2024,,,,,,
328,O,2022,,CH,F,02/22/2022,Gift Box,In Contempt,321,Ice Box,,"Fine Line Equine, Agent I",,Fine Line Equine,KY,16,OUT,,,01/26/2024,,,,,,
329,O,2022,,DB/BR,C,03/09/2022,Cloud Computing,Infinite Grace,322,Tapizar,,"Tom McCrocklin, Agent VI",,Tom McCrocklin,KY,18,OUT,,,02/27/2024,,,,,,
330,I,2022,,B,C,04/14/2022,Accelerate,Intentional Fever,323,Stormin Fever,,Galvan Brothers Equine,,"Galvan Brothers Equine ",NY,15,RNA,-3000,,,10.3," 1/8",03/07/2024,3,165,
331,I,2022,,CH,C,04/03/2022,Gunnevera,In the Wild Clover,324,Wildcat Heir,,Las Palmas Farm,,"Las Palmas Farm ",FL,13,RNA,-17000,,,10.1," 1/8",03/07/2024,1,33,
332,I,2022,,DB/BR,C,01/31/2022,Thousand Words,Into Oblivion,325,Into Mischief,,"Limitless Thoroughbred LLC, Agent",,Limitless Thoroughbred LLC,KY,16,RNA,-50000,,,21.3," 1/4",03/07/2024,2,85,
333,I,2022,,DB/BR,C,03/31/2022,Gift Box,Involuntary,326,City Zip,,"Little Farm Equine LLC, Agent III",,Little Farm Equine LLC,MD,14,Hubert Guy Bloodstock,160000,,,10.0," 1/8",03/07/2024,1,32,
334,O,2022,,CH,C,03/30/2022,Kantharos,Irish Danzing,327,Danza,,"RiceHorse Stable (Brandon & Ali Rice), Agent II",,RiceHorse Stable (Brandon & Ali Rice),NY,6,OUT,,,03/07/2024,,,,,,
335,I,2022,,B,F,05/10/2022,Honor A. P.,Irish Jasper,328,First Defence,,"Parrish Farms, Agent",,Parrish Farms,KY,9,Deuce Greathouse for Turman Racing,50000,Y,,21.4," 1/4",03/07/2024,2,113,
336,I,2022,,B,C,04/20/2022,Twirling Candy,Is It Gold,329,Indygo Shiner,,"Old South Farm LLC, Agent",,Old South Farm LLC,KY,9,"Kimmel/Salusto, Agent for Flanagan Racing, LLC",210000,,,10.0," 1/8",03/07/2024,1,18,
337,I,2022,,DB/BR,C,05/30/2022,McKinzie,Iwantthat,330,Hard Spun,,"Wildheart Thoroughbreds LLC, Agent I",,Wildheart Thoroughbreds LLC,KY,16,RNA,-45000,,,10.1," 1/8",03/07/2024,2,126,
338,I,2022,,DB/BR,C,04/28/2022,Mo Town,Jaggermama,331,High Cotton,,Dynasty Thoroughbreds,,"Dynasty Thoroughbreds ",FL,10,"Joe Lejzerowicz, Agent Randy Gootzeit",36000,Y,,10.1," 1/8",03/07/2024,1,61,
339,I,2022,,B,F,03/01/2022,Mendelssohn,Jenda's Agenda,332,Proud Citizen,,"de Meric Sales, Agent  for Complete Dispersal for Lothenbach","Stables, Inc.",de Meric Sales,KY,12,Champion Equine LLC,160000,,,G,G,03/07/2024,3,162,
340,I,2022,,CH,C,05/08/2022,Justify,Jenny's Rocket,333,Mr. Greeley,,"Hartley / DeRenzo Thoroughbreds LLC, Agent II",,Hartley / DeRenzo Thoroughbreds LLC,KY,5,RNA,-475000,,,10.0," 1/8",03/08/2024,2,130,
341,O,2022,,CH,C,03/13/2022,Not This Time,Jersey Jules,334,Scat Daddy,,"de Meric Sales, Agent II",,de Meric Sales,KY,12,OUT,,,03/07/2024,,,,,,
342,O,2022,,CH,C,05/14/2022,Justify,Jessica Krupnick,335,Uncle Mo,,"Pick View LLC, Agent X",,Pick View LLC,KY,3,OUT,,,03/07/2024,,,,,,
343,O,2022,,DB/BR,C,01/24/2022,Not This Time,Jewel of Arabia,336,Daredevil,,"Eddie Woods, Agent XVIII",,Eddie Woods,KY,11,OUT,,,02/22/2024,,,,,,
344,I,2022,,B,F,02/28/2022,King for a Day,Jitney,337,Utopia (JPN),,"Sugar Hill LLC, Agent",,Sugar Hill LLC,NY,2,RNA,-10000,,,10.1," 1/8",03/07/2024,2,125,
345,I,2022,,B,C,05/07/2022,Thousand Words,Joe's Gift,338,Sky Mesa,,Dynasty Thoroughbreds,,"Dynasty Thoroughbreds ",MD,10,Fast Horses,25000,Y,,10.0," 1/8",03/09/2024,1,62,
346,I,2022,,CH,C,01/29/2022,Hard Spun,Jo Marie,339,Elusive Quality,,"Thorostock LLC, Agent",,Thorostock LLC,KY,18,Aubrey Maragh,9000,,,10.3," 1/8",03/07/2024,3,173,
347,I,2022,,CH,C,02/25/2022,Maximum Security,Jost d'Oro,340,Medaglia d'Oro,,"Ortiz Training Stable LLC, Agent IV",,Ortiz Training Stable LLC,FL,10,C.H.P.R.,30000,,,21.3," 1/4",03/07/2024,3,145,
348,I,2022,,B,C,02/12/2022,Twirling Candy,Jotown,341,Speightstown,,"Eddie Woods, Agent VIII",,Eddie Woods,FL,11,Case Clay Thoroughbred Management,550000,,,10.0," 1/8",03/07/2024,1,3,
349,I,2022,,B,F,02/01/2022,Medaglia d'Oro,Juanita,342,Mineshaft,,"Eddie Woods, Agent XXI",,Eddie Woods,LA,11,Hubert Guy Bloodstock,225000,,,10.1," 1/8",03/07/2024,3,136,
350,I,2022,,GR/RO,C,03/30/2022,Tiz the Law,Judge Lee,343,Street Cry (IRE),,"Kings Equine, Agent",,Kings Equine,NY,1,Case Chambers,110000,,,10.1," 1/8",03/07/2024,1,16,
351,O,2022,,B,C,03/11/2022,Hard Spun,June Ann (IRE),344,Acclamation (GB),,All Dreams Equine,,"All Dreams Equine ",MD,2,OUT,,,03/10/2024,,,,,,
352,I,2022,,B,C,03/25/2022,Classic Empire,Just Ask,345,Majesticperfection,,"Top Line Sales LLC, Agent I",,Top Line Sales LLC,NY,1,Rudy Rodriguez,10000,Y,,10.1," 1/8",03/07/2024,1,59,
353,I,2022,,DB/BR,F,03/25/2022,Upstart,Just Fabulous,346,Include,,"de Meric Sales, Agent V",,de Meric Sales,IN,12,Riley Mott Racing Stable,210000,,,10.0," 1/8",03/07/2024,2,78,
354,O,2022,,DB/BR,C,05/01/2022,Catholic Boy,Just Joyful,347,Street Boss,,"Wes Carter, Agent for Crossed Sabres Farm",,Wes Carter,KY,14,OUT,,,02/07/2024,,,,,,
355,I,2022,,DB/BR,F,03/01/2022,Uncle Mo,Kallio,348,Scat Daddy,,"CM Thoroughbreds, Agent II",,CM Thoroughbreds,KY,15,Dennis O'Neill,160000,,,10.1," 1/8",03/07/2024,3,147,
356,I,2022,,DB/BR,F,03/26/2022,Midshipman,Karakorum Fugitive,349,Ten Most Wanted,,"Niall Brennan Stables, Agent  for Complete Dispersal for","Lothenbach Stables, Inc.",Niall Brennan Stables,MN,8,Murray Valene,70000,,,G,G,03/07/2024,2,129,
357,O,2022,,DB/BR,C,03/07/2022,McKinzie,Karpathos,350,Tale of the Cat,,"Julie Davies LLC, Agent XI",,Julie Davies LLC,KY,7,OUT,,,03/07/2024,,,,,,
358,I,2022,,GR/RO,C,03/30/2022,Volatile,Kats Girl Cala,351,Lemon Drop Kid,,"Navas Equine, Agent III",,Navas Equine,NY,14,Happy Tenth Stable,45000,,,10.2," 1/8",03/07/2024,3,154,
359,I,2022,,CH,C,04/05/2022,Central Banker,Keepnherinthedark,352,Kitten's Joy,,"Triple C Sales, Agent II",,Triple C Sales,NY,16,Violeta Racing LLC,25000,,,10.2," 1/8",03/07/2024,2,96,
360,I,2022,,B,F,02/16/2022,Honor A. P.,Kelwynne,353,Yes It's True,,"Mayberry Farm, Agent II",,Mayberry Farm,KY,7,RNA,-45000,,,10.2," 1/8",03/07/2024,3,176,
361,I,2022,,CH,F,01/26/2022,Catalina Cruiser,Kendalin,354,Distorted Humor,,"Pick View LLC, Agent XX",,Pick View LLC,KY,3,Amira Chichakly,7000,,,10.3," 1/8",03/07/2024,3,139,
362,I,2022,,DB/BR,F,03/10/2022,Uncle Mo,Khancord Kid,355,Lemon Drop Kid,,"Sequel Bloodstock, Agent for Chester & Mary Broman",,Sequel Bloodstock,NY,9,Starship Stables,200000,,,10.1," 1/8",03/07/2024,1,52,
363,I,2022,,CH,F,01/26/2022,Improbable,Kid Is Frosty,356,Frost Giant,,"Ortiz Training Stable LLC, Agent I",,Ortiz Training Stable LLC,KY,10,RNA,-32000,,,10.3," 1/8",03/07/2024,1,39,
364,I,2022,,B,F,03/07/2022,Munnings,Kiss N Scat,357,Scat Daddy,,"Pick View LLC, Agent II",,Pick View LLC,TX,3,RNA,-70000,,,10.1," 1/8",03/07/2024,2,116,
365,I,2022,,DB/BR,C,02/03/2022,The Factor,Kitty Maddnes,358,Courageous Cat,,"White Lilac (Katie Miranda), Agent IV",,White Lilac (Katie Miranda),NY,17,"Gary Contessa, Agent for Grant Racing",50000,,,10.1," 1/8",03/07/2024,2,123,
366,O,2022,,B,C,03/30/2022,City of Light,Kitty Panda,359,Sky Mesa,,"de Meric Sales, Agent XVIII",,de Meric Sales,KY,12,OUT,,,03/07/2024,,,,,,
367,O,2022,,DB/BR,C,04/08/2022,Hard Spun,Kitty Wine,360,Lemon Drop Kid,,"Coastal Equine LLC (Jesse Hoppel), Agent II",,Coastal Equine LLC (Jesse Hoppel),KY,7,OUT,,,02/21/2024,,,,,,
368,O,2022,,B,F,03/05/2022,Higher Power,Kodiac Gal (IRE),361,Kodiac (GB),,Las Palmas Farm,,"Las Palmas Farm ",KY,13,OUT,,,03/13/2024,,,,,,
369,O,2022,,B,F,04/25/2022,Uncle Mo,La Belle Marquet,362,Marquetry,,"Pick View LLC, Agent III",,Pick View LLC,KY,3,OUT,,,03/13/2024,,,,,,
370,I,2022,,B,F,04/18/2022,American Pharoah,La Cloche,363,Ghostzapper,,"de Meric Sales, Agent XVI",,de Meric Sales,KY,12,Resolute Bloodstock,525000,,,10.0," 1/8",03/07/2024,1,19,
371,O,2022,,B,C,02/14/2022,Catalina Cruiser,Lady,364,Malibu Moon,,"Craig L. Wheeler, Agent",,Craig L. Wheeler,KY,3,OUT,,,03/11/2024,,,,,,
372,I,2022,,DB/BR,F,03/17/2022,Spun to Run,Lady Acclamation,365,Acclamation,,"Majestic, Agent IV",,Majestic,KY,13,James M. Miller,40000,,,10.2," 1/8",03/07/2024,2,102,
373,O,2022,,CH,C,03/18/2022,Classic Empire,Lady Aspen,366,Grand Reward,,"Majestic, Agent X",,Majestic,KY,13,OUT,,,02/21/2024,,,,,,
374,I,2022,,B,C,02/27/2022,War Front,Lady Bingo (IRE),367,Galileo (IRE),,"Eddie Woods, Agent VI",,Eddie Woods,KY,11,"Chad Schumer, Agent",25000,,,10.4," 1/8",03/07/2024,3,160,
375,I,2022,,B,F,03/09/2022,McKinzie,Lady Dude,368,First Dude,,"Randy Miles, Agent V",,Randy Miles,KY,10,"Joe Migliore, Agent for Adelphi Racing Club",85000,,,10.1," 1/8",03/07/2024,1,38,
376,I,2022,,CH,F,02/01/2022,Bee Jersey,Lady Ekati,369,Tale of Ekati,,"Grade One Investments LLC, Agent I",,Grade One Investments LLC,KY,13,RNA,-140000,,,10.0," 1/8",03/07/2024,3,163,
377,I,2022,,B,F,01/17/2022,Maclean's Music,Lady Sabelia,370,Majestic Warrior,,"Thorostock LLC, Agent",,Thorostock LLC,KY,18,Mathiesen Racing,120000,Y,,10.0," 1/8",03/07/2024,1,23,
378,I,2022,,CH,C,04/21/2022,Tapit,L' Age d'Or,371,Medaglia d'Oro,,"S G V Thoroughbreds LLC (Steven Venosa), Agent",,S G V Thoroughbreds LLC (Steven Venosa),KY,10,Mitsu Nakauchida,600000,,,10.0," 1/8",03/07/2024,1,47,
379,I,2022,,B,F,01/26/2022,Brody's Cause,Langers,372,Indian Charlie,,"Coastal Equine LLC (Jesse Hoppel), Agent",,Coastal Equine LLC (Jesse Hoppel),FL,7,"Joe Sharp, Agent for Michael Alexander",40000,,,10.1," 1/8",03/07/2024,2,84,
380,I,2022,Loki,B,C,03/18/2022,Honest Mischief,Late for Church,373,Forefathers,,"Golden Rock Thoroughbreds, Agent V",,Golden Rock Thoroughbreds,NY,14,Amira Chichakly,17000,Y,,10.1," 1/8",03/07/2024,3,168,
381,I,2022,,B,F,04/23/2022,Practical Joke,Lauded,374,Medaglia d'Oro,,"Ordonez Thoroughbreds, Agent II",,Ordonez Thoroughbreds,NY,17,RNA,-40000,,,10.2," 1/8",03/07/2024,2,112,
382,I,2022,,B,C,05/13/2022,King for a Day,Lavender Hill,375,Langfuhr,,"Silvestre Chavez Thoroughbreds, Agent",,Silvestre Chavez Thoroughbreds,NY,17,Melanie Giddings,36000,Y,,10.2," 1/8",03/07/2024,1,56,
383,I,2022,,CH,F,04/03/2022,Flameaway,Lavender Sky,376,Mt. Livermore,,"Tom McCrocklin, Agent IX",,Tom McCrocklin,KY,18,"Brenda Zoppo, Agent",7000,Y,,22.2," 1/4",03/07/2024,3,137,
384,I,2022,,DB/BR,C,01/27/2022,Sharp Azteca,La Vie Ross,377,Medaglia d'Oro,,"Caliente Thoroughbreds, Agent",,Caliente Thoroughbreds,FL,19,RM18 Stable,35000,,,10.1," 1/8",03/07/2024,3,132,
385,I,2022,,CH,F,03/17/2022,Instagrand,Lawanda,378,Pioneering,,"Cortez Racing & Sales, Agent II",,Cortez Racing & Sales,KY,13,RNA,-47000,,,10.1," 1/8",03/07/2024,3,133,
386,I,2022,,DB/BR,F,04/25/2022,Candy Ride (ARG),Layreebelle,379,Tale of the Cat,,"de Meric Sales, Agent II",,de Meric Sales,KY,12,Boardshorts,510000,,,10.1," 1/8",03/07/2024,1,1,
387,I,2022,,CH,C,03/04/2022,Solomini,Lazeka,380,Belong to Me,,"New Horizons Bloodstock LLC, Agent II",,New Horizons Bloodstock LLC,NY,18,SJB Stable Trust,60000,,,10.2," 1/8",03/07/2024,2,99,
388,I,2022,,B,F,04/07/2022,Higher Power,Lee Ann W,381,Mr. Greeley,,Jose Munoz,,"Jose Munoz ",KY,2,"Tilted Shamrock Stables, LLC",35000,,,10.2," 1/8",03/07/2024,2,82,
389,O,2022,,B,C,03/02/2022,Caravaggio,Legendary Peace,382,Peace Rules,,"All Dreams Equine, Agent I",,All Dreams Equine,KY,2,OUT,,,03/10/2024,,,,,,
390,I,2022,,GR/RO,C,05/06/2022,Valiant Minister,Leilani's Lady,383,Beau Choix,,"S G V Thoroughbreds LLC (Steven Venosa), Agent",,S G V Thoroughbreds LLC (Steven Venosa),FL,10,"Hoby Kight, Agent",40000,,,10.0," 1/8",03/07/2024,3,146,
391,I,2022,,DB/BR,C,04/05/2022,Game Winner,Le Mi Geaux,384,First Samurai,,"Eddie Woods, Agent XV",,Eddie Woods,KY,11,"Jet Horse LLC, Peter Miller, Agent",200000,,,10.0," 1/8",03/07/2024,2,79,
392,I,2022,,B,C,02/23/2022,Improbable,Lemon de Oro,385,Lemon Drop Kid,,"Tom McCrocklin, Agent IX",,Tom McCrocklin,KY,18,Case Clay Thoroughbred Management,300000,,,21.0," 1/4",03/07/2024,1,41,
393,I,2022,Orange Squeeze,B,C,04/12/2022,Mitole,Lemon Squeeze,386,Gio Ponti,,"Whitman Sales LLC, Agent I",,Whitman Sales LLC,KY,16,RNA,-47000,,,21.1," 1/4",03/07/2024,2,130,
394,O,2022,,B,F,03/09/2022,Spun to Run,Lexington Pearl,387,Elusive Quality,,"Silvestre Chavez Thoroughbreds, Agent II",,Silvestre Chavez Thoroughbreds,NY,17,OUT,,,03/07/2024,,,,,,
395,I,2022,,B,C,01/20/2022,Improbable,Libby's Tail,388,Tiz Wonderful,,"Eddie Woods, Agent XXVIII",,Eddie Woods,KY,11,"CHC, Inc. & Maverick Racing & Siena Farms LLC",400000,,,9.4," 1/8",03/07/2024,1,48,
396,I,2022,,GR/RO,C,02/25/2022,Practical Joke,Life's a Gamble,389,Malibu Moon,,"de Meric Sales, Agent XX",,de Meric Sales,PA,12,"Lauren Carlisle, Agent",170000,,,10.1," 1/8",03/07/2024,1,34,
397,I,2022,,B,C,04/10/2022,Central Banker,Light the Dynamite,390,Into Mischief,,"Little Farm Equine LLC, Agent II",,Little Farm Equine LLC,NY,14,Jacqueline L Falk,27000,,,10.3," 1/8",03/07/2024,3,153,
398,I,2022,,DB/BR,C,03/19/2022,Twirling Candy,Lily Pod,391,Bernstein,,"GOP Racing Stable Corp., Agent I",,GOP Racing Stable Corp.,KY,16,Hideyuki Mori,250000,,,9.4," 1/8",03/07/2024,1,7,
399,I,2022,,CH,C,02/09/2022,Omaha Beach,Limari,392,Medaglia d'Oro,,"Scanlon Training & Sales, Agent X",,Scanlon Training & Sales,KY,4,"Fergus Galvin, Agent",100000,,,10.0," 1/8",03/07/2024,3,152,
400,I,2022,,B,F,03/13/2022,American Freedom,Limitless,393,Discreet Cat,,"Wavertree Stables, Inc. (Ciaran Dunne), Agent IX",,Wavertree Stables Inc. (Ciaran Dunne),KY,5,West Coast Stables,170000,,,9.4," 1/8",03/07/2024,1,60,
401,I,2022,,DB/BR,F,04/15/2022,Mitole,Lip Sync,394,Maclean's Music,,Golden Thoroughbreds Training and Sales,,"Golden Thoroughbreds Training and Sales ",KY,10,RNA,-65000,,,10.2," 1/8",03/07/2024,3,159,
402,O,2022,,DB/BR,C,05/07/2022,Shancelot,Listenupnow,395,Hard Spun,,"Coastal Equine LLC (Jesse Hoppel), Agent IX",,Coastal Equine LLC (Jesse Hoppel),KY,7,OUT,,,03/07/2024,,,,,,
403,I,2022,,CH,C,02/13/2022,Frosted,Literata,396,Read the Footnotes,,"Kings Equine, Agent",,Kings Equine,NY,1,Louis Linder Jr.,55000,,,10.1," 1/8",03/07/2024,3,169,
404,O,2022,,B,C,02/11/2022,Improbable,Little Alexis,397,Mr. Greeley,,"Top Line Sales LLC, Agent XXXVII",,Top Line Sales LLC,KY,1,OUT,,,03/08/2024,,,,,,
405,I,2022,,CH,C,04/05/2022,Speightster,Little Brave,398,Indian Charlie,,"Tom McCrocklin, Agent XI",,Tom McCrocklin,NY,18,83rd Place,35000,,,21.1," 1/4",03/07/2024,1,58,
406,I,2022,,B,C,05/02/2022,Spun to Run,Live to Dance,399,Emcee,,"RiceHorse Stable (Brandon & Ali Rice), Agent VI",,RiceHorse Stable (Brandon & Ali Rice),KY,6,Anthony Pecoraro,30000,,,10.2," 1/8",03/07/2024,2,98,
407,I,2022,,DB/BR,F,02/13/2022,Echo Town,Lola's Kisses,400,Itsmyluckyday,,"Gene Recio, Agent I",,Gene Recio,KY,17,RNA,-17000,,,10.1," 1/8",03/07/2024,3,156,
408,I,2022,,GR/RO,F,02/08/2022,Gift Box,Lonestar Angel,401,Cowboy Cal,,"Golden Rock Thoroughbreds, Agent",,Golden Rock Thoroughbreds,LA,14,"Emerald Sales, Agent for K E M Stables",95000,,,10.0," 1/8",03/07/2024,1,30,
409,I,2022,,B,C,02/08/2022,Union Rags,Lone Tigress,402,Tale of the Cat,,"Big Easy, Agent I",,Big Easy,KY,3,RNA,-17000,,,10.4," 1/8",03/07/2024,1,45,
410,I,2022,,DB/BR,C,04/18/2022,Not This Time,Lough Na Mona,403,Quality Road,,GOP Racing Stable Corp.,,"GOP Racing Stable Corp. ",KY,16,Glockenburg LLC,70000,,,10.3," 1/8",03/07/2024,2,76,
411,I,2022,,DB/BR,F,02/07/2022,Maclean's Music,Love in Tokyo,404,Tiznow,,"Tom McCrocklin, Agent  for Complete Dispersal for Lothenbach","Stables, Inc.",Tom McCrocklin,KY,18,MWG,80000,,,G,G,03/07/2024,3,150,
412,I,2022,,B,F,02/21/2022,McKinzie,Lovely Daughter,405,Big Brown,,"Top Line Sales LLC, Agent IV",,Top Line Sales LLC,KY,1,RNA,-75000,,,22.0," 1/4",03/07/2024,3,164,
413,I,2022,,DB/BR,F,01/30/2022,Dialed In,Loving Lorraine,406,Bernstein,,"Ocala Stud, Agent  for Complete Dispersal for Lothenbach","Stables, Inc.",Ocala Stud,MN,4,"Gayle Van Leer, Agent",20000,,,G,G,03/07/2024,3,143,
414,I,2022,,CH,F,01/16/2022,Vekoma,Lucky Lady Lawyer,407,Lawyer Ron,,"de Meric Sales, Agent XV",,de Meric Sales,KY,12,"West Point Thoroughbreds, L.E.B., Agent",130000,,,10.0," 1/8",03/07/2024,1,46,
415,I,2022,,B,F,02/12/2022,Audible,Lucky Muffin,408,Munnings,,Big Easy,,"Big Easy ",KY,3,Stephen Fosman,30000,,,10.3," 1/8",03/07/2024,3,142,
416,I,2022,,CH,C,03/31/2022,Army Mule,Madagascat,409,Tale of the Cat,,"Old South Farm LLC, Agent III",,Old South Farm LLC,KY,9,Edge Racing & Mark Glatt,75000,Y,,10.0," 1/8",03/07/2024,2,101,
417,I,2022,,B,F,02/22/2022,The Factor,Madame Clouseau (IRE),410,Galileo (IRE),,"GOP Racing Stable Corp., Agent I",,GOP Racing Stable Corp.,KY,16,RNA,-60000,,,10.1," 1/8",03/07/2024,3,180,
418,I,2022,,GR/RO,F,02/07/2022,Maximus Mischief,Magical Flair,411,Defrere,,"Omar Ramirez Bloodstock, Agent XVII",,Omar Ramirez Bloodstock,FL,14,Laura Barrish,150000,,,9.4," 1/8",03/07/2024,2,91,
419,I,2022,,B,C,04/26/2022,Good Magic,Magical Ride,412,Storm Cat,,"Ocala Stud, Agent  for Complete Dispersal for Lothenbach","Stables, Inc.",Ocala Stud,KY,4,FMQ Stables,70000,,,G,G,03/07/2024,3,179,
420,I,2022,,CH,C,02/06/2022,Volatile,Magic Motion,413,Bernardini,,"Grade One Investments LLC, Agent I",,Grade One Investments LLC,KY,13,ABC Racing,295000,,,9.4," 1/8",03/07/2024,1,40,
421,I,2022,,DB/BR,C,04/28/2022,Shancelot,Magnolias in Bloom,414,Flatter,,"Wavertree Stables, Inc. (Ciaran Dunne), Agent",,Wavertree Stables Inc. (Ciaran Dunne),KY,5,Bill Childs,650000,,,9.4," 1/8",03/07/2024,1,4,
422,I,2022,,B,C,01/29/2022,Bolt d'Oro,Maisie,415,Stay Thirsty,,"White Lilac (Katie Miranda), Agent II",,White Lilac (Katie Miranda),KY,17,RNA,-475000,,,9.4," 1/8",03/07/2024,2,69,
423,I,2022,,DB/BR,F,03/01/2022,Instilled Regard,Makealitlemischief,416,Into Mischief,,"de Meric Sales, Agent",,de Meric Sales,KY,12,C.H.P.R.,14000,,,10.1," 1/8",03/07/2024,2,89,
424,I,2022,,B,C,03/09/2022,Maximus Mischief,Make a Toast,417,Cuvee,,"de Meric Sales, Agent XII",,de Meric Sales,KY,12,C.H.P.R.,11000,,,10.1," 1/8",03/07/2024,1,66,
425,I,2022,,CH,F,01/17/2022,Thousand Words,Making a Point,418,Freud,,"Navas Equine, Agent II",,Navas Equine,NY,14,"James Ryerson, Agent",42000,,,10.0," 1/8",03/07/2024,1,42,
426,O,2022,,B,C,03/23/2022,Curlin's Honor,Malibu Melody,419,Malibu Moon,,"Halcyon Hammock Farm, Agent",,Halcyon Hammock Farm,FL,1,OUT,,,03/09/2024,,,,,,
427,O,2022,,GR/RO,C,03/07/2022,Volatile,Malibu Prayer,420,Malibu Moon,,Dynasty Thoroughbreds,,"Dynasty Thoroughbreds ",KY,10,OUT,,,03/13/2024,,,,,,
428,I,2022,,GR/RO,F,02/19/2022,Liam's Map,Malibu Rainbow,421,Malibu Moon,,"Halcyon Hammock Farm, Agent I",,Halcyon Hammock Farm,KY,1,"James Divito, Agent",150000,,,10.0," 1/8",03/08/2024,3,134,
429,I,2022,,B,C,02/23/2022,Catalina Cruiser,Mambo Fever,422,Stormin Fever,,"de Meric Sales, Agent IV",,de Meric Sales,KY,12,Pro Racing Stable LLC,20000,,,10.1," 1/8",03/08/2024,2,93,
430,O,2022,,DB/BR,F,04/11/2022,Complexity,Ma Mo,423,Uncle Mo,,"Pick View LLC, Agent XI",,Pick View LLC,KY,3,OUT,,,03/08/2024,,,,,,
431,I,2022,,B,C,04/05/2022,Khozan,Mandolin,424,Midnight Lute,,"Navas Equine, Agent I",,Navas Equine,FL,14,Nolan Ramsey,90000,,,10.1," 1/8",03/08/2024,3,176,
432,O,2022,,B,C,04/10/2022,Maclean's Music,Manki,425,Arch,,"Harris Training Center LLC, Agent II",,Harris Training Center LLC,KY,13,OUT,,,02/29/2024,,,,,,
433,O,2022,,DB/BR,F,02/17/2022,Higher Power,Manner of Speaking,426,Langfuhr,,"Ordonez Thoroughbreds, Agent I",,Ordonez Thoroughbreds,NY,17,OUT,,,02/28/2024,,,,,,
434,O,2022,withdrawn 2,U,U,03/29/2022,withdrawn 2,withdrawn 2,841,,,Blank Pages,,"Blank Pages ",,0,OUT,,,01/26/2024,,,,,,
435,O,2022,Babu,DB/BR,F,02/02/2022,Caravaggio,Matisi,427,Midnight Lute,,"Gene Recio, Agent X",,Gene Recio,KY,17,OUT,,,03/08/2024,,,,,,
436,I,2022,,GR/RO,F,02/10/2022,Thousand Words,Maymont,428,Unbridled's Song,,"Golden Rock Thoroughbreds, Agent VI",,Golden Rock Thoroughbreds,FL,14,"Equinox, Inc., Agent for George Sharp",90000,,,10.0," 1/8",03/08/2024,1,10,
437,I,2022,,B,C,03/26/2022,Global Campaign,Meadow Mystique,429,Ghostzapper,,"Blas Perez Stables, Agent II",,Blas Perez Stables,KY,19,Narvick Int'l,100000,,,10.1," 1/8",03/08/2024,2,110,
438,I,2022,,B,C,04/12/2022,Higher Power,Medal Ceremony,430,Medal Count,,Empire Bloodstock LLC,,"Empire Bloodstock LLC ",KY,17,Brent Copland,1000,,,10.4," 1/8",03/08/2024,2,125,
439,O,2022,,CH,C,04/07/2022,Good Magic,Mellonbrook,431,Discreet Cat,,"Wavertree Stables, Inc. (Ciaran Dunne), Agent IV",,Wavertree Stables Inc. (Ciaran Dunne),KY,5,OUT,,,03/08/2024,,,,,,
440,O,2022,,B,C,04/07/2022,Honest Mischief,Memories of Mom,432,Include,,"Harris Training Center LLC, Agent",,Harris Training Center LLC,NY,13,OUT,,,02/29/2024,,,,,,
441,O,2022,,CH,C,03/28/2022,Instagrand,Mews,433,Kantharos,,"Whitman Sales LLC, Agent I",,Whitman Sales LLC,LA,16,OUT,,,03/08/2024,,,,,,
442,I,2022,,B,C,03/02/2022,Nyquist,Mexican Hat,434,Street Cry (IRE),,"Caliente Thoroughbreds, Agent",,Caliente Thoroughbreds,ON,19,"Fergus Galvin, Agent",325000,,,21.1," 1/4",03/08/2024,2,108,
443,O,2022,,CH,F,01/24/2022,Justify,Mia Karina,435,Jazil,,"S G V Thoroughbreds LLC (Steven Venosa), Agent",,S G V Thoroughbreds LLC (Steven Venosa),KY,10,OUT,,,03/09/2024,,,,,,
444,I,2022,,B,C,03/06/2022,Army Mule,Midnight Embrace,436,Midnight Lute,,"Scanlon Training & Sales, Agent II",,Scanlon Training & Sales,ON,4,RNA,-45000,,,10.3," 1/8",03/08/2024,2,107,
445,I,2022,,DB/BR,C,02/16/2022,Mitole,Midnight Magic,437,Midnight Lute,,"Eddie Woods, Agent VIII",,Eddie Woods,FL,11,"Speedway Stables, LLC",725000,,,9.4," 1/8",03/08/2024,2,104,
446,O,2022,,DB/BR,F,04/20/2022,Mor Spirit,Midnight Search,438,Vying Victor,,"de Meric Sales, Agent XI",,de Meric Sales,KY,12,OUT,,,03/09/2024,,,,,,
447,O,2022,,CH,C,01/15/2022,Khozan,Mimi's Shot,439,Trappe Shot,,"Paul Sharp, Agent IV",,Paul Sharp,FL,8,OUT,,,03/01/2024,,,,,,
448,I,2022,,GR/RO,F,02/09/2022,Vekoma,Minnelli,440,Unbridled's Song,,"Wavertree Stables, Inc. (Ciaran Dunne), Agent V",,Wavertree Stables Inc. (Ciaran Dunne),KY,5,CJ Stables LLC,350000,Y,,9.3," 1/8",03/08/2024,1,13,
449,O,2022,,DB/BR,F,01/26/2022,Volatile,Miss Baby Betty,441,Warrior's Reward,,"Gene Recio, Agent XX",,Gene Recio,KY,17,OUT,,,03/08/2024,,,,,,
450,I,2022,,B,F,02/13/2022,Honest Mischief,Miss Buff,442,Friend Or Foe,,"New Hope AB LLC, Agent II",,New Hope AB LLC,NY,3,Paddock Proud LLC,57000,Y,,10.1," 1/8",03/08/2024,1,45,
451,I,2022,,DB/BR,C,05/14/2022,Constitution,Miss Ella,443,Exchange Rate,,Ironclad Farm LLC,,"Ironclad Farm LLC ",KY,16,Glockenburg LLC,45000,,,10.2," 1/8",03/08/2024,3,141,
452,I,2022,,CH,F,03/19/2022,Street Boss,Miss Grandiose,444,Grand Slam,,"Ortiz Training Stable LLC, Agent IV",,Ortiz Training Stable LLC,KY,10,C.H.P.R.,25000,Y,,10.1," 1/8",03/08/2024,2,73,
453,I,2022,Racing Withthemoon,DB/BR,F,01/24/2022,Munnings,Miss Majestic,445,Majestic Warrior,,"Tom McCrocklin, Agent for Peter J. Mirabelli",,Tom McCrocklin,FL,18,Resolute Bloodstock,500000,,,20.2," 1/4",03/08/2024,1,49,
454,O,2022,,CH,F,02/09/2022,Echo Town,Miss Malice,446,Palace Malice,,"Caliente Thoroughbreds, Agent",,Caliente Thoroughbreds,KY,19,OUT,,,02/21/2024,,,,,,
455,O,2022,,B,C,03/29/2022,War of Will,Miss Matzoball,447,Smoke Glacken,,"Sequel Bloodstock, Agent III",,Sequel Bloodstock,LA,9,OUT,,,01/26/2024,,,,,,
456,I,2022,,CH,F,02/04/2022,Khozan,Miss May,448,Northern Afleet,,"Cesar Loya Training & Sales, Agent III",,Cesar Loya Training & Sales,FL,2,"Seth Morris, Agent for Hit The Bid Stables",75000,,,10.0," 1/8",03/08/2024,2,96,
457,I,2022,,B,C,03/30/2022,Adios Charlie,Miss Melinda,449,Malibu Moon,,Ocala Stud,,"Ocala Stud ",FL,4,Champion Equine LLC,120000,,,20.4," 1/4",03/08/2024,1,7,
458,I,2022,,B,F,01/06/2022,Echo Town,Miss Sephora,450,First Samurai,,"Craig L. Wheeler, Agent",,Craig L. Wheeler,IN,3,"McMahon and Hill Bldstk, Agent for Radley Equine",120000,,,10.1," 1/8",03/08/2024,2,81,
459,I,2022,,B,C,02/02/2022,Audible,Miss Sooner Girl,451,Quality Road,,"S G V Thoroughbreds LLC (Steven Venosa), Agent",,S G V Thoroughbreds LLC (Steven Venosa),KY,10,Daigneault Thoroughbreds LLC,210000,,,10.1," 1/8",03/08/2024,1,40,
460,O,2022,,B,F,02/10/2022,Uncle Mo,Miss Vindictive,452,Stephen Got Even,,"Paul Sharp, Agent II",,Paul Sharp,KY,8,OUT,,,03/01/2024,,,,,,
461,I,2022,,DB/BR,F,02/26/2022,Mendelssohn,Moanin (FR),453,Medicean (GB),,"Boutte Sales, Agent II",,Boutte Sales,KY,9,RNA,-65000,,,10.2," 1/8",03/08/2024,2,112,
462,I,2022,,B,F,03/04/2022,St Patrick's Day,Mochaccino,454,Uncaptured,,"McKathan Bros. Sales, Agent I",,McKathan Bros. Sales,FL,6,Champion Equine LLC,50000,,,10.0," 1/8",03/08/2024,1,34,
463,I,2022,,DB/BR,C,04/18/2022,Honest Mischief,Mochima,455,Wildcat Heir,,"Blas Perez Stables, Agent IV",,Blas Perez Stables,NY,19,Rudy Rodriguez,50000,,,9.4," 1/8",03/08/2024,1,18,
464,I,2022,,DB/BR,C,02/09/2022,Uncle Mo,Molly Corbin,456,War Front,,"Gene Recio, Agent XIV",,Gene Recio,FR,17,Gervais Racing,150000,,,10.1," 1/8",03/08/2024,1,33,
465,I,2022,,B,C,02/24/2022,Collected,Molly Meister,457,Bodemeister,,"Thorostock LLC, Agent",,Thorostock LLC,ON,18,Realm Racing Stable,25000,,,21.3," 1/4",03/08/2024,3,171,
466,I,2022,,B,C,04/26/2022,Catalina Cruiser,Moms Pride (FR),458,Into Mischief,,"Omar Ramirez Bloodstock, Agent III",,Omar Ramirez Bloodstock,KY,14,"Michael Pender, Agent",100000,,,20.4," 1/4",03/08/2024,2,78,
467,O,2022,,B,C,02/17/2022,Gun Runner,Money Huntress,459,Mineshaft,,"de Meric Sales, Agent I",,de Meric Sales,KY,12,OUT,,,03/08/2024,,,,,,
468,I,2022,,B,C,03/30/2022,No Nay Never,Monya (IRE),460,Dark Angel (IRE),,"Wavertree Stables, Inc. (Ciaran Dunne), Agent XIV",,Wavertree Stables Inc. (Ciaran Dunne),IRE,5,RNA,-190000,,,10.0," 1/8",03/08/2024,2,82,
469,O,2022,,DB/BR,F,02/14/2022,Instagrand,Moon Legacy,461,Malibu Moon,,"Silvestre Chavez Thoroughbreds, Agent VI",,Silvestre Chavez Thoroughbreds,KY,17,OUT,,,02/13/2024,,,,,,
470,I,2022,Not the First Time,DB/BR,F,04/10/2022,Not This Time,Moonlight Serenade,462,Malibu Moon,,"Tom McCrocklin, Agent VIII",,Tom McCrocklin,PA,18,"Tom McCrocklin, Agent for Hoffman Thoroughbred",160000,,,20.4," 1/4",03/08/2024,1,9,
471,I,2022,,B,C,01/30/2022,Tiz the Law,Moonlit Cove,463,Giant's Causeway,,GOP Racing Stable Corp.,,"GOP Racing Stable Corp. ",KY,16,RNA,-40000,,,10.2," 1/8",03/08/2024,2,129,
472,I,2022,,DB/BR,F,02/22/2022,Mitole,Moon Pie (IRE),464,Mr. Greeley,,"Golden Rock Thoroughbreds, Agent XI",,Golden Rock Thoroughbreds,KY,14,Yoshihiro Tsukada,50000,,,10.0," 1/8",03/08/2024,1,42,
473,I,2022,,DB/BR,C,05/02/2022,Mendelssohn,More Than a Cruise,465,More Than Ready,,"White Lilac (Katie Miranda), Agent VI",,White Lilac (Katie Miranda),KY,17,RNA,-70000,,,10.1," 1/8",03/08/2024,1,11,
474,O,2022,,B,C,04/09/2022,Practical Joke,Mo's Song,466,Uncle Mo,,"Top Line Sales LLC, Agent XII",,Top Line Sales LLC,KY,1,OUT,,,03/05/2024,,,,,,
475,I,2022,,DB/BR,C,02/24/2022,Instilled Regard,Mrs. Bucket,92,Cross Traffic,,Nice and Easy Thoroughbreds,,"Nice and Easy Thoroughbreds ",KY,16,RNA,-22000,,,10.2," 1/8",03/08/2024,3,157,
476,I,2022,,B,F,01/19/2022,Maclean's Music,Ms. Short Fuze,467,Zensational,,"Top Line Sales LLC, Agent XIII",,Top Line Sales LLC,KY,1,Patricia's Hope LLC,250000,,,10.0," 1/8",03/08/2024,1,31,
477,O,2022,Frosted Window,GR/RO,F,04/05/2022,Frosted,Multiplayer,468,Giant's Causeway,,Azteca Dreams LLC,,"Azteca Dreams LLC ",KY,15,OUT,,,03/11/2024,,,,,,
478,O,2022,,CH,C,04/01/2022,Practical Joke,Mum,469,Tapit,,"Golden Noguez, Agent",,Golden Noguez,LA,17,OUT,,,03/13/2024,,,,,,
479,I,2022,,CH,C,04/19/2022,Malibu Moon,Musical Mystery,470,Concerto,,"Adios Amigos, Agent",,Adios Amigos,KY,13,Dr. Carlos A. Disdier,60000,,,10.0," 1/8",03/08/2024,3,153,
480,I,2022,,DB/BR,C,02/24/2022,Malibu Moon,Must Be Fate,471,Eurosilver,,Nice and Easy Thoroughbreds,,"Nice and Easy Thoroughbreds ",MD,16,RNA,-65000,,,10.1," 1/8",03/08/2024,1,35,
481,I,2022,,CH,F,03/17/2022,Speightster,My Belonging,472,Belong to Me,,"Tom McCrocklin, Agent  for Complete Dispersal for Lothenbach","Stables, Inc.",Tom McCrocklin,MN,18,"Kenneth McPeek, Agent",25000,,,G,G,03/08/2024,3,181,
482,I,2022,,B,F,04/07/2022,Twirling Candy,My Day,473,Uncle Mo,,"Wavertree Stables, Inc. (Ciaran Dunne), Agent IX",,Wavertree Stables Inc. (Ciaran Dunne),KY,5,Saints or Sinners LLC,575000,,,9.4," 1/8",03/08/2024,1,26,
483,I,2022,,B,C,03/14/2022,Mo Town,My Lily Rose,474,Orientate,,"Triple C Sales, Agent I",,Triple C Sales,KY,16,C.H.P.R.,20000,Y,,10.0," 1/8",03/08/2024,2,83,
484,I,2022,,B,C,04/28/2022,Practical Joke,My Lucky Spell,475,Lookin At Lucky,,"Wildheart Thoroughbreds LLC, Agent I",,Wildheart Thoroughbreds LLC,KY,16,Greg Compton Agent for Danny W. Brown,46000,Y,,9.4," 1/8",03/08/2024,2,86,
485,O,2022,,GR/RO,C,03/21/2022,Twirling Candy,My Own Story,476,Lasting Approval,,"Wavertree Stables, Inc. (Ciaran Dunne), Agent XV",,Wavertree Stables Inc. (Ciaran Dunne),KY,5,OUT,,,03/08/2024,,,,,,
486,I,2022,,CH,F,03/14/2022,Solomini,Myself,477,Giant's Causeway,,"Silvestre Chavez Thoroughbreds, Agent I",,Silvestre Chavez Thoroughbreds,NY,17,"Joseph Brocklebank, Agent",75000,,,10.2," 1/8",03/08/2024,3,155,
487,O,2022,,B,F,03/10/2022,Instagrand,My Sister Madi,478,Haynesfield,,"Tom McCrocklin, Agent XX",,Tom McCrocklin,IA,18,OUT,,,03/13/2024,,,,,,
488,I,2022,,B,F,01/19/2022,Seeking the Soul,My Special Secret,479,Mineshaft,,"Kinsman Farm, Agent",,Kinsman Farm,FL,7,"Tonja Terranova, Agent for Curragh Stables",60000,,,10.1," 1/8",03/08/2024,3,174,
489,I,2022,,CH,F,04/28/2022,Echo Town,Mystic Miracle,480,Unbridled's Song,,"de Meric Sales, Agent II",,de Meric Sales,KY,12,Ronald Spatz,60000,Y,,10.0," 1/8",03/08/2024,2,128,
490,I,2022,,CH,C,02/10/2022,More Than Ready,My Sugar Bear,481,Giant's Causeway,,"S B M Training and Sales, Agent V",,S B M Training and Sales,KY,5,Cash Is King LLC and LC Racing LLC,150000,,,10.1," 1/8",03/08/2024,3,168,
491,I,2022,,B,F,03/05/2022,Maclean's Music,Mzima Springs,482,Harlan's Holiday,,"Wavertree Stables, Inc. (Ciaran Dunne), Agent XVI",,Wavertree Stables Inc. (Ciaran Dunne),KY,5,Patricia's Hope LLC,200000,,,9.4," 1/8",03/08/2024,1,66,
492,I,2022,,B,C,03/06/2022,Thousand Words,Nana Anna,483,Henny Hughes,,AVP Training and Sales,,"AVP Training and Sales ",KY,16,C.H.P.R.,39000,Y,,10.1," 1/8",03/08/2024,2,92,
493,I,2022,,DB/BR,C,03/17/2022,Coal Front,Nanybelle,484,Bellamy Road,,"McKathan Bros. Sales, Agent II",,McKathan Bros. Sales,KY,6,Scott C. Leavitt,50000,,,10.2," 1/8",03/08/2024,3,164,
494,I,2022,,DB/BR,C,03/22/2022,Flatter,Napier,485,Midnight Lute,,"Sequel Bloodstock, Agent VI",,Sequel Bloodstock,KY,9,Marquee Bloodstock,1300000,,,9.4," 1/8",03/08/2024,1,39,
495,O,2022,,CH,C,02/08/2022,Curlin,Naples Lady,486,Ghostzapper,,"Harris Training Center LLC, Agent III",,Harris Training Center LLC,KY,13,OUT,,,02/15/2024,,,,,,
496,O,2022,,B,C,03/19/2022,Gunnevera,Natalie Victoria,487,Indian Ocean,,"Julie Davies LLC, Agent IX",,Julie Davies LLC,FL,7,OUT,,,03/13/2024,,,,,,
497,I,2022,,B,C,04/05/2022,St Patrick's Day,Nautical N,488,Super Saver,,"Journeyman Bloodstock Services, Inc.","(Brent & Crystal Fernung), Agent",Journeyman Bloodstock (Brent & Crystal Fernung),FL,2,RNA,-45000,,,10.0," 1/8",03/08/2024,3,137,
498,I,2022,,GR/RO,C,03/04/2022,Leofric,Necessary,489,Stroll,,"Gene Recio, Agent IV",,Gene Recio,KY,17,"Brenda Zoppo, Agent",20000,,,10.2," 1/8",03/08/2024,2,132,
499,I,2022,,B,F,01/27/2022,Twirling Candy,Nest Egg,490,Eskendereya,,"Eddie Woods, Agent VIII",,Eddie Woods,KY,11,"Jet Horse LLC, Peter Miller, Agent",600000,,,10.0," 1/8",03/08/2024,1,5,
500,I,2022,,B,C,04/05/2022,Goldencents,Nevertoomanykisses,491,Checklist,,"White Lilac (Katie Miranda), Agent II",,White Lilac (Katie Miranda),KY,17,Ruben Valdes,11000,,,10.1," 1/8",03/08/2024,2,117,
501,I,2022,,B,F,03/02/2022,Authentic,New York Groove,492,Verrazano,,"de Meric Sales, Agent XVIII",,de Meric Sales,KY,12,"Pedro Lanz, Agent for KAS Stable",160000,,,10.0," 1/8",03/08/2024,1,59,
502,I,2022,War Poet,B,C,04/18/2022,War of Will,Nicole H,493,Mr. Greeley,,"White Lilac (Katie Miranda), Agent I",,White Lilac (Katie Miranda),KY,17,RNA,-100000,,,10.1," 1/8",03/08/2024,2,69,
503,I,2022,,CH,F,03/18/2022,Improbable,Nikki and Papa,494,Mineshaft,,"Tom McCrocklin, Agent XII",,Tom McCrocklin,KY,18,"J D T Racing, LLC",50000,,,21.1," 1/4",03/08/2024,2,85,
504,O,2022,,B,F,04/17/2022,Sea The Stars (IRE),Niku (IRE),495,High Chaparral (IRE),,"Eddie Woods, Agent XII",,Eddie Woods,IRE,11,OUT,,,03/13/2024,,,,,,
505,I,2022,,B,C,05/23/2022,Maximum Security,Nippy,496,Pulpit,,"Adios Amigos, Agent",,Adios Amigos,KY,13,RNA,-37000,,,10.1," 1/8",03/08/2024,1,41,
506,I,2022,,DB/BR,C,01/14/2022,Girvin,Noble Jewel,497,Noble Mission (GB),,"New Way, Agent I",,New Way,KY,13,RNA,-27000,,,10.0," 1/8",03/08/2024,1,56,
507,I,2022,,DB/BR,F,04/22/2022,Nyquist,Nobody's Fault,498,Blame,,"Ocala Stud, Agent  for Complete Dispersal for Lothenbach","Stables, Inc.",Ocala Stud,KY,4,AMO Racing,70000,,,G,G,03/08/2024,2,97,
508,I,2022,,B,C,04/15/2022,Ghostzapper,No Fault of Mine,499,Blame,,"Ocala Stud, Agent  for Complete Dispersal for Lothenbach","Stables, Inc.",Ocala Stud,KY,4,"Kenneth McPeek, Agent",95000,,,G,G,03/08/2024,3,147,
509,I,2022,,DB/BR,F,02/08/2022,Complexity,No Name Needed,500,Medaglia d'Oro,,"Eddie Woods, Agent VIII",,Eddie Woods,KY,11,C.H.P.R.,10000,Y,,10.1," 1/8",03/08/2024,3,150,
510,I,2022,,DB/BR,F,02/09/2022,Tiz the Law,Noon Moon,501,Malibu Moon,,"Global Thoroughbreds LLC, Agent",,Global Thoroughbreds LLC,KY,10,West Bloodstock,135000,,,10.0," 1/8",03/08/2024,3,140,
511,I,2022,,B,C,04/30/2022,Oscar Performance,No Retreat,502,War Chant,,"Ocala Stud, Agent  for Complete Dispersal for Lothenbach","Stables, Inc.",Ocala Stud,KY,4,CJ Stables LLC,67000,,,G,G,03/08/2024,3,178,
512,I,2022,,DB/BR,F,02/19/2022,Spun to Run,Northern Netti,503,City Zip,,"Silvestre Chavez Thoroughbreds, Agent VI",,Silvestre Chavez Thoroughbreds,KY,17,RNA,-37000,,,10.1," 1/8",03/08/2024,1,51,
513,O,2022,,B,F,03/18/2022,Complexity,No Show Rose,504,Graydar,,"New Horizons Bloodstock LLC, Agent I",,New Horizons Bloodstock LLC,KY,18,OUT,,,03/01/2024,,,,,,
514,I,2022,,B,F,02/07/2022,Tiz the Law,Nuhood,505,Smart Strike,,"de Meric Sales, Agent XVIII",,de Meric Sales,KY,12,RNA,-145000,,,9.4," 1/8",03/08/2024,1,24,
515,O,2022,,DB/BR,F,04/18/2022,Khozan,Oasis At Midnight,506,Midnight Lute,,"Top Line Sales LLC, Agent XXXVIII",,Top Line Sales LLC,FL,1,OUT,,,03/05/2024,,,,,,
516,O,2022,,CH,C,02/20/2022,Gun Runner,Occasionally,507,Tiznow,,"de Meric Sales, Agent I",,de Meric Sales,VA,12,OUT,,,03/12/2024,,,,,,
517,I,2022,,CH,C,02/08/2022,Preservationist,Officer Leah,508,Officer,,"White Lilac (Katie Miranda), Agent VIII",,White Lilac (Katie Miranda),KY,17,Ken Kozaki,80000,,,10.1," 1/8",03/08/2024,3,177,
518,I,2022,,DB/BR,C,05/02/2022,Caravaggio,Oh Carole,509,Unbridled's Song,,"Whitman Sales LLC, Agent I",,Whitman Sales LLC,KY,16,RNA,-40000,,,10.1," 1/8",03/08/2024,2,101,
519,O,2022,,DB/BR,C,03/07/2022,Global Campaign,Oh Kay See,510,Notional,,"Pike Racing @ Highlander, Agent III",,Pike Racing @ Highlander,KY,9,OUT,,,03/13/2024,,,,,,
520,I,2022,,GR/RO,C,04/18/2022,Malibu Moon,Oh Wise One,511,Dunkirk,,Golden Thoroughbreds Training and Sales,,"Golden Thoroughbreds Training and Sales ",KY,10,"Victor Barboza,Jr. Agent for MSB Bloodstock",72000,,,10.2," 1/8",03/08/2024,3,136,
521,I,2022,,DB/BR,F,02/23/2022,Cloud Computing,Old Valyria,512,Old Forester,,RiceHorse Stable (Brandon & Ali Rice),,"RiceHorse Stable (Brandon & Ali Rice) ",FL,6,Dennis O'Neill,67000,,,10.0," 1/8",03/08/2024,1,28,
522,I,2022,,B,C,02/19/2022,Higher Power,One for You,513,Dayjur,,GOP Racing Stable Corp.,,"GOP Racing Stable Corp. ",KY,16,RNA,-37000,,,10.1," 1/8",03/08/2024,1,19,
523,O,2022,,GR/RO,F,02/03/2022,Instilled Regard,One Foxy Grey,514,Big Brown,,"Coastal Equine LLC (Jesse Hoppel), Agent",,Coastal Equine LLC (Jesse Hoppel),KY,7,OUT,,,03/08/2024,,,,,,
524,I,2022,,B,C,02/28/2022,Bodexpress,Onemoresweetkiss,515,Bedford Falls,,"Gene Recio, Agent VII",,Gene Recio,CA,17,RNA,-48000,,,10.2," 1/8",03/08/2024,2,70,
525,I,2022,Onna Law,CH,C,02/26/2022,Tiz the Law,Onna Bugeisha,516,First Samurai,,"Gene Recio, Agent XXIV",,Gene Recio,KY,17,RNA,-185000,,,10.1," 1/8",03/08/2024,1,2,
526,I,2022,,DB/BR,C,02/27/2022,Gun Runner,O' Toole,517,Distorted Humor,,"Niall Brennan Stables, Agent XII",,Niall Brennan Stables,FL,8,Spendthrift Farm LLC & Frank Fletcher Racing,725000,,,10.0," 1/8",03/08/2024,1,17,
527,I,2022,,DB/BR,F,03/28/2022,Echo Town,Our Eleanor,518,Successful Appeal,,"RiceHorse Stable (Brandon & Ali Rice), Agent I",,RiceHorse Stable (Brandon & Ali Rice),KY,6,RNA,-20000,,,10.1," 1/8",03/08/2024,2,115,
528,I,2022,,B,C,04/18/2022,Lord Nelson,Our Lesmis,519,Yes It's True,,Ortega Stables LLC,,"Ortega Stables LLC ",ON,3,Miami Investments,50000,Y,,9.4," 1/8",03/08/2024,2,76,
529,I,2022,,B,C,05/09/2022,Tiz the Law,Our Majesty,520,Majesticperfection,,"Hartley / DeRenzo Thoroughbreds LLC, Agent",,Hartley / DeRenzo Thoroughbreds LLC,KY,5,RNA,-750000,,,9.3," 1/8",03/08/2024,1,20,
530,I,2022,,DB/BR,C,02/25/2022,Omaha Beach,Out of Orbit,521,Malibu Moon,,"Eddie Woods, Agent VIII",,Eddie Woods,NY,11,August Dawn Farm,200000,,,10.0," 1/8",03/08/2024,1,52,
531,I,2022,,B,F,01/21/2022,Instagrand,Owaw's Empress,522,Bodemeister,,"On Point Training & Sales, Agent",,On Point Training & Sales,LA,1,"Patrice MIller, EQB, Inc. Agent",75000,,,10.2," 1/8",03/08/2024,1,65,
532,O,2022,,B,F,04/16/2022,Thousand Words,Painted Woman,523,Forest Wildcat,,Limitless Thoroughbred LLC,,"Limitless Thoroughbred LLC ",KY,16,OUT,,,03/13/2024,,,,,,
533,I,2022,,B,C,05/04/2022,Not This Time,Pammy Whammy,524,War Front,,"Hartley / DeRenzo Thoroughbreds LLC, Agent I",,Hartley / DeRenzo Thoroughbreds LLC,KY,5,RNA,-1500000,,,9.4," 1/8",03/08/2024,1,58,
534,I,2022,,DB/BR,C,03/25/2022,Global Campaign,Paoletta,525,Medaglia d'Oro,,"Horseland Stables, Agent I",,Horseland Stables,KY,14,"Majestic, Agent",100000,,,10.0," 1/8",03/08/2024,3,139,
535,I,2022,,DB/BR,C,05/14/2022,More Than Ready,Paris Cruise,526,First Samurai,,"Julie Davies LLC, Agent V",,Julie Davies LLC,ON,7,"Ben Gowans, Agent",360000,,,9.4," 1/8",03/08/2024,1,14,
536,I,2022,Mystic Sea,DB/BR,F,02/15/2022,McKinzie,Part the Seas,527,Stormy Atlantic,,Kinsman Farm,,"Kinsman Farm ",KY,7,RNA,-335000,,,9.4," 1/8",03/08/2024,2,68,
537,O,2022,,DB/BR,F,04/06/2022,Authentic,Party Starter,528,Medaglia d'Oro,,"Pick View LLC, Agent XI",,Pick View LLC,KY,3,OUT,,,03/08/2024,,,,,,
538,I,2022,,B,C,02/21/2022,Dialed In,Patchwork,529,First Samurai,,"Old South Farm LLC, Agent",,Old South Farm LLC,KY,9,Richard Malouf,50000,,,10.0," 1/8",03/08/2024,1,61,
539,I,2022,,B,C,01/23/2022,Justify,Pauseforthecause,530,Giant's Causeway,,"Pick View LLC, Agent XIV",,Pick View LLC,NY,3,"Donato Lanni, Agent for Zedan Racing",700000,,,20.2," 1/4",03/08/2024,1,8,
540,I,2022,,DB/BR,C,02/06/2022,Improbable,Pay Off,531,Broken Vow,,Kinsman Farm,,"Kinsman Farm ",KY,7,"Rodolphe Brisset, Agent for Storyteller Racing",250000,,,10.0," 1/8",03/08/2024,1,12,
541,O,2022,,B,F,01/12/2022,Munnings,Peaceful Feeling,532,War Front,,"Pike Racing @ Highlander, Agent IV",,Pike Racing @ Highlander,KY,9,OUT,,,03/12/2024,,,,,,
542,O,2022,,DB/BR,C,01/27/2022,Mendelssohn,Pearl In The Sand (IRE),533,Footstepsinthesand (GB),,All Dreams Equine,,"All Dreams Equine ",KY,2,OUT,,,03/09/2024,,,,,,
543,O,2022,,CH,F,04/14/2022,Omaha Beach,Perfection Lady,534,Majesticperfection,,"S B M Training and Sales, Agent IV",,S B M Training and Sales,KY,5,OUT,,,03/13/2024,,,,,,
544,I,2022,,DB/BR,F,03/16/2022,Complexity,Perfect Pegasus,535,Fusaichi Pegasus,,"Thorostock LLC, Agent",,Thorostock LLC,KY,18,"John Kimmel, Agent for Flanagan Racing, LLC",310000,,,20.3," 1/4",03/08/2024,1,32,
545,I,2022,,DB/BR,F,03/28/2022,Complexity,Piney Point,536,Curlin,,"Mayberry Farm, Agent III",,Mayberry Farm,KY,7,RNA,-95000,,,10.0," 1/8",03/08/2024,1,36,
546,I,2022,,GR/RO,C,02/14/2022,Caravaggio,Platonic Love,537,Elusive Quality,,"Top Line Sales LLC, Agent XXII",,Top Line Sales LLC,KY,1,Amira Chichakly,15000,Y,,10.2," 1/8",03/08/2024,2,118,
547,I,2022,,B,C,02/12/2022,Always Dreaming,Playin Music,538,Not This Time,,"Golden Rock Thoroughbreds, Agent IX",,Golden Rock Thoroughbreds,FL,14,Marc Tacher,25000,,,10.2," 1/8",03/08/2024,2,122,
548,O,2022,,GR/RO,C,03/02/2022,Vekoma,Point Streak,539,Majestic Warrior,,"Scanlon Training & Sales, Agent for Excel Bloodstock",(Bruno DeBerdt),Scanlon Training & Sales,KY,4,OUT,,,03/08/2024,,,,,,
549,I,2022,,B,F,04/15/2022,Frosted,Polite Smile,540,Distorted Humor,,"Omega Farm, Agent",,Omega Farm,KY,6,Ruben Ramirez,7000,,,10.1," 1/8",03/08/2024,1,62,
550,O,2022,,CH,C,03/11/2022,Maclean's Music,Port of Indy,541,Congrats,,"Golden Rock Thoroughbreds, Agent X",,Golden Rock Thoroughbreds,KY,14,OUT,,,02/21/2024,,,,,,
551,I,2022,,B,C,05/07/2022,Complexity,Praising,542,Pulpit,,"Wavertree Stables, Inc. (Ciaran Dunne), Agent V",,Wavertree Stables Inc. (Ciaran Dunne),KY,5,Hideyuki Mori,300000,,,9.4," 1/8",03/08/2024,1,46,
552,O,2022,,B,C,02/12/2022,Improbable,Prayer Circle,543,Include,,CM Thoroughbreds,,"CM Thoroughbreds ",VA,15,OUT,,,03/13/2024,,,,,,
553,I,2022,Most Handsome,CH,C,02/02/2022,Neolithic,Precious Lady,544,Songandaprayer,,"On Track, Agent",,On Track,FL,13,RNA,-45000,,,9.4," 1/8",03/08/2024,1,63,
554,I,2022,,B,C,04/28/2022,Laoban,Princess Aspen,545,Birdstone,,"Top Line Sales LLC, Agent II",,Top Line Sales LLC,KY,1,"Arthur Hoyeau, Agent",525000,,,9.4," 1/8",03/08/2024,2,87,
555,I,2022,,CH,C,04/13/2022,Tonalist,Princess Bertrando,546,Bertrando,,GOP Racing Stable Corp.,,"GOP Racing Stable Corp. ",KY,16,RNA,-115000,,,10.1," 1/8",03/08/2024,2,72,
556,I,2022,,DB/BR,F,02/02/2022,Brody's Cause,Princess Erindelle,547,Divine Park,,"Cruzin' Thoroughbreds LLC, Agent",,Cruzin' Thoroughbreds LLC,KY,13,H. R. Racing,95000,,,10.0," 1/8",03/08/2024,2,120,
557,I,2022,,B,F,03/18/2022,Higher Power,Princess Nekia,548,Take Charge Indy,,"Bluejay Stables LLC, Agent I",,Bluejay Stables LLC,KY,15,RNA,-50000,,,10.1," 1/8",03/08/2024,2,94,
558,I,2022,,B,C,02/24/2022,Medaglia d'Oro,Princessof the Nyl,549,Pioneerof the Nile,,"S B M Training and Sales, Agent I",,S B M Training and Sales,KY,5,"Pedro Lanz, Agent for KAS Stable",425000,,,10.0," 1/8",03/08/2024,1,25,
559,O,2022,,GR/RO,C,03/13/2022,Volatile,Prisoner's Dilemma,550,Blame,,"Wavertree Stables, Inc. (Ciaran Dunne), Agent XVII",,Wavertree Stables Inc. (Ciaran Dunne),NY,5,OUT,,,03/08/2024,,,,,,
560,I,2022,,DB/BR,F,02/21/2022,Complexity,Procuradora,551,Bodemeister,,"Top Line Sales LLC, Agent XXX",,Top Line Sales LLC,FL,1,RNA,-95000,,,10.0," 1/8",03/08/2024,1,57,
561,I,2022,,B,F,01/22/2022,Mo Town,Prom Dress,552,Stephen Got Even,,"RiceHorse Stable (Brandon & Ali Rice), Agent III",,RiceHorse Stable (Brandon & Ali Rice),NC,6,Louis Linder Jr.,17000,Y,,10.0," 1/8",03/08/2024,3,170,
562,I,2022,,DB/BR,C,04/07/2022,Frosted,Proud and Charming,553,Proud Citizen,,New Horizons Bloodstock LLC,,"New Horizons Bloodstock LLC ",FL,18,C.H.P.R.,25000,Y,,10.2," 1/8",03/08/2024,1,53,
563,I,2022,,B,F,03/02/2022,Demarchelier (GB),Proximity (GB),554,Nayef,,"Top Line Sales LLC, Agent XXXVI",,Top Line Sales LLC,KY,1,Dancing Wind Stables LLC,7000,,,10.2," 1/8",03/08/2024,3,144,
564,O,2022,,B,C,03/05/2022,Authentic,Psycho Kitten,555,Kitten's Joy,,"Randy Miles, Agent IX",,Randy Miles,KY,10,OUT,,,03/13/2024,,,,,,
565,O,2022,Abbey Theatre,CH,F,03/15/2022,Oscar Nominated,Public House,556,Tribal Rule,,"Mayberry Farm, Agent I",,Mayberry Farm,CA,7,OUT,,,03/13/2024,,,,,,
566,O,2022,,GR/RO,F,03/04/2022,Global Campaign,Pure Value,557,Value Plus,,"Pick View LLC, Agent II",,Pick View LLC,KY,3,OUT,,,03/13/2024,,,,,,
567,I,2022,,B,F,03/21/2022,Flameaway,Quality Holiday,558,Exclusive Quality,,Fast Horses,,"Fast Horses ",FL,15,RNA,-22000,,,10.1," 1/8",03/08/2024,3,135,
568,I,2022,,DB/BR,C,04/15/2022,Honor Code,Quality Lass,559,Exclusive Quality,,"Golden Rock Thoroughbreds, Agent IV",,Golden Rock Thoroughbreds,KY,14,Fast Horses,32000,Y,,10.1," 1/8",03/08/2024,3,184,
569,I,2022,,B,C,03/09/2022,Khozan,Quality Light,560,Elusive Quality,,"GOP Racing Stable Corp., Agent I",,GOP Racing Stable Corp.,FL,16,RNA,-19000,,,10.1," 1/8",03/08/2024,3,172,
570,I,2022,,B,F,04/02/2022,Khozan,Queen Brunette,561,Uncle Mo,,"de Meric Sales, Agent IV",,de Meric Sales,FL,12,"Cerasus Thoroughbreds, Franklin Ave Equine, Agent",75000,,,10.1," 1/8",03/08/2024,2,119,
571,I,2022,,CH,C,04/15/2022,Vino Rosso,Queenie's Pride,562,Special Rate,,"Wavertree Stables, Inc. (Ciaran Dunne), Agent VI",,Wavertree Stables Inc. (Ciaran Dunne),KY,5,"Peter Miller, Agent",110000,,,10.0," 1/8",03/08/2024,2,103,
572,O,2022,,DB/BR,C,03/22/2022,Echo Town,Queen of Aces,563,Street Boss,,"Thorostock LLC, Agent",,Thorostock LLC,KY,18,OUT,,,03/14/2024,,,,,,
573,I,2022,,B,F,02/24/2022,McKinzie,Queens Embrace,564,Real Solution,,Crown Thoroughbred,,"Crown Thoroughbred ",KY,11,RNA,-20000,,,10.1," 1/8",03/08/2024,2,114,
574,I,2022,,B,C,02/16/2022,Adios Charlie,Quickasakitten,565,Kitten's Joy,,Ocala Stud,,"Ocala Stud ",FL,4,Narvick Int'l,140000,,,21.0," 1/4",03/08/2024,1,50,
575,O,2022,,B,C,03/04/2022,Vekoma,Quiet Hour,566,Quiet American,,"Julie Davies LLC, Agent VII",,Julie Davies LLC,KY,7,OUT,,,03/11/2024,,,,,,
576,I,2022,,DB/BR,C,02/18/2022,Holy Boss,Quiet River,567,Data Link,,"Coastal Equine LLC (Jesse Hoppel), Agent",,Coastal Equine LLC (Jesse Hoppel),MD,7,Timothy L Keefe,40000,,,10.1," 1/8",03/08/2024,2,95,
577,I,2022,,B,C,02/24/2022,Spun to Run,Quiet Talk,568,Honor Code,,"Niall Brennan Stables, Agent  for Complete Dispersal for","Lothenbach Stables, Inc.",Niall Brennan Stables,KY,8,Carlo Vaccarezza,25000,,,G,G,03/08/2024,2,124,
578,I,2022,,DB/BR,F,04/16/2022,Qurbaan,Raasikha,569,Medaglia d'Oro,,"Cesar Loya Training & Sales, Agent IV",,Cesar Loya Training & Sales,KY,2,RNA,-27000,,,10.1," 1/8",03/08/2024,3,175,
579,O,2022,,CH,F,05/14/2022,Good Magic,Raging Atlantic,570,Stormy Atlantic,,"Hartley / DeRenzo Thoroughbreds LLC, Agent",,Hartley / DeRenzo Thoroughbreds LLC,KY,5,OUT,,,03/14/2024,,,,,,
580,I,2022,,DB/BR,F,02/24/2022,Dialed In,Rainbow's Song,571,Unbridled's Song,,"Ordonez Thoroughbreds, Agent III",,Ordonez Thoroughbreds,NY,17,"Joseph Brocklebank, Agent for Glenn Lostritto",57500,Y,,10.1," 1/8",03/08/2024,2,67,
581,O,2022,,CH,C,01/18/2022,Bucchero,Raisin Rachel,572,Zensational,,Dynasty Thoroughbreds,,"Dynasty Thoroughbreds ",FL,10,OUT,,,03/04/2024,,,,,,
582,I,2022,,B,C,02/22/2022,Summer Front,Range Marker,573,English Channel,,"Davis Breaking and Training, Inc., Agent I",,Davis Breaking and Training Inc.,KY,4,Rohan Crichton,60000,,,10.1," 1/8",03/08/2024,2,126,
583,O,2022,,B,F,02/23/2022,Bolt d'Oro,Rather Beautiful,574,Malibu Moon,,"Flynt Fesmire, Agent I",,Flynt Fesmire,KY,10,OUT,,,02/28/2024,,,,,,
584,O,2022,,DB/BR,C,03/29/2022,War of Will,Ready Signal,575,More Than Ready,,"de Meric Sales, Agent XIX",,de Meric Sales,KY,12,OUT,,,03/10/2024,,,,,,
585,I,2022,Bryn's Victory,B,F,02/26/2022,Win Win Win,Redbud Road,576,Awesome of Course,,"de Meric Sales, Agent XXI",,de Meric Sales,FL,12,RNA,-14000,,,10.0," 1/8",03/08/2024,3,149,
586,I,2022,,CH,F,04/06/2022,Mitole,Red City Zip,577,City Zip,,"Whitman Sales LLC, Agent I",,Whitman Sales LLC,KY,16,RNA,-70000,,,9.4," 1/8",03/08/2024,1,30,
587,I,2022,,B,C,02/23/2022,Echo Town,Re Entry,578,Malibu Moon,,"Eddie Woods, Agent II",,Eddie Woods,KY,11,"Kaizen Sales, Agent",16000,,,10.1," 1/8",03/08/2024,3,183,
588,I,2022,,B,C,02/22/2022,Thousand Words,Refigure,579,Bodemeister,,"Julie Davies LLC, Agent X",,Julie Davies LLC,KY,7,Hideyuki Mori,150000,,,10.0," 1/8",03/08/2024,2,71,
589,I,2022,,B,C,03/05/2022,Solomini,Reika,580,Street Sense,,Dynasty Farm,,"Dynasty Farm ",NY,4,"Joseph Brocklebank, Agent for Glenn Lostritto",15000,,,10.3," 1/8",03/08/2024,2,121,
590,I,2022,,GR/RO,C,04/01/2022,Bolt d'Oro,Reinita,581,Dominus,,"Pike Racing @ Highlander, Agent II",,Pike Racing @ Highlander,KY,9,RNA,-170000,,,9.4," 1/8",03/08/2024,2,113,
591,O,2022,,GR/RO,C,02/12/2022,Gunnevera,Releasethe Glacken,582,Smoke Glacken,,"Golden Rock Thoroughbreds, Agent VI",,Golden Rock Thoroughbreds,FL,14,OUT,,,03/14/2024,,,,,,
592,I,2022,,CH,F,03/11/2022,Mendelssohn,Reluctant Bride,583,Speightstown,,"Parrish Farms, Agent",,Parrish Farms,KY,9,James Begg Agent,50000,Y,,10.1," 1/8",03/08/2024,2,77,
593,O,2022,,DB/BR,C,03/22/2022,Daredevil,Rendition,584,A.P. Indy,,"Tom McCrocklin, Agent IV",,Tom McCrocklin,KY,18,OUT,,,03/14/2024,,,,,,
594,I,2022,,GR/RO,F,03/13/2022,Volatile,Resilient One,585,Hard Spun,,Kinsman Farm,,"Kinsman Farm ",MD,7,Barak Farm & Dino's Thoroughbreds LLC,17000,Y,,10.3," 1/8",03/08/2024,2,133,
595,I,2022,,DB/BR,F,03/07/2022,Munnings,Risk Premium,586,Take Charge Indy,,"Gene Recio, Agent XVII",,Gene Recio,KY,17,"Steve Rothblum, Agent for Mark Davis",100000,,,10.1," 1/8",03/08/2024,2,102,
596,I,2022,,GR/RO,F,02/14/2022,Twirling Candy,Riverine,587,Unbridled's Song,,"Navas Equine, Agent III",,Navas Equine,ON,14,"Bruce Brown, Agent",95000,,,10.2," 1/8",03/08/2024,2,90,
597,I,2022,,B,C,03/14/2022,Frosted,Rocket Reload,588,Reload,,"Niall Brennan Stables, Agent II",,Niall Brennan Stables,KY,8,Hideyuki Mori,255000,,,9.4," 1/8",03/08/2024,2,74,
598,I,2022,,B,F,04/30/2022,Bernardini,Rockin Girl,589,Rock Hard Ten,,"Wavertree Stables, Inc. (Ciaran Dunne), Agent",,Wavertree Stables Inc. (Ciaran Dunne),KY,5,George Mellon,110000,,,10.1," 1/8",03/08/2024,2,91,
599,I,2022,,CH,C,04/12/2022,Constitution,Rose and Shine,590,Mr. Sekiguchi,,"Tom McCrocklin, Agent  for Complete Dispersal for Lothenbach","Stables, Inc.",Tom McCrocklin,KY,18,"Gayle Van Leer, Agent",180000,,,G,G,03/08/2024,3,162,
600,I,2022,,GR/RO,C,04/18/2022,Battalion Runner,Royal Sighting,591,Rahy,,"Pick View LLC, Agent XXII",,Pick View LLC,FL,3,MEG Racing LLC,11000,,,21.1," 1/4",03/08/2024,2,106,
601,I,2022,,CH,C,04/10/2022,Authentic,Ruby Trust,592,Smart Strike,,"Hartley / DeRenzo Thoroughbreds LLC, Agent II",,Hartley / DeRenzo Thoroughbreds LLC,KY,5,Resolute Bloodstock,1000000,,,9.4," 1/8",03/08/2024,3,151,
602,I,2022,,B,C,03/11/2022,War of Will,Rumble Doll,593,Street Boss,,"Blas Perez Stables, Agent IX",,Blas Perez Stables,NY,19,RNA,-55000,,,10.0," 1/8",03/08/2024,3,163,
603,I,2022,,GR/RO,C,03/14/2022,Game Winner,Rum Go,594,Mizzen Mast,,"Golden Rock Thoroughbreds, Agent VIII",,Golden Rock Thoroughbreds,KY,14,"James Divito, Agent",150000,,,10.0," 1/8",03/08/2024,2,84,
604,I,2022,,B,F,04/30/2022,Uncle Mo,Rumplestiltskin (IRE),595,Danehill,,"Wavertree Stables, Inc. (Ciaran Dunne), Agent XXII",,Wavertree Stables Inc. (Ciaran Dunne),KY,5,RNA,-145000,,,10.0," 1/8",03/08/2024,2,111,
605,I,2022,,CH,F,03/18/2022,Thousand Words,Run Lady Run,596,Cherokee Run,,"Majestic, Agent XI",,Majestic,KY,13,"Hidden Brook, Agent",60000,,,9.4," 1/8",03/08/2024,1,48,
606,O,2022,,CH,C,04/14/2022,Instagrand,Run Like Rachel,597,Medaglia d'Oro,,"Niall Brennan Stables, Agent  for Complete Dispersal for","Lothenbach Stables, Inc.",Niall Brennan Stables,MN,8,OUT,,,03/08/2024,,,,,,
607,I,2022,,B,F,04/29/2022,Uncle Mo,Runway Ready,598,Mr. Greeley,,"CM Thoroughbreds, Agent II",,CM Thoroughbreds,KY,15,RNA,-50000,,,10.1," 1/8",03/08/2024,1,47,
608,I,2022,,B,C,04/01/2022,Improbable,Ruth and Neva,599,Cherokee Run,,"Top Line Sales LLC, Agent VIII",,Top Line Sales LLC,KY,1,RNA,-190000,,,9.4," 1/8",03/08/2024,1,1,
609,I,2022,,CH,F,03/14/2022,Vekoma,Rylee's Song,600,Unbridled's Song,,"Cesar Loya Training & Sales, Agent I",,Cesar Loya Training & Sales,KY,2,Myracehorse.com,100000,Y,,10.0," 1/8",03/08/2024,1,29,
610,O,2022,,B,F,02/12/2022,Twirling Candy,Safe Journey,601,Flatter,,"Cary Frommer LLC, Agent II",,Cary Frommer LLC,MD,8,OUT,,,01/26/2024,,,,,,
611,O,2022,,B,F,04/20/2022,Into Mischief,Sailor's Valentine,602,Mizzen Mast,,"Wavertree Stables, Inc. (Ciaran Dunne), Agent XXII",,Wavertree Stables Inc. (Ciaran Dunne),KY,5,OUT,,,03/14/2024,,,,,,
612,I,2022,Lady Mary,CH,F,01/06/2022,Noble Bird,Sainted Dancer,603,Saint Anddan,,"Shooting Star Sales LLC, Agent II",,Shooting Star Sales LLC,FL,17,Laurence Holder,25000,Y,,10.2," 1/8",03/08/2024,2,80,
613,I,2022,,B,F,03/16/2022,Bernardini,Salamera,604,Successful Appeal,,"de Meric Sales, Agent VII",,de Meric Sales,KY,12,"Speedway Stables, LLC",875000,,,10.0," 1/8",03/08/2024,1,4,
614,O,2022,,GR/RO,C,04/26/2022,Caravaggio,Sally Dangles,605,More Than Ready,,"Eddie Woods, Agent XXII",,Eddie Woods,KY,11,OUT,,,03/11/2024,,,,,,
615,O,2022,,DB/BR,C,03/02/2022,Game Winner,Samantha Dillon,606,Unbridled's Song,,"de Meric Sales, Agent XV",,de Meric Sales,KY,12,OUT,,,03/07/2024,,,,,,
616,I,2022,,CH,C,01/24/2022,Curlin's Honor,Samantha Samurai,607,First Samurai,,Dynasty Thoroughbreds,,"Dynasty Thoroughbreds ",FL,10,RNA,-25000,,,10.2," 1/8",03/08/2024,3,145,
617,I,2022,,CH,C,03/23/2022,Constitution,Sand Puce (ARG),608,Footstepsinthesand (GB),,"Scanlon Training & Sales, Agent X",,Scanlon Training & Sales,KY,4,Hideyuki Mori,800000,,,9.4," 1/8",03/08/2024,1,27,
618,I,2022,,B,F,02/17/2022,Isotherm,Sandy's Song,609,First Samurai,,"Kings Equine, Agent II",,Kings Equine,AR,1,RNA,-75000,,,10.0," 1/8",03/08/2024,3,143,
619,O,2022,,B,F,04/24/2022,No Nay Never,Sapfo (FR),610,Peintre Celebre,,"Top Line Sales LLC, Agent X",,Top Line Sales LLC,IRE,1,OUT,,,02/16/2024,,,,,,
620,I,2022,,CH,F,05/18/2022,Lord Nelson,Sassy Redhead,611,Henny Hughes,,"Woodside Ranch, Agent I",,Woodside Ranch,KY,6,B S W / Crow,100000,,,10.0," 1/8",03/08/2024,3,159,
621,I,2022,,DB/BR,C,04/27/2022,Midnight Storm,Satulah,612,Gone West,,Dynasty Thoroughbreds,,"Dynasty Thoroughbreds ",FL,10,RNA,-45000,,,9.4," 1/8",03/08/2024,2,100,
622,I,2022,,DB/BR,C,02/25/2022,Ghostzapper,Saved by the Swell,613,Speightstown,,"de Meric Sales, Agent  for Complete Dispersal for Lothenbach","Stables, Inc.",de Meric Sales,KY,12,Jacobo Ordonez,16000,,,G,G,03/08/2024,3,179,
623,I,2022,,B,F,03/11/2022,Instagrand,Scarlett O'Mara,614,Eskendereya,,"Tom McCrocklin, Agent II",,Tom McCrocklin,FL,18,Tom McCrocklin,25000,Y,,21.0," 1/4",03/08/2024,3,138,
624,O,2022,,DB/BR,C,02/17/2022,Maclean's Music,Scary Not Scared,615,Malibu Moon,,"Wavertree Stables, Inc. (Ciaran Dunne), Agent XVIII",,Wavertree Stables Inc. (Ciaran Dunne),KY,5,OUT,,,03/09/2024,,,,,,
625,I,2022,,CH,F,02/25/2022,Global Campaign,Scatmeifucan,616,Scat Daddy,,Dynasty Thoroughbreds,,"Dynasty Thoroughbreds ",FL,10,Boardshorts,100000,,,9.4," 1/8",03/08/2024,1,55,
626,O,2022,,DB/BR,F,02/21/2022,Munnings,Scattered Rain,617,Scat Daddy,,"de Meric Sales, Agent XVIII",,de Meric Sales,KY,12,OUT,,,03/14/2024,,,,,,
627,O,2022,,CH,C,01/18/2022,Vekoma,Scion Power,618,Wildcat Heir,,"Wavertree Stables, Inc. (Ciaran Dunne), Agent XIX",,Wavertree Stables Inc. (Ciaran Dunne),FL,5,OUT,,,03/14/2024,,,,,,
628,O,2022,,B,F,03/27/2022,Omaha Beach,Sconset,619,Tapit,,"Wavertree Stables, Inc. (Ciaran Dunne), Agent XX",,Wavertree Stables Inc. (Ciaran Dunne),KY,5,OUT,,,03/14/2024,,,,,,
629,I,2022,,GR/RO,C,03/12/2022,Vekoma,Scorecard,620,Tale of the Cat,,"de Meric Sales, Agent V",,de Meric Sales,KY,12,C2 Racing Stable LLC,190000,,,10.0," 1/8",03/08/2024,1,16,
630,I,2022,,CH,C,04/06/2022,Vekoma,Scripted,621,Mission Impazible,,"Hartley / DeRenzo Thoroughbreds LLC, Agent",,Hartley / DeRenzo Thoroughbreds LLC,KY,5,RNA,-210000,,,10.0," 1/8",03/08/2024,3,182,
631,I,2022,,DB/BR,F,01/19/2022,Nyquist,Scusami,622,Pioneerof the Nile,,"Eddie Woods, Agent XVI",,Eddie Woods,KY,11,RNA,-55000,,,10.2," 1/8",03/08/2024,3,169,
632,O,2022,,B,C,03/18/2022,Kantharos,Seagrass,623,Quality Road,,"Wes Carter, Agent for Carter Bros.",,Wes Carter,KY,14,OUT,,,02/07/2024,,,,,,
633,I,2022,,DB/BR,C,02/19/2022,Mineshaft,Sea Holiday,624,Harlan's Holiday,,"Navas Equine, Agent VI",,Navas Equine,KY,14,"Joe Migliore, Agent for Jesse Iglesias",100000,,,10.0," 1/8",03/08/2024,1,21,
634,I,2022,,B,F,03/16/2022,Frosted,Season Ticket,625,Lemon Drop Kid,,"Coastal Equine LLC (Jesse Hoppel), Agent II",,Coastal Equine LLC (Jesse Hoppel),KY,7,Homewrecker Racing LLC,150000,,,21.0," 1/4",03/08/2024,1,22,
635,O,2022,,B,C,02/15/2022,Game Winner,Seattle's Best,626,Munnings,,"Eddie Woods, Agent XVIII",,Eddie Woods,KY,11,OUT,,,03/14/2024,,,,,,
636,I,2022,,GR/RO,C,03/14/2022,Unified,Second Fiddle,627,Paynter,,"Sequel Bloodstock, Agent I",,Sequel Bloodstock,NY,9,Narvick Int'l,65000,,,10.1," 1/8",03/08/2024,3,160,
637,I,2022,,B,F,03/13/2022,Gun Runner,Secret Quality,628,Elusive Quality,,"de Meric Sales, Agent XVIII",,de Meric Sales,KY,12,Resolute Bloodstock,200000,,,10.0," 1/8",03/08/2024,1,38,
638,I,2022,,DB/BR,F,03/15/2022,Malibu Moon,Seeking Atlantis,629,Seeking the Gold,,"Woodside Ranch, Agent I",,Woodside Ranch,KY,6,Resolute Bloodstock,150000,,,10.0," 1/8",03/08/2024,1,44,
639,I,2022,,B,F,02/07/2022,Game Winner,Sefani,630,American Pharoah,,"Wavertree Stables, Inc. (Ciaran Dunne), Agent V",,Wavertree Stables Inc. (Ciaran Dunne),KY,5,"Donato Lanni, Agent for Michael Lund Petersen",500000,,,10.0," 1/8",03/08/2024,1,6,
640,O,2022,,B,C,02/01/2022,Complexity,Seize the Empress,631,Carpe Diem,,"Kings Equine, Agent II",,Kings Equine,KY,1,OUT,,,03/14/2024,,,,,,
641,I,2022,,GR/RO,C,01/26/2022,Liam's Map,Send Me On My Way,632,Tiznow,,"Scanlon Training & Sales, Agent VII",,Scanlon Training & Sales,KY,4,MyRacehorse.com,500000,,,10.0," 1/8",03/09/2024,1,8,
642,I,2022,,DB/BR,F,03/08/2022,Bolt d'Oro,Senora Uno,633,Macho Uno,,"Paul Sharp, Agent II",,Paul Sharp,KY,8,"BloodstockAdvisors.com, J Taisey, Agt - Big Dom",220000,,,10.1," 1/8",03/09/2024,2,83,
643,I,2022,,DB/BR,C,03/04/2022,Cloud Computing,Seoul Gold,634,Medaglia d'Oro,,"S G V Thoroughbreds LLC (Steven Venosa), Agent",,S G V Thoroughbreds LLC (Steven Venosa),KY,10,Katsumi Yoshida,60000,,,10.1," 1/8",03/09/2024,2,90,
644,I,2022,,DB/BR,C,01/15/2022,Medaglia d'Oro,Serena's Image,635,Curlin,,"Wavertree Stables, Inc. (Ciaran Dunne), Agent V",,Wavertree Stables Inc. (Ciaran Dunne),KY,5,"Legion Bloodstock, Agent for Kamp Racing",250000,,,10.1," 1/8",03/09/2024,2,103,
645,O,2022,,CH,F,04/09/2022,Complexity,Serene Sophia,636,Giant's Causeway,,"Cesar Loya Training & Sales, Agent I",,Cesar Loya Training & Sales,KY,2,OUT,,,02/15/2024,,,,,,
646,I,2022,,DB/BR,F,02/16/2022,Global Campaign,Serious I Candy,637,Candy Ride (ARG),,Bold Arrow Thoroughbreds,,"Bold Arrow Thoroughbreds ",KY,15,RNA,-25000,,,10.2," 1/8",03/09/2024,1,59,
647,I,2022,,B,F,02/05/2022,Tapiture,Sessile,638,Forestry,,"McKathan Bros. Sales, Agent II",,McKathan Bros. Sales,KY,6,Juan Arriagada,25000,,,10.3," 1/8",03/09/2024,2,126,
648,O,2022,,B,F,04/30/2022,Mitole,Set You Free,639,Arch,,"All Dreams Equine, Agent",,All Dreams Equine,IN,2,OUT,,,03/10/2024,,,,,,
649,O,2022,,CH,F,04/14/2022,Mendelssohn,Seven Stars,640,Indygo Shiner,,Richardson Bloodstock,,"Richardson Bloodstock ",KY,6,OUT,,,03/14/2024,,,,,,
650,O,2022,,B,C,04/08/2022,City of Light,Shabby Chic,641,Union Rags,,"de Meric Sales, Agent IV",,de Meric Sales,PA,12,OUT,,,03/14/2024,,,,,,
651,I,2022,,GR/RO,F,04/03/2022,Cairo Prince,Shady Violence,642,Violence,,Empire Bloodstock LLC,,"Empire Bloodstock LLC ",KY,17,Miami Investments,40000,,,10.2," 1/8",03/09/2024,2,100,
652,O,2022,,CH,F,02/15/2022,Not This Time,Shananies Song,643,Eltish,,"Tom McCrocklin, Agent III",,Tom McCrocklin,FL,18,OUT,,,02/27/2024,,,,,,
653,I,2022,,DB/BR,C,02/04/2022,Laoban,Shanghai Starlet,644,Shanghai Bobby,,"Thorostock LLC, Agent",,Thorostock LLC,KY,18,George Mellon,65000,,,21.4," 1/4",03/09/2024,2,85,
654,I,2022,,DB/BR,C,03/28/2022,Practical Joke,Sharethegoodtimes,645,Candy Ride (ARG),,"Triple J Equine Sales, Agent II",,Triple J Equine Sales,CA,16,RNA,-17000,,,10.3," 1/8",03/09/2024,2,73,
655,I,2022,,B,C,02/27/2022,Audible,She Rocks the Look,646,Trappe Shot,,"Britton Peak, Agent I",,Britton Peak,KY,14,"Rodolphe Brisset, Agent for Storyteller Racing",190000,,,10.0," 1/8",03/09/2024,1,24,
656,O,2022,,CH,C,04/02/2022,Vino Rosso,She's All Ready,647,Girolamo,,"Kings Equine, Agent for Spendthrift Farm LLC",,Kings Equine,KY,1,OUT,,,03/14/2024,,,,,,
657,I,2022,,B,F,03/01/2022,Flameaway,She's Gonna Float,648,Horse Chestnut (SAF),,"White Lilac (Katie Miranda), Agent VII",,White Lilac (Katie Miranda),TX,17,RNA,-50000,,,10.1," 1/8",03/09/2024,1,13,
658,I,2022,,DB/BR,F,03/29/2022,Cutting Humor,She's Haute,649,Lookin At Lucky,,Las Palmas Farm,,"Las Palmas Farm ",AR,13,RNA,-19000,,,10.3," 1/8",03/09/2024,3,138,
659,I,2022,,GR/RO,C,03/05/2022,Liam's Map,Shop American,650,American Pharoah,,"Omar Ramirez Bloodstock, Agent XVIII",,Omar Ramirez Bloodstock,KY,14,RNA,-45000,,,10.1," 1/8",03/09/2024,1,46,
660,O,2022,,CH,C,01/31/2022,Promises Fulfilled,Shot of Cognac,651,Trappe Shot,,"Tom McCrocklin, Agent I",,Tom McCrocklin,WV,18,OUT,,,02/27/2024,,,,,,
661,I,2022,,B,F,02/21/2022,Vekoma,Sibling War,652,Brother Derek,,"Niall Brennan Stables, Agent VI",,Niall Brennan Stables,LA,8,RNA,-45000,,,10.2," 1/8",03/09/2024,1,14,
662,O,2022,,B,C,02/15/2022,Blame,Silent Bond,653,Medaglia d'Oro,,"de Meric Sales, Agent XVIII",,de Meric Sales,KY,12,OUT,,,03/09/2024,,,,,,
663,I,2022,,GR/RO,F,03/11/2022,Maximum Security,Silly Factor,654,The Factor,,"Fast Horses, Agent III",,Fast Horses,KY,15,C.H.P.R.,20000,,,10.3," 1/8",03/09/2024,3,148,
664,I,2022,,B,C,02/28/2022,Preservationist,Silver Lantana,655,Badge of Silver,,"Really and Truly Thoroughbreds, Agent II",,Really and Truly Thoroughbreds,FL,15,Richard Malouf,75000,,,10.0," 1/8",03/09/2024,2,98,
665,I,2022,,CH,F,02/06/2022,Neolithic,Silver Rock (IRE),656,Rock of Gibraltar (IRE),,"Boutte Sales, Agent",,Boutte Sales,FL,9,Angel Rodriguez,7500,,,10.3," 1/8",03/09/2024,3,161,
666,O,2022,withdrawn 4,U,U,03/31/2022,withdrawn 4,withdrawn 4,843,,,Blank Pages,,"Blank Pages ",,0,OUT,,,01/26/2024,,,,,,
667,O,2022,,B,F,04/28/2022,Maximum Security,Silver Sashay,657,Eurosilver,,"Julie Davies LLC, Agent III",,Julie Davies LLC,KY,7,OUT,,,03/14/2024,,,,,,
668,I,2022,,CH,C,04/22/2022,Curlin,Simply Sunny,658,Unbridled's Song,,"de Meric Sales, Agent V",,de Meric Sales,KY,12,"Taproot Bloodstock, Agent",325000,,,10.1," 1/8",03/09/2024,1,25,
669,O,2022,,B,F,02/12/2022,Bolt d'Oro,Singing Hills,659,Super Saver,,"Ocala Stud, Agent",,Ocala Stud,KY,4,OUT,,,03/14/2024,,,,,,
670,I,2022,,DB/BR,C,02/05/2022,Catalina Cruiser,Sing Sing Dixie,660,Into Mischief,,"Coastal Equine LLC (Jesse Hoppel), Agent I",,Coastal Equine LLC (Jesse Hoppel),KY,7,William Bartlett,200000,,,9.4," 1/8",03/09/2024,2,89,
671,O,2022,,B,F,03/16/2022,McKinzie,Sip Sip,661,Bernardini,,"Eddie Woods, Agent XVII",,Eddie Woods,KY,11,OUT,,,03/14/2024,,,,,,
672,O,2022,,DB/BR,C,03/10/2022,Lord Nelson,Sistem,662,Hard Spun,,"Ruby Champion Horses, Agent",,Ruby Champion Horses,KY,6,OUT,,,02/27/2024,,,,,,
673,O,2022,,B,F,01/28/2022,Gun Runner,Sister Dawn,663,Indian Charlie,,"Pike Racing @ Highlander, Agent IV",,Pike Racing @ Highlander,KY,9,OUT,,,03/12/2024,,,,,,
674,I,2022,Maggie Mischief,B,F,02/26/2022,Maximus Mischief,Sister Kathy,664,Belgravia,,"RiceHorse Stable (Brandon & Ali Rice), Agent IV",,RiceHorse Stable (Brandon & Ali Rice),FL,6,Miguel Rodriguez,10000,,,10.3," 1/8",03/09/2024,3,150,
675,I,2022,,DB/BR,C,05/02/2022,Connect,Skating,665,Awesome Again,,"Majestic, Agent XI",,Majestic,KY,13,C.H.P.R.,20000,Y,,10.1," 1/8",03/09/2024,3,162,
676,I,2022,,CH,F,03/28/2022,Vekoma,Smileforamile,666,Unbridled's Song,,Dynasty Thoroughbreds,,"Dynasty Thoroughbreds ",KY,10,John Wade,210000,,,10.0," 1/8",03/09/2024,2,74,
677,I,2022,,B,C,04/07/2022,Bodexpress,Smiling Sunset,667,Smiling Tiger,,"Triple J Equine Sales, Agent II",,Triple J Equine Sales,CA,16,Jeff Plotkin,16000,,,10.4," 1/8",03/09/2024,3,184,
678,I,2022,Smooth Cruisein,DB/BR,C,01/24/2022,Girvin,Smooth Cookie,668,In Summation,,"Mayberry Farm, Agent",,Mayberry Farm,FL,7,RNA,-45000,,,10.1," 1/8",03/09/2024,2,69,
679,I,2022,,B,C,02/18/2022,Take Charge Indy,Snagglepuss,669,Holy Bull,,"de Meric Sales, Agent IV",,de Meric Sales,FL,12,"Greg Compton, Agent for MAG Racing Stables LLC",50000,,,10.2," 1/8",03/09/2024,2,96,
680,I,2022,Keep On Snowing,B,C,04/21/2022,Valiant Minister,Snow Fashion,670,Old Fashioned,,"de Meric Sales, Agent XXVI",,de Meric Sales,FL,12,RNA,-35000,,,10.2," 1/8",03/09/2024,3,171,
681,I,2022,,B,F,04/14/2022,Uncle Mo,Social Call,671,Smart Strike,,"Hartley / DeRenzo Thoroughbreds LLC, Agent",,Hartley / DeRenzo Thoroughbreds LLC,KY,5,"Seth Morris, Agent for Hit The Bid Stables",600000,,,10.0," 1/8",03/09/2024,1,28,
682,O,2022,,B,F,02/27/2022,Maximus Mischief,Sodor,672,Shakespeare,,Fast Horses,,"Fast Horses ",KY,15,OUT,,,03/14/2024,,,,,,
683,O,2022,,CH,C,04/13/2022,Speightster,Solo Survivor,673,Pleasant Tap,,Fast Horses,,"Fast Horses ",NY,15,OUT,,,03/09/2024,,,,,,
684,I,2022,,B,F,02/20/2022,Awesome Slew,Some Might Say,674,Nyquist,,Ocala Stud,,"Ocala Stud ",FL,4,Lloyd MacKinnon,17000,,,21.3," 1/4",03/09/2024,2,81,
685,O,2022,,GR/RO,F,01/29/2022,Volatile,Sonja's Angel,675,Smoke Glacken,,"Ocala Stud, Agent",,Ocala Stud,FL,4,OUT,,,03/05/2024,,,,,,
686,I,2022,,DB/BR,C,04/03/2022,Game Winner,So Stylish,676,Johannesburg,,"Pick View LLC, Agent XV",,Pick View LLC,KY,3,Three Amigos,250000,,,20.2," 1/4",03/09/2024,1,10,
687,I,2022,,B,F,03/02/2022,Global Campaign,Sotique,677,Hennessy,,"de Meric Sales, Agent VI",,de Meric Sales,KY,12,Richard Baltas,17000,,,10.2," 1/8",03/09/2024,2,101,
688,I,2022,,DB/BR,C,04/05/2022,Caravaggio,Soul Spirit,678,Quality Road,,"Scanlon Training & Sales, Agent X",,Scanlon Training & Sales,KY,4,Richard Baltas,60000,Y,,10.2," 1/8",03/09/2024,2,129,
689,I,2022,,B,C,04/04/2022,Maclean's Music,Southern Girl,679,Tapit,,"Pick View LLC, Agent II",,Pick View LLC,FL,3,Rohan Crichton,60000,,,10.2," 1/8",03/09/2024,3,155,
690,I,2022,,B,F,02/22/2022,World of Trouble,Sparkling Beauty,680,Flat Out,,"Sweet River Thoroughbreds, Agent I",,Sweet River Thoroughbreds,KY,13,RNA,-27000,,,10.0," 1/8",03/09/2024,1,55,
691,O,2022,,B,C,01/30/2022,Maclean's Music,Spa Treatment,681,Bernardini,,"Eddie Woods, Agent XI",,Eddie Woods,KY,11,OUT,,,03/13/2024,,,,,,
692,I,2022,,B,F,04/06/2022,Global Campaign,Special Gal,682,Pioneerof the Nile,,"Woodside Ranch, Agent I",,Woodside Ranch,KY,6,"Richard Baltas, Agent for Paula Capestro",70000,,,10.2," 1/8",03/09/2024,1,65,
693,I,2022,,B,C,04/30/2022,Twirling Candy,Special Still,683,Quiet American,,"Whitman Sales LLC, Agent I",,Whitman Sales LLC,KY,16,RNA,-70000,,,10.2," 1/8",03/09/2024,1,61,
694,I,2022,,B,F,02/23/2022,Tiz the Law,Speedy Vanessa,684,American Pharoah,,"Niall Brennan Stables, Agent  for Complete Dispersal for","Lothenbach Stables, Inc.",Niall Brennan Stables,KY,8,Jewel Box Racing 2,190000,,,G,G,03/09/2024,3,178,
695,O,2022,,DB/BR,F,01/25/2022,Maclean's Music,Spirit Lets Hearit,685,Girolamo,,"Niall Brennan Stables, Agent VIII",,Niall Brennan Stables,KY,8,OUT,,,02/20/2024,,,,,,
696,O,2022,,B,F,05/13/2022,Midshipman,Spiritualist,686,Union Rags,,"Omar Ramirez Bloodstock, Agent II",,Omar Ramirez Bloodstock,KY,14,OUT,,,03/05/2024,,,,,,
697,I,2022,,B,C,04/06/2022,Munnings,Spotted Heart,687,Lion Hearted,,"Golden Rock Thoroughbreds, Agent IV",,Golden Rock Thoroughbreds,TX,14,"Nolan Ramsey, Agent for Kenneth L. Ramsey",80000,,,20.4," 1/4",03/09/2024,1,18,
698,O,2022,,GR/RO,C,03/16/2022,Volatile,Spring Dragon,688,Lightnin N Thunder,,"All Dreams Equine, Agent I",,All Dreams Equine,KY,2,OUT,,,03/09/2024,,,,,,
699,I,2022,,DB/BR,C,03/02/2022,Malibu Moon,Stamp,689,War Front,,"Eddie Woods, Agent XXXI",,Eddie Woods,KY,11,"Gayle Van Leer, Agent",50000,,,10.3," 1/8",03/09/2024,2,127,
700,O,2022,,CH,F,03/02/2022,Flatter,Starship Amanda,690,Put It Back,,"Halcyon Hammock Farm, Agent I",,Halcyon Hammock Farm,FL,1,OUT,,,03/06/2024,,,,,,
701,I,2022,,DB/BR,C,04/12/2022,Flatter,Starship Diva,691,Eltish,,"Halcyon Hammock Farm, Agent I",,Halcyon Hammock Farm,FL,1,"Julian deMora, Jr.",70000,,,10.1," 1/8",03/09/2024,1,33,
702,I,2022,,B,F,03/17/2022,Instilled Regard,Starship Kitty,692,Tale of the Cat,,"Dark Star Thoroughbreds (Stori Atchison), Agent",,Dark Star Thoroughbreds (Stori Atchison),FL,3,"Stephen Skaggs, Agent for Averill Racing LLC",30000,,,10.1," 1/8",03/09/2024,2,94,
703,O,2022,,B,F,01/30/2022,Tapwrit,Starship Tribbles,693,Macho Uno,,"Halcyon Hammock Farm, Agent I",,Halcyon Hammock Farm,FL,1,OUT,,,03/12/2024,,,,,,
704,I,2022,,DB/BR,F,03/26/2022,Midnight Lute,State Jewel,694,More Than Ready,,"Ordonez Thoroughbreds, Agent I",,Ordonez Thoroughbreds,ON,17,Fun N Games,40000,,,10.0," 1/8",03/09/2024,1,48,
705,I,2022,,CH,C,03/11/2022,Solomini,St Edmond's Girl,695,Freud,,"Top Line Sales LLC, Agent XXIV",,Top Line Sales LLC,NY,1,Castillo Consulting Inc,20000,Y,,10.3," 1/8",03/09/2024,3,147,
706,I,2022,,B,C,03/28/2022,Bernardini,St. John's River,696,Include,,"Tom McCrocklin, Agent XV",,Tom McCrocklin,KY,18,"Eddie Kenneally, Agent",125000,Y,,21.1," 1/4",03/09/2024,1,60,
707,O,2022,,GR/RO,C,02/17/2022,Instagrand,Stonetacular,697,Speightstown,,"S B M Training and Sales, Agent V",,S B M Training and Sales,KY,5,OUT,,,03/14/2024,,,,,,
708,O,2022,,CH,G,04/02/2022,Street Boss,Storm the Church,698,Pulpit,,Richardson Bloodstock,,"Richardson Bloodstock ",KY,6,OUT,,,03/14/2024,,,,,,
709,I,2022,Queen Aurelia,B,F,02/14/2022,Aurelius Maximus,Stormy Adventure,699,Deputy Storm,,"Scanlon Training & Sales, Agent IV",,Scanlon Training & Sales,LA,4,ABC Racing,70000,,,10.0," 1/8",03/09/2024,2,80,
710,I,2022,,DB/BR,F,04/05/2022,Twirling Candy,Strategic Dreams,700,Archarcharch,,"White Lilac (Katie Miranda), Agent I",,White Lilac (Katie Miranda),KY,17,"Joe Migliore, Agent for Adelphi Racing Club",150000,,,10.0," 1/8",03/09/2024,2,121,
711,I,2022,,CH,C,03/02/2022,Noble Bird,Strategize,701,Afleet Alex,,"Top Line Sales LLC, Agent XXXII",,Top Line Sales LLC,FL,1,Marc Tacher,75000,,,10.1," 1/8",03/09/2024,2,108,
712,I,2022,,B,F,04/15/2022,Candy Ride (ARG),Strawberry Tequila,702,Daaher,,"Gene Recio, Agent XVIII",,Gene Recio,KY,17,Eclipse Thoroughbred Partners,250000,,,10.0," 1/8",03/09/2024,1,29,
713,I,2022,,B,F,04/09/2022,Oscar Performance,Streaming Fire,703,Street Sense,,"Niall Brennan Stables, Agent  for Complete Dispersal for","Lothenbach Stables, Inc.",Niall Brennan Stables,MN,8,"Fergus Galvin, Agent",85000,,,G,G,03/09/2024,2,135,
714,O,2022,,DB/BR,F,04/05/2022,Violence,Street Flirt,704,Street Boss,,"Longoria Training & Sales, Agent II",,Longoria Training & Sales,KY,13,OUT,,,02/19/2024,,,,,,
715,I,2022,,DB/BR,C,02/15/2022,Munnings,Street Rumor,705,Street Sense,,"de Meric Sales, Agent  for Complete Dispersal for Lothenbach","Stables, Inc.",de Meric Sales,KY,12,Champion Equine LLC,140000,,,G,G,03/09/2024,3,183,
716,I,2022,,GR/RO,C,03/29/2022,The Factor,Street Sweets,706,Street Sense,,Ortega Stables LLC,,"Ortega Stables LLC ",KY,3,King of Kings,5000,,,10.3," 1/8",03/09/2024,3,143,
717,I,2022,,B,C,03/24/2022,Klimt,Street Talk,707,Street Cry (IRE),,"Really and Truly Thoroughbreds, Agent V",,Really and Truly Thoroughbreds,KY,15,Suliman Bloodstock,20000,,,10.3," 1/8",03/09/2024,3,173,
718,I,2022,,DB/BR,F,02/01/2022,Laoban,Strike Red,708,Smart Strike,,New Horizons Bloodstock LLC,,"New Horizons Bloodstock LLC ",KY,18,Vince Tucciarone,12000,Y,,10.1," 1/8",03/09/2024,1,44,
719,O,2022,,CH,C,05/11/2022,Gun Runner,Successful Luck,709,Successful Appeal,,"Tom McCrocklin, Agent  for Complete Dispersal for Lothenbach","Stables, Inc.",Tom McCrocklin,KY,18,OUT,,,02/27/2024,,,,,,
720,O,2022,,GR/RO,F,04/15/2022,Frosted,Sugar Jones,710,Old Forester,,"Cortez Racing & Sales, Agent II",,Cortez Racing & Sales,ON,13,OUT,,,03/13/2024,,,,,,
721,I,2022,,CH,F,05/03/2022,Hard Spun,Sugar Plum Fairy,711,Drosselmeyer,,"de Meric Sales, Agent XV",,de Meric Sales,KY,12,David Berman,85000,,,10.0," 1/8",03/09/2024,1,52,
722,O,2022,,DB/BR,C,04/05/2022,Girvin,Summer in Midway,712,Summer Front,,Jose Munoz,,"Jose Munoz ",KY,2,OUT,,,03/14/2024,,,,,,
723,I,2022,,B,C,03/14/2022,Instagrand,Summer Squeeze,713,Broken Vow,,"Mayberry Farm, Agent",,Mayberry Farm,KY,7,Nice Guys Stables,20000,,,10.0," 1/8",03/09/2024,1,22,
724,I,2022,,DB/BR,F,04/30/2022,Cloud Computing,Suncadia,714,Tiznow,,"Paul Sharp, Agent IV",,Paul Sharp,KY,8,Thompson Racing LLC,60000,,,10.1," 1/8",03/09/2024,3,182,
725,O,2022,,DB/BR,F,01/18/2022,Uncle Mo,Sun Studio,715,Speightstown,,"Harris Training Center LLC, Agent IV",,Harris Training Center LLC,KY,13,OUT,,,03/13/2024,,,,,,
726,O,2022,,CH,C,03/05/2022,Vekoma,Super Divine,716,Divine Park,,"Sequel Bloodstock, Agent V",,Sequel Bloodstock,KY,9,OUT,,,03/09/2024,,,,,,
727,I,2022,,B,C,04/20/2022,Instagrand,Super Shopper,717,Super Saver,,"Grade One Investments LLC, Agent III",,Grade One Investments LLC,NY,13,"Kenneth McPeek, Agent",50000,,,10.2," 1/8",03/09/2024,2,119,
728,O,2022,,B,C,02/04/2022,Collected,Supertrend,718,Yes It's True,,"Parrish Farms, Agent",,Parrish Farms,NY,9,OUT,,,03/14/2024,,,,,,
729,O,2022,,B,F,04/05/2022,Echo Town,Surf Ride,719,Scat Daddy,,Really and Truly Thoroughbreds,,"Really and Truly Thoroughbreds ",LA,15,OUT,,,03/14/2024,,,,,,
730,I,2022,,B,C,05/18/2022,Practical Joke,Surrender,720,Stormy Atlantic,,"de Meric Sales, Agent I",,de Meric Sales,KY,12,D. J. Stables,225000,Y,,10.2," 1/8",03/09/2024,2,120,
731,I,2022,,B,C,02/08/2022,King for a Day,Swayed,721,Freud,,"S G V Thoroughbreds LLC (Steven Venosa), Agent",,S G V Thoroughbreds LLC (Steven Venosa),NY,10,J U Racing Stables,80000,,,10.0," 1/8",03/09/2024,3,163,
732,O,2022,,GR/RO,F,03/12/2022,Liam's Map,Sweat and Saddle,722,Speightstown,,"S G V Thoroughbreds LLC (Steven Venosa), Agent",,S G V Thoroughbreds LLC (Steven Venosa),KY,10,OUT,,,03/08/2024,,,,,,
733,I,2022,,B,C,04/11/2022,Honor A. P.,Sweet Destiny,723,Curlin,,"Top Line Sales LLC, Agent IX",,Top Line Sales LLC,KY,1,Robert Reidy,30000,Y,,10.3," 1/8",03/09/2024,2,78,
734,I,2022,,B,C,02/17/2022,Copper Bullet,Sweeter Than Ever,724,Exchange Rate,,"de Meric Sales, Agent XX",,de Meric Sales,LA,12,Robert A. Meier IV,32500,Y,,10.2," 1/8",03/09/2024,3,158,
735,I,2022,,CH,C,03/14/2022,Brody's Cause,Sweetest Appeal,725,Graydar,,"Tice Thoroughbred Sales & Racing, Agent I",,Tice Thoroughbred Sales & Racing,KY,1,RNA,-13000,,,10.3," 1/8",03/09/2024,1,64,
736,I,2022,,B,F,03/24/2022,Vekoma,Sweet Halory,726,Hold Me Back,,Navas Equine,,"Navas Equine ",KY,14,Matt Kwiatkowski,35000,,,10.1," 1/8",03/09/2024,3,139,
737,O,2022,,DB/BR,C,03/21/2022,Honest Mischief,Sweet Meadow Mist,727,D' Funnybone,,Fast Horses,,"Fast Horses ",KY,15,OUT,,,03/12/2024,,,,,,
738,I,2022,Hariet's Max,B,F,02/28/2022,Aurelius Maximus,Sweet Muqtarib,728,Muqtarib,,"Pick View LLC, Agent",,Pick View LLC,LA,3,Tonny Cabrita,1000,,,11.2," 1/8",03/09/2024,2,118,
739,I,2022,,B,F,03/13/2022,Authentic,Sweet Opportunity,729,Distorted Humor,,"Paul Sharp, Agent II",,Paul Sharp,KY,8,RNA,-145000,,,10.0," 1/8",03/09/2024,1,12,
740,I,2022,,CH,C,04/13/2022,Union Rags,Sweet Revenge,730,Candy Ride (ARG),,"Gene Recio, Agent XXI",,Gene Recio,KY,17,Calumet Farm,45000,,,10.3," 1/8",03/09/2024,3,174,
741,O,2022,Vino Express,B,F,03/31/2022,Vino Rosso,Sweet Uproar,731,Candy Ride (ARG),,"Silvestre Chavez Thoroughbreds, Agent VII",,Silvestre Chavez Thoroughbreds,KY,17,OUT,,,03/14/2024,,,,,,
742,I,2022,,CH,F,05/06/2022,Thousand Words,Swiss Army Wife,732,Colonel John,,"Pick View LLC, Agent XXI",,Pick View LLC,KY,3,Dennis O'Neill,27000,,,10.3," 1/8",03/09/2024,3,186,
743,O,2022,,GR/RO,F,02/15/2022,Gun Runner,Table Three Ten,733,El Prado (IRE),,"Hartley / DeRenzo Thoroughbreds LLC, Agent",,Hartley / DeRenzo Thoroughbreds LLC,KY,5,OUT,,,02/22/2024,,,,,,
744,O,2022,,B,C,02/07/2022,McKinzie,Take Charge Angel,734,Will Take Charge,,"Kings Equine, Agent I",,Kings Equine,KY,1,OUT,,,03/09/2024,,,,,,
745,I,2022,,B,F,02/14/2022,Uncle Mo,Take Charge Paula,735,Take Charge Indy,,"Top Line Sales LLC, Agent XI",,Top Line Sales LLC,KY,1,"Louis Dubois, Agent for Wesley Ward",500000,,,9.4," 1/8",03/09/2024,1,1,
746,I,2022,,B,F,01/25/2022,Vekoma,Tamarack Gal,736,Discreet Cat,,"RiceHorse Stable (Brandon & Ali Rice), Agent I",,RiceHorse Stable (Brandon & Ali Rice),KY,6,RNA,-47000,,,10.1," 1/8",03/09/2024,1,56,
747,O,2022,,B,F,04/27/2022,Game Winner,Tapit Baby Tapit,737,Tapit,,"Cesar Loya Training & Sales, Agent V",,Cesar Loya Training & Sales,KY,2,OUT,,,03/09/2024,,,,,,
748,O,2022,,B,C,04/24/2022,Twirling Candy,Tapit Queen,738,Tapit,,Azteca Dreams LLC,,"Azteca Dreams LLC ",KY,15,OUT,,,03/09/2024,,,,,,
749,I,2022,,DB/BR,C,04/07/2022,Caracaro,Tara Road,739,Quality Road,,"Tom McCrocklin, Agent V",,Tom McCrocklin,KY,18,"Tonja Terranova, Agent for Curragh Stables",110000,,,21.1," 1/4",03/09/2024,1,31,
750,I,2022,,B,C,04/13/2022,Bodexpress,Tart's Knickers,740,Ghostzapper,,Triple J Equine Sales,,"Triple J Equine Sales ",CA,16,"Steven W. Young, Agent",85000,,,10.0," 1/8",03/09/2024,1,20,
751,I,2022,,GR/RO,C,05/17/2022,Volatile,Tell Me Why,741,Corinthian,,"Parrish Farms, Agent",,Parrish Farms,KY,9,RNA,-65000,,,21.3," 1/4",03/09/2024,1,32,
752,I,2022,,B,F,02/24/2022,City of Light,Tempers Way,742,Giant's Causeway,,"Two Oaks Equine, Agent I",,Two Oaks Equine,KY,17,Big Chief Racing Deep South Div,80000,,,10.1," 1/8",03/09/2024,1,58,
753,O,2022,,DB/BR,F,03/13/2022,Girvin,Tempest's Flash,743,It's No Joke,,"Ortiz Training Stable LLC, Agent IV",,Ortiz Training Stable LLC,FL,10,OUT,,,03/03/2024,,,,,,
754,O,2022,,B,C,04/05/2022,Instagrand,Tenation,744,Distorted Humor,,"Gene Recio, Agent XXII",,Gene Recio,KY,17,OUT,,,03/11/2024,,,,,,
755,I,2022,,B,F,02/24/2022,Maximus Mischief,Term Paper,745,Dixie Union,,"White Lilac (Katie Miranda), Agent II",,White Lilac (Katie Miranda),KY,17,RNA,-45000,,,10.1," 1/8",03/09/2024,2,79,
756,O,2022,,B,F,03/03/2022,Unified,Tessio,746,Mineshaft,,"Tom McCrocklin, Agent XIX",,Tom McCrocklin,FL,18,OUT,,,03/13/2024,,,,,,
757,O,2022,,CH,C,03/26/2022,Violence,Texit,747,Tapit,,"S G V Thoroughbreds LLC (Steven Venosa), Agent",,S G V Thoroughbreds LLC (Steven Venosa),KY,10,OUT,,,03/11/2024,,,,,,
758,I,2022,,CH,C,04/26/2022,Dialed In,That's Ok,748,Not For Love,,"S G V Thoroughbreds LLC (Steven Venosa), Agent",,S G V Thoroughbreds LLC (Steven Venosa),NY,10,"H. Abina, Agent for Newtown Anner Stud Farm",60000,,,10.1," 1/8",03/09/2024,2,125,
759,O,2022,,GR/RO,C,02/25/2022,Tapit,The Blonde Peque,749,Giant's Causeway,,"Wavertree Stables, Inc. (Ciaran Dunne), Agent",,Wavertree Stables Inc. (Ciaran Dunne),KY,5,OUT,,,03/09/2024,,,,,,
760,O,2022,,GR/RO,F,02/07/2022,Maclean's Music,The Girl Factor,750,The Factor,,"Paul Sharp, Agent V",,Paul Sharp,KY,8,OUT,,,03/14/2024,,,,,,
761,I,2022,,B,C,04/24/2022,Flatter,Theyplayingoursong,751,Songandaprayer,,"Boutte Sales, Agent I",,Boutte Sales,NY,9,RNA,-140000,,,10.1," 1/8",03/09/2024,1,36,
762,O,2022,Light Thoughts,B,F,03/27/2022,City of Light,Thoughtless,752,Rockport Harbor,,"Ordonez Thoroughbreds, Agent VII",,Ordonez Thoroughbreds,NY,17,OUT,,,03/14/2024,,,,,,
763,I,2022,,B,C,01/27/2022,City of Light,Timeslot,753,First Defence,,New Horizons Bloodstock LLC,,"New Horizons Bloodstock LLC ",KY,18,"Gregg Sacco, Agent",25000,Y,,10.4," 1/8",03/09/2024,3,159,
764,I,2022,,B,C,03/26/2022,Union Rags,Tiptoe,754,Tiz Wonderful,,"On The Run Sales, Agent",,On The Run Sales,KY,2,"Brenda Zoppo, Agent",40000,,,10.2," 1/8",03/09/2024,3,144,
765,I,2022,,DB/BR,F,02/07/2022,War Front,Tiz Ella,755,Tiznow,,"Ocala Stud, Agent  for Complete Dispersal for Lothenbach","Stables, Inc.",Ocala Stud,KY,4,Flatbird Stable,30000,,,G,G,03/09/2024,3,160,
766,I,2022,,B,F,04/07/2022,Munnings,Tizsomethingroyal,756,Tizway,,"Pick View LLC, Agent III",,Pick View LLC,NY,3,Gary & Janet Anderson,170000,,,21.0," 1/4",03/09/2024,1,67,
767,I,2022,,DB/BR,F,03/18/2022,Medaglia d'Oro,Tomlin,757,Distorted Humor,,"Tom McCrocklin, Agent  for Complete Dispersal for Lothenbach","Stables, Inc.",Tom McCrocklin,KY,18,T.W. Bachman,325000,,,G,G,03/09/2024,3,179,
768,O,2022,,B,C,03/07/2022,American Pharoah,Top Cats (ARG),758,Aussie Rules,,"de Meric Sales, Agent IV",,de Meric Sales,ON,12,OUT,,,03/14/2024,,,,,,
769,I,2022,,B,F,02/25/2022,Mitole,Top Performance,759,City Zip,,Cruzin' Thoroughbreds LLC,,"Cruzin' Thoroughbreds LLC ",KY,13,RNA,-45000,,,10.2," 1/8",03/09/2024,1,39,
770,I,2022,,B,F,04/09/2022,Maximus Mischief,Top Tiara,760,Archarcharch,,"GOP Racing Stable Corp., Agent I",,GOP Racing Stable Corp.,WV,16,RNA,-115000,,,10.2," 1/8",03/09/2024,2,110,
771,I,2022,,B,F,01/21/2022,Vekoma,Tough Issie,761,Good and Tough,,"CM Thoroughbreds, Agent I",,CM Thoroughbreds,KY,15,RNA,-18000,,,10.3," 1/8",03/09/2024,3,185,
772,I,2022,,B,C,04/08/2022,Goldencents,Town Fair,762,Speightstown,,"Tom McCrocklin, Agent VII",,Tom McCrocklin,NY,18,Louis Linder Jr.,28000,,,21.3," 1/4",03/09/2024,3,146,
773,I,2022,,DB/BR,F,02/23/2022,More Than Ready,Trace of Grace,763,Petionville,,RiceHorse Stable (Brandon & Ali Rice),,"RiceHorse Stable (Brandon & Ali Rice) ",PA,6,"Joe Migliore, Agent for Adelphi Racing Club",180000,,,10.0," 1/8",03/09/2024,1,9,
774,I,2022,,B,F,05/02/2022,McKinzie,Travelers' Way,764,Afleet Alex,,"Old South Farm LLC, Agent II",,Old South Farm LLC,KY,9,"SBM, Agent",300000,,,10.1," 1/8",03/09/2024,3,141,
775,O,2022,,B,C,03/03/2022,Instagrand,Treasure in Heaven,765,Street Sense,,"S B M Training and Sales, Agent VI",,S B M Training and Sales,KY,5,OUT,,,03/09/2024,,,,,,
776,O,2022,,B,C,04/19/2022,American Freedom,Tremendamente Loca,766,Offlee Wild,,LF Horse Training and Sales,,"LF Horse Training and Sales ",KY,4,OUT,,,03/09/2024,,,,,,
777,O,2022,,B,C,03/26/2022,Mr. Money,Tres Peach,767,Mr. Greeley,,"Mayberry Farm, Agent",,Mayberry Farm,FL,7,OUT,,,03/13/2024,,,,,,
778,I,2022,,DB/BR,C,05/07/2022,Tapwrit,Tropic Holiday,768,Summer Front,,"de Meric Sales, Agent V",,de Meric Sales,KY,12,Adam Portnoff,1600,,,10.2," 1/8",03/09/2024,2,87,
779,I,2022,,GR/RO,F,03/04/2022,Frosted,Tropiclikeitshot,769,City Zip,,"Top Line Sales LLC, Agent XXXV",,Top Line Sales LLC,KY,1,Money Maker,12000,,,10.2," 1/8",03/09/2024,2,130,
780,O,2022,,B,F,02/09/2022,Bolt d'Oro,Troublesome,770,Into Mischief,,"Wavertree Stables, Inc. (Ciaran Dunne), Agent V",,Wavertree Stables Inc. (Ciaran Dunne),KY,5,OUT,,,03/14/2024,,,,,,
781,O,2022,,B,F,03/15/2022,Authentic,Truly Gifted,771,Afleet Alex,,"Hartley / DeRenzo Thoroughbreds LLC, Agent II",,Hartley / DeRenzo Thoroughbreds LLC,KY,5,OUT,,,03/11/2024,,,,,,
782,O,2022,,B,C,02/01/2022,Brody's Cause,Tryon Summer,772,Discreetly Mine,,Cruzin' Thoroughbreds LLC,,"Cruzin' Thoroughbreds LLC ",KY,13,OUT,,,03/04/2024,,,,,,
783,O,2022,,CH,F,04/07/2022,Caracaro,Turlington,773,Tapizar,,"Golden Rock Thoroughbreds, Agent XIV",,Golden Rock Thoroughbreds,KY,14,OUT,,,03/09/2024,,,,,,
784,I,2022,,B,F,01/30/2022,Twirling Candy,Turtle Trax,774,Cairo Prince,,"Omega Farm, Agent",,Omega Farm,KY,6,RNA,-30000,,,10.2," 1/8",03/09/2024,3,142,
785,O,2022,,DB/BR,F,02/03/2022,Flatter,Two Shakes,775,Exchange Rate,,"Julie Davies LLC, Agent II",,Julie Davies LLC,KY,7,OUT,,,03/09/2024,,,,,,
786,I,2022,,DB/BR,F,03/30/2022,Bolt d'Oro,Two Timing Girl,776,Two Step Salsa,,Shooting Star Sales LLC,,"Shooting Star Sales LLC ",KY,17,Richard Burnsworth,80000,,,10.0," 1/8",03/09/2024,1,47,
787,I,2022,,CH,C,05/06/2022,Maclean's Music,Ultimate Shopper,777,Yes It's True,,"Niall Brennan Stables, Agent XII",,Niall Brennan Stables,NY,8,RNA,-50000,,,10.1," 1/8",03/09/2024,2,72,
788,I,2022,,B,F,03/09/2022,Win Win Win,Unanimity,778,Union Rags,,Ocala Stud,,"Ocala Stud ",FL,4,"Donato Lanni, Agent for Zedan Racing",1800000,,,20.1," 1/4",03/09/2024,1,6,
789,I,2022,,B,C,01/27/2022,Bolt d'Oro,Unbridled Huntress,779,Empire Maker,,"L. G., Agent I",,L. G.,KY,14,RNA,-90000,,,10.2," 1/8",03/09/2024,3,168,
790,I,2022,,B,F,02/28/2022,War of Will,Underestimate,780,Broken Vow,,"Britton Peak, Agent I",,Britton Peak,KY,14,"Emerald Sales, Agent for K E M Stables",130000,,,10.0," 1/8",03/09/2024,3,166,
791,I,2022,,B,F,03/05/2022,City of Light,Under Serviced,781,Hook and Ladder,,"Top Line Sales LLC, Agent XII",,Top Line Sales LLC,FL,1,Lugamo Racing,140000,,,10.0," 1/8",03/09/2024,1,26,
792,O,2022,,B,C,03/24/2022,McKinzie,Undertheinfluence,782,Indy Wind,,"de Meric Sales, Agent I",,de Meric Sales,KY,12,OUT,,,03/12/2024,,,,,,
793,I,2022,,B,C,02/02/2022,Girvin,Undistorted,783,Distorted Humor,,"Ocala Stud, Agent",,Ocala Stud,FL,4,"Fernando Abreu, Agent",65000,,,22.0," 1/4",03/09/2024,2,117,
794,I,2022,,DB/BR,C,04/28/2022,Spun to Run,U Needa Ride,784,Summer Front,,"Fabian Sales LLC, Agent I",,Fabian Sales LLC,KY,16,RNA,-19000,,,10.4," 1/8",03/09/2024,2,114,
795,I,2022,,B,C,03/13/2022,Upstart,Ungh,785,Flashback,,"Britton Peak, Agent I",,Britton Peak,NY,14,RNA,-45000,,,10.2," 1/8",03/09/2024,2,102,
796,I,2022,,CH,F,04/03/2022,Improbable,Unhedged,786,Broken Vow,,"Cesar Loya Training & Sales, Agent VI",,Cesar Loya Training & Sales,FL,2,Ed & Susie Orr,140000,,,10.0," 1/8",03/09/2024,2,109,
797,O,2022,,CH,F,02/03/2022,Malibu Moon,Unholy Alliance,787,First Samurai,,"Caliente Thoroughbreds, Agent",,Caliente Thoroughbreds,KY,19,OUT,,,03/09/2024,,,,,,
798,I,2022,,DB/BR,C,01/20/2022,Gift Box,Union Mettle,788,Dixie Union,,"Julie Davies LLC, Agent VI",,Julie Davies LLC,LA,7,RNA,-47000,,,10.2," 1/8",03/09/2024,2,104,
799,O,2022,,DB/BR,C,03/16/2022,Unified,Uno Royale,789,Macho Uno,,Dynasty Thoroughbreds,,"Dynasty Thoroughbreds ",FL,10,OUT,,,03/14/2024,,,,,,
800,O,2022,,CH,C,04/12/2022,Audible,Untraveled,790,Canadian Frontier,,"McKathan Bros. Sales, Agent II",,McKathan Bros. Sales,KY,6,OUT,,,02/27/2024,,,,,,
801,O,2022,,CH,C,02/24/2022,American Freedom,Unusually Talented,791,Unusual Heat,,Fast Horses,,"Fast Horses ",KY,15,OUT,,,03/12/2024,,,,,,
802,I,2022,,DB/BR,C,04/08/2022,Global Campaign,Usually Super,792,Unusual Heat,,30-30 Ranch,,"30-30 Ranch ",KY,13,P & G Stables LLC,45000,,,21.1," 1/4",03/09/2024,1,51,
803,O,2022,,GR/RO,F,02/06/2022,Volatile,Valentine Rosie,793,Curlin,,"RiceHorse Stable (Brandon & Ali Rice), Agent V",,RiceHorse Stable (Brandon & Ali Rice),KY,6,OUT,,,03/05/2024,,,,,,
804,I,2022,,B,F,02/24/2022,Twirling Candy,Valuable Package,794,Kantharos,,"CM Thoroughbreds, Agent II",,CM Thoroughbreds,KY,15,RNA,-35000,,,10.0," 1/8",03/09/2024,1,21,
805,I,2022,Cheer for Me,CH,C,02/07/2022,Jess's Dream,Valverdina,795,Congrats,,"Tom McCrocklin, Agent for Peter J. Mirabelli",,Tom McCrocklin,FL,18,KOID Co. Ltd.,10000,,,23.1," 1/4",03/09/2024,3,167,
806,I,2022,,DB/BR,F,03/08/2022,Ghostzapper,Valya's Vengeance,796,Arch,,"de Meric Sales, Agent  for Complete Dispersal for Lothenbach","Stables, Inc.",de Meric Sales,KY,12,"Mark Glatt, Agent",72000,,,G,G,03/09/2024,3,177,
807,I,2022,,B,C,04/03/2022,Gift Box,Vamp,797,Artie Schiller,,"Majestic, Agent III",,Majestic,KY,13,C.H.P.R.,12000,Y,,10.3," 1/8",03/09/2024,1,54,
808,O,2022,,B,C,05/01/2022,Thousand Words,Vanter,798,Flatter,,"Tom McCrocklin, Agent XIV",,Tom McCrocklin,NY,18,OUT,,,03/14/2024,,,,,,
809,O,2022,,B,F,05/03/2022,Malibu Moon,Veela,799,Bartok (IRE),,"Centofanti Thoroughbreds, Agent",,Centofanti Thoroughbreds,KY,1,OUT,,,03/14/2024,,,,,,
810,I,2022,,DB/BR,F,04/11/2022,Showcasing (GB),Vereri Senes (GB),800,Nayef,,"Pick View LLC, Agent XVII",,Pick View LLC,,3,Harper Racing,45000,,,10.0," 1/8",03/09/2024,2,88,
811,O,2022,,B,C,03/07/2022,Honest Mischief,Vibrato,801,Unbridled's Song,,"Sequel Bloodstock, Agent IV",,Sequel Bloodstock,NY,9,OUT,,,03/01/2024,,,,,,
812,I,2022,,CH,F,02/05/2022,Clearly Now,Vicola,802,Indian Charlie,,"Tom McCrocklin, Agent",,Tom McCrocklin,LA,18,"Little Red Feather Racing - John Dowd, Agent",125000,,,21.0," 1/4",03/09/2024,1,7,
813,O,2022,,CH,F,02/25/2022,Caracaro,Victoire,803,Congrats,,"Global Thoroughbreds LLC, Agent I",,Global Thoroughbreds LLC,KY,10,OUT,,,03/09/2024,,,,,,
814,O,2022,,DB/BR,C,04/04/2022,Volatile,Victorious Heart,804,Lion Hearted,,"Longoria Training & Sales, Agent II",,Longoria Training & Sales,KY,13,OUT,,,03/14/2024,,,,,,
815,O,2022,,B,C,02/22/2022,Uncle Mo,Victory Party,805,Yankee Victor,,"S B M Training and Sales, Agent VI",,S B M Training and Sales,KY,5,OUT,,,03/13/2024,,,,,,
816,I,2022,,GR/RO,C,02/26/2022,Liam's Map,Vied,806,Elusive Quality,,"Pick View LLC, Agent XVIII",,Pick View LLC,KY,3,"J. Stevens Bloodstock, Agent",180000,,,21.0," 1/4",03/09/2024,1,34,
817,I,2022,,B,F,03/23/2022,Shancelot,Vintaggrace,807,Bellamy Road,,"White Lilac (Katie Miranda), Agent V",,White Lilac (Katie Miranda),KY,17,RNA,-8000,,,10.1," 1/8",03/09/2024,3,180,
818,I,2022,,B,F,03/12/2022,Laoban,Virtuoso,808,Awesome Again,,"Adios Amigos, Agent",,Adios Amigos,KY,13,RNA,-22000,,,10.2," 1/8",03/09/2024,1,57,
819,I,2022,,CH,F,01/23/2022,Nyquist,Voting Agreement,809,More Than Ready,,"de Meric Sales, Agent VIII",,de Meric Sales,KY,12,"Hoby Kight, Agent",125000,,,10.0," 1/8",03/09/2024,1,17,
820,O,2022,,B,C,05/08/2022,Vekoma,Wabanaki,810,Indian Charlie,,CM Thoroughbreds,,"CM Thoroughbreds ",NY,15,OUT,,,03/14/2024,,,,,,
821,O,2022,,B,C,05/26/2022,Practical Joke,Wahgah,811,Distorted Humor,,"Scanlon Training & Sales, Agent V",,Scanlon Training & Sales,KY,4,OUT,,,03/06/2024,,,,,,
822,O,2022,,B,C,02/16/2022,Good Magic,Waltzingintherain,812,Tizway,,"de Meric Sales, Agent XV",,de Meric Sales,KY,12,OUT,,,02/20/2024,,,,,,
823,I,2022,,DB/BR,F,04/18/2022,Flatter,Warm Sunshine,813,Unbridled's Song,,"de Meric Sales, Agent II",,de Meric Sales,KY,12,"Taproot Bloodstock, Agent",325000,,,10.1," 1/8",03/09/2024,1,37,
824,I,2022,,B,C,02/07/2022,Mitole,Warrior's Way,814,Quality Road,,"L. G., Agent I",,L. G.,KY,14,Hideyuki Mori,275000,,,9.4," 1/8",03/09/2024,1,43,
825,I,2022,,B,C,05/01/2022,Goldencents,Wave of Glory,815,Midshipman,,"Cesar Loya Training & Sales, Agent I",,Cesar Loya Training & Sales,NY,2,"Kenneth McPeek, Agent",150000,,,9.4," 1/8",03/09/2024,1,27,
826,I,2022,,B,C,03/10/2022,McKinzie,Waverly Place,816,Awesome Again,,"Top Line Sales LLC, Agent XIX",,Top Line Sales LLC,KY,1,RM18 Stable,40000,,,10.2," 1/8",03/09/2024,1,68,
827,I,2022,,B,C,03/21/2022,Bernardini,Waves of Blue,817,Quality Road,,"Davis Breaking and Training, Inc., Agent I",,Davis Breaking and Training Inc.,KY,4,RNA,-65000,,,10.2," 1/8",03/09/2024,2,97,
828,O,2022,withdrawn 3,U,U,05/10/2022,withdrawn 3,withdrawn 3,842,,,Blank Pages,,"Blank Pages ",,0,OUT,,,01/26/2024,,,,,,
829,I,2022,,CH,C,03/09/2022,Lord Nelson,Wealth Effect,818,Curlin,,CM Thoroughbreds,,"CM Thoroughbreds ",KY,15,RNA,-95000,,,10.2," 1/8",03/09/2024,2,134,
830,O,2022,,B,F,05/19/2022,Authentic,Wear Red,819,Henny Hughes,,"Sequel Bloodstock, Agent V",,Sequel Bloodstock,KY,9,OUT,,,03/14/2024,,,,,,
831,O,2022,,CH,C,05/13/2022,Justify,Weekend Strike,820,Smart Strike,,"Hartley / DeRenzo Thoroughbreds LLC, Agent",,Hartley / DeRenzo Thoroughbreds LLC,KY,5,OUT,,,03/09/2024,,,,,,
832,I,2022,,B,F,04/11/2022,Uncle Mo,West Coast Chick,821,Malibu Moon,,"Kings Equine, Agent II",,Kings Equine,KY,1,AMO Racing,600000,,,10.0," 1/8",03/09/2024,1,11,
833,O,2022,,CH,F,05/03/2022,Gun Runner,Westside Tapstress,822,Lookin At Lucky,,"de Meric Sales, Agent V",,de Meric Sales,KY,12,OUT,,,03/14/2024,,,,,,
834,O,2022,,DB/BR,F,03/13/2022,Complexity,Whatacharacter,823,Giant's Causeway,,All Dreams Equine,,"All Dreams Equine ",LA,2,OUT,,,03/10/2024,,,,,,
835,O,2022,,GR/RO,C,04/10/2022,Gift Box,What a Sassy Gal,824,Mineshaft,,"RiceHorse Stable (Brandon & Ali Rice), Agent I",,RiceHorse Stable (Brandon & Ali Rice),KY,6,OUT,,,03/14/2024,,,,,,
836,O,2022,,B,C,04/19/2022,Practical Joke,Whats Yur Story,825,Liaison,,"Golden Rock Thoroughbreds, Agent II",,Golden Rock Thoroughbreds,KY,14,OUT,,,03/14/2024,,,,,,
837,O,2022,,GR/RO,C,05/01/2022,Dialed In,Where's Liam,826,Liam's Map,,"Parrish Farms, Agent",,Parrish Farms,KY,9,OUT,,,03/14/2024,,,,,,
838,I,2022,,B,C,04/01/2022,The Big Beast,Where's Poppa,827,Tiznow,,"Pick View LLC, Agent XXIII",,Pick View LLC,FL,3,Pedro Rafael Garcia Rodriguez,11000,,,10.2," 1/8",03/09/2024,3,175,
839,I,2022,,CH,F,04/17/2022,Army Mule,Whiff,828,Giant's Causeway,,"S G V Thoroughbreds LLC (Steven Venosa), Agent",,S G V Thoroughbreds LLC (Steven Venosa),KY,10,Flatland Racing Stables,280000,,,10.1," 1/8",03/09/2024,1,4,
840,I,2022,,CH,F,04/02/2022,Liam's Map,Whisper Louise,829,Bernardini,,"Top Line Sales LLC, Agent VI",,Top Line Sales LLC,KY,1,"Rodolphe Brisset, Agent for Storyteller Racing",250000,,,9.4," 1/8",03/09/2024,1,41,
841,I,2022,,GR/RO,C,03/28/2022,Volatile,Whistling Straits,830,Scat Daddy,,"S B M Training and Sales, Agent VI",,S B M Training and Sales,KY,5,RNA,-240000,,,10.0," 1/8",03/09/2024,1,5,
842,I,2022,,B,C,03/02/2022,Rogueish,White Tights,831,Speightstown,,Nice and Easy Thoroughbreds,,"Nice and Easy Thoroughbreds ",FL,16,"Mike Vesce, Agent for Amaty Racing Stables",50000,,,10.1," 1/8",03/09/2024,3,140,
843,O,2022,,B,C,04/16/2022,Street Magician,Who's in Love,832,Not For Love,,"Top Line Sales LLC, Agent XXIII",,Top Line Sales LLC,PA,1,OUT,,,03/10/2024,,,,,,
844,I,2022,,B,F,03/23/2022,Instagrand,Wickedly,833,Mr. Greeley,,"Eddie Woods, Agent VIII",,Eddie Woods,KY,11,Deuce Greathouse for Robert Masterson,250000,,,9.4," 1/8",03/09/2024,1,16,
845,I,2022,,B,C,05/02/2022,Audible,Wild Summer,834,Unbridled's Song,,Dynasty Thoroughbreds,,"Dynasty Thoroughbreds ",KY,10,"Taproot Bloodstock, Agent",235000,,,10.1," 1/8",03/09/2024,1,15,
846,O,2022,,B,C,03/11/2022,Instagrand,Wild Year,835,Tiznow,,"Longoria Training & Sales, Agent II",,Longoria Training & Sales,KY,13,OUT,,,03/12/2024,,,,,,
847,O,2022,,B,C,04/18/2022,Valiant Minister,Wind Racer,836,Curlin,,"Golden Rock Thoroughbreds, Agent VII",,Golden Rock Thoroughbreds,FL,14,OUT,,,03/09/2024,,,,,,
848,O,2022,,CH,F,03/07/2022,Good Magic,Win McCool,837,Giant's Causeway,,"Mayberry Farm, Agent III",,Mayberry Farm,KY,7,OUT,,,03/08/2024,,,,,,
849,I,2022,,CH,C,02/10/2022,Authentic,Wise Strike,838,Smart Strike,,"de Meric Sales, Agent IX",,de Meric Sales,KY,12,"Rodolphe Brisset, Agent for Ann Harrison",450000,,,10.0," 1/8",03/09/2024,1,3,
850,O,2022,,CH,F,03/19/2022,Curlin's Honor,Witchesofwestfield,839,Cape Canaveral,,Dynasty Thoroughbreds,,"Dynasty Thoroughbreds ",FL,10,OUT,,,03/14/2024,,,,,,
851,O,2022,,CH,C,02/24/2022,Union Rags,Wizardry,844,Teuflesberg,,"Top Line Sales LLC, Agent XXXIV",,Top Line Sales LLC,NY,1,OUT,,,03/09/2024,,,,,,
852,O,2022,,DB/BR,C,02/17/2022,Omaha Beach,Wonderfuladventure,845,Tiz Wonderful,,"Top Line Sales LLC, Agent XXXVII",,Top Line Sales LLC,KY,1,OUT,,,03/05/2024,,,,,,
853,I,2022,,DB/BR,C,03/19/2022,Enticed,Word Association,846,Benchmark,,Triple J Equine Sales,,"Triple J Equine Sales ",AR,16,RNA,-27000,,,10.2," 1/8",03/09/2024,2,131,