Hip Number,IN Out Status,Foaling Year,Horse Name,Color,Sex,Foaling Date,Sire Name,Dam Name,Sort Dam,Dam Sire,Covering Sire,Property Line 1,Property Line 2,Consignor Sort,Foaling Area,Barn Number,Buyer Name,Hammer Price,Post Sale Indicator,Outdate,UT Time,UT Distance,UT Actual Date,UT Group,UT Set,PP PDF Link
1,O,2023,,B,C,03/21/2023,Yaupon,Tabor Fleet,738,Super Saver,,"Kings Equine, Agent III",,Kings Equine,KY,1,OUT,,,06/10/2025,,,,,,
2,I,2023,Bala de Plata,GR/RO,C,02/28/2023,Valiant Minister,Tabulation,739,Giant's Causeway,,"Golden Noguez, Agent",,Golden Noguez,FL,1,Jagger Inc.,32000,Y,,21.1," 1/4",06/10/2025,2,72,
3,I,2023,,GR/RO,C,05/19/2023,Karakontie (JPN),Take Care Babe,740,Flatter,,"Wildheart Thoroughbreds LLC, Agent III",,Wildheart Thoroughbreds LLC,KY,16,Centennial Niagra Farms Inc.,30000,Y,,21.4," 1/4",06/10/2025,2,79,
4,I,2023,,B,C,04/18/2023,Awesome Slew,Take Me to Zuber,741,Toccet,,Ocala Stud,,Ocala Stud,FL,4,Sean S. Perl Bloodstock LLC,85000,,,21.1," 1/4",06/10/2025,1,37,
5,I,2023,,B,F,04/16/2023,Upstart,Talega Dinero,742,Munnings,,Double R Equine Sales,,Double R Equine Sales,KY,2,C.H.P.R.,15000,Y,,10.3," 1/8",06/10/2025,1,45,
6,O,2023,,CH,F,03/17/2023,Improbable,Tale of Success,743,Tale of the Cat,,"Navas Equine, Agent",,Navas Equine,FL,15,OUT,,,05/21/2025,,,,,,
7,I,2023,,CH,C,03/09/2023,Notional,Tanquerray,744,Good Journey,,"Julie Davies LLC, Agent VI",,Davies Julie,KY,7,Arms Racing,35000,,,10.1," 1/8",06/10/2025,3,105,
8,I,2023,,DB/BR,F,03/01/2023,Violence,Tap It Over,745,Tapit,,"White Lilac (Katie Miranda), Agent IV",,White Lilac (Katie Miranda),FL,17,Kevin Dole,30000,,,10.1," 1/8",06/10/2025,1,38,
9,O,2023,,B,C,04/10/2023,Caracaro,Tara Road,746,Quality Road,,"Navas Equine, Agent X",,Navas Equine,FL,15,OUT,,,06/09/2025,,,,,,
10,I,2023,,B,F,04/03/2023,Runhappy,Tasha's Moon,748,Malibu Moon,,Wildheart Thoroughbreds LLC,,Wildheart Thoroughbreds LLC,KY,16,Charles Gerber & Kaela Combs,25000,,,10.1," 1/8",06/10/2025,2,53,
11,I,2023,,CH,C,04/16/2023,Known Agenda,Taste's Classylady,749,Afleet Alex,,GOP Racing Stable Corp.,,GOP Racing Stable Corp.,NY,4,Dr. Angel B. Contreras,15000,,,10.3," 1/8",06/10/2025,1,32,
12,I,2023,,B,F,03/09/2023,Independence Hall,Tea Light,750,Right Rigger,,"Julie Davies LLC, Agent XVII",,Davies Julie,KY,7,RNA,-5000,,,G,G,06/10/2025,3,114,
13,O,2023,Chaos Comin,B,C,04/17/2023,Gormley,Tee Em Eye,751,Cyclotron,,"Marcial Galan, Agent",,Galan Marcial,KY,9,OUT,,,06/17/2025,,,,,,
14,I,2023,,B,F,03/03/2023,Maximus Mischief,Tenafly,753,Jersey Town,,"Whitman Sales LLC, Agent",,Whitman Sales,KY,16,C.H.P.R.,15000,,,G,G,06/10/2025,3,121,
15,I,2023,Tess's Joy,B,F,03/16/2023,Chance It,Testimonial,755,Majestic City,,"Whitman Sales LLC, Agent",,Whitman Sales,FL,16,C.H.P.R.,15000,,,G,G,06/10/2025,2,84,
16,I,2023,,DB/BR,C,05/29/2023,Caracaro,Texas to a Tee,756,Purge,,"Global Thoroughbreds LLC, Agent",,Global Thoroughbreds LLC,FL,5,"Tonja Terranova, Agent",150000,,,10.0," 1/8",06/10/2025,2,67,
17,I,2023,,GR/RO,C,02/13/2023,Classic Empire,The Aurelia Factor,757,The Factor,,"Omar Ramirez Bloodstock, Agent III",,Ramirez Omar,FL,14,RNA,-27000,,,10.2," 1/8",06/14/2025,2,83,
18,O,2023,,B,C,01/30/2023,Constitution,The Dream (CHI),758,Scat Daddy,,"Scanlon Training & Sales, Agent I",,Scanlon Training Center,KY,10,OUT,,,06/05/2025,,,,,,
19,I,2023,Tap On Top,GR/RO,C,05/07/2023,Tapwrit,There Is No Limit,760,Johannesburg,,"Silvestre Chavez Thoroughbreds, Agent VIII",,"Chavez Thoroughbreds Silvestre ",KY,17,Garry Rainford,4500,Y,,10.2," 1/8",06/10/2025,1,36,
20,O,2023,,DB/BR,C,04/08/2023,McKinzie,This Is War,761,War Front,,"Thorostock LLC, Agent V",,Thorostock LLC,KY,12,OUT,,,06/05/2025,,,,,,
21,O,2023,,DB/BR,G,02/20/2023,The Factor,Thmoruplathlesupay,762,Unbridled's Song,,"Tom McCrocklin, Agent II",,McCrocklin Tom,KY,18,OUT,,,06/05/2025,,,,,,
22,I,2023,,B,F,04/26/2023,City of Light,Thoughtless,763,Rockport Harbor,,"Ordonez Thoroughbreds, Agent II",,Ordonez Thoroughbreds,NY,11,RNA,-9000,,,G,G,06/10/2025,3,112,
23,I,2023,,DB/BR,C,04/29/2023,Hard Spun,Three Quarter Time,764,Tiznow,,"Julie Davies LLC, Agent XI",,Davies Julie,KY,7,"Oracle Bloodstock, Agent",40000,,,10.1," 1/8",06/10/2025,2,73,
24,I,2023,,DB/BR,C,05/07/2023,Complexity,Thrice,765,Hat Trick (JPN),,"Really and Truly Thoroughbreds, Agent III",,Really and Truly Thoroughbreds,KY,2,"Guillermo Berrios, LLC",26000,Y,,10.1," 1/8",06/10/2025,3,100,
25,O,2023,,B,F,03/01/2023,Rushie,Till Till,766,Uncaptured,,"Paul Sharp, Agent",,Sharp Paul M.,FL,8,OUT,,,06/09/2025,,,,,,
26,I,2023,,DB/BR,F,05/07/2023,Mo Tom,Titanium Jane,767,Harlan's Holiday,,Las Palmas Farm,,Las Palmas Farm,LA,18,"Justin Jeansonne, Agent",18000,,,10.2," 1/8",06/10/2025,2,83,
27,O,2023,,GR/RO,C,03/03/2023,Practical Joke,Tizlegal,768,Tiznow,,"Caliente Thoroughbreds, Agent II",,Caliente Thoroughbreds,KY,11,OUT,,,06/10/2025,,,,,,
28,I,2023,,DB/BR,G,03/05/2023,Echo Town,Tiz Maie's Day,769,Tiznow,,"Blas Perez Stables, Agent V",,"Perez Stables Blas ",FL,20,Ronald Spatz,18000,Y,,10.1," 1/8",06/10/2025,2,88,
29,I,2023,Ivey My Love,B,F,03/12/2023,Tacitus,Tiz My Love,770,Tiz Wonderful,,RMS Training & Sales,,RMS Racing,NY,17,RNA,-23000,,,10.3," 1/8",06/10/2025,2,97,
30,I,2023,,B,C,02/15/2023,Silver State,Tiz Pure Grace,771,Tiznow,,Cardozo's Brothers,,Cardozo's Brothers,KY,6,Robinson Stables,12000,Y,,22.0," 1/4",06/10/2025,1,24,
31,I,2023,,DB/BR,F,04/06/2023,Independence Hall,Toasted,772,Successful Appeal,,Really and Truly Thoroughbreds,,Really and Truly Thoroughbreds,KY,2,Flurry Racing Stable LLC,100000,,,10.0," 1/8",06/10/2025,1,35,
32,I,2023,,B,C,02/10/2023,Win Win Win,Torchme,773,Gimmeawink,,Nice and Easy Thoroughbreds,,Nice and Easy Thoroughbreds,FL,3,Frank Bertolino,50000,Y,,10.1," 1/8",06/10/2025,2,96,
33,O,2023,,B,C,03/13/2023,Star Guitar,Touch Magic,774,Lion Heart,,"S B M Training and Sales, Agent IV",,S B M Training and Sales,LA,2,OUT,,,06/10/2025,,,,,,
34,O,2023,Spinelli,DB/BR,F,02/13/2023,Upstart,Town Grad,775,Speightstown,,"White Lilac (Katie Miranda), Agent IX",,White Lilac (Katie Miranda),KY,17,OUT,,,06/05/2025,,,,,,
35,I,2023,,B,C,04/08/2023,Constitution,Traffic Blimp,776,Medaglia d'Oro,,"Cortez Racing & Sales, Agent",,Cortez Racing & Sales,KY,4,Sleeper Thoroughbreds & Full of Run Racing LLC,280000,,,G,G,06/10/2025,1,48,
36,I,2023,,DB/BR,F,02/08/2023,Mo Town,Trajan's Arch,777,Arch,,"Flying Fish, Agent",,Flying Fish,KY,9,RNA,-15000,,,10.1," 1/8",06/10/2025,1,26,
37,I,2023,,CH,F,05/07/2023,Gunnevera,Travesty,778,City Wolf,,"A. G. Sales, Agent I",,A. G. Sales,FL,14,Corey Hatcher,4000,,,11.0," 1/8",06/10/2025,1,44,
38,O,2023,No Denying,B,F,03/06/2023,Gormley,Tri Again,780,Creative Cause,,"Silvestre Chavez Thoroughbreds, Agent V",,"Chavez Thoroughbreds Silvestre ",MD,17,OUT,,,06/10/2025,,,,,,
39,I,2023,Tribal War,DB/BR,C,04/21/2023,Mineshaft,Tribal Gal,781,Tribal Rule,,"Marcial Galan, Agent",,Galan Marcial,KY,9,BROA (K.O.I.D.),26000,,,10.2," 1/8",06/10/2025,2,60,
40,O,2023,,GR/RO,F,05/05/2023,Essential Quality,Trini Brewnette,784,Milwaukee Brew,,"Envision Equine, Agent",,Envision Equine,KY,12,OUT,,,06/09/2025,,,,,,
41,I,2023,,B,C,04/20/2023,Girvin,Trippi Honor,785,Trippi,,"Ocala Stud, Agent",,Ocala Stud,FL,4,"Neal Maharaj, Agent",40000,,,21.1," 1/4",06/10/2025,1,3,
42,I,2023,Solo Fuego,GR/RO,C,04/27/2023,Rushie,Trippi's Wish,786,Trippi,,Horseland Stables,,Horseland Stables,FL,19,RNA,-9000,,,21.1," 1/4",06/10/2025,2,61,
43,I,2023,,CH,C,02/12/2023,By My Standards,True Boots,787,Yes It's True,,Scenic Sales,,Scenic Sales,KY,16,David Rodriguez,20000,Y,,10.2," 1/8",06/10/2025,2,98,
44,O,2023,Time's Creation,B,F,03/09/2023,Upstart,True Castle,788,Yes It's True,,"Paul Sharp, Agent V",,Sharp Paul M.,NY,8,OUT,,,06/09/2025,,,,,,
45,I,2023,I'm Here for Grace,B,F,04/20/2023,Combatant,True Religion,789,Yes It's True,,"Blue Sapphire Stables, Agent II",,Blue Sapphire Stables,KY,15,D. J. Stable LLC,60000,,,20.4," 1/4",06/10/2025,1,11,
46,O,2023,Rockin Star,DB/BR,F,04/12/2023,Rock Your World,Tschudi's Girl,790,Kantharos,,Kilbride Stables,,Kilbride Stables,FL,10,OUT,,,06/04/2025,,,,,,
47,I,2023,,CH,F,03/06/2023,Tacitus,Tuff But Fair,791,Violence,,"Champions of the Future, Agent III",,Champions of the Future,KY,13,Eric Foster,70000,,,10.0," 1/8",06/10/2025,2,77,
48,I,2023,,B,F,04/17/2023,Raging Bull (FR),Tupelo Hon E,792,Lemon Drop Kid,,"Ordonez Thoroughbreds, Agent I",,Ordonez Thoroughbreds,KY,11,C.H.P.R.,15000,,,10.2," 1/8",06/10/2025,1,15,
49,I,2023,,B,F,03/30/2023,Mitole,Turlington,793,Tapizar,,Navas Equine,,Navas Equine,KY,15,RNA,-14000,,,10.2," 1/8",06/10/2025,2,71,
50,I,2023,,B,C,05/13/2023,Vekoma,Twelve Jewels,794,Yes It's True,,"Envision Equine, Agent",,Envision Equine,KY,12,"Robert Hess, Jr.",160000,,,10.1," 1/8",06/10/2025,1,21,
51,I,2023,,B,C,04/06/2023,Silver State,Twice Around,795,Jimmy Creed,,"Wavertree Stables, Inc. (Ciaran Dunne), Agent III",,"Wavertree Stables, Inc.",KY,5,"K.O.I.D. Co., Ltd.",40000,,,10.0," 1/8",06/10/2025,1,31,
52,O,2023,,CH,C,02/24/2023,Improbable,Twice the Lady,796,Quiet American,,"Navas Equine, Agent I",,Navas Equine,KY,15,OUT,,,06/17/2025,,,,,,
53,I,2023,,B,C,05/06/2023,Shancelot,Twirling Diamond,797,Twirling Candy,,Goldencents Thoroughbreds,,Goldencents Thoroughbreds,KY,13,"Joseph Brocklebank, Agent",10000,Y,,10.1," 1/8",06/10/2025,2,65,
54,I,2023,,DB/BR,F,03/26/2023,Modernist,Twirling Liz,798,Twirling Candy,,Champions of the Future,,Champions of the Future,KY,13,C.H.P.R.,30000,,,10.2," 1/8",06/10/2025,1,12,
55,I,2023,,B,F,04/18/2023,Girvin,Twocatsintheyard,799,Andiron,,"Sugar Hill LLC, Agent",,Sugar Hill LLC,FL,10,RNA,-4000,,,10.4," 1/8",06/10/2025,1,14,
56,O,2023,,DB/BR,C,03/29/2023,Uncle Chuck,Ultimata,800,Tale of the Cat,,Champions of the Future,,Champions of the Future,FL,13,OUT,,,06/10/2025,,,,,,
57,O,2023,,B,C,02/28/2023,Joevia,Untruthful Sonnet,803,Broken Vow,,"My Little Stable Racing, Inc., Agent IV",,"My Little Stable Racing, Inc.",NJ,18,OUT,,,06/08/2025,,,,,,
58,I,2023,,CH,F,05/22/2023,Collected,Upper Brass,804,Hard Spun,,"Flying Fish, Agent",,Flying Fish,ON,9,"West Point Thoroughbreds, L.E.B., Agent",80000,,,10.1," 1/8",06/10/2025,3,108,
59,I,2023,,GR/RO,C,03/22/2023,Knicks Go,Valentine Rosie,806,Curlin,,"Wavertree Stables, Inc. (Ciaran Dunne), Agent XI",,"Wavertree Stables, Inc.",KY,5,Steve Kantor,12000,,,11.3," 1/8",06/10/2025,2,55,
60,O,2023,,CH,C,03/31/2023,Tacitus,Vallestina,807,Leroidesanimaux (BRZ),,Dark Star Thoroughbreds (Stori Atchison),,Dark Star Thoroughbreds,KY,9,OUT,,,05/21/2025,,,,,,
61,I,2023,,CH,F,03/09/2023,Catalina Cruiser,Veiled Vixen,809,Eskendereya,,"Doble J Equine Sales, Agent IV",,Doble J Equine Sales,OK,17,"K.O.I.D. Co., Ltd.",17000,,,21.1," 1/4",06/10/2025,1,25,
62,O,2023,,DB/BR,F,04/01/2023,Upstart,Venkat,810,Distorted Humor,,Pick View LLC,,Pick View LLC,KY,3,OUT,,,05/21/2025,,,,,,
63,I,2023,,GR/RO,C,04/20/2023,Tacitus,Vicki T,811,Street Sense,,"Omar Ramirez Bloodstock, Agent V",,Ramirez Omar,KY,14,BSA Thoroughbred,28000,Y,,10.1," 1/8",06/10/2025,1,10,
64,I,2023,,DB/BR,F,05/26/2023,Take Charge Indy,Victorious Won,812,More Than Ready,,Kae Vazquez Stables LLC,,"Vazquez Stables Kae ",KY,6,C.H.P.R.,12000,,,10.1," 1/8",06/10/2025,1,46,
65,I,2023,,DB/BR,F,02/22/2023,Essential Quality,Villanelle,813,Curlin,,"Britton Peak, Agent VI",,Britton Peak,KY,19,"Taproot Bloodstock, Agent",40000,,,10.1," 1/8",06/10/2025,3,107,
66,O,2023,,DB/BR,C,04/04/2023,Mor Spirit,Vinaigrette,814,U S Ranger,,Triple C Sales,,Triple C Sales,KY,16,OUT,,,06/02/2025,,,,,,
67,O,2023,Just Buy It,DB/BR,C,02/22/2023,Vino Rosso,Vintage Style,815,Bernardini,,"S B M Training and Sales, Agent V",,S B M Training and Sales,KY,2,OUT,,,06/10/2025,,,,,,
68,I,2023,,B,F,04/20/2023,Army Mule,Violate,816,Broken Vow,,"RiceHorse Stable (Brandon & Ali Rice), Agent",,RiceHorse,KY,6,"Legion Bloodstock, Agent for Marauder Racing",75000,,,10.1," 1/8",06/10/2025,2,92,
69,O,2023,,DB/BR,C,05/07/2023,Maxfield,Wajeeha,819,Medaglia d'Oro,,"Top Line Sales LLC, Agent I",,Top Line Sales,NY,1,OUT,,,06/10/2025,,,,,,
70,I,2023,,DB/BR,C,03/04/2023,Independence Hall,Wake Me Up,820,Act of War,,"de Meric Sales, Agent III",,de Meric Sales,KY,12,Norman Tremblay,82000,,,10.0," 1/8",06/10/2025,1,9,
71,O,2023,Meemasemptypockets,CH,F,03/07/2023,Galawi (IRE),Walking Primrose (FR),821,Raven's Pass,,"My Little Stable Racing, Inc., Agent IV",,"My Little Stable Racing, Inc.",NJ,18,OUT,,,06/08/2025,,,,,,
72,I,2023,,DB/BR,F,02/02/2023,Mucho Macho Man,Waltzing Queen,822,Point of Entry,,"F. Alanis Stables, Agent IV",,Alanis Francisco,KY,14,RNA,-3500,,,10.2," 1/8",06/10/2025,1,43,
73,O,2023,,B,F,03/02/2023,King for a Day,Wand of Power,823,First Samurai,,"Top Line Sales LLC, Agent IX",,Top Line Sales,NY,1,OUT,,,06/10/2025,,,,,,
74,I,2023,,CH,C,05/06/2023,Justify,War of the States,824,Bodemeister,,"Top Line Sales LLC, Agent XX",,Top Line Sales,KY,1,RNA,-69000,,,10.3," 1/8",06/10/2025,2,56,
75,I,2023,,B,C,03/24/2023,Yaupon,Whatdoesasharksay,825,Animal Kingdom,,"Richardson Bloodstock, Agent I",,Richardson Bloodstock,KY,3,Lollypop Racing,15000,,,10.2," 1/8",06/10/2025,2,95,
76,O,2023,,B,F,02/09/2023,Good Magic,What's News,826,Bernardini,,"Wavertree Stables, Inc. (Ciaran Dunne), Agent III",,"Wavertree Stables, Inc.",KY,5,OUT,,,06/10/2025,,,,,,
77,I,2023,,DB/BR,F,01/11/2023,Tathqeef,White Lion,828,Lion Heart,,Wildheart Thoroughbreds LLC,,Wildheart Thoroughbreds LLC,FL,16,Gokmen Kaya,15000,Y,,10.4," 1/8",06/10/2025,1,33,
78,O,2023,,B,F,04/02/2023,Upstart,White Sangria,829,Giant's Causeway,,"de Meric Sales, Agent VI",,de Meric Sales,NY,12,OUT,,,06/10/2025,,,,,,
79,O,2023,,GR/RO,C,02/15/2023,McKinzie,Wicked Mizz,830,Mizzen Mast,,"Wavertree Stables, Inc. (Ciaran Dunne), Agent XIV",,"Wavertree Stables, Inc.",KY,5,OUT,,,06/10/2025,,,,,,
80,O,2023,Tiger Stripes,CH,F,03/02/2023,Curlin,Wicked Whisper,831,Liam's Map,,"Paul Sharp, Agent II",,Sharp Paul M.,KY,8,OUT,,,06/09/2025,,,,,,
81,I,2023,,B,F,03/24/2023,Leinster,Wildcat Gaze,832,Wildcat Heir,,"Octavio Mejia, Agent",,Mejia Octavio,FL,18,"MyRacehorse & Saffie Joseph, Jr.",100000,,,9.4," 1/8",06/10/2025,2,91,
82,I,2023,,B,C,04/29/2023,Gunnevera,Wild Embrace,833,Bayern,,Two Oaks Equine,,Two Oaks Equine,FL,11,"K.O.I.D. Co., Ltd.",17000,,,10.2," 1/8",06/10/2025,1,22,
83,I,2023,Wild Date,CH,C,04/06/2023,Engage,Wild River Cat,835,Pioneerof the Nile,,"Silvestre Chavez Thoroughbreds, Agent IV",,"Chavez Thoroughbreds Silvestre ",MD,17,BROA (K.O.I.D.),30000,,,10.1," 1/8",06/10/2025,2,86,
84,O,2023,Encore d'Oro,DB/BR,F,03/23/2023,Medaglia d'Oro,Willful Woman,836,Nyquist,,"S B M Training and Sales, Agent IV",,S B M Training and Sales,LA,2,OUT,,,06/10/2025,,,,,,
85,O,2023,,DB/BR,C,02/25/2023,Candy Ride (ARG),Wind and Hope,837,Tapit,,"Scanlon Training & Sales, Agent I",,Scanlon Training Center,KY,10,OUT,,,06/05/2025,,,,,,
86,I,2023,,DB/BR,F,02/06/2023,Spun to Run,Winds of Capri,838,Bernardini,,"Navas Equine, Agent II",,Navas Equine,KY,15,D. J. Stable LLC,77000,,,10.0," 1/8",06/10/2025,1,2,
87,I,2023,,DB/BR,C,04/23/2023,Twirling Candy,Winsanity,840,Tapizar,,"de Meric Sales, Agent I",,de Meric Sales,KY,12,C.H.P.R.,10000,,,G,G,06/10/2025,3,103,
88,I,2023,,DB/BR,C,03/18/2023,Runhappy,Wish Wish Wish,841,Arch,,"Harris Training Center LLC, Agent V",,Harris Training Center LLC,KY,13,BROA (K.O.I.D.),32000,,,10.1," 1/8",06/10/2025,1,41,
89,I,2023,,DB/BR,F,02/24/2023,McKinzie,Withholding Info,842,Midnight Lute,,"McKathan Bros. Sales, Agent II",,McKathan Bros.,KY,6,RNA,-17000,,,10.3," 1/8",06/10/2025,2,76,
90,O,2023,,GR/RO,F,03/27/2023,Liam's Map,Woodland Park,843,Bernardini,,Ocala Stud,,Ocala Stud,FL,4,OUT,,,06/05/2025,,,,,,
91,I,2023,Waitin'onapromise,B,F,04/25/2023,Waiting,Woodstock Girl,844,More Than Ready,,"Two Cousins Training and Sales, Agent I",,Two Cousins Training and Sales,NY,8,Adam Rice,7000,,,21.4," 1/4",06/10/2025,1,23,
92,O,2023,,B,C,05/02/2023,Goldencents,Yahtzee Queen,845,Kitten's Joy,,"Global Thoroughbreds LLC, Agent",,Global Thoroughbreds LLC,KY,5,OUT,,,05/05/2025,,,,,,
93,I,2023,El Gato Negro,DB/BR,C,03/25/2023,First Dude,Yikes Yikes Yikes,847,Mark Valeski,,"AVP Training and Sales, Agent III",,AVP Training and Sales,FL,15,F.N.D.C.C.,10000,Y,,10.3," 1/8",06/10/2025,3,113,
94,O,2023,As I Was Saying,DB/BR,F,01/31/2023,Mitole,You Go to My Head,848,Super Saver,,"Randy Miles, Agent X",,Miles Randy,KY,19,OUT,,,06/05/2025,,,,,,
95,I,2023,Hey Clark,B,C,03/08/2023,Battalion Runner,You're the Best,849,Malibu Moon,,Two Oaks Equine,,Two Oaks Equine,FL,11,"West Point Thoroughbreds, L.E.B., Agent",70000,,,10.0," 1/8",06/10/2025,3,111,
96,I,2023,,CH,F,04/26/2023,Nyquist,Zusha,850,Congrats,,"Tom McCrocklin, Agent VI",,McCrocklin Tom,KY,18,"Chad Summers, Agent",50000,Y,,21.0," 1/4",06/10/2025,1,16,
97,I,2023,,CH,F,01/28/2023,Collected,Zuzor,851,Pioneerof the Nile,,Wildheart Thoroughbreds LLC,,Wildheart Thoroughbreds LLC,KY,16,RNA,-35000,,,10.2," 1/8",06/10/2025,1,4,
98,I,2023,,DB/BR,C,03/27/2023,Good Samaritan,Abuela's Humor,3,Distorted Humor,,Golden Thoroughbreds Training and Sales,,Golden Thoroughbreds Training and Sales,KY,18,RNA,-27000,,,10.1," 1/8",06/14/2025,3,109,
99,I,2023,,CH,F,02/02/2023,Dialed In,Acting Lucky,4,Tapizar,,"Blue Sapphire Stables, Agent VII",,Blue Sapphire Stables,KY,15,C.H.P.R.,15000,,,10.2," 1/8",06/10/2025,2,94,
100,I,2023,,B,C,03/14/2023,Smiling Tiger,Addictionendshere,5,July Child,,"Doble J Equine Sales, Agent III",,Doble J Equine Sales,CA,17,"Nick J. Hines, Agent",40000,,,10.1," 1/8",06/10/2025,3,109,
101,I,2023,,B,F,04/10/2023,Girvin,Adios Annie,6,Adios Charlie,,Ocala Stud,,Ocala Stud,FL,4,Trevor James,20000,,,21.2," 1/4",06/10/2025,2,70,
102,I,2023,,CH,F,03/25/2023,St Patrick's Day,Adios Ashley,7,Adios Charlie,,"Blue Sapphire Stables, Agent III",,Blue Sapphire Stables,FL,15,RNA,-17000,,,10.3," 1/8",06/10/2025,3,122,
103,O,2023,,B,F,04/22/2023,Solomini,Adira,8,Quality Road,,McMahon of Saratoga Thoroughbreds LLC,,McMahon of Saratoga Thoroughbreds LLC,NY,11,OUT,,,06/17/2025,,,,,,
104,I,2023,,DB/BR,C,02/04/2023,Yaupon,After the Party,9,Into Mischief,,"Julie Davies LLC, Agent VIII",,Davies Julie,KY,7,Saffie Joseph Jr,300000,,,9.4," 1/8",06/10/2025,1,8,
105,I,2023,,CH,F,05/08/2023,St Patrick's Day,A Kiss for Karen,10,Uncle Mo,,"Victory Stable, Agent",,Victory Stable,FL,19,RNA,-12000,,,10.3," 1/8",06/10/2025,3,119,
106,I,2023,,B,C,03/10/2023,Rushie,Alandras Dream,11,Zivo,,Little Farm Equine LLC,,Little Farm Equine LLC,FL,20,C.H.P.R.,7000,,,10.3," 1/8",06/10/2025,2,82,
107,I,2023,,DB/BR,F,04/22/2023,Unified,Alec's Moon,12,Malibu Moon,,"Santa Fe Thoroughbreds, Agent",,Santa Fe Thoroughbreds,KY,4,RNA,-7000,,,10.1," 1/8",06/10/2025,2,99,
108,I,2023,Tonal Point,B,F,03/25/2023,Tonalist,Algier's Point,13,Eskendereya,,La Mancha Farm (Michael V. Laurato),,La Mancha Farm,KY,13,C.H.P.R.,10000,,,21.4," 1/4",06/10/2025,2,69,
109,I,2023,,DB/BR,F,05/11/2023,Munnings,Allegheny Angel,14,Medaglia d'Oro,,"Navas Equine, Agent XI",,Navas Equine,KY,15,Scott Gelner,72000,,,10.1," 1/8",06/10/2025,1,29,
110,I,2023,,B,C,02/20/2023,Astern (AUS),Allende,15,Candy Ride (ARG),,"Silvestre Chavez Thoroughbreds, Agent I",,"Chavez Thoroughbreds Silvestre ",KY,17,Abdullateef Alzeer,42000,,,10.1," 1/8",06/10/2025,1,7,
111,I,2023,,GR/RO,C,02/20/2023,Mo Town,All in a Dream,16,Flintshire (GB),,"Silvestre Chavez Thoroughbreds, Agent XII",,"Chavez Thoroughbreds Silvestre ",KY,17,Louis Linder Jr.,12000,,,10.2," 1/8",06/10/2025,2,58,
112,I,2023,,B,C,01/20/2023,Noble Bird,Allison's Alibi,17,The Daddy,,"Wildheart Thoroughbreds LLC, Agent I",,Wildheart Thoroughbreds LLC,FL,16,C.H.P.R.,10000,,,22.3," 1/4",06/10/2025,3,118,
113,I,2023,,B,F,03/03/2023,Demarchelier (GB),All Others Follow (GB),18,Sea The Stars (IRE),,"Whitman Sales LLC, Agent III",,Whitman Sales,KY,16,C.H.P.R.,8000,,,G,G,06/13/2025,3,128,
114,I,2023,,DB/BR,C,04/25/2023,Tathqeef,Allsystemsareago,19,The Big Beast,,Wildheart Thoroughbreds LLC,,Wildheart Thoroughbreds LLC,FL,16,"K.O.I.D. Co., Ltd.",16000,Y,,10.2," 1/8",06/10/2025,3,102,
115,O,2023,,B,F,04/30/2023,Uncle Chuck,Allyouneedislovin,20,High Cotton,,"McKathan Bros. Sales, Agent I",,McKathan Bros.,FL,6,OUT,,,06/10/2025,,,,,,
116,I,2023,,DB/BR,F,02/12/2023,Take Charge Indy,Already Packed,21,More Than Ready,,"J. J. Thoroughbreds, Agent I",,J. J. Thoroughbreds,KY,9,C.H.P.R.,10000,,,10.2," 1/8",06/10/2025,2,62,
117,I,2023,,B,F,03/11/2023,Audible,Altar of Speed,22,Alternation,,"Big Easy, Agent I",,Big Easy,KY,11,John Fox,25000,,,G,G,06/10/2025,1,51,
118,O,2023,,DB/BR,C,02/24/2023,Street Sense,Alta's Award,23,Tonalist,,"Randy Miles, Agent III",,Miles Randy,KY,19,OUT,,,06/05/2025,,,,,,
119,I,2023,,B,C,04/26/2023,Vekoma,Alva,24,Into Mischief,,"Golden Rock Thoroughbreds, Agent VI",,Golden Rock Thoroughbreds,LA,19,"Nick J. Hines, Agent",130000,,,10.0," 1/8",06/10/2025,2,68,
120,I,2023,,CH,C,05/08/2023,Munnings,Amagansett,25,Tapit,,"Paul Sharp, Agent II",,Sharp Paul M.,KY,8,"John Hall, Dallas Stewart, Agent",250000,,,10.1," 1/8",06/10/2025,1,5,
121,I,2023,,B,C,04/09/2023,Uncle Mo,American Caviar,26,Curlin,,"Pick View LLC, Agent II",,Pick View LLC,KY,3,"Will Sacco, Agent, Martin Weis",30000,Y,,G,G,06/10/2025,3,104,
122,I,2023,Bamboozled,B,C,02/15/2023,Mo Forza,American Dream,27,American Pharoah,,"Ocala Stud, Agent",,Ocala Stud,KY,4,Charlton Bloodstock Agency,5000,,,22.2," 1/4",06/10/2025,3,116,
123,I,2023,,B,C,05/07/2023,Street Sense,America's Starlet,28,Concord Point,,"de Meric Sales, Agent II",,de Meric Sales,KY,12,Ahmed Abdulaziz Alsaif,20000,,,10.2," 1/8",06/10/2025,1,39,
124,I,2023,Sunnyday Lightning,B,F,02/22/2023,Raging Bull (FR),Amnicalola,29,Arch,,Sugar Hill LLC,,Sugar Hill LLC,KY,10,Nicholas Latour,3000,,,11.0," 1/8",06/10/2025,2,78,
125,I,2023,,DB/BR,C,03/23/2023,Rock Your World,Anniversary Kitty,30,Tribal Rule,,"Cardozo's Brothers, Agent",,Cardozo's Brothers,KY,6,Jim Divito,150000,,,10.0," 1/8",06/10/2025,3,110,
126,O,2023,,B,F,04/16/2023,Nyquist,Annulment,31,Broken Vow,,"Tom McCrocklin, Agent II",,McCrocklin Tom,KY,18,OUT,,,06/17/2025,,,,,,
127,O,2023,,DB/BR,C,02/25/2023,Always Dreaming,Apurate,33,Summer Front,,"Harris Training Center LLC, Agent IV",,Harris Training Center LLC,KY,13,OUT,,,06/09/2025,,,,,,
128,I,2023,,DB/BR,C,05/14/2023,Munnings,Arcing,34,Arch,,"McKathan Bros. Sales, Agent I",,McKathan Bros.,KY,6,High Point Bloodstock for Akarem Stable,50000,,,10.0," 1/8",06/10/2025,1,19,
129,I,2023,Kylix,CH,F,04/25/2023,Kantharos,Areolite,35,Tapit,,"Marcial Galan, Agent",,Galan Marcial,KY,9,RNA,-22000,,,10.1," 1/8",06/10/2025,2,87,
130,I,2023,,DB/BR,C,04/17/2023,Bolt d'Oro,Argenta,36,Mineshaft,,"Britton Peak, Agent V",,Britton Peak,KY,19,Expoline,50000,Y,,10.1," 1/8",06/10/2025,1,18,
131,O,2023,,B,F,03/02/2023,Bolt d'Oro,Artie's First Kiss,37,We Miss Artie,,"Niall Brennan Stables, Agent VII",,Brennan Niall,KY,8,OUT,,,06/17/2025,,,,,,
132,O,2023,,DB/BR,F,02/24/2023,Twirling Candy,Artilena,38,Artie Schiller,,"Wavertree Stables, Inc. (Ciaran Dunne), Agent I",,"Wavertree Stables, Inc.",KY,5,OUT,,,06/10/2025,,,,,,
133,O,2023,,B,F,04/19/2023,Dialed In,Arts and Crafts,40,Line of David,,"Global Thoroughbreds LLC, Agent",,Global Thoroughbreds LLC,KY,5,OUT,,,05/05/2025,,,,,,
134,O,2023,,B,C,01/26/2023,Maximus Mischief,Arusa,41,Pomeroy,,GOP Racing Stable Corp.,,GOP Racing Stable Corp.,KY,4,OUT,,,06/14/2025,,,,,,
135,I,2023,Dasha,GR/RO,F,02/04/2023,Gift Box,Asluckmayhaveit,42,Lookin At Lucky,,Victory Stable,,Victory Stable,NY,19,"Jarvis Racing Stable, LLC",10000,,,10.1," 1/8",06/10/2025,1,17,
136,I,2023,,GR/RO,C,03/31/2023,Liam's Map,Athens Queen,43,Majestic Warrior,,"Gene Recio, Agent I",,Recio Gene,KY,7,Triton Thoroughbreds LLC,100000,,,10.1," 1/8",06/10/2025,2,89,
137,I,2023,Kilmer,DB/BR,C,04/01/2023,Temple City,Attyia,44,Dialed In,,"Marcial Galan, Agent",,Galan Marcial,WA,9,RNA,-97000,,,10.0," 1/8",06/10/2025,1,13,
138,I,2023,,CH,F,03/28/2023,Charlatan,Aunt Kat,45,Uncle Mo,,"Wavertree Stables, Inc. (Ciaran Dunne), Agent XV",,"Wavertree Stables, Inc.",KY,5,RNA,-140000,,,10.0," 1/8",06/10/2025,1,6,
139,I,2023,,CH,F,04/06/2023,Complexity,Auspiciously,46,Malibu Moon,,"Julie Davies LLC, Agent IV",,Davies Julie,KY,7,"Barry Berkelhammer, Agent",70000,,,10.1," 1/8",06/10/2025,1,30,
140,O,2023,,B,C,03/20/2023,Independence Hall,Autorita,48,Will Take Charge,,"Two Cousins Training and Sales, Agent I",,Two Cousins Training and Sales,NY,8,OUT,,,06/09/2025,,,,,,
141,I,2023,,B,F,02/04/2023,Beau Liam,Awesome Fleet,49,Awesome Again,,"Paul Sharp, Agent III",,Sharp Paul M.,KY,8,RNA,-27000,,,21.3," 1/4",06/10/2025,1,40,
142,O,2023,,DB/BR,F,05/05/2023,Connect,Baby Boss,50,Frost Giant,,"Ordonez Thoroughbreds, Agent II",,Ordonez Thoroughbreds,NY,11,OUT,,,06/10/2025,,,,,,
143,O,2023,Pajama Party,DB/BR,F,03/11/2023,Beau Liam,Baby Cloud,51,Munnings,,"Twelve Toes LLC, Agent I",,Twelve Toes LLC,FL,10,OUT,,,06/17/2025,,,,,,
144,I,2023,,DB/BR,F,04/23/2023,Girvin,Baby Jane Doe,52,With Distinction,,"Ocala Stud, Agent",,Ocala Stud,FL,4,C.H.P.R.,6000,,,21.3," 1/4",06/10/2025,3,106,
145,O,2023,,CH,F,03/01/2023,Awesome Slew,Backstage,53,Put It Back,,"Navas Equine, Agent VIII",,Navas Equine,FL,15,OUT,,,06/10/2025,,,,,,
146,I,2023,,DB/BR,C,03/03/2023,Mo Town,Bags Are Packed,54,Tourist,,"AVP Training and Sales, Agent",,AVP Training and Sales,KY,15,Bruno Schickedanz,20000,,,10.0," 1/8",06/10/2025,1,27,
147,I,2023,,B,C,04/08/2023,Maclean's Music,Balandra Bay,55,Tiznow,,Speedy Gonzalez,,Gonzalez Jorge Luis,KY,13,Black Horse Bloodstock,25000,Y,,22.0," 1/4",06/10/2025,2,63,
148,I,2023,,DB/BR,C,03/28/2023,Leofric,Bangle,56,Giant's Causeway,,Oscar Brown Stables,,Brown Oscar,FL,10,"SGV, Agent for George Weaver",10000,,,21.2," 1/4",06/10/2025,1,49,
149,O,2023,,DB/BR,C,04/15/2023,Audible,Banshee Birdie,57,Birdstone,,"Sugar Hill LLC, Agent",,Sugar Hill LLC,KY,10,OUT,,,06/12/2025,,,,,,
150,I,2023,,CH,F,04/28/2023,Omaha Beach,Barbecca,58,Cape Blanco (IRE),,"Caliente Thoroughbreds, Agent III",,Caliente Thoroughbreds,KY,11,Juan Arriagada,25000,,,21.3," 1/4",06/10/2025,1,20,
151,I,2023,,CH,F,02/05/2023,No Nay Never,Basilicata (IRE),59,Iffraaj (GB),,"Navas Equine, Agent X",,Navas Equine,IRE,15,Saffie Joseph Jr,23000,Y,,10.1," 1/8",06/10/2025,2,93,
152,I,2023,,B,C,05/09/2023,Engage,Bazinga B,60,Lion Hearted,,Blue Sapphire Stables,,Blue Sapphire Stables,MD,15,David Bunn,90000,,,9.4," 1/8",06/10/2025,2,64,
153,I,2023,,DB/BR,C,02/14/2023,Uncle Chuck,Beach Girl,61,Violence,,"Cruzin' Thoroughbreds LLC, Agent",,Cruzin' Thoroughbreds,FL,17,"The Winning Stables, Inc.",25000,,,21.4," 1/4",06/10/2025,1,50,
154,O,2023,Moremischief Again,B,C,05/09/2023,Rogueish,Beach Trick,62,Lil's Lad,,"Five Star Equestrian Sales, Agent I",,Five Star Equestrian Sales,FL,13,OUT,,,04/28/2025,,,,,,
155,I,2023,,B,F,05/17/2023,Runhappy,Beautiful Greeley,63,Mr. Greeley,,First Call,,"First Call, Agent",KY,1,RNA,-12000,,,G ONLY,G,06/10/2025,2,54,
156,O,2023,,B,F,03/15/2023,Thousand Words,Bebinn,64,Bernardini,,"Omar Ramirez Bloodstock, Agent XI",,Ramirez Omar,KY,14,OUT,,,06/09/2025,,,,,,
157,O,2023,Cearnach,B,F,04/27/2023,Liam's Map,Beguiled,65,Orb,,"Hoppel LLC, Agent I",,"Hoppel LLC, Agent",KY,7,OUT,,,06/10/2025,,,,,,
158,I,2023,Khon Han,DB/BR,C,03/25/2023,Rock Your World,Bella Alicita,66,Bellamy Road,,A B Thoroughbreds,,A B Thoroughbreds,KY,8,RNA,-190000,,,Won GP,,06/13/2025,1,48,
159,I,2023,,DB/BR,F,05/13/2023,Solomini,Bella's Flair,67,Bellamy Road,,McMahon of Saratoga Thoroughbreds LLC,,McMahon of Saratoga Thoroughbreds LLC,NY,11,"Bruce Brown, Agent",35000,,,10.2," 1/8",06/10/2025,1,28,
160,O,2023,,B,F,04/09/2023,Beau Liam,Bella's Game,68,Soldat,,"Hoppel LLC, Agent VI",,"Hoppel LLC, Agent",NY,7,OUT,,,06/10/2025,,,,,,
161,I,2023,Fredericka's Rose,DB/BR,F,03/08/2023,St Patrick's Day,Bella Vincenza,69,Biondetti,,Five Star Equestrian Sales,,Five Star Equestrian Sales,FL,13,Andy Stronach,17000,,,21.3," 1/4",06/10/2025,2,59,
162,I,2023,Belle's Baby,GR/RO,F,03/15/2023,Midnight Lute,Belleoftheprairie,71,U S Ranger,,"Silvestre Chavez Thoroughbreds, Agent XII",,"Chavez Thoroughbreds Silvestre ",KY,17,Andy Stronach,17000,,,11.0," 1/8",06/10/2025,3,117,
163,I,2023,,DB/BR,C,05/06/2023,Daredevil,Bene Pista,72,Bernardini,,"de Meric Sales, Agent VI",,de Meric Sales,NY,12,George Lopez,7000,,,10.3," 1/8",06/10/2025,2,75,
164,I,2023,,DB/BR,C,03/28/2023,Gormley,Benny's Girl,73,The Deputy (IRE),,"Tom McCrocklin, Agent V",,McCrocklin Tom,IN,18,Alice McEwen,10000,Y,,21.4," 1/4",06/10/2025,3,115,
165,I,2023,,DB/BR,F,04/27/2023,Thousand Words,Bessie's Bullet,74,Wando,,"Omar Ramirez Bloodstock, Agent VIII",,Ramirez Omar,LA,14,Isreal Flores,15000,Y,,10.1," 1/8",06/10/2025,2,52,
166,O,2023,,CH,C,04/15/2023,Omaha Beach,Best of Times,75,Mineshaft,,"Randy Miles, Agent V",,Miles Randy,KY,19,OUT,,,06/05/2025,,,,,,
167,I,2023,,DB/BR,C,03/01/2023,Street Sense,Bev's Summer Song,76,Birdstone,,"Top Line Sales LLC, Agent XI",,Top Line Sales,KY,1,Pedro Maestre,50000,,,10.0," 1/8",06/10/2025,1,1,
168,I,2023,,B,F,03/29/2023,St Patrick's Day,Bidding Circle,77,Orb,,"Victory Stable, Agent",,Victory Stable,FL,19,RNA,-11000,,,10.2," 1/8",06/10/2025,2,85,
169,I,2023,,B,F,02/28/2023,Yaupon,Big Time,78,Astrology,,Pick View LLC,,Pick View LLC,KY,3,RNA,-18000,,,G,G,06/10/2025,1,34,
170,I,2023,,B,F,02/03/2023,Central Banker,Binary Bourbon,79,Data Link,,"Hidden Brook, Agent II",,Hidden Brook Farm,NY,2,Al Stall,22000,,,10.2," 1/8",06/10/2025,2,66,
171,I,2023,Samaritan's Joy,CH,F,03/12/2023,Good Samaritan,Bit of Joy,81,Kitten's Joy,,"Bertram Manchan, Agent",,Manchan Bertram,FL,12,RNA,-6000,,,10.3," 1/8",06/10/2025,2,81,
172,I,2023,,DB/BR,F,04/28/2023,Solomini,Bitter Gold,82,Midas Eyes,,New Hope AB LLC,,New Hope LLC,NY,20,Amaty Racing Stable,18000,Y,,10.4," 1/8",06/10/2025,2,90,
173,I,2023,,B,F,02/17/2023,Raging Bull (FR),Black Sand (GB),83,Dubawi (IRE),,La Mancha Farm (Michael V. Laurato),,La Mancha Farm,KY,13,RNA,-15000,,,10.0," 1/8",06/11/2025,1,25,
174,I,2023,,CH,C,02/03/2023,Tiz the Law,Blake's Magic,84,Bernstein,,"Navas Equine, Agent IV",,Navas Equine,KY,15,D. J. Stable LLC,160000,,,10.0," 1/8",06/11/2025,1,10,
175,I,2023,,DB/BR,C,03/02/2023,Ghostzapper,Blame Debbie,85,Blame,,"Top Line Sales LLC, Agent IV",,Top Line Sales,KY,1,RNA,-32000,,,10.1," 1/8",06/11/2025,2,64,
176,I,2023,,GR/RO,C,05/06/2023,Silver State,Blizzard Beach,86,Race Day,,"Little Farm Equine LLC, Agent I",,Little Farm Equine LLC,KY,20,Albert Ow Kee Foo,30000,,,10.0," 1/8",06/11/2025,1,22,
177,I,2023,,DB/BR,C,05/06/2023,Higher Power,Blue Claret,87,Bluegrass Cat,,"Omar Ramirez Bloodstock, Agent III",,Ramirez Omar,NY,14,"Stormfelt, Agent for Starry Night Racing",20000,,,10.3," 1/8",06/11/2025,3,101,
178,I,2023,Motor City Man,B,C,05/12/2023,Mo Town,Blue Eyed Sweetie,88,West Acre,,"Hoppel LLC, Agent VI",,"Hoppel LLC, Agent",FL,7,Christopher Souza,80000,Y,,21.1," 1/4",06/14/2025,2,61,
179,I,2023,,GR/RO,C,03/28/2023,Tiz the Law,Blue Heart,89,Exchange Rate,,A. G. Sales,,A. G. Sales,KY,14,Sultan Racing,45000,,,10.0," 1/8",06/11/2025,2,90,
180,I,2023,,DB/BR,F,03/21/2023,Honest Mischief,Blue Hen Madness,90,Any Given Saturday,,Crystal Eclipse Stable,,Crystal Eclipse Stable,NY,9,"Johnny Boy Sacco, Agent for Roddy Valente",40000,,,9.4," 1/8",06/11/2025,1,21,
181,O,2023,,CH,C,04/07/2023,Volatile,Bodella,91,Bodemeister,,"Julie Davies LLC, Agent VI",,Davies Julie,KY,7,OUT,,,06/11/2025,,,,,,
182,O,2023,,CH,C,05/10/2023,Dialed In,Bones,92,Kantharos,,"Britton Peak, Agent I",,Britton Peak,FL,19,OUT,,,06/10/2025,,,,,,
183,I,2023,,DB/BR,F,01/29/2023,Global Campaign,Book of Love,93,Maclean's Music,,Sweet River Thoroughbreds,,Sweet River Thoroughbreds,KY,18,C.H.P.R.,15000,,,10.2," 1/8",06/11/2025,3,96,
184,O,2023,My Boy Leroy,B,C,01/27/2023,Charlatan,Bounding (AUS),94,Lonhro (AUS),,Crystal Eclipse Stable,,Crystal Eclipse Stable,KY,9,OUT,,,06/10/2025,,,,,,
185,O,2023,,DB/BR,C,02/26/2023,Ghostzapper,Bramble Queen,95,Silent Name (JPN),,"Randy Miles, Agent II",,Miles Randy,ON,19,OUT,,,06/05/2025,,,,,,
186,O,2023,Grandmasgotagun,B,F,05/07/2023,Gunnevera,Brazilian Symphony,96,Fairbanks,,"My Little Stable Racing, Inc., Agent IV",,"My Little Stable Racing, Inc.",NJ,18,OUT,,,06/17/2025,,,,,,
187,I,2023,,DB/BR,C,03/25/2023,Always Dreaming,Brenna's Song,97,Concerto,,La Mancha Farm (Michael V. Laurato),,La Mancha Farm,FL,13,Bruno Schickedanz,17000,,,21.4," 1/4",06/11/2025,3,102,
188,O,2023,,GR/RO,F,05/23/2023,Caravaggio,Bubble Pop,99,Smart Strike,,Ocala Stud,,Ocala Stud,FL,4,OUT,,,06/05/2025,,,,,,
189,O,2023,,B,F,02/24/2023,Killybegs Captain,Buffalo Miss,100,Golden Missile,,"S B M Training and Sales, Agent III",,S B M Training and Sales,NY,2,OUT,,,06/11/2025,,,,,,
190,O,2023,,CH,F,04/02/2023,Nyquist,Bullish Sentiment,101,Stormy Atlantic,,"Niall Brennan Stables, Agent III",,Brennan Niall,NY,8,OUT,,,06/05/2025,,,,,,
191,I,2023,Ginger Bunny,DB/BR,F,05/30/2023,The Big Beast,Bunker Bunny,102,Field Commission,,"Goldencents Thoroughbreds, Agent I",,Goldencents Thoroughbreds,FL,13,Jonathan Hayek,20000,,,10.1," 1/8",06/11/2025,2,77,
192,I,2023,,B,F,03/22/2023,Modernist,Busby Spring,103,Kitten's Joy,,"Little Farm Equine LLC, Agent I",,Little Farm Equine LLC,KY,20,"Sweezey, Agent for Starry Night Racing",42000,,,10.1," 1/8",06/11/2025,3,97,
193,I,2023,,DB/BR,F,04/28/2023,Basin,Buttress,104,Arch,,"Harris Training Center LLC, Agent II",,Harris Training Center LLC,KY,13,"Sweezey, Agent for Starry Night Racing",25000,,,10.1," 1/8",06/11/2025,2,53,
194,I,2023,,B,C,03/31/2023,Maximus Mischief,Cafe,105,Medaglia d'Oro,,"Medallion Farms, Agent I",,Medallion Farms,KY,14,Robin Racing,90000,,,10.0," 1/8",06/11/2025,1,28,
195,I,2023,,B,F,02/19/2023,Silver State,Calamity Jane,106,Cowboy Cal,,GOP Racing Stable Corp.,,GOP Racing Stable Corp.,KY,4,RNA,-32000,,,10.0," 1/8",06/11/2025,1,26,
196,O,2023,,B,C,02/25/2023,Instagrand,Call Me Karen,107,Dialed In,,"Global Thoroughbreds LLC, Agent",,Global Thoroughbreds LLC,KY,5,OUT,,,05/05/2025,,,,,,
197,O,2023,Fire On the Wire,CH,F,05/14/2023,Mitole,Camaria,108,Ghostzapper,,"Randy Miles, Agent I",,Miles Randy,KY,19,OUT,,,06/05/2025,,,,,,
198,I,2023,,GR/RO,C,03/02/2023,Cupid,Cambiata,109,Concerto,,"AVP Training and Sales, Agent",,AVP Training and Sales,FL,15,C.H.P.R.,18000,,,10.3," 1/8",06/11/2025,3,111,
199,I,2023,,DB/BR,C,04/27/2023,Nyquist,Cape Mischief,111,Into Mischief,,"Navas Equine, Agent X",,Navas Equine,KY,15,"Tom McCrocklin, Agent for William Sparks",85000,,,10.0," 1/8",06/11/2025,2,65,
200,I,2023,,GR/RO,C,01/01/2023,Cairo Prince,Capture Your Dream,113,Uncaptured,,"Six K's Training & Sales LLC, Agent",,Six K's Training & Sales LLC,KY,20,Alice McEwen,50000,,,10.1," 1/8",06/11/2025,1,34,
201,I,2023,Java Tales,CH,F,01/28/2023,Tale of Verve,Careless Java,114,Java's War,,"Santa Fe Thoroughbreds, Agent",,Santa Fe Thoroughbreds,KY,4,Anthony Pecoraro,12000,Y,,21.3," 1/4",06/11/2025,3,100,
202,O,2023,,U,U,01/01/2023,zz blank page 1,zz blank page 1,852,,,Blank Pages,,Ocala Breeders' Sales Co.,,,OUT,,,04/24/2025,,,,,,
203,O,2023,,B,C,04/10/2023,Code of Honor,Carmina Burana,115,Kitten's Joy,,"Really and Truly Thoroughbreds, Agent III",,Really and Truly Thoroughbreds,KY,2,OUT,,,06/17/2025,,,,,,
204,I,2023,,B,F,04/19/2023,Ransom the Moon,Cashmeifucan,116,Can the Man,,"Silvestre Chavez Thoroughbreds, Agent XI",,"Chavez Thoroughbreds Silvestre ",KY,17,C.H.P.R.,9000,,,10.2," 1/8",06/11/2025,1,23,
205,I,2023,,DB/BR,F,05/01/2023,Win Win Win,Cash Reserve,117,Distorted Humor,,Thorostock LLC,,Thorostock LLC,FL,12,Luck of the Irish Stables LLC,20000,Y,,21.4," 1/4",06/11/2025,2,63,
206,I,2023,,DB/BR,C,03/09/2023,Honor Code,Castellani,118,Quality Road,,Double R Equine Sales,,Double R Equine Sales,KY,2,"Jarvis Racing Stable, LLC",27000,,,21.2," 1/4",06/11/2025,1,20,
207,I,2023,Army Tank,CH,C,04/14/2023,Army Mule,Castinette Dancer,119,Ministers Wild Cat,,"Top Line Sales LLC, Agent VIII",,Top Line Sales,KY,1,Paradise Racing,7000,,,G,G,06/11/2025,2,86,
208,O,2023,,GR/RO,C,05/19/2023,Enticed,Catchmeifyoucandy,120,Mastery,,Silvestre Chavez Thoroughbreds,,"Chavez Thoroughbreds Silvestre ",KY,17,OUT,,,06/11/2025,,,,,,
209,O,2023,,GR/RO,F,02/27/2023,By My Standards,Celsius,122,Unbridled's Song,,"Golden Rock Thoroughbreds, Agent VII",,Golden Rock Thoroughbreds,KY,19,OUT,,,06/11/2025,,,,,,
210,I,2023,,DB/BR,C,04/01/2023,Enticed,Central Moves,123,Pico Central (BRZ),,JJH Training & Sales,,JJH Training & Sales,KY,3,Eduardo Jones,11000,Y,,22.0," 1/4",06/11/2025,2,61,
211,I,2023,,B,F,04/09/2023,Maximum Security,Charming Becky,124,Dixie Union,,"AVP Training and Sales, Agent II",,AVP Training and Sales,FL,15,"Julio Rada, Agent",15000,,,10.3," 1/8",06/11/2025,2,57,
212,O,2023,,GR/RO,C,04/02/2023,Tapwrit,Chasethegold,125,Touch Gold,,"Global Thoroughbreds LLC, Agent",,Global Thoroughbreds LLC,KY,5,OUT,,,05/05/2025,,,,,,
213,I,2023,,B,F,05/15/2023,Hightail,Chica Boom Chic,126,Tapit,,"AVP Training and Sales, Agent I",,AVP Training and Sales,KY,15,"Lisa Lewis, Agent for Philip Harding",55000,,,10.1," 1/8",06/11/2025,2,83,
214,O,2023,,B,F,03/10/2023,Beau Liam,Chic Gloria,127,Archarcharch,,"Triple C Sales, Agent I",,Triple C Sales,KY,16,OUT,,,05/02/2025,,,,,,
215,I,2023,,B,F,03/31/2023,Street Sense,Chiffon,128,Malibu Moon,,"Thorostock LLC, Agent IV",,Thorostock LLC,KY,12,RNA,-60000,,,10.2," 1/8",06/11/2025,1,16,
216,I,2023,,B,F,04/21/2023,Mor Spirit,China Seas,129,Paynter,,Little Horse,,Little Horse,FL,2,Tim Padilla,12000,,,21.4," 1/4",06/11/2025,1,29,
217,I,2023,,CH,C,03/30/2023,Complexity,Choir,130,Pulpit,,"Julie Davies LLC, Agent XV",,Davies Julie,KY,7,Walmac Farm LLC,125000,,,10.0," 1/8",06/11/2025,1,3,
218,I,2023,,B,C,04/14/2023,Silver State,Chosen Road,131,Quality Road,,"GOP Racing Stable Corp., Agent",,GOP Racing Stable Corp.,KY,4,RNA,-55000,,,10.1," 1/8",06/11/2025,3,107,
219,O,2023,,DB/BR,F,02/01/2023,Big Brown,Chrysolite,132,Freud,,"Hoppel LLC, Agent II",,"Hoppel LLC, Agent",NY,7,OUT,,,06/10/2025,,,,,,
220,I,2023,,GR/RO,F,02/06/2023,Rock Your World,Ciddy's Song,133,Unbridled's Song,,"Champions of the Future, Agent I",,Champions of the Future,KY,13,Valene Farms LLC,45000,,,10.2," 1/8",06/11/2025,2,52,
221,O,2023,,B,F,02/28/2023,Goldencents,Circle the Empire,134,Empire Maker,,"Goldencents Thoroughbreds, Agent",,Goldencents Thoroughbreds,LA,13,OUT,,,06/08/2025,,,,,,
222,O,2023,,DB/BR,F,04/14/2023,Beau Liam,Circumstance,135,Vindication,,"Julie Davies LLC, Agent II",,Davies Julie,KY,7,OUT,,,06/11/2025,,,,,,
223,O,2023,,B,F,04/10/2023,Galilean,Citrus Bloom,136,Lemon Drop Kid,,"Harris Training Center LLC, Agent II",,Harris Training Center LLC,NY,13,OUT,,,06/09/2025,,,,,,
224,I,2023,,DB/BR,F,03/17/2023,Echo Town,Classical Tune,137,Bayern,,"Hernandez Stables, Inc., Agent I",,"Hernandez Stables, Inc.",KY,3,Donald Hoover,18000,Y,,10.0," 1/8",06/11/2025,3,108,
225,I,2023,,B,C,02/17/2023,Knicks Go,Class Will Tell,138,Bernardini,,Lo Maxti Thoroughbreds LLC,,Lo Maxti Thoroughbreds LLC,KY,7,Flying Horses Investment Group Corp,18000,Y,,10.3," 1/8",06/11/2025,2,58,
226,I,2023,Whiskey Trip,B,C,04/27/2023,Gunnevera,Classy Girl,139,First Dude,,"Fabian Sales LLC, Agent",,Fabian Sales,FL,13,C.H.P.R.,12000,,,10.1," 1/8",06/11/2025,2,54,
227,O,2023,,B,F,01/27/2023,Modernist,Classy Production,140,Run Production,,"Wade Russell Racing LLC, Agent II",,Russell Wade,KY,14,OUT,,,06/08/2025,,,,,,
228,O,2023,,DB/BR,F,01/29/2023,Twirling Candy,Classy Ruler,141,Empire Maker,,Grassroots Training & Sales LLC,,Grassroots Training & Sales LLC,KY,10,OUT,,,06/11/2025,,,,,,
229,I,2023,,DB/BR,F,04/29/2023,Cloud Computing,Clever Beauty,142,Indian Charlie,,"Omar Ramirez Bloodstock, Agent V",,Ramirez Omar,KY,14,"David N. Heaton, Agent Mike Pender",75000,,,20.4," 1/4",06/11/2025,1,32,
230,O,2023,,B,C,02/27/2023,Maclean's Music,Cloudy Vow,143,Broken Vow,,"Top Line Sales LLC, Agent XVIII",,Top Line Sales,KY,1,OUT,,,06/17/2025,,,,,,
231,I,2023,Really Crafty,DB/BR,C,05/01/2023,Gone Astray,Codera,144,Omega Code,,"Wavertree Stables, Inc. (Ciaran Dunne), Agent XVIII",,"Wavertree Stables, Inc.",FL,5,"Guillermo Berrios, LLC",47000,,,10.1," 1/8",06/11/2025,1,18,
232,I,2023,,CH,C,04/09/2023,Lexitonian,Come On Cozzene,145,Devine Cozzene,,"Top Line Sales LLC, Agent VI",,Top Line Sales,KY,1,Alice McEwen,95000,,,10.0," 1/8",06/11/2025,1,27,
233,I,2023,,GR/RO,F,04/18/2023,Gunnevera,Commissio,146,Commissioner,,"Little Horse, Agent",,Little Horse,FL,2,"Ronald V. Pugliese, Jr.",12000,Y,,22.0," 1/4",06/11/2025,3,103,
234,O,2023,,B,F,02/24/2023,Charlatan,Compensate,147,Liam's Map,,"Tom McCrocklin, Agent I",,McCrocklin Tom,VA,18,OUT,,,05/21/2025,,,,,,
235,O,2023,,DB/BR,C,02/14/2023,Neolithic,Competitive Rate,148,Competitive Edge,,"F. Alanis Stables, Agent I",,Alanis Francisco,FL,14,OUT,,,05/21/2025,,,,,,
236,O,2023,Truda,B,F,04/18/2023,War of Will,Conductress,149,Candy Ride (ARG),,"Silvestre Chavez Thoroughbreds, Agent VII",,"Chavez Thoroughbreds Silvestre ",KY,17,OUT,,,05/01/2025,,,,,,
237,O,2023,,B,C,03/29/2023,Silver State,Cool Munnings,150,Munnings,,"Tom McCrocklin, Agent I",,McCrocklin Tom,FL,18,OUT,,,06/05/2025,,,,,,
238,O,2023,,CH,C,04/06/2023,Code of Honor,Corey's Holiday,152,Harlan's Holiday,,"Navas Equine, Agent XII",,Navas Equine,KY,15,OUT,,,06/05/2025,,,,,,
239,O,2023,,DB/BR,F,04/12/2023,Twirling Candy,Corn Poppy,153,Smart Strike,,"Abracadabra Farms, Ltd.",,"Abracadabra Farms, Ltd.",FL,9,OUT,,,06/10/2025,,,,,,
240,I,2023,Cantina,DB/BR,F,03/28/2023,Ami's Flatter,Cottina,154,High Cotton,,"Victory Stable, Agent II",,Victory Stable,FL,19,RNA,-17000,,,10.2," 1/8",06/11/2025,2,88,
241,O,2023,,B,C,03/10/2023,McKinzie,Count On Caroline,155,Sky Mesa,,"Pick View LLC, Agent III",,Pick View LLC,KY,3,OUT,,,06/17/2025,,,,,,
242,I,2023,,CH,F,03/20/2023,Collected,Country Cafe,156,Lion Heart,,First Call,,"First Call, Agent",KY,1,"Jerry Caroom, Agent, Carl Deville",34000,,,10.1," 1/8",06/11/2025,1,7,
243,I,2023,,CH,C,03/30/2023,Brody's Cause,Country Drive,157,Shirocco (GER),,Las Palmas Farm,,Las Palmas Farm,FL,18,C.H.P.R.,22000,Y,,10.1," 1/8",06/11/2025,2,56,
244,I,2023,,DB/BR,F,04/10/2023,Uncle Chuck,Country Villa,158,Gio Ponti,,"Double Tap Sales LLC, Agent",,Double Tap Sales LLC,FL,14,RNA,-40000,,,10.0," 1/8",06/11/2025,1,41,
245,O,2023,,DB/BR,F,01/24/2023,St Patrick's Day,Cowgirl Lass,159,The Big Beast,,"Woodside Ranch, Agent I",,Woodside Ranch,FL,6,OUT,,,06/11/2025,,,,,,
246,O,2023,,B,F,04/25/2023,Vekoma,Crafty Lass,160,Liam's Map,,"First Call, Agent I",,"First Call, Agent",KY,1,OUT,,,06/10/2025,,,,,,
247,I,2023,,B,C,04/25/2023,Instagrand,Crespano,161,Mineshaft,,"Top Line Sales LLC, Agent XVI",,Top Line Sales,KY,1,Albert Ow Kee Foo,30000,,,G,G,06/11/2025,3,104,
248,O,2023,,DB/BR,F,02/13/2023,Beau Liam,Crocus Hill,162,Medaglia d'Oro,,"Britton Peak, Agent IV",,Britton Peak,KY,19,OUT,,,06/10/2025,,,,,,
249,O,2023,War Runner,B,C,04/28/2023,War Dancer,Cross Keys,163,Cross Traffic,,"RiceHorse Stable (Brandon & Ali Rice), Agent III",,RiceHorse,NY,6,OUT,,,06/01/2025,,,,,,
250,I,2023,Modernis Silver,B,F,04/08/2023,Modernist,Cross Roads,164,Quality Road,,New Horizon Thoroughbreds,,New Horizon Thoroughbreds,KY,4,Andy Stronach,20000,,,21.2," 1/4",06/11/2025,2,73,
251,O,2023,,B,F,03/23/2023,Into Mischief,Curlism,165,Curlin,,"Wavertree Stables, Inc. (Ciaran Dunne), Agent II",,"Wavertree Stables, Inc.",KY,5,OUT,,,06/11/2025,,,,,,
252,I,2023,,GR/RO,F,02/23/2023,Caravaggio,Curl the Pearl,166,Curlin,,Blue Sapphire Stables,,Blue Sapphire Stables,KY,15,Cal-Ram Racing,12000,Y,,20.4," 1/4",06/11/2025,1,43,
253,I,2023,,DB/BR,C,03/24/2023,Astern (AUS),Custody,167,Broken Vow,,Wildheart Thoroughbreds LLC,,Wildheart Thoroughbreds LLC,KY,16,Nathan D. Hatcher,6500,,,10.2," 1/8",06/11/2025,1,47,
254,I,2023,,B,F,04/18/2023,Tiz the Law,Cut in Stone,168,Speightstown,,"Two Cousins Training and Sales, Agent",,Two Cousins Training and Sales,KY,8,RNA,-145000,,,10.0," 1/8",06/11/2025,2,81,
255,O,2023,Dre,CH,C,03/15/2023,Flatter,Cuttin Edge Tech,169,Fiber Sonde,,"Marcial Galan, Agent",,Galan Marcial,KY,9,OUT,,,06/03/2025,,,,,,
256,I,2023,,DB/BR,F,04/25/2023,Dialed In,Cynthiana,170,Into Mischief,,"Harris Training Center LLC, Agent VI",,Harris Training Center LLC,CA,13,"Nick J. Hines, Agent",25000,,,10.0," 1/8",06/11/2025,2,87,
257,O,2023,,DB/BR,F,03/06/2023,Yaupon,Daddysneverready,171,Scat Daddy,,"Hoppel LLC, Agent",,"Hoppel LLC, Agent",NY,7,OUT,,,06/10/2025,,,,,,
258,I,2023,,CH,C,03/05/2023,Daredevil,Daisy Devine,172,Kafwain,,"Flynt Fesmire, Agent",,Fesmire Flynt,KY,9,Ervin Rodriguez,80000,,,10.0," 1/8",06/11/2025,2,50,
259,I,2023,,CH,C,03/26/2023,Audible,Danceformunny,173,Munnings,,"Camelot Acres Racing and Sales, Agent",,Camelot Acres,KY,11,Jim Divito,85000,,,10.1," 1/8",06/11/2025,1,45,
260,O,2023,Full Card,B,F,04/20/2023,War Front,Danceland,175,Tapit,,"Top Line Sales LLC, Agent XII",,Top Line Sales,KY,1,OUT,,,06/10/2025,,,,,,
261,I,2023,,B,C,04/02/2023,Independence Hall,Dani Mo,176,Union Rags,,Blas Perez Stables,,"Perez Stables Blas ",KY,20,"Nicholas Cammarano, Jr.",35000,,,10.1," 1/8",06/11/2025,2,80,
262,I,2023,Gamer Girl,B,F,02/27/2023,Maximus Mischief,Da River Girl,177,Alternation,,"Omar Ramirez Bloodstock, Agent VIII",,Ramirez Omar,LA,14,"SAB Stables, Inc.",57000,,,10.1," 1/8",06/11/2025,2,55,
263,O,2023,,DB/BR,C,05/29/2023,Dialed In,Dark Street,178,Street Cry (IRE),,Nice and Easy Thoroughbreds,,Nice and Easy Thoroughbreds,FL,3,OUT,,,06/04/2025,,,,,,
264,I,2023,,B,C,05/05/2023,Known Agenda,Decorated for Gold,181,Declaration of War,,"de Meric Sales, Agent V",,de Meric Sales,KY,12,Charles Garvey,22000,,,10.2," 1/8",06/11/2025,2,70,
265,I,2023,Mo Rapido,DB/BR,G,03/10/2023,Uncle Chuck,Decrypt,182,Candy Ride (ARG),,"Santa Fe Thoroughbreds, Agent II",,Santa Fe Thoroughbreds,FL,4,RNA,-32000,,,10.1," 1/8",06/11/2025,1,33,
266,I,2023,,DB/BR,F,05/25/2023,King for a Day,Delantera,183,Bernstein,,"Doble J Equine Sales, Agent III",,Doble J Equine Sales,NY,17,"Mauk Equine Brokerage, Agent",10000,Y,,10.2," 1/8",06/11/2025,1,48,
267,I,2023,,CH,F,01/28/2023,Improbable,Della Frost,184,Frosted,,Scenic Sales,,Scenic Sales,KY,16,All East Stables LLC,20000,Y,,10.2," 1/8",06/11/2025,3,99,
268,I,2023,,B,F,02/13/2023,Thousand Words,Desert Dreaming,186,Tizway,,Goldencents Thoroughbreds,,Goldencents Thoroughbreds,KY,13,"Cinema Thoroughbreds, Agent Mike Pender",40000,Y,,21.1," 1/4",06/11/2025,1,6,
269,O,2025,,U,U,01/01/2025,zz blank page 2,zz blank page 2,853,,,Blank Pages,,Ocala Breeders' Sales Co.,,,OUT,,,04/24/2025,,,,,,
270,O,2023,,GR/RO,C,05/12/2023,Yaupon,Designing,187,Mizzen Mast,,"de Meric Sales, Agent I",,de Meric Sales,KY,12,OUT,,,06/11/2025,,,,,,
271,O,2023,,B,C,03/16/2023,Beau Liam,Devil's Envy,188,Atta Boy Roy,,"Paul Sharp, Agent I",,Sharp Paul M.,KY,8,OUT,,,06/17/2025,,,,,,
272,I,2023,,B,F,02/11/2023,Maximus Mischief,Diamante de Fuego,189,El Corredor,,"Champions of the Future, Agent I",,Champions of the Future,KY,13,Averill Racing LLC,70000,,,10.0," 1/8",06/11/2025,1,8,
273,O,2023,,DB/BR,C,02/04/2023,Independence Hall,Diamond Hill,190,Artie Schiller,,"Britton Peak, Agent IV",,Britton Peak,KY,19,OUT,,,06/17/2025,,,,,,
274,I,2023,,B,F,04/07/2023,City of Light,Diamonds and Rust,191,Curlin,,"Harris Training Center LLC, Agent III",,Harris Training Center LLC,KY,13,Starship Stables,50000,,,10.2," 1/8",06/11/2025,1,35,
275,I,2023,,B,C,05/19/2023,Candy Ride (ARG),Dinner With D C,192,Dixie Union,,"Navas Equine, Agent",,Navas Equine,KY,15,Lewis Greenspan,27000,,,10.2," 1/8",06/11/2025,3,109,
276,O,2023,,B,F,05/06/2023,Sir Prancealot (IRE),Disko Dasko (FR),193,Country Reel,,"Marcial Galan, Agent",,Galan Marcial,CA,9,OUT,,,06/17/2025,,,,,,
277,O,2023,,B,F,03/05/2023,Into Mischief,Divine Elegance,194,Uncle Mo,,"de Meric Sales, Agent I",,de Meric Sales,KY,12,OUT,,,05/21/2025,,,,,,
278,I,2023,,B,F,03/09/2023,Modernist,Dixie Moll,195,Blame,,Goldencents Thoroughbreds,,Goldencents Thoroughbreds,KY,13,Joe Ragsdale,30000,,,10.2," 1/8",06/11/2025,2,51,
279,I,2023,,GR/RO,F,03/06/2023,Frosted,Dixie Serenade,196,Uptowncharlybrown,,Harris Training Center LLC,,Harris Training Center LLC,PA,13,Dan Ryan,80000,,,9.4," 1/8",06/11/2025,1,1,
280,O,2023,,B,F,03/02/2023,Maxfield,Dogwood Trail,198,Awesome of Course,,"S B M Training and Sales, Agent IV",,S B M Training and Sales,LA,2,OUT,,,06/11/2025,,,,,,
281,I,2023,,B,C,03/16/2023,Instagrand,Double Happiness,199,More Than Ready,,Daylight Thoroughbreds,,Daylight Thoroughbreds,KY,19,BROA (K.O.I.D.),32000,,,10.0," 1/8",06/11/2025,1,44,
282,O,2023,,CH,C,02/08/2023,Gun Runner,Dream Passage,201,Stormy Atlantic,,"Niall Brennan Stables, Agent XV",,Brennan Niall,KY,8,OUT,,,05/05/2025,,,,,,
283,O,2023,Speed Walking,DB/BR,F,04/29/2023,Improbable,Dream Walking,202,Midnight Lute,,"RiceHorse Stable (Brandon & Ali Rice), Agent I",,RiceHorse,NY,6,OUT,,,05/31/2025,,,,,,
284,I,2023,,B,F,01/17/2023,Basin,Dressed Up,203,Honor Code,,"Champions of the Future, Agent I",,Champions of the Future,KY,13,"Pedro Lanz, Agent for Fahad Aloraini",30000,Y,,10.0," 1/8",06/11/2025,2,82,
285,I,2023,,DB/BR,F,03/31/2023,Rock Your World,Duchess of Sussex,204,Palace Malice,,"Hernandez Stables, Inc.",,"Hernandez Stables, Inc.",KY,3,"Feld Family Finds, Starry Night Racing",52000,,,10.2," 1/8",06/11/2025,1,14,
286,I,2023,Omega Beach,B,F,02/28/2023,Omaha Beach,Duplicate Kitten,205,Kitten's Joy,,"Cruzin' Thoroughbreds LLC, Agent I",,Cruzin' Thoroughbreds,KY,17,Clarence Reyes,10000,Y,,10.1," 1/8",06/11/2025,1,49,
287,I,2023,,B,F,05/16/2023,Knicks Go,Dynaslew,206,Dynaformer,,Potrero Stables,,Potrero Stables,KY,20,Averill Racing LLC,95000,,,10.0," 1/8",06/11/2025,2,74,
288,O,2023,,GR/RO,C,03/27/2023,Vino Rosso,Easy On the Sugar,207,Frosted,,"Randy Miles, Agent IV",,Miles Randy,KY,19,OUT,,,06/05/2025,,,,,,
289,O,2023,,DB/BR,F,05/16/2023,Uncle Chuck,Ebony Moment,208,Smart Strike,,"Abracadabra Farms, Ltd,, Agent",,"Abracadabra Farms, Ltd.",FL,9,OUT,,,06/10/2025,,,,,,
290,I,2023,,CH,F,02/10/2023,Lexitonian,Echological,209,Tale of Ekati,,"RM Stables LLC, Agent",,RM Stables LLC,KY,6,C.H.P.R.,15000,,,10.0," 1/8",06/11/2025,2,89,
291,I,2023,Honor Azteca,B,F,03/10/2023,Honor A. P.,Economy of Motion,210,Pleasantly Perfect,,"Golden Noguez, Agent",,Golden Noguez,KY,1,Blood Stock Thoroughbred,20000,Y,,10.2," 1/8",06/11/2025,1,24,
292,I,2023,,B,F,03/05/2023,McKinzie,Eek,211,Empire Maker,,"Golden Rock Thoroughbreds, Agent III",,Golden Rock Thoroughbreds,KY,19,RNA,-22000,,,10.1," 1/8",06/11/2025,1,30,
293,I,2023,,CH,F,03/13/2023,Lexitonian,Electric Rose,214,Flashback,,"Old South Farm LLC, Agent",,Old South Farm LLC,AR,9,Oplaics Consultants Corp,6000,,,10.3," 1/8",06/11/2025,2,71,
294,O,2023,,CH,F,03/19/2023,More Than Ready,Elementsofharmony,215,Exchange Rate,,Wildheart Thoroughbreds LLC,,Wildheart Thoroughbreds LLC,KY,16,OUT,,,06/09/2025,,,,,,
295,I,2023,,B,C,03/04/2023,Modernist,Elusive Candy,216,Candy Ride (ARG),,Scenic Sales,,Scenic Sales,KY,16,RNA,-18000,,,10.3," 1/8",06/11/2025,1,39,
296,I,2023,,B,C,03/15/2023,Charlatan,Elusive Pearl,217,Medaglia d'Oro,,"Kings Equine, Agent II",,Kings Equine,KY,1,Dare To Dream Stable Management LLC,75000,,,10.1," 1/8",06/11/2025,2,60,
297,I,2023,,B,C,04/04/2023,Awesome Slew,Empress of Gold,218,Empire Maker,,Ocala Stud,,Ocala Stud,FL,4,Bayou Borealis Acres,9000,,,21.3," 1/4",06/11/2025,3,95,
298,O,2023,,B,F,01/19/2023,Valiant Minister,Enchanted Island,219,Distorted Humor,,4 Brothers Legacy LLC,,4 Brothers Legacy LLC,FL,2,OUT,,,05/30/2025,,,,,,
299,I,2023,,DB/BR,C,05/15/2023,Munnings,Encouraging,220,Candy Ride (ARG),,"My Little Stable Racing, Inc., Agent III",,"My Little Stable Racing, Inc.",KY,18,Joseph Orseno,50000,Y,,10.1," 1/8",06/11/2025,2,66,
300,O,2023,Will to Thrill,B,F,04/19/2023,War of Will,Enthralling,221,Arch,,"White Lilac (Katie Miranda), Agent II",,White Lilac (Katie Miranda),KY,17,OUT,,,06/13/2025,,,,,,
301,I,2023,Classic Surprise,DB/BR,F,03/16/2023,Classic Empire,Esotica,222,Laoban,,"Marcial Galan, Agent",,Galan Marcial,KY,9,C.H.P.R.,23000,,,10.1," 1/8",06/11/2025,1,11,
302,O,2023,,CH,F,05/19/2023,Irish War Cry,Ever Always,223,Mr. Nugget,,"Thorostock LLC, Agent I",,Thorostock LLC,NJ,12,OUT,,,06/11/2025,,,,,,
303,O,2023,,DB/BR,C,03/09/2023,Independence Hall,Everything Magic,224,Street Sense,,Jose Munoz,,Munoz Jose L.,VA,12,OUT,,,04/30/2025,,,,,,
304,I,2023,,DB/BR,C,02/26/2023,Funtastic,Exotic Storm,225,Distorted Humor,,"Medallion Farms, Agent I",,Medallion Farms,KY,14,Alejandro Asmar,20000,,,10.1," 1/8",06/11/2025,3,98,
305,I,2023,,B,C,04/17/2023,Connect,Eyes Cheeks Smile,226,Awesome Again,,"Champions of the Future, Agent I",,Champions of the Future,KY,13,Alejandro Asmar,10000,,,10.3," 1/8",06/11/2025,3,114,
306,I,2023,,B,C,05/07/2023,Omaha Beach,Fab Flowers,227,Lewis Michael,,"Caliente Thoroughbreds, Agent I",,Caliente Thoroughbreds,KY,11,"Amanda Gillman, Agent for Lucky Hat Racing",30000,,,G,G,06/11/2025,1,46,
307,I,2023,,DB/BR,C,02/12/2023,Mo Forza,Faith Proof,228,Idiot Proof,,"Marcial Galan, Agent",,Galan Marcial,KY,9,C.H.P.R.,8500,,,10.3," 1/8",06/11/2025,2,67,
308,O,2023,,GR/RO,F,03/08/2023,Rushie,Fantastic Voyage,230,Congrats,,"Harris Training Center LLC, Agent II",,Harris Training Center LLC,FL,13,OUT,,,06/10/2025,,,,,,
309,O,2023,,DB/BR,F,03/17/2023,Constitution,Farofa,231,Tiznow,,GOP Racing Stable Corp.,,GOP Racing Stable Corp.,KY,4,OUT,,,04/25/2025,,,,,,
310,O,2023,,DB/BR,F,03/12/2023,Eclipticalspraline,Fasterthanfast,232,Brethren,,Oscar Brown Stables,,Brown Oscar,MD,10,OUT,,,06/08/2025,,,,,,
311,I,2023,,B,F,03/14/2023,Fog of War,Favorably,233,Lookin At Lucky,,J B Stable,,J B Stable,NY,3,RNA,-9000,,,22.1," 1/4",06/11/2025,2,59,
312,I,2023,,B,C,04/07/2023,Rock Your World,Filo Di Arianna,234,Karakontie (JPN),,AVP Training and Sales,,AVP Training and Sales,KY,15,RNA,-9500,,,10.2," 1/8",06/11/2025,1,9,
313,I,2023,,B,F,02/11/2023,Midshipman,Final Adventure,235,Orb,,"Omar Ramirez Bloodstock, Agent VII",,Ramirez Omar,KY,14,"Jarvis Racing Stable, LLC",15000,Y,,21.0," 1/4",06/11/2025,2,72,
314,O,2023,,DB/BR,F,04/27/2023,Twirling Candy,First On First,236,Medaglia d'Oro,,"Wavertree Stables, Inc. (Ciaran Dunne), Agent III",,"Wavertree Stables, Inc.",KY,5,OUT,,,06/11/2025,,,,,,
315,O,2023,,B,C,03/08/2023,Slumber (GB),Fitness for Office (IRE),237,Intello (GER),,"de Meric Sales, Agent II",,de Meric Sales,NY,12,OUT,,,06/17/2025,,,,,,
316,I,2023,,GR/RO,F,05/04/2023,Knicks Go,Flash of Wonder,238,Tiz Wonderful,,"Six K's Training & Sales LLC, Agent VI",,Six K's Training & Sales LLC,KY,20,Mark Norman,25000,,,21.2," 1/4",06/11/2025,3,93,
317,I,2023,,DB/BR,F,02/15/2023,Connect,Flipardini,239,Bernardini,,"Omar Ramirez Bloodstock, Agent IX",,Ramirez Omar,KY,14,C.H.P.R.,7500,Y,,10.3," 1/8",06/11/2025,3,113,
318,I,2023,,CH,F,02/16/2023,Global Campaign,Florrisant,240,Into Mischief,,"Omega Farm, Agent",,Omega Farm,KY,5,David Rogers,15000,,,21.2," 1/4",06/11/2025,2,75,
319,I,2023,,B,C,01/17/2023,Thousand Words,Flouncy,241,Flatter,,Sweet River Thoroughbreds,,Sweet River Thoroughbreds,KY,18,Jason DaCosta,27000,Y,,10.1," 1/8",06/11/2025,1,38,
320,I,2023,,GR/RO,F,03/02/2023,Street Boss,Flower Garden,242,Tapit,,"Abracadabra Farms, Ltd.",,"Abracadabra Farms, Ltd.",KY,9,RNA,-18000,,,10.2," 1/8",06/11/2025,1,19,
321,I,2023,,DB/BR,C,05/05/2023,Munnings,Flush,243,Violence,,"Golden Noguez, Agent",,Golden Noguez,KY,1,Bruno Schickedanz,20000,,,10.3," 1/8",06/11/2025,3,105,
322,I,2023,Dragon Dreamer,GR/RO,F,04/18/2023,Halladay,Following a Dream,244,Tiznow,,Sugar Hill LLC,,Sugar Hill LLC,CA,10,Son of A W Racing,3500,,,11.1," 1/8",06/11/2025,2,85,
323,I,2023,,GR/RO,F,04/30/2023,Knicks Go,For All You Know,245,Yes It's True,,"New Way, Agent I",,New Way,KY,11,Michael V. Laurato,20000,,,10.1," 1/8",06/11/2025,1,37,
324,I,2023,,B,F,04/25/2023,Honest Mischief,Force Majeure (IRE),247,Smart Strike,,"Niall Brennan Stables, Agent XIV",,Brennan Niall,NY,8,Funky Munky Stable LLC,17000,,,10.2," 1/8",06/11/2025,1,40,
325,O,2023,,B,F,03/28/2023,Silver State,Forever Loyal,248,Malibu Moon,,Two Oaks Equine,,Two Oaks Equine,KY,11,OUT,,,04/23/2025,,,,,,
326,I,2023,,B,C,05/09/2023,Practical Joke,Fraulein (JPN),250,Deep Impact (JPN),,"Grassroots Training & Sales LLC, Agent",,Grassroots Training & Sales LLC,CA,10,Amaty Racing Stables,37000,,,10.2," 1/8",06/11/2025,1,17,
327,I,2023,,B,F,03/13/2023,Midshipman,Freedom Come,251,Lit de Justice,,"McKathan Bros. Sales, Agent IV",,McKathan Bros.,KY,6,Bruno Schickedanz,48000,,,9.4," 1/8",06/11/2025,2,68,
328,I,2023,,B,F,04/12/2023,Hard Spun,Frippery,252,City Zip,,First Call,,"First Call, Agent",KY,1,Lone Stable LLC,20000,,,21.4," 1/4",06/11/2025,2,91,
329,I,2023,,B,F,03/05/2023,McKinzie,Fruhl's Gold,253,Crafty Prospector,,First Call,,"First Call, Agent",KY,1,Cammarota Racing LLC,35000,,,10.1," 1/8",06/11/2025,2,62,
330,I,2023,Higher Orbit,B,C,03/04/2023,Higher Power,Full Orbit,254,Midshipman,,"New Way, Agent II",,New Way,FL,11,F.N.D.C.C.,10000,,,22.3," 1/4",06/11/2025,3,94,
331,O,2023,,CH,C,03/25/2023,Volatile,Funny Moon,255,Malibu Moon,,Grassroots Training & Sales LLC,,Grassroots Training & Sales LLC,LA,10,OUT,,,06/11/2025,,,,,,
332,I,2023,To the Future,B,C,02/17/2023,Honest Mischief,Garden Games,256,Curlin,,"My Little Stable Racing, Inc., Agent IV",,"My Little Stable Racing, Inc.",NJ,18,Arms Racing,75000,,,10.0," 1/8",06/11/2025,3,110,
333,I,2023,,B,F,02/12/2023,Improbable,Gem Sleuth,257,Officer,,"Wade Russell Racing LLC, Agent I",,Russell Wade,KY,14,C.H.P.R.,45000,Y,,21.2," 1/4",06/11/2025,1,36,
334,I,2023,,B,C,04/14/2023,Awesome Slew,Genau,258,Into Mischief,,Ocala Stud,,Ocala Stud,FL,4,Saffie Joseph Jr,40000,,,21.4," 1/4",06/11/2025,1,31,
335,O,2023,,B,C,02/24/2023,Sharp Azteca,Ghost Dancer,259,Ghostzapper,,Two Oaks Equine,,Two Oaks Equine,KY,11,OUT,,,04/23/2025,,,,,,
336,I,2023,,B,F,04/25/2023,Munnings,Gift of the Nile,260,Pioneerof the Nile,,"Omar Ramirez Bloodstock, Agent VI",,Ramirez Omar,KY,14,TBD Stables,110000,,,10.0," 1/8",06/11/2025,1,5,
337,I,2023,,B,C,04/29/2023,Rock Your World,Gladita F.,261,Gemologist,,Double R Equine Sales,,Double R Equine Sales,KY,2,RNA,-9000,,,10.2," 1/8",06/11/2025,3,106,
338,I,2023,,DB/BR,F,05/03/2023,Tiz the Law,Glamouratti,262,Street Sense,,"White Lilac (Katie Miranda), Agent I",,White Lilac (Katie Miranda),KY,17,Craig Peerenboom,60000,Y,,21.3," 1/4",06/11/2025,3,92,
339,O,2023,,CH,F,03/28/2023,Mendelssohn,Glory to Kitten,263,Kitten's Joy,,"Julie Davies LLC, Agent I",,Davies Julie,NY,7,OUT,,,06/11/2025,,,,,,
340,I,2023,,B,F,02/21/2023,Higher Power,Gold Anklet,264,Lemon Drop Kid,,"Hernandez Stables, Inc., Agent",,"Hernandez Stables, Inc.",NY,3,Good Ole Boy Investments,110000,,,9.4," 1/8",06/11/2025,2,69,
341,O,2023,,B,C,04/05/2023,Uncle Mo,Gold Medal Dancer,265,Medaglia d'Oro,,"Wavertree Stables, Inc. (Ciaran Dunne), Agent XVI",,"Wavertree Stables, Inc.",KY,5,OUT,,,05/21/2025,,,,,,
342,I,2023,,DB/BR,C,02/25/2023,Munnings,Gold Souk,266,Medaglia d'Oro,,"S B M Training and Sales, Agent IV",,S B M Training and Sales,LA,2,David Bunn,90000,,,10.1," 1/8",06/11/2025,1,13,
343,I,2023,Blame It On Linda,B,C,03/31/2023,Blame,Gone to Bali,267,Gone Astray,,"H. J. Parra Racing Stables, Agent I",,"Parra Racing Stables H. J. ",KY,3,RNA,-47000,,,21.4," 1/4",06/11/2025,2,84,
344,I,2023,,B,F,02/19/2023,Authentic,Goodbye Earl,268,Hard Spun,,"Wade Russell Racing LLC, Agent I",,Russell Wade,KY,14,"DK Trucking & Manure Application, Inc",20000,,,10.2," 1/8",06/12/2025,1,27,
345,O,2023,,B,C,04/13/2023,Omaha Beach,Goodn'ready,269,More Than Ready,,"Harris Training Center LLC, Agent VII",,Harris Training Center LLC,NY,13,OUT,,,05/01/2025,,,,,,
346,I,2023,,DB/BR,F,05/09/2023,Complexity,Good Trouble,270,American Freedom,,"Navas Equine, Agent IV",,Navas Equine,KY,15,"Mauk Equine, Agent for TEC Racing",45000,,,10.1," 1/8",06/12/2025,2,68,
347,I,2023,,DB/BR,F,02/17/2023,Modernist,Goody Two Shoes,271,Orientate,,"Hernandez Stables, Inc.",,"Hernandez Stables, Inc.",KY,3,RNA,-37000,,,10.1," 1/8",06/12/2025,1,19,
348,I,2023,,B,F,01/23/2023,Maximus Mischief,Graceland,272,Elusive Quality,,Camelot Acres Racing and Sales,,Camelot Acres,KY,11,"Chelsey Moysey, Agent for Frank Melia",4000,,,11.0," 1/8",06/12/2025,1,39,
349,I,2023,,DB/BR,F,03/27/2023,Independence Hall,Greater Glory,273,Into Mischief,,"Top Line Sales LLC, Agent III",,Top Line Sales,NY,1,"DK Trucking & Manure Application, Inc",30000,,,10.0," 1/8",06/12/2025,2,55,
350,I,2023,,CH,C,03/19/2023,Known Agenda,Great Neck,274,Tapizar,,"Grade One Investments LLC, Agent III",,Grade One Investments LLC,KY,14,Charlton Bloodstock Agency,5000,,,10.1," 1/8",06/12/2025,1,45,
351,I,2023,Let's Go Barbie,DB/BR,F,03/27/2023,Midshipman,Greek Mythology,275,Medaglia d'Oro,,"New Hope AB LLC, Agent II",,New Hope LLC,KY,20,"Taproot Bloodstock, Agent",130000,,,9.4," 1/8",06/12/2025,2,61,
352,I,2023,,CH,F,03/03/2023,Omaha Beach,Gun Society,276,Society's Chairman,,"Niall Brennan Stables, Agent II",,Brennan Niall,KY,8,Starship Stables,55000,,,21.2," 1/4",06/12/2025,1,17,
353,I,2023,,CH,C,03/15/2023,Flameaway,Gwendalyn Sue,277,Forestry,,Big A Sales,,Big A Sales,KY,1,RNA,-14000,,,15.2," 1/8",06/12/2025,2,98,
354,I,2023,,CH,C,02/21/2023,Curlin's Honor,Halo's Helen's Jet,278,Halo's Image,,"Daylight Thoroughbreds, Agent I",,Daylight Thoroughbreds,FL,19,Tim Padilla,18000,,,10.1," 1/8",06/12/2025,3,120,
355,O,2023,,GR/RO,F,03/18/2023,Caravaggio,Happy Road,279,Quality Road,,"Wavertree Stables, Inc. (Ciaran Dunne), Agent II",,"Wavertree Stables, Inc.",KY,5,OUT,,,06/12/2025,,,,,,
356,O,2023,,GR/RO,F,04/01/2023,Killybegs Captain,Hardly,280,Hard Spun,,"S B M Training and Sales, Agent III",,S B M Training and Sales,NY,2,OUT,,,06/12/2025,,,,,,
357,I,2023,,B,C,02/09/2023,Knicks Go,Harvest,281,Street Sense,,New Hope AB LLC,,New Hope LLC,KY,20,RNA,-24000,,,10.3," 1/8",06/12/2025,1,6,
358,I,2023,,B,C,04/24/2023,Mo Town,Hay Baby Girl,285,Yes It's True,,"Blas Perez Stables, Agent VII",,"Perez Stables Blas ",KY,20,Tim Padilla,20000,,,10.2," 1/8",06/12/2025,2,57,
359,I,2023,,B,F,04/02/2023,Twirling Candy,Haynesfest,286,Haynesfield,,Cruzin' Thoroughbreds LLC,,Cruzin' Thoroughbreds,KY,17,"Nick J. Hines, Agent",60000,,,10.1," 1/8",06/12/2025,2,76,
360,I,2023,Brat Girl,CH,F,02/13/2023,Neolithic,Heir Time,287,Wildcat Heir,,"Randy Miles, Agent I",,Miles Randy,FL,19,"Heather Smullen, Agent",10000,,,22.0," 1/4",06/12/2025,1,12,
361,I,2023,,B,F,03/27/2023,Practical Joke,Hello Everybody,288,Candy Ride (ARG),,"Cruzin' Thoroughbreds LLC, Agent I",,Cruzin' Thoroughbreds,MN,17,Valene Farms LLC,40000,,,10.1," 1/8",06/12/2025,3,133,
362,I,2023,,B,C,03/31/2023,Mitole,Helotes,289,Paynter,,"Randy Miles, Agent IX",,Miles Randy,NY,19,Black Horse Bloodstock,20000,Y,,10.1," 1/8",06/12/2025,2,91,
363,I,2023,,DB/BR,F,05/05/2023,Caracaro,Henny Fly,290,Dialed In,,"Blue Sapphire Stables, Agent VII",,Blue Sapphire Stables,KY,15,RNA,-9000,,,10.1," 1/8",06/14/2025,2,57,
364,I,2023,Rageville,DB/BR,C,04/22/2023,Raging Bull (FR),Hennyville,291,Henny Hughes,,Wildheart Thoroughbreds LLC,,Wildheart Thoroughbreds LLC,NY,16,RNA,-17000,,,10.3," 1/8",06/12/2025,1,31,
365,I,2023,Chief Boden,DB/BR,G,03/03/2023,Sky Mesa,High Priestess,293,Mt. Livermore,,La Mancha Farm (Michael V. Laurato),,La Mancha Farm,FL,13,RNA,-7000,,,10.2," 1/8",06/12/2025,1,51,
366,I,2023,,B,F,02/09/2023,Leinster,High Speed Access,294,Kingmambo,,"Little Farm Equine LLC, Agent II",,Little Farm Equine LLC,FL,20,C.H.P.R.,13000,,,10.2," 1/8",06/12/2025,2,56,
367,I,2023,,B,C,05/05/2023,Twirling Candy,Hint of Joy,296,Empire Maker,,"A. G. Sales, Agent I",,A. G. Sales,KY,14,Expoline,50000,,,10.1," 1/8",06/12/2025,3,122,
368,I,2023,Hold On Mo,B,C,03/13/2023,Modernist,Hold Me Down,297,Hold Me Back,,"RiceHorse Stable (Brandon & Ali Rice), Agent I",,RiceHorse,NY,6,Charlton Bloodstock Agency,5000,,,22.2," 1/4",06/12/2025,3,124,
369,I,2023,,B,C,02/15/2023,Global Campaign,Holiday Flare,298,Harlan's Holiday,,Ocala Stud,,Ocala Stud,FL,4,Sultan Racing,135000,,,20.4," 1/4",06/12/2025,2,59,
370,O,2023,Sunday's Currency,DB/BR,C,03/17/2023,Girvin,Holiday Honey,299,Harlan's Holiday,,"Five Star Equestrian Sales, Agent II",,Five Star Equestrian Sales,FL,13,OUT,,,04/28/2025,,,,,,
371,I,2023,,B,C,04/14/2023,Eclipticalspraline,Holiday Hopes,300,Harlan's Holiday,,"AVP Training and Sales, Agent",,AVP Training and Sales,MD,15,Zachary Heimann,1000,,,10.4," 1/8",06/12/2025,3,121,
372,O,2023,Truffe Au Chocolat,B,F,04/30/2023,Cross Traffic,Holiday Truffles,301,Harlan's Holiday,,"White Lilac (Katie Miranda), Agent III",,White Lilac (Katie Miranda),KY,17,OUT,,,06/13/2025,,,,,,
373,I,2023,,B,C,05/09/2023,Galilean,Holiday Wishes,302,Harlan's Holiday,,Nice and Easy Thoroughbreds,,Nice and Easy Thoroughbreds,NY,3,Mark OKeefe,20000,,,10.2," 1/8",06/12/2025,3,132,
374,I,2023,,B,F,03/11/2023,Seeking the Soul,Holy Empress,303,Ghostzapper,,"Blue Sapphire Stables, Agent IV",,Blue Sapphire Stables,KY,15,Atop The Mound,42000,,,33.0," 3/8",06/12/2025,2,62,
375,O,2023,,B,C,03/22/2023,Yaupon,Holy Helena,304,Ghostzapper,,"Top Line Sales LLC, Agent XVII",,Top Line Sales,KY,1,OUT,,,06/12/2025,,,,,,
376,I,2023,,B,F,03/30/2023,Audible,Honeywhiskeynwine,305,Noble Mission (GB),,Wildheart Thoroughbreds LLC,,Wildheart Thoroughbreds LLC,KY,16,RNA,-19000,,,10.3," 1/8",06/12/2025,3,113,
377,I,2023,,CH,C,01/12/2023,Accelerate,Hooh Why,306,Cloud Hopping,,Wildheart Thoroughbreds LLC,,Wildheart Thoroughbreds LLC,KY,16,Michael V. Laurato,29000,,,10.3," 1/8",06/12/2025,2,83,
378,O,2023,Something Awesome,B,F,03/09/2023,Holiday Promise,How Awesome Am I,307,Awesome Again,,Crystal Eclipse Stable,,Crystal Eclipse Stable,FL,9,OUT,,,06/11/2025,,,,,,
379,I,2023,,CH,F,03/26/2023,Authentic,Icanceeclearlynow,308,Tiznow,,"Blas Perez Stables, Agent IV",,"Perez Stables Blas ",KY,20,"David N. Heaton, Agent Mike Pender",50000,,,10.1," 1/8",06/12/2025,1,9,
380,I,2023,,DB/BR,F,01/22/2023,Win Win Win,I'maclassybabe,309,Munnings,,"Silvestre Chavez Thoroughbreds, Agent IX",,"Chavez Thoroughbreds Silvestre ",FL,17,C.H.P.R.,7000,,,10.2," 1/8",06/13/2025,2,78,
381,I,2023,,DB/BR,F,04/30/2023,Knicks Go,I'm Always Hopeful,310,Arch,,"On Track, Agent I",,On Track,FL,6,RNA,-20000,,,22.0," 1/4",06/12/2025,2,69,
382,I,2023,,CH,F,04/06/2023,Code of Honor,I'm Engaged,311,Broken Vow,,"New Way, Agent",,New Way,MD,11,Michael Gorham,22000,,,10.2," 1/8",06/12/2025,2,66,
383,O,2023,,B,C,03/16/2023,Tacitus,Imposition,313,American Pharoah,,"Ocala Stud, Agent",,Ocala Stud,KY,4,OUT,,,06/05/2025,,,,,,
384,I,2023,,B,C,02/01/2023,Spun to Run,Indivar,314,Indian Charlie,,"Omar Ramirez Bloodstock, Agent VI",,Ramirez Omar,FL,14,Colombo Bloodstock Agency,36000,,,10.2," 1/8",06/12/2025,2,71,
385,O,2023,Icntsayiluvuenuf,DB/BR,C,04/28/2023,Thousand Words,Indubitably Ellie,315,In Summation,,"Goldencents Thoroughbreds, Agent II",,Goldencents Thoroughbreds,KY,13,OUT,,,06/04/2025,,,,,,
386,O,2023,,B,F,02/20/2023,Curlin,I Never Say No (IRE),316,No Nay Never,,"Niall Brennan Stables, Agent III",,Brennan Niall,KY,8,OUT,,,06/12/2025,,,,,,
387,I,2023,,B,C,03/27/2023,Fog of War,Tara's Cause,747,Giant's Causeway,,"Araiza Sales, Agent",,Araiza Sales,NY,18,Francisco Pavonessa,10000,,,10.3," 1/8",06/12/2025,2,104,
388,I,2023,,B,C,03/24/2023,Beau Liam,Tell Me Everything,752,Giant's Causeway,,"Wavertree Stables, Inc. (Ciaran Dunne), Agent XIX",,"Wavertree Stables, Inc.",KY,5,Sean S. Perl Bloodstock LLC,145000,,,10.0," 1/8",06/12/2025,2,63,
389,O,2023,,B,C,03/06/2023,Practical Joke,Tenerife Moon,754,Competitive Edge,,"Camelot Acres Racing and Sales, Agent II",,Camelot Acres,KY,11,OUT,,,06/11/2025,,,,,,
390,I,2023,,CH,C,04/12/2023,Midshipman,The Girls,759,Gemologist,,"Top Line Sales LLC, Agent XXIV",,Top Line Sales,KY,1,Sean S. Perl Bloodstock LLC,170000,,,10.0," 1/8",06/12/2025,2,96,
391,O,2023,,GR/RO,C,05/11/2023,Charlatan,Treble,779,Macho Uno,,"James Layden, Agent III",,"Layden James R. ",NY,8,OUT,,,06/17/2025,,,,,,
392,I,2023,,GR/RO,F,04/07/2023,Essential Quality,Tricky Escape,782,Hat Trick (JPN),,"Top Line Sales LLC, Agent XXVI",,Top Line Sales,PA,1,Pewter Stable,120000,Y,,10.0," 1/8",06/12/2025,2,85,
393,I,2023,,B,F,03/19/2023,Silver State,Tri Delt Girl,783,Sefapiano,,"JP Training & Sales, Agent",,JP Training & Sales,KY,11,RNA,-15000,,,21.3," 1/4",06/12/2025,1,52,
394,I,2023,,DB/BR,C,03/23/2023,Beau Liam,Ultimate Holiday,801,Harlan's Holiday,,"Navas Equine, Agent XV",,Navas Equine,OH,15,Valls Thoroughbreds LLC,23000,Y,,10.1," 1/8",06/12/2025,1,25,
395,I,2023,,B,C,04/23/2023,Awesome Slew,Undistorted,802,Distorted Humor,,Two Brother's Equine,,Two Brother's Equine,FL,5,Oplaics Consultants Corp,11000,,,10.4," 1/8",06/12/2025,2,84,
396,I,2023,,DB/BR,C,04/18/2023,Yaupon,Vagabond Princess,805,Pure Prize,,Navas Equine,,Navas Equine,KY,15,Scott Gelner,45000,,,10.2," 1/8",06/12/2025,1,3,
397,I,2023,,DB/BR,C,04/15/2023,Ghostzapper,Valya's Vengeance,808,Arch,,"Top Line Sales LLC, Agent XX",,Top Line Sales,KY,1,David Bunn,75000,,,10.0," 1/8",06/12/2025,1,24,
398,I,2023,,B,C,03/31/2023,Adios Charlie,Viva Nevada,817,War Cry,,"Sweet River Thoroughbreds, Agent I",,Sweet River Thoroughbreds,FL,18,C.H.P.R.,17000,,,10.2," 1/8",06/12/2025,1,29,
399,I,2023,,CH,C,05/18/2023,Gun Runner,Volcat,818,After Market,,"Top Line Sales LLC, Agent XVII",,Top Line Sales,KY,1,Salli Foushee,220000,,,10.0," 1/8",06/12/2025,1,13,
400,I,2023,,CH,F,04/12/2023,Maclean's Music,Whats Yur Story,827,Liaison,,"Golden Rock Thoroughbreds, Agent IX",,Golden Rock Thoroughbreds,KY,19,RNA,-14000,,,10.1," 1/8",06/12/2025,1,46,
401,I,2023,,CH,C,05/10/2023,Lexitonian,Wildnexcitable,834,Vicar,,"L. G., Agent II",,"L. G., Agent",NY,9,"K.O.I.D. Co., Ltd.",40000,,,10.2," 1/8",06/12/2025,1,41,
402,I,2023,,B,C,02/24/2023,Collected,Winona,839,Lemon Drop Kid,,Navas Equine,,Navas Equine,KY,15,C.H.P.R.,15000,,,10.4," 1/8",06/12/2025,1,47,
403,I,2023,,B,C,03/08/2023,Blame,Yass Queen,846,Mineshaft,,"Top Line Sales LLC, Agent XX",,Top Line Sales,NY,1,Kyle Bennett,35000,Y,,10.1," 1/8",06/12/2025,3,128,
404,I,2023,,CH,F,04/11/2023,By My Standards,A Bit of Pressure,1,High Yield,,"Little Farm Equine LLC, Agent III",,Little Farm Equine LLC,KY,20,"Nick J. Hines, Agent",28000,,,10.1," 1/8",06/12/2025,1,8,
405,I,2023,,B,F,04/18/2023,Improbable,Abou,2,Distorted Humor,,"Top Line Sales LLC, Agent XXIII",,Top Line Sales,KY,1,Mojallali Stable,65000,,,21.1," 1/4",06/12/2025,1,1,
406,I,2023,,CH,F,04/12/2023,Constitution,Artistic Diva,39,Munnings,,"Cortez Racing & Sales, Agent I",,Cortez Racing & Sales,LA,4,Salli Foushee,25000,,,10.1," 1/8",06/12/2025,1,30,
407,O,2023,,B,F,04/24/2023,Maclean's Music,Ausus,47,Invasor (ARG),,"Hidden Brook, Agent V",,Hidden Brook Farm,KY,2,OUT,,,06/12/2025,,,,,,
408,I,2023,Frenchpatrick,CH,C,03/17/2023,Combatant,Belle de France,70,Thoreau,,Navas Equine,,Navas Equine,NY,15,RNA,-19000,,,G,G,06/12/2025,3,129,
409,I,2023,,B,F,02/19/2023,Jimmy Creed,Birdmudiful,80,Birdstone,,"Navas Equine, Agent XIV",,Navas Equine,KY,15,Richie's World,45000,Y,,10.1," 1/8",06/12/2025,3,114,
410,I,2023,,B,C,02/03/2023,Twirling Candy,Brooke and Emory,98,Speightstown,,"Tom McCrocklin, Agent I",,McCrocklin Tom,KY,18,Case Clay Thoroughbred Management,250000,,,20.4," 1/4",06/12/2025,1,20,
411,I,2023,,B,F,04/24/2023,Knicks Go,Campy Cash,110,Race Day,,"S B M Training and Sales, Agent VI",,S B M Training and Sales,KY,2,RNA,-11000,,,10.2," 1/8",06/12/2025,2,74,
412,I,2023,Elenique,CH,F,05/04/2023,Leinster,Cape Trios,112,Cape Blanco (IRE),,"RiceHorse Stable (Brandon & Ali Rice), Agent V",,RiceHorse,FL,6,Leinster Partners,140000,,,20.3," 1/4",06/12/2025,1,22,
413,I,2023,,GR/RO,F,03/28/2023,Knicks Go,Catch the Fire,121,Kitten's Joy,,"Little Farm Equine LLC, Agent IV",,Little Farm Equine LLC,ON,20,Reyel Brathwaite,3000,,,10.3," 1/8",06/12/2025,3,106,
414,I,2023,,B,F,03/11/2023,Improbable,Dance for the Gold,174,Medaglia d'Oro,,"Little Farm Equine LLC, Agent I",,Little Farm Equine LLC,KY,20,Dennis O'Neill,60000,,,10.1," 1/8",06/12/2025,3,137,
415,I,2023,,DB/BR,F,03/05/2023,Core Beliefs,Dawson Springs,179,Empire Maker,,Wildheart Thoroughbreds LLC,,Wildheart Thoroughbreds LLC,PA,16,C.H.P.R.,15000,,,10.3," 1/8",06/12/2025,2,58,
416,I,2023,,CH,F,01/20/2023,Stay Thirsty,Daylight Ahead,180,Mineshaft,,"Doble J Equine Sales, Agent II",,Doble J Equine Sales,CA,17,C.H.P.R.,15000,,,21.4," 1/4",06/12/2025,1,36,
417,I,2023,,B,C,03/18/2023,Silver State,Dene Court,185,City Zip,,"McKathan Bros. Sales, Agent I",,McKathan Bros.,KY,6,High Point Bloodstock for Akarem Stable,50000,Y,,10.0," 1/8",06/12/2025,2,64,
418,I,2023,Golden Gia,B,F,04/30/2023,Goldencents,Dixie Song,197,Fusaichi Pegasus,,"Top Line Sales LLC, Agent XXII",,Top Line Sales,KY,1,Charlton Bloodstock Agency,5000,,,10.2," 1/8",06/12/2025,3,136,
419,I,2023,,DB/BR,F,03/17/2023,Command Post,Dowhatyourbigsisdo,200,Crypto Star,,"Blas Perez Stables, Agent IX",,"Perez Stables Blas ",PA,20,C.H.P.R.,16000,,,10.3," 1/8",06/12/2025,3,134,
420,I,2023,,CH,F,03/13/2023,Smiling Tiger,Elana Mar,212,Cyclotron,,"Doble J Equine Sales, Agent II",,Doble J Equine Sales,CA,17,C.H.P.R.,7500,,,10.3," 1/8",06/12/2025,3,123,
421,I,2023,,DB/BR,C,05/06/2023,Charlatan,Elandess,213,Scat Daddy,,"Wavertree Stables, Inc. (Ciaran Dunne), Agent XX",,"Wavertree Stables, Inc.",KY,5,JPM Bloodstock,240000,,,10.0," 1/8",06/12/2025,1,7,
422,I,2023,,B,F,05/25/2023,Maclean's Music,Fallseed,229,Forest Wildcat,,"Top Line Sales LLC, Agent XXV",,Top Line Sales,KY,1,Nelson McMakin,50000,,,10.0," 1/8",06/12/2025,1,42,
423,I,2023,,B,C,04/06/2023,McKinzie,Forbidden (FR),246,Siyouni (FR),,"Caliente Thoroughbreds, Agent I",,Caliente Thoroughbreds,KY,11,RNA,-37000,,,21.3," 1/4",06/12/2025,3,116,
424,I,2023,Brute Fact,B,F,05/03/2023,Oscar Nominated,Fractorzation,249,The Factor,,"Omar Ramirez Bloodstock, Agent XII",,Ramirez Omar,CA,14,C.H.P.R.,12000,Y,,10.1," 1/8",06/12/2025,2,92,
425,I,2023,Slovenia Melania,CH,F,03/23/2023,Nyquist,Hasnaa,282,More Than Ready,,"Tom McCrocklin, Agent I",,McCrocklin Tom,IA,18,"GDS Racing Stable, Inc",17000,,,21.0," 1/4",06/12/2025,3,126,
426,I,2023,,B,C,04/24/2023,Not This Time,Hassler (IRE),283,War Front,,"Paul Sharp, Agent",,Sharp Paul M.,KY,8,Juan Garduno,18000,,,10.3," 1/8",06/12/2025,2,81,
427,I,2023,,CH,C,05/22/2023,Hoppertunity,Hawaiian Sunset,284,In Summation,,Fabian Sales LLC,,Fabian Sales,MD,13,RNA,-12000,,,21.4," 1/4",06/12/2025,2,102,
428,I,2023,,B,F,03/11/2023,Independence Hall,Hidden Princess,292,Signature Red,,"Omar Ramirez Bloodstock, Agent VIII",,Ramirez Omar,KY,14,C.H.P.R.,9000,,,10.3," 1/8",06/12/2025,3,140,
429,I,2023,,B,C,01/23/2023,Charlatan,Hillhouse High,295,Exchange Rate,,"Omar Ramirez Bloodstock, Agent V",,Ramirez Omar,KY,14,FMQ Stables,55000,,,10.0," 1/8",06/12/2025,1,50,
430,O,2023,,B,C,04/14/2023,Ghostzapper,I'm Mom's Favorite,312,Indian Charlie,,"Tom McCrocklin, Agent VII",,McCrocklin Tom,ON,18,OUT,,,06/05/2025,,,,,,
451,I,2023,,DB/BR,C,02/16/2023,Upstart,Inside Story,317,Alternation,,A. G. Sales,,A. G. Sales,KY,14,"Julian deMora, Jr.",45000,Y,,10.2," 1/8",06/12/2025,1,37,
452,I,2023,,CH,C,02/26/2023,Instagrand,Interlace,318,Declaration of War,,"My Little Stable Racing, Inc., Agent I",,"My Little Stable Racing, Inc.",NY,18,C.H.P.R.,18000,Y,,10.3," 1/8",06/12/2025,3,127,
453,I,2023,,B,C,02/18/2023,Bolt d'Oro,Intermittent,319,Bernardini,,"Grassroots Training & Sales LLC, Agent",,Grassroots Training & Sales LLC,CA,10,P K Racing,75000,,,10.1," 1/8",06/12/2025,1,43,
454,O,2023,,B,C,01/24/2023,City of Light,Invitation,320,Vindication,,"Blas Perez Stables, Agent VI",,"Perez Stables Blas ",NY,20,OUT,,,06/13/2025,,,,,,
455,I,2023,,DB/BR,C,05/11/2023,Oscar Performance,Iteration,321,Wild Again,,"Niall Brennan Stables, Agent II",,Brennan Niall,KY,8,"Kaleem Shah, Inc.",280000,,,G,G,06/12/2025,2,79,
456,I,2023,,B,F,03/31/2023,Rowayton,Izshelegal,322,Maria's Mon,,Wildheart Thoroughbreds LLC,,Wildheart Thoroughbreds LLC,KY,16,RNA,-30000,,,10.1," 1/8",06/12/2025,1,53,
457,I,2023,,CH,F,01/19/2023,Volatile,Izzy Izzy,323,Mizzen Mast,,"Craig L. Wheeler, Agent",,Wheeler Craig L.,KY,3,"Hidden Brook, Agent",30000,,,10.3," 1/8",06/12/2025,2,94,
458,I,2023,,B,C,03/15/2023,Maximus Mischief,J. A. Curlin,324,Curlin,,"Really and Truly Thoroughbreds, Agent II",,Really and Truly Thoroughbreds,NY,2,RNA,-14000,,,10.0," 1/8",06/12/2025,2,77,
459,I,2023,,CH,F,04/04/2023,Charlatan,Jade d'Oro,325,Medaglia d'Oro,,"Top Line Sales LLC, Agent XIV",,Top Line Sales,KY,1,MHM Stables LLC,90000,Y,,9.4," 1/8",06/12/2025,3,110,
460,I,2023,,GR/RO,C,03/23/2023,Knicks Go,Janetstickettocats,326,Storm Cat,,"AVP Training and Sales, Agent II",,AVP Training and Sales,FL,15,D. J. Stable LLC,80000,,,10.1," 1/8",06/12/2025,1,35,
461,I,2023,,CH,C,02/25/2023,Practical Joke,Jb's Golden Regret,327,Banker's Gold,,"Ordonez Thoroughbreds, Agent II",,Ordonez Thoroughbreds,NY,11,"West Point Thoroughbreds, L.E.B., Agent",100000,,,10.0," 1/8",06/12/2025,2,72,
462,I,2023,Mulligan Man,DB/BR,C,04/10/2023,Free Drop Billy,Jelly Roll,328,Smart Strike,,"Two Cousins Training and Sales, Agent II",,Two Cousins Training and Sales,KY,8,Saqlain Roman,11000,,,11.0," 1/8",06/12/2025,2,86,
463,I,2023,,B,F,04/20/2023,Union Rags,Jewel of the Sea,329,Curlin,,Potrero Stables,,Potrero Stables,KY,20,Rachel Paduck,20000,,,10.2," 1/8",06/12/2025,2,67,
464,O,2023,Mednas,CH,C,03/11/2023,Maclean's Music,Jotown,330,Speightstown,,"de Meric Sales, Agent VII",,de Meric Sales,FL,12,OUT,,,06/12/2025,,,,,,
465,I,2023,,B,F,02/19/2023,Uncle Chuck,Joyous Angel,331,Grey Swallow (IRE),,"Omar Ramirez Bloodstock, Agent III",,Ramirez Omar,FL,14,Christian Cruz,9000,Y,,10.2," 1/8",06/12/2025,3,111,
466,I,2023,Bella Patrona,GR/RO,F,03/11/2023,Frosted,Joysome,332,Cairo Prince,,Nice and Easy Thoroughbreds,,Nice and Easy Thoroughbreds,KY,3,"Julio Rada, Agent",40000,,,10.0," 1/8",06/12/2025,1,23,
467,O,2023,Guidon,CH,C,05/18/2023,Army Mule,J P Girl,333,Distorted Humor,,"Julie Davies LLC, Agent III",,Davies Julie,TX,7,OUT,,,06/09/2025,,,,,,
468,O,2023,Le Sunshine,CH,F,05/03/2023,Tathqeef,Jupiter Tasmania,334,Jupiter Pluvius,,"White Lilac (Katie Miranda), Agent III",,White Lilac (Katie Miranda),FL,17,OUT,,,06/05/2025,,,,,,
469,I,2023,,B,G,04/19/2023,Seeking the Soul,Just Ain't Right,336,Yes It's True,,Ocala Stud,,Ocala Stud,FL,4,Francisco Pavonessa,6000,,,22.1," 1/4",06/12/2025,3,135,
470,O,2023,,DB/BR,C,02/22/2023,Frosted,Just Like Pop,337,Unbridled's Song,,"Britton Peak, Agent IV",,Britton Peak,KY,19,OUT,,,06/11/2025,,,,,,
471,I,2023,,B,C,05/11/2023,Into Mischief,Kadira,338,Kafwain,,"S G V Thoroughbreds LLC (Steven Venosa), Agent",,S G V Thoroughbreds,KY,10,RNA,-375000,,,10.0," 1/8",06/12/2025,1,26,
472,I,2023,,DB/BR,C,04/17/2023,Echo Town,Kalistoga Girl,339,Tapit,,"Pick View LLC, Agent I",,Pick View LLC,KY,3,Osiris Bautista,14000,,,10.2," 1/8",06/12/2025,2,70,
473,O,2023,,B,C,05/02/2023,Astern (AUS),Kathern's Kitten,341,Kitten's Joy,,"Robert Vickers, Agent",,Vickers Racing,KY,10,OUT,,,06/18/2025,,,,,,
474,I,2023,,DB/BR,F,04/25/2023,Mitole,Kelly's Humor,342,Midnight Lute,,Las Palmas Farm,,Las Palmas Farm,KY,18,C.H.P.R.,20000,Y,,10.1," 1/8",06/12/2025,1,44,
475,I,2023,,GR/RO,F,03/21/2023,Gift Box,Kelwynne,343,Yes It's True,,"Navas Equine, Agent VI",,Navas Equine,KY,15,Vina Del Mar Thoroughbreds LLC,62000,,,10.1," 1/8",06/12/2025,2,87,
476,I,2023,,DB/BR,F,04/01/2023,Uncle Chuck,Kiana Believes,344,With Distinction,,"S G V Thoroughbreds LLC (Steven Venosa), Agent",,S G V Thoroughbreds,FL,10,"Tonja Terranova, Agent",150000,,,9.4," 1/8",06/12/2025,3,119,
477,I,2023,,CH,F,03/30/2023,Maximum Security,Kilcoole Miss,345,Pleasantly Perfect,,"Triple C Sales, Agent",,Triple C Sales,KY,16,"K.O.I.D. Co., Ltd.",37000,,,10.0," 1/8",06/12/2025,2,93,
478,I,2023,,B,C,05/03/2023,Essential Quality,Kirov,347,Distorted Humor,,"Caliente Thoroughbreds, Agent I",,Caliente Thoroughbreds,KY,11,Stretch Drive Investments,180000,,,22.1," 1/4",06/12/2025,1,32,
479,I,2023,Midnight Menace,B,G,03/06/2023,Midnight Lute,Kitty Kat Kate,348,Scat Daddy,,"Ocala Stud, Agent",,Ocala Stud,KY,4,Joe Casey,30000,,,21.2," 1/4",06/12/2025,3,108,
480,I,2023,,CH,C,04/07/2023,Audible,Klondike Gal,349,Mineshaft,,Dynasty Thoroughbreds,,Dynasty Thoroughbreds,KY,6,NBS Stable/John Ballantyne,40000,,,10.1," 1/8",06/12/2025,2,99,
481,I,2023,Lucky and Pretty,DB/BR,F,02/11/2023,Lookin At Lucky,Kylee Rose,350,Quality Road,,"Blue River Bloodstock, Inc., Agent II",,Blue River Bloodstock,KY,20,Oplaics Consultants Corp,5000,,,10.1," 1/8",06/12/2025,2,105,
482,O,2023,,GR/RO,F,04/01/2023,Upstart,La Dame Blanche,351,Point of Entry,,"Silvestre Chavez Thoroughbreds, Agent VI",,"Chavez Thoroughbreds Silvestre ",KY,17,OUT,,,06/12/2025,,,,,,
483,O,2023,,CH,C,04/05/2023,Game Winner,Ladhiyah,352,Kitten's Joy,,"Julie Davies LLC, Agent VII",,Davies Julie,KY,7,OUT,,,06/15/2025,,,,,,
484,I,2023,,CH,C,05/09/2023,Solomini,Ladyberg,353,Teuflesberg,,McMahon of Saratoga Thoroughbreds LLC,,McMahon of Saratoga Thoroughbreds LLC,NY,11,Tom McCrocklin,60000,,,10.1," 1/8",06/12/2025,2,60,
485,I,2023,,DB/BR,C,02/26/2023,Awesome Slew,Lady Carlotta,354,Montbrook,,Ocala Stud,,Ocala Stud,FL,4,BROA (K.O.I.D.),60000,,,21.1," 1/4",06/12/2025,1,5,
486,O,2023,,CH,C,04/24/2023,Bee Jersey,Lady Chairman,355,Society's Chairman,,"Navas Equine, Agent V",,Navas Equine,KY,15,OUT,,,06/11/2025,,,,,,
487,I,2023,,CH,C,02/13/2023,Candy Ride (ARG),Lady Digger,356,Yankee Gentleman,,"Omar Ramirez Bloodstock, Agent VI",,Ramirez Omar,KY,14,"Barry Berkelhammer, Agent",80000,Y,,10.0," 1/8",06/12/2025,1,28,
488,O,2023,,DB/BR,C,05/06/2023,Uncle Mo,Laffina,358,Arch,,"Scanlon Training & Sales, Agent III",,Scanlon Training Center,KY,10,OUT,,,06/05/2025,,,,,,
489,I,2023,,B,F,03/11/2023,Tacitus,Lake Chicot,359,Oxbow,,"Wade Russell Racing LLC, Agent I",,Russell Wade,KY,14,Francisco Pavonessa,9000,,,11.0," 1/8",06/12/2025,3,125,
490,I,2023,,B,F,02/03/2023,Uncle Chuck,La Meca,360,Runhappy,,"de Meric Sales, Agent IV",,de Meric Sales,FL,12,"KD Racing, Inc.",41000,,,10.1," 1/8",06/12/2025,2,80,
491,I,2023,Bright Note,B,F,05/03/2023,Omaha Beach,La Milanesa,361,Mr. Greeley,,"S B M Training and Sales, Agent II",,S B M Training and Sales,LA,2,Patricia's Hope LLC,105000,,,10.1," 1/8",06/12/2025,1,16,
492,I,2023,,CH,F,03/21/2023,Core Beliefs,Landon,362,Pioneerof the Nile,,"Julie Davies LLC, Agent V",,Davies Julie,KY,7,RNA,-17000,,,10.2," 1/8",06/12/2025,1,14,
493,I,2023,My Dama,DB/BR,F,02/15/2023,Connect,Lands Down Street,363,Scat Daddy,,"Golden Noguez, Agent",,Golden Noguez,KY,1,Francisco Pavonessa,10000,,,10.3," 1/8",06/12/2025,1,38,
494,O,2023,La Esperanza,DB/BR,F,03/31/2023,Girvin,La Parcela,364,El Corredor,,J B Stable,,J B Stable,FL,3,OUT,,,05/23/2025,,,,,,
495,I,2023,,DB/BR,C,02/26/2023,Army Mule,Lassie's Landing,365,Giant's Causeway,,Thorostock LLC,,Thorostock LLC,KY,12,Carlo Vaccarezza,45000,,,10.2," 1/8",06/12/2025,1,34,
496,I,2023,,DB/BR,F,02/26/2023,Kantharos,Last Resort,366,Twirling Candy,,Wildheart Thoroughbreds LLC,,Wildheart Thoroughbreds LLC,KY,16,Nick Pellagreen,50000,Y,,9.4," 1/8",06/12/2025,1,4,
497,O,2023,,DB/BR,F,04/24/2023,Medaglia d'Oro,Lazy Susan,368,Tiznow,,"Niall Brennan Stables, Agent VII",,Brennan Niall,KY,8,OUT,,,05/28/2025,,,,,,
498,I,2023,Dramatic Miss,B,F,04/10/2023,Rock Your World,Leah Forestiere,369,Not This Time,,"Blue Sapphire Stables, Agent V",,Blue Sapphire Stables,KY,15,"Vincent Bracciale, Agent",35000,,,21.3," 1/4",06/12/2025,3,109,
499,O,2023,,B,C,05/04/2023,No Never No More,Leilani's Lady,370,Beau Choix,,"S G V Thoroughbreds LLC (Steven Venosa), Agent",,S G V Thoroughbreds,FL,10,OUT,,,06/02/2025,,,,,,
500,O,2023,,B,C,04/13/2023,Central Banker,Lemme,371,Lemon Drop Kid,,McMahon of Saratoga Thoroughbreds LLC,,McMahon of Saratoga Thoroughbreds LLC,NY,11,OUT,,,05/28/2025,,,,,,
501,O,2023,,B,F,04/04/2023,The Factor,Lemon Avocado,372,Lemon Drop Kid,,"Cortez Racing & Sales, Agent",,Cortez Racing & Sales,FL,4,OUT,,,06/12/2025,,,,,,
502,I,2023,,CH,F,02/12/2023,Tale of Ekati,Lemon Drop Belle,373,Lemon Drop Kid,,"Blue Sapphire Stables, Agent V",,Blue Sapphire Stables,KY,15,Rocco Cavo,30000,,,21.1," 1/4",06/12/2025,1,10,
503,I,2023,,B,F,02/15/2023,Maximus Mischief,Lemon Drop Kitty,374,Lemon Drop Kid,,Harris Training Center LLC,,Harris Training Center LLC,NY,13,Mark Conway,65000,,,9.4," 1/8",06/12/2025,1,48,
504,O,2023,,B,C,04/18/2023,Sharp Azteca,Lemon Gal,375,Lemon Drop Kid,,Kae Vazquez Stables LLC,,"Vazquez Stables Kae ",KY,6,OUT,,,06/12/2025,,,,,,
505,I,2023,,B,F,03/11/2023,St Patrick's Day,Lemon Princess,376,Lemon Drop Kid,,Wildheart Thoroughbreds LLC,,Wildheart Thoroughbreds LLC,FL,16,Fernando Abreu,15000,Y,,21.1," 1/4",06/12/2025,2,95,
506,I,2023,,DB/BR,C,05/15/2023,Tathqeef,Lemon Sakhee,377,Lemon Drop Kid,,Wildheart Thoroughbreds LLC,,Wildheart Thoroughbreds LLC,FL,16,Expoline,20000,,,22.1," 1/4",06/12/2025,3,139,
507,I,2023,,B,C,03/17/2023,Bucchero,Leonarda,378,Rockport Harbor,,"Daylight Thoroughbreds, Agent I",,Daylight Thoroughbreds,FL,19,RNA,-28000,,,10.1," 1/8",06/12/2025,1,40,
508,I,2023,,CH,F,02/24/2023,Brethren,Levy Land,379,Handsome Mike,,Iran Faria Corporation LLC,,Faria Iran,FL,2,Oplaics Consultants Corp,10000,,,10.2," 1/8",06/12/2025,2,103,
509,I,2023,Miami Style,CH,F,03/07/2023,Combatant,Lexington Pearl,380,Elusive Quality,,"Randy Miles, Agent I",,Miles Randy,NY,19,Joseph A. Carlino,16000,,,G,G,06/12/2025,3,130,
510,I,2023,,B,C,03/10/2023,Thousand Words,Light Cat,381,Indygo Shiner,,Wildheart Thoroughbreds LLC,,Wildheart Thoroughbreds LLC,KY,16,RNA,-35000,,,21.2," 1/4",06/14/2025,3,116,
511,I,2023,,DB/BR,F,03/20/2023,Brethren,Likeuasafriend,382,Value Plus,,"New Hope AB LLC, Agent I",,New Hope LLC,FL,20,Steve Klesaris,5500,Y,,10.2," 1/8",06/12/2025,3,115,
512,I,2023,,B,C,02/10/2023,Modernist,Lila Ruth,383,Sidney's Candy,,"Omar Ramirez Bloodstock, Agent VIII",,Ramirez Omar,KY,14,Bill Childs,300000,,,9.4," 1/8",06/12/2025,1,2,
513,I,2023,Olivia d'Oro,DB/BR,F,03/17/2023,Enticed,Lil Bess,384,In Summation,,RMS Training & Sales,,RMS Racing,KY,17,Ian Parsard,12500,Y,,10.4," 1/8",06/12/2025,2,75,
514,O,2023,Samwise,CH,C,05/01/2023,Good Samaritan,Lilo's Call,385,Drosselmeyer,,"White Lilac (Katie Miranda), Agent V",,White Lilac (Katie Miranda),MD,17,OUT,,,05/14/2025,,,,,,
515,I,2023,Lady Question,B,F,03/31/2023,St Patrick's Day,Lime Green,386,City Zip,,Vargas Sales,,Vargas Sales,FL,9,Jose Pinchin,15000,,,10.0," 1/8",06/12/2025,2,90,
516,I,2023,,GR/RO,F,05/08/2023,Knicks Go,Linada,387,Anchor Down,,"Thorostock LLC, Agent III",,Thorostock LLC,KY,12,Nestor Rivera,19000,,,10.2," 1/8",06/12/2025,3,117,
517,I,2023,,B,C,03/15/2023,Game Winner,Liraz,388,American Pharoah,,New Hope AB LLC,,New Hope LLC,KY,20,Jim Divito,26000,,,10.1," 1/8",06/12/2025,3,138,
518,I,2023,,CH,F,04/09/2023,Bucchero,Literary Critic,389,City Zip,,"Cruzin' Thoroughbreds LLC, Agent",,Cruzin' Thoroughbreds,FL,17,"Ironhorse Racing Stable, John Dowd Agent",50000,,,10.0," 1/8",06/12/2025,1,11,
519,I,2023,,B,F,05/05/2023,Vino Rosso,Little Dancer,390,Successful Appeal,,"Flying Fish, Agent",,Flying Fish,KY,9,Alvis Lockhart,5500,,,10.3," 1/8",06/12/2025,2,100,
520,I,2023,,DB/BR,C,05/03/2023,Cloud Computing,Lively Lea,391,Lea,,Sweet River Thoroughbreds,,Sweet River Thoroughbreds,KY,18,Elizabeth Gallegos,40000,,,10.3," 1/8",06/14/2025,1,52,
521,I,2023,,B,F,02/01/2023,Central Banker,Lizzy's Fun,392,D' Funnybone,,"My Little Stable Racing, Inc., Agent",,"My Little Stable Racing, Inc.",NY,18,Starship Stables,45000,,,21.1," 1/4",06/12/2025,1,18,
522,I,2023,,B,F,03/21/2023,Raging Bull (FR),Longridge Fell (IRE),393,Ribchester (IRE),,"Hernandez Stables, Inc.",,"Hernandez Stables, Inc.",KY,3,Angel Rodriguez,20000,Y,,10.1," 1/8",06/12/2025,3,131,
523,I,2023,,DB/BR,F,03/19/2023,Valid Point,Look Who's Talking,394,Cape Blanco (IRE),,Double R Equine Sales,,Double R Equine Sales,FL,2,Volar Corporation,15000,,,10.1," 1/8",06/12/2025,2,97,
524,O,2023,,CH,F,02/18/2023,Mr. Money,Lottery Queen,395,Hear No Evil,,"Journeyman Bloodstock Services, Inc.","(Brent & Crystal Fernung), Agent I",Journeyman Bloodstock,FL,2,OUT,,,05/12/2025,,,,,,
525,I,2023,,B,C,04/08/2023,Twirling Candy,Lottie,396,Arch,,"Britton Peak, Agent II",,Britton Peak,KY,19,"Taproot Bloodstock, Agent",90000,Y,,10.1," 1/8",06/12/2025,1,33,
526,O,2023,,B,F,04/30/2023,Uncle Mo,Love Contract,398,Consolidator,,"Top Line Sales LLC, Agent V",,Top Line Sales,KY,1,OUT,,,06/18/2025,,,,,,
527,O,2023,Love Knicks Hart,B,F,03/03/2023,Knicks Go,Love for Scarlett,399,Not For Love,,"Six K's Training & Sales LLC, Agent IV",,Six K's Training & Sales LLC,KY,20,OUT,,,06/18/2025,,,,,,
528,I,2023,Unlimited,CH,C,05/14/2023,Authentic,Lovely,400,Pulpit,,"Wavertree Stables, Inc. (Ciaran Dunne), Agent IV",,"Wavertree Stables, Inc.",KY,5,"Taproot Bloodstock, Agent",105000,Y,,9.4," 1/8",06/12/2025,3,112,
529,I,2023,,B,C,02/07/2023,Daredevil,Lovely Isle,401,Double Honor,,"Silvestre Chavez Thoroughbreds, Agent III",,"Chavez Thoroughbreds Silvestre ",NY,17,Warren Cheekes,30000,,,22.0," 1/4",06/12/2025,1,21,
530,O,2023,,B,F,03/22/2023,Core Beliefs,Lucille of Troy,402,Revolutionary,,"Silvestre Chavez Thoroughbreds, Agent",,"Chavez Thoroughbreds Silvestre ",KY,17,OUT,,,06/11/2025,,,,,,
531,O,2023,,B,C,05/05/2023,Galiway (GB),Lucky Jolie,403,More Than Ready,,"Niall Brennan Stables, Agent IX",,Brennan Niall,FR,8,OUT,,,05/28/2025,,,,,,
532,O,2023,,GR/RO,F,03/03/2023,Tacitus,Lucky Lady Lin,404,Curlin,,"Omar Ramirez Bloodstock, Agent I",,Ramirez Omar,KY,14,OUT,,,06/08/2025,,,,,,
533,I,2023,,DB/BR,F,05/07/2023,Maxfield,Lucy in Diamonds,406,Rock Hard Ten,,"de Meric Sales, Agent I",,de Meric Sales,KY,12,Carlo Vaccarezza,250000,,,10.1," 1/8",06/12/2025,1,15,
534,I,2023,,GR/RO,F,03/10/2023,By My Standards,Lucy in the Sky,407,Caleb's Posse,,"Shooting Star Sales LLC, Agent I",,Shooting Star Sales LLC,KY,12,Joe Ragsdale,60000,,,10.2," 1/8",06/12/2025,2,78,
535,O,2023,,U,U,01/01/2023,zz blank page 4,zz blank page 4,855,,,Blank Pages,,Ocala Breeders' Sales Co.,,,OUT,,,05/02/2025,,,,,,
536,I,2023,,B,F,02/15/2023,Beau Liam,Lynda's Rage,408,Sky Mesa,,"Navas Equine, Agent IX",,Navas Equine,KY,15,Louis Linder Jr.,40000,,,10.1," 1/8",06/13/2025,2,59,
537,I,2023,,B,F,03/02/2023,Mendelssohn,Machine Gun Mavis,409,Palace Malice,,Wildheart Thoroughbreds LLC,,Wildheart Thoroughbreds LLC,KY,16,Francisco Pavonessa,5000,,,10.1," 1/8",06/13/2025,1,40,
538,I,2023,,CH,C,03/07/2023,Catalina Cruiser,Madison Avenue,410,Quality Road,,Thorostock LLC,,Thorostock LLC,MD,12,Red Storm Stable,110000,,,20.4," 1/4",06/13/2025,1,28,
539,O,2023,,DB/BR,C,04/24/2023,Maclean's Music,Maggie Fitz,411,Ghostzapper,,"McKathan Bros. Sales, Agent I",,McKathan Bros.,KY,6,OUT,,,06/13/2025,,,,,,
540,O,2023,,DB/BR,F,03/02/2023,Twirling Candy,Magical Belle,412,Unbridled's Song,,"de Meric Sales, Agent I",,de Meric Sales,FL,12,OUT,,,06/12/2025,,,,,,
541,I,2023,Manana Man,B,C,06/03/2023,Adios Charlie,Magical Merry,413,Aragorn (IRE),,"Sugar Hill LLC, Agent",,Sugar Hill LLC,FL,10,Steve Klesaris,15000,Y,,10.2," 1/8",06/13/2025,3,124,
542,I,2023,Misty Isles Miss,B,F,05/28/2023,Valiant Minister,Magic Hatter,414,Hat Trick (JPN),,New Horizon Thoroughbreds,,New Horizon Thoroughbreds,FL,4,RNA,-7500,,,10.3," 1/8",06/13/2025,2,62,
543,I,2023,,DB/BR,F,04/21/2023,Global Campaign,Magna Moonglow,415,Magna Graduate,,"Whitman Sales LLC, Agent II",,Whitman Sales,KY,16,RNA,-22000,,,10.1," 1/8",06/13/2025,2,86,
544,I,2023,,B,C,02/22/2023,Ransom the Moon,Magnolia Bee,416,Honor Code,,"Champions of the Future, Agent III",,Champions of the Future,PA,13,Francis N. Sanna,40000,,,21.1," 1/4",06/13/2025,1,15,
545,I,2023,,B,C,03/10/2023,Connect,Magsamelia,417,Mineshaft,,"Harris Training Center LLC, Agent IV",,Harris Training Center LLC,KY,13,"Belleair Racing, Oracle Bloodstock, Agent",160000,,,10.0," 1/8",06/13/2025,1,22,
546,I,2023,,DB/BR,C,05/12/2023,Beau Liam,Majestic Monarch,419,Majestic Warrior,,Cruzin' Thoroughbreds LLC,,Cruzin' Thoroughbreds,NY,17,"Chris Englehart, Agent",22000,,,10.2," 1/8",06/13/2025,1,37,
547,I,2023,,DB/BR,C,05/13/2023,Preservationist,Majestic Princess,420,Cairo Prince,,"Silvestre Chavez Thoroughbreds, Agent I",,"Chavez Thoroughbreds Silvestre ",MD,17,Rising Sun Racing Stable,15000,Y,,10.1," 1/8",06/13/2025,1,19,
548,I,2023,,DB/BR,C,02/08/2023,Yaupon,Make Amends,422,Malibu Moon,,"Wavertree Stables, Inc. (Ciaran Dunne), Agent V",,"Wavertree Stables, Inc.",MD,5,C.H.P.R.,35000,Y,,10.1," 1/8",06/13/2025,2,69,
549,O,2023,,B,C,05/11/2023,Mo Forza,Makeme Dream,423,Quality Road,,"Kings Equine, Agent I",,Kings Equine,CA,1,OUT,,,06/09/2025,,,,,,
550,O,2023,,B,C,03/08/2023,Cairo Prince,Make Merry,424,Medaglia d'Oro,,"Global Thoroughbreds LLC, Agent I",,Global Thoroughbreds LLC,KY,5,OUT,,,06/18/2025,,,,,,
551,I,2023,,B,C,04/08/2023,Uncle Chuck,Mandolin,425,Midnight Lute,,"New Way, Agent I",,New Way,FL,11,Mark Norman,40000,,,21.2," 1/4",06/13/2025,2,54,
552,I,2023,,CH,C,03/24/2023,Gunnevera,Mandorla,426,Practical Joke,,Las Palmas Farm,,Las Palmas Farm,FL,18,C.H.P.R.,4000,,,11.2," 1/8",06/13/2025,3,115,
553,I,2023,Mr. Manny,B,C,05/20/2023,Slumber (GB),Manitou Moon,427,Shanghai Bobby,,"Blue River Bloodstock, Inc., Agent III",,Blue River Bloodstock,FL,20,Spencer Chung,14000,,,10.3," 1/8",06/13/2025,3,129,
554,I,2023,,GR/RO,F,04/24/2023,Twirling Candy,Mannerly,428,Unbridled's Song,,"Golden Rock Thoroughbreds, Agent I",,Golden Rock Thoroughbreds,KY,19,"Arroyo Bloodstock, Agent for Marc Levy",110000,,,9.4," 1/8",06/13/2025,3,114,
555,I,2023,One Last Margarita,CH,C,04/10/2023,Maximum Security,Margarita Salt,429,Salt Lake,,"Golden Noguez, Agent I",,Golden Noguez,PA,1,"K.O.I.D. Co., Ltd.",22000,,,10.2," 1/8",06/13/2025,1,39,
556,I,2023,,CH,C,01/30/2023,Kantharos,Marie Curie,430,Kitten's Joy,,Wildheart Thoroughbreds LLC,,Wildheart Thoroughbreds LLC,KY,16,BROA (K.O.I.D.),22000,,,21.4," 1/4",06/13/2025,2,60,
557,I,2023,,DB/BR,C,05/13/2023,Tathqeef,Masio,431,Put It Back,,Wildheart Thoroughbreds LLC,,Wildheart Thoroughbreds LLC,FL,16,RNA,-16000,,,10.2," 1/8",06/13/2025,2,84,
558,I,2023,,B,F,02/20/2023,City of Light,Me and Mine,437,Bernardini,,First Call,,"First Call, Agent",KY,1,Salsera,32000,,,G,G,06/13/2025,3,117,
559,I,2023,,B,F,01/28/2023,Runhappy,Media Circus,435,Mineshaft,,Wildheart Thoroughbreds LLC,,Wildheart Thoroughbreds LLC,KY,16,C.H.P.R.,20000,,,10.2," 1/8",06/13/2025,2,98,
560,I,2023,,DB/BR,C,01/26/2023,Win Win Win,Melrose Bay,436,Malibu Moon,,Ocala Stud,,Ocala Stud,FL,4,"K.O.I.D. Co., Ltd.",27000,,,21.3," 1/4",06/13/2025,1,3,
561,O,2023,World Wide Web,GR/RO,C,04/10/2023,Knicks Go,Meshell,439,Elusive Quality,,"White Lilac (Katie Miranda), Agent VII",,White Lilac (Katie Miranda),KY,17,OUT,,,06/05/2025,,,,,,
562,I,2023,,DB/BR,F,04/08/2023,West Coast,Midnight Angelus,440,Midnight Lute,,"AVP Training and Sales, Agent II",,AVP Training and Sales,FL,15,SaintKhyIndustries,7000,,,10.1," 1/8",06/13/2025,2,92,
563,I,2023,,B,C,02/26/2023,Practical Joke,Midnight Girl,441,Drosselmeyer,,"de Meric Sales, Agent VIII",,de Meric Sales,KY,12,"Donato Lanni Agent,Frank Fletcher Racing Operation",350000,,,9.4," 1/8",06/13/2025,1,5,
564,I,2023,,GR/RO,F,02/20/2023,Liam's Map,Mindfully,443,Bertrando,,"Wavertree Stables, Inc. (Ciaran Dunne), Agent IX",,"Wavertree Stables, Inc.",KY,5,"Eight Angels Racing, LLC",175000,,,9.4," 1/8",06/13/2025,2,85,
565,I,2023,,DB/BR,C,04/07/2023,Shancelot,Mined Over Matter,444,Mineshaft,,"de Meric Sales, Agent VI",,de Meric Sales,KY,12,Arms Racing,125000,,,10.0," 1/8",06/13/2025,2,65,
566,O,2023,Fly Life,B,F,03/31/2023,Tunwoo,Mine for Life,445,Distorted Humor,,J B Stable,,J B Stable,FL,3,OUT,,,06/17/2025,,,,,,
567,I,2023,,GR/RO,F,03/14/2023,Volatile,Minertime,446,Mineshaft,,"Blue River Bloodstock, Inc., Agent I",,Blue River Bloodstock,FL,20,M. Robert Bosso,28000,,,10.1," 1/8",06/13/2025,2,80,
568,I,2023,,B,F,04/09/2023,More Than Ready,Mischievous Maude,447,Into Mischief,,Golden Thoroughbreds Training and Sales,,Golden Thoroughbreds Training and Sales,KY,18,Next Level Stables,50000,,,10.0," 1/8",06/13/2025,1,14,
569,I,2023,Marion Magic,B,C,04/13/2023,Bucchero,Miss Acorn,448,Giant Oak,,"Cruzin' Thoroughbreds LLC, Agent II",,Cruzin' Thoroughbreds,FL,17,Paul Aguirre,14000,Y,,10.2," 1/8",06/13/2025,3,113,
570,I,2023,,CH,F,05/02/2023,Vino Rosso,Miss Anna Marie,449,Posse,,"Omar Ramirez Bloodstock, Agent VI",,Ramirez Omar,KY,14,Eric Foster,35000,Y,,10.0," 1/8",06/13/2025,1,1,
571,I,2023,,GR/RO,F,05/01/2023,Rock Your World,Miss Bond,450,Creative Cause,,"Omar Ramirez Bloodstock, Agent IX",,Ramirez Omar,KY,14,C.H.P.R.,30000,,,10.2," 1/8",06/13/2025,1,32,
572,I,2023,,B,C,03/18/2023,Bolt d'Oro,Missile Belle,451,Smart Strike,,"Wavertree Stables, Inc. (Ciaran Dunne), Agent III",,"Wavertree Stables, Inc.",KY,5,Gary Young,425000,,,9.4," 1/8",06/13/2025,1,27,
573,O,2023,,B,F,05/20/2023,Silver State,Miss Larkspur,452,More Than Ready,,"Triple C Sales, Agent",,Triple C Sales,KY,16,OUT,,,05/02/2025,,,,,,
574,O,2023,,CH,F,03/07/2023,Midshipman,Miss Maggie Girl,453,Malibu Moon,,"Omar Ramirez Bloodstock, Agent X",,Ramirez Omar,FL,14,OUT,,,06/12/2025,,,,,,
575,O,2023,,B,C,04/05/2023,Twirling Candy,Miss Red Delicious,455,Empire Maker,,"Hidden Brook, Agent IV",,Hidden Brook Farm,KY,2,OUT,,,06/12/2025,,,,,,
576,O,2023,,B,F,04/19/2023,Quality Road,Miss Spot On,456,Union Rags,,"Julie Davies LLC, Agent XIV",,Davies Julie,KY,7,OUT,,,06/18/2025,,,,,,
577,I,2023,Machine Gun,B,C,03/27/2023,Liam's Map,Mistical Plan,457,Game Plan,,Adios Amigos,,Adios Amigos,KY,4,"West Point Thoroughbreds, L.E.B. and David Ingordo",285000,,,9.4," 1/8",06/13/2025,2,89,
578,I,2023,,CH,C,03/16/2023,Known Agenda,Miz Liz,458,Stormy Atlantic,,"Hernandez Stables, Inc.",,"Hernandez Stables, Inc.",KY,3,"Hidden Brook, Agent",30000,,,10.3," 1/8",06/13/2025,2,95,
579,I,2023,,CH,F,05/10/2023,A Shin Forward,Mizshipman,459,Midshipman,,"Blue Sapphire Stables, Agent VI",,Blue Sapphire Stables,NY,15,RNA,-9000,,,10.3," 1/8",06/13/2025,1,34,
580,I,2023,,B,C,05/07/2023,Street Boss,Mizzen Donald,460,Mizzen Mast,,"Marcial Galan, Agent",,Galan Marcial,KY,9,Four Tags Stables,22000,,,10.2," 1/8",06/13/2025,1,36,
581,O,2023,,B,F,04/12/2023,Game Winner,Mo Cerise,461,Uncle Mo,,Two Oaks Equine,,Two Oaks Equine,KY,11,OUT,,,05/29/2025,,,,,,
582,O,2023,,CH,C,03/29/2023,Complexity,Mom's a Cougar,462,Kantharos,,"Harris Training Center LLC, Agent II",,Harris Training Center LLC,FL,13,OUT,,,06/10/2025,,,,,,
583,I,2023,,CH,F,03/14/2023,Tom's d'Etat,Moonlighting,464,Constitution,,"First Call, Agent",,"First Call, Agent",KY,1,Phillip Hajal,15000,,,10.1," 1/8",06/13/2025,1,31,
584,O,2023,James's Luna,B,F,02/01/2023,Uncle Chuck,Moonshot,465,Grand Slam,,"Six K's Training & Sales LLC, Agent II",,Six K's Training & Sales LLC,FL,20,OUT,,,06/12/2025,,,,,,
585,I,2023,Awesome Magic,B,C,03/23/2023,Awesome Slew,Moon Star Magic,466,Concord Point,,Sugar Hill LLC,,Sugar Hill LLC,FL,10,"Jarvis Racing Stable, LLC",13000,,,10.1," 1/8",06/13/2025,1,23,
586,I,2023,Hintz,DB/BR,C,01/22/2023,Nyquist,Morakami,467,Fusaichi Pegasus,,"Niall Brennan Stables, Agent VI",,Brennan Niall,KY,8,Gary Barber / D J Stable LLC,210000,,,10.1," 1/8",06/13/2025,1,10,
587,O,2023,,CH,F,04/27/2023,Not This Time,Moral Reasoning,468,More Than Ready,,"Wavertree Stables, Inc. (Ciaran Dunne), Agent XVII",,"Wavertree Stables, Inc.",KY,5,OUT,,,06/12/2025,,,,,,
588,I,2023,,B,F,03/19/2023,McKinzie,More Chocolate,469,Malibu Moon,,"Julie Davies LLC, Agent VI",,Davies Julie,KY,7,San Pier,20000,,,10.2," 1/8",06/13/2025,3,106,
589,I,2023,,GR/RO,C,04/12/2023,Liam's Map,Morena (PER),470,Privately Held,,"Top Line Sales LLC, Agent XV",,Top Line Sales,KY,1,Carlo Vaccarezza,150000,,,9.4," 1/8",06/13/2025,1,18,
590,O,2023,,DB/BR,F,04/30/2023,Independence Hall,More Than Proud,471,More Than Ready,,New Hope AB LLC,,New Hope LLC,NY,20,OUT,,,04/30/2025,,,,,,
591,I,2023,,B,C,02/21/2023,Silver State,Morning Molly,472,Morning Line,,"Caliente Thoroughbreds, Agent I",,Caliente Thoroughbreds,KY,11,Rachel Paduck,5000,,,G,G,06/13/2025,3,126,
592,O,2023,,DB/BR,C,03/05/2023,Galilean,Moroccan Temptress,473,Temple City,,"Woodside Ranch, Agent I",,Woodside Ranch,NY,6,OUT,,,06/12/2025,,,,,,
593,I,2023,,GR/RO,C,04/12/2023,Sweetontheladies,Mountain Bellatrix,474,Midshipman,,"Golden Noguez, Agent",,Golden Noguez,FL,1,"Jarvis Racing Stable, LLC",10000,,,10.2," 1/8",06/13/2025,3,121,
594,I,2023,,B,F,03/09/2023,Nyquist,Mourette,475,Smart Strike,,"Hoppel LLC, Agent IV",,"Hoppel LLC, Agent",KY,7,"Taproot Bloodstock, Agent",200000,,,21.0," 1/4",06/13/2025,1,43,
595,O,2023,,B,F,05/07/2023,Central Banker,Mo Zin,476,Uncle Mo,,"My Little Stable Racing, Inc., Agent IV",,"My Little Stable Racing, Inc.",NY,18,OUT,,,06/08/2025,,,,,,
596,O,2023,,B,C,05/20/2023,Good Magic,Mrs. Appeal,32,Successful Appeal,,Champions of the Future,,Champions of the Future,KY,13,OUT,,,06/10/2025,,,,,,
597,O,2023,,B,C,03/21/2023,Complexity,Mrs. Cooper,151,Unified,,"de Meric Sales, Agent VII",,de Meric Sales,KY,12,OUT,,,06/18/2025,,,,,,
598,I,2023,Momaxie,B,F,04/27/2023,Maximus Mischief,Ms Costello,477,Uncle Mo,,"Woodside Ranch, Agent III",,Woodside Ranch,KY,6,Andy Stronach,15000,,,21.3," 1/4",06/13/2025,2,74,
599,O,2023,,DB/BR,C,01/16/2023,Authentic,Ms. Short Fuze,478,Zensational,,"Britton Peak, Agent III",,Britton Peak,KY,19,OUT,,,06/04/2025,,,,,,
600,I,2023,Stackin Dollars,B,F,04/13/2023,Gunnevera,Musical Touch,480,Touch Gold,,"Wildheart Thoroughbreds LLC, Agent IV",,Wildheart Thoroughbreds LLC,FL,16,"Jerry Caroom, Agent, Carl Deville",15000,,,10.2," 1/8",06/13/2025,3,110,
601,I,2023,,B,F,05/09/2023,Uncle Chuck,My Coastie,481,Trippi,,"Blue River Bloodstock, Inc., Agent II",,Blue River Bloodstock,FL,20,Patti & Hal Earnhardt,65000,,,10.0," 1/8",06/13/2025,1,17,
602,I,2023,Im a Chucky Doll,CH,F,03/27/2023,Neolithic,My Cousin Zinny,482,Proud Citizen,,"My Little Stable Racing, Inc., Agent IV",,"My Little Stable Racing, Inc.",NJ,18,C.H.P.R.,15000,,,10.3," 1/8",06/13/2025,2,81,
603,I,2023,,DB/BR,C,03/19/2023,Higher Power,My Daughter's Song,483,Songandaprayer,,"F. Alanis Stables, Agent II",,Alanis Francisco,KY,14,Dr. Angel B. Contreras,10000,,,10.2," 1/8",06/13/2025,2,94,
604,I,2023,,B,C,03/06/2023,Girvin,My Dawn,484,Goldencents,,"Ocala Stud, Agent",,Ocala Stud,FL,4,"Lisa Lewis, Agent for Philip Harding",60000,,,21.0," 1/4",06/13/2025,3,104,
605,I,2023,Amuleto,DB/BR,C,04/08/2023,Rock Your World,Myfriendthebird,485,Birdstone,,G. A. Thoroughbred Sales,,G. A. Thoroughbred Sales,NY,7,RNA,-24000,,,10.3," 1/8",06/13/2025,2,76,
606,O,2023,,CH,F,03/08/2023,Charlatan,Mylady Curlin,486,Curlin,,"S B M Training and Sales, Agent IV",,S B M Training and Sales,LA,2,OUT,,,06/12/2025,,,,,,
607,I,2023,,CH,F,04/06/2023,Improbable,My Lady Munnings,487,Munnings,,Potrero Stables,,Potrero Stables,KY,20,Steven Dwoskin Racing LLC,40000,,,10.1," 1/8",06/13/2025,2,58,
608,I,2023,,DB/BR,F,04/08/2023,Daredevil,Mylitta,488,Sky Mesa,,"de Meric Sales, Agent VI",,de Meric Sales,KY,12,"Taproot Bloodstock, Agent",47000,,,10.1," 1/8",06/13/2025,2,87,
609,O,2023,,DB/BR,F,04/15/2023,Maclean's Music,My Roxy Girl,489,Emcee,,"Thorostock LLC, Agent II",,Thorostock LLC,NY,12,OUT,,,06/12/2025,,,,,,
610,I,2023,,DB/BR,C,01/15/2023,Rock Your World,My Special Secret,490,Mineshaft,,Navas Equine,,Navas Equine,KY,15,C.H.P.R.,20000,,,10.4," 1/8",06/13/2025,1,8,
611,I,2023,,B,F,03/27/2023,Mo Tom,Mystic Blue,491,Maimonides,,"Omar Ramirez Bloodstock, Agent VIII",,Ramirez Omar,LA,14,Sandeep Patel,4000,Y,,G,G,06/13/2025,2,99,
612,I,2023,,CH,C,02/25/2023,Collected,My Town,492,Speightstown,,"Tomorrow Farms, Agent I",,Tomorrow Farms,FL,2,C.H.P.R.,20000,,,10.1," 1/8",06/13/2025,2,63,
613,O,2023,,CH,C,04/24/2023,Kantharos,Naples Rose,493,Bernardini,,"Tom McCrocklin, Agent III",,McCrocklin Tom,KY,18,OUT,,,05/21/2025,,,,,,
614,I,2023,,CH,F,03/24/2023,Mendelssohn,Navajo,494,Union Rags,,Golden Thoroughbreds Training and Sales,,Golden Thoroughbreds Training and Sales,KY,18,"Julio Rada, Agent",25000,Y,,10.1," 1/8",06/13/2025,2,72,
615,I,2023,,B,F,03/19/2023,Solomini,Navy Cruiser,495,Declaration of War,,"Victory Stable, Agent I",,Victory Stable,NY,19,RNA,-9000,,,10.2," 1/8",06/13/2025,1,38,
616,O,2023,Serafina Vietti,DB/BR,F,02/22/2023,Lexitonian,Never Go Back,496,Take Charge Indy,,"Ordonez Thoroughbreds, Agent",,Ordonez Thoroughbreds,KY,11,OUT,,,04/28/2025,,,,,,
617,O,2023,,B,F,02/15/2023,McKinzie,Newellton,498,Trappe Shot,,"Top Line Sales LLC, Agent XIX",,Top Line Sales,KY,1,OUT,,,05/21/2025,,,,,,
618,O,2023,,GR/RO,C,05/06/2023,Gift Box,New London,499,Rockport Harbor,,"Santa Fe Thoroughbreds, Agent",,Santa Fe Thoroughbreds,MD,4,OUT,,,06/04/2025,,,,,,
619,I,2023,,B,F,03/18/2023,Girvin,Next Best Thing,500,Stephen Got Even,,"Six K's Training & Sales LLC, Agent V",,Six K's Training & Sales LLC,FL,20,"Michael Slezak, Agent for Dana Grimaldi",25000,,,21.2," 1/4",06/13/2025,1,42,
620,O,2023,,DB/BR,C,03/19/2023,Uncle Mo,Nikki's Choice,501,Forestry,,"Top Line Sales LLC, Agent X",,Top Line Sales,KY,1,OUT,,,06/12/2025,,,,,,
621,I,2023,,DB/BR,C,02/14/2023,Combatant,Nordic Bird,502,Birdstone,,Blas Perez Stables,,"Perez Stables Blas ",NY,20,C.H.P.R.,18000,Y,,10.2," 1/8",06/13/2025,2,83,
622,I,2023,,CH,F,01/06/2023,Waiting,Norway,503,Brethren,,Las Palmas Farm,,Las Palmas Farm,NY,18,C.H.P.R.,20000,Y,,34.0," 3/8",06/13/2025,1,20,
623,I,2023,Socially Intact,CH,F,02/24/2023,Tale of Verve,Not Flawed,504,Not Bourbon,,"30-30 Ranch, Agent",,30-30 Ranch,KY,14,RNA,-19000,,,47.3," 1/2",06/13/2025,1,25,
624,O,2023,,B,F,04/30/2023,Practical Joke,Not in Jeopardy,505,The Factor,,"Silvestre Chavez Thoroughbreds, Agent II",,"Chavez Thoroughbreds Silvestre ",KY,17,OUT,,,06/13/2025,,,,,,
625,I,2023,,CH,F,05/02/2023,Improbable,Oak Trees Dancing,506,Forestry,,Wildheart Thoroughbreds LLC,,Wildheart Thoroughbreds LLC,KY,16,Joel Campbell,5500,,,G,G,06/13/2025,3,130,
626,I,2023,,B,C,04/23/2023,City of Light,Object,507,War Front,,"Wavertree Stables, Inc. (Ciaran Dunne), Agent I",,"Wavertree Stables, Inc.",KY,5,RNA,-95000,,,10.1," 1/8",06/13/2025,1,48,
627,I,2023,,B,F,03/22/2023,Independence Hall,Oh Kay See,508,Notional,,"Grassroots Training & Sales LLC, Agent",,Grassroots Training & Sales LLC,KY,10,Norman Tremblay,50000,Y,,10.0," 1/8",06/13/2025,1,45,
628,I,2023,Tone Setter,B,C,01/24/2023,Tonalist,Orba,509,Hard Spun,,"Ocala Stud, Agent",,Ocala Stud,KY,4,Osiris Bautista,4500,,,22.2," 1/4",06/13/2025,3,131,
629,O,2023,,GR/RO,C,03/06/2023,Medaglia d'Oro,Our Circle of Love,510,Distorted Humor,,Kings Equine,,Kings Equine,KY,1,OUT,,,06/10/2025,,,,,,
630,O,2023,,DB/BR,F,04/23/2023,Code of Honor,Our Eleanor,511,Successful Appeal,,"Gene Recio, Agent II",,Recio Gene,KY,7,OUT,,,06/13/2025,,,,,,
631,I,2023,,B,F,02/12/2023,Instagrand,Owaw's Empress,512,Bodemeister,,"Omar Ramirez Bloodstock, Agent VIII",,Ramirez Omar,LA,14,WE Racing LLC,20000,,,10.1," 1/8",06/13/2025,2,66,
632,I,2023,,B,F,04/16/2023,Mitole,Owl Moon,513,Ghostzapper,,"de Meric Sales, Agent VI",,de Meric Sales,NY,12,"Nick J. Hines, Agent",110000,,,10.1," 1/8",06/13/2025,1,50,
633,O,2023,,B,C,03/20/2023,Maclean's Music,Palio Flag,515,Curlin,,"30-30 Ranch, Agent",,30-30 Ranch,KY,14,OUT,,,06/09/2025,,,,,,
634,O,2023,,B,C,04/21/2023,Nyquist,Paquita Coqueta (CHI),516,Scat Daddy,,"Wavertree Stables, Inc. (Ciaran Dunne), Agent VI",,"Wavertree Stables, Inc.",KY,5,OUT,,,06/16/2025,,,,,,
635,I,2023,,CH,F,03/10/2023,Mark Valeski,Patientoftheheart,517,Lion Heart,,"Golden Rock Thoroughbreds, Agent",,Golden Rock Thoroughbreds,AR,19,Brad Bolles,5000,,,10.1," 1/8",06/13/2025,1,41,
636,I,2023,,B,C,02/09/2023,Win Win Win,Patricia's Kitten,518,Kitten's Joy,,"RiceHorse Stable (Brandon & Ali Rice), Agent IV",,RiceHorse,FL,6,RNA,-44000,,,G,G,06/13/2025,3,122,
637,O,2023,,CH,F,05/16/2023,Leinster,Patriotic Brother,519,Brother Derek,,"Wavertree Stables, Inc. (Ciaran Dunne), Agent VII",,"Wavertree Stables, Inc.",FL,5,OUT,,,06/12/2025,,,,,,
638,I,2023,,B,C,01/24/2023,Enticed,Pearl Street,520,Street Sense,,G. A. Thoroughbred Sales,,G. A. Thoroughbred Sales,KY,7,Kae Vazquez Stables LLC,10000,,,10.3," 1/8",06/13/2025,3,123,
639,O,2023,,DB/BR,C,04/22/2023,Protonico,Peppermint Queen,521,Zanjero,,"JP Training & Sales, Agent",,JP Training & Sales,KY,11,OUT,,,06/05/2025,,,,,,
640,O,2023,,B,F,05/05/2023,Rock Your World,Peregrina,522,Lemon Drop Kid,,"Big Easy, Agent II",,Big Easy,NY,11,OUT,,,06/12/2025,,,,,,
641,I,2023,,B,F,02/01/2023,Leinster,Perfect Biscuit,523,Political Force,,"Tom McCrocklin, Agent I",,McCrocklin Tom,FL,18,Bruno Schickedanz,8000,,,21.4," 1/4",06/13/2025,1,44,
642,I,2023,Barakah,DB/BR,F,03/08/2023,Speightstown,Perfect Flute,524,Pleasantly Perfect,,"Ocala Stud, Agent",,Ocala Stud,KY,4,RNA,-35000,,,21.1," 1/4",06/13/2025,2,61,
643,O,2023,,GR/RO,F,01/19/2023,Knicks Go,Perfect Now,525,Tiznow,,"Hoppel LLC, Agent",,"Hoppel LLC, Agent",KY,7,OUT,,,06/12/2025,,,,,,
644,I,2023,,DB/BR,F,05/12/2023,Win Win Win,Perfect Prediction,526,Majesticperfection,,"Champions of the Future, Agent I",,Champions of the Future,KY,13,RNA,-37000,,,9.4," 1/8",06/13/2025,2,75,
645,I,2023,,B,F,04/05/2023,Fog of War,Perfect Reins,527,Medaglia d'Oro,,"Blue Sapphire Stables, Agent III",,Blue Sapphire Stables,NY,15,Carlos Villagran,7000,Y,,21.3," 1/4",06/13/2025,3,111,
646,I,2023,,B,F,04/13/2023,Echo Town,Perfect Sister,528,Perfect Soul (IRE),,"Harris Training Center LLC, Agent I",,Harris Training Center LLC,KY,13,"DK Trucking & Manure Application, Inc",27000,,,10.1," 1/8",06/13/2025,2,70,
647,I,2023,,B,F,04/12/2023,Maximum Security,Perique,529,Tapit,,"Six K's Training & Sales LLC, Agent III",,Six K's Training & Sales LLC,KY,20,James Spicer,17000,,,21.4," 1/4",06/13/2025,2,79,
648,O,2023,,GR/RO,F,04/30/2023,Tacitus,Perseverante (CHI),530,Stuka,,"Scanlon Training & Sales, Agent I",,Scanlon Training Center,KY,10,OUT,,,06/05/2025,,,,,,
649,I,2023,Double Dog Dare Ya,CH,C,02/10/2023,Daredevil,Petunia Face,531,Congrats,,"Randy Miles, Agent VIII",,Miles Randy,FL,19,Eric Delvalle,22000,,,11.0," 1/8",06/13/2025,1,52,
650,I,2023,,B,F,05/04/2023,Practical Joke,Pinata Cat,532,Tiznow,,"Hoppel LLC, Agent IV",,"Hoppel LLC, Agent",KY,7,"Legion Bloodstock, Agent for Graham Grace Stables",250000,,,21.0," 1/4",06/13/2025,2,73,
651,I,2023,,B,F,04/15/2023,Rock Your World,Pink Nightie,533,Giant's Causeway,,"RiceHorse Stable (Brandon & Ali Rice), Agent II",,RiceHorse,KY,6,BROA (K.O.I.D.),35000,,,21.2," 1/4",06/13/2025,1,24,
652,I,2023,,B,F,02/16/2023,Awesome Slew,Platinum,534,Mineshaft,,Goldencents Thoroughbreds,,Goldencents Thoroughbreds,FL,13,Albert Ow Kee Foo,28000,,,10.1," 1/8",06/13/2025,2,93,
653,I,2023,,B,C,04/08/2023,Runhappy,Platinum Artist,535,Maclean's Music,,Nice and Easy Thoroughbreds,,Nice and Easy Thoroughbreds,KY,3,Sean S. Perl Bloodstock LLC,105000,,,9.4," 1/8",06/13/2025,2,53,
654,I,2023,,B,F,03/02/2023,Bolt d'Oro,Platonic Love,536,Elusive Quality,,"Woodside Ranch, Agent I",,Woodside Ranch,KY,6,"Legion Bloodstock, Agent",325000,,,9.4," 1/8",06/13/2025,1,16,
655,I,2023,,B,C,02/27/2023,Tale of Ekati,Pleasant Orb,537,Orb,,"Robert Vickers, Agent",,Vickers Racing,KY,10,JL Racing LLC,19000,,,10.2," 1/8",06/13/2025,2,88,
656,I,2023,,DB/BR,C,02/24/2023,Thousand Words,Plumage,538,Broken Vow,,"My Little Stable Racing, Inc., Agent IV",,"My Little Stable Racing, Inc.",KY,18,RNA,-27000,,,10.3," 1/8",06/13/2025,1,11,
657,I,2023,,B,C,04/02/2023,Ghostzapper,Poets Dreamed,539,Maclean's Music,,"Julie Davies LLC, Agent XVI",,Davies Julie,KY,7,Roddy J. Valente,130000,,,10.0," 1/8",06/14/2025,3,110,
658,O,2023,,B,F,04/21/2023,Curlin's Honor,Polished Lady,540,California Chrome,,"Silvestre Chavez Thoroughbreds, Agent I",,"Chavez Thoroughbreds Silvestre ",FL,17,OUT,,,06/09/2025,,,,,,
659,I,2023,Corazon Azteca,B,C,04/13/2023,Classic Empire,Poppy's Baby Girl (GB),541,Yankee Victor,,Blas Perez Stables,,"Perez Stables Blas ",KY,20,Harry Rosenblum,70000,,,10.1," 1/8",06/13/2025,1,12,
660,I,2023,,B,C,02/12/2023,Army Mule,Pop Tall,542,Revolutionary,,Navas Equine,,Navas Equine,KY,15,Danny J. Chen,13000,,,10.3," 1/8",06/13/2025,3,102,
661,O,2023,,B,F,05/12/2023,Yaupon,Power of Snunner,543,Power by Far,,"Top Line Sales LLC, Agent VII",,Top Line Sales,KY,1,OUT,,,06/12/2025,,,,,,
662,I,2023,,CH,F,03/30/2023,Air Strike,Precocious,545,Exploit,,"Really and Truly Thoroughbreds, Agent I",,Really and Truly Thoroughbreds,OH,2,Howlett Racing LLC,25000,,,10.4," 1/8",06/13/2025,2,67,
663,I,2023,,B,C,05/04/2023,Street Sense,Pretty Girl (ARG),546,Harlan's Holiday,,Hidden Brook Agent for Bonne Chance Farm LLC,,Hidden Brook Farm,KY,2,Pay Billy Racing LLC,75000,,,10.1," 1/8",06/13/2025,1,46,
664,I,2023,,DB/BR,F,03/19/2023,Always Dreaming,Pretty Priority,547,Shanghai Bobby,,Fabian Sales LLC,,Fabian Sales,KY,13,Joe Moore,15000,,,22.2," 1/4",06/13/2025,2,97,
665,I,2023,,B,F,05/22/2023,Maximum Security,Primp,548,Bernardini,,"Global Thoroughbreds LLC, Agent II",,Global Thoroughbreds LLC,KY,5,Joe Castillo,16000,,,10.3," 1/8",06/13/2025,3,109,
666,O,2023,,U,U,01/01/2023,zz blank page 3,zz blank page 3,854,,,Blank Pages,,Ocala Breeders' Sales Co.,,,OUT,,,04/24/2025,,,,,,
667,O,2023,,GR/RO,C,04/13/2023,Knicks Go,Princessdiane,550,Uncle Mo,,"Wildheart Thoroughbreds LLC, Agent II",,Wildheart Thoroughbreds LLC,KY,16,OUT,,,06/17/2025,,,,,,
668,I,2023,,CH,F,02/09/2023,Nyquist,Private Client,551,Kitten's Joy,,"Wildheart Thoroughbreds LLC, Agent III",,Wildheart Thoroughbreds LLC,ON,16,Saffie Joseph Jr,55000,,,10.2," 1/8",06/13/2025,1,26,
669,I,2023,,GR/RO,C,02/21/2023,Win Win Win,Prize Informant,552,Marciano,,"Caliente Thoroughbreds, Agent IV",,Caliente Thoroughbreds,FL,11,RNA,-70000,,,G,G,06/13/2025,1,33,
670,I,2023,,B,F,04/16/2023,Bolt d'Oro,Procuradora,553,Bodemeister,,On Point Training & Sales,,On Point Training & Sales,KY,11,"Schultz Racing Stable, LLC",65000,,,10.0," 1/8",06/13/2025,2,55,
671,I,2023,,DB/BR,F,04/19/2023,Violence,Pure Harmony,556,Unbridled's Song,,Wildheart Thoroughbreds LLC,,Wildheart Thoroughbreds LLC,KY,16,RNA,-37000,,,10.2," 1/8",06/13/2025,1,4,
672,I,2023,,DB/BR,F,05/14/2023,Modernist,Pure Ride,557,Simon Pure,,G. A. Thoroughbred Sales,,G. A. Thoroughbred Sales,KY,7,Robin Racing,55000,,,21.0," 1/4",06/13/2025,1,13,
673,I,2023,,B,F,03/01/2023,Twirling Candy,Purrfectly Claire,558,Munnings,,"White Lilac (Katie Miranda), Agent VI",,White Lilac (Katie Miranda),KY,17,"Kimmel / Sallusto, Agent",150000,,,10.1," 1/8",06/13/2025,2,82,
674,O,2023,,B,C,03/11/2023,Instagrand,Quality Light,559,Elusive Quality,,Navas Equine,,Navas Equine,FL,15,OUT,,,06/12/2025,,,,,,
675,I,2023,Paddy Dillon,B,C,03/17/2023,Omaha Beach,Qualkris,560,Malibu Moon,,"Blas Perez Stables, Agent II",,"Perez Stables Blas ",KY,20,"Robert Hess, Jr.",140000,,,10.0," 1/8",06/13/2025,3,116,
676,I,2023,,B,C,04/16/2023,Upstart,Quaver,561,Blame,,"Wavertree Stables, Inc. (Ciaran Dunne), Agent VIII",,"Wavertree Stables, Inc.",KY,5,Marsico Brothers Racing LLC,24000,,,10.1," 1/8",06/13/2025,3,108,
677,O,2023,,GR/RO,F,04/23/2023,Essential Quality,Queenie's Song,562,Unbridled's Song,,"Niall Brennan Stables, Agent V",,Brennan Niall,KY,8,OUT,,,06/18/2025,,,,,,
678,I,2023,Queen Valentine,CH,F,02/14/2023,Chance It,Queen of Drama,563,Big Drama,,Vargas Sales,,Vargas Sales,FL,9,Alejandro Asmar,16000,,,10.1," 1/8",06/13/2025,2,77,
679,I,2023,,DB/BR,F,04/21/2023,Freud,Queen of The Night (GB),564,Sadler's Wells,,Oscar Brown Stables,,Brown Oscar,NY,10,Andrew Dixon,5000,,,10.4," 1/8",06/13/2025,2,90,
680,O,2023,Quell,CH,F,05/11/2023,Jimmy Creed,Quietude,565,Tapizar,,"Niall Brennan Stables, Agent XI",,Brennan Niall,NY,8,OUT,,,06/09/2025,,,,,,
681,I,2023,,B,C,05/22/2023,Galilean,Quite Dramatic,566,Unusual Heat,,Golden Thoroughbreds Training and Sales,,Golden Thoroughbreds Training and Sales,NY,18,Oplaics Consultants Corp,5000,,,10.2," 1/8",06/13/2025,3,120,
682,I,2023,Flashy Khozy,CH,F,03/03/2023,Khozan,Radical Grace,567,Utopia (JPN),,"Hoppel LLC, Agent V",,"Hoppel LLC, Agent",FL,7,Steven Dwoskin & Starship Stables,25000,,,10.0," 1/8",06/13/2025,3,101,
683,I,2023,,CH,F,04/16/2023,Redesdale,Rahway,568,Eskendereya,,"Omar Ramirez Bloodstock, Agent IV",,Ramirez Omar,NY,14,Steven Dwoskin Racing LLC,25000,,,10.2," 1/8",06/14/2025,1,54,
684,I,2023,,DB/BR,F,03/12/2023,Independence Hall,Rainbows and Roses,569,Bodemeister,,"Doble J Equine Sales, Agent I",,Doble J Equine Sales,FL,17,Brian Lusk,15000,Y,,10.2," 1/8",06/13/2025,2,100,
685,O,2023,,GR/RO,C,04/23/2023,Global Campaign,Rain Dance,570,The Factor,,"Six K's Training & Sales LLC, Agent I",,Six K's Training & Sales LLC,KY,20,OUT,,,06/14/2025,,,,,,
686,I,2023,,B,C,02/15/2023,Raging Bull (FR),Rangerette,571,U S Ranger,,"New Hope AB LLC, Agent I",,New Hope LLC,KY,20,Francisco Pavonessa,7000,,,10.1," 1/8",06/13/2025,1,47,
687,I,2023,,B,F,03/04/2023,Game Winner,Rappin Ruby,572,Majestic Warrior,,"Six K's Training & Sales LLC, Agent I",,Six K's Training & Sales LLC,KY,20,Francisco Pavonessa,7500,,,22.0," 1/4",06/13/2025,3,119,
688,O,2023,,B,F,04/12/2023,Leinster,Rated Xtreme,573,Magna Graduate,,"Richardson Bloodstock, Agent II",,Richardson Bloodstock,FL,3,OUT,,,06/04/2025,,,,,,
689,I,2023,,CH,F,05/06/2023,Rogueish,Ravinia,574,Field Commission,,"Whitman Sales LLC, Agent IV",,Whitman Sales,FL,16,Elio Marquez,12000,,,10.1," 1/8",06/13/2025,1,29,
690,I,2023,,DB/BR,F,04/14/2023,Independence Hall,R City Girl,575,Temple City,,Horseland Stables,,Horseland Stables,KY,19,ABG Ave Fenix,10000,,,21.1," 1/4",06/13/2025,1,21,
691,I,2023,,DB/BR,C,03/27/2023,By My Standards,Readygetsgold,576,Midas Eyes,,"Niall Brennan Stables, Agent I",,Brennan Niall,KY,8,San Pier,27000,,,10.2," 1/8",06/13/2025,2,57,
692,I,2023,,B,F,04/14/2023,Vekoma,Redmeansgo,577,Red Ransom,,"Grassroots Training & Sales LLC, Agent",,Grassroots Training & Sales LLC,KY,10,"Amanda Gillman, Agent for Lucky Hat Racing",30000,Y,,G,G,06/13/2025,3,105,
693,I,2023,Refinement,GR/RO,F,03/02/2023,Kantharos,Renata,578,Medaglia d'Oro,,"Santa Fe Thoroughbreds, Agent I",,Santa Fe Thoroughbreds,ON,4,Zilli Racing Stable,38000,Y,,10.1," 1/8",06/13/2025,2,71,
694,I,2023,,B,C,02/12/2023,McKinzie,Rever de Vous,580,Distorted Humor,,"Julie Davies LLC, Agent XII",,Davies Julie,KY,7,"Neal Maharaj, Agent",75000,,,21.2," 1/4",06/13/2025,2,56,
695,I,2023,,CH,C,02/27/2023,More Than Ready,Reversethedecision,581,Scat Daddy,,"de Meric Sales, Agent II",,de Meric Sales,KY,12,"Nick J. Hines, Agent",65000,,,10.1," 1/8",06/13/2025,3,103,
696,I,2023,R Alex,B,C,05/03/2023,Galilean,R Frosty One,582,Southern Success,,"Victory Stable, Agent",,Victory Stable,NY,19,"DK Trucking & Manure Application, Inc",12000,,,10.2," 1/8",06/13/2025,3,118,
697,I,2023,,B,C,02/02/2023,Tunwoo,Ribbing,584,Distorted Humor,,LF Horse Training and Sales,,LF Horse Training and Sales,FL,12,Jason DaCosta,25000,,,20.4," 1/4",06/13/2025,1,51,
698,O,2023,,B,C,02/08/2023,St Patrick's Day,Risky Lady,585,Revolving,,Horseland Stables,,Horseland Stables,FL,19,OUT,,,06/13/2025,,,,,,
699,O,2023,,CH,C,02/15/2023,Rogueish,Riverbank,586,Field Commission,,"Whitman Sales LLC, Agent",,Whitman Sales,FL,16,OUT,,,06/12/2025,,,,,,
700,I,2023,,GR/RO,C,04/12/2023,Knicks Go,Road of Honor,587,Quality Road,,Ebenezer Equine LLC,,Ebenezer Equine LLC,KY,17,C.H.P.R.,20000,,,10.2," 1/8",06/13/2025,2,96,
701,I,2023,,B,F,02/28/2023,Maclean's Music,Rocks That I Got,589,American Pharoah,,Horseland Stables,,Horseland Stables,KY,19,Phillip Hajal,13000,,,10.1," 1/8",06/13/2025,2,64,
702,O,2023,,B,C,04/03/2023,Gun Runner,Rocky Policy,590,Rock Slide,,"Grade One Investments LLC, Agent I",,Grade One Investments LLC,NY,14,OUT,,,06/14/2025,,,,,,
703,O,2023,,B,C,03/08/2023,Uncle Chuck,Roll On Indy,591,Take Charge Indy,,"de Meric Sales, Agent VI",,de Meric Sales,FL,12,OUT,,,06/12/2025,,,,,,
704,I,2023,Nyad,B,F,04/06/2023,Mineshaft,Roll Your Eyes,592,Popular,,"Marcial Galan, Agent",,Galan Marcial,KY,9,"Gregory Pelzel, P. Head, B. Lear, C. Milligan",16000,,,10.2," 1/8",06/13/2025,3,112,
705,I,2023,,B,F,02/22/2023,Omaha Beach,Romy,593,Karakontie (JPN),,"Hoppel LLC, Agent III",,"Hoppel LLC, Agent",KY,7,Walmac Farm LLC,160000,,,20.4," 1/4",06/13/2025,1,2,
706,I,2023,,B,F,03/24/2023,Improbable,Room for Me,594,Harlington,,"My Little Stable Racing, Inc., Agent II",,"My Little Stable Racing, Inc.",KY,18,Imelda Lopez,30000,Y,,21.3," 1/4",06/14/2025,1,3,
707,O,2023,,DB/BR,C,04/07/2023,Gun Runner,Room to Finish,595,Giant Oak,,"S B M Training and Sales, Agent I",,S B M Training and Sales,NY,2,OUT,,,06/18/2025,,,,,,
708,I,2023,,DB/BR,C,05/08/2023,Modernist,Rose Again,596,Curlin,,Oscar Brown Stables,,Brown Oscar,NY,10,Saqlain Roman,10000,,,10.3," 1/8",06/14/2025,2,71,
709,O,2023,Princecrest,GR/RO,C,03/31/2023,Cairo Prince,Rosecrest,597,Macho Uno,,"White Lilac (Katie Miranda), Agent II",,White Lilac (Katie Miranda),ON,17,OUT,,,06/05/2025,,,,,,
710,I,2023,,CH,C,05/07/2023,Hoppertunity,Rosie Belle,598,Trappe Shot,,Jose Munoz,,Munoz Jose L.,MD,12,"Taproot Bloodstock, Agent",30000,,,21.4," 1/4",06/14/2025,1,11,
711,I,2023,Bingo One,B,C,03/09/2023,Classic Empire,Rossenarra,599,Hard Spun,,"Golden Noguez, Agent",,Golden Noguez,VA,1,Roy Thomas,10000,Y,,22.2," 1/4",06/14/2025,2,80,
712,I,2023,,CH,F,05/31/2023,Constitution,Ruby Lips,600,Hard Spun,,"Paul Sharp, Agent II",,Sharp Paul M.,KY,8,RNA,-95000,,,G,G,06/14/2025,2,63,
713,I,2023,Thirtyseven Rubies,CH,F,02/11/2023,Neolithic,Ruby On My Mind,601,Congrats,,Sweet River Thoroughbreds,,Sweet River Thoroughbreds,FL,18,Allan Johnson,17000,,,10.2," 1/8",06/14/2025,2,66,
714,O,2023,,CH,C,04/06/2023,Leinster,Ruliontome,602,Lion Heart,,Grassroots Training & Sales LLC,,Grassroots Training & Sales LLC,NY,10,OUT,,,06/02/2025,,,,,,
715,O,2023,,DB/BR,C,03/25/2023,Midnight Lute,Runninwithanangel,603,Kantharos,,"McKathan Bros. Sales, Agent III",,McKathan Bros.,KY,6,OUT,,,06/05/2025,,,,,,
716,O,2023,,B,F,04/11/2023,Game Winner,Sachem,604,Cairo Prince,,"Grade One Investments LLC, Agent II",,Grade One Investments LLC,KY,14,OUT,,,06/04/2025,,,,,,
717,I,2023,,B,C,04/20/2023,West Coast,Saharan,606,Desert Party,,"Wildheart Thoroughbreds LLC, Agent III",,Wildheart Thoroughbreds LLC,KY,16,"Taproot Bloodstock, Agent",85000,,,10.1," 1/8",06/14/2025,1,20,
718,O,2023,,DB/BR,G,04/10/2023,Mshawish,Sal and Peg,609,Bob and John,,"My Little Stable Racing, Inc., Agent IV",,"My Little Stable Racing, Inc.",KY,18,OUT,,,06/08/2025,,,,,,
719,O,2023,,B,F,04/06/2023,Adios Charlie,Sally's Song,608,Unbridled's Song,,"Tom McCrocklin, Agent II",,McCrocklin Tom,FL,18,OUT,,,06/05/2025,,,,,,
720,I,2023,,DB/BR,C,03/16/2023,Mineshaft,Sameeha,610,Street Cry (IRE),,"Marcial Galan, Agent",,Galan Marcial,KY,9,Oplaics Consultants Corp,15000,,,10.4," 1/8",06/14/2025,3,122,
721,I,2023,,GR/RO,F,04/30/2023,Essential Quality,Sandy's Surprise,611,Drosselmeyer,,"Niall Brennan Stables, Agent X",,Brennan Niall,KY,8,Robert Reidy,25000,Y,,10.3," 1/8",06/14/2025,1,31,
722,O,2023,,CH,F,02/27/2023,Breaking Lucky,Sarahcain,612,Americain,,"Doble J Equine Sales, Agent V",,Doble J Equine Sales,LA,17,OUT,,,06/16/2025,,,,,,
723,I,2023,,CH,F,02/21/2023,Maclean's Music,Sarah Joe,613,Hard Spun,,"Twelve Toes LLC, Agent II",,Twelve Toes LLC,KY,10,"Guillermo Berrios, LLC",22000,,,10.2," 1/8",06/14/2025,2,58,
724,I,2023,Truly Unbelievable,CH,C,05/05/2023,Vekoma,Saratoga Summer,615,Smart Strike,,"Golden Rock Thoroughbreds, Agent V",,Golden Rock Thoroughbreds,KY,19,Arnold Bennewith & C. Wiest,120000,,,10.0," 1/8",06/14/2025,1,28,
725,I,2023,,B,C,03/25/2023,Tonalist,Satin Sheets,617,Into Mischief,,Navas Equine,,Navas Equine,FL,15,Doble Jak Investments,12000,Y,,G,G,06/14/2025,2,84,
726,I,2023,,CH,F,02/23/2023,Nyquist,Saturday Night,618,Tapit,,"Ocala Stud, Agent",,Ocala Stud,KY,4,RNA,-45000,,,21.3," 1/4",06/14/2025,1,46,
727,I,2023,,GR/RO,C,05/24/2023,Tiz the Law,Scene Maker,620,Unbridled's Song,,"First Call, Agent",,"First Call, Agent",NY,1,RNA,-75000,,,10.1," 1/8",06/14/2025,2,81,
728,I,2023,,B,F,02/28/2023,Rock Your World,Scion Power,621,Wildcat Heir,,Fabian Sales LLC,,Fabian Sales,FL,13,"Julio Rada, Agent",10000,,,G,G,06/14/2025,3,126,
729,I,2023,,CH,F,03/06/2023,Hard Spun,Scribble It,622,Carpe Diem,,"Omar Ramirez Bloodstock, Agent VII",,Ramirez Omar,KY,14,Bruno Schickedanz,12000,,,10.3," 1/8",06/14/2025,3,141,
730,I,2023,,B,F,03/10/2023,Redesdale,Sculpt,623,First Defence,,"Omar Ramirez Bloodstock, Agent IV",,Ramirez Omar,NY,14,"Heather Smullen, Agent",12000,Y,,10.2," 1/8",06/14/2025,2,93,
731,I,2023,War Artist,B,C,03/21/2023,Munnings,Secret Keeper,624,Into Mischief,,"Wavertree Stables, Inc. (Ciaran Dunne), Agent IX",,"Wavertree Stables, Inc.",KY,5,Ronald Chaffee,20000,,,10.2," 1/8",06/14/2025,2,95,
732,I,2023,Seeking Mayhem,B,F,05/10/2023,Basin,Seeking Paradise,625,Blame,,"Gabriel Dixon, Agent",,Dixon Gabriel,FL,4,C.H.P.R.,4500,,,10.1," 1/8",06/14/2025,3,127,
733,I,2023,,DB/BR,C,05/31/2023,Midnight Lute,Senada,626,Pulpit,,"Limitless Thoroughbred LLC, Agent",,Limitless Thoroughbred LLC,KY,6,Musaab ElMaki,17000,,,10.4," 1/8",06/14/2025,2,99,
734,I,2023,,B,C,01/16/2023,Maclean's Music,Sengekontacket,627,Mineshaft,,"de Meric Sales, Agent I",,de Meric Sales,KY,12,Jeff Kresnak,310000,,,10.0," 1/8",06/14/2025,1,24,
735,O,2023,,GR/RO,G,05/05/2023,Cupid,Senior Prom,628,Mr. Greeley,,"My Little Stable Racing, Inc., Agent IV",,"My Little Stable Racing, Inc.",KY,18,OUT,,,06/08/2025,,,,,,
736,I,2023,,CH,C,02/28/2023,Authentic,Senorita Corredora,629,El Corredor,,"Navas Equine, Agent",,Navas Equine,KY,15,"K.O.I.D. Co., Ltd.",17000,,,10.4," 1/8",06/14/2025,2,59,
737,I,2023,Modernista,B,F,04/13/2023,Modernist,Senorita Guzman,630,Constitution,,"RiceHorse Stable (Brandon & Ali Rice), Agent I",,RiceHorse,NY,6,"DK Trucking & Manure Application, Inc",10000,,,10.2," 1/8",06/14/2025,1,51,
738,O,2023,,DB/BR,C,04/05/2023,Independence Hall,Senseu'vbeengone,631,Street Sense,,New Hope AB LLC,,New Hope LLC,KY,20,OUT,,,06/04/2025,,,,,,
739,I,2023,,B,C,01/29/2023,Higher Power,Sense When,632,Street Sense,,"Horseland Stables, Agent I",,Horseland Stables,KY,19,Metro Thoroughbreds LLC,12000,,,22.4," 1/4",06/14/2025,2,101,
740,I,2023,,GR/RO,F,04/26/2023,Tacitus,Serene Sophia,633,Giant's Causeway,,"My Little Stable Racing, Inc., Agent II",,"My Little Stable Racing, Inc.",KY,18,RNA,-14000,,,10.4," 1/8",06/14/2025,1,41,
741,I,2023,,B,F,03/29/2023,Audible,Set to Dance,634,Distorted Humor,,Darren Egan,,Egan Darren,KY,4,Trevor James,16000,,,10.4," 1/8",06/14/2025,1,35,
742,O,2023,,B,C,04/30/2023,Modernist,Shakedown Sister,635,Put It Back,,Scenic Sales,,Scenic Sales,KY,16,OUT,,,06/10/2025,,,,,,
743,O,2023,,B,F,03/18/2023,Maximus Mischief,Shanny Go Nanny,636,Street Sense,,"Randy Miles, Agent VI",,Miles Randy,KY,19,OUT,,,06/13/2025,,,,,,
744,I,2023,,B,F,04/30/2023,Echo Town,She Has Charm,637,Smart Strike,,Winners Circle Thoroughbreds LLC,,Winners Circle Thoroughbreds LLC,FL,1,"Chelsey Moysey, Agent for Joseph Irace",10000,,,10.2," 1/8",06/14/2025,2,79,
745,O,2023,,DB/BR,G,03/28/2023,Sharp Azteca,Sheisinittowinit,638,Student Council,,Jose Munoz,,Munoz Jose L.,NY,12,OUT,,,06/14/2025,,,,,,
746,O,2023,Brooklyn Blonde,CH,F,02/12/2023,Gun Runner,Shenandoah Queen,639,Henny Hughes,,"Paul Sharp, Agent II",,Sharp Paul M.,KY,8,OUT,,,06/09/2025,,,,,,
747,I,2023,,B,C,04/06/2023,Mor Spirit,Shesacurlinmytoes,641,Curlin,,"Victor Davila, Agent",,Davila Victor,KY,8,C.H.P.R.,16000,,,10.3," 1/8",06/14/2025,2,70,
748,I,2023,,B,C,03/19/2023,Neolithic,She's a Spark,642,Effinex,,"Hoppel LLC, Agent",,"Hoppel LLC, Agent",FL,7,Saffie Joseph Jr,21000,,,10.1," 1/8",06/14/2025,3,112,
749,I,2023,Power Wrench,DB/BR,C,03/02/2023,Gunnevera,She's Salty Too,643,Salt Lake,,RMS Training & Sales,,RMS Racing,FL,17,RNA,-17000,,,10.3," 1/8",06/14/2025,1,14,
750,I,2023,,B,C,04/20/2023,Maximus Mischief,She's So Cosmo,644,Lemon Drop Kid,,Camelot Acres Racing and Sales,,Camelot Acres,KY,11,Dennis O'Neill,40000,,,10.1," 1/8",06/14/2025,3,124,
751,I,2023,,DB/BR,F,02/27/2023,Uncle Chuck,She's So Indy,645,Take Charge Indy,,Silvestre Chavez Thoroughbreds,,"Chavez Thoroughbreds Silvestre ",FL,17,Phillip Hajal,9000,,,10.2," 1/8",06/14/2025,1,19,
752,I,2023,,DB/BR,C,03/19/2023,Thousand Words,She's With It,646,Justin Phillip,,"Champions of the Future, Agent I",,Champions of the Future,KY,13,Phillip Hajal,18000,Y,,10.2," 1/8",06/14/2025,1,45,
753,O,2023,,B,F,03/21/2023,Uncle Chuck,Shezaprado,647,Paddy O'Prado,,"Champions of the Future, Agent II",,Champions of the Future,FL,13,OUT,,,06/10/2025,,,,,,
754,I,2023,,B,F,05/10/2023,Yaupon,Shine Softly,648,Aldebaran,,"Golden Rock Thoroughbreds, Agent IV",,Golden Rock Thoroughbreds,KY,19,"Ocean Reef Racing, VBS Agent",110000,,,9.4," 1/8",06/14/2025,2,88,
755,I,2023,,DB/BR,C,03/06/2023,Independence Hall,Shop for Gold,649,Speightstown,,"Golden Rock Thoroughbreds, Agent II",,Golden Rock Thoroughbreds,LA,19,Roger Smith,127000,,,10.0," 1/8",06/14/2025,3,129,
756,O,2023,,B,C,04/30/2023,Liam's Map,Side of Sass,650,Mineshaft,,"Grade One Investments LLC, Agent IV",,Grade One Investments LLC,KY,14,OUT,,,06/13/2025,,,,,,
757,I,2023,,B,C,01/22/2023,Silver State,Sierra Squall,651,Grand Slam,,Blas Perez Stables,,"Perez Stables Blas ",KY,20,C.H.P.R.,18000,Y,,10.1," 1/8",06/14/2025,1,4,
758,I,2023,,B,F,02/08/2023,Win Win Win,Silent Joy,653,Kitten's Joy,,Golden Thoroughbreds Training and Sales,,Golden Thoroughbreds Training and Sales,FL,18,Amaty Racing Stables,23000,,,10.1," 1/8",06/14/2025,2,89,
759,I,2023,,GR/RO,C,04/06/2023,Awesome Slew,Silver Joy,654,Kitten's Joy,,"Silvestre Chavez Thoroughbreds, Agent X",,"Chavez Thoroughbreds Silvestre ",FL,17,Ruben Valdes,20000,,,10.2," 1/8",06/14/2025,2,91,
760,I,2023,,GR/RO,C,03/24/2023,Lone Sailor,Silver Spring,655,Langfuhr,,"Omar Ramirez Bloodstock, Agent VIII",,Ramirez Omar,LA,14,Oplaics Consulting Corp,11000,Y,,10.1," 1/8",06/14/2025,3,123,
761,I,2023,,DB/BR,F,04/21/2023,Mo Town,Simple as That,657,Langfuhr,,Cruzin' Thoroughbreds LLC,,Cruzin' Thoroughbreds,ON,17,Dundalk Five LLC,27000,Y,,21.3," 1/4",06/14/2025,2,75,
762,I,2023,,CH,C,01/19/2023,Not This Time,Singing Sweetly (IRE),658,Galileo (IRE),,"Paul Sharp, Agent II",,Sharp Paul M.,KY,8,Sabby Racing LLC / Madaket Stables LLC,150000,,,10.3," 1/8",06/14/2025,1,5,
763,I,2023,,DB/BR,C,04/12/2023,Lookin At Lucky,Sirenage,659,Quality Road,,"Navas Equine, Agent VII",,Navas Equine,KY,15,RNA,-42000,,,10.3," 1/8",06/14/2025,2,106,
764,I,2023,,DB/BR,F,04/03/2023,Uncle Chuck,Sister Aurora,660,Majestic City,,"Blas Perez Stables, Agent III",,"Perez Stables Blas ",FL,20,Seth Morris Thoroughbreds,80000,,,10.0," 1/8",06/14/2025,1,38,
765,I,2023,,DB/BR,F,04/25/2023,Known Agenda,Skinner Box,661,Freud,,"Hidden Brook, Agent I",,Hidden Brook Farm,KY,2,TBD Stables,47000,,,G,G,06/14/2025,2,102,
766,I,2023,Star Prince,B,C,01/30/2023,Sharp Azteca,Sky Palace,662,Palace,,RMS Training & Sales,,RMS Racing,KY,17,RNA,-27000,,,10.2," 1/8",06/14/2025,3,140,
767,O,2023,,DB/BR,C,03/03/2023,Joevia,Sky Reign,663,Sky Mesa,,"My Little Stable Racing, Inc., Agent IV",,"My Little Stable Racing, Inc.",NY,18,OUT,,,06/08/2025,,,,,,
768,I,2023,,B,F,03/05/2023,Classic Empire,Sky Skier,664,Sky Mesa,,"Navas Equine, Agent",,Navas Equine,KY,15,Rand Metoyer,42000,,,10.0," 1/8",06/14/2025,1,34,
769,I,2023,,B,C,04/03/2023,Karakontie (JPN),Smokin Mischief,665,Into Mischief,,"Marcial Galan, Agent",,Galan Marcial,KY,9,Flying Horses Investment Group Corp,45000,,,10.1," 1/8",06/14/2025,1,37,
770,I,2023,,B,C,01/30/2023,Girvin,Smooth Cookie,666,In Summation,,"Navas Equine, Agent III",,Navas Equine,FL,15,Francisco Pavonessa,10000,,,10.1," 1/8",06/14/2025,1,16,
771,I,2023,,B,C,04/06/2023,Instagrand,Snakeinthegrass,667,Bernardini,,Two Oaks Equine,,Two Oaks Equine,KY,11,"K.O.I.D. Co., Ltd.",20000,,,11.0," 1/8",06/14/2025,2,68,
772,O,2023,,DB/BR,C,05/18/2023,McKinzie,Snow Fall,669,War Front,,"Scanlon Training & Sales, Agent I",,Scanlon Training Center,KY,10,OUT,,,06/14/2025,,,,,,
773,I,2023,,CH,F,05/09/2023,Charlatan,Soaring,670,Tapit,,"Top Line Sales LLC, Agent II",,Top Line Sales,KY,1,RNA,-17000,,,G,G,06/14/2025,2,100,
774,I,2023,First Flame,B,C,03/12/2023,Flameaway,Social Reader,671,Half Ours,,"Pick View LLC, Agent I",,Pick View LLC,LA,3,WG Racing LLC,30000,Y,,10.3," 1/8",06/14/2025,2,96,
775,O,2023,,GR/RO,F,02/14/2023,Rock Your World,Solar Reflection,672,Creative Cause,,"Tom McCrocklin, Agent IV",,McCrocklin Tom,KY,18,OUT,,,06/05/2025,,,,,,
776,I,2023,On the Rox,B,C,02/18/2023,Catholic Boy,Solid Sender,673,Early Flyer,,"F. Alanis Stables, Agent III",,Alanis Francisco,KY,14,"Darcy Scudero, Agent for Happy Tenth Stables",20000,Y,,10.2," 1/8",06/14/2025,1,29,
777,I,2023,,B,C,01/28/2023,Tunwoo,Sonhadora,674,Distorted Humor,,"Whitman Sales LLC, Agent I",,Whitman Sales,FL,16,"Taproot Bloodstock, Agent",95000,,,10.0," 1/8",06/14/2025,2,73,
778,I,2023,,B,F,05/06/2023,Daredevil,Sonoma d'Oro,675,Medaglia d'Oro,,"Gabriel Dixon, Agent",,Dixon Gabriel,KY,4,Isreal Flores,60000,Y,,10.3," 1/8",06/14/2025,1,30,
779,I,2023,,CH,F,02/21/2023,Kantharos,Souper Colket,677,Ghostzapper,,Darren Egan,,Egan Darren,KY,4,RNA,-27000,,,G,G,06/14/2025,3,121,
780,I,2023,,DB/BR,C,03/21/2023,Silver State,Souper Sugar Shack,678,Uncle Mo,,Champions of the Future,,Champions of the Future,KY,13,Phillip Hajal,18000,Y,,10.2," 1/8",06/14/2025,2,76,
781,O,2023,,B,F,03/21/2023,Game Winner,Spanish Point,679,Creative Cause,,"Golden Rock Thoroughbreds, Agent",,Golden Rock Thoroughbreds,KY,19,OUT,,,05/21/2025,,,,,,
782,I,2023,,B,C,03/09/2023,Union Rags,Spa Ready,680,Street Sense,,"Blas Perez Stables, Agent VIII",,"Perez Stables Blas ",KY,20,"Nicholas Cammarano, Jr.",25000,,,10.3," 1/8",06/14/2025,2,82,
783,I,2023,,B,C,01/17/2023,Hit It a Bomb,Sparkle Factor (IRE),681,Arch,,"Robert Vickers, Agent",,Vickers Racing,KY,10,"Hidden Brook, Agent",25000,,,10.2," 1/8",06/14/2025,2,67,
784,I,2023,,B,F,03/13/2023,Uncle Chuck,Speaking Role (GB),682,Singspiel (IRE),,Nice and Easy Thoroughbreds,,Nice and Easy Thoroughbreds,FL,3,X-Men Racing,30000,,,10.0," 1/8",06/14/2025,1,53,
785,O,2023,,GR/RO,F,02/01/2023,Liam's Map,Special You,683,Medaglia d'Oro,,"Niall Brennan Stables, Agent VIII",,Brennan Niall,KY,8,OUT,,,06/05/2025,,,,,,
786,I,2023,,B,F,05/02/2023,Code of Honor,Speedy Bird,684,Birdstone,,Really and Truly Thoroughbreds,,Really and Truly Thoroughbreds,KY,2,Karen Young,7000,,,10.2," 1/8",06/14/2025,1,15,
787,I,2023,Speightsy Rival,B,F,03/27/2023,War of Will,Speightsy Heart,685,Speightstown,,"Blas Perez Stables, Agent II",,"Perez Stables Blas ",KY,20,RNA,-42000,,,10.1," 1/8",06/14/2025,3,115,
788,I,2023,,GR/RO,F,03/30/2023,Vino Rosso,Spoken,686,Unbridled's Song,,"Blue Sapphire Stables, Agent I",,Blue Sapphire Stables,KY,15,Gelfenstein Farm,100000,,,20.4," 1/4",06/14/2025,2,65,
789,O,2023,,DB/BR,F,02/13/2023,Midnight Lute,Spring Carnival,687,Bernardini,,Wildheart Thoroughbreds LLC,,Wildheart Thoroughbreds LLC,KY,16,OUT,,,05/23/2025,,,,,,
790,I,2023,,DB/BR,F,04/18/2023,Caravaggio,Srikinglybeautiful,689,Smart Strike,,"Wavertree Stables, Inc. (Ciaran Dunne), Agent X",,"Wavertree Stables, Inc.",KY,5,Eric Foster,95000,,,10.0," 1/8",06/14/2025,2,104,
791,I,2023,,DB/BR,F,05/08/2023,Mo Town,Stake N Eggz,690,Bird Song,,Fabian Sales LLC,,Fabian Sales,FL,13,C.H.P.R.,10000,,,10.2," 1/8",06/14/2025,1,36,
792,I,2023,,DB/BR,C,05/11/2023,Custom for Carlos,Starfish Point,691,Power Broker,,"F. Alanis Stables, Agent II",,Alanis Francisco,LA,14,Maggi Moss,37000,,,10.1," 1/8",06/14/2025,3,133,
793,O,2023,Saturday,CH,C,03/22/2023,Ghostzapper,Starlight Tiara,692,More Than Ready,,"Paul Sharp, Agent for a DJ Stable Graduate",,Sharp Paul M.,KY,8,OUT,,,06/09/2025,,,,,,
794,I,2023,,GR/RO,C,03/15/2023,Tapwrit,Starship Kitten,694,Kitten's Joy,,"Journeyman Bloodstock Services, Inc.","(Brent & Crystal Fernung), Agent I",Journeyman Bloodstock,FL,2,D & M,25000,,,10.2," 1/8",06/14/2025,1,43,
795,O,2023,,DB/BR,C,04/21/2023,Tapwrit,Starship Madonna,695,Currency Swap,,Champions of the Future,,Champions of the Future,FL,13,OUT,,,06/17/2025,,,,,,
796,I,2023,,B,C,03/24/2023,Instagrand,Starship Mission,696,Mission Impazible,,"Doble J Equine Sales, Agent I",,Doble J Equine Sales,KY,17,BROA (K.O.I.D.),35000,,,10.3," 1/8",06/14/2025,1,8,
797,I,2023,,GR/RO,F,01/27/2023,Tapwrit,Starship Tribbles,697,Macho Uno,,"Journeyman Bloodstock Services, Inc.","(Brent & Crystal Fernung), Agent I",Journeyman Bloodstock,FL,2,Joe Casey,20000,,,10.2," 1/8",06/14/2025,3,128,
798,I,2023,,CH,F,03/19/2023,Audible,Starship Unica,698,Exaggerator,,Five Star Equestrian Sales,,Five Star Equestrian Sales,FL,13,Francisco Pavonessa,11000,,,10.4," 1/8",06/14/2025,2,86,
799,I,2023,,B,C,03/15/2023,Awesome Slew,Start to Cheer,699,Effinex,,Champions of the Future,,Champions of the Future,FL,13,RNA,-16000,,,10.1," 1/8",06/14/2025,3,118,
800,I,2023,,DB/BR,C,02/14/2023,American Pharoah,Stellaris,701,Harlan's Holiday,,Scenic Sales,,Scenic Sales,KY,16,"DK Trucking & Manure Application, Inc",15000,,,10.2," 1/8",06/14/2025,1,25,
801,I,2023,,GR/RO,G,03/09/2023,Rock Your World,Sterling Beauty,702,Central Banker,,"Harris Training Center LLC, Agent II",,Harris Training Center LLC,NY,13,C.H.P.R.,14000,,,10.3," 1/8",06/14/2025,2,97,
802,O,2023,,CH,C,04/09/2023,Volatile,Stick to Your Guns,703,Awesome Again,,"Mayberry Farm, Agent I",,Mayberry Farm,KY,5,OUT,,,06/03/2025,,,,,,
803,O,2023,,B,C,03/08/2023,Street Sense,Stillchargingmaria,704,Pioneerof the Nile,,"Julie Davies LLC, Agent XVIII",,Davies Julie,KY,7,OUT,,,06/13/2025,,,,,,
804,I,2023,,DB/BR,F,04/17/2023,Independence Hall,Stirred,705,Shakin It Up,,"Julie Davies LLC, Agent X",,Davies Julie,KY,7,MyRacehorse and Croley Equine,290000,,,10.0," 1/8",06/14/2025,1,6,
805,I,2023,,DB/BR,F,01/15/2023,Knicks Go,Stone Town,706,Tapizar,,"Ocala Stud, Agent",,Ocala Stud,KY,4,Elizabeth Gallegos,35000,,,21.3," 1/4",06/14/2025,3,111,
806,I,2023,,CH,C,03/23/2023,Cupid,Storied Lady,707,Read the Footnotes,,"Wildheart Thoroughbreds LLC, Agent III",,Wildheart Thoroughbreds LLC,NY,16,RNA,-42000,,,10.3," 1/8",06/14/2025,3,143,
807,I,2023,,B,F,03/30/2023,War of Will,Stradivarius,708,Street Cry (IRE),,Wildheart Thoroughbreds LLC,,Wildheart Thoroughbreds LLC,KY,16,"Julio Rada, Agent",20000,,,10.4," 1/8",06/14/2025,2,87,
808,I,2023,,CH,C,04/02/2023,Curlin's Honor,Stratosphera,709,Get Stormy,,"Little Farm Equine LLC, Agent II",,Little Farm Equine LLC,FL,20,Volar Corporation,12000,,,10.4," 1/8",06/14/2025,3,113,
809,O,2023,,DB/BR,C,02/16/2023,Candy Ride (ARG),Strawberry Sense,710,A.P. Indy,,"S B M Training and Sales, Agent I",,S B M Training and Sales,KY,2,OUT,,,06/13/2025,,,,,,
810,I,2023,,DB/BR,C,03/22/2023,Yorkton,Street Joy,711,Kitten's Joy,,"Two Cousins Training and Sales, Agent III",,Two Cousins Training and Sales,KY,8,Matt Vandenberg,7000,,,10.2," 1/8",06/14/2025,2,56,
811,I,2023,,DB/BR,F,03/29/2023,Modernist,Sudden Brilliance,714,Blame,,Potrero Stables,,Potrero Stables,KY,20,Robert Aldeta,20000,,,10.2," 1/8",06/14/2025,2,103,
812,I,2023,,DB/BR,C,02/25/2023,Tom's d'Etat,Summer's Indy,715,Take Charge Indy,,"J. J. Thoroughbreds, Agent I",,J. J. Thoroughbreds,KY,9,Gabrily LLC,40000,,,10.0," 1/8",06/14/2025,2,105,
813,O,2023,,DB/BR,C,04/26/2023,Mendelssohn,Sunnyridge Bride,716,Saint Anddan,,"Thorostock LLC, Agent I",,Thorostock LLC,KY,12,OUT,,,06/13/2025,,,,,,
814,I,2023,Sunny and Bright,CH,F,02/18/2023,Awesome Slew,Sunshine Smiles,718,Kantharos,,"Santa Fe Thoroughbreds, Agent",,Santa Fe Thoroughbreds,FL,4,Francisco Pavonessa,9500,,,10.1," 1/8",06/14/2025,1,49,
815,O,2023,,GR/RO,F,03/15/2023,Gormley,Super Holiday,719,Super Saver,,"Tom McCrocklin, Agent II",,McCrocklin Tom,FL,18,OUT,,,06/05/2025,,,,,,
816,O,2023,The Other One,B,F,03/22/2023,Rushie,Superior Sarah,720,Werblin,,"White Lilac (Katie Miranda), Agent VIII",,White Lilac (Katie Miranda),FL,17,OUT,,,05/31/2025,,,,,,
817,O,2023,,CH,C,02/07/2023,Munnings,Superlative,721,Curlin,,"Randy Miles, Agent VII",,Miles Randy,KY,19,OUT,,,06/13/2025,,,,,,
818,I,2023,,DB/BR,F,01/22/2023,Tunwoo,Super Madam,722,Chitu,,"S B M Training and Sales, Agent",,S B M Training and Sales,FL,2,RNA,-22000,,,10.2," 1/8",06/14/2025,1,9,
819,I,2023,,CH,C,01/17/2023,Tacitus,Super Stone,723,Bustin Stones,,Jose Munoz,,Munoz Jose L.,NY,12,Jonathon Marsico,20000,,,10.1," 1/8",06/14/2025,3,135,
820,I,2023,Inspector Twelve,B,C,04/15/2023,Gunnevera,Super Trooper,724,Posse,,Nice and Easy Thoroughbreds,,Nice and Easy Thoroughbreds,FL,3,Nectalier Gonzalez,35000,,,10.0," 1/8",06/14/2025,3,108,
821,I,2023,,CH,C,05/10/2023,Good Samaritan,Suzie's Dream,725,Tiz the One,,"Omar Ramirez Bloodstock, Agent VIII",,Ramirez Omar,LA,14,Dr. Michael H. Rotstein and OLOF,50000,,,10.0," 1/8",06/14/2025,1,33,
822,I,2023,,GR/RO,C,01/30/2023,Gift Box,Swakopmund,726,Any Given Saturday,,"AVP Training and Sales, Agent",,AVP Training and Sales,KY,15,"DK Trucking & Manure Application, Inc",13000,,,10.1," 1/8",06/14/2025,2,72,
823,O,2023,,GR/RO,F,04/15/2023,Known Agenda,Sweat and Saddle,727,Speightstown,,"S G V Thoroughbreds LLC (Steven Venosa), Agent",,S G V Thoroughbreds,KY,10,OUT,,,05/02/2025,,,,,,
824,I,2023,,B,F,04/20/2023,Upstart,Sweet Ella,728,Scat Daddy,,"Flying Fish, Agent",,Flying Fish,KY,9,Nestor Rivera,9000,,,10.3," 1/8",06/14/2025,2,77,
825,O,2023,,CH,C,02/26/2023,Exaggerator,Sweeter Than Ever,729,Exchange Rate,,"Doble J Equine Sales, Agent II",,Doble J Equine Sales,LA,17,OUT,,,06/16/2025,,,,,,
826,I,2023,,B,C,03/25/2023,West Coast,Sweeter Than Wine,730,Noble Mission (GB),,"S G V Thoroughbreds LLC (Steven Venosa), Agent",,S G V Thoroughbreds,KY,10,Elizabeth Gallegos,42000,,,10.1," 1/8",06/14/2025,3,130,
827,I,2023,,DB/BR,F,04/16/2023,Rock Your World,Sweet Halory,731,Hold Me Back,,Goldencents Thoroughbreds,,Goldencents Thoroughbreds,KY,13,RNA,-14000,,,10.2," 1/8",06/14/2025,2,94,
828,I,2023,,B,C,04/20/2023,Yaupon,Sweet Meadow Mist,732,D' Funnybone,,"Scanlon Training & Sales, Agent II",,Scanlon Training Center,KY,10,"Mauk Equine, Agent for TEC Racing",120000,,,10.1," 1/8",06/14/2025,1,22,
829,I,2023,,B,C,03/20/2023,Beau Liam,Sweetnsour Kitty,733,Lemon Drop Kid,,"Omar Ramirez Bloodstock, Agent VI",,Ramirez Omar,KY,14,Bill Childs,250000,,,20.1," 1/4",06/14/2025,1,7,
830,I,2023,,CH,C,04/01/2023,Known Agenda,Sweet Potato,734,Pulpit,,"Woodside Ranch, Agent II",,Woodside Ranch,KY,6,"DK Trucking & Manure Application, Inc",13000,,,10.4," 1/8",06/14/2025,2,74,
831,I,2023,,DB/BR,F,04/05/2023,Leinster,Sweetsweetsweet,735,Concord Point,,"S G V Thoroughbreds LLC (Steven Venosa), Agent",,S G V Thoroughbreds,FL,10,"Vekoma Thoroughbreds LLC, Dan Preiss, Agent",220000,,,9.4," 1/8",06/14/2025,1,18,
832,O,2023,,B,F,05/01/2023,Modernist,Swift Sword,736,War Front,,"Mayberry Farm, Agent II",,Mayberry Farm,KY,5,OUT,,,06/03/2025,,,,,,
833,O,2023,,B,C,01/30/2023,Blame,Symptom,737,Runhappy,,"Navas Equine, Agent",,Navas Equine,KY,15,OUT,,,06/18/2025,,,,,,
834,I,2023,Imperial Bandit,DB/BR,C,03/06/2023,Imperial Hint,Just a Bandit,335,Time Bandit,,"Woodard Sales, Agent I",,Woodard Sales,LA,11,"Gerald A. Bruno, Carl Delville, Agent",16000,,,21.4," 1/4",06/14/2025,1,21,
835,I,2023,,B,F,02/21/2023,Modernist,Karma Strikes,340,Smart Strike,,"Navas Equine, Agent VII",,Navas Equine,KY,15,RNA,-85000,,,10.0," 1/8",06/14/2025,1,1,
836,I,2023,,DB/BR,F,05/11/2023,Win Win Win,Kimberly Light,346,High Cotton,,"Doble J Equine Sales, Agent II",,Doble J Equine Sales,FL,17,RNA,-7500,,,10.3," 1/8",06/14/2025,1,50,
837,I,2023,,B,C,03/24/2023,Seeking the Soul,Lady Shakespeare,357,Theatrical (IRE),,"Navas Equine, Agent XIV",,Navas Equine,KY,15,MEG Racing LLC,35000,,,G,G,06/14/2025,3,132,
838,I,2023,,CH,C,05/17/2023,Mitole,Laur Net,367,Strong Hope,,"Ordonez Thoroughbreds, Agent",,Ordonez Thoroughbreds,NY,11,Robert S. Vukelic,52000,,,10.0," 1/8",06/14/2025,1,47,
839,O,2023,,B,F,02/11/2023,Quality Road,Love Beach,397,Bernardini,,"Niall Brennan Stables, Agent XIII",,Brennan Niall,KY,8,OUT,,,06/18/2025,,,,,,
840,I,2023,Chester Good,B,C,04/16/2023,Rogueish,Lucre,405,Field Commission,,"Really and Truly Thoroughbreds, Agent IV",,Really and Truly Thoroughbreds,FL,2,Darrell Thompson,7000,,,10.3," 1/8",06/14/2025,3,138,
841,O,2023,,U,U,01/01/2023,zz blank page 5,zz blank page 5,856,,,Blank Pages,,Ocala Breeders' Sales Co.,,,OUT,,,06/02/2025,,,,,,
842,I,2023,,DB/BR,C,05/29/2023,Modernist,Mahdia,418,Astrology,,"Blas Perez Stables, Agent IX",,"Perez Stables Blas ",NY,20,Majestic Agent,9000,Y,,10.4," 1/8",06/14/2025,3,137,
843,I,2023,,DB/BR,F,04/21/2023,Independence Hall,Makealitlemischief,421,Into Mischief,,"Little Farm Equine LLC, Agent IV",,Little Farm Equine LLC,KY,20,Steve Ballou,90000,,,10.0," 1/8",06/14/2025,1,48,
844,I,2023,Nilambar,GR/RO,C,04/04/2023,Combatant,Matinee Express,432,Zensational,,"James Layden, Agent II",,"Layden James R. ",NY,8,RNA,-35000,,,10.3," 1/8",06/14/2025,3,117,
845,I,2023,,CH,F,04/27/2023,Not This Time,Meadow Mystique,433,Ghostzapper,,"de Meric Sales, Agent IX",,de Meric Sales,KY,12,"Barry Berkelhammer, Agent",55000,,,10.3," 1/8",06/14/2025,3,131,
846,I,2023,,B,C,06/02/2023,Beau Liam,Meadow Saffron,434,Military,,"L. G., Agent I",,"L. G., Agent",KY,9,"Jeremiah O'Dwyer, Agent",30000,,,10.0," 1/8",06/14/2025,1,39,
847,I,2023,,DB/BR,C,02/18/2023,Yaupon,Memory Moment,438,Temple City,,"Kings Equine, Agent IV",,Kings Equine,KY,1,RNA,-65000,,,G,G,06/14/2025,2,98,
848,I,2023,,DB/BR,F,03/04/2023,Stay Thirsty,Mighty Ghostly,442,Ghostzapper,,"Doble J Equine Sales, Agent II",,Doble J Equine Sales,CA,17,C.H.P.R.,10000,,,10.2," 1/8",06/14/2025,3,142,
849,O,2023,Stellar Knickie,GR/RO,F,02/08/2023,Knicks Go,Money Inthe Starrs,463,Abraaj,,"Woodard Sales, Agent II",,Woodard Sales,KY,11,OUT,,,06/15/2025,,,,,,
850,I,2023,,CH,F,04/11/2023,Curlin,Mufajaah,479,Tapit,,"Caliente Thoroughbreds, Agent I",,Caliente Thoroughbreds,KY,11,Gus King,975000,,,10.0," 1/8",06/14/2025,2,69,
851,I,2023,,DB/BR,F,02/25/2023,Midshipman,Nevergoinbackagain,497,Exaggerator,,"Ordonez Thoroughbreds, Agent I",,Ordonez Thoroughbreds,FL,11,RNA,-27000,,,10.2," 1/8",06/14/2025,3,107,
852,O,2023,Mauna Loa,CH,F,05/23/2023,Nyquist,Pacific Heat,514,Unusual Heat,,"Top Line Sales LLC, Agent XXI",,Top Line Sales,KY,1,OUT,,,06/12/2025,,,,,,
853,I,2023,,B,C,03/26/2023,Beau Liam,Practical Cat,544,Bernardini,,"Hoppel LLC, Agent VII",,"Hoppel LLC, Agent",KY,7,Pedro Maestre,14000,,,21.0," 1/4",06/14/2025,1,27,
854,O,2023,,DB/BR,C,04/17/2023,Tiz the Law,Princess Bertrando,549,Bertrando,,"Navas Equine, Agent",,Navas Equine,KY,15,OUT,,,06/13/2025,,,,,,
855,I,2023,,GR/RO,C,04/19/2023,Leofric,Proof Inthe Puddin,554,Elusive Bluff,,"Triple C Sales, Agent III",,Triple C Sales,KY,16,RNA,-13000,,,10.1," 1/8",06/14/2025,1,26,
856,I,2023,,B,C,05/06/2023,Known Agenda,Prospective Diva,555,Prospective,,"Camelot Acres Racing and Sales, Agent I",,Camelot Acres,KY,11,Lean Entertainment LLC,60000,,,10.0," 1/8",06/14/2025,1,23,
857,I,2023,,GR/RO,F,05/05/2023,Gun Runner,Restless Rider,579,Distorted Humor,,"Randy Miles, Agent XI",,Miles Randy,KY,19,MyRacehorse,525000,,,10.0," 1/8",06/14/2025,1,13,
858,I,2023,,CH,C,04/04/2023,Charlatan,R Girls a Charmer,583,In Summation,,"Wavertree Stables, Inc. (Ciaran Dunne), Agent III",,"Wavertree Stables, Inc.",KY,5,Marc Tacher,90000,,,21.1," 1/4",06/14/2025,1,12,
859,I,2023,,B,F,03/25/2023,Maxfield,Roadrunner's Honor,588,Honor Code,,"Omar Ramirez Bloodstock, Agent VIII",,Ramirez Omar,KY,14,Sean S. Perl Bloodstock LLC,43000,,,10.2," 1/8",06/14/2025,2,60,
860,I,2023,,B,F,03/15/2023,Core Beliefs,Saddlemenot,605,Run Away and Hide,,Thorostock LLC,,Thorostock LLC,KY,12,Joseph C. Miller,50000,Y,,10.0," 1/8",06/14/2025,1,17,
861,O,2023,,B,C,05/09/2023,Medaglia d'Oro,Sales Call,607,Bellamy Road,,"James Layden, Agent",,"Layden James R. ",KY,8,OUT,,,06/18/2025,,,,,,
862,O,2023,Quisqueya,B,F,05/15/2023,Maximus Mischief,Sassy Chub,616,Hey Chub,,"S B M Training and Sales, Agent",,S B M Training and Sales,KY,2,OUT,,,06/13/2025,,,,,,
863,O,2023,,B,C,02/27/2023,Yaupon,Sav,619,Big Screen,,"L. G., Agent",,"L. G., Agent",KY,9,OUT,,,06/11/2025,,,,,,
864,I,2023,,B,F,04/16/2023,Independence Hall,Shenton Park,640,Speightstown,,"Top Line Sales LLC, Agent XXII",,Top Line Sales,KY,1,Carlo Vaccarezza,85000,,,10.0," 1/8",06/14/2025,1,2,
865,I,2023,,DB/BR,F,02/16/2023,Uncle Chuck,Sightseeing Sis,652,Orb,,Two Brother's Equine,,Two Brother's Equine,NY,5,"Justin Jeansonne, Agent",25000,,,10.1," 1/8",06/14/2025,2,64,
866,O,2023,,DB/BR,F,04/16/2023,Caracaro,Silvia Is Golden,656,Goldencents,,"Julie Davies LLC, Agent XX",,Davies Julie,KY,7,OUT,,,06/15/2025,,,,,,
867,I,2023,,CH,C,02/28/2023,Violence,Snicker Belle,668,Distorted Humor,,"Top Line Sales LLC, Agent XI",,Top Line Sales,NY,1,Gelfenstein Farm,50000,,,10.0," 1/8",06/14/2025,2,55,
868,I,2023,Mo Town Soul,B,F,02/20/2023,Mo Town,Soul Taker,676,Will Take Charge,,"Really and Truly Thoroughbreds, Agent IV",,Really and Truly Thoroughbreds,FL,2,RNA,-14000,,,10.3," 1/8",06/14/2025,2,90,
869,I,2023,,B,F,03/22/2023,Vekoma,Starluna,693,Into Mischief,,"Grade One Investments LLC, Agent V",,Grade One Investments LLC,KY,14,"Oracle Bloodstock, Agent",125000,,,10.0," 1/8",06/14/2025,1,32,
870,I,2023,,DB/BR,C,05/14/2023,Rock Your World,Stella Moon,700,Malibu Moon,,"Julie Davies LLC, Agent XIX",,Davies Julie,KY,7,Charles Gerber & Kaela Combs,25000,,,10.2," 1/8",06/14/2025,3,136,
871,I,2023,,B,C,04/29/2023,Charlatan,Streetwithnoname,712,Street Sense,,"Julie Davies LLC, Agent XIX",,Davies Julie,KY,7,"North Hills Co., Ltd.",180000,,,10.0," 1/8",06/14/2025,1,42,
872,I,2023,,B,F,04/16/2023,Fog of War,Strike Twice,713,More Than Ready,,"Triple C Sales, Agent II",,Triple C Sales,NY,16,"Joseph Brocklebank, Agent",11000,,,10.4," 1/8",06/14/2025,3,134,
873,I,2023,,B,C,02/24/2023,Medaglia d'Oro,Sunset Glow,717,Exchange Rate,,"Gene Recio, Agent III",,Recio Gene,KY,7,Clarence Reyes,10000,,,G,G,06/14/2025,1,44,
901,O,2022,Hampton's Affair,CH,F,03/12/2022,Authentic,Miss Patricia,454,Indian Charlie,,"White Lilac (Katie Miranda), Agent for a Defaulted Account",,White Lilac (Katie Miranda),KY,17,OUT,,,05/29/2025,,,,,,
902,O,2022,Saras Shining Star,B,F,04/06/2022,Astrology,Sara Smile Awhile,614,Itsmyluckyday,,"Silvestre Chavez Thoroughbreds, Agent XII",,"Chavez Thoroughbreds Silvestre ",IN,17,OUT,,,06/13/2025,,,,,,
903,O,2022,,GR/RO,C,03/16/2022,Volatile,Spring Dragon,688,Lightnin N Thunder,,"AVP Training and Sales, Agent",,AVP Training and Sales,KY,15,OUT,,,05/28/2025,,,,,,